Event,Lap,Driver,GapToLeader_Secs
Bahrain Grand Prix,1.0,VER,0.0
Bahrain Grand Prix,1.0,PER,2.769
Bahrain Grand Prix,1.0,SAI,3.336
Bahrain Grand Prix,1.0,LEC,0.987
Bahrain Grand Prix,1.0,RUS,1.944
Bahrain Grand Prix,1.0,NOR,4.884
Bahrain Grand Prix,1.0,HAM,5.838
Bahrain Grand Prix,1.0,PIA,5.239
Bahrain Grand Prix,1.0,ALO,4.395
Bahrain Grand Prix,1.0,STR,12.93
Bahrain Grand Prix,1.0,ZHO,7.517
Bahrain Grand Prix,1.0,MAG,7.065
Bahrain Grand Prix,1.0,RIC,8.384
Bahrain Grand Prix,1.0,TSU,6.201
Bahrain Grand Prix,1.0,ALB,6.604
Bahrain Grand Prix,1.0,HUL,16.271
Bahrain Grand Prix,1.0,OCO,9.373
Bahrain Grand Prix,1.0,GAS,9.956
Bahrain Grand Prix,1.0,BOT,11.252
Bahrain Grand Prix,1.0,SAR,8.637
Bahrain Grand Prix,2.0,VER,0.0
Bahrain Grand Prix,2.0,PER,3.014
Bahrain Grand Prix,2.0,SAI,4.276
Bahrain Grand Prix,2.0,LEC,1.553
Bahrain Grand Prix,2.0,RUS,2.283
Bahrain Grand Prix,2.0,NOR,6.598
Bahrain Grand Prix,2.0,HAM,7.8149999999999995
Bahrain Grand Prix,2.0,PIA,7.325
Bahrain Grand Prix,2.0,ALO,6.119
Bahrain Grand Prix,2.0,STR,14.621
Bahrain Grand Prix,2.0,ZHO,10.141
Bahrain Grand Prix,2.0,MAG,9.68
Bahrain Grand Prix,2.0,RIC,11.597
Bahrain Grand Prix,2.0,TSU,8.594
Bahrain Grand Prix,2.0,ALB,9.134
Bahrain Grand Prix,2.0,HUL,50.886
Bahrain Grand Prix,2.0,OCO,12.171
Bahrain Grand Prix,2.0,GAS,12.719
Bahrain Grand Prix,2.0,BOT,13.215
Bahrain Grand Prix,2.0,SAR,10.822
Bahrain Grand Prix,3.0,VER,0.0
Bahrain Grand Prix,3.0,PER,3.558
Bahrain Grand Prix,3.0,SAI,4.603
Bahrain Grand Prix,3.0,LEC,2.862
Bahrain Grand Prix,3.0,RUS,1.936
Bahrain Grand Prix,3.0,NOR,7.632
Bahrain Grand Prix,3.0,HAM,9.365
Bahrain Grand Prix,3.0,PIA,8.83
Bahrain Grand Prix,3.0,ALO,8.412
Bahrain Grand Prix,3.0,STR,16.147
Bahrain Grand Prix,3.0,ZHO,11.97
Bahrain Grand Prix,3.0,MAG,11.326
Bahrain Grand Prix,3.0,RIC,13.604
Bahrain Grand Prix,3.0,TSU,10.272
Bahrain Grand Prix,3.0,ALB,10.888
Bahrain Grand Prix,3.0,HUL,51.45
Bahrain Grand Prix,3.0,OCO,14.189
Bahrain Grand Prix,3.0,GAS,14.71
Bahrain Grand Prix,3.0,BOT,15.299
Bahrain Grand Prix,3.0,SAR,12.776
Bahrain Grand Prix,4.0,VER,0.0
Bahrain Grand Prix,4.0,PER,4.633
Bahrain Grand Prix,4.0,SAI,5.22
Bahrain Grand Prix,4.0,LEC,3.967
Bahrain Grand Prix,4.0,RUS,3.027
Bahrain Grand Prix,4.0,NOR,8.435
Bahrain Grand Prix,4.0,HAM,11.005
Bahrain Grand Prix,4.0,PIA,10.08
Bahrain Grand Prix,4.0,ALO,9.541
Bahrain Grand Prix,4.0,STR,17.864
Bahrain Grand Prix,4.0,ZHO,13.751
Bahrain Grand Prix,4.0,MAG,13.176
Bahrain Grand Prix,4.0,RIC,15.567
Bahrain Grand Prix,4.0,TSU,11.935
Bahrain Grand Prix,4.0,ALB,12.663
Bahrain Grand Prix,4.0,HUL,52.152
Bahrain Grand Prix,4.0,OCO,16.167
Bahrain Grand Prix,4.0,GAS,16.566
Bahrain Grand Prix,4.0,BOT,17.295
Bahrain Grand Prix,4.0,SAR,14.519
Bahrain Grand Prix,5.0,VER,0.0
Bahrain Grand Prix,5.0,PER,5.504
Bahrain Grand Prix,5.0,SAI,6.079
Bahrain Grand Prix,5.0,LEC,4.925
Bahrain Grand Prix,5.0,RUS,3.9699999999999998
Bahrain Grand Prix,5.0,NOR,9.056
Bahrain Grand Prix,5.0,HAM,12.182
Bahrain Grand Prix,5.0,PIA,10.766
Bahrain Grand Prix,5.0,ALO,11.66
Bahrain Grand Prix,5.0,STR,19.416
Bahrain Grand Prix,5.0,ZHO,15.376
Bahrain Grand Prix,5.0,MAG,14.579
Bahrain Grand Prix,5.0,RIC,17.098
Bahrain Grand Prix,5.0,TSU,13.083
Bahrain Grand Prix,5.0,ALB,13.999
Bahrain Grand Prix,5.0,HUL,52.642
Bahrain Grand Prix,5.0,OCO,17.634
Bahrain Grand Prix,5.0,GAS,18.057
Bahrain Grand Prix,5.0,BOT,20.209
Bahrain Grand Prix,5.0,SAR,16.103
Bahrain Grand Prix,6.0,VER,0.0
Bahrain Grand Prix,6.0,PER,6.235
Bahrain Grand Prix,6.0,SAI,6.728
Bahrain Grand Prix,6.0,LEC,5.615
Bahrain Grand Prix,6.0,RUS,4.662
Bahrain Grand Prix,6.0,NOR,9.86
Bahrain Grand Prix,6.0,HAM,13.273
Bahrain Grand Prix,6.0,PIA,11.629
Bahrain Grand Prix,6.0,ALO,12.621
Bahrain Grand Prix,6.0,STR,21.249
Bahrain Grand Prix,6.0,ZHO,16.772
Bahrain Grand Prix,6.0,MAG,16.016
Bahrain Grand Prix,6.0,RIC,18.695
Bahrain Grand Prix,6.0,TSU,14.352
Bahrain Grand Prix,6.0,ALB,15.482
Bahrain Grand Prix,6.0,HUL,53.446
Bahrain Grand Prix,6.0,OCO,19.416
Bahrain Grand Prix,6.0,GAS,20.064
Bahrain Grand Prix,6.0,BOT,22.323
Bahrain Grand Prix,6.0,SAR,17.593
Bahrain Grand Prix,7.0,VER,0.0
Bahrain Grand Prix,7.0,PER,7.018
Bahrain Grand Prix,7.0,SAI,7.95
Bahrain Grand Prix,7.0,LEC,7.534
Bahrain Grand Prix,7.0,RUS,5.7059999999999995
Bahrain Grand Prix,7.0,NOR,10.682
Bahrain Grand Prix,7.0,HAM,14.074
Bahrain Grand Prix,7.0,PIA,12.575
Bahrain Grand Prix,7.0,ALO,13.591
Bahrain Grand Prix,7.0,STR,22.98
Bahrain Grand Prix,7.0,ZHO,19.251
Bahrain Grand Prix,7.0,MAG,19.036
Bahrain Grand Prix,7.0,RIC,20.85
Bahrain Grand Prix,7.0,TSU,15.678
Bahrain Grand Prix,7.0,ALB,17.415
Bahrain Grand Prix,7.0,HUL,54.09
Bahrain Grand Prix,7.0,OCO,21.53
Bahrain Grand Prix,7.0,GAS,22.104
Bahrain Grand Prix,7.0,BOT,23.939
Bahrain Grand Prix,7.0,SAR,20.019
Bahrain Grand Prix,8.0,VER,0.0
Bahrain Grand Prix,8.0,PER,7.832
Bahrain Grand Prix,8.0,SAI,9.109
Bahrain Grand Prix,8.0,LEC,8.646
Bahrain Grand Prix,8.0,RUS,6.5440000000000005
Bahrain Grand Prix,8.0,NOR,11.792
Bahrain Grand Prix,8.0,HAM,15.271
Bahrain Grand Prix,8.0,PIA,13.507
Bahrain Grand Prix,8.0,ALO,14.67
Bahrain Grand Prix,8.0,STR,24.813
Bahrain Grand Prix,8.0,ZHO,21.873
Bahrain Grand Prix,8.0,MAG,21.184
Bahrain Grand Prix,8.0,RIC,23.355
Bahrain Grand Prix,8.0,TSU,17.167
Bahrain Grand Prix,8.0,ALB,19.051
Bahrain Grand Prix,8.0,HUL,54.886
Bahrain Grand Prix,8.0,OCO,23.928
Bahrain Grand Prix,8.0,GAS,24.367
Bahrain Grand Prix,8.0,BOT,25.883
Bahrain Grand Prix,8.0,SAR,22.575
Bahrain Grand Prix,9.0,VER,0.0
Bahrain Grand Prix,9.0,PER,8.199
Bahrain Grand Prix,9.0,SAI,9.91
Bahrain Grand Prix,9.0,LEC,9.261
Bahrain Grand Prix,9.0,RUS,7.045
Bahrain Grand Prix,9.0,NOR,12.627
Bahrain Grand Prix,9.0,HAM,16.687
Bahrain Grand Prix,9.0,PIA,14.374
Bahrain Grand Prix,9.0,ALO,16.337
Bahrain Grand Prix,9.0,STR,29.696
Bahrain Grand Prix,9.0,ZHO,26.493
Bahrain Grand Prix,9.0,MAG,22.816
Bahrain Grand Prix,9.0,RIC,25.464
Bahrain Grand Prix,9.0,TSU,18.492
Bahrain Grand Prix,9.0,ALB,20.474
Bahrain Grand Prix,9.0,HUL,55.54
Bahrain Grand Prix,9.0,OCO,26.011
Bahrain Grand Prix,9.0,GAS,26.59
Bahrain Grand Prix,9.0,BOT,28.079
Bahrain Grand Prix,9.0,SAR,24.712
Bahrain Grand Prix,10.0,VER,0.0
Bahrain Grand Prix,10.0,PER,8.869
Bahrain Grand Prix,10.0,SAI,10.558
Bahrain Grand Prix,10.0,LEC,10.185
Bahrain Grand Prix,10.0,RUS,7.867
Bahrain Grand Prix,10.0,NOR,13.603
Bahrain Grand Prix,10.0,HAM,17.764
Bahrain Grand Prix,10.0,PIA,15.487
Bahrain Grand Prix,10.0,ALO,18.701999999999998
Bahrain Grand Prix,10.0,STR,50.551
Bahrain Grand Prix,10.0,ZHO,48.861
Bahrain Grand Prix,10.0,MAG,24.603
Bahrain Grand Prix,10.0,RIC,27.286
Bahrain Grand Prix,10.0,TSU,20.444
Bahrain Grand Prix,10.0,ALB,22.466
Bahrain Grand Prix,10.0,HUL,56.95
Bahrain Grand Prix,10.0,OCO,30.693
Bahrain Grand Prix,10.0,GAS,28.559
Bahrain Grand Prix,10.0,BOT,30.231
Bahrain Grand Prix,10.0,SAR,89.603
Bahrain Grand Prix,11.0,VER,0.0
Bahrain Grand Prix,11.0,PER,9.62
Bahrain Grand Prix,11.0,SAI,11.129
Bahrain Grand Prix,11.0,LEC,14.837
Bahrain Grand Prix,11.0,RUS,11.297
Bahrain Grand Prix,11.0,NOR,14.69
Bahrain Grand Prix,11.0,HAM,18.915
Bahrain Grand Prix,11.0,PIA,16.799
Bahrain Grand Prix,11.0,ALO,20.171
Bahrain Grand Prix,11.0,STR,49.96
Bahrain Grand Prix,11.0,ZHO,48.141
Bahrain Grand Prix,11.0,MAG,28.606
Bahrain Grand Prix,11.0,RIC,29.234
Bahrain Grand Prix,11.0,TSU,22.158
Bahrain Grand Prix,11.0,ALB,24.216
Bahrain Grand Prix,11.0,HUL,57.503
Bahrain Grand Prix,11.0,OCO,52.622
Bahrain Grand Prix,11.0,GAS,30.13
Bahrain Grand Prix,11.0,BOT,32.333
Bahrain Grand Prix,11.0,SAR,124.956
Bahrain Grand Prix,12.0,VER,0.0
Bahrain Grand Prix,12.0,PER,12.852
Bahrain Grand Prix,12.0,SAI,11.734
Bahrain Grand Prix,12.0,LEC,35.263
Bahrain Grand Prix,12.0,RUS,32.712
Bahrain Grand Prix,12.0,NOR,15.727
Bahrain Grand Prix,12.0,HAM,22.759
Bahrain Grand Prix,12.0,PIA,20.493
Bahrain Grand Prix,12.0,ALO,21.669
Bahrain Grand Prix,12.0,STR,50.09
Bahrain Grand Prix,12.0,ZHO,48.091
Bahrain Grand Prix,12.0,MAG,51.243
Bahrain Grand Prix,12.0,RIC,31.082
Bahrain Grand Prix,12.0,TSU,23.882
Bahrain Grand Prix,12.0,ALB,26.105
Bahrain Grand Prix,12.0,HUL,58.164
Bahrain Grand Prix,12.0,OCO,53.176
Bahrain Grand Prix,12.0,GAS,34.541
Bahrain Grand Prix,12.0,BOT,38.433
Bahrain Grand Prix,12.0,SAR,126.404
Bahrain Grand Prix,13.0,VER,0.0
Bahrain Grand Prix,13.0,PER,33.446
Bahrain Grand Prix,13.0,SAI,11.947
Bahrain Grand Prix,13.0,LEC,34.665
Bahrain Grand Prix,13.0,RUS,32.849
Bahrain Grand Prix,13.0,NOR,19.332
Bahrain Grand Prix,13.0,HAM,44.374
Bahrain Grand Prix,13.0,PIA,42.152
Bahrain Grand Prix,13.0,ALO,23.226
Bahrain Grand Prix,13.0,STR,50.349
Bahrain Grand Prix,13.0,ZHO,48.497
Bahrain Grand Prix,13.0,MAG,51.103
Bahrain Grand Prix,13.0,RIC,36.225
Bahrain Grand Prix,13.0,TSU,25.712
Bahrain Grand Prix,13.0,ALB,27.898
Bahrain Grand Prix,13.0,HUL,58.935
Bahrain Grand Prix,13.0,OCO,53.509
Bahrain Grand Prix,13.0,GAS,62.076
Bahrain Grand Prix,13.0,BOT,62.484
Bahrain Grand Prix,13.0,SAR,130.363
Bahrain Grand Prix,14.0,VER,0.0
Bahrain Grand Prix,14.0,PER,32.024
Bahrain Grand Prix,14.0,SAI,14.672
Bahrain Grand Prix,14.0,LEC,34.393
Bahrain Grand Prix,14.0,RUS,33.392
Bahrain Grand Prix,14.0,NOR,40.074
Bahrain Grand Prix,14.0,HAM,44.524
Bahrain Grand Prix,14.0,PIA,41.92
Bahrain Grand Prix,14.0,ALO,24.81
Bahrain Grand Prix,14.0,STR,50.945
Bahrain Grand Prix,14.0,ZHO,48.951
Bahrain Grand Prix,14.0,MAG,51.665
Bahrain Grand Prix,14.0,RIC,58.605
Bahrain Grand Prix,14.0,TSU,29.822
Bahrain Grand Prix,14.0,ALB,29.847
Bahrain Grand Prix,14.0,HUL,59.786
Bahrain Grand Prix,14.0,OCO,54.018
Bahrain Grand Prix,14.0,GAS,62.737
Bahrain Grand Prix,14.0,BOT,61.91
Bahrain Grand Prix,14.0,SAR,134.805
Bahrain Grand Prix,15.0,VER,0.0
Bahrain Grand Prix,15.0,PER,31.828
Bahrain Grand Prix,15.0,SAI,34.886
Bahrain Grand Prix,15.0,LEC,34.195
Bahrain Grand Prix,15.0,RUS,33.303
Bahrain Grand Prix,15.0,NOR,39.975
Bahrain Grand Prix,15.0,HAM,44.777
Bahrain Grand Prix,15.0,PIA,41.732
Bahrain Grand Prix,15.0,ALO,28.9
Bahrain Grand Prix,15.0,STR,51.467
Bahrain Grand Prix,15.0,ZHO,49.44
Bahrain Grand Prix,15.0,MAG,52.986
Bahrain Grand Prix,15.0,RIC,58.664
Bahrain Grand Prix,15.0,TSU,52.399
Bahrain Grand Prix,15.0,ALB,34.007
Bahrain Grand Prix,15.0,HUL,60.885
Bahrain Grand Prix,15.0,OCO,54.85
Bahrain Grand Prix,15.0,GAS,63.218
Bahrain Grand Prix,15.0,BOT,62.186
Bahrain Grand Prix,15.0,SAR,135.388
Bahrain Grand Prix,16.0,VER,0.0
Bahrain Grand Prix,16.0,PER,30.443
Bahrain Grand Prix,16.0,SAI,34.094
Bahrain Grand Prix,16.0,LEC,33.7
Bahrain Grand Prix,16.0,RUS,32.818
Bahrain Grand Prix,16.0,NOR,39.372
Bahrain Grand Prix,16.0,HAM,44.7
Bahrain Grand Prix,16.0,PIA,40.991
Bahrain Grand Prix,16.0,ALO,50.546
Bahrain Grand Prix,16.0,STR,52.326
Bahrain Grand Prix,16.0,ZHO,49.931
Bahrain Grand Prix,16.0,MAG,53.567
Bahrain Grand Prix,16.0,RIC,58.672
Bahrain Grand Prix,16.0,TSU,52.747
Bahrain Grand Prix,16.0,ALB,56.18
Bahrain Grand Prix,16.0,HUL,61.513
Bahrain Grand Prix,16.0,OCO,55.584
Bahrain Grand Prix,16.0,GAS,63.571
Bahrain Grand Prix,16.0,BOT,62.736
Bahrain Grand Prix,16.0,SAR,139.59
Bahrain Grand Prix,17.0,VER,0.0
Bahrain Grand Prix,17.0,PER,27.001
Bahrain Grand Prix,17.0,SAI,29.705
Bahrain Grand Prix,17.0,LEC,31.106
Bahrain Grand Prix,17.0,RUS,29.156
Bahrain Grand Prix,17.0,NOR,36.252
Bahrain Grand Prix,17.0,HAM,41.915
Bahrain Grand Prix,17.0,PIA,37.967
Bahrain Grand Prix,17.0,ALO,47.62
Bahrain Grand Prix,17.0,STR,51.207
Bahrain Grand Prix,17.0,ZHO,48.51
Bahrain Grand Prix,17.0,MAG,51.953
Bahrain Grand Prix,17.0,RIC,56.066
Bahrain Grand Prix,17.0,TSU,50.333
Bahrain Grand Prix,17.0,ALB,53.676
Bahrain Grand Prix,17.0,HUL,59.508
Bahrain Grand Prix,17.0,OCO,54.599
Bahrain Grand Prix,17.0,GAS,61.624
Bahrain Grand Prix,17.0,BOT,60.605
Bahrain Grand Prix,17.0,SAR,139.452
Bahrain Grand Prix,18.0,VER,0.0
Bahrain Grand Prix,18.0,PER,5.458
Bahrain Grand Prix,18.0,SAI,7.939
Bahrain Grand Prix,18.0,LEC,10.69
Bahrain Grand Prix,18.0,RUS,9.121
Bahrain Grand Prix,18.0,NOR,14.906
Bahrain Grand Prix,18.0,HAM,20.911
Bahrain Grand Prix,18.0,PIA,17.208
Bahrain Grand Prix,18.0,ALO,27.127
Bahrain Grand Prix,18.0,STR,30.77
Bahrain Grand Prix,18.0,ZHO,28.208
Bahrain Grand Prix,18.0,MAG,31.682
Bahrain Grand Prix,18.0,RIC,35.912
Bahrain Grand Prix,18.0,TSU,29.838
Bahrain Grand Prix,18.0,ALB,33.412
Bahrain Grand Prix,18.0,HUL,39.87
Bahrain Grand Prix,18.0,OCO,34.865
Bahrain Grand Prix,18.0,GAS,41.561
Bahrain Grand Prix,18.0,BOT,40.669
Bahrain Grand Prix,18.0,SAR,119.675
Bahrain Grand Prix,19.0,VER,0.0
Bahrain Grand Prix,19.0,PER,6.213
Bahrain Grand Prix,19.0,SAI,8.892
Bahrain Grand Prix,19.0,LEC,12.228
Bahrain Grand Prix,19.0,RUS,11.071
Bahrain Grand Prix,19.0,NOR,16.039
Bahrain Grand Prix,19.0,HAM,22.322
Bahrain Grand Prix,19.0,PIA,18.502
Bahrain Grand Prix,19.0,ALO,28.916
Bahrain Grand Prix,19.0,STR,33.041
Bahrain Grand Prix,19.0,ZHO,30.576999999999998
Bahrain Grand Prix,19.0,MAG,34.191
Bahrain Grand Prix,19.0,RIC,38.979
Bahrain Grand Prix,19.0,TSU,31.951
Bahrain Grand Prix,19.0,ALB,35.892
Bahrain Grand Prix,19.0,HUL,42.449
Bahrain Grand Prix,19.0,OCO,37.914
Bahrain Grand Prix,19.0,GAS,43.98
Bahrain Grand Prix,19.0,BOT,43.048
Bahrain Grand Prix,19.0,SAR,122.134
Bahrain Grand Prix,20.0,VER,0.0
Bahrain Grand Prix,20.0,PER,7.331
Bahrain Grand Prix,20.0,SAI,9.766
Bahrain Grand Prix,20.0,LEC,13.862
Bahrain Grand Prix,20.0,RUS,12.643
Bahrain Grand Prix,20.0,NOR,17.38
Bahrain Grand Prix,20.0,HAM,23.426
Bahrain Grand Prix,20.0,PIA,19.986
Bahrain Grand Prix,20.0,ALO,31.113
Bahrain Grand Prix,20.0,STR,35.74
Bahrain Grand Prix,20.0,ZHO,33.166
Bahrain Grand Prix,20.0,MAG,37.093
Bahrain Grand Prix,20.0,RIC,41.684
Bahrain Grand Prix,20.0,TSU,34.557
Bahrain Grand Prix,20.0,ALB,38.433
Bahrain Grand Prix,20.0,HUL,48.087
Bahrain Grand Prix,20.0,OCO,40.939
Bahrain Grand Prix,20.0,GAS,46.856
Bahrain Grand Prix,20.0,BOT,46.173
Bahrain Grand Prix,20.0,SAR,124.794
Bahrain Grand Prix,21.0,VER,0.0
Bahrain Grand Prix,21.0,PER,8.18
Bahrain Grand Prix,21.0,SAI,10.554
Bahrain Grand Prix,21.0,LEC,15.523
Bahrain Grand Prix,21.0,RUS,14.096
Bahrain Grand Prix,21.0,NOR,18.684
Bahrain Grand Prix,21.0,HAM,24.62
Bahrain Grand Prix,21.0,PIA,21.403
Bahrain Grand Prix,21.0,ALO,33.139
Bahrain Grand Prix,21.0,STR,38.446
Bahrain Grand Prix,21.0,ZHO,35.797
Bahrain Grand Prix,21.0,MAG,39.787
Bahrain Grand Prix,21.0,RIC,43.76
Bahrain Grand Prix,21.0,TSU,37.018
Bahrain Grand Prix,21.0,ALB,41.035
Bahrain Grand Prix,21.0,HUL,71.47
Bahrain Grand Prix,21.0,OCO,44.986
Bahrain Grand Prix,21.0,GAS,49.634
Bahrain Grand Prix,21.0,BOT,48.587
Bahrain Grand Prix,21.0,SAR,127.487
Bahrain Grand Prix,22.0,VER,0.0
Bahrain Grand Prix,22.0,PER,9.013
Bahrain Grand Prix,22.0,SAI,11.358
Bahrain Grand Prix,22.0,LEC,17.115
Bahrain Grand Prix,22.0,RUS,15.884
Bahrain Grand Prix,22.0,NOR,20.148
Bahrain Grand Prix,22.0,HAM,26.049
Bahrain Grand Prix,22.0,PIA,22.754
Bahrain Grand Prix,22.0,ALO,35.057
Bahrain Grand Prix,22.0,STR,41.417
Bahrain Grand Prix,22.0,ZHO,38.445
Bahrain Grand Prix,22.0,MAG,42.73
Bahrain Grand Prix,22.0,RIC,46.306
Bahrain Grand Prix,22.0,TSU,39.651
Bahrain Grand Prix,22.0,ALB,43.862
Bahrain Grand Prix,22.0,HUL,73.124
Bahrain Grand Prix,22.0,OCO,48.437
Bahrain Grand Prix,22.0,GAS,52.298
Bahrain Grand Prix,22.0,BOT,51.381
Bahrain Grand Prix,22.0,SAR,130.011
Bahrain Grand Prix,23.0,VER,0.0
Bahrain Grand Prix,23.0,PER,10.046
Bahrain Grand Prix,23.0,SAI,12.291
Bahrain Grand Prix,23.0,LEC,18.886
Bahrain Grand Prix,23.0,RUS,17.622
Bahrain Grand Prix,23.0,NOR,21.628
Bahrain Grand Prix,23.0,HAM,27.55
Bahrain Grand Prix,23.0,PIA,24.218
Bahrain Grand Prix,23.0,ALO,37.106
Bahrain Grand Prix,23.0,STR,44.027
Bahrain Grand Prix,23.0,ZHO,41.017
Bahrain Grand Prix,23.0,MAG,45.807
Bahrain Grand Prix,23.0,RIC,48.862
Bahrain Grand Prix,23.0,TSU,42.106
Bahrain Grand Prix,23.0,ALB,46.515
Bahrain Grand Prix,23.0,HUL,74.633
Bahrain Grand Prix,23.0,OCO,51.628
Bahrain Grand Prix,23.0,GAS,55.186
Bahrain Grand Prix,23.0,BOT,54.345
Bahrain Grand Prix,23.0,SAR,132.416
Bahrain Grand Prix,24.0,VER,0.0
Bahrain Grand Prix,24.0,PER,10.968
Bahrain Grand Prix,24.0,SAI,13.202
Bahrain Grand Prix,24.0,LEC,20.521
Bahrain Grand Prix,24.0,RUS,19.069
Bahrain Grand Prix,24.0,NOR,23.162
Bahrain Grand Prix,24.0,HAM,28.927
Bahrain Grand Prix,24.0,PIA,25.813
Bahrain Grand Prix,24.0,ALO,38.863
Bahrain Grand Prix,24.0,STR,46.876
Bahrain Grand Prix,24.0,ZHO,43.622
Bahrain Grand Prix,24.0,MAG,48.674
Bahrain Grand Prix,24.0,RIC,51.339
Bahrain Grand Prix,24.0,TSU,44.451
Bahrain Grand Prix,24.0,ALB,49.43
Bahrain Grand Prix,24.0,HUL,75.97
Bahrain Grand Prix,24.0,OCO,54.759
Bahrain Grand Prix,24.0,GAS,58.089
Bahrain Grand Prix,24.0,BOT,57.202
Bahrain Grand Prix,24.0,SAR,136.564
Bahrain Grand Prix,25.0,VER,0.0
Bahrain Grand Prix,25.0,PER,11.97
Bahrain Grand Prix,25.0,SAI,14.08
Bahrain Grand Prix,25.0,LEC,21.939
Bahrain Grand Prix,25.0,RUS,20.655
Bahrain Grand Prix,25.0,NOR,24.55
Bahrain Grand Prix,25.0,HAM,30.504
Bahrain Grand Prix,25.0,PIA,27.479
Bahrain Grand Prix,25.0,ALO,40.7
Bahrain Grand Prix,25.0,STR,49.528
Bahrain Grand Prix,25.0,ZHO,46.163
Bahrain Grand Prix,25.0,MAG,51.622
Bahrain Grand Prix,25.0,RIC,53.97
Bahrain Grand Prix,25.0,TSU,46.96
Bahrain Grand Prix,25.0,ALB,52.314
Bahrain Grand Prix,25.0,HUL,77.28
Bahrain Grand Prix,25.0,OCO,57.911
Bahrain Grand Prix,25.0,GAS,60.907
Bahrain Grand Prix,25.0,BOT,60.122
Bahrain Grand Prix,25.0,SAR,140.315
Bahrain Grand Prix,26.0,VER,0.0
Bahrain Grand Prix,26.0,PER,13.094
Bahrain Grand Prix,26.0,SAI,15.078
Bahrain Grand Prix,26.0,LEC,23.526
Bahrain Grand Prix,26.0,RUS,22.233
Bahrain Grand Prix,26.0,NOR,25.893
Bahrain Grand Prix,26.0,HAM,31.995
Bahrain Grand Prix,26.0,PIA,29.138
Bahrain Grand Prix,26.0,ALO,43.115
Bahrain Grand Prix,26.0,STR,52.438
Bahrain Grand Prix,26.0,ZHO,48.935
Bahrain Grand Prix,26.0,MAG,54.492
Bahrain Grand Prix,26.0,RIC,56.776
Bahrain Grand Prix,26.0,TSU,49.795
Bahrain Grand Prix,26.0,ALB,55.191
Bahrain Grand Prix,26.0,HUL,78.605
Bahrain Grand Prix,26.0,OCO,61.353
Bahrain Grand Prix,26.0,GAS,64.063
Bahrain Grand Prix,26.0,BOT,63.207
Bahrain Grand Prix,26.0,SAR,142.951
Bahrain Grand Prix,27.0,VER,0.0
Bahrain Grand Prix,27.0,PER,13.746
Bahrain Grand Prix,27.0,SAI,15.769
Bahrain Grand Prix,27.0,LEC,24.776
Bahrain Grand Prix,27.0,RUS,23.467
Bahrain Grand Prix,27.0,NOR,27.038
Bahrain Grand Prix,27.0,HAM,33.615
Bahrain Grand Prix,27.0,PIA,30.462
Bahrain Grand Prix,27.0,ALO,44.479
Bahrain Grand Prix,27.0,STR,57.567
Bahrain Grand Prix,27.0,ZHO,51.407
Bahrain Grand Prix,27.0,MAG,57.137
Bahrain Grand Prix,27.0,RIC,59.347
Bahrain Grand Prix,27.0,TSU,52.297
Bahrain Grand Prix,27.0,ALB,57.906
Bahrain Grand Prix,27.0,HUL,79.671
Bahrain Grand Prix,27.0,OCO,64.321
Bahrain Grand Prix,27.0,GAS,66.882
Bahrain Grand Prix,27.0,BOT,66.052
Bahrain Grand Prix,27.0,SAR,145.658
Bahrain Grand Prix,28.0,VER,0.0
Bahrain Grand Prix,28.0,PER,14.495
Bahrain Grand Prix,28.0,SAI,16.826
Bahrain Grand Prix,28.0,LEC,26.206
Bahrain Grand Prix,28.0,RUS,24.901
Bahrain Grand Prix,28.0,NOR,28.579
Bahrain Grand Prix,28.0,HAM,34.83
Bahrain Grand Prix,28.0,PIA,31.89
Bahrain Grand Prix,28.0,ALO,46.258
Bahrain Grand Prix,28.0,STR,78.73
Bahrain Grand Prix,28.0,ZHO,56.605
Bahrain Grand Prix,28.0,MAG,59.596
Bahrain Grand Prix,28.0,RIC,61.915
Bahrain Grand Prix,28.0,TSU,54.984
Bahrain Grand Prix,28.0,ALB,60.477
Bahrain Grand Prix,28.0,HUL,81.448
Bahrain Grand Prix,28.0,OCO,67.216
Bahrain Grand Prix,28.0,GAS,70.02
Bahrain Grand Prix,28.0,BOT,69.17
Bahrain Grand Prix,28.0,SAR,150.716
Bahrain Grand Prix,29.0,VER,0.0
Bahrain Grand Prix,29.0,PER,15.139
Bahrain Grand Prix,29.0,SAI,17.633
Bahrain Grand Prix,29.0,LEC,27.376
Bahrain Grand Prix,29.0,RUS,26.174
Bahrain Grand Prix,29.0,NOR,29.826999999999998
Bahrain Grand Prix,29.0,HAM,35.823
Bahrain Grand Prix,29.0,PIA,33.276
Bahrain Grand Prix,29.0,ALO,47.569
Bahrain Grand Prix,29.0,STR,78.791
Bahrain Grand Prix,29.0,ZHO,77.888
Bahrain Grand Prix,29.0,MAG,61.768
Bahrain Grand Prix,29.0,RIC,64.082
Bahrain Grand Prix,29.0,TSU,56.968
Bahrain Grand Prix,29.0,ALB,62.563
Bahrain Grand Prix,29.0,HUL,82.492
Bahrain Grand Prix,29.0,OCO,69.979
Bahrain Grand Prix,29.0,GAS,72.777
Bahrain Grand Prix,29.0,BOT,72.031
Bahrain Grand Prix,29.0,SAR,176.504
Bahrain Grand Prix,30.0,VER,0.0
Bahrain Grand Prix,30.0,PER,15.681000000000001
Bahrain Grand Prix,30.0,SAI,18.199
Bahrain Grand Prix,30.0,LEC,28.763
Bahrain Grand Prix,30.0,RUS,27.589
Bahrain Grand Prix,30.0,NOR,31.042
Bahrain Grand Prix,30.0,HAM,37.296
Bahrain Grand Prix,30.0,PIA,34.682
Bahrain Grand Prix,30.0,ALO,48.78
Bahrain Grand Prix,30.0,STR,78.652
Bahrain Grand Prix,30.0,ZHO,77.575
Bahrain Grand Prix,30.0,MAG,64.037
Bahrain Grand Prix,30.0,RIC,66.289
Bahrain Grand Prix,30.0,TSU,58.674
Bahrain Grand Prix,30.0,ALB,64.76
Bahrain Grand Prix,30.0,HUL,83.412
Bahrain Grand Prix,30.0,OCO,75.418
Bahrain Grand Prix,30.0,GAS,75.838
Bahrain Grand Prix,30.0,BOT,77.512
Bahrain Grand Prix,30.0,SAR,176.448
Bahrain Grand Prix,31.0,VER,0.0
Bahrain Grand Prix,31.0,PER,16.341
Bahrain Grand Prix,31.0,SAI,19.057
Bahrain Grand Prix,31.0,LEC,30.115
Bahrain Grand Prix,31.0,RUS,31.315
Bahrain Grand Prix,31.0,NOR,32.446
Bahrain Grand Prix,31.0,HAM,38.592
Bahrain Grand Prix,31.0,PIA,36.573
Bahrain Grand Prix,31.0,ALO,50.058
Bahrain Grand Prix,31.0,STR,79.175
Bahrain Grand Prix,31.0,ZHO,78.193
Bahrain Grand Prix,31.0,MAG,66.358
Bahrain Grand Prix,31.0,RIC,68.764
Bahrain Grand Prix,31.0,TSU,60.463
Bahrain Grand Prix,31.0,ALB,67.216
Bahrain Grand Prix,31.0,HUL,84.311
Bahrain Grand Prix,31.0,OCO,99.061
Bahrain Grand Prix,31.0,GAS,80.591
Bahrain Grand Prix,31.0,BOT,152.107
Bahrain Grand Prix,31.0,SAR,177.482
Bahrain Grand Prix,32.0,VER,0.0
Bahrain Grand Prix,32.0,PER,16.731
Bahrain Grand Prix,32.0,SAI,19.933
Bahrain Grand Prix,32.0,LEC,31.17
Bahrain Grand Prix,32.0,RUS,52.696
Bahrain Grand Prix,32.0,NOR,33.731
Bahrain Grand Prix,32.0,HAM,40.031
Bahrain Grand Prix,32.0,PIA,37.85
Bahrain Grand Prix,32.0,ALO,51.228
Bahrain Grand Prix,32.0,STR,79.11
Bahrain Grand Prix,32.0,ZHO,78.355
Bahrain Grand Prix,32.0,MAG,71.037
Bahrain Grand Prix,32.0,RIC,70.903
Bahrain Grand Prix,32.0,TSU,62.424
Bahrain Grand Prix,32.0,ALB,69.513
Bahrain Grand Prix,32.0,HUL,85.36
Bahrain Grand Prix,32.0,OCO,100.062
Bahrain Grand Prix,32.0,GAS,104.475
Bahrain Grand Prix,32.0,BOT,152.984
Bahrain Grand Prix,32.0,SAR,178.159
Bahrain Grand Prix,33.0,VER,0.0
Bahrain Grand Prix,33.0,PER,17.432
Bahrain Grand Prix,33.0,SAI,20.626
Bahrain Grand Prix,33.0,LEC,32.048
Bahrain Grand Prix,33.0,RUS,52.671
Bahrain Grand Prix,33.0,NOR,37.494
Bahrain Grand Prix,33.0,HAM,43.864
Bahrain Grand Prix,33.0,PIA,39.075
Bahrain Grand Prix,33.0,ALO,52.567
Bahrain Grand Prix,33.0,STR,79.596
Bahrain Grand Prix,33.0,ZHO,80.463
Bahrain Grand Prix,33.0,MAG,91.829
Bahrain Grand Prix,33.0,RIC,73.19
Bahrain Grand Prix,33.0,TSU,64.059
Bahrain Grand Prix,33.0,ALB,71.996
Bahrain Grand Prix,33.0,HUL,86.281
Bahrain Grand Prix,33.0,OCO,100.903
Bahrain Grand Prix,33.0,GAS,104.724
Bahrain Grand Prix,33.0,BOT,153.323
Bahrain Grand Prix,33.0,SAR,179.729
Bahrain Grand Prix,34.0,VER,0.0
Bahrain Grand Prix,34.0,PER,17.677
Bahrain Grand Prix,34.0,SAI,21.044
Bahrain Grand Prix,34.0,LEC,35.529
Bahrain Grand Prix,34.0,RUS,51.779
Bahrain Grand Prix,34.0,NOR,58.259
Bahrain Grand Prix,34.0,HAM,62.705
Bahrain Grand Prix,34.0,PIA,42.153
Bahrain Grand Prix,34.0,ALO,54.035
Bahrain Grand Prix,34.0,STR,79.795
Bahrain Grand Prix,34.0,ZHO,80.848
Bahrain Grand Prix,34.0,MAG,91.266
Bahrain Grand Prix,34.0,RIC,75.303
Bahrain Grand Prix,34.0,TSU,68.761
Bahrain Grand Prix,34.0,ALB,73.613
Bahrain Grand Prix,34.0,HUL,86.84
Bahrain Grand Prix,34.0,OCO,100.996
Bahrain Grand Prix,34.0,GAS,105.213
Bahrain Grand Prix,34.0,BOT,155.199
Bahrain Grand Prix,34.0,SAR,180.071
Bahrain Grand Prix,35.0,VER,0.0
Bahrain Grand Prix,35.0,PER,18.435
Bahrain Grand Prix,35.0,SAI,24.3
Bahrain Grand Prix,35.0,LEC,55.677
Bahrain Grand Prix,35.0,RUS,51.533
Bahrain Grand Prix,35.0,NOR,56.717
Bahrain Grand Prix,35.0,HAM,62.176
Bahrain Grand Prix,35.0,PIA,65.838
Bahrain Grand Prix,35.0,ALO,55.29
Bahrain Grand Prix,35.0,STR,80.019
Bahrain Grand Prix,35.0,ZHO,81.376
Bahrain Grand Prix,35.0,MAG,90.946
Bahrain Grand Prix,35.0,RIC,79.88
Bahrain Grand Prix,35.0,TSU,90.16
Bahrain Grand Prix,35.0,ALB,75.362
Bahrain Grand Prix,35.0,HUL,87.781
Bahrain Grand Prix,35.0,OCO,101.332
Bahrain Grand Prix,35.0,GAS,105.508
Bahrain Grand Prix,35.0,BOT,155.759
Bahrain Grand Prix,35.0,SAR,180.912
Bahrain Grand Prix,36.0,VER,0.0
Bahrain Grand Prix,36.0,PER,21.595
Bahrain Grand Prix,36.0,SAI,43.715
Bahrain Grand Prix,36.0,LEC,53.562
Bahrain Grand Prix,36.0,RUS,50.762
Bahrain Grand Prix,36.0,NOR,56.202
Bahrain Grand Prix,36.0,HAM,61.25
Bahrain Grand Prix,36.0,PIA,64.786
Bahrain Grand Prix,36.0,ALO,57.428
Bahrain Grand Prix,36.0,STR,79.9
Bahrain Grand Prix,36.0,ZHO,82.102
Bahrain Grand Prix,36.0,MAG,90.592
Bahrain Grand Prix,36.0,RIC,100.67
Bahrain Grand Prix,36.0,TSU,91.661
Bahrain Grand Prix,36.0,ALB,79.49
Bahrain Grand Prix,36.0,HUL,88.371
Bahrain Grand Prix,36.0,OCO,102.356
Bahrain Grand Prix,36.0,GAS,105.753
Bahrain Grand Prix,36.0,BOT,156.346
Bahrain Grand Prix,36.0,SAR,181.169
Bahrain Grand Prix,37.0,VER,0.0
Bahrain Grand Prix,37.0,PER,38.169
Bahrain Grand Prix,37.0,SAI,39.783
Bahrain Grand Prix,37.0,LEC,49.225
Bahrain Grand Prix,37.0,RUS,47.009
Bahrain Grand Prix,37.0,NOR,52.035
Bahrain Grand Prix,37.0,HAM,57.613
Bahrain Grand Prix,37.0,PIA,60.326
Bahrain Grand Prix,37.0,ALO,54.993
Bahrain Grand Prix,37.0,STR,76.653
Bahrain Grand Prix,37.0,ZHO,79.673
Bahrain Grand Prix,37.0,MAG,87.099
Bahrain Grand Prix,37.0,RIC,96.599
Bahrain Grand Prix,37.0,TSU,88.26
Bahrain Grand Prix,37.0,ALB,97.888
Bahrain Grand Prix,37.0,HUL,85.86
Bahrain Grand Prix,37.0,OCO,99.702
Bahrain Grand Prix,37.0,GAS,103.148
Bahrain Grand Prix,37.0,BOT,155.12
Bahrain Grand Prix,37.0,SAR,178.72
Bahrain Grand Prix,38.0,VER,0.0
Bahrain Grand Prix,38.0,PER,16.528
Bahrain Grand Prix,38.0,SAI,18.438
Bahrain Grand Prix,38.0,LEC,27.563
Bahrain Grand Prix,38.0,RUS,26.043
Bahrain Grand Prix,38.0,NOR,30.739
Bahrain Grand Prix,38.0,HAM,36.134
Bahrain Grand Prix,38.0,PIA,39.179
Bahrain Grand Prix,38.0,ALO,35.845
Bahrain Grand Prix,38.0,STR,56.572
Bahrain Grand Prix,38.0,ZHO,60.085
Bahrain Grand Prix,38.0,MAG,66.696
Bahrain Grand Prix,38.0,RIC,75.614
Bahrain Grand Prix,38.0,TSU,68.861
Bahrain Grand Prix,38.0,ALB,77.572
Bahrain Grand Prix,38.0,HUL,69.498
Bahrain Grand Prix,38.0,OCO,80.071
Bahrain Grand Prix,38.0,GAS,83.505
Bahrain Grand Prix,38.0,BOT,136.449
Bahrain Grand Prix,38.0,SAR,159.007
Bahrain Grand Prix,39.0,VER,0.0
Bahrain Grand Prix,39.0,PER,18.527
Bahrain Grand Prix,39.0,SAI,20.539
Bahrain Grand Prix,39.0,LEC,30.042
Bahrain Grand Prix,39.0,RUS,28.639
Bahrain Grand Prix,39.0,NOR,33.011
Bahrain Grand Prix,39.0,HAM,38.248
Bahrain Grand Prix,39.0,PIA,41.554
Bahrain Grand Prix,39.0,ALO,41.183
Bahrain Grand Prix,39.0,STR,60.317
Bahrain Grand Prix,39.0,ZHO,64.114
Bahrain Grand Prix,39.0,MAG,69.964
Bahrain Grand Prix,39.0,RIC,78.481
Bahrain Grand Prix,39.0,TSU,72.378
Bahrain Grand Prix,39.0,ALB,80.82
Bahrain Grand Prix,39.0,HUL,74.366
Bahrain Grand Prix,39.0,OCO,84.015
Bahrain Grand Prix,39.0,GAS,87.434
Bahrain Grand Prix,39.0,BOT,141.03
Bahrain Grand Prix,39.0,SAR,163.415
Bahrain Grand Prix,40.0,VER,0.0
Bahrain Grand Prix,40.0,PER,16.302
Bahrain Grand Prix,40.0,SAI,18.689
Bahrain Grand Prix,40.0,LEC,28.312
Bahrain Grand Prix,40.0,RUS,27.115
Bahrain Grand Prix,40.0,NOR,31.698
Bahrain Grand Prix,40.0,HAM,36.7
Bahrain Grand Prix,40.0,PIA,39.97
Bahrain Grand Prix,40.0,ALO,42.655
Bahrain Grand Prix,40.0,STR,60.213
Bahrain Grand Prix,40.0,ZHO,64.208
Bahrain Grand Prix,40.0,MAG,69.446
Bahrain Grand Prix,40.0,RIC,77.47
Bahrain Grand Prix,40.0,TSU,72.052
Bahrain Grand Prix,40.0,ALB,79.954
Bahrain Grand Prix,40.0,HUL,74.865
Bahrain Grand Prix,40.0,OCO,84.034
Bahrain Grand Prix,40.0,GAS,87.587
Bahrain Grand Prix,40.0,BOT,141.834
Bahrain Grand Prix,40.0,SAR,166.643
Bahrain Grand Prix,41.0,VER,0.0
Bahrain Grand Prix,41.0,PER,15.412
Bahrain Grand Prix,41.0,SAI,18.44
Bahrain Grand Prix,41.0,LEC,28.05
Bahrain Grand Prix,41.0,RUS,26.918
Bahrain Grand Prix,41.0,NOR,31.477
Bahrain Grand Prix,41.0,HAM,36.35
Bahrain Grand Prix,41.0,PIA,39.789
Bahrain Grand Prix,41.0,ALO,47.626
Bahrain Grand Prix,41.0,STR,61.245
Bahrain Grand Prix,41.0,ZHO,65.613
Bahrain Grand Prix,41.0,MAG,70.496
Bahrain Grand Prix,41.0,RIC,77.824
Bahrain Grand Prix,41.0,TSU,72.941
Bahrain Grand Prix,41.0,ALB,80.549
Bahrain Grand Prix,41.0,HUL,79.144
Bahrain Grand Prix,41.0,OCO,85.365
Bahrain Grand Prix,41.0,GAS,88.868
Bahrain Grand Prix,41.0,BOT,142.981
Bahrain Grand Prix,41.0,SAR,191.635
Bahrain Grand Prix,42.0,VER,0.0
Bahrain Grand Prix,42.0,PER,15.27
Bahrain Grand Prix,42.0,SAI,18.634
Bahrain Grand Prix,42.0,LEC,28.365
Bahrain Grand Prix,42.0,RUS,27.387
Bahrain Grand Prix,42.0,NOR,31.975
Bahrain Grand Prix,42.0,HAM,36.679
Bahrain Grand Prix,42.0,PIA,40.463
Bahrain Grand Prix,42.0,ALO,69.858
Bahrain Grand Prix,42.0,STR,62.921
Bahrain Grand Prix,42.0,ZHO,67.598
Bahrain Grand Prix,42.0,MAG,72.139
Bahrain Grand Prix,42.0,RIC,78.495
Bahrain Grand Prix,42.0,TSU,74.255
Bahrain Grand Prix,42.0,ALB,81.681
Bahrain Grand Prix,42.0,HUL,100.585
Bahrain Grand Prix,42.0,OCO,87.29
Bahrain Grand Prix,42.0,GAS,90.832
Bahrain Grand Prix,42.0,BOT,144.688
Bahrain Grand Prix,42.0,SAR,191.703
Bahrain Grand Prix,43.0,VER,0.0
Bahrain Grand Prix,43.0,PER,15.916
Bahrain Grand Prix,43.0,SAI,19.278
Bahrain Grand Prix,43.0,LEC,29.406
Bahrain Grand Prix,43.0,RUS,28.429
Bahrain Grand Prix,43.0,NOR,33.119
Bahrain Grand Prix,43.0,HAM,37.463
Bahrain Grand Prix,43.0,PIA,41.57
Bahrain Grand Prix,43.0,ALO,70.814
Bahrain Grand Prix,43.0,STR,65.074
Bahrain Grand Prix,43.0,ZHO,70.218
Bahrain Grand Prix,43.0,MAG,74.22
Bahrain Grand Prix,43.0,RIC,79.904
Bahrain Grand Prix,43.0,TSU,76.06
Bahrain Grand Prix,43.0,ALB,83.296
Bahrain Grand Prix,43.0,HUL,102.194
Bahrain Grand Prix,43.0,OCO,89.818
Bahrain Grand Prix,43.0,GAS,95.972
Bahrain Grand Prix,43.0,BOT,147.106
Bahrain Grand Prix,43.0,SAR,192.553
Bahrain Grand Prix,44.0,VER,0.0
Bahrain Grand Prix,44.0,PER,16.184
Bahrain Grand Prix,44.0,SAI,19.254
Bahrain Grand Prix,44.0,LEC,29.926
Bahrain Grand Prix,44.0,RUS,29.06
Bahrain Grand Prix,44.0,NOR,33.934
Bahrain Grand Prix,44.0,HAM,38.101
Bahrain Grand Prix,44.0,PIA,42.277
Bahrain Grand Prix,44.0,ALO,71.264
Bahrain Grand Prix,44.0,STR,67.107
Bahrain Grand Prix,44.0,ZHO,73.104
Bahrain Grand Prix,44.0,MAG,75.938
Bahrain Grand Prix,44.0,RIC,80.863
Bahrain Grand Prix,44.0,TSU,77.673
Bahrain Grand Prix,44.0,ALB,84.548
Bahrain Grand Prix,44.0,HUL,103.253
Bahrain Grand Prix,44.0,OCO,91.936
Bahrain Grand Prix,44.0,GAS,117.922
Bahrain Grand Prix,44.0,BOT,149.205
Bahrain Grand Prix,44.0,SAR,193.152
Bahrain Grand Prix,45.0,VER,0.0
Bahrain Grand Prix,45.0,PER,16.527
Bahrain Grand Prix,45.0,SAI,19.795
Bahrain Grand Prix,45.0,LEC,30.897
Bahrain Grand Prix,45.0,RUS,30.087
Bahrain Grand Prix,45.0,NOR,35.023
Bahrain Grand Prix,45.0,HAM,39.036
Bahrain Grand Prix,45.0,PIA,43.334
Bahrain Grand Prix,45.0,ALO,71.887
Bahrain Grand Prix,45.0,STR,69.101
Bahrain Grand Prix,45.0,ZHO,75.535
Bahrain Grand Prix,45.0,MAG,78.038
Bahrain Grand Prix,45.0,RIC,82.184
Bahrain Grand Prix,45.0,TSU,79.388
Bahrain Grand Prix,45.0,ALB,86.057
Bahrain Grand Prix,45.0,HUL,104.123
Bahrain Grand Prix,45.0,OCO,95.736
Bahrain Grand Prix,45.0,GAS,118.478
Bahrain Grand Prix,45.0,BOT,151.619
Bahrain Grand Prix,45.0,SAR,194.236
Bahrain Grand Prix,46.0,VER,0.0
Bahrain Grand Prix,46.0,PER,17.178
Bahrain Grand Prix,46.0,SAI,20.455
Bahrain Grand Prix,46.0,LEC,31.762
Bahrain Grand Prix,46.0,RUS,32.551
Bahrain Grand Prix,46.0,NOR,36.201
Bahrain Grand Prix,46.0,HAM,40.128
Bahrain Grand Prix,46.0,PIA,44.437
Bahrain Grand Prix,46.0,ALO,72.82
Bahrain Grand Prix,46.0,STR,71.287
Bahrain Grand Prix,46.0,ZHO,78.083
Bahrain Grand Prix,46.0,MAG,80.291
Bahrain Grand Prix,46.0,RIC,83.498
Bahrain Grand Prix,46.0,TSU,81.382
Bahrain Grand Prix,46.0,ALB,87.872
Bahrain Grand Prix,46.0,HUL,104.764
Bahrain Grand Prix,46.0,OCO,98.518
Bahrain Grand Prix,46.0,GAS,119.578
Bahrain Grand Prix,46.0,BOT,153.723
Bahrain Grand Prix,46.0,SAR,195.982
Bahrain Grand Prix,47.0,VER,0.0
Bahrain Grand Prix,47.0,PER,17.669
Bahrain Grand Prix,47.0,SAI,21.117
Bahrain Grand Prix,47.0,LEC,32.58
Bahrain Grand Prix,47.0,RUS,34.117
Bahrain Grand Prix,47.0,NOR,37.447
Bahrain Grand Prix,47.0,HAM,41.115
Bahrain Grand Prix,47.0,PIA,45.574
Bahrain Grand Prix,47.0,ALO,73.806
Bahrain Grand Prix,47.0,STR,73.346
Bahrain Grand Prix,47.0,ZHO,80.405
Bahrain Grand Prix,47.0,MAG,82.506
Bahrain Grand Prix,47.0,RIC,85.09
Bahrain Grand Prix,47.0,TSU,83.539
Bahrain Grand Prix,47.0,ALB,89.659
Bahrain Grand Prix,47.0,HUL,105.751
Bahrain Grand Prix,47.0,OCO,100.935
Bahrain Grand Prix,47.0,GAS,120.68
Bahrain Grand Prix,47.0,BOT,156.088
Bahrain Grand Prix,47.0,SAR,198.472
Bahrain Grand Prix,48.0,VER,0.0
Bahrain Grand Prix,48.0,PER,18.204
Bahrain Grand Prix,48.0,SAI,21.748
Bahrain Grand Prix,48.0,LEC,33.538
Bahrain Grand Prix,48.0,RUS,35.826
Bahrain Grand Prix,48.0,NOR,38.814
Bahrain Grand Prix,48.0,HAM,42.93
Bahrain Grand Prix,48.0,PIA,46.926
Bahrain Grand Prix,48.0,ALO,73.655
Bahrain Grand Prix,48.0,STR,76.321
Bahrain Grand Prix,48.0,ZHO,82.709
Bahrain Grand Prix,48.0,MAG,84.835
Bahrain Grand Prix,48.0,RIC,86.976
Bahrain Grand Prix,48.0,TSU,85.743
Bahrain Grand Prix,48.0,ALB,91.444
Bahrain Grand Prix,48.0,HUL,106.547
Bahrain Grand Prix,48.0,OCO,103.702
Bahrain Grand Prix,48.0,GAS,121.741
Bahrain Grand Prix,48.0,BOT,158.503
Bahrain Grand Prix,48.0,SAR,199.81
Bahrain Grand Prix,49.0,VER,0.0
Bahrain Grand Prix,49.0,PER,18.767
Bahrain Grand Prix,49.0,SAI,22.785
Bahrain Grand Prix,49.0,LEC,34.437
Bahrain Grand Prix,49.0,RUS,37.377
Bahrain Grand Prix,49.0,NOR,40.085
Bahrain Grand Prix,49.0,HAM,44.441
Bahrain Grand Prix,49.0,PIA,48.176
Bahrain Grand Prix,49.0,ALO,73.823
Bahrain Grand Prix,49.0,STR,78.789
Bahrain Grand Prix,49.0,ZHO,85.026
Bahrain Grand Prix,49.0,MAG,87.274
Bahrain Grand Prix,49.0,RIC,89.015
Bahrain Grand Prix,49.0,TSU,88.035
Bahrain Grand Prix,49.0,ALB,94.143
Bahrain Grand Prix,49.0,HUL,107.638
Bahrain Grand Prix,49.0,OCO,107.025
Bahrain Grand Prix,49.0,GAS,122.849
Bahrain Grand Prix,49.0,BOT,161.01
Bahrain Grand Prix,49.0,SAR,200.997
Bahrain Grand Prix,50.0,VER,0.0
Bahrain Grand Prix,50.0,PER,19.066
Bahrain Grand Prix,50.0,SAI,23.144
Bahrain Grand Prix,50.0,LEC,35.037
Bahrain Grand Prix,50.0,RUS,38.775
Bahrain Grand Prix,50.0,NOR,40.959
Bahrain Grand Prix,50.0,HAM,45.27
Bahrain Grand Prix,50.0,PIA,49.377
Bahrain Grand Prix,50.0,ALO,73.717
Bahrain Grand Prix,50.0,STR,80.547
Bahrain Grand Prix,50.0,ZHO,87.035
Bahrain Grand Prix,50.0,MAG,89.526
Bahrain Grand Prix,50.0,RIC,90.841
Bahrain Grand Prix,50.0,TSU,90.079
Bahrain Grand Prix,50.0,ALB,96.976
Bahrain Grand Prix,50.0,HUL,108.022
Bahrain Grand Prix,50.0,OCO,110.026
Bahrain Grand Prix,50.0,GAS,123.294
Bahrain Grand Prix,50.0,BOT,163.137
Bahrain Grand Prix,50.0,SAR,201.874
Bahrain Grand Prix,51.0,VER,0.0
Bahrain Grand Prix,51.0,PER,19.666
Bahrain Grand Prix,51.0,SAI,24.086
Bahrain Grand Prix,51.0,LEC,36.115
Bahrain Grand Prix,51.0,RUS,40.287
Bahrain Grand Prix,51.0,NOR,42.657
Bahrain Grand Prix,51.0,HAM,46.462
Bahrain Grand Prix,51.0,PIA,50.837
Bahrain Grand Prix,51.0,ALO,74.293
Bahrain Grand Prix,51.0,STR,82.97
Bahrain Grand Prix,51.0,ZHO,89.737
Bahrain Grand Prix,51.0,MAG,92.115
Bahrain Grand Prix,51.0,RIC,93.604
Bahrain Grand Prix,51.0,TSU,92.806
Bahrain Grand Prix,51.0,ALB,100.129
Bahrain Grand Prix,51.0,HUL,109.211
Bahrain Grand Prix,51.0,OCO,112.777
Bahrain Grand Prix,51.0,GAS,124.288
Bahrain Grand Prix,51.0,BOT,165.616
Bahrain Grand Prix,51.0,SAR,203.506
Bahrain Grand Prix,52.0,VER,0.0
Bahrain Grand Prix,52.0,PER,19.943
Bahrain Grand Prix,52.0,SAI,24.263
Bahrain Grand Prix,52.0,LEC,36.603
Bahrain Grand Prix,52.0,RUS,41.567
Bahrain Grand Prix,52.0,NOR,43.673
Bahrain Grand Prix,52.0,HAM,47.035
Bahrain Grand Prix,52.0,PIA,51.955
Bahrain Grand Prix,52.0,ALO,74.249
Bahrain Grand Prix,52.0,STR,84.998
Bahrain Grand Prix,52.0,ZHO,92.225
Bahrain Grand Prix,52.0,MAG,94.139
Bahrain Grand Prix,52.0,RIC,96.227
Bahrain Grand Prix,52.0,TSU,96.942
Bahrain Grand Prix,52.0,ALB,101.441
Bahrain Grand Prix,52.0,HUL,110.226
Bahrain Grand Prix,52.0,OCO,116.502
Bahrain Grand Prix,52.0,GAS,124.893
Bahrain Grand Prix,52.0,BOT,167.659
Bahrain Grand Prix,52.0,SAR,204.587
Bahrain Grand Prix,53.0,VER,0.0
Bahrain Grand Prix,53.0,PER,20.185
Bahrain Grand Prix,53.0,SAI,23.874
Bahrain Grand Prix,53.0,LEC,36.483
Bahrain Grand Prix,53.0,RUS,41.946
Bahrain Grand Prix,53.0,NOR,43.855
Bahrain Grand Prix,53.0,HAM,46.985
Bahrain Grand Prix,53.0,PIA,52.094
Bahrain Grand Prix,53.0,ALO,73.898
Bahrain Grand Prix,53.0,STR,86.038
Bahrain Grand Prix,53.0,ZHO,93.766
Bahrain Grand Prix,53.0,MAG,96.497
Bahrain Grand Prix,53.0,RIC,97.372
Bahrain Grand Prix,53.0,TSU,98.18
Bahrain Grand Prix,53.0,ALB,102.149
Bahrain Grand Prix,53.0,HUL,110.62
Bahrain Grand Prix,53.0,OCO,118.047
Bahrain Grand Prix,53.0,GAS,124.682
Bahrain Grand Prix,53.0,BOT,171.094
Bahrain Grand Prix,53.0,SAR,205.075
Bahrain Grand Prix,54.0,VER,0.0
Bahrain Grand Prix,54.0,PER,20.31
Bahrain Grand Prix,54.0,SAI,23.849
Bahrain Grand Prix,54.0,LEC,36.414
Bahrain Grand Prix,54.0,RUS,42.625
Bahrain Grand Prix,54.0,NOR,44.455
Bahrain Grand Prix,54.0,HAM,47.625
Bahrain Grand Prix,54.0,PIA,52.867
Bahrain Grand Prix,54.0,ALO,74.309
Bahrain Grand Prix,54.0,STR,87.397
Bahrain Grand Prix,54.0,ZHO,96.821
Bahrain Grand Prix,54.0,MAG,98.053
Bahrain Grand Prix,54.0,RIC,98.699
Bahrain Grand Prix,54.0,TSU,99.518
Bahrain Grand Prix,54.0,ALB,103.149
Bahrain Grand Prix,54.0,HUL,111.072
Bahrain Grand Prix,54.0,OCO,121.42
Bahrain Grand Prix,54.0,GAS,125.201
Bahrain Grand Prix,54.0,BOT,172.855
Bahrain Grand Prix,54.0,SAR,209.355
Bahrain Grand Prix,55.0,VER,0.0
Bahrain Grand Prix,55.0,PER,20.737
Bahrain Grand Prix,55.0,SAI,24.072
Bahrain Grand Prix,55.0,LEC,37.015
Bahrain Grand Prix,55.0,RUS,43.592
Bahrain Grand Prix,55.0,NOR,45.494
Bahrain Grand Prix,55.0,HAM,48.074
Bahrain Grand Prix,55.0,PIA,53.656
Bahrain Grand Prix,55.0,ALO,74.191
Bahrain Grand Prix,55.0,STR,88.893
Bahrain Grand Prix,55.0,ZHO,99.02
Bahrain Grand Prix,55.0,MAG,100.326
Bahrain Grand Prix,55.0,RIC,100.89
Bahrain Grand Prix,55.0,TSU,101.603
Bahrain Grand Prix,55.0,ALB,104.558
Bahrain Grand Prix,55.0,HUL,111.624
Bahrain Grand Prix,55.0,OCO,123.629
Bahrain Grand Prix,55.0,GAS,125.925
Bahrain Grand Prix,55.0,BOT,174.876
Bahrain Grand Prix,55.0,SAR,210.38
Bahrain Grand Prix,56.0,VER,0.0
Bahrain Grand Prix,56.0,PER,21.634
Bahrain Grand Prix,56.0,SAI,24.706
Bahrain Grand Prix,56.0,LEC,38.268
Bahrain Grand Prix,56.0,RUS,45.271
Bahrain Grand Prix,56.0,NOR,46.799
Bahrain Grand Prix,56.0,HAM,49.109
Bahrain Grand Prix,56.0,PIA,55.085
Bahrain Grand Prix,56.0,ALO,74.534
Bahrain Grand Prix,56.0,STR,90.804
Bahrain Grand Prix,56.0,ZHO,101.682
Bahrain Grand Prix,56.0,MAG,103.239
Bahrain Grand Prix,56.0,RIC,103.881
Bahrain Grand Prix,56.0,TSU,104.405
Bahrain Grand Prix,56.0,ALB,106.809
Bahrain Grand Prix,56.0,HUL,112.555
Bahrain Grand Prix,56.0,OCO,126.373
Bahrain Grand Prix,56.0,GAS,127.34
Bahrain Grand Prix,56.0,BOT,178.161
Bahrain Grand Prix,57.0,VER,0.0
Bahrain Grand Prix,57.0,PER,22.457
Bahrain Grand Prix,57.0,SAI,25.11
Bahrain Grand Prix,57.0,LEC,39.669
Bahrain Grand Prix,57.0,RUS,46.788
Bahrain Grand Prix,57.0,NOR,48.458
Bahrain Grand Prix,57.0,HAM,50.324
Bahrain Grand Prix,57.0,PIA,56.082
Bahrain Grand Prix,57.0,ALO,74.887
Bahrain Grand Prix,57.0,STR,93.216
Saudi Arabian Grand Prix,1.0,VER,0.0
Saudi Arabian Grand Prix,1.0,GAS,26.122
Saudi Arabian Grand Prix,1.0,PER,1.717
Saudi Arabian Grand Prix,1.0,ALO,3.002
Saudi Arabian Grand Prix,1.0,LEC,1.176
Saudi Arabian Grand Prix,1.0,STR,6.924
Saudi Arabian Grand Prix,1.0,SAR,9.955
Saudi Arabian Grand Prix,1.0,MAG,7.654
Saudi Arabian Grand Prix,1.0,TSU,7.026
Saudi Arabian Grand Prix,1.0,ALB,8.121
Saudi Arabian Grand Prix,1.0,ZHO,10.316
Saudi Arabian Grand Prix,1.0,HUL,8.243
Saudi Arabian Grand Prix,1.0,RIC,8.824
Saudi Arabian Grand Prix,1.0,OCO,8.883
Saudi Arabian Grand Prix,1.0,BEA,7.116
Saudi Arabian Grand Prix,1.0,NOR,4.421
Saudi Arabian Grand Prix,1.0,HAM,5.395
Saudi Arabian Grand Prix,1.0,RUS,4.954
Saudi Arabian Grand Prix,1.0,BOT,9.352
Saudi Arabian Grand Prix,1.0,PIA,3.2
Saudi Arabian Grand Prix,2.0,VER,0.0
Saudi Arabian Grand Prix,2.0,PER,2.027
Saudi Arabian Grand Prix,2.0,ALO,4.521
Saudi Arabian Grand Prix,2.0,LEC,1.15
Saudi Arabian Grand Prix,2.0,STR,8.813
Saudi Arabian Grand Prix,2.0,SAR,14.168
Saudi Arabian Grand Prix,2.0,MAG,10.971
Saudi Arabian Grand Prix,2.0,TSU,9.693999999999999
Saudi Arabian Grand Prix,2.0,ALB,11.469
Saudi Arabian Grand Prix,2.0,ZHO,14.65
Saudi Arabian Grand Prix,2.0,HUL,11.874
Saudi Arabian Grand Prix,2.0,RIC,12.654
Saudi Arabian Grand Prix,2.0,OCO,13.16
Saudi Arabian Grand Prix,2.0,BEA,10.326
Saudi Arabian Grand Prix,2.0,NOR,5.462
Saudi Arabian Grand Prix,2.0,HAM,6.731
Saudi Arabian Grand Prix,2.0,RUS,5.895
Saudi Arabian Grand Prix,2.0,BOT,13.621
Saudi Arabian Grand Prix,2.0,PIA,4.077
Saudi Arabian Grand Prix,3.0,VER,0.0
Saudi Arabian Grand Prix,3.0,PER,2.039
Saudi Arabian Grand Prix,3.0,ALO,4.917
Saudi Arabian Grand Prix,3.0,LEC,1.6560000000000001
Saudi Arabian Grand Prix,3.0,STR,10.56
Saudi Arabian Grand Prix,3.0,SAR,16.996
Saudi Arabian Grand Prix,3.0,MAG,12.778
Saudi Arabian Grand Prix,3.0,TSU,11.354
Saudi Arabian Grand Prix,3.0,ALB,13.412
Saudi Arabian Grand Prix,3.0,ZHO,17.839
Saudi Arabian Grand Prix,3.0,HUL,14.213
Saudi Arabian Grand Prix,3.0,RIC,15.377
Saudi Arabian Grand Prix,3.0,OCO,16.037
Saudi Arabian Grand Prix,3.0,BEA,11.798
Saudi Arabian Grand Prix,3.0,NOR,6.498
Saudi Arabian Grand Prix,3.0,HAM,7.872
Saudi Arabian Grand Prix,3.0,RUS,7.071
Saudi Arabian Grand Prix,3.0,BOT,16.544
Saudi Arabian Grand Prix,3.0,PIA,4.413
Saudi Arabian Grand Prix,4.0,VER,0.0
Saudi Arabian Grand Prix,4.0,PER,2.331
Saudi Arabian Grand Prix,4.0,ALO,5.909
Saudi Arabian Grand Prix,4.0,LEC,3.115
Saudi Arabian Grand Prix,4.0,STR,12.541
Saudi Arabian Grand Prix,4.0,SAR,19.786
Saudi Arabian Grand Prix,4.0,MAG,14.391
Saudi Arabian Grand Prix,4.0,TSU,12.978
Saudi Arabian Grand Prix,4.0,ALB,15.211
Saudi Arabian Grand Prix,4.0,ZHO,20.611
Saudi Arabian Grand Prix,4.0,HUL,16.69
Saudi Arabian Grand Prix,4.0,RIC,17.894
Saudi Arabian Grand Prix,4.0,OCO,18.544
Saudi Arabian Grand Prix,4.0,BEA,13.689
Saudi Arabian Grand Prix,4.0,NOR,7.641
Saudi Arabian Grand Prix,4.0,HAM,9.79
Saudi Arabian Grand Prix,4.0,RUS,8.35
Saudi Arabian Grand Prix,4.0,BOT,19.207
Saudi Arabian Grand Prix,4.0,PIA,5.248
Saudi Arabian Grand Prix,5.0,VER,0.0
Saudi Arabian Grand Prix,5.0,PER,2.461
Saudi Arabian Grand Prix,5.0,ALO,6.466
Saudi Arabian Grand Prix,5.0,LEC,3.542
Saudi Arabian Grand Prix,5.0,STR,14.146
Saudi Arabian Grand Prix,5.0,SAR,22.035
Saudi Arabian Grand Prix,5.0,MAG,16.12
Saudi Arabian Grand Prix,5.0,TSU,14.612
Saudi Arabian Grand Prix,5.0,ALB,16.846
Saudi Arabian Grand Prix,5.0,ZHO,22.894
Saudi Arabian Grand Prix,5.0,HUL,18.458
Saudi Arabian Grand Prix,5.0,RIC,19.638
Saudi Arabian Grand Prix,5.0,OCO,20.592
Saudi Arabian Grand Prix,5.0,BEA,15.327
Saudi Arabian Grand Prix,5.0,NOR,8.588
Saudi Arabian Grand Prix,5.0,HAM,10.942
Saudi Arabian Grand Prix,5.0,RUS,9.545
Saudi Arabian Grand Prix,5.0,BOT,21.496
Saudi Arabian Grand Prix,5.0,PIA,5.85
Saudi Arabian Grand Prix,6.0,VER,0.0
Saudi Arabian Grand Prix,6.0,PER,2.627
Saudi Arabian Grand Prix,6.0,ALO,7.27
Saudi Arabian Grand Prix,6.0,LEC,4.11
Saudi Arabian Grand Prix,6.0,STR,70.47
Saudi Arabian Grand Prix,6.0,SAR,24.562
Saudi Arabian Grand Prix,6.0,MAG,18.471
Saudi Arabian Grand Prix,6.0,TSU,17.211
Saudi Arabian Grand Prix,6.0,ALB,19.147
Saudi Arabian Grand Prix,6.0,ZHO,26.29
Saudi Arabian Grand Prix,6.0,HUL,21.18
Saudi Arabian Grand Prix,6.0,RIC,21.809
Saudi Arabian Grand Prix,6.0,OCO,23.714
Saudi Arabian Grand Prix,6.0,BEA,17.773
Saudi Arabian Grand Prix,6.0,NOR,9.926
Saudi Arabian Grand Prix,6.0,HAM,12.343
Saudi Arabian Grand Prix,6.0,RUS,10.929
Saudi Arabian Grand Prix,6.0,BOT,24.045
Saudi Arabian Grand Prix,6.0,PIA,6.583
Saudi Arabian Grand Prix,7.0,VER,0.0
Saudi Arabian Grand Prix,7.0,PER,4.323
Saudi Arabian Grand Prix,7.0,ALO,11.234
Saudi Arabian Grand Prix,7.0,LEC,6.022
Saudi Arabian Grand Prix,7.0,SAR,35.993
Saudi Arabian Grand Prix,7.0,MAG,27.116
Saudi Arabian Grand Prix,7.0,TSU,25.206
Saudi Arabian Grand Prix,7.0,ALB,27.841
Saudi Arabian Grand Prix,7.0,ZHO,36.131
Saudi Arabian Grand Prix,7.0,HUL,27.985
Saudi Arabian Grand Prix,7.0,RIC,31.364
Saudi Arabian Grand Prix,7.0,OCO,33.497
Saudi Arabian Grand Prix,7.0,BEA,26.022
Saudi Arabian Grand Prix,7.0,NOR,14.032
Saudi Arabian Grand Prix,7.0,HAM,17.552
Saudi Arabian Grand Prix,7.0,RUS,16.846
Saudi Arabian Grand Prix,7.0,BOT,34.706
Saudi Arabian Grand Prix,7.0,PIA,10.384
Saudi Arabian Grand Prix,8.0,VER,1.115
Saudi Arabian Grand Prix,8.0,PER,3.591
Saudi Arabian Grand Prix,8.0,ALO,8.474
Saudi Arabian Grand Prix,8.0,LEC,4.467
Saudi Arabian Grand Prix,8.0,SAR,25.197
Saudi Arabian Grand Prix,8.0,MAG,19.044
Saudi Arabian Grand Prix,8.0,TSU,16.732
Saudi Arabian Grand Prix,8.0,ALB,19.75
Saudi Arabian Grand Prix,8.0,ZHO,14.568
Saudi Arabian Grand Prix,8.0,HUL,10.318
Saudi Arabian Grand Prix,8.0,RIC,36.987
Saudi Arabian Grand Prix,8.0,OCO,21.751
Saudi Arabian Grand Prix,8.0,BEA,17.559
Saudi Arabian Grand Prix,8.0,NOR,0.0
Saudi Arabian Grand Prix,8.0,HAM,3.118
Saudi Arabian Grand Prix,8.0,RUS,12.409
Saudi Arabian Grand Prix,8.0,BOT,23.984
Saudi Arabian Grand Prix,8.0,PIA,6.67
Saudi Arabian Grand Prix,9.0,VER,0.269
Saudi Arabian Grand Prix,9.0,PER,0.766
Saudi Arabian Grand Prix,9.0,ALO,1.677
Saudi Arabian Grand Prix,9.0,LEC,1.271
Saudi Arabian Grand Prix,9.0,SAR,4.643
Saudi Arabian Grand Prix,9.0,MAG,3.141
Saudi Arabian Grand Prix,9.0,TSU,2.893
Saudi Arabian Grand Prix,9.0,ALB,3.442
Saudi Arabian Grand Prix,9.0,ZHO,2.315
Saudi Arabian Grand Prix,9.0,HUL,1.69
Saudi Arabian Grand Prix,9.0,RIC,5.25
Saudi Arabian Grand Prix,9.0,OCO,3.763
Saudi Arabian Grand Prix,9.0,BEA,2.941
Saudi Arabian Grand Prix,9.0,NOR,0.0
Saudi Arabian Grand Prix,9.0,HAM,0.501
Saudi Arabian Grand Prix,9.0,RUS,2.117
Saudi Arabian Grand Prix,9.0,BOT,4.079
Saudi Arabian Grand Prix,9.0,PIA,1.329
Saudi Arabian Grand Prix,10.0,VER,0.941
Saudi Arabian Grand Prix,10.0,PER,2.419
Saudi Arabian Grand Prix,10.0,ALO,4.621
Saudi Arabian Grand Prix,10.0,LEC,3.001
Saudi Arabian Grand Prix,10.0,SAR,10.432
Saudi Arabian Grand Prix,10.0,MAG,8.252
Saudi Arabian Grand Prix,10.0,TSU,7.763
Saudi Arabian Grand Prix,10.0,ALB,9.408
Saudi Arabian Grand Prix,10.0,ZHO,6.38
Saudi Arabian Grand Prix,10.0,HUL,5.134
Saudi Arabian Grand Prix,10.0,RIC,10.888
Saudi Arabian Grand Prix,10.0,OCO,8.85
Saudi Arabian Grand Prix,10.0,BEA,7.016
Saudi Arabian Grand Prix,10.0,NOR,0.0
Saudi Arabian Grand Prix,10.0,HAM,1.4060000000000001
Saudi Arabian Grand Prix,10.0,RUS,5.708
Saudi Arabian Grand Prix,10.0,BOT,9.809
Saudi Arabian Grand Prix,10.0,PIA,3.745
Saudi Arabian Grand Prix,11.0,VER,0.877
Saudi Arabian Grand Prix,11.0,PER,2.604
Saudi Arabian Grand Prix,11.0,ALO,5.477
Saudi Arabian Grand Prix,11.0,LEC,3.77
Saudi Arabian Grand Prix,11.0,SAR,13.226
Saudi Arabian Grand Prix,11.0,MAG,10.614
Saudi Arabian Grand Prix,11.0,TSU,9.827
Saudi Arabian Grand Prix,11.0,ALB,11.966
Saudi Arabian Grand Prix,11.0,ZHO,8.401
Saudi Arabian Grand Prix,11.0,HUL,6.324
Saudi Arabian Grand Prix,11.0,RIC,14.033
Saudi Arabian Grand Prix,11.0,OCO,11.145
Saudi Arabian Grand Prix,11.0,BEA,8.987
Saudi Arabian Grand Prix,11.0,NOR,0.0
Saudi Arabian Grand Prix,11.0,HAM,2.066
Saudi Arabian Grand Prix,11.0,RUS,7.082
Saudi Arabian Grand Prix,11.0,BOT,12.591
Saudi Arabian Grand Prix,11.0,PIA,4.519
Saudi Arabian Grand Prix,12.0,VER,0.321
Saudi Arabian Grand Prix,12.0,PER,2.657
Saudi Arabian Grand Prix,12.0,ALO,6.335
Saudi Arabian Grand Prix,12.0,LEC,3.492
Saudi Arabian Grand Prix,12.0,SAR,14.991
Saudi Arabian Grand Prix,12.0,MAG,11.966
Saudi Arabian Grand Prix,12.0,TSU,11.213
Saudi Arabian Grand Prix,12.0,ALB,13.53
Saudi Arabian Grand Prix,12.0,ZHO,9.522
Saudi Arabian Grand Prix,12.0,HUL,7.052
Saudi Arabian Grand Prix,12.0,RIC,16.251
Saudi Arabian Grand Prix,12.0,OCO,12.668
Saudi Arabian Grand Prix,12.0,BEA,10.017
Saudi Arabian Grand Prix,12.0,NOR,0.0
Saudi Arabian Grand Prix,12.0,HAM,2.207
Saudi Arabian Grand Prix,12.0,RUS,7.693
Saudi Arabian Grand Prix,12.0,BOT,14.541
Saudi Arabian Grand Prix,12.0,PIA,4.588
Saudi Arabian Grand Prix,13.0,VER,0.0
Saudi Arabian Grand Prix,13.0,PER,3.245
Saudi Arabian Grand Prix,13.0,ALO,7.534
Saudi Arabian Grand Prix,13.0,LEC,4.654
Saudi Arabian Grand Prix,13.0,SAR,17.277
Saudi Arabian Grand Prix,13.0,MAG,13.563
Saudi Arabian Grand Prix,13.0,TSU,13.073
Saudi Arabian Grand Prix,13.0,ALB,15.278
Saudi Arabian Grand Prix,13.0,ZHO,11.412
Saudi Arabian Grand Prix,13.0,HUL,8.954
Saudi Arabian Grand Prix,13.0,RIC,19.123
Saudi Arabian Grand Prix,13.0,OCO,14.31
Saudi Arabian Grand Prix,13.0,BEA,11.705
Saudi Arabian Grand Prix,13.0,NOR,1.666
Saudi Arabian Grand Prix,13.0,HAM,4.054
Saudi Arabian Grand Prix,13.0,RUS,9.31
Saudi Arabian Grand Prix,13.0,BOT,16.523
Saudi Arabian Grand Prix,13.0,PIA,5.463
Saudi Arabian Grand Prix,14.0,VER,0.0
Saudi Arabian Grand Prix,14.0,PER,3.865
Saudi Arabian Grand Prix,14.0,ALO,9.217
Saudi Arabian Grand Prix,14.0,LEC,5.499
Saudi Arabian Grand Prix,14.0,SAR,19.29
Saudi Arabian Grand Prix,14.0,MAG,15.922
Saudi Arabian Grand Prix,14.0,TSU,15.454
Saudi Arabian Grand Prix,14.0,ALB,17.265
Saudi Arabian Grand Prix,14.0,ZHO,14.876
Saudi Arabian Grand Prix,14.0,HUL,12.241
Saudi Arabian Grand Prix,14.0,RIC,21.535
Saudi Arabian Grand Prix,14.0,OCO,16.548000000000002
Saudi Arabian Grand Prix,14.0,BEA,13.99
Saudi Arabian Grand Prix,14.0,NOR,2.443
Saudi Arabian Grand Prix,14.0,HAM,5.201
Saudi Arabian Grand Prix,14.0,RUS,10.495
Saudi Arabian Grand Prix,14.0,BOT,18.753
Saudi Arabian Grand Prix,14.0,PIA,6.7
Saudi Arabian Grand Prix,15.0,VER,0.0
Saudi Arabian Grand Prix,15.0,PER,3.803
Saudi Arabian Grand Prix,15.0,ALO,10.383
Saudi Arabian Grand Prix,15.0,LEC,6.212
Saudi Arabian Grand Prix,15.0,SAR,21.379
Saudi Arabian Grand Prix,15.0,MAG,18.156
Saudi Arabian Grand Prix,15.0,TSU,17.894
Saudi Arabian Grand Prix,15.0,ALB,19.286
Saudi Arabian Grand Prix,15.0,ZHO,17.417
Saudi Arabian Grand Prix,15.0,HUL,14.224
Saudi Arabian Grand Prix,15.0,RIC,23.489
Saudi Arabian Grand Prix,15.0,OCO,18.753
Saudi Arabian Grand Prix,15.0,BEA,15.596
Saudi Arabian Grand Prix,15.0,NOR,2.875
Saudi Arabian Grand Prix,15.0,HAM,7.044
Saudi Arabian Grand Prix,15.0,RUS,11.786
Saudi Arabian Grand Prix,15.0,BOT,20.962
Saudi Arabian Grand Prix,15.0,PIA,7.497
Saudi Arabian Grand Prix,16.0,VER,0.0
Saudi Arabian Grand Prix,16.0,PER,4.147
Saudi Arabian Grand Prix,16.0,ALO,11.964
Saudi Arabian Grand Prix,16.0,LEC,7.053
Saudi Arabian Grand Prix,16.0,SAR,24.249
Saudi Arabian Grand Prix,16.0,MAG,21.064
Saudi Arabian Grand Prix,16.0,TSU,20.697
Saudi Arabian Grand Prix,16.0,ALB,22.564
Saudi Arabian Grand Prix,16.0,ZHO,20.29
Saudi Arabian Grand Prix,16.0,HUL,16.185
Saudi Arabian Grand Prix,16.0,RIC,26.102
Saudi Arabian Grand Prix,16.0,OCO,21.806
Saudi Arabian Grand Prix,16.0,BEA,17.119
Saudi Arabian Grand Prix,16.0,NOR,3.541
Saudi Arabian Grand Prix,16.0,HAM,8.287
Saudi Arabian Grand Prix,16.0,RUS,13.232
Saudi Arabian Grand Prix,16.0,BOT,24.595
Saudi Arabian Grand Prix,16.0,PIA,8.684
Saudi Arabian Grand Prix,17.0,VER,0.0
Saudi Arabian Grand Prix,17.0,PER,5.257
Saudi Arabian Grand Prix,17.0,ALO,13.6
Saudi Arabian Grand Prix,17.0,LEC,8.067
Saudi Arabian Grand Prix,17.0,SAR,27.526
Saudi Arabian Grand Prix,17.0,MAG,24.626
Saudi Arabian Grand Prix,17.0,TSU,25.241
Saudi Arabian Grand Prix,17.0,ALB,26.534
Saudi Arabian Grand Prix,17.0,ZHO,23.113
Saudi Arabian Grand Prix,17.0,HUL,18.331
Saudi Arabian Grand Prix,17.0,RIC,29.31
Saudi Arabian Grand Prix,17.0,OCO,26.011
Saudi Arabian Grand Prix,17.0,BEA,18.741
Saudi Arabian Grand Prix,17.0,NOR,4.979
Saudi Arabian Grand Prix,17.0,HAM,10.039
Saudi Arabian Grand Prix,17.0,RUS,15.08
Saudi Arabian Grand Prix,17.0,BOT,28.774
Saudi Arabian Grand Prix,17.0,PIA,10.682
Saudi Arabian Grand Prix,18.0,VER,0.0
Saudi Arabian Grand Prix,18.0,PER,5.4
Saudi Arabian Grand Prix,18.0,ALO,15.112
Saudi Arabian Grand Prix,18.0,LEC,9.07
Saudi Arabian Grand Prix,18.0,SAR,30.426
Saudi Arabian Grand Prix,18.0,MAG,26.753
Saudi Arabian Grand Prix,18.0,TSU,27.469
Saudi Arabian Grand Prix,18.0,ALB,29.003
Saudi Arabian Grand Prix,18.0,ZHO,25.44
Saudi Arabian Grand Prix,18.0,HUL,20.879
Saudi Arabian Grand Prix,18.0,RIC,32.264
Saudi Arabian Grand Prix,18.0,OCO,28.308
Saudi Arabian Grand Prix,18.0,BEA,20.872
Saudi Arabian Grand Prix,18.0,NOR,7.447
Saudi Arabian Grand Prix,18.0,HAM,11.207
Saudi Arabian Grand Prix,18.0,RUS,16.5
Saudi Arabian Grand Prix,18.0,BOT,31.693
Saudi Arabian Grand Prix,18.0,PIA,11.618
Saudi Arabian Grand Prix,19.0,VER,0.0
Saudi Arabian Grand Prix,19.0,PER,5.8100000000000005
Saudi Arabian Grand Prix,19.0,ALO,16.553
Saudi Arabian Grand Prix,19.0,LEC,9.875
Saudi Arabian Grand Prix,19.0,SAR,32.652
Saudi Arabian Grand Prix,19.0,MAG,28.838
Saudi Arabian Grand Prix,19.0,TSU,29.48
Saudi Arabian Grand Prix,19.0,ALB,30.932
Saudi Arabian Grand Prix,19.0,ZHO,27.712
Saudi Arabian Grand Prix,19.0,HUL,22.918
Saudi Arabian Grand Prix,19.0,RIC,34.982
Saudi Arabian Grand Prix,19.0,OCO,30.325
Saudi Arabian Grand Prix,19.0,BEA,23.353
Saudi Arabian Grand Prix,19.0,NOR,8.506
Saudi Arabian Grand Prix,19.0,HAM,12.596
Saudi Arabian Grand Prix,19.0,RUS,17.76
Saudi Arabian Grand Prix,19.0,BOT,34.386
Saudi Arabian Grand Prix,19.0,PIA,13.114
Saudi Arabian Grand Prix,20.0,VER,0.0
Saudi Arabian Grand Prix,20.0,PER,6.121
Saudi Arabian Grand Prix,20.0,ALO,17.877
Saudi Arabian Grand Prix,20.0,LEC,10.758
Saudi Arabian Grand Prix,20.0,SAR,34.837
Saudi Arabian Grand Prix,20.0,MAG,30.784
Saudi Arabian Grand Prix,20.0,TSU,31.474
Saudi Arabian Grand Prix,20.0,ALB,33.144
Saudi Arabian Grand Prix,20.0,ZHO,29.733
Saudi Arabian Grand Prix,20.0,HUL,24.919
Saudi Arabian Grand Prix,20.0,RIC,37.989
Saudi Arabian Grand Prix,20.0,OCO,32.279
Saudi Arabian Grand Prix,20.0,BEA,25.115
Saudi Arabian Grand Prix,20.0,NOR,9.443
Saudi Arabian Grand Prix,20.0,HAM,13.755
Saudi Arabian Grand Prix,20.0,RUS,19.151
Saudi Arabian Grand Prix,20.0,BOT,37.573
Saudi Arabian Grand Prix,20.0,PIA,14.372
Saudi Arabian Grand Prix,21.0,VER,0.0
Saudi Arabian Grand Prix,21.0,PER,6.32
Saudi Arabian Grand Prix,21.0,ALO,19.322
Saudi Arabian Grand Prix,21.0,LEC,11.547
Saudi Arabian Grand Prix,21.0,SAR,36.986
Saudi Arabian Grand Prix,21.0,MAG,32.774
Saudi Arabian Grand Prix,21.0,TSU,33.251
Saudi Arabian Grand Prix,21.0,ALB,35.031
Saudi Arabian Grand Prix,21.0,ZHO,32.199
Saudi Arabian Grand Prix,21.0,HUL,28.355
Saudi Arabian Grand Prix,21.0,RIC,41.835
Saudi Arabian Grand Prix,21.0,OCO,34.271
Saudi Arabian Grand Prix,21.0,BEA,26.55
Saudi Arabian Grand Prix,21.0,NOR,10.451
Saudi Arabian Grand Prix,21.0,HAM,14.838
Saudi Arabian Grand Prix,21.0,RUS,20.362
Saudi Arabian Grand Prix,21.0,BOT,41.441
Saudi Arabian Grand Prix,21.0,PIA,15.232
Saudi Arabian Grand Prix,22.0,VER,0.0
Saudi Arabian Grand Prix,22.0,PER,6.404
Saudi Arabian Grand Prix,22.0,ALO,20.515
Saudi Arabian Grand Prix,22.0,LEC,12.269
Saudi Arabian Grand Prix,22.0,SAR,39.607
Saudi Arabian Grand Prix,22.0,MAG,35.598
Saudi Arabian Grand Prix,22.0,TSU,35.969
Saudi Arabian Grand Prix,22.0,ALB,38.067
Saudi Arabian Grand Prix,22.0,ZHO,34.377
Saudi Arabian Grand Prix,22.0,HUL,30.733
Saudi Arabian Grand Prix,22.0,RIC,45.288
Saudi Arabian Grand Prix,22.0,OCO,36.509
Saudi Arabian Grand Prix,22.0,BEA,28.129
Saudi Arabian Grand Prix,22.0,NOR,11.169
Saudi Arabian Grand Prix,22.0,HAM,16.277
Saudi Arabian Grand Prix,22.0,RUS,21.646
Saudi Arabian Grand Prix,22.0,BOT,44.886
Saudi Arabian Grand Prix,22.0,PIA,17.012
Saudi Arabian Grand Prix,23.0,VER,0.0
Saudi Arabian Grand Prix,23.0,PER,6.582
Saudi Arabian Grand Prix,23.0,ALO,21.681
Saudi Arabian Grand Prix,23.0,LEC,13.079
Saudi Arabian Grand Prix,23.0,SAR,41.831
Saudi Arabian Grand Prix,23.0,MAG,39.004
Saudi Arabian Grand Prix,23.0,TSU,39.462
Saudi Arabian Grand Prix,23.0,ALB,40.638
Saudi Arabian Grand Prix,23.0,ZHO,36.881
Saudi Arabian Grand Prix,23.0,HUL,32.757
Saudi Arabian Grand Prix,23.0,RIC,48.351
Saudi Arabian Grand Prix,23.0,OCO,39.933
Saudi Arabian Grand Prix,23.0,BEA,29.465
Saudi Arabian Grand Prix,23.0,NOR,12.201
Saudi Arabian Grand Prix,23.0,HAM,17.526
Saudi Arabian Grand Prix,23.0,RUS,22.953
Saudi Arabian Grand Prix,23.0,BOT,48.345
Saudi Arabian Grand Prix,23.0,PIA,17.935
Saudi Arabian Grand Prix,24.0,VER,0.0
Saudi Arabian Grand Prix,24.0,PER,6.694
Saudi Arabian Grand Prix,24.0,ALO,23.031
Saudi Arabian Grand Prix,24.0,LEC,13.907
Saudi Arabian Grand Prix,24.0,SAR,44.281
Saudi Arabian Grand Prix,24.0,MAG,42.393
Saudi Arabian Grand Prix,24.0,TSU,42.661
Saudi Arabian Grand Prix,24.0,ALB,43.922
Saudi Arabian Grand Prix,24.0,ZHO,39.343
Saudi Arabian Grand Prix,24.0,HUL,34.917
Saudi Arabian Grand Prix,24.0,RIC,50.603
Saudi Arabian Grand Prix,24.0,OCO,43.374
Saudi Arabian Grand Prix,24.0,BEA,30.748
Saudi Arabian Grand Prix,24.0,NOR,13.079
Saudi Arabian Grand Prix,24.0,HAM,18.868
Saudi Arabian Grand Prix,24.0,RUS,24.526
Saudi Arabian Grand Prix,24.0,BOT,52.564
Saudi Arabian Grand Prix,24.0,PIA,19.349
Saudi Arabian Grand Prix,25.0,VER,0.0
Saudi Arabian Grand Prix,25.0,PER,6.938
Saudi Arabian Grand Prix,25.0,ALO,24.136
Saudi Arabian Grand Prix,25.0,LEC,14.258
Saudi Arabian Grand Prix,25.0,SAR,48.035
Saudi Arabian Grand Prix,25.0,MAG,46.163
Saudi Arabian Grand Prix,25.0,TSU,46.424
Saudi Arabian Grand Prix,25.0,ALB,47.261
Saudi Arabian Grand Prix,25.0,ZHO,41.703
Saudi Arabian Grand Prix,25.0,HUL,36.857
Saudi Arabian Grand Prix,25.0,RIC,52.557
Saudi Arabian Grand Prix,25.0,OCO,46.962
Saudi Arabian Grand Prix,25.0,BEA,31.887
Saudi Arabian Grand Prix,25.0,NOR,13.866
Saudi Arabian Grand Prix,25.0,HAM,19.615
Saudi Arabian Grand Prix,25.0,RUS,25.818
Saudi Arabian Grand Prix,25.0,BOT,55.398
Saudi Arabian Grand Prix,25.0,PIA,20.258
Saudi Arabian Grand Prix,26.0,VER,0.0
Saudi Arabian Grand Prix,26.0,PER,7.127
Saudi Arabian Grand Prix,26.0,ALO,25.416
Saudi Arabian Grand Prix,26.0,LEC,15.207
Saudi Arabian Grand Prix,26.0,SAR,51.971
Saudi Arabian Grand Prix,26.0,MAG,49.862
Saudi Arabian Grand Prix,26.0,TSU,50.525
Saudi Arabian Grand Prix,26.0,ALB,51.333
Saudi Arabian Grand Prix,26.0,ZHO,44.178
Saudi Arabian Grand Prix,26.0,HUL,38.99
Saudi Arabian Grand Prix,26.0,RIC,54.969
Saudi Arabian Grand Prix,26.0,OCO,50.732
Saudi Arabian Grand Prix,26.0,BEA,33.114
Saudi Arabian Grand Prix,26.0,NOR,15.097
Saudi Arabian Grand Prix,26.0,HAM,20.572
Saudi Arabian Grand Prix,26.0,RUS,26.994
Saudi Arabian Grand Prix,26.0,BOT,58.156
Saudi Arabian Grand Prix,26.0,PIA,21.009
Saudi Arabian Grand Prix,27.0,VER,0.0
Saudi Arabian Grand Prix,27.0,PER,7.139
Saudi Arabian Grand Prix,27.0,ALO,26.274
Saudi Arabian Grand Prix,27.0,LEC,15.636
Saudi Arabian Grand Prix,27.0,SAR,55.447
Saudi Arabian Grand Prix,27.0,MAG,53.362
Saudi Arabian Grand Prix,27.0,TSU,53.896
Saudi Arabian Grand Prix,27.0,ALB,54.738
Saudi Arabian Grand Prix,27.0,ZHO,46.458
Saudi Arabian Grand Prix,27.0,HUL,40.972
Saudi Arabian Grand Prix,27.0,RIC,57.895
Saudi Arabian Grand Prix,27.0,OCO,54.409
Saudi Arabian Grand Prix,27.0,BEA,34.2
Saudi Arabian Grand Prix,27.0,NOR,17.093
Saudi Arabian Grand Prix,27.0,HAM,21.768
Saudi Arabian Grand Prix,27.0,RUS,27.843
Saudi Arabian Grand Prix,27.0,BOT,60.688
Saudi Arabian Grand Prix,27.0,PIA,22.285
Saudi Arabian Grand Prix,28.0,VER,0.0
Saudi Arabian Grand Prix,28.0,PER,7.433
Saudi Arabian Grand Prix,28.0,ALO,27.463
Saudi Arabian Grand Prix,28.0,LEC,16.164
Saudi Arabian Grand Prix,28.0,SAR,58.659
Saudi Arabian Grand Prix,28.0,MAG,56.787
Saudi Arabian Grand Prix,28.0,TSU,56.89
Saudi Arabian Grand Prix,28.0,ALB,58.23
Saudi Arabian Grand Prix,28.0,ZHO,48.663
Saudi Arabian Grand Prix,28.0,HUL,42.78
Saudi Arabian Grand Prix,28.0,RIC,60.506
Saudi Arabian Grand Prix,28.0,OCO,57.619
Saudi Arabian Grand Prix,28.0,BEA,35.165
Saudi Arabian Grand Prix,28.0,NOR,18.213
Saudi Arabian Grand Prix,28.0,HAM,22.654
Saudi Arabian Grand Prix,28.0,RUS,28.944
Saudi Arabian Grand Prix,28.0,BOT,63.338
Saudi Arabian Grand Prix,28.0,PIA,23.138
Saudi Arabian Grand Prix,29.0,VER,0.0
Saudi Arabian Grand Prix,29.0,PER,7.352
Saudi Arabian Grand Prix,29.0,ALO,28.393
Saudi Arabian Grand Prix,29.0,LEC,16.717
Saudi Arabian Grand Prix,29.0,SAR,61.954
Saudi Arabian Grand Prix,29.0,MAG,59.832
Saudi Arabian Grand Prix,29.0,TSU,60.869
Saudi Arabian Grand Prix,29.0,ALB,61.165
Saudi Arabian Grand Prix,29.0,ZHO,50.901
Saudi Arabian Grand Prix,29.0,HUL,44.263
Saudi Arabian Grand Prix,29.0,RIC,63.403
Saudi Arabian Grand Prix,29.0,OCO,60.172
Saudi Arabian Grand Prix,29.0,BEA,35.792
Saudi Arabian Grand Prix,29.0,NOR,19.092
Saudi Arabian Grand Prix,29.0,HAM,23.469
Saudi Arabian Grand Prix,29.0,RUS,29.835
Saudi Arabian Grand Prix,29.0,BOT,65.443
Saudi Arabian Grand Prix,29.0,PIA,24.207
Saudi Arabian Grand Prix,30.0,VER,0.0
Saudi Arabian Grand Prix,30.0,PER,7.533
Saudi Arabian Grand Prix,30.0,ALO,29.285
Saudi Arabian Grand Prix,30.0,LEC,16.979
Saudi Arabian Grand Prix,30.0,SAR,65.103
Saudi Arabian Grand Prix,30.0,MAG,63.074
Saudi Arabian Grand Prix,30.0,TSU,64.309
Saudi Arabian Grand Prix,30.0,ALB,64.699
Saudi Arabian Grand Prix,30.0,ZHO,53.185
Saudi Arabian Grand Prix,30.0,HUL,45.969
Saudi Arabian Grand Prix,30.0,RIC,66.41
Saudi Arabian Grand Prix,30.0,OCO,63.688
Saudi Arabian Grand Prix,30.0,BEA,36.962
Saudi Arabian Grand Prix,30.0,NOR,20.141
Saudi Arabian Grand Prix,30.0,HAM,24.222
Saudi Arabian Grand Prix,30.0,RUS,30.865
Saudi Arabian Grand Prix,30.0,BOT,68.155
Saudi Arabian Grand Prix,30.0,PIA,24.982
Saudi Arabian Grand Prix,31.0,VER,0.0
Saudi Arabian Grand Prix,31.0,PER,7.904
Saudi Arabian Grand Prix,31.0,ALO,30.501
Saudi Arabian Grand Prix,31.0,LEC,17.131
Saudi Arabian Grand Prix,31.0,SAR,68.528
Saudi Arabian Grand Prix,31.0,MAG,66.681
Saudi Arabian Grand Prix,31.0,TSU,67.794
Saudi Arabian Grand Prix,31.0,ALB,68.085
Saudi Arabian Grand Prix,31.0,ZHO,55.531
Saudi Arabian Grand Prix,31.0,HUL,47.697
Saudi Arabian Grand Prix,31.0,RIC,69.389
Saudi Arabian Grand Prix,31.0,OCO,67.146
Saudi Arabian Grand Prix,31.0,BEA,37.954
Saudi Arabian Grand Prix,31.0,NOR,21.249
Saudi Arabian Grand Prix,31.0,HAM,25.152
Saudi Arabian Grand Prix,31.0,RUS,31.976
Saudi Arabian Grand Prix,31.0,BOT,71.116
Saudi Arabian Grand Prix,31.0,PIA,25.88
Saudi Arabian Grand Prix,32.0,VER,0.0
Saudi Arabian Grand Prix,32.0,PER,7.865
Saudi Arabian Grand Prix,32.0,ALO,31.354
Saudi Arabian Grand Prix,32.0,LEC,17.545
Saudi Arabian Grand Prix,32.0,SAR,71.88
Saudi Arabian Grand Prix,32.0,MAG,69.919
Saudi Arabian Grand Prix,32.0,TSU,70.943
Saudi Arabian Grand Prix,32.0,ALB,71.161
Saudi Arabian Grand Prix,32.0,ZHO,57.617
Saudi Arabian Grand Prix,32.0,HUL,49.151
Saudi Arabian Grand Prix,32.0,RIC,72.648
Saudi Arabian Grand Prix,32.0,OCO,70.31
Saudi Arabian Grand Prix,32.0,BEA,38.495
Saudi Arabian Grand Prix,32.0,NOR,22.013
Saudi Arabian Grand Prix,32.0,HAM,26.013
Saudi Arabian Grand Prix,32.0,RUS,32.821
Saudi Arabian Grand Prix,32.0,BOT,73.744
Saudi Arabian Grand Prix,32.0,PIA,26.596
Saudi Arabian Grand Prix,33.0,VER,0.0
Saudi Arabian Grand Prix,33.0,PER,8.12
Saudi Arabian Grand Prix,33.0,ALO,32.497
Saudi Arabian Grand Prix,33.0,LEC,18.3
Saudi Arabian Grand Prix,33.0,SAR,75.271
Saudi Arabian Grand Prix,33.0,MAG,73.31
Saudi Arabian Grand Prix,33.0,TSU,74.752
Saudi Arabian Grand Prix,33.0,ALB,74.073
Saudi Arabian Grand Prix,33.0,ZHO,59.987
Saudi Arabian Grand Prix,33.0,HUL,53.443
Saudi Arabian Grand Prix,33.0,RIC,76.092
Saudi Arabian Grand Prix,33.0,OCO,73.754
Saudi Arabian Grand Prix,33.0,BEA,39.737
Saudi Arabian Grand Prix,33.0,NOR,23.218
Saudi Arabian Grand Prix,33.0,HAM,27.064
Saudi Arabian Grand Prix,33.0,RUS,33.832
Saudi Arabian Grand Prix,33.0,BOT,77.227
Saudi Arabian Grand Prix,33.0,PIA,27.576999999999998
Saudi Arabian Grand Prix,34.0,VER,0.0
Saudi Arabian Grand Prix,34.0,PER,8.193
Saudi Arabian Grand Prix,34.0,ALO,33.2
Saudi Arabian Grand Prix,34.0,LEC,18.839
Saudi Arabian Grand Prix,34.0,SAR,77.556
Saudi Arabian Grand Prix,34.0,MAG,74.926
Saudi Arabian Grand Prix,34.0,TSU,76.962
Saudi Arabian Grand Prix,34.0,ALB,76.039
Saudi Arabian Grand Prix,34.0,ZHO,62.079
Saudi Arabian Grand Prix,34.0,HUL,72.748
Saudi Arabian Grand Prix,34.0,RIC,78.784
Saudi Arabian Grand Prix,34.0,OCO,75.283
Saudi Arabian Grand Prix,34.0,BEA,40.435
Saudi Arabian Grand Prix,34.0,NOR,24.059
Saudi Arabian Grand Prix,34.0,HAM,28.199
Saudi Arabian Grand Prix,34.0,RUS,34.583
Saudi Arabian Grand Prix,34.0,BOT,80.39
Saudi Arabian Grand Prix,34.0,PIA,28.424
Saudi Arabian Grand Prix,35.0,VER,0.0
Saudi Arabian Grand Prix,35.0,PER,8.075
Saudi Arabian Grand Prix,35.0,ALO,34.059
Saudi Arabian Grand Prix,35.0,LEC,19.316
Saudi Arabian Grand Prix,35.0,SAR,79.736
Saudi Arabian Grand Prix,35.0,MAG,76.313
Saudi Arabian Grand Prix,35.0,TSU,79.207
Saudi Arabian Grand Prix,35.0,ALB,78.553
Saudi Arabian Grand Prix,35.0,ZHO,63.948
Saudi Arabian Grand Prix,35.0,HUL,73.318
Saudi Arabian Grand Prix,35.0,RIC,80.906
Saudi Arabian Grand Prix,35.0,OCO,76.808
Saudi Arabian Grand Prix,35.0,BEA,41.165
Saudi Arabian Grand Prix,35.0,NOR,25.094
Saudi Arabian Grand Prix,35.0,HAM,29.405
Saudi Arabian Grand Prix,35.0,RUS,35.128
Saudi Arabian Grand Prix,35.0,BOT,85.718
Saudi Arabian Grand Prix,35.0,PIA,30.006
Saudi Arabian Grand Prix,36.0,VER,0.0
Saudi Arabian Grand Prix,36.0,PER,8.025
Saudi Arabian Grand Prix,36.0,ALO,34.66
Saudi Arabian Grand Prix,36.0,LEC,19.818
Saudi Arabian Grand Prix,36.0,SAR,81.899
Saudi Arabian Grand Prix,36.0,MAG,77.66
Saudi Arabian Grand Prix,36.0,TSU,81.152
Saudi Arabian Grand Prix,36.0,ALB,80.127
Saudi Arabian Grand Prix,36.0,ZHO,65.817
Saudi Arabian Grand Prix,36.0,HUL,73.92
Saudi Arabian Grand Prix,36.0,RIC,83.413
Saudi Arabian Grand Prix,36.0,OCO,78.194
Saudi Arabian Grand Prix,36.0,BEA,41.805
Saudi Arabian Grand Prix,36.0,NOR,26.254
Saudi Arabian Grand Prix,36.0,HAM,32.959
Saudi Arabian Grand Prix,36.0,RUS,35.84
Saudi Arabian Grand Prix,36.0,BOT,107.554
Saudi Arabian Grand Prix,36.0,PIA,30.622
Saudi Arabian Grand Prix,37.0,VER,0.0
Saudi Arabian Grand Prix,37.0,PER,7.886
Saudi Arabian Grand Prix,37.0,ALO,35.364
Saudi Arabian Grand Prix,37.0,LEC,20.08
Saudi Arabian Grand Prix,37.0,SAR,83.715
Saudi Arabian Grand Prix,37.0,MAG,78.764
Saudi Arabian Grand Prix,37.0,TSU,82.973
Saudi Arabian Grand Prix,37.0,ALB,81.654
Saudi Arabian Grand Prix,37.0,ZHO,67.537
Saudi Arabian Grand Prix,37.0,HUL,74.756
Saudi Arabian Grand Prix,37.0,RIC,85.126
Saudi Arabian Grand Prix,37.0,OCO,79.592
Saudi Arabian Grand Prix,37.0,BEA,42.445
Saudi Arabian Grand Prix,37.0,NOR,30.517
Saudi Arabian Grand Prix,37.0,HAM,50.032
Saudi Arabian Grand Prix,37.0,RUS,36.686
Saudi Arabian Grand Prix,37.0,BOT,108.222
Saudi Arabian Grand Prix,37.0,PIA,31.144
Saudi Arabian Grand Prix,38.0,VER,0.0
Saudi Arabian Grand Prix,38.0,PER,8.301
Saudi Arabian Grand Prix,38.0,ALO,36.005
Saudi Arabian Grand Prix,38.0,LEC,20.416
Saudi Arabian Grand Prix,38.0,SAR,85.182
Saudi Arabian Grand Prix,38.0,MAG,79.897
Saudi Arabian Grand Prix,38.0,TSU,84.638
Saudi Arabian Grand Prix,38.0,ALB,83.031
Saudi Arabian Grand Prix,38.0,ZHO,69.155
Saudi Arabian Grand Prix,38.0,HUL,75.613
Saudi Arabian Grand Prix,38.0,RIC,86.651
Saudi Arabian Grand Prix,38.0,OCO,81.141
Saudi Arabian Grand Prix,38.0,BEA,42.857
Saudi Arabian Grand Prix,38.0,NOR,49.07
Saudi Arabian Grand Prix,38.0,HAM,49.482
Saudi Arabian Grand Prix,38.0,RUS,37.408
Saudi Arabian Grand Prix,38.0,BOT,108.853
Saudi Arabian Grand Prix,38.0,PIA,31.935
Saudi Arabian Grand Prix,39.0,VER,0.0
Saudi Arabian Grand Prix,39.0,PER,8.656
Saudi Arabian Grand Prix,39.0,ALO,36.702
Saudi Arabian Grand Prix,39.0,LEC,21.143
Saudi Arabian Grand Prix,39.0,SAR,87.157
Saudi Arabian Grand Prix,39.0,MAG,81.105
Saudi Arabian Grand Prix,39.0,TSU,86.537
Saudi Arabian Grand Prix,39.0,ALB,84.54
Saudi Arabian Grand Prix,39.0,ZHO,71.075
Saudi Arabian Grand Prix,39.0,HUL,76.663
Saudi Arabian Grand Prix,39.0,RIC,88.63
Saudi Arabian Grand Prix,39.0,OCO,83.193
Saudi Arabian Grand Prix,39.0,BEA,43.618
Saudi Arabian Grand Prix,39.0,NOR,49.181
Saudi Arabian Grand Prix,39.0,HAM,49.802
Saudi Arabian Grand Prix,39.0,RUS,38.02
Saudi Arabian Grand Prix,39.0,BOT,109.886
Saudi Arabian Grand Prix,39.0,PIA,32.615
Saudi Arabian Grand Prix,40.0,VER,0.0
Saudi Arabian Grand Prix,40.0,PER,8.821
Saudi Arabian Grand Prix,40.0,ALO,36.574
Saudi Arabian Grand Prix,40.0,LEC,20.87
Saudi Arabian Grand Prix,40.0,SAR,88.149
Saudi Arabian Grand Prix,40.0,MAG,81.48
Saudi Arabian Grand Prix,40.0,TSU,87.583
Saudi Arabian Grand Prix,40.0,ALB,85.409
Saudi Arabian Grand Prix,40.0,ZHO,72.256
Saudi Arabian Grand Prix,40.0,HUL,77.04
Saudi Arabian Grand Prix,40.0,RIC,89.569
Saudi Arabian Grand Prix,40.0,OCO,84.354
Saudi Arabian Grand Prix,40.0,BEA,43.67
Saudi Arabian Grand Prix,40.0,NOR,48.57
Saudi Arabian Grand Prix,40.0,HAM,49.617
Saudi Arabian Grand Prix,40.0,RUS,37.952
Saudi Arabian Grand Prix,40.0,BOT,110.506
Saudi Arabian Grand Prix,40.0,PIA,32.663
Saudi Arabian Grand Prix,41.0,VER,0.0
Saudi Arabian Grand Prix,41.0,PER,8.81
Saudi Arabian Grand Prix,41.0,ALO,36.745
Saudi Arabian Grand Prix,41.0,LEC,20.883
Saudi Arabian Grand Prix,41.0,SAR,89.496
Saudi Arabian Grand Prix,41.0,MAG,81.844
Saudi Arabian Grand Prix,41.0,TSU,88.823
Saudi Arabian Grand Prix,41.0,ALB,86.668
Saudi Arabian Grand Prix,41.0,ZHO,76.144
Saudi Arabian Grand Prix,41.0,HUL,77.389
Saudi Arabian Grand Prix,41.0,RIC,91.652
Saudi Arabian Grand Prix,41.0,OCO,85.574
Saudi Arabian Grand Prix,41.0,BEA,43.87
Saudi Arabian Grand Prix,41.0,NOR,48.174
Saudi Arabian Grand Prix,41.0,HAM,49.327
Saudi Arabian Grand Prix,41.0,RUS,37.919
Saudi Arabian Grand Prix,41.0,BOT,111.209
Saudi Arabian Grand Prix,41.0,PIA,32.717
Saudi Arabian Grand Prix,42.0,VER,0.0
Saudi Arabian Grand Prix,42.0,PER,8.23
Saudi Arabian Grand Prix,42.0,ALO,36.142
Saudi Arabian Grand Prix,42.0,LEC,20.53
Saudi Arabian Grand Prix,42.0,SAR,90.131
Saudi Arabian Grand Prix,42.0,MAG,81.546
Saudi Arabian Grand Prix,42.0,TSU,89.433
Saudi Arabian Grand Prix,42.0,ALB,86.505
Saudi Arabian Grand Prix,42.0,ZHO,120.523
Saudi Arabian Grand Prix,42.0,HUL,76.968
Saudi Arabian Grand Prix,42.0,RIC,94.451
Saudi Arabian Grand Prix,42.0,OCO,86.194
Saudi Arabian Grand Prix,42.0,BEA,43.513
Saudi Arabian Grand Prix,42.0,NOR,47.363
Saudi Arabian Grand Prix,42.0,HAM,48.341
Saudi Arabian Grand Prix,42.0,RUS,37.16
Saudi Arabian Grand Prix,42.0,BOT,111.192
Saudi Arabian Grand Prix,42.0,PIA,32.157
Saudi Arabian Grand Prix,43.0,VER,0.0
Saudi Arabian Grand Prix,43.0,PER,7.499
Saudi Arabian Grand Prix,43.0,ALO,35.406
Saudi Arabian Grand Prix,43.0,LEC,19.963
Saudi Arabian Grand Prix,43.0,SAR,90.774
Saudi Arabian Grand Prix,43.0,MAG,81.325
Saudi Arabian Grand Prix,43.0,TSU,90.077
Saudi Arabian Grand Prix,43.0,ALB,86.376
Saudi Arabian Grand Prix,43.0,ZHO,120.447
Saudi Arabian Grand Prix,43.0,HUL,76.597
Saudi Arabian Grand Prix,43.0,RIC,95.033
Saudi Arabian Grand Prix,43.0,OCO,87.661
Saudi Arabian Grand Prix,43.0,BEA,43.062
Saudi Arabian Grand Prix,43.0,NOR,46.639
Saudi Arabian Grand Prix,43.0,HAM,47.259
Saudi Arabian Grand Prix,43.0,RUS,36.536
Saudi Arabian Grand Prix,43.0,BOT,111.137
Saudi Arabian Grand Prix,43.0,PIA,31.555
Saudi Arabian Grand Prix,44.0,VER,0.0
Saudi Arabian Grand Prix,44.0,PER,7.563
Saudi Arabian Grand Prix,44.0,ALO,35.503
Saudi Arabian Grand Prix,44.0,LEC,20.265
Saudi Arabian Grand Prix,44.0,SAR,93.612
Saudi Arabian Grand Prix,44.0,MAG,81.592
Saudi Arabian Grand Prix,44.0,TSU,91.223
Saudi Arabian Grand Prix,44.0,ALB,86.996
Saudi Arabian Grand Prix,44.0,ZHO,120.84
Saudi Arabian Grand Prix,44.0,HUL,76.856
Saudi Arabian Grand Prix,44.0,RIC,96.092
Saudi Arabian Grand Prix,44.0,OCO,89.155
Saudi Arabian Grand Prix,44.0,BEA,43.007
Saudi Arabian Grand Prix,44.0,NOR,46.413
Saudi Arabian Grand Prix,44.0,HAM,47.114
Saudi Arabian Grand Prix,44.0,RUS,36.73
Saudi Arabian Grand Prix,44.0,BOT,113.961
Saudi Arabian Grand Prix,44.0,PIA,31.717
Saudi Arabian Grand Prix,45.0,VER,0.0
Saudi Arabian Grand Prix,45.0,PER,7.115
Saudi Arabian Grand Prix,45.0,ALO,34.906
Saudi Arabian Grand Prix,45.0,LEC,19.807
Saudi Arabian Grand Prix,45.0,SAR,94.679
Saudi Arabian Grand Prix,45.0,MAG,81.22
Saudi Arabian Grand Prix,45.0,TSU,91.857
Saudi Arabian Grand Prix,45.0,ALB,86.55
Saudi Arabian Grand Prix,45.0,ZHO,120.687
Saudi Arabian Grand Prix,45.0,HUL,76.339
Saudi Arabian Grand Prix,45.0,RIC,96.832
Saudi Arabian Grand Prix,45.0,OCO,89.788
Saudi Arabian Grand Prix,45.0,BEA,42.61
Saudi Arabian Grand Prix,45.0,NOR,45.608
Saudi Arabian Grand Prix,45.0,HAM,46.047
Saudi Arabian Grand Prix,45.0,RUS,36.293
Saudi Arabian Grand Prix,45.0,BOT,113.854
Saudi Arabian Grand Prix,45.0,PIA,31.017
Saudi Arabian Grand Prix,46.0,VER,0.0
Saudi Arabian Grand Prix,46.0,PER,6.707
Saudi Arabian Grand Prix,46.0,ALO,34.658
Saudi Arabian Grand Prix,46.0,LEC,18.97
Saudi Arabian Grand Prix,46.0,SAR,95.931
Saudi Arabian Grand Prix,46.0,MAG,81.143
Saudi Arabian Grand Prix,46.0,TSU,93.929
Saudi Arabian Grand Prix,46.0,ALB,86.201
Saudi Arabian Grand Prix,46.0,ZHO,120.672
Saudi Arabian Grand Prix,46.0,HUL,75.88
Saudi Arabian Grand Prix,46.0,RIC,97.343
Saudi Arabian Grand Prix,46.0,OCO,90.656
Saudi Arabian Grand Prix,46.0,BEA,42.47
Saudi Arabian Grand Prix,46.0,NOR,45.221
Saudi Arabian Grand Prix,46.0,HAM,46.194
Saudi Arabian Grand Prix,46.0,RUS,36.044
Saudi Arabian Grand Prix,46.0,BOT,113.913
Saudi Arabian Grand Prix,46.0,PIA,30.685
Saudi Arabian Grand Prix,47.0,VER,0.0
Saudi Arabian Grand Prix,47.0,PER,6.755
Saudi Arabian Grand Prix,47.0,ALO,34.453
Saudi Arabian Grand Prix,47.0,LEC,18.215
Saudi Arabian Grand Prix,47.0,SAR,96.865
Saudi Arabian Grand Prix,47.0,MAG,80.697
Saudi Arabian Grand Prix,47.0,TSU,94.67
Saudi Arabian Grand Prix,47.0,ALB,87.275
Saudi Arabian Grand Prix,47.0,ZHO,121.095
Saudi Arabian Grand Prix,47.0,HUL,75.475
Saudi Arabian Grand Prix,47.0,RIC,97.882
Saudi Arabian Grand Prix,47.0,OCO,93.166
Saudi Arabian Grand Prix,47.0,BEA,42.269
Saudi Arabian Grand Prix,47.0,NOR,44.59
Saudi Arabian Grand Prix,47.0,HAM,45.516
Saudi Arabian Grand Prix,47.0,RUS,35.754
Saudi Arabian Grand Prix,47.0,BOT,113.981
Saudi Arabian Grand Prix,47.0,PIA,30.475
Saudi Arabian Grand Prix,48.0,VER,0.0
Saudi Arabian Grand Prix,48.0,PER,6.7059999999999995
Saudi Arabian Grand Prix,48.0,ALO,34.519
Saudi Arabian Grand Prix,48.0,LEC,19.016
Saudi Arabian Grand Prix,48.0,SAR,97.685
Saudi Arabian Grand Prix,48.0,MAG,81.608
Saudi Arabian Grand Prix,48.0,TSU,95.947
Saudi Arabian Grand Prix,48.0,ALB,87.423
Saudi Arabian Grand Prix,48.0,ZHO,121.293
Saudi Arabian Grand Prix,48.0,HUL,75.432
Saudi Arabian Grand Prix,48.0,RIC,109.1
Saudi Arabian Grand Prix,48.0,OCO,94.084
Saudi Arabian Grand Prix,48.0,BEA,41.968
Saudi Arabian Grand Prix,48.0,NOR,44.396
Saudi Arabian Grand Prix,48.0,HAM,45.334
Saudi Arabian Grand Prix,48.0,RUS,36.071
Saudi Arabian Grand Prix,48.0,BOT,114.365
Saudi Arabian Grand Prix,48.0,PIA,30.569
Saudi Arabian Grand Prix,49.0,VER,0.0
Saudi Arabian Grand Prix,49.0,PER,7.572
Saudi Arabian Grand Prix,49.0,ALO,34.745
Saudi Arabian Grand Prix,49.0,LEC,18.784
Saudi Arabian Grand Prix,49.0,SAR,98.548
Saudi Arabian Grand Prix,49.0,MAG,82.882
Saudi Arabian Grand Prix,49.0,TSU,97.344
Saudi Arabian Grand Prix,49.0,ALB,87.82
Saudi Arabian Grand Prix,49.0,ZHO,121.338
Saudi Arabian Grand Prix,49.0,HUL,75.635
Saudi Arabian Grand Prix,49.0,RIC,112.473
Saudi Arabian Grand Prix,49.0,OCO,95.734
Saudi Arabian Grand Prix,49.0,BEA,42.289
Saudi Arabian Grand Prix,49.0,NOR,44.621
Saudi Arabian Grand Prix,49.0,HAM,45.786
Saudi Arabian Grand Prix,49.0,RUS,36.588
Saudi Arabian Grand Prix,49.0,BOT,114.908
Saudi Arabian Grand Prix,49.0,PIA,30.994
Saudi Arabian Grand Prix,50.0,VER,0.0
Saudi Arabian Grand Prix,50.0,PER,8.63
Saudi Arabian Grand Prix,50.0,ALO,35.751
Saudi Arabian Grand Prix,50.0,LEC,18.643
Saudi Arabian Grand Prix,50.0,MAG,85.712
Saudi Arabian Grand Prix,50.0,ALB,88.354
Saudi Arabian Grand Prix,50.0,HUL,76.943
Saudi Arabian Grand Prix,50.0,BEA,42.702
Saudi Arabian Grand Prix,50.0,NOR,45.689
Saudi Arabian Grand Prix,50.0,HAM,47.327
Saudi Arabian Grand Prix,50.0,RUS,39.96
Saudi Arabian Grand Prix,50.0,PIA,31.99
Australian Grand Prix,1.0,VER,0.0
Australian Grand Prix,1.0,GAS,9.846
Australian Grand Prix,1.0,PER,4.97
Australian Grand Prix,1.0,ALO,7.045
Australian Grand Prix,1.0,LEC,3.062
Australian Grand Prix,1.0,STR,5.377
Australian Grand Prix,1.0,MAG,8.009
Australian Grand Prix,1.0,TSU,5.8469999999999995
Australian Grand Prix,1.0,ALB,8.294
Australian Grand Prix,1.0,ZHO,11.233
Australian Grand Prix,1.0,HUL,9.462
Australian Grand Prix,1.0,RIC,10.187
Australian Grand Prix,1.0,OCO,8.825
Australian Grand Prix,1.0,NOR,2.326
Australian Grand Prix,1.0,HAM,6.23
Australian Grand Prix,1.0,SAI,0.917
Australian Grand Prix,1.0,RUS,4.452
Australian Grand Prix,1.0,BOT,7.305
Australian Grand Prix,1.0,PIA,3.578
Australian Grand Prix,2.0,VER,0.582
Australian Grand Prix,2.0,GAS,10.978
Australian Grand Prix,2.0,PER,4.834
Australian Grand Prix,2.0,ALO,7.812
Australian Grand Prix,2.0,LEC,2.559
Australian Grand Prix,2.0,STR,5.411
Australian Grand Prix,2.0,MAG,8.74
Australian Grand Prix,2.0,TSU,6.1370000000000005
Australian Grand Prix,2.0,ALB,9.313
Australian Grand Prix,2.0,ZHO,12.095
Australian Grand Prix,2.0,HUL,10.652
Australian Grand Prix,2.0,RIC,11.496
Australian Grand Prix,2.0,OCO,9.988
Australian Grand Prix,2.0,NOR,1.992
Australian Grand Prix,2.0,HAM,6.768
Australian Grand Prix,2.0,SAI,0.0
Australian Grand Prix,2.0,RUS,4.282
Australian Grand Prix,2.0,BOT,8.132
Australian Grand Prix,2.0,PIA,3.293
Australian Grand Prix,3.0,VER,0.691
Australian Grand Prix,3.0,GAS,11.823
Australian Grand Prix,3.0,PER,4.993
Australian Grand Prix,3.0,ALO,7.784
Australian Grand Prix,3.0,LEC,2.329
Australian Grand Prix,3.0,STR,5.601
Australian Grand Prix,3.0,MAG,9.299
Australian Grand Prix,3.0,TSU,6.334
Australian Grand Prix,3.0,ALB,9.913
Australian Grand Prix,3.0,ZHO,13.001
Australian Grand Prix,3.0,HUL,11.222
Australian Grand Prix,3.0,RIC,12.33
Australian Grand Prix,3.0,OCO,10.559
Australian Grand Prix,3.0,NOR,1.642
Australian Grand Prix,3.0,HAM,6.832
Australian Grand Prix,3.0,SAI,0.0
Australian Grand Prix,3.0,RUS,4.313
Australian Grand Prix,3.0,BOT,8.398
Australian Grand Prix,3.0,PIA,2.956
Australian Grand Prix,4.0,VER,18.623
Australian Grand Prix,4.0,GAS,13.09
Australian Grand Prix,4.0,PER,5.958
Australian Grand Prix,4.0,ALO,9.093
Australian Grand Prix,4.0,LEC,2.415
Australian Grand Prix,4.0,STR,6.622
Australian Grand Prix,4.0,MAG,10.395
Australian Grand Prix,4.0,TSU,7.335
Australian Grand Prix,4.0,ALB,10.918
Australian Grand Prix,4.0,ZHO,14.516
Australian Grand Prix,4.0,HUL,12.52
Australian Grand Prix,4.0,RIC,13.992
Australian Grand Prix,4.0,OCO,11.7
Australian Grand Prix,4.0,NOR,1.818
Australian Grand Prix,4.0,HAM,7.835
Australian Grand Prix,4.0,SAI,0.0
Australian Grand Prix,4.0,RUS,5.451
Australian Grand Prix,4.0,BOT,9.67
Australian Grand Prix,4.0,PIA,3.104
Australian Grand Prix,5.0,GAS,14.987
Australian Grand Prix,5.0,PER,6.693
Australian Grand Prix,5.0,ALO,9.758
Australian Grand Prix,5.0,LEC,2.418
Australian Grand Prix,5.0,STR,7.33
Australian Grand Prix,5.0,MAG,11.727
Australian Grand Prix,5.0,TSU,8.016
Australian Grand Prix,5.0,ALB,12.205
Australian Grand Prix,5.0,ZHO,16.048
Australian Grand Prix,5.0,HUL,14.356
Australian Grand Prix,5.0,RIC,30.169
Australian Grand Prix,5.0,OCO,12.855
Australian Grand Prix,5.0,NOR,1.874
Australian Grand Prix,5.0,HAM,8.762
Australian Grand Prix,5.0,SAI,0.0
Australian Grand Prix,5.0,RUS,5.994
Australian Grand Prix,5.0,BOT,10.600999999999999
Australian Grand Prix,5.0,PIA,3.069
Australian Grand Prix,6.0,GAS,16.327
Australian Grand Prix,6.0,PER,7.145
Australian Grand Prix,6.0,ALO,10.382
Australian Grand Prix,6.0,LEC,2.519
Australian Grand Prix,6.0,STR,7.785
Australian Grand Prix,6.0,MAG,13.109
Australian Grand Prix,6.0,TSU,8.889
Australian Grand Prix,6.0,ALB,27.494
Australian Grand Prix,6.0,ZHO,32.417
Australian Grand Prix,6.0,HUL,15.531
Australian Grand Prix,6.0,RIC,38.173
Australian Grand Prix,6.0,OCO,14.124
Australian Grand Prix,6.0,NOR,1.9340000000000002
Australian Grand Prix,6.0,HAM,9.355
Australian Grand Prix,6.0,SAI,0.0
Australian Grand Prix,6.0,RUS,6.541
Australian Grand Prix,6.0,BOT,11.151
Australian Grand Prix,6.0,PIA,3.079
Australian Grand Prix,7.0,GAS,17.338
Australian Grand Prix,7.0,PER,7.515
Australian Grand Prix,7.0,ALO,10.743
Australian Grand Prix,7.0,LEC,2.769
Australian Grand Prix,7.0,STR,8.37
Australian Grand Prix,7.0,MAG,28.62
Australian Grand Prix,7.0,TSU,9.319
Australian Grand Prix,7.0,ALB,33.507
Australian Grand Prix,7.0,ZHO,41.151
Australian Grand Prix,7.0,HUL,16.965
Australian Grand Prix,7.0,RIC,39.779
Australian Grand Prix,7.0,OCO,14.888
Australian Grand Prix,7.0,NOR,2.2439999999999998
Australian Grand Prix,7.0,HAM,23.779
Australian Grand Prix,7.0,SAI,0.0
Australian Grand Prix,7.0,RUS,6.871
Australian Grand Prix,7.0,BOT,12.455
Australian Grand Prix,7.0,PIA,3.5220000000000002
Australian Grand Prix,8.0,GAS,18.914
Australian Grand Prix,8.0,PER,8.26
Australian Grand Prix,8.0,ALO,11.209
Australian Grand Prix,8.0,LEC,3.449
Australian Grand Prix,8.0,STR,23.429
Australian Grand Prix,8.0,MAG,36.296
Australian Grand Prix,8.0,TSU,10.397
Australian Grand Prix,8.0,ALB,34.924
Australian Grand Prix,8.0,ZHO,43.25
Australian Grand Prix,8.0,HUL,18.5
Australian Grand Prix,8.0,RIC,41.084
Australian Grand Prix,8.0,OCO,15.565
Australian Grand Prix,8.0,NOR,2.5709999999999997
Australian Grand Prix,8.0,HAM,29.64
Australian Grand Prix,8.0,SAI,0.0
Australian Grand Prix,8.0,RUS,21.488
Australian Grand Prix,8.0,BOT,56.797
Australian Grand Prix,8.0,PIA,4.271
Australian Grand Prix,9.0,GAS,20.718
Australian Grand Prix,9.0,PER,9.205
Australian Grand Prix,9.0,ALO,12.529
Australian Grand Prix,9.0,LEC,17.46
Australian Grand Prix,9.0,STR,29.349
Australian Grand Prix,9.0,MAG,37.933
Australian Grand Prix,9.0,TSU,26.582
Australian Grand Prix,9.0,ALB,36.544
Australian Grand Prix,9.0,ZHO,44.849
Australian Grand Prix,9.0,HUL,20.331
Australian Grand Prix,9.0,RIC,42.55
Australian Grand Prix,9.0,OCO,31.488
Australian Grand Prix,9.0,NOR,3.273
Australian Grand Prix,9.0,HAM,30.17
Australian Grand Prix,9.0,SAI,0.0
Australian Grand Prix,9.0,RUS,27.794
Australian Grand Prix,9.0,BOT,64.691
Australian Grand Prix,9.0,PIA,18.747
Australian Grand Prix,10.0,GAS,22.859
Australian Grand Prix,10.0,PER,10.17
Australian Grand Prix,10.0,ALO,13.422
Australian Grand Prix,10.0,LEC,23.606
Australian Grand Prix,10.0,STR,30.517
Australian Grand Prix,10.0,MAG,39.889
Australian Grand Prix,10.0,TSU,34.759
Australian Grand Prix,10.0,ALB,38.681
Australian Grand Prix,10.0,ZHO,46.794
Australian Grand Prix,10.0,HUL,22.393
Australian Grand Prix,10.0,RIC,44.08
Australian Grand Prix,10.0,OCO,39.212
Australian Grand Prix,10.0,NOR,4.253
Australian Grand Prix,10.0,HAM,32.75
Australian Grand Prix,10.0,SAI,0.0
Australian Grand Prix,10.0,RUS,28.816
Australian Grand Prix,10.0,BOT,66.137
Australian Grand Prix,10.0,PIA,24.831
Australian Grand Prix,11.0,GAS,26.318
Australian Grand Prix,11.0,PER,11.153
Australian Grand Prix,11.0,ALO,14.423
Australian Grand Prix,11.0,LEC,24.315
Australian Grand Prix,11.0,STR,31.297
Australian Grand Prix,11.0,MAG,41.273
Australian Grand Prix,11.0,TSU,35.719
Australian Grand Prix,11.0,ALB,39.997
Australian Grand Prix,11.0,ZHO,48.303
Australian Grand Prix,11.0,HUL,25.525
Australian Grand Prix,11.0,RIC,45.225
Australian Grand Prix,11.0,OCO,40.613
Australian Grand Prix,11.0,NOR,5.251
Australian Grand Prix,11.0,HAM,33.256
Australian Grand Prix,11.0,SAI,0.0
Australian Grand Prix,11.0,RUS,29.594
Australian Grand Prix,11.0,BOT,67.639
Australian Grand Prix,11.0,PIA,25.621
Australian Grand Prix,12.0,GAS,28.768
Australian Grand Prix,12.0,PER,12.682
Australian Grand Prix,12.0,ALO,15.152
Australian Grand Prix,12.0,LEC,23.981
Australian Grand Prix,12.0,STR,32.185
Australian Grand Prix,12.0,MAG,42.208
Australian Grand Prix,12.0,TSU,36.343
Australian Grand Prix,12.0,ALB,40.589
Australian Grand Prix,12.0,ZHO,49.305
Australian Grand Prix,12.0,HUL,28.174
Australian Grand Prix,12.0,RIC,46.108
Australian Grand Prix,12.0,OCO,41.32
Australian Grand Prix,12.0,NOR,5.89
Australian Grand Prix,12.0,HAM,34.122
Australian Grand Prix,12.0,SAI,0.0
Australian Grand Prix,12.0,RUS,30.441
Australian Grand Prix,12.0,BOT,68.44
Australian Grand Prix,12.0,PIA,26.394
Australian Grand Prix,13.0,GAS,30.612
Australian Grand Prix,13.0,PER,14.141
Australian Grand Prix,13.0,ALO,16.134
Australian Grand Prix,13.0,LEC,23.998
Australian Grand Prix,13.0,STR,33.302
Australian Grand Prix,13.0,MAG,43.066
Australian Grand Prix,13.0,TSU,37.17
Australian Grand Prix,13.0,ALB,41.567
Australian Grand Prix,13.0,ZHO,50.571
Australian Grand Prix,13.0,HUL,29.922
Australian Grand Prix,13.0,RIC,46.807
Australian Grand Prix,13.0,OCO,42.071
Australian Grand Prix,13.0,NOR,6.838
Australian Grand Prix,13.0,HAM,35.163
Australian Grand Prix,13.0,SAI,0.0
Australian Grand Prix,13.0,RUS,31.674
Australian Grand Prix,13.0,BOT,69.394
Australian Grand Prix,13.0,PIA,26.615
Australian Grand Prix,14.0,GAS,32.229
Australian Grand Prix,14.0,PER,30.347
Australian Grand Prix,14.0,ALO,17.102
Australian Grand Prix,14.0,LEC,23.463
Australian Grand Prix,14.0,STR,33.921
Australian Grand Prix,14.0,MAG,43.484
Australian Grand Prix,14.0,TSU,37.506
Australian Grand Prix,14.0,ALB,42.058
Australian Grand Prix,14.0,ZHO,51.386
Australian Grand Prix,14.0,HUL,31.4
Australian Grand Prix,14.0,RIC,47.197
Australian Grand Prix,14.0,OCO,42.703
Australian Grand Prix,14.0,NOR,22.45
Australian Grand Prix,14.0,HAM,35.388
Australian Grand Prix,14.0,SAI,0.0
Australian Grand Prix,14.0,RUS,32.577
Australian Grand Prix,14.0,BOT,70.302
Australian Grand Prix,14.0,PIA,26.096
Australian Grand Prix,15.0,GAS,33.709
Australian Grand Prix,15.0,PER,35.636
Australian Grand Prix,15.0,ALO,17.62
Australian Grand Prix,15.0,LEC,22.578
Australian Grand Prix,15.0,STR,34.751
Australian Grand Prix,15.0,MAG,44.532
Australian Grand Prix,15.0,TSU,38.222
Australian Grand Prix,15.0,ALB,42.465
Australian Grand Prix,15.0,ZHO,52.095
Australian Grand Prix,15.0,HUL,33.061
Australian Grand Prix,15.0,RIC,47.407
Australian Grand Prix,15.0,OCO,43.174
Australian Grand Prix,15.0,NOR,28.035
Australian Grand Prix,15.0,HAM,36.909
Australian Grand Prix,15.0,SAI,0.0
Australian Grand Prix,15.0,RUS,34.043
Australian Grand Prix,15.0,BOT,71.011
Australian Grand Prix,15.0,PIA,25.437
Australian Grand Prix,16.0,GAS,22.766
Australian Grand Prix,16.0,PER,23.448
Australian Grand Prix,16.0,ALO,4.549
Australian Grand Prix,16.0,LEC,8.515
Australian Grand Prix,16.0,STR,23.091
Australian Grand Prix,16.0,MAG,31.783
Australian Grand Prix,16.0,TSU,25.164
Australian Grand Prix,16.0,ALB,29.118
Australian Grand Prix,16.0,ZHO,39.124
Australian Grand Prix,16.0,HUL,20.776
Australian Grand Prix,16.0,RIC,34.24
Australian Grand Prix,16.0,OCO,57.529
Australian Grand Prix,16.0,NOR,13.661
Australian Grand Prix,16.0,HAM,90.599
Australian Grand Prix,16.0,SAI,0.0
Australian Grand Prix,16.0,RUS,21.099
Australian Grand Prix,16.0,BOT,58.82
Australian Grand Prix,16.0,PIA,11.142
Australian Grand Prix,17.0,GAS,36.789
Australian Grand Prix,17.0,PER,23.519
Australian Grand Prix,17.0,ALO,9.393
Australian Grand Prix,17.0,LEC,2.185
Australian Grand Prix,17.0,STR,22.595
Australian Grand Prix,17.0,MAG,32.894
Australian Grand Prix,17.0,TSU,24.976
Australian Grand Prix,17.0,ALB,29.659
Australian Grand Prix,17.0,ZHO,40.273
Australian Grand Prix,17.0,HUL,31.509
Australian Grand Prix,17.0,RIC,35.381
Australian Grand Prix,17.0,OCO,60.83
Australian Grand Prix,17.0,NOR,8.284
Australian Grand Prix,17.0,SAI,0.0
Australian Grand Prix,17.0,RUS,18.819
Australian Grand Prix,17.0,BOT,60.336
Australian Grand Prix,17.0,PIA,4.199
Australian Grand Prix,18.0,GAS,36.747
Australian Grand Prix,18.0,PER,17.858
Australian Grand Prix,18.0,ALO,10.186
Australian Grand Prix,18.0,LEC,1.151
Australian Grand Prix,18.0,STR,18.666
Australian Grand Prix,18.0,MAG,26.089
Australian Grand Prix,18.0,TSU,19.938
Australian Grand Prix,18.0,ALB,24.073
Australian Grand Prix,18.0,ZHO,35.301
Australian Grand Prix,18.0,HUL,29.533
Australian Grand Prix,18.0,RIC,30.568
Australian Grand Prix,18.0,OCO,53.487
Australian Grand Prix,18.0,NOR,5.772
Australian Grand Prix,18.0,SAI,0.0
Australian Grand Prix,18.0,RUS,16.055
Australian Grand Prix,18.0,BOT,53.015
Australian Grand Prix,18.0,PIA,3.263
Australian Grand Prix,19.0,GAS,38.858
Australian Grand Prix,19.0,PER,17.887
Australian Grand Prix,19.0,ALO,11.303
Australian Grand Prix,19.0,LEC,1.221
Australian Grand Prix,19.0,STR,19.96
Australian Grand Prix,19.0,MAG,27.126
Australian Grand Prix,19.0,TSU,21.121
Australian Grand Prix,19.0,ALB,25.284
Australian Grand Prix,19.0,ZHO,37.027
Australian Grand Prix,19.0,HUL,29.969
Australian Grand Prix,19.0,RIC,31.781
Australian Grand Prix,19.0,OCO,54.556
Australian Grand Prix,19.0,NOR,6.317
Australian Grand Prix,19.0,SAI,0.0
Australian Grand Prix,19.0,RUS,16.644
Australian Grand Prix,19.0,BOT,53.801
Australian Grand Prix,19.0,PIA,3.323
Australian Grand Prix,20.0,GAS,40.918
Australian Grand Prix,20.0,PER,17.996
Australian Grand Prix,20.0,ALO,12.532
Australian Grand Prix,20.0,LEC,1.504
Australian Grand Prix,20.0,STR,21.28
Australian Grand Prix,20.0,MAG,28.333
Australian Grand Prix,20.0,TSU,22.567
Australian Grand Prix,20.0,ALB,26.289
Australian Grand Prix,20.0,ZHO,38.494
Australian Grand Prix,20.0,HUL,30.773
Australian Grand Prix,20.0,RIC,33.306
Australian Grand Prix,20.0,OCO,55.768
Australian Grand Prix,20.0,NOR,6.357
Australian Grand Prix,20.0,SAI,0.0
Australian Grand Prix,20.0,RUS,17.476
Australian Grand Prix,20.0,BOT,54.893
Australian Grand Prix,20.0,PIA,3.806
Australian Grand Prix,21.0,GAS,42.228
Australian Grand Prix,21.0,PER,18.116
Australian Grand Prix,21.0,ALO,13.305
Australian Grand Prix,21.0,LEC,1.631
Australian Grand Prix,21.0,STR,21.977
Australian Grand Prix,21.0,MAG,29.262
Australian Grand Prix,21.0,TSU,23.604
Australian Grand Prix,21.0,ALB,27.424
Australian Grand Prix,21.0,ZHO,40.036
Australian Grand Prix,21.0,HUL,31.321
Australian Grand Prix,21.0,RIC,34.562
Australian Grand Prix,21.0,OCO,56.5
Australian Grand Prix,21.0,NOR,6.333
Australian Grand Prix,21.0,SAI,0.0
Australian Grand Prix,21.0,RUS,18.974
Australian Grand Prix,21.0,BOT,55.401
Australian Grand Prix,21.0,PIA,3.798
Australian Grand Prix,22.0,GAS,43.802
Australian Grand Prix,22.0,PER,18.514
Australian Grand Prix,22.0,ALO,14.312
Australian Grand Prix,22.0,LEC,1.8820000000000001
Australian Grand Prix,22.0,STR,23.411
Australian Grand Prix,22.0,MAG,31.106
Australian Grand Prix,22.0,TSU,24.806
Australian Grand Prix,22.0,ALB,29.254
Australian Grand Prix,22.0,ZHO,41.996
Australian Grand Prix,22.0,HUL,32.289
Australian Grand Prix,22.0,RIC,36.196
Australian Grand Prix,22.0,OCO,57.832
Australian Grand Prix,22.0,NOR,6.611
Australian Grand Prix,22.0,SAI,0.0
Australian Grand Prix,22.0,RUS,20.341
Australian Grand Prix,22.0,BOT,56.652
Australian Grand Prix,22.0,PIA,4.34
Australian Grand Prix,23.0,GAS,45.2
Australian Grand Prix,23.0,PER,18.832
Australian Grand Prix,23.0,ALO,15.222
Australian Grand Prix,23.0,LEC,2.283
Australian Grand Prix,23.0,STR,24.741
Australian Grand Prix,23.0,MAG,33.86
Australian Grand Prix,23.0,TSU,26.228
Australian Grand Prix,23.0,ALB,30.921
Australian Grand Prix,23.0,ZHO,43.729
Australian Grand Prix,23.0,HUL,32.91
Australian Grand Prix,23.0,RIC,37.677
Australian Grand Prix,23.0,OCO,59.014
Australian Grand Prix,23.0,NOR,6.825
Australian Grand Prix,23.0,SAI,0.0
Australian Grand Prix,23.0,RUS,21.822
Australian Grand Prix,23.0,BOT,57.461
Australian Grand Prix,23.0,PIA,4.626
Australian Grand Prix,24.0,GAS,46.743
Australian Grand Prix,24.0,PER,18.901
Australian Grand Prix,24.0,ALO,16.051
Australian Grand Prix,24.0,LEC,2.677
Australian Grand Prix,24.0,STR,26.135
Australian Grand Prix,24.0,MAG,35.732
Australian Grand Prix,24.0,TSU,27.796
Australian Grand Prix,24.0,ALB,32.976
Australian Grand Prix,24.0,ZHO,45.467
Australian Grand Prix,24.0,HUL,33.98
Australian Grand Prix,24.0,RIC,39.511
Australian Grand Prix,24.0,OCO,60.315
Australian Grand Prix,24.0,NOR,6.929
Australian Grand Prix,24.0,SAI,0.0
Australian Grand Prix,24.0,RUS,23.306
Australian Grand Prix,24.0,BOT,58.913
Australian Grand Prix,24.0,PIA,4.998
Australian Grand Prix,25.0,GAS,48.433
Australian Grand Prix,25.0,PER,19.153
Australian Grand Prix,25.0,ALO,17.516
Australian Grand Prix,25.0,LEC,3.385
Australian Grand Prix,25.0,STR,27.833
Australian Grand Prix,25.0,MAG,37.991
Australian Grand Prix,25.0,TSU,29.554
Australian Grand Prix,25.0,ALB,35.404
Australian Grand Prix,25.0,ZHO,47.255
Australian Grand Prix,25.0,HUL,35.711
Australian Grand Prix,25.0,RIC,41.815
Australian Grand Prix,25.0,OCO,61.869
Australian Grand Prix,25.0,NOR,7.399
Australian Grand Prix,25.0,SAI,0.0
Australian Grand Prix,25.0,RUS,24.766
Australian Grand Prix,25.0,BOT,60.221
Australian Grand Prix,25.0,PIA,5.352
Australian Grand Prix,26.0,GAS,50.37
Australian Grand Prix,26.0,PER,20.321
Australian Grand Prix,26.0,ALO,19.426
Australian Grand Prix,26.0,LEC,4.349
Australian Grand Prix,26.0,STR,30.049
Australian Grand Prix,26.0,MAG,40.398
Australian Grand Prix,26.0,TSU,31.778
Australian Grand Prix,26.0,ALB,37.851
Australian Grand Prix,26.0,ZHO,49.239
Australian Grand Prix,26.0,HUL,38.326
Australian Grand Prix,26.0,RIC,44.094
Australian Grand Prix,26.0,OCO,63.683
Australian Grand Prix,26.0,NOR,7.932
Australian Grand Prix,26.0,SAI,0.0
Australian Grand Prix,26.0,RUS,26.573
Australian Grand Prix,26.0,BOT,62.21
Australian Grand Prix,26.0,PIA,6.517
Australian Grand Prix,27.0,GAS,51.817
Australian Grand Prix,27.0,PER,20.421
Australian Grand Prix,27.0,ALO,21.226
Australian Grand Prix,27.0,LEC,4.714
Australian Grand Prix,27.0,STR,31.784
Australian Grand Prix,27.0,MAG,42.466
Australian Grand Prix,27.0,TSU,33.569
Australian Grand Prix,27.0,ALB,53.834
Australian Grand Prix,27.0,ZHO,50.879
Australian Grand Prix,27.0,HUL,40.254
Australian Grand Prix,27.0,RIC,46.522
Australian Grand Prix,27.0,OCO,65.127
Australian Grand Prix,27.0,NOR,8.451
Australian Grand Prix,27.0,SAI,0.0
Australian Grand Prix,27.0,RUS,28.254
Australian Grand Prix,27.0,BOT,63.687
Australian Grand Prix,27.0,PIA,7.3469999999999995
Australian Grand Prix,28.0,GAS,53.051
Australian Grand Prix,28.0,PER,21.133
Australian Grand Prix,28.0,ALO,22.045
Australian Grand Prix,28.0,LEC,5.243
Australian Grand Prix,28.0,STR,33.403
Australian Grand Prix,28.0,MAG,44.493
Australian Grand Prix,28.0,TSU,35.204
Australian Grand Prix,28.0,ALB,61.603
Australian Grand Prix,28.0,ZHO,52.462
Australian Grand Prix,28.0,HUL,42.152
Australian Grand Prix,28.0,RIC,48.945
Australian Grand Prix,28.0,OCO,66.795
Australian Grand Prix,28.0,NOR,8.848
Australian Grand Prix,28.0,SAI,0.0
Australian Grand Prix,28.0,RUS,29.91
Australian Grand Prix,28.0,BOT,65.195
Australian Grand Prix,28.0,PIA,8.111
Australian Grand Prix,29.0,GAS,54.27
Australian Grand Prix,29.0,PER,21.77
Australian Grand Prix,29.0,ALO,22.536
Australian Grand Prix,29.0,LEC,6.187
Australian Grand Prix,29.0,STR,35.049
Australian Grand Prix,29.0,MAG,46.46
Australian Grand Prix,29.0,TSU,37.213
Australian Grand Prix,29.0,ALB,62.906
Australian Grand Prix,29.0,ZHO,53.575
Australian Grand Prix,29.0,HUL,43.83
Australian Grand Prix,29.0,RIC,64.797
Australian Grand Prix,29.0,OCO,68.423
Australian Grand Prix,29.0,NOR,9.223
Australian Grand Prix,29.0,SAI,0.0
Australian Grand Prix,29.0,RUS,31.084
Australian Grand Prix,29.0,BOT,66.541
Australian Grand Prix,29.0,PIA,10.101
Australian Grand Prix,30.0,GAS,55.637
Australian Grand Prix,30.0,PER,22.327
Australian Grand Prix,30.0,ALO,23.088
Australian Grand Prix,30.0,LEC,6.848
Australian Grand Prix,30.0,STR,36.55
Australian Grand Prix,30.0,MAG,48.244
Australian Grand Prix,30.0,TSU,38.972
Australian Grand Prix,30.0,ALB,64.181
Australian Grand Prix,30.0,ZHO,54.941
Australian Grand Prix,30.0,HUL,45.506
Australian Grand Prix,30.0,RIC,73.776
Australian Grand Prix,30.0,OCO,69.84
Australian Grand Prix,30.0,NOR,9.582
Australian Grand Prix,30.0,SAI,0.0
Australian Grand Prix,30.0,RUS,32.124
Australian Grand Prix,30.0,BOT,67.916
Australian Grand Prix,30.0,PIA,10.998
Australian Grand Prix,31.0,GAS,57.082
Australian Grand Prix,31.0,PER,23.404
Australian Grand Prix,31.0,ALO,24.161
Australian Grand Prix,31.0,LEC,7.562
Australian Grand Prix,31.0,STR,38.789
Australian Grand Prix,31.0,MAG,50.178
Australian Grand Prix,31.0,TSU,41.057
Australian Grand Prix,31.0,ALB,65.848
Australian Grand Prix,31.0,ZHO,56.485
Australian Grand Prix,31.0,HUL,47.363
Australian Grand Prix,31.0,RIC,75.432
Australian Grand Prix,31.0,OCO,71.479
Australian Grand Prix,31.0,NOR,10.148
Australian Grand Prix,31.0,SAI,0.0
Australian Grand Prix,31.0,RUS,33.357
Australian Grand Prix,31.0,BOT,69.644
Australian Grand Prix,31.0,PIA,11.849
Australian Grand Prix,32.0,GAS,59.122
Australian Grand Prix,32.0,PER,24.64
Australian Grand Prix,32.0,ALO,25.447
Australian Grand Prix,32.0,LEC,8.198
Australian Grand Prix,32.0,STR,40.741
Australian Grand Prix,32.0,MAG,52.369
Australian Grand Prix,32.0,TSU,43.242
Australian Grand Prix,32.0,ALB,67.544
Australian Grand Prix,32.0,ZHO,58.45
Australian Grand Prix,32.0,HUL,49.05
Australian Grand Prix,32.0,RIC,76.965
Australian Grand Prix,32.0,OCO,73.183
Australian Grand Prix,32.0,NOR,10.517
Australian Grand Prix,32.0,SAI,0.0
Australian Grand Prix,32.0,RUS,34.862
Australian Grand Prix,32.0,BOT,71.336
Australian Grand Prix,32.0,PIA,12.633
Australian Grand Prix,33.0,GAS,60.842
Australian Grand Prix,33.0,PER,25.711
Australian Grand Prix,33.0,ALO,26.601
Australian Grand Prix,33.0,LEC,8.725
Australian Grand Prix,33.0,STR,42.512
Australian Grand Prix,33.0,MAG,68.676
Australian Grand Prix,33.0,TSU,44.973
Australian Grand Prix,33.0,ALB,69.237
Australian Grand Prix,33.0,ZHO,60.201
Australian Grand Prix,33.0,HUL,50.465
Australian Grand Prix,33.0,RIC,77.913
Australian Grand Prix,33.0,OCO,74.684
Australian Grand Prix,33.0,NOR,10.714
Australian Grand Prix,33.0,SAI,0.0
Australian Grand Prix,33.0,RUS,35.828
Australian Grand Prix,33.0,BOT,72.692
Australian Grand Prix,33.0,PIA,13.238
Australian Grand Prix,34.0,GAS,62.161
Australian Grand Prix,34.0,PER,26.956
Australian Grand Prix,34.0,ALO,27.802
Australian Grand Prix,34.0,LEC,22.97
Australian Grand Prix,34.0,STR,43.909
Australian Grand Prix,34.0,MAG,75.498
Australian Grand Prix,34.0,TSU,46.579
Australian Grand Prix,34.0,ALB,70.581
Australian Grand Prix,34.0,ZHO,61.552
Australian Grand Prix,34.0,HUL,51.891
Australian Grand Prix,34.0,RIC,78.905
Australian Grand Prix,34.0,OCO,78.45
Australian Grand Prix,34.0,NOR,10.766
Australian Grand Prix,34.0,SAI,0.0
Australian Grand Prix,34.0,RUS,36.464
Australian Grand Prix,34.0,BOT,77.428
Australian Grand Prix,34.0,PIA,13.759
Australian Grand Prix,35.0,GAS,63.665
Australian Grand Prix,35.0,PER,44.675
Australian Grand Prix,35.0,ALO,31.811
Australian Grand Prix,35.0,LEC,29.2
Australian Grand Prix,35.0,STR,45.586
Australian Grand Prix,35.0,MAG,76.117
Australian Grand Prix,35.0,TSU,48.147
Australian Grand Prix,35.0,ALB,71.995
Australian Grand Prix,35.0,ZHO,96.426
Australian Grand Prix,35.0,HUL,67.484
Australian Grand Prix,35.0,RIC,80.674
Australian Grand Prix,35.0,OCO,79.968
Australian Grand Prix,35.0,NOR,10.555
Australian Grand Prix,35.0,SAI,0.0
Australian Grand Prix,35.0,RUS,37.334
Australian Grand Prix,35.0,BOT,79.153
Australian Grand Prix,35.0,PIA,14.097
Australian Grand Prix,36.0,GAS,64.487
Australian Grand Prix,36.0,PER,50.329
Australian Grand Prix,36.0,ALO,32.507
Australian Grand Prix,36.0,LEC,29.124
Australian Grand Prix,36.0,STR,46.775
Australian Grand Prix,36.0,MAG,76.208
Australian Grand Prix,36.0,TSU,63.285
Australian Grand Prix,36.0,ALB,74.463
Australian Grand Prix,36.0,ZHO,102.978
Australian Grand Prix,36.0,HUL,72.766
Australian Grand Prix,36.0,RIC,83.787
Australian Grand Prix,36.0,OCO,82.89
Australian Grand Prix,36.0,NOR,9.983
Australian Grand Prix,36.0,SAI,0.0
Australian Grand Prix,36.0,RUS,37.853
Australian Grand Prix,36.0,BOT,95.658
Australian Grand Prix,36.0,PIA,14.126
Australian Grand Prix,37.0,GAS,65.842
Australian Grand Prix,37.0,PER,49.576
Australian Grand Prix,37.0,ALO,33.398
Australian Grand Prix,37.0,LEC,27.841
Australian Grand Prix,37.0,STR,62.33
Australian Grand Prix,37.0,MAG,76.498
Australian Grand Prix,37.0,TSU,70.458
Australian Grand Prix,37.0,ALB,75.41
Australian Grand Prix,37.0,ZHO,103.605
Australian Grand Prix,37.0,HUL,72.425
Australian Grand Prix,37.0,RIC,84.254
Australian Grand Prix,37.0,OCO,83.753
Australian Grand Prix,37.0,NOR,9.674
Australian Grand Prix,37.0,SAI,0.0
Australian Grand Prix,37.0,RUS,38.29
Australian Grand Prix,37.0,BOT,101.841
Australian Grand Prix,37.0,PIA,14.045
Australian Grand Prix,38.0,GAS,69.539
Australian Grand Prix,38.0,PER,49.409
Australian Grand Prix,38.0,ALO,34.552
Australian Grand Prix,38.0,LEC,27.378
Australian Grand Prix,38.0,STR,68.765
Australian Grand Prix,38.0,MAG,77.171
Australian Grand Prix,38.0,TSU,70.97
Australian Grand Prix,38.0,ALB,76.152
Australian Grand Prix,38.0,ZHO,104.623
Australian Grand Prix,38.0,HUL,73.038
Australian Grand Prix,38.0,RIC,85.222
Australian Grand Prix,38.0,OCO,85.968
Australian Grand Prix,38.0,NOR,9.78
Australian Grand Prix,38.0,SAI,0.0
Australian Grand Prix,38.0,RUS,39.053
Australian Grand Prix,38.0,BOT,102.184
Australian Grand Prix,38.0,PIA,17.836
Australian Grand Prix,39.0,GAS,71.001
Australian Grand Prix,39.0,PER,49.303
Australian Grand Prix,39.0,ALO,35.77
Australian Grand Prix,39.0,LEC,26.733
Australian Grand Prix,39.0,STR,69.253
Australian Grand Prix,39.0,MAG,77.462
Australian Grand Prix,39.0,TSU,71.663
Australian Grand Prix,39.0,ALB,76.609
Australian Grand Prix,39.0,ZHO,105.077
Australian Grand Prix,39.0,HUL,73.38
Australian Grand Prix,39.0,RIC,85.84
Australian Grand Prix,39.0,OCO,87.12
Australian Grand Prix,39.0,NOR,10.127
Australian Grand Prix,39.0,SAI,0.0
Australian Grand Prix,39.0,RUS,39.666
Australian Grand Prix,39.0,BOT,102.276
Australian Grand Prix,39.0,PIA,33.063
Australian Grand Prix,40.0,GAS,74.578
Australian Grand Prix,40.0,PER,48.905
Australian Grand Prix,40.0,ALO,37.041
Australian Grand Prix,40.0,LEC,26.243
Australian Grand Prix,40.0,STR,69.91
Australian Grand Prix,40.0,MAG,77.79
Australian Grand Prix,40.0,TSU,73.438
Australian Grand Prix,40.0,ALB,76.906
Australian Grand Prix,40.0,ZHO,105.542
Australian Grand Prix,40.0,HUL,74.76
Australian Grand Prix,40.0,RIC,85.784
Australian Grand Prix,40.0,OCO,88.666
Australian Grand Prix,40.0,NOR,24.707
Australian Grand Prix,40.0,SAI,0.0
Australian Grand Prix,40.0,RUS,40.696
Australian Grand Prix,40.0,BOT,102.366
Australian Grand Prix,40.0,PIA,38.55
Australian Grand Prix,41.0,GAS,83.662
Australian Grand Prix,41.0,PER,34.393
Australian Grand Prix,41.0,ALO,40.519
Australian Grand Prix,41.0,LEC,11.408
Australian Grand Prix,41.0,STR,56.644
Australian Grand Prix,41.0,MAG,65.469
Australian Grand Prix,41.0,TSU,59.692
Australian Grand Prix,41.0,ALB,64.97
Australian Grand Prix,41.0,ZHO,94.031
Australian Grand Prix,41.0,HUL,61.266
Australian Grand Prix,41.0,RIC,71.882
Australian Grand Prix,41.0,OCO,76.318
Australian Grand Prix,41.0,NOR,15.773
Australian Grand Prix,41.0,SAI,0.0
Australian Grand Prix,41.0,RUS,27.505
Australian Grand Prix,41.0,BOT,88.864
Australian Grand Prix,41.0,PIA,24.464
Australian Grand Prix,42.0,GAS,84.618
Australian Grand Prix,42.0,PER,28.528
Australian Grand Prix,42.0,ALO,40.651
Australian Grand Prix,42.0,LEC,5.042
Australian Grand Prix,42.0,STR,51.258
Australian Grand Prix,42.0,MAG,60.168
Australian Grand Prix,42.0,TSU,54.261
Australian Grand Prix,42.0,ALB,59.485
Australian Grand Prix,42.0,ZHO,89.011
Australian Grand Prix,42.0,HUL,56.224
Australian Grand Prix,42.0,RIC,66.555
Australian Grand Prix,42.0,OCO,87.301
Australian Grand Prix,42.0,NOR,9.583
Australian Grand Prix,42.0,SAI,0.0
Australian Grand Prix,42.0,RUS,22.547
Australian Grand Prix,42.0,BOT,86.829
Australian Grand Prix,42.0,PIA,18.329
Australian Grand Prix,43.0,GAS,88.307
Australian Grand Prix,43.0,PER,28.596
Australian Grand Prix,43.0,ALO,41.645
Australian Grand Prix,43.0,LEC,5.165
Australian Grand Prix,43.0,STR,52.25
Australian Grand Prix,43.0,MAG,61.491
Australian Grand Prix,43.0,TSU,55.459
Australian Grand Prix,43.0,ALB,61.047
Australian Grand Prix,43.0,ZHO,92.108
Australian Grand Prix,43.0,HUL,57.403
Australian Grand Prix,43.0,RIC,67.473
Australian Grand Prix,43.0,OCO,94.777
Australian Grand Prix,43.0,NOR,9.505
Australian Grand Prix,43.0,SAI,0.0
Australian Grand Prix,43.0,RUS,23.928
Australian Grand Prix,43.0,BOT,88.988
Australian Grand Prix,43.0,PIA,18.084
Australian Grand Prix,44.0,GAS,88.987
Australian Grand Prix,44.0,PER,28.535
Australian Grand Prix,44.0,ALO,42.272
Australian Grand Prix,44.0,LEC,4.958
Australian Grand Prix,44.0,STR,53.475
Australian Grand Prix,44.0,MAG,61.806
Australian Grand Prix,44.0,TSU,56.516
Australian Grand Prix,44.0,ALB,62.779
Australian Grand Prix,44.0,ZHO,93.488
Australian Grand Prix,44.0,HUL,58.366
Australian Grand Prix,44.0,RIC,68.019
Australian Grand Prix,44.0,OCO,95.607
Australian Grand Prix,44.0,NOR,9.350999999999999
Australian Grand Prix,44.0,SAI,0.0
Australian Grand Prix,44.0,RUS,25.258
Australian Grand Prix,44.0,BOT,91.462
Australian Grand Prix,44.0,PIA,17.712
Australian Grand Prix,45.0,GAS,90.843
Australian Grand Prix,45.0,PER,29.081
Australian Grand Prix,45.0,ALO,43.503
Australian Grand Prix,45.0,LEC,5.143
Australian Grand Prix,45.0,STR,54.855
Australian Grand Prix,45.0,MAG,63.22
Australian Grand Prix,45.0,TSU,57.989
Australian Grand Prix,45.0,ALB,64.463
Australian Grand Prix,45.0,ZHO,94.874
Australian Grand Prix,45.0,HUL,59.675
Australian Grand Prix,45.0,RIC,69.126
Australian Grand Prix,45.0,OCO,96.738
Australian Grand Prix,45.0,NOR,9.748
Australian Grand Prix,45.0,SAI,0.0
Australian Grand Prix,45.0,RUS,41.378
Australian Grand Prix,45.0,BOT,92.95
Australian Grand Prix,45.0,PIA,17.712
Australian Grand Prix,46.0,GAS,91.689
Australian Grand Prix,46.0,PER,29.135
Australian Grand Prix,46.0,ALO,44.473
Australian Grand Prix,46.0,LEC,5.529
Australian Grand Prix,46.0,STR,55.912
Australian Grand Prix,46.0,MAG,64.309
Australian Grand Prix,46.0,TSU,58.749
Australian Grand Prix,46.0,ALB,65.707
Australian Grand Prix,46.0,ZHO,96.163
Australian Grand Prix,46.0,HUL,60.446
Australian Grand Prix,46.0,RIC,69.991
Australian Grand Prix,46.0,OCO,99.405
Australian Grand Prix,46.0,NOR,9.345
Australian Grand Prix,46.0,SAI,0.0
Australian Grand Prix,46.0,RUS,47.438
Australian Grand Prix,46.0,BOT,94.13
Australian Grand Prix,46.0,PIA,17.953
Australian Grand Prix,47.0,GAS,92.761
Australian Grand Prix,47.0,PER,29.32
Australian Grand Prix,47.0,ALO,45.453
Australian Grand Prix,47.0,LEC,5.325
Australian Grand Prix,47.0,STR,56.723
Australian Grand Prix,47.0,MAG,65.644
Australian Grand Prix,47.0,TSU,59.8
Australian Grand Prix,47.0,ALB,67.349
Australian Grand Prix,47.0,ZHO,97.736
Australian Grand Prix,47.0,HUL,61.872
Australian Grand Prix,47.0,RIC,71.088
Australian Grand Prix,47.0,OCO,100.666
Australian Grand Prix,47.0,NOR,9.33
Australian Grand Prix,47.0,SAI,0.0
Australian Grand Prix,47.0,RUS,47.561
Australian Grand Prix,47.0,BOT,95.51
Australian Grand Prix,47.0,PIA,18.432
Australian Grand Prix,48.0,GAS,93.941
Australian Grand Prix,48.0,PER,30.125
Australian Grand Prix,48.0,ALO,46.769
Australian Grand Prix,48.0,LEC,5.643
Australian Grand Prix,48.0,STR,57.801
Australian Grand Prix,48.0,MAG,67.283
Australian Grand Prix,48.0,TSU,60.943
Australian Grand Prix,48.0,ALB,69.245
Australian Grand Prix,48.0,ZHO,100.84
Australian Grand Prix,48.0,HUL,63.443
Australian Grand Prix,48.0,RIC,72.549
Australian Grand Prix,48.0,OCO,102.184
Australian Grand Prix,48.0,NOR,9.559
Australian Grand Prix,48.0,SAI,0.0
Australian Grand Prix,48.0,RUS,48.269
Australian Grand Prix,48.0,BOT,96.901
Australian Grand Prix,48.0,PIA,18.989
Australian Grand Prix,49.0,GAS,95.0
Australian Grand Prix,49.0,PER,30.604
Australian Grand Prix,49.0,ALO,47.61
Australian Grand Prix,49.0,LEC,5.506
Australian Grand Prix,49.0,STR,58.45
Australian Grand Prix,49.0,MAG,68.388
Australian Grand Prix,49.0,TSU,61.965
Australian Grand Prix,49.0,ALB,70.882
Australian Grand Prix,49.0,ZHO,101.886
Australian Grand Prix,49.0,HUL,64.89
Australian Grand Prix,49.0,RIC,73.874
Australian Grand Prix,49.0,OCO,103.581
Australian Grand Prix,49.0,NOR,9.193
Australian Grand Prix,49.0,SAI,0.0
Australian Grand Prix,49.0,RUS,48.796
Australian Grand Prix,49.0,BOT,98.077
Australian Grand Prix,49.0,PIA,19.06
Australian Grand Prix,50.0,GAS,95.772
Australian Grand Prix,50.0,PER,31.025
Australian Grand Prix,50.0,ALO,47.896
Australian Grand Prix,50.0,LEC,4.981
Australian Grand Prix,50.0,STR,58.991
Australian Grand Prix,50.0,MAG,69.604
Australian Grand Prix,50.0,TSU,62.8
Australian Grand Prix,50.0,ALB,72.651
Australian Grand Prix,50.0,ZHO,103.267
Australian Grand Prix,50.0,HUL,66.542
Australian Grand Prix,50.0,RIC,75.206
Australian Grand Prix,50.0,OCO,104.764
Australian Grand Prix,50.0,NOR,8.894
Australian Grand Prix,50.0,SAI,0.0
Australian Grand Prix,50.0,RUS,49.328
Australian Grand Prix,50.0,BOT,101.525
Australian Grand Prix,50.0,PIA,19.106
Australian Grand Prix,51.0,GAS,96.779
Australian Grand Prix,51.0,PER,31.98
Australian Grand Prix,51.0,ALO,48.751
Australian Grand Prix,51.0,LEC,5.113
Australian Grand Prix,51.0,STR,60.029
Australian Grand Prix,51.0,MAG,70.941
Australian Grand Prix,51.0,TSU,64.285
Australian Grand Prix,51.0,ALB,74.887
Australian Grand Prix,51.0,ZHO,105.014
Australian Grand Prix,51.0,HUL,68.189
Australian Grand Prix,51.0,RIC,76.892
Australian Grand Prix,51.0,OCO,106.632
Australian Grand Prix,51.0,NOR,9.072
Australian Grand Prix,51.0,SAI,0.0
Australian Grand Prix,51.0,RUS,49.94
Australian Grand Prix,51.0,BOT,103.091
Australian Grand Prix,51.0,PIA,19.741
Australian Grand Prix,52.0,GAS,97.731
Australian Grand Prix,52.0,PER,32.921
Australian Grand Prix,52.0,ALO,49.035
Australian Grand Prix,52.0,LEC,5.235
Australian Grand Prix,52.0,STR,61.033
Australian Grand Prix,52.0,MAG,72.363
Australian Grand Prix,52.0,TSU,65.723
Australian Grand Prix,52.0,ALB,76.862
Australian Grand Prix,52.0,ZHO,106.865
Australian Grand Prix,52.0,HUL,69.761
Australian Grand Prix,52.0,RIC,78.567
Australian Grand Prix,52.0,OCO,108.578
Australian Grand Prix,52.0,NOR,8.822
Australian Grand Prix,52.0,SAI,0.0
Australian Grand Prix,52.0,RUS,50.26
Australian Grand Prix,52.0,BOT,104.938
Australian Grand Prix,52.0,PIA,19.826999999999998
Australian Grand Prix,53.0,GAS,98.44
Australian Grand Prix,53.0,PER,33.85
Australian Grand Prix,53.0,ALO,49.287
Australian Grand Prix,53.0,LEC,5.083
Australian Grand Prix,53.0,STR,61.481
Australian Grand Prix,53.0,MAG,73.411
Australian Grand Prix,53.0,TSU,66.661
Australian Grand Prix,53.0,ALB,78.646
Australian Grand Prix,53.0,ZHO,108.434
Australian Grand Prix,53.0,HUL,70.904
Australian Grand Prix,53.0,RIC,82.184
Australian Grand Prix,53.0,OCO,110.17
Australian Grand Prix,53.0,NOR,8.474
Australian Grand Prix,53.0,SAI,0.0
Australian Grand Prix,53.0,RUS,49.929
Australian Grand Prix,53.0,BOT,106.143
Australian Grand Prix,53.0,PIA,19.52
Australian Grand Prix,54.0,GAS,100.892
Australian Grand Prix,54.0,PER,34.898
Australian Grand Prix,54.0,ALO,49.74
Australian Grand Prix,54.0,LEC,4.821
Australian Grand Prix,54.0,STR,62.029
Australian Grand Prix,54.0,MAG,78.084
Australian Grand Prix,54.0,TSU,67.795
Australian Grand Prix,54.0,ALB,82.195
Australian Grand Prix,54.0,ZHO,109.919
Australian Grand Prix,54.0,HUL,72.343
Australian Grand Prix,54.0,RIC,84.17
Australian Grand Prix,54.0,OCO,111.817
Australian Grand Prix,54.0,NOR,7.999
Australian Grand Prix,54.0,SAI,0.0
Australian Grand Prix,54.0,RUS,50.541
Australian Grand Prix,54.0,BOT,107.59
Australian Grand Prix,54.0,PIA,19.137
Australian Grand Prix,55.0,GAS,101.566
Australian Grand Prix,55.0,PER,35.761
Australian Grand Prix,55.0,ALO,49.939
Australian Grand Prix,55.0,LEC,5.03
Australian Grand Prix,55.0,STR,62.548
Australian Grand Prix,55.0,MAG,82.282
Australian Grand Prix,55.0,TSU,68.719
Australian Grand Prix,55.0,ALB,83.754
Australian Grand Prix,55.0,ZHO,110.964
Australian Grand Prix,55.0,HUL,74.287
Australian Grand Prix,55.0,RIC,87.028
Australian Grand Prix,55.0,OCO,113.368
Australian Grand Prix,55.0,NOR,7.54
Australian Grand Prix,55.0,SAI,0.0
Australian Grand Prix,55.0,RUS,50.579
Australian Grand Prix,55.0,BOT,108.847
Australian Grand Prix,55.0,PIA,19.138
Australian Grand Prix,56.0,GAS,107.379
Australian Grand Prix,56.0,PER,36.512
Australian Grand Prix,56.0,ALO,49.593
Australian Grand Prix,56.0,LEC,3.745
Australian Grand Prix,56.0,STR,62.683
Australian Grand Prix,56.0,MAG,84.382
Australian Grand Prix,56.0,TSU,69.433
Australian Grand Prix,56.0,ALB,86.846
Australian Grand Prix,56.0,ZHO,117.924
Australian Grand Prix,56.0,HUL,75.463
Australian Grand Prix,56.0,RIC,89.769
Australian Grand Prix,56.0,OCO,122.077
Australian Grand Prix,56.0,NOR,6.923
Australian Grand Prix,56.0,SAI,0.0
Australian Grand Prix,56.0,RUS,50.136
Australian Grand Prix,56.0,BOT,115.799
Australian Grand Prix,56.0,PIA,18.397
Australian Grand Prix,57.0,GAS,147.316
Australian Grand Prix,57.0,PER,45.93
Australian Grand Prix,57.0,ALO,63.894
Australian Grand Prix,57.0,LEC,3.734
Australian Grand Prix,57.0,STR,84.818
Australian Grand Prix,57.0,MAG,115.444
Australian Grand Prix,57.0,TSU,92.922
Australian Grand Prix,57.0,ALB,116.372
Australian Grand Prix,57.0,ZHO,155.656
Australian Grand Prix,57.0,HUL,106.684
Australian Grand Prix,57.0,RIC,122.871
Australian Grand Prix,57.0,OCO,165.342
Australian Grand Prix,57.0,NOR,6.612
Australian Grand Prix,57.0,SAI,0.0
Australian Grand Prix,57.0,RUS,119.254
Australian Grand Prix,57.0,BOT,153.689
Australian Grand Prix,57.0,PIA,22.77
Australian Grand Prix,58.0,PER,56.309
Australian Grand Prix,58.0,ALO,80.992
Australian Grand Prix,58.0,LEC,2.366
Australian Grand Prix,58.0,STR,93.222
Australian Grand Prix,58.0,TSU,95.601
Australian Grand Prix,58.0,HUL,104.553
Australian Grand Prix,58.0,NOR,5.904
Australian Grand Prix,58.0,SAI,0.0
Australian Grand Prix,58.0,PIA,35.77
Japanese Grand Prix,1.0,VER,0.0
Japanese Grand Prix,1.0,PER,1.998
Japanese Grand Prix,1.0,SAI,6.8469999999999995
Japanese Grand Prix,1.0,LEC,23.703
Japanese Grand Prix,1.0,NOR,3.982
Japanese Grand Prix,1.0,ALO,9.774000000000001
Japanese Grand Prix,1.0,RUS,28.777
Japanese Grand Prix,1.0,PIA,13.598
Japanese Grand Prix,1.0,HAM,22.04
Japanese Grand Prix,1.0,TSU,36.77
Japanese Grand Prix,1.0,HUL,32.118
Japanese Grand Prix,1.0,STR,48.926
Japanese Grand Prix,1.0,MAG,54.477
Japanese Grand Prix,1.0,BOT,34.033
Japanese Grand Prix,1.0,OCO,39.513
Japanese Grand Prix,1.0,GAS,42.412
Japanese Grand Prix,1.0,SAR,57.803
Japanese Grand Prix,1.0,ZHO,64.412
Japanese Grand Prix,1.0,RIC,0.0
Japanese Grand Prix,1.0,ALB,0.0
Japanese Grand Prix,2.0,VER,0.0
Japanese Grand Prix,2.0,PER,2.239
Japanese Grand Prix,2.0,SAI,7.927
Japanese Grand Prix,2.0,LEC,24.24
Japanese Grand Prix,2.0,NOR,3.434
Japanese Grand Prix,2.0,ALO,13.276
Japanese Grand Prix,2.0,RUS,26.623
Japanese Grand Prix,2.0,PIA,16.74
Japanese Grand Prix,2.0,HAM,20.809
Japanese Grand Prix,2.0,TSU,175.711
Japanese Grand Prix,2.0,HUL,29.531
Japanese Grand Prix,2.0,STR,46.184
Japanese Grand Prix,2.0,MAG,48.764
Japanese Grand Prix,2.0,BOT,31.345
Japanese Grand Prix,2.0,OCO,39.807
Japanese Grand Prix,2.0,GAS,42.98
Japanese Grand Prix,2.0,SAR,51.016
Japanese Grand Prix,2.0,ZHO,52.702
Japanese Grand Prix,3.0,VER,0.0
Japanese Grand Prix,3.0,PER,0.991
Japanese Grand Prix,3.0,SAI,2.365
Japanese Grand Prix,3.0,LEC,4.426
Japanese Grand Prix,3.0,NOR,1.8980000000000001
Japanese Grand Prix,3.0,ALO,2.971
Japanese Grand Prix,3.0,RUS,6.392
Japanese Grand Prix,3.0,PIA,3.851
Japanese Grand Prix,3.0,HAM,5.054
Japanese Grand Prix,3.0,TSU,5.961
Japanese Grand Prix,3.0,HUL,9.677
Japanese Grand Prix,3.0,STR,8.047
Japanese Grand Prix,3.0,MAG,8.941
Japanese Grand Prix,3.0,BOT,7.517
Japanese Grand Prix,3.0,OCO,7.225
Japanese Grand Prix,3.0,GAS,8.523
Japanese Grand Prix,3.0,SAR,10.8
Japanese Grand Prix,3.0,ZHO,9.172
Japanese Grand Prix,4.0,VER,0.0
Japanese Grand Prix,4.0,PER,1.092
Japanese Grand Prix,4.0,SAI,3.118
Japanese Grand Prix,4.0,LEC,6.222
Japanese Grand Prix,4.0,NOR,2.279
Japanese Grand Prix,4.0,ALO,3.952
Japanese Grand Prix,4.0,RUS,8.896
Japanese Grand Prix,4.0,PIA,5.113
Japanese Grand Prix,4.0,HAM,6.885
Japanese Grand Prix,4.0,TSU,8.597
Japanese Grand Prix,4.0,HUL,13.579
Japanese Grand Prix,4.0,STR,11.103
Japanese Grand Prix,4.0,MAG,12.572
Japanese Grand Prix,4.0,BOT,10.507
Japanese Grand Prix,4.0,OCO,10.294
Japanese Grand Prix,4.0,GAS,11.975999999999999
Japanese Grand Prix,4.0,SAR,14.752
Japanese Grand Prix,4.0,ZHO,12.928
Japanese Grand Prix,5.0,VER,0.0
Japanese Grand Prix,5.0,PER,1.223
Japanese Grand Prix,5.0,SAI,4.003
Japanese Grand Prix,5.0,LEC,7.5969999999999995
Japanese Grand Prix,5.0,NOR,2.702
Japanese Grand Prix,5.0,ALO,5.047
Japanese Grand Prix,5.0,RUS,10.196
Japanese Grand Prix,5.0,PIA,6.307
Japanese Grand Prix,5.0,HAM,8.587
Japanese Grand Prix,5.0,TSU,11.668
Japanese Grand Prix,5.0,HUL,18.633
Japanese Grand Prix,5.0,STR,14.218
Japanese Grand Prix,5.0,MAG,15.527
Japanese Grand Prix,5.0,BOT,12.349
Japanese Grand Prix,5.0,OCO,13.938
Japanese Grand Prix,5.0,GAS,15.012
Japanese Grand Prix,5.0,SAR,17.983
Japanese Grand Prix,5.0,ZHO,16.088
Japanese Grand Prix,6.0,VER,0.0
Japanese Grand Prix,6.0,PER,2.061
Japanese Grand Prix,6.0,SAI,4.869
Japanese Grand Prix,6.0,LEC,8.763
Japanese Grand Prix,6.0,NOR,3.747
Japanese Grand Prix,6.0,ALO,6.053
Japanese Grand Prix,6.0,RUS,11.733
Japanese Grand Prix,6.0,PIA,7.593
Japanese Grand Prix,6.0,HAM,9.922
Japanese Grand Prix,6.0,TSU,13.7
Japanese Grand Prix,6.0,HUL,39.053
Japanese Grand Prix,6.0,STR,16.109
Japanese Grand Prix,6.0,MAG,18.698
Japanese Grand Prix,6.0,BOT,16.782
Japanese Grand Prix,6.0,OCO,17.579
Japanese Grand Prix,6.0,GAS,18.414
Japanese Grand Prix,6.0,SAR,20.71
Japanese Grand Prix,6.0,ZHO,19.224
Japanese Grand Prix,7.0,VER,0.0
Japanese Grand Prix,7.0,PER,2.399
Japanese Grand Prix,7.0,SAI,5.655
Japanese Grand Prix,7.0,LEC,9.98
Japanese Grand Prix,7.0,NOR,4.519
Japanese Grand Prix,7.0,ALO,7.286
Japanese Grand Prix,7.0,RUS,12.833
Japanese Grand Prix,7.0,PIA,8.814
Japanese Grand Prix,7.0,HAM,11.326
Japanese Grand Prix,7.0,TSU,17.728
Japanese Grand Prix,7.0,HUL,38.834
Japanese Grand Prix,7.0,STR,17.763
Japanese Grand Prix,7.0,MAG,22.085
Japanese Grand Prix,7.0,BOT,37.261
Japanese Grand Prix,7.0,OCO,20.353
Japanese Grand Prix,7.0,GAS,21.692
Japanese Grand Prix,7.0,SAR,23.795
Japanese Grand Prix,7.0,ZHO,25.128
Japanese Grand Prix,8.0,VER,0.0
Japanese Grand Prix,8.0,PER,2.29
Japanese Grand Prix,8.0,SAI,6.062
Japanese Grand Prix,8.0,LEC,10.571
Japanese Grand Prix,8.0,NOR,5.014
Japanese Grand Prix,8.0,ALO,8.418
Japanese Grand Prix,8.0,RUS,13.696
Japanese Grand Prix,8.0,PIA,9.707
Japanese Grand Prix,8.0,HAM,12.093
Japanese Grand Prix,8.0,TSU,38.443
Japanese Grand Prix,8.0,HUL,39.121
Japanese Grand Prix,8.0,STR,19.044
Japanese Grand Prix,8.0,MAG,24.357
Japanese Grand Prix,8.0,BOT,36.638
Japanese Grand Prix,8.0,OCO,23.033
Japanese Grand Prix,8.0,GAS,25.726
Japanese Grand Prix,8.0,SAR,26.121
Japanese Grand Prix,8.0,ZHO,46.201
Japanese Grand Prix,9.0,VER,0.0
Japanese Grand Prix,9.0,PER,2.95
Japanese Grand Prix,9.0,SAI,6.864
Japanese Grand Prix,9.0,LEC,11.606
Japanese Grand Prix,9.0,NOR,5.799
Japanese Grand Prix,9.0,ALO,10.124
Japanese Grand Prix,9.0,RUS,14.771
Japanese Grand Prix,9.0,PIA,11.029
Japanese Grand Prix,9.0,HAM,13.448
Japanese Grand Prix,9.0,TSU,38.435
Japanese Grand Prix,9.0,HUL,39.841
Japanese Grand Prix,9.0,STR,20.747
Japanese Grand Prix,9.0,MAG,27.43
Japanese Grand Prix,9.0,BOT,36.866
Japanese Grand Prix,9.0,OCO,26.149
Japanese Grand Prix,9.0,GAS,29.328
Japanese Grand Prix,9.0,SAR,29.814
Japanese Grand Prix,9.0,ZHO,46.183
Japanese Grand Prix,10.0,VER,0.0
Japanese Grand Prix,10.0,PER,3.286
Japanese Grand Prix,10.0,SAI,7.578
Japanese Grand Prix,10.0,LEC,13.05
Japanese Grand Prix,10.0,NOR,6.367
Japanese Grand Prix,10.0,ALO,11.315
Japanese Grand Prix,10.0,RUS,15.549
Japanese Grand Prix,10.0,PIA,12.45
Japanese Grand Prix,10.0,HAM,14.561
Japanese Grand Prix,10.0,TSU,38.341
Japanese Grand Prix,10.0,HUL,40.591
Japanese Grand Prix,10.0,STR,22.209
Japanese Grand Prix,10.0,MAG,30.017
Japanese Grand Prix,10.0,BOT,36.727
Japanese Grand Prix,10.0,OCO,28.874
Japanese Grand Prix,10.0,GAS,32.855
Japanese Grand Prix,10.0,SAR,33.14
Japanese Grand Prix,10.0,ZHO,46.093
Japanese Grand Prix,11.0,VER,0.0
Japanese Grand Prix,11.0,PER,3.7279999999999998
Japanese Grand Prix,11.0,SAI,8.077
Japanese Grand Prix,11.0,LEC,14.469
Japanese Grand Prix,11.0,NOR,9.353
Japanese Grand Prix,11.0,ALO,12.484
Japanese Grand Prix,11.0,RUS,16.724
Japanese Grand Prix,11.0,PIA,13.921
Japanese Grand Prix,11.0,HAM,16.079
Japanese Grand Prix,11.0,TSU,38.462
Japanese Grand Prix,11.0,HUL,41.169
Japanese Grand Prix,11.0,STR,23.538
Japanese Grand Prix,11.0,MAG,32.143
Japanese Grand Prix,11.0,BOT,37.385
Japanese Grand Prix,11.0,OCO,31.471
Japanese Grand Prix,11.0,GAS,36.709
Japanese Grand Prix,11.0,SAR,34.714
Japanese Grand Prix,11.0,ZHO,49.436
Japanese Grand Prix,12.0,VER,0.0
Japanese Grand Prix,12.0,PER,4.131
Japanese Grand Prix,12.0,SAI,8.171
Japanese Grand Prix,12.0,LEC,15.599
Japanese Grand Prix,12.0,NOR,27.243
Japanese Grand Prix,12.0,ALO,13.475
Japanese Grand Prix,12.0,RUS,18.183
Japanese Grand Prix,12.0,PIA,17.251
Japanese Grand Prix,12.0,HAM,17.528
Japanese Grand Prix,12.0,TSU,40.766
Japanese Grand Prix,12.0,HUL,42.263
Japanese Grand Prix,12.0,STR,27.423
Japanese Grand Prix,12.0,MAG,34.65
Japanese Grand Prix,12.0,BOT,40.323
Japanese Grand Prix,12.0,OCO,34.278
Japanese Grand Prix,12.0,GAS,40.063
Japanese Grand Prix,12.0,SAR,36.872
Japanese Grand Prix,12.0,ZHO,79.876
Japanese Grand Prix,13.0,VER,0.0
Japanese Grand Prix,13.0,PER,4.529
Japanese Grand Prix,13.0,SAI,8.777
Japanese Grand Prix,13.0,LEC,16.351
Japanese Grand Prix,13.0,NOR,25.277
Japanese Grand Prix,13.0,ALO,16.564
Japanese Grand Prix,13.0,RUS,19.445
Japanese Grand Prix,13.0,PIA,38.082
Japanese Grand Prix,13.0,HAM,20.041
Japanese Grand Prix,13.0,TSU,42.019
Japanese Grand Prix,13.0,HUL,44.838
Japanese Grand Prix,13.0,STR,45.917
Japanese Grand Prix,13.0,MAG,36.19
Japanese Grand Prix,13.0,BOT,40.878
Japanese Grand Prix,13.0,OCO,37.892
Japanese Grand Prix,13.0,GAS,44.811
Japanese Grand Prix,13.0,SAR,39.342
Japanese Grand Prix,14.0,VER,0.0
Japanese Grand Prix,14.0,PER,5.124
Japanese Grand Prix,14.0,SAI,9.371
Japanese Grand Prix,14.0,LEC,17.036
Japanese Grand Prix,14.0,NOR,24.144
Japanese Grand Prix,14.0,ALO,35.198
Japanese Grand Prix,14.0,RUS,19.963
Japanese Grand Prix,14.0,PIA,37.847
Japanese Grand Prix,14.0,HAM,21.184
Japanese Grand Prix,14.0,TSU,42.619
Japanese Grand Prix,14.0,HUL,45.545
Japanese Grand Prix,14.0,STR,45.942
Japanese Grand Prix,14.0,MAG,39.066
Japanese Grand Prix,14.0,BOT,41.685
Japanese Grand Prix,14.0,OCO,40.769
Japanese Grand Prix,14.0,GAS,48.674
Japanese Grand Prix,14.0,SAR,41.145
Japanese Grand Prix,15.0,VER,0.0
Japanese Grand Prix,15.0,PER,8.176
Japanese Grand Prix,15.0,SAI,11.956
Japanese Grand Prix,15.0,LEC,17.354
Japanese Grand Prix,15.0,NOR,23.078
Japanese Grand Prix,15.0,ALO,34.797
Japanese Grand Prix,15.0,RUS,20.674
Japanese Grand Prix,15.0,PIA,37.37
Japanese Grand Prix,15.0,HAM,22.245
Japanese Grand Prix,15.0,TSU,44.69
Japanese Grand Prix,15.0,HUL,47.315
Japanese Grand Prix,15.0,STR,46.213
Japanese Grand Prix,15.0,MAG,40.585
Japanese Grand Prix,15.0,BOT,44.251
Japanese Grand Prix,15.0,OCO,43.876
Japanese Grand Prix,15.0,GAS,52.2
Japanese Grand Prix,15.0,SAR,42.659
Japanese Grand Prix,16.0,VER,0.0
Japanese Grand Prix,16.0,PER,22.73
Japanese Grand Prix,16.0,SAI,27.843
Japanese Grand Prix,16.0,LEC,14.958
Japanese Grand Prix,16.0,NOR,21.047
Japanese Grand Prix,16.0,ALO,31.546
Japanese Grand Prix,16.0,RUS,19.06
Japanese Grand Prix,16.0,PIA,34.156
Japanese Grand Prix,16.0,HAM,20.666
Japanese Grand Prix,16.0,TSU,44.514
Japanese Grand Prix,16.0,HUL,46.398
Japanese Grand Prix,16.0,STR,45.215
Japanese Grand Prix,16.0,MAG,40.127
Japanese Grand Prix,16.0,BOT,42.612
Japanese Grand Prix,16.0,OCO,44.296
Japanese Grand Prix,16.0,GAS,55.404
Japanese Grand Prix,16.0,SAR,41.791
Japanese Grand Prix,17.0,VER,3.664
Japanese Grand Prix,17.0,PER,7.344
Japanese Grand Prix,17.0,SAI,11.498
Japanese Grand Prix,17.0,LEC,0.0
Japanese Grand Prix,17.0,NOR,6.04
Japanese Grand Prix,17.0,ALO,15.731
Japanese Grand Prix,17.0,RUS,5.663
Japanese Grand Prix,17.0,PIA,18.089
Japanese Grand Prix,17.0,HAM,8.382
Japanese Grand Prix,17.0,TSU,29.644
Japanese Grand Prix,17.0,HUL,32.896
Japanese Grand Prix,17.0,STR,30.458
Japanese Grand Prix,17.0,MAG,27.041
Japanese Grand Prix,17.0,BOT,28.516
Japanese Grand Prix,17.0,OCO,32.411
Japanese Grand Prix,17.0,GAS,61.322
Japanese Grand Prix,17.0,SAR,28.193
Japanese Grand Prix,18.0,VER,2.726
Japanese Grand Prix,18.0,PER,7.428
Japanese Grand Prix,18.0,SAI,10.436
Japanese Grand Prix,18.0,LEC,0.0
Japanese Grand Prix,18.0,NOR,4.767
Japanese Grand Prix,18.0,ALO,15.002
Japanese Grand Prix,18.0,RUS,8.22
Japanese Grand Prix,18.0,PIA,17.151
Japanese Grand Prix,18.0,HAM,9.926
Japanese Grand Prix,18.0,TSU,31.154
Japanese Grand Prix,18.0,HUL,33.612
Japanese Grand Prix,18.0,STR,31.541
Japanese Grand Prix,18.0,MAG,28.946
Japanese Grand Prix,18.0,BOT,29.586
Japanese Grand Prix,18.0,OCO,35.388
Japanese Grand Prix,18.0,GAS,61.936
Japanese Grand Prix,18.0,SAR,30.742
Japanese Grand Prix,19.0,VER,1.455
Japanese Grand Prix,19.0,PER,6.341
Japanese Grand Prix,19.0,SAI,10.699
Japanese Grand Prix,19.0,LEC,0.0
Japanese Grand Prix,19.0,NOR,4.027
Japanese Grand Prix,19.0,ALO,14.3
Japanese Grand Prix,19.0,RUS,9.089
Japanese Grand Prix,19.0,PIA,16.41
Japanese Grand Prix,19.0,HAM,11.755
Japanese Grand Prix,19.0,TSU,33.289
Japanese Grand Prix,19.0,HUL,34.983
Japanese Grand Prix,19.0,STR,33.775
Japanese Grand Prix,19.0,MAG,30.961
Japanese Grand Prix,19.0,BOT,31.695
Japanese Grand Prix,19.0,OCO,40.148
Japanese Grand Prix,19.0,GAS,63.012
Japanese Grand Prix,19.0,SAR,32.756
Japanese Grand Prix,20.0,VER,0.377
Japanese Grand Prix,20.0,PER,5.067
Japanese Grand Prix,20.0,SAI,10.533
Japanese Grand Prix,20.0,LEC,0.0
Japanese Grand Prix,20.0,NOR,3.394
Japanese Grand Prix,20.0,ALO,14.435
Japanese Grand Prix,20.0,RUS,10.072
Japanese Grand Prix,20.0,PIA,15.914
Japanese Grand Prix,20.0,HAM,12.894
Japanese Grand Prix,20.0,TSU,34.909
Japanese Grand Prix,20.0,HUL,36.846
Japanese Grand Prix,20.0,STR,35.543
Japanese Grand Prix,20.0,MAG,32.743
Japanese Grand Prix,20.0,BOT,33.328
Japanese Grand Prix,20.0,OCO,61.043
Japanese Grand Prix,20.0,GAS,64.273
Japanese Grand Prix,20.0,SAR,34.244
Japanese Grand Prix,21.0,VER,0.0
Japanese Grand Prix,21.0,PER,5.631
Japanese Grand Prix,21.0,SAI,12.534
Japanese Grand Prix,21.0,LEC,2.209
Japanese Grand Prix,21.0,NOR,4.396
Japanese Grand Prix,21.0,ALO,16.006
Japanese Grand Prix,21.0,RUS,13.57
Japanese Grand Prix,21.0,PIA,17.336
Japanese Grand Prix,21.0,HAM,15.542
Japanese Grand Prix,21.0,TSU,38.477
Japanese Grand Prix,21.0,HUL,40.632
Japanese Grand Prix,21.0,STR,39.101
Japanese Grand Prix,21.0,MAG,36.294
Japanese Grand Prix,21.0,BOT,36.791
Japanese Grand Prix,21.0,OCO,62.765
Japanese Grand Prix,21.0,GAS,66.694
Japanese Grand Prix,21.0,SAR,37.862
Japanese Grand Prix,22.0,VER,0.0
Japanese Grand Prix,22.0,PER,6.511
Japanese Grand Prix,22.0,SAI,12.725
Japanese Grand Prix,22.0,LEC,3.569
Japanese Grand Prix,22.0,NOR,6.9
Japanese Grand Prix,22.0,ALO,17.343
Japanese Grand Prix,22.0,RUS,18.081
Japanese Grand Prix,22.0,PIA,19.576999999999998
Japanese Grand Prix,22.0,HAM,18.981
Japanese Grand Prix,22.0,TSU,44.009
Japanese Grand Prix,22.0,HUL,43.942
Japanese Grand Prix,22.0,STR,45.045
Japanese Grand Prix,22.0,MAG,42.074
Japanese Grand Prix,22.0,BOT,42.718
Japanese Grand Prix,22.0,OCO,64.156
Japanese Grand Prix,22.0,GAS,68.692
Japanese Grand Prix,22.0,SAR,43.467
Japanese Grand Prix,23.0,VER,0.0
Japanese Grand Prix,23.0,PER,6.962
Japanese Grand Prix,23.0,SAI,13.299
Japanese Grand Prix,23.0,LEC,5.119
Japanese Grand Prix,23.0,NOR,8.908
Japanese Grand Prix,23.0,ALO,18.778
Japanese Grand Prix,23.0,RUS,37.428
Japanese Grand Prix,23.0,PIA,22.291
Japanese Grand Prix,23.0,HAM,24.242
Japanese Grand Prix,23.0,TSU,65.055
Japanese Grand Prix,23.0,HUL,46.702
Japanese Grand Prix,23.0,STR,65.583
Japanese Grand Prix,23.0,MAG,67.445
Japanese Grand Prix,23.0,BOT,68.16
Japanese Grand Prix,23.0,OCO,67.17
Japanese Grand Prix,23.0,GAS,72.303
Japanese Grand Prix,23.0,SAR,69.105
Japanese Grand Prix,24.0,VER,0.0
Japanese Grand Prix,24.0,PER,7.351
Japanese Grand Prix,24.0,SAI,13.572
Japanese Grand Prix,24.0,LEC,6.658
Japanese Grand Prix,24.0,NOR,10.098
Japanese Grand Prix,24.0,ALO,19.681
Japanese Grand Prix,24.0,RUS,36.045
Japanese Grand Prix,24.0,PIA,22.934
Japanese Grand Prix,24.0,HAM,42.837
Japanese Grand Prix,24.0,TSU,65.16
Japanese Grand Prix,24.0,HUL,49.431
Japanese Grand Prix,24.0,STR,65.812
Japanese Grand Prix,24.0,MAG,67.567
Japanese Grand Prix,24.0,BOT,69.754
Japanese Grand Prix,24.0,OCO,69.562
Japanese Grand Prix,24.0,GAS,74.552
Japanese Grand Prix,24.0,SAR,70.667
Japanese Grand Prix,25.0,VER,0.0
Japanese Grand Prix,25.0,PER,8.774000000000001
Japanese Grand Prix,25.0,SAI,14.18
Japanese Grand Prix,25.0,LEC,8.239
Japanese Grand Prix,25.0,NOR,11.319
Japanese Grand Prix,25.0,ALO,20.767
Japanese Grand Prix,25.0,RUS,35.381
Japanese Grand Prix,25.0,PIA,24.373
Japanese Grand Prix,25.0,HAM,41.932
Japanese Grand Prix,25.0,TSU,65.896
Japanese Grand Prix,25.0,HUL,51.875
Japanese Grand Prix,25.0,STR,66.47
Japanese Grand Prix,25.0,MAG,68.263
Japanese Grand Prix,25.0,BOT,70.025
Japanese Grand Prix,25.0,OCO,72.309
Japanese Grand Prix,25.0,GAS,77.249
Japanese Grand Prix,25.0,SAR,72.76
Japanese Grand Prix,26.0,VER,0.0
Japanese Grand Prix,26.0,PER,10.026
Japanese Grand Prix,26.0,SAI,14.88
Japanese Grand Prix,26.0,LEC,14.977
Japanese Grand Prix,26.0,NOR,15.799
Japanese Grand Prix,26.0,ALO,21.619
Japanese Grand Prix,26.0,RUS,34.719
Japanese Grand Prix,26.0,PIA,25.3
Japanese Grand Prix,26.0,HAM,40.942
Japanese Grand Prix,26.0,TSU,66.496
Japanese Grand Prix,26.0,HUL,54.48
Japanese Grand Prix,26.0,STR,67.34
Japanese Grand Prix,26.0,MAG,68.971
Japanese Grand Prix,26.0,BOT,70.446
Japanese Grand Prix,26.0,OCO,74.483
Japanese Grand Prix,26.0,GAS,79.77
Japanese Grand Prix,26.0,SAR,74.808
Japanese Grand Prix,27.0,VER,0.0
Japanese Grand Prix,27.0,PER,10.215
Japanese Grand Prix,27.0,SAI,15.294
Japanese Grand Prix,27.0,LEC,33.946
Japanese Grand Prix,27.0,NOR,35.766
Japanese Grand Prix,27.0,ALO,22.324
Japanese Grand Prix,27.0,RUS,35.345
Japanese Grand Prix,27.0,PIA,26.035
Japanese Grand Prix,27.0,HAM,40.423
Japanese Grand Prix,27.0,TSU,67.026
Japanese Grand Prix,27.0,HUL,57.082
Japanese Grand Prix,27.0,STR,67.93
Japanese Grand Prix,27.0,MAG,69.712
Japanese Grand Prix,27.0,BOT,70.414
Japanese Grand Prix,27.0,OCO,76.772
Japanese Grand Prix,27.0,GAS,82.018
Japanese Grand Prix,27.0,SAR,74.744
Japanese Grand Prix,28.0,VER,0.0
Japanese Grand Prix,28.0,PER,10.452
Japanese Grand Prix,28.0,SAI,15.643
Japanese Grand Prix,28.0,LEC,33.54
Japanese Grand Prix,28.0,NOR,34.991
Japanese Grand Prix,28.0,ALO,23.169
Japanese Grand Prix,28.0,RUS,36.413
Japanese Grand Prix,28.0,PIA,26.977
Japanese Grand Prix,28.0,HAM,40.222
Japanese Grand Prix,28.0,TSU,67.757
Japanese Grand Prix,28.0,HUL,59.756
Japanese Grand Prix,28.0,STR,68.522
Japanese Grand Prix,28.0,MAG,70.72
Japanese Grand Prix,28.0,BOT,71.39
Japanese Grand Prix,28.0,OCO,78.888
Japanese Grand Prix,28.0,GAS,84.395
Japanese Grand Prix,28.0,SAR,75.677
Japanese Grand Prix,29.0,VER,0.0
Japanese Grand Prix,29.0,PER,10.766
Japanese Grand Prix,29.0,SAI,16.164
Japanese Grand Prix,29.0,LEC,33.242
Japanese Grand Prix,29.0,NOR,34.594
Japanese Grand Prix,29.0,ALO,24.296
Japanese Grand Prix,29.0,RUS,36.457
Japanese Grand Prix,29.0,PIA,28.093
Japanese Grand Prix,29.0,HAM,40.313
Japanese Grand Prix,29.0,TSU,68.421
Japanese Grand Prix,29.0,HUL,63.052
Japanese Grand Prix,29.0,STR,69.5
Japanese Grand Prix,29.0,MAG,71.953
Japanese Grand Prix,29.0,BOT,72.447
Japanese Grand Prix,29.0,OCO,80.935
Japanese Grand Prix,29.0,GAS,86.792
Japanese Grand Prix,29.0,SAR,76.701
Japanese Grand Prix,30.0,VER,0.0
Japanese Grand Prix,30.0,PER,11.014
Japanese Grand Prix,30.0,SAI,16.325
Japanese Grand Prix,30.0,LEC,32.618
Japanese Grand Prix,30.0,NOR,33.988
Japanese Grand Prix,30.0,ALO,25.09
Japanese Grand Prix,30.0,RUS,36.101
Japanese Grand Prix,30.0,PIA,29.19
Japanese Grand Prix,30.0,HAM,39.863
Japanese Grand Prix,30.0,TSU,69.189
Japanese Grand Prix,30.0,HUL,65.386
Japanese Grand Prix,30.0,STR,70.012
Japanese Grand Prix,30.0,MAG,73.118
Japanese Grand Prix,30.0,BOT,73.851
Japanese Grand Prix,30.0,OCO,82.585
Japanese Grand Prix,30.0,GAS,88.837
Japanese Grand Prix,30.0,SAR,77.363
Japanese Grand Prix,31.0,VER,0.0
Japanese Grand Prix,31.0,PER,11.371
Japanese Grand Prix,31.0,SAI,16.465
Japanese Grand Prix,31.0,LEC,32.058
Japanese Grand Prix,31.0,NOR,33.452
Japanese Grand Prix,31.0,ALO,25.78
Japanese Grand Prix,31.0,RUS,36.116
Japanese Grand Prix,31.0,PIA,30.274
Japanese Grand Prix,31.0,HAM,39.688
Japanese Grand Prix,31.0,TSU,70.104
Japanese Grand Prix,31.0,HUL,68.09
Japanese Grand Prix,31.0,STR,70.98
Japanese Grand Prix,31.0,MAG,74.855
Japanese Grand Prix,31.0,BOT,75.148
Japanese Grand Prix,31.0,OCO,84.486
Japanese Grand Prix,31.0,GAS,91.526
Japanese Grand Prix,31.0,SAR,78.097
Japanese Grand Prix,32.0,VER,0.0
Japanese Grand Prix,32.0,PER,11.557
Japanese Grand Prix,32.0,SAI,16.651
Japanese Grand Prix,32.0,LEC,31.282
Japanese Grand Prix,32.0,NOR,32.907
Japanese Grand Prix,32.0,ALO,26.495
Japanese Grand Prix,32.0,RUS,35.94
Japanese Grand Prix,32.0,PIA,32.836
Japanese Grand Prix,32.0,HAM,39.369
Japanese Grand Prix,32.0,TSU,71.808
Japanese Grand Prix,32.0,HUL,71.418
Japanese Grand Prix,32.0,STR,72.262
Japanese Grand Prix,32.0,MAG,76.592
Japanese Grand Prix,32.0,BOT,76.976
Japanese Grand Prix,32.0,OCO,85.932
Japanese Grand Prix,32.0,GAS,96.334
Japanese Grand Prix,32.0,SAR,78.938
Japanese Grand Prix,33.0,VER,0.0
Japanese Grand Prix,33.0,PER,13.918
Japanese Grand Prix,33.0,SAI,16.836
Japanese Grand Prix,33.0,LEC,30.112
Japanese Grand Prix,33.0,NOR,32.199
Japanese Grand Prix,33.0,ALO,29.241
Japanese Grand Prix,33.0,RUS,35.275
Japanese Grand Prix,33.0,PIA,51.281
Japanese Grand Prix,33.0,HAM,38.765
Japanese Grand Prix,33.0,TSU,73.452
Japanese Grand Prix,33.0,HUL,78.266
Japanese Grand Prix,33.0,STR,74.823
Japanese Grand Prix,33.0,MAG,78.124
Japanese Grand Prix,33.0,BOT,78.65
Japanese Grand Prix,33.0,OCO,89.648
Japanese Grand Prix,33.0,GAS,117.119
Japanese Grand Prix,33.0,SAR,80.056
Japanese Grand Prix,34.0,VER,0.0
Japanese Grand Prix,34.0,PER,29.638
Japanese Grand Prix,34.0,SAI,14.511
Japanese Grand Prix,34.0,LEC,27.206
Japanese Grand Prix,34.0,NOR,29.235
Japanese Grand Prix,34.0,ALO,45.058
Japanese Grand Prix,34.0,RUS,32.753
Japanese Grand Prix,34.0,PIA,47.31
Japanese Grand Prix,34.0,HAM,36.246
Japanese Grand Prix,34.0,TSU,72.019
Japanese Grand Prix,34.0,HUL,96.425
Japanese Grand Prix,34.0,STR,75.147
Japanese Grand Prix,34.0,MAG,76.828
Japanese Grand Prix,34.0,BOT,77.427
Japanese Grand Prix,34.0,OCO,108.253
Japanese Grand Prix,34.0,GAS,116.564
Japanese Grand Prix,34.0,SAR,81.222
Japanese Grand Prix,35.0,VER,4.044
Japanese Grand Prix,35.0,PER,12.124
Japanese Grand Prix,35.0,SAI,0.0
Japanese Grand Prix,35.0,LEC,11.803
Japanese Grand Prix,35.0,NOR,14.39
Japanese Grand Prix,35.0,ALO,29.37
Japanese Grand Prix,35.0,RUS,17.764
Japanese Grand Prix,35.0,PIA,30.653
Japanese Grand Prix,35.0,HAM,21.301
Japanese Grand Prix,35.0,TSU,58.186
Japanese Grand Prix,35.0,HUL,80.903
Japanese Grand Prix,35.0,STR,77.416
Japanese Grand Prix,35.0,MAG,63.415
Japanese Grand Prix,35.0,BOT,63.975
Japanese Grand Prix,35.0,OCO,93.92
Japanese Grand Prix,35.0,GAS,102.761
Japanese Grand Prix,35.0,SAR,85.944
Japanese Grand Prix,36.0,VER,0.0
Japanese Grand Prix,36.0,PER,7.9399999999999995
Japanese Grand Prix,36.0,SAI,0.647
Japanese Grand Prix,36.0,LEC,9.821
Japanese Grand Prix,36.0,NOR,11.623
Japanese Grand Prix,36.0,ALO,26.06
Japanese Grand Prix,36.0,RUS,15.568999999999999
Japanese Grand Prix,36.0,PIA,27.118
Japanese Grand Prix,36.0,HAM,18.829
Japanese Grand Prix,36.0,TSU,56.626
Japanese Grand Prix,36.0,HUL,78.098
Japanese Grand Prix,36.0,STR,74.726
Japanese Grand Prix,36.0,MAG,62.83
Japanese Grand Prix,36.0,BOT,63.569
Japanese Grand Prix,36.0,OCO,92.24
Japanese Grand Prix,36.0,GAS,101.381
Japanese Grand Prix,36.0,SAR,82.778
Japanese Grand Prix,37.0,VER,0.0
Japanese Grand Prix,37.0,PER,7.7780000000000005
Japanese Grand Prix,37.0,SAI,20.74
Japanese Grand Prix,37.0,LEC,10.986
Japanese Grand Prix,37.0,NOR,13.065
Japanese Grand Prix,37.0,ALO,26.471
Japanese Grand Prix,37.0,RUS,19.429
Japanese Grand Prix,37.0,PIA,27.548000000000002
Japanese Grand Prix,37.0,HAM,20.481
Japanese Grand Prix,37.0,TSU,59.075
Japanese Grand Prix,37.0,HUL,79.061
Japanese Grand Prix,37.0,STR,76.04
Japanese Grand Prix,37.0,MAG,65.522
Japanese Grand Prix,37.0,BOT,66.201
Japanese Grand Prix,37.0,OCO,96.033
Japanese Grand Prix,37.0,GAS,104.837
Japanese Grand Prix,37.0,SAR,83.911
Japanese Grand Prix,38.0,VER,0.0
Japanese Grand Prix,38.0,PER,8.037
Japanese Grand Prix,38.0,SAI,19.749
Japanese Grand Prix,38.0,LEC,12.029
Japanese Grand Prix,38.0,NOR,13.962
Japanese Grand Prix,38.0,ALO,26.972
Japanese Grand Prix,38.0,RUS,38.368
Japanese Grand Prix,38.0,PIA,27.829
Japanese Grand Prix,38.0,HAM,22.953
Japanese Grand Prix,38.0,TSU,61.531
Japanese Grand Prix,38.0,HUL,80.205
Japanese Grand Prix,38.0,STR,77.41
Japanese Grand Prix,38.0,MAG,68.325
Japanese Grand Prix,38.0,BOT,69.215
Japanese Grand Prix,38.0,OCO,97.761
Japanese Grand Prix,38.0,GAS,106.607
Japanese Grand Prix,38.0,SAR,85.074
Japanese Grand Prix,39.0,VER,0.0
Japanese Grand Prix,39.0,PER,8.533
Japanese Grand Prix,39.0,SAI,19.674
Japanese Grand Prix,39.0,LEC,13.228
Japanese Grand Prix,39.0,NOR,15.174
Japanese Grand Prix,39.0,ALO,28.448
Japanese Grand Prix,39.0,RUS,38.278
Japanese Grand Prix,39.0,PIA,29.371
Japanese Grand Prix,39.0,HAM,27.489
Japanese Grand Prix,39.0,TSU,64.632
Japanese Grand Prix,39.0,HUL,81.564
Japanese Grand Prix,39.0,STR,79.53
Japanese Grand Prix,39.0,MAG,71.384
Japanese Grand Prix,39.0,BOT,71.953
Japanese Grand Prix,39.0,OCO,100.325
Japanese Grand Prix,39.0,GAS,112.336
Japanese Grand Prix,39.0,SAR,86.83
Japanese Grand Prix,40.0,VER,0.0
Japanese Grand Prix,40.0,PER,8.928
Japanese Grand Prix,40.0,SAI,19.727
Japanese Grand Prix,40.0,LEC,15.226
Japanese Grand Prix,40.0,NOR,17.08
Japanese Grand Prix,40.0,ALO,29.913
Japanese Grand Prix,40.0,RUS,38.472
Japanese Grand Prix,40.0,PIA,30.916
Japanese Grand Prix,40.0,HAM,47.555
Japanese Grand Prix,40.0,TSU,67.73
Japanese Grand Prix,40.0,HUL,82.926
Japanese Grand Prix,40.0,STR,81.031
Japanese Grand Prix,40.0,MAG,74.583
Japanese Grand Prix,40.0,BOT,75.468
Japanese Grand Prix,40.0,OCO,103.562
Japanese Grand Prix,40.0,GAS,116.065
Japanese Grand Prix,40.0,SAR,88.769
Japanese Grand Prix,41.0,VER,0.0
Japanese Grand Prix,41.0,PER,9.685
Japanese Grand Prix,41.0,SAI,20.317
Japanese Grand Prix,41.0,LEC,16.404
Japanese Grand Prix,41.0,NOR,18.036
Japanese Grand Prix,41.0,ALO,31.214
Japanese Grand Prix,41.0,RUS,38.74
Japanese Grand Prix,41.0,PIA,32.188
Japanese Grand Prix,41.0,HAM,47.234
Japanese Grand Prix,41.0,TSU,70.754
Japanese Grand Prix,41.0,HUL,84.6
Japanese Grand Prix,41.0,STR,82.556
Japanese Grand Prix,41.0,MAG,77.823
Japanese Grand Prix,41.0,BOT,78.507
Japanese Grand Prix,41.0,OCO,108.297
Japanese Grand Prix,41.0,GAS,119.269
Japanese Grand Prix,41.0,SAR,138.278
Japanese Grand Prix,42.0,VER,0.0
Japanese Grand Prix,42.0,PER,10.153
Japanese Grand Prix,42.0,SAI,20.645
Japanese Grand Prix,42.0,LEC,17.236
Japanese Grand Prix,42.0,NOR,19.288
Japanese Grand Prix,42.0,ALO,33.541
Japanese Grand Prix,42.0,RUS,39.074
Japanese Grand Prix,42.0,PIA,34.771
Japanese Grand Prix,42.0,HAM,46.507
Japanese Grand Prix,42.0,TSU,73.282
Japanese Grand Prix,42.0,HUL,86.009
Japanese Grand Prix,42.0,STR,84.147
Japanese Grand Prix,42.0,MAG,80.826
Japanese Grand Prix,42.0,BOT,81.543
Japanese Grand Prix,42.0,OCO,110.461
Japanese Grand Prix,42.0,GAS,121.318
Japanese Grand Prix,42.0,SAR,158.484
Japanese Grand Prix,43.0,VER,0.0
Japanese Grand Prix,43.0,PER,10.949
Japanese Grand Prix,43.0,SAI,21.092
Japanese Grand Prix,43.0,LEC,18.646
Japanese Grand Prix,43.0,NOR,20.905
Japanese Grand Prix,43.0,ALO,35.33
Japanese Grand Prix,43.0,RUS,39.912
Japanese Grand Prix,43.0,PIA,36.309
Japanese Grand Prix,43.0,HAM,46.286
Japanese Grand Prix,43.0,TSU,76.477
Japanese Grand Prix,43.0,HUL,87.857
Japanese Grand Prix,43.0,STR,86.347
Japanese Grand Prix,43.0,MAG,83.899
Japanese Grand Prix,43.0,BOT,84.684
Japanese Grand Prix,43.0,OCO,113.636
Japanese Grand Prix,43.0,GAS,123.814
Japanese Grand Prix,43.0,SAR,159.081
Japanese Grand Prix,44.0,VER,0.0
Japanese Grand Prix,44.0,PER,11.195
Japanese Grand Prix,44.0,SAI,20.973
Japanese Grand Prix,44.0,LEC,19.876
Japanese Grand Prix,44.0,NOR,22.841
Japanese Grand Prix,44.0,ALO,36.49
Japanese Grand Prix,44.0,RUS,40.291
Japanese Grand Prix,44.0,PIA,37.393
Japanese Grand Prix,44.0,HAM,46.168
Japanese Grand Prix,44.0,TSU,79.351
Japanese Grand Prix,44.0,HUL,90.171
Japanese Grand Prix,44.0,STR,88.377
Japanese Grand Prix,44.0,MAG,86.919
Japanese Grand Prix,44.0,BOT,87.736
Japanese Grand Prix,44.0,OCO,120.142
Japanese Grand Prix,44.0,GAS,126.56
Japanese Grand Prix,44.0,SAR,159.713
Japanese Grand Prix,45.0,VER,0.0
Japanese Grand Prix,45.0,PER,11.585
Japanese Grand Prix,45.0,SAI,21.373
Japanese Grand Prix,45.0,LEC,21.009
Japanese Grand Prix,45.0,NOR,24.459
Japanese Grand Prix,45.0,ALO,37.52
Japanese Grand Prix,45.0,RUS,40.598
Japanese Grand Prix,45.0,PIA,38.435
Japanese Grand Prix,45.0,HAM,46.353
Japanese Grand Prix,45.0,TSU,81.995
Japanese Grand Prix,45.0,HUL,92.373
Japanese Grand Prix,45.0,STR,90.577
Japanese Grand Prix,45.0,MAG,89.987
Japanese Grand Prix,45.0,BOT,91.864
Japanese Grand Prix,45.0,OCO,122.519
Japanese Grand Prix,45.0,GAS,128.896
Japanese Grand Prix,45.0,SAR,160.457
Japanese Grand Prix,46.0,VER,0.0
Japanese Grand Prix,46.0,PER,11.725
Japanese Grand Prix,46.0,SAI,20.604
Japanese Grand Prix,46.0,LEC,23.177
Japanese Grand Prix,46.0,NOR,25.484
Japanese Grand Prix,46.0,ALO,38.737
Japanese Grand Prix,46.0,RUS,41.103
Japanese Grand Prix,46.0,PIA,39.58
Japanese Grand Prix,46.0,HAM,46.541
Japanese Grand Prix,46.0,TSU,84.431
Japanese Grand Prix,46.0,HUL,95.932
Japanese Grand Prix,46.0,STR,92.317
Japanese Grand Prix,46.0,MAG,93.709
Japanese Grand Prix,46.0,BOT,97.22
Japanese Grand Prix,46.0,OCO,125.0
Japanese Grand Prix,46.0,GAS,131.283
Japanese Grand Prix,46.0,SAR,161.625
Japanese Grand Prix,47.0,VER,0.0
Japanese Grand Prix,47.0,PER,11.668
Japanese Grand Prix,47.0,SAI,20.554
Japanese Grand Prix,47.0,LEC,23.986
Japanese Grand Prix,47.0,NOR,26.004
Japanese Grand Prix,47.0,ALO,39.486
Japanese Grand Prix,47.0,RUS,41.307
Japanese Grand Prix,47.0,PIA,40.358
Japanese Grand Prix,47.0,HAM,46.107
Japanese Grand Prix,47.0,TSU,86.424
Japanese Grand Prix,47.0,HUL,97.646
Japanese Grand Prix,47.0,STR,93.908
Japanese Grand Prix,47.0,MAG,97.303
Japanese Grand Prix,47.0,BOT,100.007
Japanese Grand Prix,47.0,OCO,127.268
Japanese Grand Prix,47.0,GAS,132.929
Japanese Grand Prix,47.0,SAR,162.213
Japanese Grand Prix,48.0,VER,0.0
Japanese Grand Prix,48.0,PER,11.301
Japanese Grand Prix,48.0,SAI,19.766
Japanese Grand Prix,48.0,LEC,23.738
Japanese Grand Prix,48.0,NOR,25.931
Japanese Grand Prix,48.0,ALO,39.597
Japanese Grand Prix,48.0,RUS,40.98
Japanese Grand Prix,48.0,PIA,40.506
Japanese Grand Prix,48.0,HAM,45.257
Japanese Grand Prix,48.0,TSU,87.712
Japanese Grand Prix,48.0,HUL,97.629
Japanese Grand Prix,48.0,STR,96.191
Japanese Grand Prix,48.0,MAG,99.872
Japanese Grand Prix,48.0,BOT,101.463
Japanese Grand Prix,48.0,OCO,128.354
Japanese Grand Prix,48.0,GAS,133.821
Japanese Grand Prix,48.0,SAR,162.3
Japanese Grand Prix,49.0,VER,0.0
Japanese Grand Prix,49.0,PER,11.451
Japanese Grand Prix,49.0,SAI,19.633
Japanese Grand Prix,49.0,LEC,24.396
Japanese Grand Prix,49.0,NOR,26.4
Japanese Grand Prix,49.0,ALO,40.543
Japanese Grand Prix,49.0,RUS,42.119
Japanese Grand Prix,49.0,PIA,41.8
Japanese Grand Prix,49.0,HAM,45.419
Japanese Grand Prix,49.0,TSU,89.384
Japanese Grand Prix,49.0,HUL,98.979
Japanese Grand Prix,49.0,STR,97.687
Japanese Grand Prix,49.0,MAG,102.506
Japanese Grand Prix,49.0,BOT,103.522
Japanese Grand Prix,49.0,OCO,130.16
Japanese Grand Prix,49.0,GAS,137.586
Japanese Grand Prix,49.0,SAR,163.034
Japanese Grand Prix,50.0,VER,0.0
Japanese Grand Prix,50.0,PER,12.989
Japanese Grand Prix,50.0,SAI,20.563
Japanese Grand Prix,50.0,LEC,25.964
Japanese Grand Prix,50.0,NOR,27.962
Japanese Grand Prix,50.0,ALO,42.845
Japanese Grand Prix,50.0,RUS,44.878
Japanese Grand Prix,50.0,PIA,44.322
Japanese Grand Prix,50.0,HAM,47.143
Japanese Grand Prix,50.0,TSU,92.066
Japanese Grand Prix,50.0,HUL,100.991
Japanese Grand Prix,50.0,STR,100.146
Japanese Grand Prix,50.0,MAG,106.22
Japanese Grand Prix,50.0,BOT,109.011
Japanese Grand Prix,50.0,OCO,133.09
Japanese Grand Prix,50.0,GAS,144.841
Japanese Grand Prix,50.0,SAR,164.818
Japanese Grand Prix,51.0,VER,0.0
Japanese Grand Prix,51.0,PER,13.111
Japanese Grand Prix,51.0,SAI,20.672
Japanese Grand Prix,51.0,LEC,26.395
Japanese Grand Prix,51.0,NOR,28.38
Japanese Grand Prix,51.0,ALO,44.146
Japanese Grand Prix,51.0,RUS,45.539
Japanese Grand Prix,51.0,PIA,44.983
Japanese Grand Prix,51.0,HAM,47.851
Japanese Grand Prix,51.0,TSU,93.64
Japanese Grand Prix,51.0,HUL,102.076
Japanese Grand Prix,51.0,STR,101.648
Japanese Grand Prix,51.0,MAG,110.33
Japanese Grand Prix,51.0,BOT,111.399
Japanese Grand Prix,51.0,OCO,135.153
Japanese Grand Prix,51.0,GAS,147.794
Japanese Grand Prix,51.0,SAR,165.283
Japanese Grand Prix,52.0,VER,0.0
Japanese Grand Prix,52.0,PER,13.07
Japanese Grand Prix,52.0,SAI,20.905
Japanese Grand Prix,52.0,LEC,26.741
Japanese Grand Prix,52.0,NOR,29.242
Japanese Grand Prix,52.0,ALO,44.809
Japanese Grand Prix,52.0,RUS,46.312
Japanese Grand Prix,52.0,PIA,46.177
Japanese Grand Prix,52.0,HAM,48.116
Japanese Grand Prix,52.0,TSU,96.865
Japanese Grand Prix,52.0,HUL,102.431
Japanese Grand Prix,52.0,STR,106.496
Japanese Grand Prix,52.0,MAG,113.182
Japanese Grand Prix,52.0,BOT,114.156
Japanese Grand Prix,52.0,OCO,136.415
Japanese Grand Prix,52.0,GAS,150.329
Japanese Grand Prix,52.0,SAR,168.028
Japanese Grand Prix,53.0,VER,0.0
Japanese Grand Prix,53.0,PER,12.535
Japanese Grand Prix,53.0,SAI,20.866
Japanese Grand Prix,53.0,LEC,26.522
Japanese Grand Prix,53.0,NOR,29.7
Japanese Grand Prix,53.0,ALO,44.272
Japanese Grand Prix,53.0,RUS,45.951
Japanese Grand Prix,53.0,PIA,47.525
Japanese Grand Prix,53.0,HAM,48.626
Chinese Grand Prix,1.0,VER,0.0
Chinese Grand Prix,1.0,GAS,8.379
Chinese Grand Prix,1.0,PER,2.442
Chinese Grand Prix,1.0,ALO,1.645
Chinese Grand Prix,1.0,LEC,4.96
Chinese Grand Prix,1.0,STR,6.202
Chinese Grand Prix,1.0,SAR,10.602
Chinese Grand Prix,1.0,MAG,9.558
Chinese Grand Prix,1.0,TSU,9.097
Chinese Grand Prix,1.0,ALB,7.836
Chinese Grand Prix,1.0,ZHO,9.143
Chinese Grand Prix,1.0,HUL,5.513
Chinese Grand Prix,1.0,RIC,8.727
Chinese Grand Prix,1.0,OCO,7.369
Chinese Grand Prix,1.0,NOR,2.996
Chinese Grand Prix,1.0,HAM,9.974
Chinese Grand Prix,1.0,SAI,5.619
Chinese Grand Prix,1.0,RUS,4.218
Chinese Grand Prix,1.0,BOT,6.621
Chinese Grand Prix,1.0,PIA,3.593
Chinese Grand Prix,2.0,VER,0.0
Chinese Grand Prix,2.0,GAS,11.455
Chinese Grand Prix,2.0,PER,3.22
Chinese Grand Prix,2.0,ALO,2.67
Chinese Grand Prix,2.0,LEC,6.6690000000000005
Chinese Grand Prix,2.0,STR,8.425
Chinese Grand Prix,2.0,SAR,14.587
Chinese Grand Prix,2.0,MAG,13.362
Chinese Grand Prix,2.0,TSU,12.668
Chinese Grand Prix,2.0,ALB,10.89
Chinese Grand Prix,2.0,ZHO,13.438
Chinese Grand Prix,2.0,HUL,9.097
Chinese Grand Prix,2.0,RIC,12.094
Chinese Grand Prix,2.0,OCO,10.288
Chinese Grand Prix,2.0,NOR,4.16
Chinese Grand Prix,2.0,HAM,14.006
Chinese Grand Prix,2.0,SAI,7.631
Chinese Grand Prix,2.0,RUS,5.811
Chinese Grand Prix,2.0,BOT,9.559
Chinese Grand Prix,2.0,PIA,5.097
Chinese Grand Prix,3.0,VER,0.0
Chinese Grand Prix,3.0,GAS,13.973
Chinese Grand Prix,3.0,PER,3.699
Chinese Grand Prix,3.0,ALO,3.164
Chinese Grand Prix,3.0,LEC,8.265
Chinese Grand Prix,3.0,STR,10.236
Chinese Grand Prix,3.0,SAR,17.737
Chinese Grand Prix,3.0,MAG,16.047
Chinese Grand Prix,3.0,TSU,15.31
Chinese Grand Prix,3.0,ALB,13.41
Chinese Grand Prix,3.0,ZHO,16.935
Chinese Grand Prix,3.0,HUL,10.95
Chinese Grand Prix,3.0,RIC,14.673
Chinese Grand Prix,3.0,OCO,12.600999999999999
Chinese Grand Prix,3.0,NOR,4.948
Chinese Grand Prix,3.0,HAM,16.418
Chinese Grand Prix,3.0,SAI,9.116
Chinese Grand Prix,3.0,RUS,7.088
Chinese Grand Prix,3.0,BOT,11.613
Chinese Grand Prix,3.0,PIA,6.357
Chinese Grand Prix,4.0,VER,0.0
Chinese Grand Prix,4.0,GAS,16.247
Chinese Grand Prix,4.0,PER,4.73
Chinese Grand Prix,4.0,ALO,4.17
Chinese Grand Prix,4.0,LEC,9.912
Chinese Grand Prix,4.0,STR,12.219
Chinese Grand Prix,4.0,SAR,21.39
Chinese Grand Prix,4.0,MAG,19.59
Chinese Grand Prix,4.0,TSU,17.832
Chinese Grand Prix,4.0,ALB,15.812
Chinese Grand Prix,4.0,ZHO,19.846
Chinese Grand Prix,4.0,HUL,13.201
Chinese Grand Prix,4.0,RIC,17.076
Chinese Grand Prix,4.0,OCO,15.03
Chinese Grand Prix,4.0,NOR,6.304
Chinese Grand Prix,4.0,HAM,18.858
Chinese Grand Prix,4.0,SAI,10.688
Chinese Grand Prix,4.0,RUS,8.928
Chinese Grand Prix,4.0,BOT,14.072
Chinese Grand Prix,4.0,PIA,8.031
Chinese Grand Prix,5.0,VER,0.0
Chinese Grand Prix,5.0,GAS,18.88
Chinese Grand Prix,5.0,PER,5.436
Chinese Grand Prix,5.0,ALO,6.311
Chinese Grand Prix,5.0,LEC,11.088
Chinese Grand Prix,5.0,STR,14.284
Chinese Grand Prix,5.0,SAR,23.987
Chinese Grand Prix,5.0,MAG,22.468
Chinese Grand Prix,5.0,TSU,20.57
Chinese Grand Prix,5.0,ALB,18.285
Chinese Grand Prix,5.0,ZHO,22.945
Chinese Grand Prix,5.0,HUL,15.613
Chinese Grand Prix,5.0,RIC,19.606
Chinese Grand Prix,5.0,OCO,17.216
Chinese Grand Prix,5.0,NOR,7.325
Chinese Grand Prix,5.0,HAM,21.438
Chinese Grand Prix,5.0,SAI,11.979
Chinese Grand Prix,5.0,RUS,10.194
Chinese Grand Prix,5.0,BOT,16.345
Chinese Grand Prix,5.0,PIA,9.339
Chinese Grand Prix,6.0,VER,0.0
Chinese Grand Prix,6.0,GAS,21.227
Chinese Grand Prix,6.0,PER,5.945
Chinese Grand Prix,6.0,ALO,7.527
Chinese Grand Prix,6.0,LEC,12.263
Chinese Grand Prix,6.0,STR,16.414
Chinese Grand Prix,6.0,SAR,26.566
Chinese Grand Prix,6.0,MAG,25.22
Chinese Grand Prix,6.0,TSU,23.092
Chinese Grand Prix,6.0,ALB,20.491
Chinese Grand Prix,6.0,ZHO,26.01
Chinese Grand Prix,6.0,HUL,17.85
Chinese Grand Prix,6.0,RIC,22.072
Chinese Grand Prix,6.0,OCO,19.281
Chinese Grand Prix,6.0,NOR,8.187
Chinese Grand Prix,6.0,HAM,23.758
Chinese Grand Prix,6.0,SAI,13.241
Chinese Grand Prix,6.0,RUS,11.644
Chinese Grand Prix,6.0,BOT,18.349
Chinese Grand Prix,6.0,PIA,10.8
Chinese Grand Prix,7.0,VER,0.0
Chinese Grand Prix,7.0,GAS,23.461
Chinese Grand Prix,7.0,PER,6.41
Chinese Grand Prix,7.0,ALO,10.226
Chinese Grand Prix,7.0,LEC,13.562
Chinese Grand Prix,7.0,STR,18.557
Chinese Grand Prix,7.0,SAR,29.532
Chinese Grand Prix,7.0,MAG,28.032
Chinese Grand Prix,7.0,TSU,25.925
Chinese Grand Prix,7.0,ALB,22.734
Chinese Grand Prix,7.0,ZHO,28.965
Chinese Grand Prix,7.0,HUL,20.793
Chinese Grand Prix,7.0,RIC,24.752
Chinese Grand Prix,7.0,OCO,21.712
Chinese Grand Prix,7.0,NOR,9.472
Chinese Grand Prix,7.0,HAM,26.696
Chinese Grand Prix,7.0,SAI,14.906
Chinese Grand Prix,7.0,RUS,13.115
Chinese Grand Prix,7.0,BOT,20.19
Chinese Grand Prix,7.0,PIA,12.058
Chinese Grand Prix,8.0,VER,0.0
Chinese Grand Prix,8.0,GAS,26.222
Chinese Grand Prix,8.0,PER,7.013
Chinese Grand Prix,8.0,ALO,12.248
Chinese Grand Prix,8.0,LEC,15.421
Chinese Grand Prix,8.0,STR,20.515
Chinese Grand Prix,8.0,SAR,32.635
Chinese Grand Prix,8.0,MAG,31.161
Chinese Grand Prix,8.0,TSU,33.245
Chinese Grand Prix,8.0,ALB,25.615
Chinese Grand Prix,8.0,ZHO,37.333
Chinese Grand Prix,8.0,HUL,28.747
Chinese Grand Prix,8.0,RIC,27.485
Chinese Grand Prix,8.0,OCO,24.647
Chinese Grand Prix,8.0,NOR,10.118
Chinese Grand Prix,8.0,HAM,29.355
Chinese Grand Prix,8.0,SAI,16.747
Chinese Grand Prix,8.0,RUS,15.119
Chinese Grand Prix,8.0,BOT,22.53
Chinese Grand Prix,8.0,PIA,13.575
Chinese Grand Prix,9.0,VER,0.0
Chinese Grand Prix,9.0,GAS,28.758
Chinese Grand Prix,9.0,PER,7.626
Chinese Grand Prix,9.0,ALO,14.039
Chinese Grand Prix,9.0,LEC,16.455
Chinese Grand Prix,9.0,STR,27.074
Chinese Grand Prix,9.0,SAR,34.716
Chinese Grand Prix,9.0,MAG,33.467
Chinese Grand Prix,9.0,TSU,51.935
Chinese Grand Prix,9.0,ALB,32.831
Chinese Grand Prix,9.0,ZHO,57.392
Chinese Grand Prix,9.0,HUL,47.531
Chinese Grand Prix,9.0,RIC,29.935
Chinese Grand Prix,9.0,OCO,31.782
Chinese Grand Prix,9.0,NOR,10.651
Chinese Grand Prix,9.0,HAM,36.142
Chinese Grand Prix,9.0,SAI,18.392
Chinese Grand Prix,9.0,RUS,17.949
Chinese Grand Prix,9.0,BOT,29.352
Chinese Grand Prix,9.0,PIA,15.396
Chinese Grand Prix,10.0,VER,0.0
Chinese Grand Prix,10.0,GAS,30.769
Chinese Grand Prix,10.0,PER,8.042
Chinese Grand Prix,10.0,ALO,15.698
Chinese Grand Prix,10.0,LEC,17.355
Chinese Grand Prix,10.0,STR,45.376
Chinese Grand Prix,10.0,SAR,36.976
Chinese Grand Prix,10.0,MAG,35.323
Chinese Grand Prix,10.0,TSU,52.682
Chinese Grand Prix,10.0,ALB,52.901
Chinese Grand Prix,10.0,ZHO,57.733
Chinese Grand Prix,10.0,HUL,47.536
Chinese Grand Prix,10.0,RIC,31.82
Chinese Grand Prix,10.0,OCO,51.01
Chinese Grand Prix,10.0,NOR,10.922
Chinese Grand Prix,10.0,HAM,53.627
Chinese Grand Prix,10.0,SAI,20.206
Chinese Grand Prix,10.0,RUS,19.752
Chinese Grand Prix,10.0,BOT,48.944
Chinese Grand Prix,10.0,PIA,16.63
Chinese Grand Prix,11.0,VER,0.0
Chinese Grand Prix,11.0,GAS,38.09
Chinese Grand Prix,11.0,PER,8.408
Chinese Grand Prix,11.0,ALO,22.345
Chinese Grand Prix,11.0,LEC,18.082
Chinese Grand Prix,11.0,STR,45.256
Chinese Grand Prix,11.0,SAR,39.15
Chinese Grand Prix,11.0,MAG,37.471
Chinese Grand Prix,11.0,TSU,52.874
Chinese Grand Prix,11.0,ALB,54.437
Chinese Grand Prix,11.0,ZHO,58.165
Chinese Grand Prix,11.0,HUL,47.555
Chinese Grand Prix,11.0,RIC,33.906
Chinese Grand Prix,11.0,OCO,51.081
Chinese Grand Prix,11.0,NOR,11.349
Chinese Grand Prix,11.0,HAM,53.635
Chinese Grand Prix,11.0,SAI,22.104
Chinese Grand Prix,11.0,RUS,26.367
Chinese Grand Prix,11.0,BOT,48.819
Chinese Grand Prix,11.0,PIA,18.685
Chinese Grand Prix,12.0,VER,0.0
Chinese Grand Prix,12.0,GAS,74.427
Chinese Grand Prix,12.0,PER,9.356
Chinese Grand Prix,12.0,ALO,41.077
Chinese Grand Prix,12.0,LEC,18.703
Chinese Grand Prix,12.0,STR,45.947
Chinese Grand Prix,12.0,SAR,46.901
Chinese Grand Prix,12.0,MAG,39.818
Chinese Grand Prix,12.0,TSU,53.86
Chinese Grand Prix,12.0,ALB,55.27
Chinese Grand Prix,12.0,ZHO,58.775
Chinese Grand Prix,12.0,HUL,48.058
Chinese Grand Prix,12.0,RIC,35.703
Chinese Grand Prix,12.0,OCO,51.556
Chinese Grand Prix,12.0,NOR,12.038
Chinese Grand Prix,12.0,HAM,54.221
Chinese Grand Prix,12.0,SAI,23.389
Chinese Grand Prix,12.0,RUS,43.052
Chinese Grand Prix,12.0,BOT,49.495
Chinese Grand Prix,12.0,PIA,20.342
Chinese Grand Prix,13.0,VER,0.0
Chinese Grand Prix,13.0,GAS,68.972
Chinese Grand Prix,13.0,PER,9.696
Chinese Grand Prix,13.0,ALO,36.807
Chinese Grand Prix,13.0,LEC,14.256
Chinese Grand Prix,13.0,STR,40.893
Chinese Grand Prix,13.0,SAR,60.603
Chinese Grand Prix,13.0,MAG,37.882
Chinese Grand Prix,13.0,TSU,50.865
Chinese Grand Prix,13.0,ALB,51.352
Chinese Grand Prix,13.0,ZHO,54.461
Chinese Grand Prix,13.0,HUL,43.593
Chinese Grand Prix,13.0,RIC,32.193
Chinese Grand Prix,13.0,OCO,47.223
Chinese Grand Prix,13.0,NOR,7.317
Chinese Grand Prix,13.0,HAM,49.622
Chinese Grand Prix,13.0,SAI,19.263
Chinese Grand Prix,13.0,RUS,37.311
Chinese Grand Prix,13.0,BOT,45.113
Chinese Grand Prix,13.0,PIA,16.687
Chinese Grand Prix,14.0,VER,10.101
Chinese Grand Prix,14.0,GAS,61.892
Chinese Grand Prix,14.0,PER,18.978
Chinese Grand Prix,14.0,ALO,28.778
Chinese Grand Prix,14.0,LEC,7.095
Chinese Grand Prix,14.0,STR,33.745
Chinese Grand Prix,14.0,SAR,52.63
Chinese Grand Prix,14.0,MAG,32.868
Chinese Grand Prix,14.0,TSU,44.402
Chinese Grand Prix,14.0,ALB,45.653
Chinese Grand Prix,14.0,ZHO,48.114
Chinese Grand Prix,14.0,HUL,36.743
Chinese Grand Prix,14.0,RIC,31.022
Chinese Grand Prix,14.0,OCO,40.362
Chinese Grand Prix,14.0,NOR,0.0
Chinese Grand Prix,14.0,HAM,42.369
Chinese Grand Prix,14.0,SAI,13.377
Chinese Grand Prix,14.0,RUS,30.092
Chinese Grand Prix,14.0,BOT,38.499
Chinese Grand Prix,14.0,PIA,10.853
Chinese Grand Prix,15.0,VER,7.652
Chinese Grand Prix,15.0,GAS,61.531
Chinese Grand Prix,15.0,PER,16.976
Chinese Grand Prix,15.0,ALO,27.721
Chinese Grand Prix,15.0,LEC,6.9190000000000005
Chinese Grand Prix,15.0,STR,33.175
Chinese Grand Prix,15.0,SAR,52.331
Chinese Grand Prix,15.0,MAG,35.294
Chinese Grand Prix,15.0,TSU,44.656
Chinese Grand Prix,15.0,ALB,46.375
Chinese Grand Prix,15.0,ZHO,49.068
Chinese Grand Prix,15.0,HUL,37.111
Chinese Grand Prix,15.0,RIC,49.239
Chinese Grand Prix,15.0,OCO,40.679
Chinese Grand Prix,15.0,NOR,0.0
Chinese Grand Prix,15.0,HAM,42.643
Chinese Grand Prix,15.0,SAI,14.129
Chinese Grand Prix,15.0,RUS,29.36
Chinese Grand Prix,15.0,BOT,38.85
Chinese Grand Prix,15.0,PIA,11.458
Chinese Grand Prix,16.0,VER,5.842
Chinese Grand Prix,16.0,GAS,61.843
Chinese Grand Prix,16.0,PER,15.737
Chinese Grand Prix,16.0,ALO,27.2
Chinese Grand Prix,16.0,LEC,7.853
Chinese Grand Prix,16.0,STR,33.196
Chinese Grand Prix,16.0,SAR,52.977
Chinese Grand Prix,16.0,MAG,37.147
Chinese Grand Prix,16.0,TSU,45.389
Chinese Grand Prix,16.0,ALB,47.191
Chinese Grand Prix,16.0,ZHO,50.513
Chinese Grand Prix,16.0,HUL,37.816
Chinese Grand Prix,16.0,RIC,48.438
Chinese Grand Prix,16.0,OCO,41.327
Chinese Grand Prix,16.0,NOR,0.0
Chinese Grand Prix,16.0,HAM,43.379
Chinese Grand Prix,16.0,SAI,15.027
Chinese Grand Prix,16.0,RUS,28.965
Chinese Grand Prix,16.0,BOT,39.27
Chinese Grand Prix,16.0,PIA,17.306
Chinese Grand Prix,17.0,VER,3.661
Chinese Grand Prix,17.0,GAS,62.099
Chinese Grand Prix,17.0,PER,16.14
Chinese Grand Prix,17.0,ALO,26.751
Chinese Grand Prix,17.0,LEC,8.132
Chinese Grand Prix,17.0,STR,33.217
Chinese Grand Prix,17.0,SAR,53.552
Chinese Grand Prix,17.0,MAG,45.709
Chinese Grand Prix,17.0,TSU,46.13
Chinese Grand Prix,17.0,ALB,48.609
Chinese Grand Prix,17.0,ZHO,52.002
Chinese Grand Prix,17.0,HUL,38.071
Chinese Grand Prix,17.0,RIC,47.815
Chinese Grand Prix,17.0,OCO,42.177
Chinese Grand Prix,17.0,NOR,0.0
Chinese Grand Prix,17.0,HAM,43.902
Chinese Grand Prix,17.0,SAI,21.19
Chinese Grand Prix,17.0,RUS,28.641
Chinese Grand Prix,17.0,BOT,40.176
Chinese Grand Prix,17.0,PIA,34.888
Chinese Grand Prix,18.0,VER,1.737
Chinese Grand Prix,18.0,GAS,61.917
Chinese Grand Prix,18.0,PER,14.345
Chinese Grand Prix,18.0,ALO,25.986
Chinese Grand Prix,18.0,LEC,8.252
Chinese Grand Prix,18.0,STR,33.659
Chinese Grand Prix,18.0,SAR,53.859
Chinese Grand Prix,18.0,MAG,64.619
Chinese Grand Prix,18.0,TSU,46.764
Chinese Grand Prix,18.0,ALB,49.619
Chinese Grand Prix,18.0,ZHO,52.895
Chinese Grand Prix,18.0,HUL,39.096
Chinese Grand Prix,18.0,RIC,47.363
Chinese Grand Prix,18.0,OCO,42.669
Chinese Grand Prix,18.0,NOR,0.0
Chinese Grand Prix,18.0,HAM,44.472
Chinese Grand Prix,18.0,SAI,38.048
Chinese Grand Prix,18.0,RUS,28.138
Chinese Grand Prix,18.0,BOT,40.95
Chinese Grand Prix,18.0,PIA,32.633
Chinese Grand Prix,19.0,VER,0.0
Chinese Grand Prix,19.0,GAS,62.177
Chinese Grand Prix,19.0,PER,12.782
Chinese Grand Prix,19.0,ALO,25.569
Chinese Grand Prix,19.0,LEC,8.358
Chinese Grand Prix,19.0,STR,34.117
Chinese Grand Prix,19.0,SAR,54.573
Chinese Grand Prix,19.0,MAG,63.849
Chinese Grand Prix,19.0,TSU,48.112
Chinese Grand Prix,19.0,ALB,50.93
Chinese Grand Prix,19.0,ZHO,53.846
Chinese Grand Prix,19.0,HUL,39.685
Chinese Grand Prix,19.0,RIC,47.442
Chinese Grand Prix,19.0,OCO,43.337
Chinese Grand Prix,19.0,NOR,0.782
Chinese Grand Prix,19.0,HAM,45.45
Chinese Grand Prix,19.0,SAI,35.936
Chinese Grand Prix,19.0,RUS,27.678
Chinese Grand Prix,19.0,BOT,41.326
Chinese Grand Prix,19.0,PIA,31.389
Chinese Grand Prix,20.0,VER,0.0
Chinese Grand Prix,20.0,GAS,64.325
Chinese Grand Prix,20.0,PER,13.223
Chinese Grand Prix,20.0,ALO,27.128
Chinese Grand Prix,20.0,LEC,10.318
Chinese Grand Prix,20.0,STR,36.131
Chinese Grand Prix,20.0,SAR,57.695
Chinese Grand Prix,20.0,MAG,65.08
Chinese Grand Prix,20.0,TSU,51.205
Chinese Grand Prix,20.0,ALB,54.035
Chinese Grand Prix,20.0,ZHO,56.935
Chinese Grand Prix,20.0,HUL,41.791
Chinese Grand Prix,20.0,RIC,49.178
Chinese Grand Prix,20.0,OCO,45.855
Chinese Grand Prix,20.0,NOR,2.868
Chinese Grand Prix,20.0,HAM,48.484
Chinese Grand Prix,20.0,SAI,36.516
Chinese Grand Prix,20.0,RUS,29.664
Chinese Grand Prix,20.0,BOT,91.245
Chinese Grand Prix,20.0,PIA,31.786
Chinese Grand Prix,21.0,VER,0.0
Chinese Grand Prix,21.0,GAS,87.085
Chinese Grand Prix,21.0,PER,19.859
Chinese Grand Prix,21.0,ALO,37.542
Chinese Grand Prix,21.0,LEC,21.797
Chinese Grand Prix,21.0,STR,54.622
Chinese Grand Prix,21.0,SAR,79.327
Chinese Grand Prix,21.0,MAG,88.433
Chinese Grand Prix,21.0,TSU,70.545
Chinese Grand Prix,21.0,ALB,74.273
Chinese Grand Prix,21.0,ZHO,78.426
Chinese Grand Prix,21.0,HUL,58.912
Chinese Grand Prix,21.0,RIC,68.059
Chinese Grand Prix,21.0,OCO,62.91
Chinese Grand Prix,21.0,NOR,5.944
Chinese Grand Prix,21.0,HAM,70.773
Chinese Grand Prix,21.0,SAI,51.834
Chinese Grand Prix,21.0,RUS,41.304
Chinese Grand Prix,21.0,PIA,43.837
Chinese Grand Prix,22.0,VER,0.0
Chinese Grand Prix,22.0,GAS,86.883
Chinese Grand Prix,22.0,PER,19.237
Chinese Grand Prix,22.0,ALO,37.11
Chinese Grand Prix,22.0,LEC,37.742
Chinese Grand Prix,22.0,STR,71.172
Chinese Grand Prix,22.0,SAR,78.725
Chinese Grand Prix,22.0,MAG,89.522
Chinese Grand Prix,22.0,TSU,70.039
Chinese Grand Prix,22.0,ALB,73.855
Chinese Grand Prix,22.0,ZHO,78.013
Chinese Grand Prix,22.0,HUL,57.329
Chinese Grand Prix,22.0,RIC,67.888
Chinese Grand Prix,22.0,OCO,63.773
Chinese Grand Prix,22.0,NOR,10.294
Chinese Grand Prix,22.0,HAM,85.874
Chinese Grand Prix,22.0,SAI,52.313
Chinese Grand Prix,22.0,RUS,40.441
Chinese Grand Prix,22.0,PIA,44.893
Chinese Grand Prix,23.0,VER,0.0
Chinese Grand Prix,23.0,GAS,87.426
Chinese Grand Prix,23.0,PER,18.791
Chinese Grand Prix,23.0,ALO,36.325
Chinese Grand Prix,23.0,LEC,32.715
Chinese Grand Prix,23.0,STR,65.846
Chinese Grand Prix,23.0,SAR,74.722
Chinese Grand Prix,23.0,MAG,83.701
Chinese Grand Prix,23.0,TSU,69.803
Chinese Grand Prix,23.0,ALB,72.507
Chinese Grand Prix,23.0,ZHO,77.689
Chinese Grand Prix,23.0,HUL,57.062
Chinese Grand Prix,23.0,RIC,62.777
Chinese Grand Prix,23.0,OCO,63.448
Chinese Grand Prix,23.0,NOR,21.033
Chinese Grand Prix,23.0,HAM,81.472
Chinese Grand Prix,23.0,SAI,47.483
Chinese Grand Prix,23.0,RUS,40.577
Chinese Grand Prix,23.0,PIA,39.331
Chinese Grand Prix,24.0,VER,0.0
Chinese Grand Prix,24.0,GAS,71.015
Chinese Grand Prix,24.0,PER,5.01
Chinese Grand Prix,24.0,ALO,18.558
Chinese Grand Prix,24.0,LEC,3.248
Chinese Grand Prix,24.0,STR,32.399
Chinese Grand Prix,24.0,SAR,43.764
Chinese Grand Prix,24.0,MAG,50.359
Chinese Grand Prix,24.0,TSU,52.927
Chinese Grand Prix,24.0,ALB,55.997
Chinese Grand Prix,24.0,ZHO,63.816
Chinese Grand Prix,24.0,HUL,41.18
Chinese Grand Prix,24.0,RIC,29.12
Chinese Grand Prix,24.0,OCO,45.794
Chinese Grand Prix,24.0,NOR,1.299
Chinese Grand Prix,24.0,HAM,48.28
Chinese Grand Prix,24.0,SAI,14.583
Chinese Grand Prix,24.0,RUS,23.14
Chinese Grand Prix,24.0,PIA,10.597
Chinese Grand Prix,25.0,VER,0.0
Chinese Grand Prix,25.0,GAS,35.43
Chinese Grand Prix,25.0,PER,4.316
Chinese Grand Prix,25.0,ALO,8.709
Chinese Grand Prix,25.0,LEC,3.407
Chinese Grand Prix,25.0,STR,14.383
Chinese Grand Prix,25.0,SAR,25.467
Chinese Grand Prix,25.0,MAG,19.598
Chinese Grand Prix,25.0,TSU,22.147
Chinese Grand Prix,25.0,ALB,22.901
Chinese Grand Prix,25.0,ZHO,28.721
Chinese Grand Prix,25.0,HUL,15.659
Chinese Grand Prix,25.0,RIC,12.253
Chinese Grand Prix,25.0,OCO,16.965
Chinese Grand Prix,25.0,NOR,1.354
Chinese Grand Prix,25.0,HAM,18.207
Chinese Grand Prix,25.0,SAI,5.992
Chinese Grand Prix,25.0,RUS,9.446
Chinese Grand Prix,25.0,PIA,10.619
Chinese Grand Prix,26.0,VER,0.0
Chinese Grand Prix,26.0,GAS,10.517
Chinese Grand Prix,26.0,PER,2.189
Chinese Grand Prix,26.0,ALO,3.116
Chinese Grand Prix,26.0,LEC,1.74
Chinese Grand Prix,26.0,STR,12.489
Chinese Grand Prix,26.0,SAR,9.562
Chinese Grand Prix,26.0,MAG,8.303
Chinese Grand Prix,26.0,TSU,8.494
Chinese Grand Prix,26.0,ALB,8.874
Chinese Grand Prix,26.0,ZHO,9.855
Chinese Grand Prix,26.0,HUL,6.029
Chinese Grand Prix,26.0,RIC,7.248
Chinese Grand Prix,26.0,OCO,7.523
Chinese Grand Prix,26.0,NOR,0.87
Chinese Grand Prix,26.0,HAM,8.063
Chinese Grand Prix,26.0,SAI,2.497
Chinese Grand Prix,26.0,RUS,4.041
Chinese Grand Prix,26.0,PIA,4.361
Chinese Grand Prix,27.0,VER,0.0
Chinese Grand Prix,27.0,GAS,22.22
Chinese Grand Prix,27.0,PER,4.138
Chinese Grand Prix,27.0,ALO,6.385
Chinese Grand Prix,27.0,LEC,3.341
Chinese Grand Prix,27.0,STR,126.8
Chinese Grand Prix,27.0,SAR,19.648
Chinese Grand Prix,27.0,MAG,61.776
Chinese Grand Prix,27.0,TSU,51.371
Chinese Grand Prix,27.0,ALB,18.601
Chinese Grand Prix,27.0,ZHO,21.137
Chinese Grand Prix,27.0,HUL,13.167
Chinese Grand Prix,27.0,RIC,14.928
Chinese Grand Prix,27.0,OCO,17.112
Chinese Grand Prix,27.0,NOR,2.378
Chinese Grand Prix,27.0,HAM,16.375
Chinese Grand Prix,27.0,SAI,7.609
Chinese Grand Prix,27.0,RUS,10.295
Chinese Grand Prix,27.0,PIA,11.359
Chinese Grand Prix,28.0,VER,0.0
Chinese Grand Prix,28.0,GAS,17.691
Chinese Grand Prix,28.0,PER,4.02
Chinese Grand Prix,28.0,ALO,5.004
Chinese Grand Prix,28.0,LEC,3.089
Chinese Grand Prix,28.0,STR,113.424
Chinese Grand Prix,28.0,SAR,15.147
Chinese Grand Prix,28.0,MAG,47.451
Chinese Grand Prix,28.0,ALB,14.189
Chinese Grand Prix,28.0,ZHO,16.807
Chinese Grand Prix,28.0,HUL,11.34
Chinese Grand Prix,28.0,RIC,10.126
Chinese Grand Prix,28.0,OCO,13.343
Chinese Grand Prix,28.0,NOR,0.952
Chinese Grand Prix,28.0,HAM,12.582
Chinese Grand Prix,28.0,SAI,6.272
Chinese Grand Prix,28.0,RUS,8.138
Chinese Grand Prix,28.0,PIA,8.973
Chinese Grand Prix,29.0,VER,0.0
Chinese Grand Prix,29.0,GAS,17.486
Chinese Grand Prix,29.0,PER,3.3970000000000002
Chinese Grand Prix,29.0,ALO,4.252
Chinese Grand Prix,29.0,LEC,2.8529999999999998
Chinese Grand Prix,29.0,STR,71.401
Chinese Grand Prix,29.0,SAR,13.371
Chinese Grand Prix,29.0,MAG,18.686
Chinese Grand Prix,29.0,ALB,12.403
Chinese Grand Prix,29.0,ZHO,16.313
Chinese Grand Prix,29.0,HUL,9.918
Chinese Grand Prix,29.0,RIC,8.922
Chinese Grand Prix,29.0,OCO,11.69
Chinese Grand Prix,29.0,NOR,1.831
Chinese Grand Prix,29.0,HAM,10.901
Chinese Grand Prix,29.0,SAI,5.628
Chinese Grand Prix,29.0,RUS,6.793
Chinese Grand Prix,29.0,PIA,8.058
Chinese Grand Prix,30.0,VER,0.0
Chinese Grand Prix,30.0,GAS,18.256
Chinese Grand Prix,30.0,PER,4.923
Chinese Grand Prix,30.0,ALO,6.234
Chinese Grand Prix,30.0,LEC,3.519
Chinese Grand Prix,30.0,STR,34.551
Chinese Grand Prix,30.0,SAR,14.86
Chinese Grand Prix,30.0,MAG,20.164
Chinese Grand Prix,30.0,ALB,13.634
Chinese Grand Prix,30.0,ZHO,17.549
Chinese Grand Prix,30.0,HUL,11.161
Chinese Grand Prix,30.0,RIC,9.858
Chinese Grand Prix,30.0,OCO,12.894
Chinese Grand Prix,30.0,NOR,1.587
Chinese Grand Prix,30.0,HAM,11.883
Chinese Grand Prix,30.0,SAI,7.386
Chinese Grand Prix,30.0,RUS,8.33
Chinese Grand Prix,30.0,PIA,9.011
Chinese Grand Prix,31.0,VER,0.0
Chinese Grand Prix,31.0,GAS,8.756
Chinese Grand Prix,31.0,PER,2.009
Chinese Grand Prix,31.0,ALO,2.321
Chinese Grand Prix,31.0,LEC,1.5150000000000001
Chinese Grand Prix,31.0,STR,10.021
Chinese Grand Prix,31.0,SAR,7.593
Chinese Grand Prix,31.0,MAG,9.198
Chinese Grand Prix,31.0,ALB,6.992
Chinese Grand Prix,31.0,ZHO,8.199
Chinese Grand Prix,31.0,HUL,5.532
Chinese Grand Prix,31.0,RIC,4.885
Chinese Grand Prix,31.0,OCO,6.469
Chinese Grand Prix,31.0,NOR,0.827
Chinese Grand Prix,31.0,HAM,5.947
Chinese Grand Prix,31.0,SAI,3.268
Chinese Grand Prix,31.0,RUS,3.8129999999999997
Chinese Grand Prix,31.0,PIA,4.242
Chinese Grand Prix,32.0,VER,0.0
Chinese Grand Prix,32.0,GAS,12.038
Chinese Grand Prix,32.0,PER,3.136
Chinese Grand Prix,32.0,ALO,3.907
Chinese Grand Prix,32.0,LEC,2.436
Chinese Grand Prix,32.0,STR,12.902
Chinese Grand Prix,32.0,SAR,11.174
Chinese Grand Prix,32.0,MAG,12.334
Chinese Grand Prix,32.0,ALB,10.609
Chinese Grand Prix,32.0,ZHO,11.597
Chinese Grand Prix,32.0,HUL,7.743
Chinese Grand Prix,32.0,RIC,10.356
Chinese Grand Prix,32.0,OCO,9.767
Chinese Grand Prix,32.0,NOR,1.18
Chinese Grand Prix,32.0,HAM,8.461
Chinese Grand Prix,32.0,SAI,5.065
Chinese Grand Prix,32.0,RUS,5.899
Chinese Grand Prix,32.0,PIA,6.655
Chinese Grand Prix,33.0,VER,0.0
Chinese Grand Prix,33.0,GAS,15.679
Chinese Grand Prix,33.0,PER,4.118
Chinese Grand Prix,33.0,ALO,4.981
Chinese Grand Prix,33.0,LEC,3.414
Chinese Grand Prix,33.0,STR,16.697
Chinese Grand Prix,33.0,SAR,15.25
Chinese Grand Prix,33.0,MAG,16.401
Chinese Grand Prix,33.0,ALB,13.472
Chinese Grand Prix,33.0,ZHO,15.937
Chinese Grand Prix,33.0,HUL,10.216
Chinese Grand Prix,33.0,RIC,27.365
Chinese Grand Prix,33.0,OCO,12.298
Chinese Grand Prix,33.0,NOR,1.525
Chinese Grand Prix,33.0,HAM,10.912
Chinese Grand Prix,33.0,SAI,6.707
Chinese Grand Prix,33.0,RUS,7.969
Chinese Grand Prix,33.0,PIA,8.974
Chinese Grand Prix,34.0,VER,0.0
Chinese Grand Prix,34.0,GAS,18.775
Chinese Grand Prix,34.0,PER,5.204
Chinese Grand Prix,34.0,ALO,6.007
Chinese Grand Prix,34.0,LEC,4.549
Chinese Grand Prix,34.0,STR,21.24
Chinese Grand Prix,34.0,SAR,18.057
Chinese Grand Prix,34.0,MAG,21.493
Chinese Grand Prix,34.0,ALB,15.836
Chinese Grand Prix,34.0,ZHO,19.231
Chinese Grand Prix,34.0,HUL,12.654
Chinese Grand Prix,34.0,OCO,14.844
Chinese Grand Prix,34.0,NOR,2.121
Chinese Grand Prix,34.0,HAM,13.321
Chinese Grand Prix,34.0,SAI,8.697
Chinese Grand Prix,34.0,RUS,10.01
Chinese Grand Prix,34.0,PIA,11.296
Chinese Grand Prix,35.0,VER,0.0
Chinese Grand Prix,35.0,GAS,21.088
Chinese Grand Prix,35.0,PER,6.1370000000000005
Chinese Grand Prix,35.0,ALO,7.059
Chinese Grand Prix,35.0,LEC,5.491
Chinese Grand Prix,35.0,STR,28.153
Chinese Grand Prix,35.0,SAR,20.388
Chinese Grand Prix,35.0,MAG,25.344
Chinese Grand Prix,35.0,ALB,18.406
Chinese Grand Prix,35.0,ZHO,21.832
Chinese Grand Prix,35.0,HUL,14.924
Chinese Grand Prix,35.0,OCO,17.088
Chinese Grand Prix,35.0,NOR,2.45
Chinese Grand Prix,35.0,HAM,15.464
Chinese Grand Prix,35.0,SAI,10.243
Chinese Grand Prix,35.0,RUS,11.738
Chinese Grand Prix,35.0,PIA,12.928
Chinese Grand Prix,36.0,VER,0.0
Chinese Grand Prix,36.0,GAS,23.574
Chinese Grand Prix,36.0,PER,6.992
Chinese Grand Prix,36.0,ALO,8.872
Chinese Grand Prix,36.0,LEC,6.441
Chinese Grand Prix,36.0,STR,59.904
Chinese Grand Prix,36.0,SAR,23.081
Chinese Grand Prix,36.0,MAG,27.817
Chinese Grand Prix,36.0,ALB,20.961
Chinese Grand Prix,36.0,ZHO,24.29
Chinese Grand Prix,36.0,HUL,17.322
Chinese Grand Prix,36.0,OCO,19.457
Chinese Grand Prix,36.0,NOR,2.791
Chinese Grand Prix,36.0,HAM,17.928
Chinese Grand Prix,36.0,SAI,12.033
Chinese Grand Prix,36.0,RUS,13.409
Chinese Grand Prix,36.0,PIA,15.603
Chinese Grand Prix,37.0,VER,0.0
Chinese Grand Prix,37.0,GAS,25.844
Chinese Grand Prix,37.0,PER,8.196
Chinese Grand Prix,37.0,ALO,10.471
Chinese Grand Prix,37.0,LEC,7.68
Chinese Grand Prix,37.0,STR,60.547
Chinese Grand Prix,37.0,SAR,26.71
Chinese Grand Prix,37.0,MAG,30.436
Chinese Grand Prix,37.0,ALB,23.421
Chinese Grand Prix,37.0,ZHO,27.227
Chinese Grand Prix,37.0,HUL,19.648
Chinese Grand Prix,37.0,OCO,22.017
Chinese Grand Prix,37.0,NOR,3.29
Chinese Grand Prix,37.0,HAM,20.342
Chinese Grand Prix,37.0,SAI,13.958
Chinese Grand Prix,37.0,RUS,15.295
Chinese Grand Prix,37.0,PIA,18.252
Chinese Grand Prix,38.0,VER,0.0
Chinese Grand Prix,38.0,GAS,33.337
Chinese Grand Prix,38.0,PER,9.409
Chinese Grand Prix,38.0,ALO,11.735
Chinese Grand Prix,38.0,LEC,8.883
Chinese Grand Prix,38.0,STR,61.141
Chinese Grand Prix,38.0,SAR,30.202
Chinese Grand Prix,38.0,MAG,32.941
Chinese Grand Prix,38.0,ALB,25.654
Chinese Grand Prix,38.0,ZHO,29.683
Chinese Grand Prix,38.0,HUL,21.791
Chinese Grand Prix,38.0,OCO,24.293
Chinese Grand Prix,38.0,NOR,3.715
Chinese Grand Prix,38.0,HAM,22.461
Chinese Grand Prix,38.0,SAI,15.706
Chinese Grand Prix,38.0,RUS,16.891
Chinese Grand Prix,38.0,PIA,20.343
Chinese Grand Prix,39.0,VER,0.0
Chinese Grand Prix,39.0,GAS,52.834
Chinese Grand Prix,39.0,PER,10.076
Chinese Grand Prix,39.0,ALO,13.44
Chinese Grand Prix,39.0,LEC,10.93
Chinese Grand Prix,39.0,STR,62.038
Chinese Grand Prix,39.0,SAR,33.806
Chinese Grand Prix,39.0,MAG,35.479
Chinese Grand Prix,39.0,ALB,28.253
Chinese Grand Prix,39.0,ZHO,32.69
Chinese Grand Prix,39.0,HUL,24.317
Chinese Grand Prix,39.0,OCO,26.864
Chinese Grand Prix,39.0,NOR,4.474
Chinese Grand Prix,39.0,HAM,24.832
Chinese Grand Prix,39.0,SAI,17.461
Chinese Grand Prix,39.0,RUS,18.261
Chinese Grand Prix,39.0,PIA,23.097
Chinese Grand Prix,40.0,VER,0.0
Chinese Grand Prix,40.0,GAS,53.076
Chinese Grand Prix,40.0,PER,10.807
Chinese Grand Prix,40.0,ALO,15.177
Chinese Grand Prix,40.0,LEC,11.705
Chinese Grand Prix,40.0,STR,62.987
Chinese Grand Prix,40.0,SAR,37.278
Chinese Grand Prix,40.0,MAG,38.277
Chinese Grand Prix,40.0,ALB,30.969
Chinese Grand Prix,40.0,ZHO,40.005
Chinese Grand Prix,40.0,HUL,26.954
Chinese Grand Prix,40.0,OCO,29.5
Chinese Grand Prix,40.0,NOR,5.372
Chinese Grand Prix,40.0,HAM,27.376
Chinese Grand Prix,40.0,SAI,19.38
Chinese Grand Prix,40.0,RUS,20.085
Chinese Grand Prix,40.0,PIA,25.26
Chinese Grand Prix,41.0,VER,0.0
Chinese Grand Prix,41.0,GAS,53.767
Chinese Grand Prix,41.0,PER,11.339
Chinese Grand Prix,41.0,ALO,16.929
Chinese Grand Prix,41.0,LEC,12.263
Chinese Grand Prix,41.0,STR,64.065
Chinese Grand Prix,41.0,SAR,40.154
Chinese Grand Prix,41.0,MAG,41.05
Chinese Grand Prix,41.0,ALB,33.657
Chinese Grand Prix,41.0,ZHO,59.766
Chinese Grand Prix,41.0,HUL,30.061
Chinese Grand Prix,41.0,OCO,32.086
Chinese Grand Prix,41.0,NOR,6.026
Chinese Grand Prix,41.0,HAM,29.191
Chinese Grand Prix,41.0,SAI,20.612
Chinese Grand Prix,41.0,RUS,22.042
Chinese Grand Prix,41.0,PIA,27.814
Chinese Grand Prix,42.0,VER,0.0
Chinese Grand Prix,42.0,GAS,54.564
Chinese Grand Prix,42.0,PER,11.633
Chinese Grand Prix,42.0,ALO,18.496
Chinese Grand Prix,42.0,LEC,12.942
Chinese Grand Prix,42.0,STR,64.791
Chinese Grand Prix,42.0,SAR,42.821
Chinese Grand Prix,42.0,MAG,43.336
Chinese Grand Prix,42.0,ALB,35.988
Chinese Grand Prix,42.0,ZHO,59.172
Chinese Grand Prix,42.0,HUL,32.506
Chinese Grand Prix,42.0,OCO,34.374
Chinese Grand Prix,42.0,NOR,7.5
Chinese Grand Prix,42.0,HAM,31.032
Chinese Grand Prix,42.0,SAI,22.141
Chinese Grand Prix,42.0,RUS,23.587
Chinese Grand Prix,42.0,PIA,29.597
Chinese Grand Prix,43.0,VER,0.0
Chinese Grand Prix,43.0,GAS,55.369
Chinese Grand Prix,43.0,PER,12.016
Chinese Grand Prix,43.0,ALO,25.225
Chinese Grand Prix,43.0,LEC,13.626
Chinese Grand Prix,43.0,STR,65.918
Chinese Grand Prix,43.0,SAR,46.693
Chinese Grand Prix,43.0,MAG,45.357
Chinese Grand Prix,43.0,ALB,38.187
Chinese Grand Prix,43.0,ZHO,59.268
Chinese Grand Prix,43.0,HUL,34.655
Chinese Grand Prix,43.0,OCO,36.685
Chinese Grand Prix,43.0,NOR,8.208
Chinese Grand Prix,43.0,HAM,33.03
Chinese Grand Prix,43.0,SAI,23.262
Chinese Grand Prix,43.0,RUS,25.044
Chinese Grand Prix,43.0,PIA,31.249
Chinese Grand Prix,44.0,VER,0.0
Chinese Grand Prix,44.0,GAS,55.97
Chinese Grand Prix,44.0,PER,12.433
Chinese Grand Prix,44.0,ALO,43.197
Chinese Grand Prix,44.0,LEC,14.162
Chinese Grand Prix,44.0,STR,66.971
Chinese Grand Prix,44.0,SAR,49.782
Chinese Grand Prix,44.0,MAG,47.376
Chinese Grand Prix,44.0,ALB,40.386
Chinese Grand Prix,44.0,ZHO,59.645
Chinese Grand Prix,44.0,HUL,36.696
Chinese Grand Prix,44.0,OCO,38.62
Chinese Grand Prix,44.0,NOR,8.338
Chinese Grand Prix,44.0,HAM,34.64
Chinese Grand Prix,44.0,SAI,24.066
Chinese Grand Prix,44.0,RUS,26.119
Chinese Grand Prix,44.0,PIA,32.948
Chinese Grand Prix,45.0,VER,0.0
Chinese Grand Prix,45.0,GAS,56.819
Chinese Grand Prix,45.0,PER,13.066
Chinese Grand Prix,45.0,ALO,41.791
Chinese Grand Prix,45.0,LEC,14.971
Chinese Grand Prix,45.0,STR,68.046
Chinese Grand Prix,45.0,SAR,52.48
Chinese Grand Prix,45.0,MAG,49.237
Chinese Grand Prix,45.0,ALB,42.83
Chinese Grand Prix,45.0,ZHO,59.982
Chinese Grand Prix,45.0,HUL,38.714
Chinese Grand Prix,45.0,OCO,40.827
Chinese Grand Prix,45.0,NOR,8.559
Chinese Grand Prix,45.0,HAM,36.522
Chinese Grand Prix,45.0,SAI,25.07
Chinese Grand Prix,45.0,RUS,27.522
Chinese Grand Prix,45.0,PIA,35.033
Chinese Grand Prix,46.0,VER,0.0
Chinese Grand Prix,46.0,GAS,57.636
Chinese Grand Prix,46.0,PER,13.599
Chinese Grand Prix,46.0,ALO,41.917
Chinese Grand Prix,46.0,LEC,15.762
Chinese Grand Prix,46.0,STR,69.349
Chinese Grand Prix,46.0,SAR,55.443
Chinese Grand Prix,46.0,MAG,51.302
Chinese Grand Prix,46.0,ALB,45.173
Chinese Grand Prix,46.0,ZHO,60.185
Chinese Grand Prix,46.0,HUL,40.799
Chinese Grand Prix,46.0,OCO,43.478
Chinese Grand Prix,46.0,NOR,8.844
Chinese Grand Prix,46.0,HAM,38.43
Chinese Grand Prix,46.0,SAI,25.864
Chinese Grand Prix,46.0,RUS,28.469
Chinese Grand Prix,46.0,PIA,36.894
Chinese Grand Prix,47.0,VER,0.0
Chinese Grand Prix,47.0,GAS,58.611
Chinese Grand Prix,47.0,PER,14.132
Chinese Grand Prix,47.0,ALO,42.458
Chinese Grand Prix,47.0,LEC,16.656
Chinese Grand Prix,47.0,STR,70.581
Chinese Grand Prix,47.0,SAR,57.935
Chinese Grand Prix,47.0,MAG,53.246
Chinese Grand Prix,47.0,ALB,47.335
Chinese Grand Prix,47.0,ZHO,60.809
Chinese Grand Prix,47.0,HUL,43.375
Chinese Grand Prix,47.0,OCO,45.799
Chinese Grand Prix,47.0,NOR,9.535
Chinese Grand Prix,47.0,HAM,40.384
Chinese Grand Prix,47.0,SAI,27.044
Chinese Grand Prix,47.0,RUS,29.451
Chinese Grand Prix,47.0,PIA,38.922
Chinese Grand Prix,48.0,VER,0.0
Chinese Grand Prix,48.0,GAS,60.837
Chinese Grand Prix,48.0,PER,14.768
Chinese Grand Prix,48.0,ALO,42.97
Chinese Grand Prix,48.0,LEC,17.489
Chinese Grand Prix,48.0,STR,71.553
Chinese Grand Prix,48.0,SAR,61.377
Chinese Grand Prix,48.0,MAG,55.524
Chinese Grand Prix,48.0,ALB,49.519
Chinese Grand Prix,48.0,ZHO,61.875
Chinese Grand Prix,48.0,HUL,45.246
Chinese Grand Prix,48.0,OCO,47.775
Chinese Grand Prix,48.0,NOR,9.856
Chinese Grand Prix,48.0,HAM,42.374
Chinese Grand Prix,48.0,SAI,28.19
Chinese Grand Prix,48.0,RUS,30.52
Chinese Grand Prix,48.0,PIA,41.034
Chinese Grand Prix,49.0,VER,0.0
Chinese Grand Prix,49.0,GAS,61.792
Chinese Grand Prix,49.0,PER,15.321
Chinese Grand Prix,49.0,ALO,43.023
Chinese Grand Prix,49.0,LEC,18.562
Chinese Grand Prix,49.0,STR,72.772
Chinese Grand Prix,49.0,SAR,64.77
Chinese Grand Prix,49.0,MAG,57.529
Chinese Grand Prix,49.0,ALB,51.573
Chinese Grand Prix,49.0,ZHO,64.027
Chinese Grand Prix,49.0,HUL,47.137
Chinese Grand Prix,49.0,OCO,49.722
Chinese Grand Prix,49.0,NOR,10.222
Chinese Grand Prix,49.0,HAM,44.944
Chinese Grand Prix,49.0,SAI,28.949
Chinese Grand Prix,49.0,RUS,31.388
Chinese Grand Prix,49.0,PIA,43.73
Chinese Grand Prix,50.0,VER,0.0
Chinese Grand Prix,50.0,GAS,62.485
Chinese Grand Prix,50.0,PER,15.928
Chinese Grand Prix,50.0,ALO,42.752
Chinese Grand Prix,50.0,LEC,19.454
Chinese Grand Prix,50.0,STR,73.915
Chinese Grand Prix,50.0,SAR,67.97
Chinese Grand Prix,50.0,MAG,59.46
Chinese Grand Prix,50.0,ALB,53.566
Chinese Grand Prix,50.0,ZHO,65.116
Chinese Grand Prix,50.0,HUL,49.023
Chinese Grand Prix,50.0,OCO,51.844
Chinese Grand Prix,50.0,NOR,10.954
Chinese Grand Prix,50.0,HAM,46.805
Chinese Grand Prix,50.0,SAI,29.856
Chinese Grand Prix,50.0,RUS,32.409
Chinese Grand Prix,50.0,PIA,45.582
Chinese Grand Prix,51.0,VER,0.0
Chinese Grand Prix,51.0,GAS,63.706
Chinese Grand Prix,51.0,PER,16.558
Chinese Grand Prix,51.0,ALO,42.963
Chinese Grand Prix,51.0,LEC,20.383
Chinese Grand Prix,51.0,STR,75.356
Chinese Grand Prix,51.0,SAR,71.014
Chinese Grand Prix,51.0,MAG,62.063
Chinese Grand Prix,51.0,ALB,55.727
Chinese Grand Prix,51.0,ZHO,66.019
Chinese Grand Prix,51.0,HUL,51.296
Chinese Grand Prix,51.0,OCO,54.045
Chinese Grand Prix,51.0,NOR,11.627
Chinese Grand Prix,51.0,HAM,49.014
Chinese Grand Prix,51.0,SAI,30.819
Chinese Grand Prix,51.0,RUS,33.467
Chinese Grand Prix,51.0,PIA,47.637
Chinese Grand Prix,52.0,VER,0.0
Chinese Grand Prix,52.0,GAS,65.064
Chinese Grand Prix,52.0,PER,16.987
Chinese Grand Prix,52.0,ALO,42.665
Chinese Grand Prix,52.0,LEC,21.142
Chinese Grand Prix,52.0,STR,76.65
Chinese Grand Prix,52.0,SAR,73.87
Chinese Grand Prix,52.0,MAG,64.428
Chinese Grand Prix,52.0,ALB,57.703
Chinese Grand Prix,52.0,ZHO,66.867
Chinese Grand Prix,52.0,HUL,53.227
Chinese Grand Prix,52.0,OCO,55.91
Chinese Grand Prix,52.0,NOR,11.877
Chinese Grand Prix,52.0,HAM,50.781
Chinese Grand Prix,52.0,SAI,31.538
Chinese Grand Prix,52.0,RUS,34.504
Chinese Grand Prix,52.0,PIA,49.545
Chinese Grand Prix,53.0,VER,0.0
Chinese Grand Prix,53.0,GAS,66.783
Chinese Grand Prix,53.0,PER,17.529
Chinese Grand Prix,53.0,ALO,42.568
Chinese Grand Prix,53.0,LEC,21.854
Chinese Grand Prix,53.0,STR,78.398
Chinese Grand Prix,53.0,SAR,76.49
Chinese Grand Prix,53.0,MAG,68.787
Chinese Grand Prix,53.0,ALB,59.403
Chinese Grand Prix,53.0,ZHO,68.262
Chinese Grand Prix,53.0,HUL,55.116
Chinese Grand Prix,53.0,OCO,57.908
Chinese Grand Prix,53.0,NOR,12.431
Chinese Grand Prix,53.0,HAM,52.648
Chinese Grand Prix,53.0,SAI,32.445
Chinese Grand Prix,53.0,RUS,35.52
Chinese Grand Prix,53.0,PIA,51.362
Chinese Grand Prix,54.0,VER,0.0
Chinese Grand Prix,54.0,GAS,67.737
Chinese Grand Prix,54.0,PER,17.984
Chinese Grand Prix,54.0,ALO,43.172
Chinese Grand Prix,54.0,LEC,22.252
Chinese Grand Prix,54.0,STR,80.196
Chinese Grand Prix,54.0,SAR,79.119
Chinese Grand Prix,54.0,MAG,71.877
Chinese Grand Prix,54.0,ALB,62.054
Chinese Grand Prix,54.0,ZHO,69.747
Chinese Grand Prix,54.0,HUL,56.989
Chinese Grand Prix,54.0,OCO,59.657
Chinese Grand Prix,54.0,NOR,12.875
Chinese Grand Prix,54.0,HAM,54.368
Chinese Grand Prix,54.0,SAI,32.953
Chinese Grand Prix,54.0,RUS,36.587
Chinese Grand Prix,54.0,PIA,53.236
Chinese Grand Prix,55.0,VER,0.0
Chinese Grand Prix,55.0,GAS,68.669
Chinese Grand Prix,55.0,PER,18.772
Chinese Grand Prix,55.0,ALO,43.423
Chinese Grand Prix,55.0,LEC,23.329
Chinese Grand Prix,55.0,STR,81.534
Chinese Grand Prix,55.0,SAR,82.227
Chinese Grand Prix,55.0,MAG,74.936
Chinese Grand Prix,55.0,ALB,64.247
Chinese Grand Prix,55.0,ZHO,70.727
Chinese Grand Prix,55.0,HUL,58.889
Chinese Grand Prix,55.0,OCO,61.426
Chinese Grand Prix,55.0,NOR,13.756
Chinese Grand Prix,55.0,HAM,56.167
Chinese Grand Prix,55.0,SAI,33.859
Chinese Grand Prix,55.0,RUS,38.211
Chinese Grand Prix,55.0,PIA,54.881
Chinese Grand Prix,56.0,VER,0.0
Chinese Grand Prix,56.0,GAS,69.235
Chinese Grand Prix,56.0,PER,19.169
Chinese Grand Prix,56.0,ALO,43.419
Chinese Grand Prix,56.0,LEC,23.644
Chinese Grand Prix,56.0,STR,82.783
Chinese Grand Prix,56.0,SAR,85.122
Chinese Grand Prix,56.0,MAG,77.553
Chinese Grand Prix,56.0,ALB,65.518
Chinese Grand Prix,56.0,ZHO,71.666
Chinese Grand Prix,56.0,HUL,60.54
Chinese Grand Prix,56.0,OCO,62.824
Chinese Grand Prix,56.0,NOR,13.787
Chinese Grand Prix,56.0,HAM,57.998
Chinese Grand Prix,56.0,SAI,34.016
Chinese Grand Prix,56.0,RUS,38.751
Chinese Grand Prix,56.0,PIA,56.238
Miami Grand Prix,1.0,VER,0.0
Miami Grand Prix,1.0,GAS,9.019
Miami Grand Prix,1.0,PER,3.944
Miami Grand Prix,1.0,ALO,8.686
Miami Grand Prix,1.0,LEC,1.359
Miami Grand Prix,1.0,STR,7.666
Miami Grand Prix,1.0,SAR,9.982
Miami Grand Prix,1.0,MAG,10.586
Miami Grand Prix,1.0,TSU,6.717
Miami Grand Prix,1.0,ALB,9.62
Miami Grand Prix,1.0,ZHO,10.708
Miami Grand Prix,1.0,HUL,5.821
Miami Grand Prix,1.0,RIC,12.328
Miami Grand Prix,1.0,OCO,9.395
Miami Grand Prix,1.0,NOR,4.5809999999999995
Miami Grand Prix,1.0,HAM,5.586
Miami Grand Prix,1.0,SAI,2.896
Miami Grand Prix,1.0,RUS,7.289
Miami Grand Prix,1.0,BOT,11.446
Miami Grand Prix,1.0,PIA,2.51
Miami Grand Prix,2.0,VER,0.0
Miami Grand Prix,2.0,GAS,10.424
Miami Grand Prix,2.0,PER,4.032
Miami Grand Prix,2.0,ALO,11.172
Miami Grand Prix,2.0,LEC,1.583
Miami Grand Prix,2.0,STR,9.099
Miami Grand Prix,2.0,SAR,12.256
Miami Grand Prix,2.0,MAG,14.361
Miami Grand Prix,2.0,TSU,7.961
Miami Grand Prix,2.0,ALB,11.452
Miami Grand Prix,2.0,ZHO,13.88
Miami Grand Prix,2.0,HUL,6.666
Miami Grand Prix,2.0,RIC,14.828
Miami Grand Prix,2.0,OCO,11.74
Miami Grand Prix,2.0,NOR,5.687
Miami Grand Prix,2.0,HAM,7.459
Miami Grand Prix,2.0,SAI,2.793
Miami Grand Prix,2.0,RUS,8.591
Miami Grand Prix,2.0,BOT,14.156
Miami Grand Prix,2.0,PIA,2.2439999999999998
Miami Grand Prix,3.0,VER,0.0
Miami Grand Prix,3.0,GAS,11.076
Miami Grand Prix,3.0,PER,4.416
Miami Grand Prix,3.0,ALO,12.038
Miami Grand Prix,3.0,LEC,1.756
Miami Grand Prix,3.0,STR,10.176
Miami Grand Prix,3.0,SAR,13.765
Miami Grand Prix,3.0,MAG,16.504
Miami Grand Prix,3.0,TSU,9.101
Miami Grand Prix,3.0,ALB,12.624
Miami Grand Prix,3.0,ZHO,15.082
Miami Grand Prix,3.0,HUL,7.6690000000000005
Miami Grand Prix,3.0,RIC,17.423
Miami Grand Prix,3.0,OCO,13.27
Miami Grand Prix,3.0,NOR,6.237
Miami Grand Prix,3.0,HAM,8.353
Miami Grand Prix,3.0,SAI,2.895
Miami Grand Prix,3.0,RUS,9.549
Miami Grand Prix,3.0,BOT,15.653
Miami Grand Prix,3.0,PIA,2.17
Miami Grand Prix,4.0,VER,0.0
Miami Grand Prix,4.0,GAS,11.727
Miami Grand Prix,4.0,PER,4.337
Miami Grand Prix,4.0,ALO,12.556000000000001
Miami Grand Prix,4.0,LEC,2.026
Miami Grand Prix,4.0,STR,10.738
Miami Grand Prix,4.0,SAR,14.564
Miami Grand Prix,4.0,MAG,17.46
Miami Grand Prix,4.0,TSU,9.489
Miami Grand Prix,4.0,ALB,13.009
Miami Grand Prix,4.0,ZHO,15.935
Miami Grand Prix,4.0,HUL,7.983
Miami Grand Prix,4.0,RIC,18.826
Miami Grand Prix,4.0,OCO,13.779
Miami Grand Prix,4.0,NOR,6.407
Miami Grand Prix,4.0,HAM,8.71
Miami Grand Prix,4.0,SAI,2.64
Miami Grand Prix,4.0,RUS,10.17
Miami Grand Prix,4.0,BOT,16.546
Miami Grand Prix,4.0,PIA,1.7850000000000001
Miami Grand Prix,5.0,VER,0.0
Miami Grand Prix,5.0,GAS,13.083
Miami Grand Prix,5.0,PER,4.821
Miami Grand Prix,5.0,ALO,13.74
Miami Grand Prix,5.0,LEC,3.001
Miami Grand Prix,5.0,STR,12.41
Miami Grand Prix,5.0,SAR,15.563
Miami Grand Prix,5.0,MAG,18.847
Miami Grand Prix,5.0,TSU,11.922
Miami Grand Prix,5.0,ALB,14.349
Miami Grand Prix,5.0,ZHO,16.774
Miami Grand Prix,5.0,HUL,8.925
Miami Grand Prix,5.0,RIC,20.193
Miami Grand Prix,5.0,OCO,14.853
Miami Grand Prix,5.0,NOR,6.833
Miami Grand Prix,5.0,HAM,9.542
Miami Grand Prix,5.0,SAI,3.375
Miami Grand Prix,5.0,RUS,11.268
Miami Grand Prix,5.0,BOT,17.54
Miami Grand Prix,5.0,PIA,2.2720000000000002
Miami Grand Prix,6.0,VER,0.0
Miami Grand Prix,6.0,GAS,14.148
Miami Grand Prix,6.0,PER,5.08
Miami Grand Prix,6.0,ALO,14.861
Miami Grand Prix,6.0,LEC,3.002
Miami Grand Prix,6.0,STR,13.388
Miami Grand Prix,6.0,SAR,17.089
Miami Grand Prix,6.0,MAG,19.764
Miami Grand Prix,6.0,TSU,12.885
Miami Grand Prix,6.0,ALB,15.67
Miami Grand Prix,6.0,ZHO,18.153
Miami Grand Prix,6.0,HUL,9.547
Miami Grand Prix,6.0,RIC,21.236
Miami Grand Prix,6.0,OCO,16.354
Miami Grand Prix,6.0,NOR,7.066
Miami Grand Prix,6.0,HAM,10.282
Miami Grand Prix,6.0,SAI,3.347
Miami Grand Prix,6.0,RUS,11.965
Miami Grand Prix,6.0,BOT,18.974
Miami Grand Prix,6.0,PIA,2.211
Miami Grand Prix,7.0,VER,0.0
Miami Grand Prix,7.0,GAS,15.544
Miami Grand Prix,7.0,PER,5.36
Miami Grand Prix,7.0,ALO,16.571
Miami Grand Prix,7.0,LEC,3.385
Miami Grand Prix,7.0,STR,14.557
Miami Grand Prix,7.0,SAR,18.835
Miami Grand Prix,7.0,MAG,21.535
Miami Grand Prix,7.0,TSU,13.672
Miami Grand Prix,7.0,ALB,17.25
Miami Grand Prix,7.0,ZHO,19.713
Miami Grand Prix,7.0,HUL,11.605
Miami Grand Prix,7.0,RIC,22.686
Miami Grand Prix,7.0,OCO,17.586
Miami Grand Prix,7.0,NOR,7.336
Miami Grand Prix,7.0,HAM,11.853
Miami Grand Prix,7.0,SAI,3.873
Miami Grand Prix,7.0,RUS,13.006
Miami Grand Prix,7.0,BOT,20.474
Miami Grand Prix,7.0,PIA,2.6710000000000003
Miami Grand Prix,8.0,VER,0.0
Miami Grand Prix,8.0,GAS,16.51
Miami Grand Prix,8.0,PER,5.6690000000000005
Miami Grand Prix,8.0,ALO,17.484
Miami Grand Prix,8.0,LEC,3.66
Miami Grand Prix,8.0,STR,15.487
Miami Grand Prix,8.0,SAR,20.471
Miami Grand Prix,8.0,MAG,23.889
Miami Grand Prix,8.0,TSU,14.856
Miami Grand Prix,8.0,ALB,18.393
Miami Grand Prix,8.0,ZHO,21.414
Miami Grand Prix,8.0,HUL,13.071
Miami Grand Prix,8.0,RIC,24.74
Miami Grand Prix,8.0,OCO,19.238
Miami Grand Prix,8.0,NOR,7.497
Miami Grand Prix,8.0,HAM,13.636
Miami Grand Prix,8.0,SAI,4.374
Miami Grand Prix,8.0,RUS,13.987
Miami Grand Prix,8.0,BOT,22.39
Miami Grand Prix,8.0,PIA,2.9
Miami Grand Prix,9.0,VER,0.0
Miami Grand Prix,9.0,GAS,17.174
Miami Grand Prix,9.0,PER,5.87
Miami Grand Prix,9.0,ALO,18.201
Miami Grand Prix,9.0,LEC,3.523
Miami Grand Prix,9.0,STR,16.298
Miami Grand Prix,9.0,SAR,21.457
Miami Grand Prix,9.0,MAG,25.177
Miami Grand Prix,9.0,TSU,15.684
Miami Grand Prix,9.0,ALB,19.353
Miami Grand Prix,9.0,ZHO,22.388
Miami Grand Prix,9.0,HUL,13.908
Miami Grand Prix,9.0,RIC,26.106
Miami Grand Prix,9.0,OCO,20.068
Miami Grand Prix,9.0,NOR,7.6370000000000005
Miami Grand Prix,9.0,HAM,14.371
Miami Grand Prix,9.0,SAI,4.163
Miami Grand Prix,9.0,RUS,15.057
Miami Grand Prix,9.0,BOT,23.698
Miami Grand Prix,9.0,PIA,2.703
Miami Grand Prix,10.0,VER,0.0
Miami Grand Prix,10.0,GAS,18.638
Miami Grand Prix,10.0,PER,6.182
Miami Grand Prix,10.0,ALO,19.553
Miami Grand Prix,10.0,LEC,3.734
Miami Grand Prix,10.0,STR,17.549
Miami Grand Prix,10.0,SAR,22.772
Miami Grand Prix,10.0,MAG,27.028
Miami Grand Prix,10.0,TSU,17.333
Miami Grand Prix,10.0,ALB,25.687
Miami Grand Prix,10.0,ZHO,23.407
Miami Grand Prix,10.0,HUL,16.184
Miami Grand Prix,10.0,RIC,28.132
Miami Grand Prix,10.0,OCO,21.157
Miami Grand Prix,10.0,NOR,7.6
Miami Grand Prix,10.0,HAM,15.706
Miami Grand Prix,10.0,SAI,4.23
Miami Grand Prix,10.0,RUS,16.575
Miami Grand Prix,10.0,BOT,25.157
Miami Grand Prix,10.0,PIA,3.028
Miami Grand Prix,11.0,VER,0.0
Miami Grand Prix,11.0,GAS,19.88
Miami Grand Prix,11.0,PER,6.213
Miami Grand Prix,11.0,ALO,21.251
Miami Grand Prix,11.0,LEC,3.404
Miami Grand Prix,11.0,STR,24.251
Miami Grand Prix,11.0,SAR,28.663
Miami Grand Prix,11.0,MAG,28.679
Miami Grand Prix,11.0,TSU,18.648
Miami Grand Prix,11.0,ALB,40.099
Miami Grand Prix,11.0,ZHO,24.568
Miami Grand Prix,11.0,HUL,17.439
Miami Grand Prix,11.0,RIC,29.562
Miami Grand Prix,11.0,OCO,22.142
Miami Grand Prix,11.0,NOR,7.531
Miami Grand Prix,11.0,HAM,16.576999999999998
Miami Grand Prix,11.0,SAI,4.084
Miami Grand Prix,11.0,RUS,17.879
Miami Grand Prix,11.0,BOT,31.312
Miami Grand Prix,11.0,PIA,2.789
Miami Grand Prix,12.0,VER,0.0
Miami Grand Prix,12.0,GAS,25.999
Miami Grand Prix,12.0,PER,6.871
Miami Grand Prix,12.0,ALO,23.347
Miami Grand Prix,12.0,LEC,3.43
Miami Grand Prix,12.0,STR,41.287
Miami Grand Prix,12.0,SAR,44.414
Miami Grand Prix,12.0,MAG,30.195
Miami Grand Prix,12.0,TSU,20.182
Miami Grand Prix,12.0,ALB,41.421
Miami Grand Prix,12.0,ZHO,25.926
Miami Grand Prix,12.0,HUL,24.762
Miami Grand Prix,12.0,RIC,31.023
Miami Grand Prix,12.0,OCO,23.029
Miami Grand Prix,12.0,NOR,7.861
Miami Grand Prix,12.0,HAM,17.47
Miami Grand Prix,12.0,SAI,4.14
Miami Grand Prix,12.0,RUS,19.174
Miami Grand Prix,12.0,BOT,47.774
Miami Grand Prix,12.0,PIA,2.775
Miami Grand Prix,13.0,VER,0.0
Miami Grand Prix,13.0,GAS,40.884
Miami Grand Prix,13.0,PER,7.713
Miami Grand Prix,13.0,ALO,24.875
Miami Grand Prix,13.0,LEC,3.628
Miami Grand Prix,13.0,STR,42.094
Miami Grand Prix,13.0,SAR,44.991
Miami Grand Prix,13.0,MAG,31.671
Miami Grand Prix,13.0,TSU,21.742
Miami Grand Prix,13.0,ALB,42.782
Miami Grand Prix,13.0,ZHO,27.463
Miami Grand Prix,13.0,HUL,40.228
Miami Grand Prix,13.0,RIC,32.299
Miami Grand Prix,13.0,OCO,23.994
Miami Grand Prix,13.0,NOR,8.234
Miami Grand Prix,13.0,HAM,18.212
Miami Grand Prix,13.0,SAI,4.616
Miami Grand Prix,13.0,RUS,20.086
Miami Grand Prix,13.0,BOT,48.448
Miami Grand Prix,13.0,PIA,2.808
Miami Grand Prix,14.0,VER,0.0
Miami Grand Prix,14.0,GAS,41.341
Miami Grand Prix,14.0,PER,8.627
Miami Grand Prix,14.0,ALO,26.575
Miami Grand Prix,14.0,LEC,3.675
Miami Grand Prix,14.0,STR,42.538
Miami Grand Prix,14.0,SAR,45.765
Miami Grand Prix,14.0,MAG,32.971
Miami Grand Prix,14.0,TSU,22.799
Miami Grand Prix,14.0,ALB,43.793
Miami Grand Prix,14.0,ZHO,28.74
Miami Grand Prix,14.0,HUL,40.614
Miami Grand Prix,14.0,RIC,33.692
Miami Grand Prix,14.0,OCO,25.143
Miami Grand Prix,14.0,NOR,9.08
Miami Grand Prix,14.0,HAM,18.987
Miami Grand Prix,14.0,SAI,4.6899999999999995
Miami Grand Prix,14.0,RUS,20.761
Miami Grand Prix,14.0,BOT,49.124
Miami Grand Prix,14.0,PIA,3.073
Miami Grand Prix,15.0,VER,0.0
Miami Grand Prix,15.0,GAS,41.528
Miami Grand Prix,15.0,PER,9.157
Miami Grand Prix,15.0,ALO,28.118
Miami Grand Prix,15.0,LEC,3.557
Miami Grand Prix,15.0,STR,43.21
Miami Grand Prix,15.0,SAR,46.41
Miami Grand Prix,15.0,MAG,34.059
Miami Grand Prix,15.0,TSU,23.329
Miami Grand Prix,15.0,ALB,44.433
Miami Grand Prix,15.0,ZHO,30.099
Miami Grand Prix,15.0,HUL,40.729
Miami Grand Prix,15.0,RIC,34.903
Miami Grand Prix,15.0,OCO,25.921
Miami Grand Prix,15.0,NOR,9.745
Miami Grand Prix,15.0,HAM,19.524
Miami Grand Prix,15.0,SAI,5.002
Miami Grand Prix,15.0,RUS,21.343
Miami Grand Prix,15.0,BOT,49.932
Miami Grand Prix,15.0,PIA,3.033
Miami Grand Prix,16.0,VER,0.0
Miami Grand Prix,16.0,GAS,42.333
Miami Grand Prix,16.0,PER,9.582
Miami Grand Prix,16.0,ALO,29.576999999999998
Miami Grand Prix,16.0,LEC,3.834
Miami Grand Prix,16.0,STR,44.319
Miami Grand Prix,16.0,SAR,47.683
Miami Grand Prix,16.0,MAG,35.435
Miami Grand Prix,16.0,TSU,24.263
Miami Grand Prix,16.0,ALB,45.862
Miami Grand Prix,16.0,ZHO,31.355
Miami Grand Prix,16.0,HUL,41.711
Miami Grand Prix,16.0,RIC,36.422
Miami Grand Prix,16.0,OCO,26.717
Miami Grand Prix,16.0,NOR,10.187
Miami Grand Prix,16.0,HAM,20.296
Miami Grand Prix,16.0,SAI,5.498
Miami Grand Prix,16.0,RUS,22.017
Miami Grand Prix,16.0,BOT,51.079
Miami Grand Prix,16.0,PIA,3.069
Miami Grand Prix,17.0,VER,0.0
Miami Grand Prix,17.0,GAS,42.943
Miami Grand Prix,17.0,PER,15.647
Miami Grand Prix,17.0,ALO,30.917
Miami Grand Prix,17.0,LEC,3.982
Miami Grand Prix,17.0,STR,44.872
Miami Grand Prix,17.0,SAR,48.48
Miami Grand Prix,17.0,MAG,36.655
Miami Grand Prix,17.0,TSU,25.279
Miami Grand Prix,17.0,ALB,46.625
Miami Grand Prix,17.0,ZHO,32.53
Miami Grand Prix,17.0,HUL,42.412
Miami Grand Prix,17.0,RIC,37.535
Miami Grand Prix,17.0,OCO,27.794
Miami Grand Prix,17.0,NOR,10.73
Miami Grand Prix,17.0,HAM,20.978
Miami Grand Prix,17.0,SAI,5.808
Miami Grand Prix,17.0,RUS,22.704
Miami Grand Prix,17.0,BOT,51.809
Miami Grand Prix,17.0,PIA,3.233
Miami Grand Prix,18.0,VER,0.0
Miami Grand Prix,18.0,GAS,43.728
Miami Grand Prix,18.0,PER,29.174
Miami Grand Prix,18.0,ALO,32.052
Miami Grand Prix,18.0,LEC,3.789
Miami Grand Prix,18.0,STR,45.711
Miami Grand Prix,18.0,SAR,49.138
Miami Grand Prix,18.0,MAG,37.669
Miami Grand Prix,18.0,TSU,26.002
Miami Grand Prix,18.0,ALB,47.295
Miami Grand Prix,18.0,ZHO,33.902
Miami Grand Prix,18.0,HUL,42.998
Miami Grand Prix,18.0,RIC,38.747
Miami Grand Prix,18.0,OCO,28.662
Miami Grand Prix,18.0,NOR,10.858
Miami Grand Prix,18.0,HAM,21.262
Miami Grand Prix,18.0,SAI,5.851
Miami Grand Prix,18.0,RUS,23.387
Miami Grand Prix,18.0,BOT,52.843
Miami Grand Prix,18.0,PIA,3.186
Miami Grand Prix,19.0,VER,0.0
Miami Grand Prix,19.0,GAS,44.234
Miami Grand Prix,19.0,PER,29.665
Miami Grand Prix,19.0,ALO,33.433
Miami Grand Prix,19.0,LEC,9.36
Miami Grand Prix,19.0,STR,46.678
Miami Grand Prix,19.0,SAR,50.012
Miami Grand Prix,19.0,MAG,39.128
Miami Grand Prix,19.0,TSU,26.716
Miami Grand Prix,19.0,ALB,48.298
Miami Grand Prix,19.0,ZHO,35.175
Miami Grand Prix,19.0,HUL,43.603
Miami Grand Prix,19.0,RIC,39.98
Miami Grand Prix,19.0,OCO,30.73
Miami Grand Prix,19.0,NOR,10.666
Miami Grand Prix,19.0,HAM,21.927
Miami Grand Prix,19.0,SAI,6.021
Miami Grand Prix,19.0,RUS,24.281
Miami Grand Prix,19.0,BOT,53.932
Miami Grand Prix,19.0,PIA,3.627
Miami Grand Prix,20.0,VER,0.0
Miami Grand Prix,20.0,GAS,45.343
Miami Grand Prix,20.0,PER,30.204
Miami Grand Prix,20.0,ALO,35.133
Miami Grand Prix,20.0,LEC,23.242
Miami Grand Prix,20.0,STR,47.964
Miami Grand Prix,20.0,SAR,51.197
Miami Grand Prix,20.0,MAG,40.719
Miami Grand Prix,20.0,TSU,27.633
Miami Grand Prix,20.0,ALB,49.352
Miami Grand Prix,20.0,ZHO,36.931
Miami Grand Prix,20.0,HUL,44.611
Miami Grand Prix,20.0,RIC,41.43
Miami Grand Prix,20.0,OCO,32.269
Miami Grand Prix,20.0,NOR,10.557
Miami Grand Prix,20.0,HAM,22.445
Miami Grand Prix,20.0,SAI,6.119
Miami Grand Prix,20.0,RUS,25.562
Miami Grand Prix,20.0,BOT,55.554
Miami Grand Prix,20.0,PIA,3.727
Miami Grand Prix,21.0,VER,0.0
Miami Grand Prix,21.0,GAS,46.108
Miami Grand Prix,21.0,PER,30.031
Miami Grand Prix,21.0,ALO,36.465
Miami Grand Prix,21.0,LEC,22.429
Miami Grand Prix,21.0,STR,48.765
Miami Grand Prix,21.0,SAR,52.076
Miami Grand Prix,21.0,MAG,41.911
Miami Grand Prix,21.0,TSU,28.418
Miami Grand Prix,21.0,ALB,50.033
Miami Grand Prix,21.0,ZHO,38.694
Miami Grand Prix,21.0,HUL,45.39
Miami Grand Prix,21.0,RIC,42.575
Miami Grand Prix,21.0,OCO,33.21
Miami Grand Prix,21.0,NOR,9.96
Miami Grand Prix,21.0,HAM,23.704
Miami Grand Prix,21.0,SAI,5.971
Miami Grand Prix,21.0,RUS,26.349
Miami Grand Prix,21.0,BOT,56.827
Miami Grand Prix,21.0,PIA,3.731
Miami Grand Prix,22.0,VER,0.0
Miami Grand Prix,22.0,GAS,54.423
Miami Grand Prix,22.0,PER,29.977
Miami Grand Prix,22.0,ALO,45.96
Miami Grand Prix,22.0,LEC,22.164
Miami Grand Prix,22.0,STR,58.726
Miami Grand Prix,22.0,SAR,62.762
Miami Grand Prix,22.0,MAG,53.472
Miami Grand Prix,22.0,TSU,29.227
Miami Grand Prix,22.0,ALB,60.792
Miami Grand Prix,22.0,ZHO,45.243
Miami Grand Prix,22.0,HUL,53.791
Miami Grand Prix,22.0,RIC,51.215
Miami Grand Prix,22.0,OCO,42.661
Miami Grand Prix,22.0,NOR,9.571
Miami Grand Prix,22.0,HAM,24.157
Miami Grand Prix,22.0,SAI,5.84
Miami Grand Prix,22.0,RUS,26.769
Miami Grand Prix,22.0,BOT,69.202
Miami Grand Prix,22.0,PIA,3.541
Miami Grand Prix,23.0,VER,1.293
Miami Grand Prix,23.0,GAS,44.98
Miami Grand Prix,23.0,PER,27.321
Miami Grand Prix,23.0,ALO,44.63
Miami Grand Prix,23.0,LEC,19.243
Miami Grand Prix,23.0,STR,47.638
Miami Grand Prix,23.0,SAR,50.331
Miami Grand Prix,23.0,MAG,51.611
Miami Grand Prix,23.0,TSU,26.404
Miami Grand Prix,23.0,ALB,48.743
Miami Grand Prix,23.0,ZHO,37.45
Miami Grand Prix,23.0,HUL,43.71
Miami Grand Prix,23.0,RIC,40.769
Miami Grand Prix,23.0,OCO,43.944
Miami Grand Prix,23.0,NOR,5.817
Miami Grand Prix,23.0,HAM,22.295
Miami Grand Prix,23.0,SAI,2.601
Miami Grand Prix,23.0,RUS,24.726
Miami Grand Prix,23.0,BOT,55.345
Miami Grand Prix,23.0,PIA,0.0
Miami Grand Prix,24.0,VER,15.925
Miami Grand Prix,24.0,GAS,46.508
Miami Grand Prix,24.0,PER,27.252
Miami Grand Prix,24.0,ALO,45.622
Miami Grand Prix,24.0,LEC,19.183
Miami Grand Prix,24.0,STR,49.021
Miami Grand Prix,24.0,SAR,51.561
Miami Grand Prix,24.0,MAG,52.304
Miami Grand Prix,24.0,TSU,28.354
Miami Grand Prix,24.0,ALB,50.248
Miami Grand Prix,24.0,ZHO,38.683
Miami Grand Prix,24.0,HUL,45.354
Miami Grand Prix,24.0,RIC,41.802
Miami Grand Prix,24.0,OCO,44.53
Miami Grand Prix,24.0,NOR,5.344
Miami Grand Prix,24.0,HAM,22.692
Miami Grand Prix,24.0,SAI,2.786
Miami Grand Prix,24.0,RUS,30.341
Miami Grand Prix,24.0,BOT,56.637
Miami Grand Prix,24.0,PIA,0.0
Miami Grand Prix,25.0,VER,15.77
Miami Grand Prix,25.0,GAS,48.024
Miami Grand Prix,25.0,PER,27.562
Miami Grand Prix,25.0,ALO,46.817
Miami Grand Prix,25.0,LEC,19.009
Miami Grand Prix,25.0,STR,50.279
Miami Grand Prix,25.0,SAR,52.91
Miami Grand Prix,25.0,MAG,53.032
Miami Grand Prix,25.0,TSU,29.178
Miami Grand Prix,25.0,ALB,51.224
Miami Grand Prix,25.0,ZHO,39.894
Miami Grand Prix,25.0,HUL,47.387
Miami Grand Prix,25.0,RIC,42.784
Miami Grand Prix,25.0,OCO,44.995
Miami Grand Prix,25.0,NOR,5.062
Miami Grand Prix,25.0,HAM,23.171
Miami Grand Prix,25.0,SAI,2.7880000000000003
Miami Grand Prix,25.0,RUS,45.326
Miami Grand Prix,25.0,BOT,57.584
Miami Grand Prix,25.0,PIA,0.0
Miami Grand Prix,26.0,VER,15.524000000000001
Miami Grand Prix,26.0,GAS,49.808
Miami Grand Prix,26.0,PER,27.418
Miami Grand Prix,26.0,ALO,47.623
Miami Grand Prix,26.0,LEC,18.745
Miami Grand Prix,26.0,STR,51.321
Miami Grand Prix,26.0,SAR,54.469
Miami Grand Prix,26.0,MAG,54.747
Miami Grand Prix,26.0,TSU,29.602
Miami Grand Prix,26.0,ALB,52.042
Miami Grand Prix,26.0,ZHO,40.882
Miami Grand Prix,26.0,HUL,49.053
Miami Grand Prix,26.0,RIC,43.343
Miami Grand Prix,26.0,OCO,46.387
Miami Grand Prix,26.0,NOR,4.559
Miami Grand Prix,26.0,HAM,29.564
Miami Grand Prix,26.0,SAI,2.705
Miami Grand Prix,26.0,RUS,45.028
Miami Grand Prix,26.0,BOT,58.714
Miami Grand Prix,26.0,PIA,0.0
Miami Grand Prix,27.0,VER,11.318
Miami Grand Prix,27.0,GAS,46.701
Miami Grand Prix,27.0,PER,22.858
Miami Grand Prix,27.0,ALO,44.085
Miami Grand Prix,27.0,LEC,14.081
Miami Grand Prix,27.0,STR,48.461
Miami Grand Prix,27.0,SAR,51.303
Miami Grand Prix,27.0,MAG,51.405
Miami Grand Prix,27.0,TSU,25.99
Miami Grand Prix,27.0,ALB,49.101
Miami Grand Prix,27.0,ZHO,37.646
Miami Grand Prix,27.0,HUL,47.157
Miami Grand Prix,27.0,RIC,41.794
Miami Grand Prix,27.0,OCO,42.836
Miami Grand Prix,27.0,NOR,0.0
Miami Grand Prix,27.0,HAM,38.807
Miami Grand Prix,27.0,SAI,3.266
Miami Grand Prix,27.0,RUS,40.902
Miami Grand Prix,27.0,BOT,55.554
Miami Grand Prix,27.0,PIA,0.881
Miami Grand Prix,28.0,VER,18.652
Miami Grand Prix,28.0,GAS,65.719
Miami Grand Prix,28.0,PER,37.852
Miami Grand Prix,28.0,ALO,62.156
Miami Grand Prix,28.0,LEC,20.942
Miami Grand Prix,28.0,STR,73.013
Miami Grand Prix,28.0,SAR,109.261
Miami Grand Prix,28.0,MAG,105.486
Miami Grand Prix,28.0,TSU,41.618
Miami Grand Prix,28.0,ALB,70.285
Miami Grand Prix,28.0,ZHO,58.712
Miami Grand Prix,28.0,HUL,70.544
Miami Grand Prix,28.0,RIC,63.181
Miami Grand Prix,28.0,OCO,60.702
Miami Grand Prix,28.0,NOR,0.0
Miami Grand Prix,28.0,HAM,54.13
Miami Grand Prix,28.0,SAI,28.105
Miami Grand Prix,28.0,RUS,58.141
Miami Grand Prix,28.0,BOT,81.175
Miami Grand Prix,28.0,PIA,24.318
Miami Grand Prix,29.0,VER,31.807
Miami Grand Prix,29.0,GAS,61.486
Miami Grand Prix,29.0,PER,42.558
Miami Grand Prix,29.0,ALO,56.878
Miami Grand Prix,29.0,LEC,33.172
Miami Grand Prix,29.0,STR,76.926
Miami Grand Prix,29.0,MAG,117.385
Miami Grand Prix,29.0,TSU,46.457
Miami Grand Prix,29.0,ALB,64.034
Miami Grand Prix,29.0,ZHO,64.694
Miami Grand Prix,29.0,HUL,75.165
Miami Grand Prix,29.0,RIC,67.381
Miami Grand Prix,29.0,OCO,53.917
Miami Grand Prix,29.0,NOR,0.0
Miami Grand Prix,29.0,HAM,49.504
Miami Grand Prix,29.0,SAI,34.396
Miami Grand Prix,29.0,RUS,52.25
Miami Grand Prix,29.0,BOT,78.547
Miami Grand Prix,29.0,PIA,33.79
Miami Grand Prix,30.0,VER,18.212
Miami Grand Prix,30.0,GAS,38.634
Miami Grand Prix,30.0,PER,25.136
Miami Grand Prix,30.0,ALO,36.997
Miami Grand Prix,30.0,LEC,20.428
Miami Grand Prix,30.0,STR,46.687
Miami Grand Prix,30.0,MAG,82.639
Miami Grand Prix,30.0,TSU,29.808
Miami Grand Prix,30.0,ALB,39.039
Miami Grand Prix,30.0,ZHO,41.646
Miami Grand Prix,30.0,HUL,45.78
Miami Grand Prix,30.0,RIC,43.796
Miami Grand Prix,30.0,OCO,34.7
Miami Grand Prix,30.0,NOR,0.0
Miami Grand Prix,30.0,HAM,31.604
Miami Grand Prix,30.0,SAI,24.057
Miami Grand Prix,30.0,RUS,33.663
Miami Grand Prix,30.0,BOT,59.947
Miami Grand Prix,30.0,PIA,21.657
Miami Grand Prix,31.0,VER,1.776
Miami Grand Prix,31.0,GAS,30.195
Miami Grand Prix,31.0,PER,10.318
Miami Grand Prix,31.0,ALO,28.572
Miami Grand Prix,31.0,LEC,5.055
Miami Grand Prix,31.0,STR,40.331
Miami Grand Prix,31.0,MAG,65.499
Miami Grand Prix,31.0,TSU,15.058
Miami Grand Prix,31.0,ALB,32.611
Miami Grand Prix,31.0,ZHO,35.2
Miami Grand Prix,31.0,HUL,39.28
Miami Grand Prix,31.0,RIC,37.805
Miami Grand Prix,31.0,OCO,24.474
Miami Grand Prix,31.0,NOR,0.0
Miami Grand Prix,31.0,HAM,17.62
Miami Grand Prix,31.0,SAI,9.091
Miami Grand Prix,31.0,RUS,22.763
Miami Grand Prix,31.0,BOT,45.02
Miami Grand Prix,31.0,PIA,6.901
Miami Grand Prix,32.0,VER,0.199
Miami Grand Prix,32.0,GAS,4.526
Miami Grand Prix,32.0,PER,1.363
Miami Grand Prix,32.0,ALO,3.5620000000000003
Miami Grand Prix,32.0,LEC,0.497
Miami Grand Prix,32.0,STR,8.188
Miami Grand Prix,32.0,MAG,23.941
Miami Grand Prix,32.0,TSU,1.9689999999999999
Miami Grand Prix,32.0,ALB,5.421
Miami Grand Prix,32.0,ZHO,5.8870000000000005
Miami Grand Prix,32.0,HUL,6.9350000000000005
Miami Grand Prix,32.0,RIC,6.4719999999999995
Miami Grand Prix,32.0,OCO,3.231
Miami Grand Prix,32.0,NOR,0.0
Miami Grand Prix,32.0,HAM,2.239
Miami Grand Prix,32.0,SAI,1.19
Miami Grand Prix,32.0,RUS,2.803
Miami Grand Prix,32.0,BOT,10.279
Miami Grand Prix,32.0,PIA,0.699
Miami Grand Prix,33.0,VER,1.2690000000000001
Miami Grand Prix,33.0,GAS,7.93
Miami Grand Prix,33.0,PER,3.795
Miami Grand Prix,33.0,ALO,7.305
Miami Grand Prix,33.0,LEC,2.127
Miami Grand Prix,33.0,STR,10.064
Miami Grand Prix,33.0,MAG,24.558
Miami Grand Prix,33.0,TSU,4.939
Miami Grand Prix,33.0,ALB,8.185
Miami Grand Prix,33.0,ZHO,8.514
Miami Grand Prix,33.0,HUL,9.396
Miami Grand Prix,33.0,RIC,9.346
Miami Grand Prix,33.0,OCO,6.885
Miami Grand Prix,33.0,NOR,0.0
Miami Grand Prix,33.0,HAM,5.169
Miami Grand Prix,33.0,SAI,3.23
Miami Grand Prix,33.0,RUS,6.101
Miami Grand Prix,33.0,BOT,12.131
Miami Grand Prix,33.0,PIA,2.79
Miami Grand Prix,34.0,VER,1.591
Miami Grand Prix,34.0,GAS,9.842
Miami Grand Prix,34.0,PER,4.694
Miami Grand Prix,34.0,ALO,9.084
Miami Grand Prix,34.0,LEC,2.337
Miami Grand Prix,34.0,STR,12.334
Miami Grand Prix,34.0,MAG,25.499
Miami Grand Prix,34.0,TSU,6.882
Miami Grand Prix,34.0,ALB,10.393
Miami Grand Prix,34.0,ZHO,10.663
Miami Grand Prix,34.0,HUL,11.185
Miami Grand Prix,34.0,RIC,11.947
Miami Grand Prix,34.0,OCO,8.33
Miami Grand Prix,34.0,NOR,0.0
Miami Grand Prix,34.0,HAM,6.148
Miami Grand Prix,34.0,SAI,4.05
Miami Grand Prix,34.0,RUS,7.574
Miami Grand Prix,34.0,BOT,14.234
Miami Grand Prix,34.0,PIA,3.644
Miami Grand Prix,35.0,VER,1.609
Miami Grand Prix,35.0,GAS,11.314
Miami Grand Prix,35.0,PER,4.892
Miami Grand Prix,35.0,ALO,10.364
Miami Grand Prix,35.0,LEC,2.395
Miami Grand Prix,35.0,STR,13.893
Miami Grand Prix,35.0,MAG,26.101
Miami Grand Prix,35.0,TSU,7.809
Miami Grand Prix,35.0,ALB,11.857
Miami Grand Prix,35.0,ZHO,12.456
Miami Grand Prix,35.0,HUL,12.909
Miami Grand Prix,35.0,RIC,13.541
Miami Grand Prix,35.0,OCO,9.384
Miami Grand Prix,35.0,NOR,0.0
Miami Grand Prix,35.0,HAM,6.142
Miami Grand Prix,35.0,SAI,4.082
Miami Grand Prix,35.0,RUS,8.46
Miami Grand Prix,35.0,BOT,15.765
Miami Grand Prix,35.0,PIA,3.625
Miami Grand Prix,36.0,VER,1.932
Miami Grand Prix,36.0,GAS,13.059
Miami Grand Prix,36.0,PER,5.943
Miami Grand Prix,36.0,ALO,11.542
Miami Grand Prix,36.0,LEC,3.126
Miami Grand Prix,36.0,STR,16.114
Miami Grand Prix,36.0,MAG,27.174
Miami Grand Prix,36.0,TSU,9.064
Miami Grand Prix,36.0,ALB,13.881
Miami Grand Prix,36.0,ZHO,14.581
Miami Grand Prix,36.0,HUL,15.067
Miami Grand Prix,36.0,RIC,15.658
Miami Grand Prix,36.0,OCO,10.599
Miami Grand Prix,36.0,NOR,0.0
Miami Grand Prix,36.0,HAM,7.249
Miami Grand Prix,36.0,SAI,5.054
Miami Grand Prix,36.0,RUS,9.672
Miami Grand Prix,36.0,BOT,17.861
Miami Grand Prix,36.0,PIA,4.694
Miami Grand Prix,37.0,VER,2.235
Miami Grand Prix,37.0,GAS,14.77
Miami Grand Prix,37.0,PER,7.422
Miami Grand Prix,37.0,ALO,12.874
Miami Grand Prix,37.0,LEC,3.893
Miami Grand Prix,37.0,STR,18.185
Miami Grand Prix,37.0,MAG,28.085
Miami Grand Prix,37.0,TSU,9.896
Miami Grand Prix,37.0,ALB,15.861
Miami Grand Prix,37.0,ZHO,16.458
Miami Grand Prix,37.0,HUL,16.887
Miami Grand Prix,37.0,RIC,17.668
Miami Grand Prix,37.0,OCO,12.135
Miami Grand Prix,37.0,NOR,0.0
Miami Grand Prix,37.0,HAM,8.112
Miami Grand Prix,37.0,SAI,6.295
Miami Grand Prix,37.0,RUS,10.873
Miami Grand Prix,37.0,BOT,19.737
Miami Grand Prix,37.0,PIA,5.655
Miami Grand Prix,38.0,VER,2.627
Miami Grand Prix,38.0,GAS,16.625
Miami Grand Prix,38.0,PER,7.952
Miami Grand Prix,38.0,ALO,13.961
Miami Grand Prix,38.0,LEC,4.5120000000000005
Miami Grand Prix,38.0,STR,19.84
Miami Grand Prix,38.0,MAG,29.025
Miami Grand Prix,38.0,TSU,10.486
Miami Grand Prix,38.0,ALB,17.724
Miami Grand Prix,38.0,ZHO,18.243
Miami Grand Prix,38.0,HUL,18.706
Miami Grand Prix,38.0,RIC,19.415
Miami Grand Prix,38.0,OCO,13.393
Miami Grand Prix,38.0,NOR,0.0
Miami Grand Prix,38.0,HAM,8.75
Miami Grand Prix,38.0,SAI,6.527
Miami Grand Prix,38.0,RUS,12.03
Miami Grand Prix,38.0,BOT,21.61
Miami Grand Prix,38.0,PIA,6.194
Miami Grand Prix,39.0,VER,2.771
Miami Grand Prix,39.0,GAS,18.44
Miami Grand Prix,39.0,PER,8.955
Miami Grand Prix,39.0,ALO,15.429
Miami Grand Prix,39.0,LEC,4.881
Miami Grand Prix,39.0,STR,21.567
Miami Grand Prix,39.0,MAG,30.151
Miami Grand Prix,39.0,TSU,11.498
Miami Grand Prix,39.0,ALB,20.031
Miami Grand Prix,39.0,ZHO,20.36
Miami Grand Prix,39.0,HUL,20.606
Miami Grand Prix,39.0,RIC,21.359
Miami Grand Prix,39.0,OCO,14.722
Miami Grand Prix,39.0,NOR,0.0
Miami Grand Prix,39.0,HAM,9.725
Miami Grand Prix,39.0,SAI,7.533
Miami Grand Prix,39.0,RUS,13.086
Miami Grand Prix,39.0,BOT,23.43
Miami Grand Prix,39.0,PIA,7.619
Miami Grand Prix,40.0,VER,3.036
Miami Grand Prix,40.0,GAS,20.004
Miami Grand Prix,40.0,PER,10.378
Miami Grand Prix,40.0,ALO,16.689
Miami Grand Prix,40.0,LEC,5.311
Miami Grand Prix,40.0,STR,24.734
Miami Grand Prix,40.0,MAG,31.391
Miami Grand Prix,40.0,TSU,13.074
Miami Grand Prix,40.0,ALB,21.574
Miami Grand Prix,40.0,ZHO,22.841
Miami Grand Prix,40.0,HUL,21.73
Miami Grand Prix,40.0,RIC,23.599
Miami Grand Prix,40.0,OCO,16.081
Miami Grand Prix,40.0,NOR,0.0
Miami Grand Prix,40.0,HAM,11.033
Miami Grand Prix,40.0,SAI,8.766
Miami Grand Prix,40.0,RUS,14.141
Miami Grand Prix,40.0,BOT,25.735
Miami Grand Prix,40.0,PIA,17.192
Miami Grand Prix,41.0,VER,3.352
Miami Grand Prix,41.0,GAS,21.946
Miami Grand Prix,41.0,PER,11.456
Miami Grand Prix,41.0,ALO,18.497
Miami Grand Prix,41.0,LEC,5.598
Miami Grand Prix,41.0,STR,25.835
Miami Grand Prix,41.0,MAG,32.668
Miami Grand Prix,41.0,TSU,14.192
Miami Grand Prix,41.0,ALB,24.157
Miami Grand Prix,41.0,ZHO,24.678
Miami Grand Prix,41.0,HUL,23.308
Miami Grand Prix,41.0,RIC,25.394
Miami Grand Prix,41.0,OCO,17.597
Miami Grand Prix,41.0,NOR,0.0
Miami Grand Prix,41.0,HAM,12.117
Miami Grand Prix,41.0,SAI,9.713
Miami Grand Prix,41.0,RUS,15.73
Miami Grand Prix,41.0,BOT,27.72
Miami Grand Prix,41.0,PIA,39.856
Miami Grand Prix,42.0,VER,3.467
Miami Grand Prix,42.0,GAS,23.233
Miami Grand Prix,42.0,PER,11.629
Miami Grand Prix,42.0,ALO,19.337
Miami Grand Prix,42.0,LEC,5.758
Miami Grand Prix,42.0,STR,27.079
Miami Grand Prix,42.0,MAG,33.628
Miami Grand Prix,42.0,TSU,14.795
Miami Grand Prix,42.0,ALB,25.764
Miami Grand Prix,42.0,ZHO,26.115
Miami Grand Prix,42.0,HUL,24.182
Miami Grand Prix,42.0,RIC,26.734
Miami Grand Prix,42.0,OCO,18.568
Miami Grand Prix,42.0,NOR,0.0
Miami Grand Prix,42.0,HAM,12.449
Miami Grand Prix,42.0,SAI,9.954
Miami Grand Prix,42.0,RUS,16.557
Miami Grand Prix,42.0,BOT,29.238
Miami Grand Prix,42.0,PIA,39.159
Miami Grand Prix,43.0,VER,3.836
Miami Grand Prix,43.0,GAS,24.671
Miami Grand Prix,43.0,PER,11.968
Miami Grand Prix,43.0,ALO,20.5
Miami Grand Prix,43.0,LEC,6.324
Miami Grand Prix,43.0,STR,28.971
Miami Grand Prix,43.0,MAG,34.649
Miami Grand Prix,43.0,TSU,15.638
Miami Grand Prix,43.0,ALB,27.379
Miami Grand Prix,43.0,ZHO,27.867
Miami Grand Prix,43.0,HUL,25.754
Miami Grand Prix,43.0,RIC,28.437
Miami Grand Prix,43.0,OCO,19.782
Miami Grand Prix,43.0,NOR,0.0
Miami Grand Prix,43.0,HAM,12.8
Miami Grand Prix,43.0,SAI,9.94
Miami Grand Prix,43.0,RUS,17.412
Miami Grand Prix,43.0,BOT,30.92
Miami Grand Prix,43.0,PIA,38.727
Miami Grand Prix,44.0,VER,4.108
Miami Grand Prix,44.0,GAS,26.346
Miami Grand Prix,44.0,PER,12.297
Miami Grand Prix,44.0,ALO,21.584
Miami Grand Prix,44.0,LEC,6.698
Miami Grand Prix,44.0,STR,30.315
Miami Grand Prix,44.0,MAG,35.756
Miami Grand Prix,44.0,TSU,16.373
Miami Grand Prix,44.0,ALB,28.977
Miami Grand Prix,44.0,ZHO,29.697
Miami Grand Prix,44.0,HUL,27.031
Miami Grand Prix,44.0,RIC,30.214
Miami Grand Prix,44.0,OCO,21.085
Miami Grand Prix,44.0,NOR,0.0
Miami Grand Prix,44.0,HAM,13.131
Miami Grand Prix,44.0,SAI,10.122
Miami Grand Prix,44.0,RUS,19.93
Miami Grand Prix,44.0,BOT,32.687
Miami Grand Prix,44.0,PIA,38.299
Miami Grand Prix,45.0,VER,4.577
Miami Grand Prix,45.0,GAS,28.259
Miami Grand Prix,45.0,PER,12.761
Miami Grand Prix,45.0,ALO,23.568
Miami Grand Prix,45.0,LEC,7.008
Miami Grand Prix,45.0,STR,32.083
Miami Grand Prix,45.0,MAG,36.967
Miami Grand Prix,45.0,TSU,17.382
Miami Grand Prix,45.0,ALB,30.474
Miami Grand Prix,45.0,ZHO,31.403
Miami Grand Prix,45.0,HUL,28.437
Miami Grand Prix,45.0,RIC,33.166
Miami Grand Prix,45.0,OCO,23.365
Miami Grand Prix,45.0,NOR,0.0
Miami Grand Prix,45.0,HAM,13.542
Miami Grand Prix,45.0,SAI,10.555
Miami Grand Prix,45.0,RUS,20.993
Miami Grand Prix,45.0,BOT,34.645
Miami Grand Prix,45.0,PIA,38.517
Miami Grand Prix,46.0,VER,5.013
Miami Grand Prix,46.0,GAS,31.248
Miami Grand Prix,46.0,PER,13.09
Miami Grand Prix,46.0,ALO,25.808
Miami Grand Prix,46.0,LEC,7.193
Miami Grand Prix,46.0,STR,33.182
Miami Grand Prix,46.0,MAG,38.683
Miami Grand Prix,46.0,TSU,18.055
Miami Grand Prix,46.0,ALB,31.923000000000002
Miami Grand Prix,46.0,ZHO,32.642
Miami Grand Prix,46.0,HUL,29.752
Miami Grand Prix,46.0,RIC,34.659
Miami Grand Prix,46.0,OCO,25.51
Miami Grand Prix,46.0,NOR,0.0
Miami Grand Prix,46.0,HAM,13.869
Miami Grand Prix,46.0,SAI,10.551
Miami Grand Prix,46.0,RUS,21.945
Miami Grand Prix,46.0,BOT,36.201
Miami Grand Prix,46.0,PIA,38.245
Miami Grand Prix,47.0,VER,5.103
Miami Grand Prix,47.0,GAS,32.592
Miami Grand Prix,47.0,PER,13.036
Miami Grand Prix,47.0,ALO,27.505
Miami Grand Prix,47.0,LEC,7.397
Miami Grand Prix,47.0,STR,34.201
Miami Grand Prix,47.0,MAG,40.249
Miami Grand Prix,47.0,TSU,18.638
Miami Grand Prix,47.0,ALB,33.16
Miami Grand Prix,47.0,ZHO,34.0
Miami Grand Prix,47.0,HUL,30.513
Miami Grand Prix,47.0,RIC,35.803
Miami Grand Prix,47.0,OCO,27.403
Miami Grand Prix,47.0,NOR,0.0
Miami Grand Prix,47.0,HAM,13.776
Miami Grand Prix,47.0,SAI,10.651
Miami Grand Prix,47.0,RUS,22.72
Miami Grand Prix,47.0,BOT,37.666
Miami Grand Prix,47.0,PIA,38.463
Miami Grand Prix,48.0,VER,5.229
Miami Grand Prix,48.0,GAS,34.085
Miami Grand Prix,48.0,PER,13.45
Miami Grand Prix,48.0,ALO,29.414
Miami Grand Prix,48.0,LEC,7.489
Miami Grand Prix,48.0,STR,36.001
Miami Grand Prix,48.0,MAG,41.498
Miami Grand Prix,48.0,TSU,19.513
Miami Grand Prix,48.0,ALB,34.577
Miami Grand Prix,48.0,ZHO,37.074
Miami Grand Prix,48.0,HUL,31.676
Miami Grand Prix,48.0,RIC,37.681
Miami Grand Prix,48.0,OCO,30.214
Miami Grand Prix,48.0,NOR,0.0
Miami Grand Prix,48.0,HAM,14.267
Miami Grand Prix,48.0,SAI,10.908
Miami Grand Prix,48.0,RUS,23.76
Miami Grand Prix,48.0,BOT,39.952
Miami Grand Prix,48.0,PIA,39.156
Miami Grand Prix,49.0,VER,5.649
Miami Grand Prix,49.0,GAS,35.628
Miami Grand Prix,49.0,PER,13.669
Miami Grand Prix,49.0,ALO,30.54
Miami Grand Prix,49.0,LEC,7.63
Miami Grand Prix,49.0,STR,37.166
Miami Grand Prix,49.0,MAG,42.665
Miami Grand Prix,49.0,TSU,20.5
Miami Grand Prix,49.0,ALB,36.046
Miami Grand Prix,49.0,ZHO,38.835
Miami Grand Prix,49.0,HUL,32.973
Miami Grand Prix,49.0,RIC,39.224
Miami Grand Prix,49.0,OCO,31.868
Miami Grand Prix,49.0,NOR,0.0
Miami Grand Prix,49.0,HAM,14.522
Miami Grand Prix,49.0,SAI,11.146
Miami Grand Prix,49.0,RUS,24.703
Miami Grand Prix,49.0,BOT,41.961
Miami Grand Prix,49.0,PIA,39.929
Miami Grand Prix,50.0,VER,5.76
Miami Grand Prix,50.0,GAS,36.893
Miami Grand Prix,50.0,PER,14.177
Miami Grand Prix,50.0,ALO,31.383
Miami Grand Prix,50.0,LEC,8.339
Miami Grand Prix,50.0,STR,37.93
Miami Grand Prix,50.0,MAG,43.833
Miami Grand Prix,50.0,TSU,21.225
Miami Grand Prix,50.0,ALB,37.574
Miami Grand Prix,50.0,ZHO,40.13
Miami Grand Prix,50.0,HUL,33.89
Miami Grand Prix,50.0,RIC,41.03
Miami Grand Prix,50.0,OCO,32.826
Miami Grand Prix,50.0,NOR,0.0
Miami Grand Prix,50.0,HAM,14.92
Miami Grand Prix,50.0,SAI,11.465
Miami Grand Prix,50.0,RUS,25.914
Miami Grand Prix,50.0,BOT,43.194
Miami Grand Prix,50.0,PIA,41.077
Miami Grand Prix,51.0,VER,5.964
Miami Grand Prix,51.0,GAS,38.335
Miami Grand Prix,51.0,PER,14.616
Miami Grand Prix,51.0,ALO,32.3
Miami Grand Prix,51.0,LEC,8.482
Miami Grand Prix,51.0,STR,40.801
Miami Grand Prix,51.0,MAG,45.186
Miami Grand Prix,51.0,TSU,22.215
Miami Grand Prix,51.0,ALB,40.636
Miami Grand Prix,51.0,ZHO,41.661
Miami Grand Prix,51.0,HUL,34.854
Miami Grand Prix,51.0,RIC,42.436
Miami Grand Prix,51.0,OCO,33.783
Miami Grand Prix,51.0,NOR,0.0
Miami Grand Prix,51.0,HAM,15.34
Miami Grand Prix,51.0,SAI,11.424
Miami Grand Prix,51.0,RUS,26.887
Miami Grand Prix,51.0,BOT,44.78
Miami Grand Prix,51.0,PIA,42.846
Miami Grand Prix,52.0,VER,6.148
Miami Grand Prix,52.0,GAS,39.734
Miami Grand Prix,52.0,PER,14.902
Miami Grand Prix,52.0,ALO,32.941
Miami Grand Prix,52.0,LEC,9.017
Miami Grand Prix,52.0,STR,42.763
Miami Grand Prix,52.0,MAG,47.067
Miami Grand Prix,52.0,TSU,22.994
Miami Grand Prix,52.0,ALB,44.43
Miami Grand Prix,52.0,ZHO,43.573
Miami Grand Prix,52.0,HUL,36.013
Miami Grand Prix,52.0,RIC,44.909
Miami Grand Prix,52.0,OCO,34.643
Miami Grand Prix,52.0,NOR,0.0
Miami Grand Prix,52.0,HAM,15.792
Miami Grand Prix,52.0,SAI,11.543
Miami Grand Prix,52.0,RUS,27.828
Miami Grand Prix,52.0,BOT,46.141
Miami Grand Prix,52.0,PIA,45.464
Miami Grand Prix,53.0,VER,6.37
Miami Grand Prix,53.0,GAS,40.739
Miami Grand Prix,53.0,PER,14.967
Miami Grand Prix,53.0,ALO,33.847
Miami Grand Prix,53.0,LEC,9.221
Miami Grand Prix,53.0,STR,43.485
Miami Grand Prix,53.0,MAG,48.52
Miami Grand Prix,53.0,TSU,23.698
Miami Grand Prix,53.0,ALB,59.876
Miami Grand Prix,53.0,ZHO,45.244
Miami Grand Prix,53.0,HUL,37.296
Miami Grand Prix,53.0,RIC,46.353
Miami Grand Prix,53.0,OCO,35.597
Miami Grand Prix,53.0,NOR,0.0
Miami Grand Prix,53.0,HAM,15.913
Miami Grand Prix,53.0,SAI,11.859
Miami Grand Prix,53.0,RUS,29.971
Miami Grand Prix,53.0,BOT,47.743
Miami Grand Prix,53.0,PIA,46.823
Miami Grand Prix,54.0,VER,6.64
Miami Grand Prix,54.0,GAS,41.748
Miami Grand Prix,54.0,PER,14.869
Miami Grand Prix,54.0,ALO,34.304
Miami Grand Prix,54.0,LEC,9.537
Miami Grand Prix,54.0,STR,43.951
Miami Grand Prix,54.0,MAG,49.999
Miami Grand Prix,54.0,TSU,24.315
Miami Grand Prix,54.0,ALB,75.498
Miami Grand Prix,54.0,ZHO,46.425
Miami Grand Prix,54.0,HUL,38.207
Miami Grand Prix,54.0,RIC,47.812
Miami Grand Prix,54.0,OCO,36.588
Miami Grand Prix,54.0,NOR,0.0
Miami Grand Prix,54.0,HAM,15.87
Miami Grand Prix,54.0,SAI,11.908
Miami Grand Prix,54.0,RUS,31.232
Miami Grand Prix,54.0,BOT,48.793
Miami Grand Prix,54.0,PIA,47.479
Miami Grand Prix,55.0,VER,7.068
Miami Grand Prix,55.0,GAS,43.094
Miami Grand Prix,55.0,PER,14.744
Miami Grand Prix,55.0,ALO,35.051
Miami Grand Prix,55.0,LEC,9.838
Miami Grand Prix,55.0,STR,44.603
Miami Grand Prix,55.0,MAG,51.379
Miami Grand Prix,55.0,TSU,25.017
Miami Grand Prix,55.0,ALB,75.367
Miami Grand Prix,55.0,ZHO,47.615
Miami Grand Prix,55.0,HUL,39.272
Miami Grand Prix,55.0,RIC,49.031
Miami Grand Prix,55.0,OCO,37.754
Miami Grand Prix,55.0,NOR,0.0
Miami Grand Prix,55.0,HAM,16.144
Miami Grand Prix,55.0,SAI,11.856
Miami Grand Prix,55.0,RUS,32.282
Miami Grand Prix,55.0,BOT,49.911
Miami Grand Prix,55.0,PIA,48.164
Miami Grand Prix,56.0,VER,7.518
Miami Grand Prix,56.0,GAS,44.109
Miami Grand Prix,56.0,PER,14.998
Miami Grand Prix,56.0,ALO,36.142
Miami Grand Prix,56.0,LEC,9.882
Miami Grand Prix,56.0,STR,45.156
Miami Grand Prix,56.0,MAG,53.12
Miami Grand Prix,56.0,TSU,25.799
Miami Grand Prix,56.0,ALB,76.39
Miami Grand Prix,56.0,ZHO,48.566
Miami Grand Prix,56.0,HUL,40.173
Miami Grand Prix,56.0,RIC,50.405
Miami Grand Prix,56.0,OCO,38.85
Miami Grand Prix,56.0,NOR,0.0
Miami Grand Prix,56.0,HAM,16.533
Miami Grand Prix,56.0,SAI,11.878
Miami Grand Prix,56.0,RUS,33.621
Miami Grand Prix,56.0,BOT,51.308
Miami Grand Prix,56.0,PIA,49.178
Miami Grand Prix,57.0,VER,7.642
Miami Grand Prix,57.0,GAS,44.954
Miami Grand Prix,57.0,PER,14.646
Miami Grand Prix,57.0,ALO,37.103
Miami Grand Prix,57.0,LEC,9.936
Miami Grand Prix,57.0,STR,45.169
Miami Grand Prix,57.0,MAG,54.679
Miami Grand Prix,57.0,TSU,26.181
Miami Grand Prix,57.0,ALB,76.087
Miami Grand Prix,57.0,ZHO,49.975
Miami Grand Prix,57.0,HUL,40.785
Miami Grand Prix,57.0,RIC,50.952
Miami Grand Prix,57.0,OCO,39.742
Miami Grand Prix,57.0,NOR,0.0
Miami Grand Prix,57.0,HAM,16.581
Miami Grand Prix,57.0,SAI,11.403
Miami Grand Prix,57.0,RUS,34.785
Miami Grand Prix,57.0,BOT,52.352
Miami Grand Prix,57.0,PIA,49.753
Emilia Romagna Grand Prix,1.0,VER,0.0
Emilia Romagna Grand Prix,1.0,NOR,0.883
Emilia Romagna Grand Prix,1.0,LEC,1.6989999999999998
Emilia Romagna Grand Prix,1.0,PIA,2.8449999999999998
Emilia Romagna Grand Prix,1.0,SAI,2.268
Emilia Romagna Grand Prix,1.0,HAM,4.23
Emilia Romagna Grand Prix,1.0,RUS,3.617
Emilia Romagna Grand Prix,1.0,PER,5.894
Emilia Romagna Grand Prix,1.0,STR,7.594
Emilia Romagna Grand Prix,1.0,TSU,5.375
Emilia Romagna Grand Prix,1.0,HUL,4.867
Emilia Romagna Grand Prix,1.0,MAG,9.01
Emilia Romagna Grand Prix,1.0,RIC,6.47
Emilia Romagna Grand Prix,1.0,OCO,7.068
Emilia Romagna Grand Prix,1.0,ZHO,9.9
Emilia Romagna Grand Prix,1.0,GAS,8.488
Emilia Romagna Grand Prix,1.0,SAR,10.195
Emilia Romagna Grand Prix,1.0,BOT,9.392
Emilia Romagna Grand Prix,1.0,ALO,10.767
Emilia Romagna Grand Prix,1.0,ALB,8.131
Emilia Romagna Grand Prix,2.0,VER,0.0
Emilia Romagna Grand Prix,2.0,NOR,0.96
Emilia Romagna Grand Prix,2.0,LEC,2.029
Emilia Romagna Grand Prix,2.0,PIA,3.56
Emilia Romagna Grand Prix,2.0,SAI,2.774
Emilia Romagna Grand Prix,2.0,HAM,5.475
Emilia Romagna Grand Prix,2.0,RUS,4.583
Emilia Romagna Grand Prix,2.0,PER,7.897
Emilia Romagna Grand Prix,2.0,STR,10.113
Emilia Romagna Grand Prix,2.0,TSU,7.145
Emilia Romagna Grand Prix,2.0,HUL,6.382
Emilia Romagna Grand Prix,2.0,MAG,11.727
Emilia Romagna Grand Prix,2.0,RIC,8.669
Emilia Romagna Grand Prix,2.0,OCO,9.395
Emilia Romagna Grand Prix,2.0,ZHO,13.243
Emilia Romagna Grand Prix,2.0,GAS,11.106
Emilia Romagna Grand Prix,2.0,SAR,13.841
Emilia Romagna Grand Prix,2.0,BOT,12.42
Emilia Romagna Grand Prix,2.0,ALO,14.357
Emilia Romagna Grand Prix,2.0,ALB,10.65
Emilia Romagna Grand Prix,3.0,VER,0.0
Emilia Romagna Grand Prix,3.0,NOR,0.972
Emilia Romagna Grand Prix,3.0,LEC,2.088
Emilia Romagna Grand Prix,3.0,PIA,3.496
Emilia Romagna Grand Prix,3.0,SAI,2.868
Emilia Romagna Grand Prix,3.0,HAM,5.825
Emilia Romagna Grand Prix,3.0,RUS,4.846
Emilia Romagna Grand Prix,3.0,PER,8.938
Emilia Romagna Grand Prix,3.0,STR,11.597
Emilia Romagna Grand Prix,3.0,TSU,8.031
Emilia Romagna Grand Prix,3.0,HUL,7.21
Emilia Romagna Grand Prix,3.0,MAG,13.592
Emilia Romagna Grand Prix,3.0,RIC,9.88
Emilia Romagna Grand Prix,3.0,OCO,10.813
Emilia Romagna Grand Prix,3.0,ZHO,15.089
Emilia Romagna Grand Prix,3.0,GAS,12.986
Emilia Romagna Grand Prix,3.0,SAR,15.753
Emilia Romagna Grand Prix,3.0,BOT,14.31
Emilia Romagna Grand Prix,3.0,ALO,16.494
Emilia Romagna Grand Prix,3.0,ALB,12.43
Emilia Romagna Grand Prix,4.0,VER,0.0
Emilia Romagna Grand Prix,4.0,NOR,1.506
Emilia Romagna Grand Prix,4.0,LEC,2.6959999999999997
Emilia Romagna Grand Prix,4.0,PIA,4.202
Emilia Romagna Grand Prix,4.0,SAI,3.5380000000000003
Emilia Romagna Grand Prix,4.0,HAM,6.869
Emilia Romagna Grand Prix,4.0,RUS,5.803
Emilia Romagna Grand Prix,4.0,PER,10.449
Emilia Romagna Grand Prix,4.0,STR,13.275
Emilia Romagna Grand Prix,4.0,TSU,9.43
Emilia Romagna Grand Prix,4.0,HUL,8.696
Emilia Romagna Grand Prix,4.0,MAG,15.438
Emilia Romagna Grand Prix,4.0,RIC,11.436
Emilia Romagna Grand Prix,4.0,OCO,12.371
Emilia Romagna Grand Prix,4.0,ZHO,17.464
Emilia Romagna Grand Prix,4.0,GAS,15.021
Emilia Romagna Grand Prix,4.0,SAR,18.072
Emilia Romagna Grand Prix,4.0,BOT,16.425
Emilia Romagna Grand Prix,4.0,ALO,18.894
Emilia Romagna Grand Prix,4.0,ALB,14.337
Emilia Romagna Grand Prix,5.0,VER,0.0
Emilia Romagna Grand Prix,5.0,NOR,1.818
Emilia Romagna Grand Prix,5.0,LEC,3.084
Emilia Romagna Grand Prix,5.0,PIA,4.737
Emilia Romagna Grand Prix,5.0,SAI,4.08
Emilia Romagna Grand Prix,5.0,HAM,7.679
Emilia Romagna Grand Prix,5.0,RUS,6.5440000000000005
Emilia Romagna Grand Prix,5.0,PER,11.868
Emilia Romagna Grand Prix,5.0,STR,14.793
Emilia Romagna Grand Prix,5.0,TSU,10.863
Emilia Romagna Grand Prix,5.0,HUL,10.146
Emilia Romagna Grand Prix,5.0,MAG,17.386
Emilia Romagna Grand Prix,5.0,RIC,12.913
Emilia Romagna Grand Prix,5.0,OCO,13.904
Emilia Romagna Grand Prix,5.0,ZHO,19.295
Emilia Romagna Grand Prix,5.0,GAS,16.77
Emilia Romagna Grand Prix,5.0,SAR,20.04
Emilia Romagna Grand Prix,5.0,BOT,18.485
Emilia Romagna Grand Prix,5.0,ALO,20.858
Emilia Romagna Grand Prix,5.0,ALB,15.96
Emilia Romagna Grand Prix,6.0,VER,0.0
Emilia Romagna Grand Prix,6.0,NOR,1.859
Emilia Romagna Grand Prix,6.0,LEC,3.259
Emilia Romagna Grand Prix,6.0,PIA,5.176
Emilia Romagna Grand Prix,6.0,SAI,4.372
Emilia Romagna Grand Prix,6.0,HAM,8.38
Emilia Romagna Grand Prix,6.0,RUS,7.168
Emilia Romagna Grand Prix,6.0,PER,13.2
Emilia Romagna Grand Prix,6.0,STR,16.264
Emilia Romagna Grand Prix,6.0,TSU,12.235
Emilia Romagna Grand Prix,6.0,HUL,11.639
Emilia Romagna Grand Prix,6.0,MAG,18.755
Emilia Romagna Grand Prix,6.0,RIC,14.457
Emilia Romagna Grand Prix,6.0,OCO,15.472
Emilia Romagna Grand Prix,6.0,ZHO,21.074
Emilia Romagna Grand Prix,6.0,GAS,18.301
Emilia Romagna Grand Prix,6.0,SAR,21.927
Emilia Romagna Grand Prix,6.0,BOT,20.032
Emilia Romagna Grand Prix,6.0,ALO,22.752
Emilia Romagna Grand Prix,6.0,ALB,17.564
Emilia Romagna Grand Prix,7.0,VER,0.0
Emilia Romagna Grand Prix,7.0,NOR,1.9140000000000001
Emilia Romagna Grand Prix,7.0,LEC,3.416
Emilia Romagna Grand Prix,7.0,PIA,5.388
Emilia Romagna Grand Prix,7.0,SAI,4.74
Emilia Romagna Grand Prix,7.0,HAM,8.958
Emilia Romagna Grand Prix,7.0,RUS,7.567
Emilia Romagna Grand Prix,7.0,PER,14.973
Emilia Romagna Grand Prix,7.0,STR,17.931
Emilia Romagna Grand Prix,7.0,TSU,14.039
Emilia Romagna Grand Prix,7.0,HUL,13.131
Emilia Romagna Grand Prix,7.0,MAG,20.407
Emilia Romagna Grand Prix,7.0,RIC,16.017
Emilia Romagna Grand Prix,7.0,OCO,17.166
Emilia Romagna Grand Prix,7.0,ZHO,23.177
Emilia Romagna Grand Prix,7.0,GAS,19.872
Emilia Romagna Grand Prix,7.0,SAR,24.037
Emilia Romagna Grand Prix,7.0,BOT,21.732
Emilia Romagna Grand Prix,7.0,ALO,29.332
Emilia Romagna Grand Prix,7.0,ALB,19.191
Emilia Romagna Grand Prix,8.0,VER,0.0
Emilia Romagna Grand Prix,8.0,NOR,2.149
Emilia Romagna Grand Prix,8.0,LEC,3.77
Emilia Romagna Grand Prix,8.0,PIA,6.149
Emilia Romagna Grand Prix,8.0,SAI,5.409
Emilia Romagna Grand Prix,8.0,HAM,9.789
Emilia Romagna Grand Prix,8.0,RUS,8.18
Emilia Romagna Grand Prix,8.0,PER,16.549
Emilia Romagna Grand Prix,8.0,STR,19.561
Emilia Romagna Grand Prix,8.0,TSU,15.415
Emilia Romagna Grand Prix,8.0,HUL,14.517
Emilia Romagna Grand Prix,8.0,MAG,22.056
Emilia Romagna Grand Prix,8.0,RIC,17.629
Emilia Romagna Grand Prix,8.0,OCO,18.828
Emilia Romagna Grand Prix,8.0,ZHO,25.213
Emilia Romagna Grand Prix,8.0,GAS,26.055
Emilia Romagna Grand Prix,8.0,SAR,26.051
Emilia Romagna Grand Prix,8.0,BOT,28.235
Emilia Romagna Grand Prix,8.0,ALO,54.45
Emilia Romagna Grand Prix,8.0,ALB,25.072
Emilia Romagna Grand Prix,9.0,VER,0.0
Emilia Romagna Grand Prix,9.0,NOR,2.658
Emilia Romagna Grand Prix,9.0,LEC,4.442
Emilia Romagna Grand Prix,9.0,PIA,7.114
Emilia Romagna Grand Prix,9.0,SAI,6.359
Emilia Romagna Grand Prix,9.0,HAM,10.756
Emilia Romagna Grand Prix,9.0,RUS,9.228
Emilia Romagna Grand Prix,9.0,PER,18.597
Emilia Romagna Grand Prix,9.0,STR,21.587
Emilia Romagna Grand Prix,9.0,TSU,17.088
Emilia Romagna Grand Prix,9.0,HUL,16.149
Emilia Romagna Grand Prix,9.0,MAG,23.833
Emilia Romagna Grand Prix,9.0,RIC,19.539
Emilia Romagna Grand Prix,9.0,OCO,21.0
Emilia Romagna Grand Prix,9.0,ZHO,27.823
Emilia Romagna Grand Prix,9.0,GAS,50.815
Emilia Romagna Grand Prix,9.0,SAR,28.776
Emilia Romagna Grand Prix,9.0,BOT,53.528
Emilia Romagna Grand Prix,9.0,ALO,55.623
Emilia Romagna Grand Prix,9.0,ALB,107.509
Emilia Romagna Grand Prix,10.0,VER,0.0
Emilia Romagna Grand Prix,10.0,NOR,2.8369999999999997
Emilia Romagna Grand Prix,10.0,LEC,4.736
Emilia Romagna Grand Prix,10.0,PIA,7.607
Emilia Romagna Grand Prix,10.0,SAI,6.852
Emilia Romagna Grand Prix,10.0,HAM,11.207
Emilia Romagna Grand Prix,10.0,RUS,9.731
Emilia Romagna Grand Prix,10.0,PER,20.049
Emilia Romagna Grand Prix,10.0,STR,22.727
Emilia Romagna Grand Prix,10.0,TSU,18.508
Emilia Romagna Grand Prix,10.0,HUL,17.594
Emilia Romagna Grand Prix,10.0,MAG,25.753
Emilia Romagna Grand Prix,10.0,RIC,20.94
Emilia Romagna Grand Prix,10.0,OCO,23.709
Emilia Romagna Grand Prix,10.0,ZHO,29.861
Emilia Romagna Grand Prix,10.0,GAS,51.093
Emilia Romagna Grand Prix,10.0,SAR,30.922
Emilia Romagna Grand Prix,10.0,BOT,53.964
Emilia Romagna Grand Prix,10.0,ALO,56.022
Emilia Romagna Grand Prix,10.0,ALB,139.792
Emilia Romagna Grand Prix,11.0,VER,0.0
Emilia Romagna Grand Prix,11.0,NOR,3.153
Emilia Romagna Grand Prix,11.0,LEC,4.998
Emilia Romagna Grand Prix,11.0,PIA,7.913
Emilia Romagna Grand Prix,11.0,SAI,7.283
Emilia Romagna Grand Prix,11.0,HAM,11.794
Emilia Romagna Grand Prix,11.0,RUS,10.312
Emilia Romagna Grand Prix,11.0,PER,21.292
Emilia Romagna Grand Prix,11.0,STR,24.209
Emilia Romagna Grand Prix,11.0,TSU,20.07
Emilia Romagna Grand Prix,11.0,HUL,19.225
Emilia Romagna Grand Prix,11.0,MAG,27.726
Emilia Romagna Grand Prix,11.0,RIC,27.143
Emilia Romagna Grand Prix,11.0,OCO,25.569
Emilia Romagna Grand Prix,11.0,ZHO,31.85
Emilia Romagna Grand Prix,11.0,GAS,51.71
Emilia Romagna Grand Prix,11.0,SAR,33.248
Emilia Romagna Grand Prix,11.0,BOT,54.534
Emilia Romagna Grand Prix,11.0,ALO,56.817
Emilia Romagna Grand Prix,11.0,ALB,140.625
Emilia Romagna Grand Prix,12.0,VER,0.0
Emilia Romagna Grand Prix,12.0,NOR,3.304
Emilia Romagna Grand Prix,12.0,LEC,5.06
Emilia Romagna Grand Prix,12.0,PIA,8.736
Emilia Romagna Grand Prix,12.0,SAI,7.896
Emilia Romagna Grand Prix,12.0,HAM,12.263
Emilia Romagna Grand Prix,12.0,RUS,10.845
Emilia Romagna Grand Prix,12.0,PER,22.452
Emilia Romagna Grand Prix,12.0,STR,25.337
Emilia Romagna Grand Prix,12.0,TSU,25.538
Emilia Romagna Grand Prix,12.0,HUL,20.509
Emilia Romagna Grand Prix,12.0,MAG,29.366
Emilia Romagna Grand Prix,12.0,RIC,50.634
Emilia Romagna Grand Prix,12.0,OCO,27.324
Emilia Romagna Grand Prix,12.0,ZHO,33.755
Emilia Romagna Grand Prix,12.0,GAS,52.329
Emilia Romagna Grand Prix,12.0,SAR,35.31
Emilia Romagna Grand Prix,12.0,BOT,55.218
Emilia Romagna Grand Prix,12.0,ALO,57.258
Emilia Romagna Grand Prix,12.0,ALB,140.896
Emilia Romagna Grand Prix,13.0,VER,0.0
Emilia Romagna Grand Prix,13.0,NOR,3.966
Emilia Romagna Grand Prix,13.0,LEC,5.429
Emilia Romagna Grand Prix,13.0,PIA,9.551
Emilia Romagna Grand Prix,13.0,SAI,8.57
Emilia Romagna Grand Prix,13.0,HAM,12.957
Emilia Romagna Grand Prix,13.0,RUS,11.639
Emilia Romagna Grand Prix,13.0,PER,23.738
Emilia Romagna Grand Prix,13.0,STR,26.841
Emilia Romagna Grand Prix,13.0,TSU,48.072
Emilia Romagna Grand Prix,13.0,HUL,26.418
Emilia Romagna Grand Prix,13.0,MAG,31.248
Emilia Romagna Grand Prix,13.0,RIC,51.13
Emilia Romagna Grand Prix,13.0,OCO,29.158
Emilia Romagna Grand Prix,13.0,ZHO,35.749
Emilia Romagna Grand Prix,13.0,GAS,53.263
Emilia Romagna Grand Prix,13.0,SAR,37.818
Emilia Romagna Grand Prix,13.0,BOT,55.75
Emilia Romagna Grand Prix,13.0,ALO,57.829
Emilia Romagna Grand Prix,13.0,ALB,141.314
Emilia Romagna Grand Prix,14.0,VER,0.0
Emilia Romagna Grand Prix,14.0,NOR,4.7
Emilia Romagna Grand Prix,14.0,LEC,6.108
Emilia Romagna Grand Prix,14.0,PIA,10.222
Emilia Romagna Grand Prix,14.0,SAI,9.226
Emilia Romagna Grand Prix,14.0,HAM,14.055
Emilia Romagna Grand Prix,14.0,RUS,12.475
Emilia Romagna Grand Prix,14.0,PER,24.584
Emilia Romagna Grand Prix,14.0,STR,28.318
Emilia Romagna Grand Prix,14.0,TSU,48.026
Emilia Romagna Grand Prix,14.0,HUL,49.789
Emilia Romagna Grand Prix,14.0,MAG,33.356
Emilia Romagna Grand Prix,14.0,RIC,52.402
Emilia Romagna Grand Prix,14.0,OCO,31.037
Emilia Romagna Grand Prix,14.0,ZHO,37.569
Emilia Romagna Grand Prix,14.0,GAS,54.12
Emilia Romagna Grand Prix,14.0,SAR,39.848
Emilia Romagna Grand Prix,14.0,BOT,56.5
Emilia Romagna Grand Prix,14.0,ALO,58.537
Emilia Romagna Grand Prix,14.0,ALB,142.171
Emilia Romagna Grand Prix,15.0,VER,0.0
Emilia Romagna Grand Prix,15.0,NOR,5.043
Emilia Romagna Grand Prix,15.0,LEC,6.249
Emilia Romagna Grand Prix,15.0,PIA,10.578
Emilia Romagna Grand Prix,15.0,SAI,9.513
Emilia Romagna Grand Prix,15.0,HAM,14.461
Emilia Romagna Grand Prix,15.0,RUS,12.996
Emilia Romagna Grand Prix,15.0,PER,24.943
Emilia Romagna Grand Prix,15.0,STR,29.337
Emilia Romagna Grand Prix,15.0,TSU,48.464
Emilia Romagna Grand Prix,15.0,HUL,50.384
Emilia Romagna Grand Prix,15.0,MAG,35.248
Emilia Romagna Grand Prix,15.0,RIC,53.084
Emilia Romagna Grand Prix,15.0,OCO,32.72
Emilia Romagna Grand Prix,15.0,ZHO,39.078
Emilia Romagna Grand Prix,15.0,GAS,54.752
Emilia Romagna Grand Prix,15.0,SAR,41.563
Emilia Romagna Grand Prix,15.0,BOT,57.159
Emilia Romagna Grand Prix,15.0,ALO,59.144
Emilia Romagna Grand Prix,15.0,ALB,142.621
Emilia Romagna Grand Prix,16.0,VER,0.0
Emilia Romagna Grand Prix,16.0,NOR,5.204
Emilia Romagna Grand Prix,16.0,LEC,6.851
Emilia Romagna Grand Prix,16.0,PIA,10.95
Emilia Romagna Grand Prix,16.0,SAI,9.822
Emilia Romagna Grand Prix,16.0,HAM,15.298
Emilia Romagna Grand Prix,16.0,RUS,13.401
Emilia Romagna Grand Prix,16.0,PER,25.418
Emilia Romagna Grand Prix,16.0,STR,30.346
Emilia Romagna Grand Prix,16.0,TSU,48.737
Emilia Romagna Grand Prix,16.0,HUL,50.778
Emilia Romagna Grand Prix,16.0,MAG,37.021
Emilia Romagna Grand Prix,16.0,RIC,53.734
Emilia Romagna Grand Prix,16.0,OCO,34.407
Emilia Romagna Grand Prix,16.0,ZHO,40.505
Emilia Romagna Grand Prix,16.0,GAS,55.542
Emilia Romagna Grand Prix,16.0,SAR,43.14
Emilia Romagna Grand Prix,16.0,BOT,57.693
Emilia Romagna Grand Prix,16.0,ALO,59.633
Emilia Romagna Grand Prix,16.0,ALB,143.403
Emilia Romagna Grand Prix,17.0,VER,0.0
Emilia Romagna Grand Prix,17.0,NOR,5.441
Emilia Romagna Grand Prix,17.0,LEC,7.237
Emilia Romagna Grand Prix,17.0,PIA,11.534
Emilia Romagna Grand Prix,17.0,SAI,10.667
Emilia Romagna Grand Prix,17.0,HAM,15.816
Emilia Romagna Grand Prix,17.0,RUS,14.064
Emilia Romagna Grand Prix,17.0,PER,30.89
Emilia Romagna Grand Prix,17.0,STR,31.812
Emilia Romagna Grand Prix,17.0,TSU,49.264
Emilia Romagna Grand Prix,17.0,HUL,51.524
Emilia Romagna Grand Prix,17.0,MAG,39.27
Emilia Romagna Grand Prix,17.0,RIC,54.664
Emilia Romagna Grand Prix,17.0,OCO,36.139
Emilia Romagna Grand Prix,17.0,ZHO,42.21
Emilia Romagna Grand Prix,17.0,GAS,56.605
Emilia Romagna Grand Prix,17.0,SAR,44.963
Emilia Romagna Grand Prix,17.0,BOT,58.833
Emilia Romagna Grand Prix,17.0,ALO,60.955
Emilia Romagna Grand Prix,17.0,ALB,144.485
Emilia Romagna Grand Prix,18.0,VER,0.0
Emilia Romagna Grand Prix,18.0,NOR,5.647
Emilia Romagna Grand Prix,18.0,LEC,7.545
Emilia Romagna Grand Prix,18.0,PIA,11.99
Emilia Romagna Grand Prix,18.0,SAI,10.994
Emilia Romagna Grand Prix,18.0,HAM,16.425
Emilia Romagna Grand Prix,18.0,RUS,14.861
Emilia Romagna Grand Prix,18.0,PER,31.914
Emilia Romagna Grand Prix,18.0,STR,33.448
Emilia Romagna Grand Prix,18.0,TSU,49.802
Emilia Romagna Grand Prix,18.0,HUL,52.199
Emilia Romagna Grand Prix,18.0,MAG,41.197
Emilia Romagna Grand Prix,18.0,RIC,55.284
Emilia Romagna Grand Prix,18.0,OCO,37.81
Emilia Romagna Grand Prix,18.0,ZHO,43.905
Emilia Romagna Grand Prix,18.0,GAS,57.613
Emilia Romagna Grand Prix,18.0,SAR,46.915
Emilia Romagna Grand Prix,18.0,BOT,59.782
Emilia Romagna Grand Prix,18.0,ALO,61.934
Emilia Romagna Grand Prix,18.0,ALB,145.321
Emilia Romagna Grand Prix,19.0,VER,0.0
Emilia Romagna Grand Prix,19.0,NOR,5.923
Emilia Romagna Grand Prix,19.0,LEC,7.7
Emilia Romagna Grand Prix,19.0,PIA,12.515
Emilia Romagna Grand Prix,19.0,SAI,11.59
Emilia Romagna Grand Prix,19.0,HAM,16.882
Emilia Romagna Grand Prix,19.0,RUS,15.374
Emilia Romagna Grand Prix,19.0,PER,32.251
Emilia Romagna Grand Prix,19.0,STR,34.702
Emilia Romagna Grand Prix,19.0,TSU,50.447
Emilia Romagna Grand Prix,19.0,HUL,53.306
Emilia Romagna Grand Prix,19.0,MAG,42.951
Emilia Romagna Grand Prix,19.0,RIC,55.991
Emilia Romagna Grand Prix,19.0,OCO,39.472
Emilia Romagna Grand Prix,19.0,ZHO,45.567
Emilia Romagna Grand Prix,19.0,GAS,58.327
Emilia Romagna Grand Prix,19.0,SAR,48.869
Emilia Romagna Grand Prix,19.0,BOT,60.548
Emilia Romagna Grand Prix,19.0,ALO,63.103
Emilia Romagna Grand Prix,19.0,ALB,146.383
Emilia Romagna Grand Prix,20.0,VER,0.0
Emilia Romagna Grand Prix,20.0,NOR,6.256
Emilia Romagna Grand Prix,20.0,LEC,7.907
Emilia Romagna Grand Prix,20.0,PIA,12.818
Emilia Romagna Grand Prix,20.0,SAI,12.065
Emilia Romagna Grand Prix,20.0,HAM,17.554
Emilia Romagna Grand Prix,20.0,RUS,16.039
Emilia Romagna Grand Prix,20.0,PER,32.969
Emilia Romagna Grand Prix,20.0,STR,35.768
Emilia Romagna Grand Prix,20.0,TSU,51.35
Emilia Romagna Grand Prix,20.0,HUL,54.065
Emilia Romagna Grand Prix,20.0,MAG,44.251
Emilia Romagna Grand Prix,20.0,RIC,56.454
Emilia Romagna Grand Prix,20.0,OCO,41.078
Emilia Romagna Grand Prix,20.0,ZHO,47.224
Emilia Romagna Grand Prix,20.0,GAS,59.01
Emilia Romagna Grand Prix,20.0,SAR,50.49
Emilia Romagna Grand Prix,20.0,BOT,61.237
Emilia Romagna Grand Prix,20.0,ALO,64.462
Emilia Romagna Grand Prix,20.0,ALB,146.558
Emilia Romagna Grand Prix,21.0,VER,0.0
Emilia Romagna Grand Prix,21.0,NOR,6.503
Emilia Romagna Grand Prix,21.0,LEC,7.968
Emilia Romagna Grand Prix,21.0,PIA,13.422
Emilia Romagna Grand Prix,21.0,SAI,12.463
Emilia Romagna Grand Prix,21.0,HAM,18.221
Emilia Romagna Grand Prix,21.0,RUS,21.311
Emilia Romagna Grand Prix,21.0,PER,33.301
Emilia Romagna Grand Prix,21.0,STR,36.742
Emilia Romagna Grand Prix,21.0,TSU,52.683
Emilia Romagna Grand Prix,21.0,HUL,54.675
Emilia Romagna Grand Prix,21.0,MAG,45.329
Emilia Romagna Grand Prix,21.0,RIC,57.067
Emilia Romagna Grand Prix,21.0,OCO,42.689
Emilia Romagna Grand Prix,21.0,ZHO,48.833
Emilia Romagna Grand Prix,21.0,GAS,59.842
Emilia Romagna Grand Prix,21.0,SAR,52.137
Emilia Romagna Grand Prix,21.0,BOT,61.86
Emilia Romagna Grand Prix,21.0,ALO,67.193
Emilia Romagna Grand Prix,21.0,ALB,147.285
Emilia Romagna Grand Prix,22.0,VER,0.0
Emilia Romagna Grand Prix,22.0,NOR,10.847
Emilia Romagna Grand Prix,22.0,LEC,8.223
Emilia Romagna Grand Prix,22.0,PIA,13.528
Emilia Romagna Grand Prix,22.0,SAI,12.626
Emilia Romagna Grand Prix,22.0,HAM,18.304
Emilia Romagna Grand Prix,22.0,RUS,44.486
Emilia Romagna Grand Prix,22.0,PER,33.409
Emilia Romagna Grand Prix,22.0,STR,37.676
Emilia Romagna Grand Prix,22.0,TSU,54.242
Emilia Romagna Grand Prix,22.0,HUL,55.324
Emilia Romagna Grand Prix,22.0,MAG,46.579
Emilia Romagna Grand Prix,22.0,RIC,57.704
Emilia Romagna Grand Prix,22.0,OCO,44.302
Emilia Romagna Grand Prix,22.0,ZHO,50.331
Emilia Romagna Grand Prix,22.0,GAS,60.375
Emilia Romagna Grand Prix,22.0,SAR,53.661
Emilia Romagna Grand Prix,22.0,BOT,62.533
Emilia Romagna Grand Prix,22.0,ALO,68.798
Emilia Romagna Grand Prix,22.0,ALB,147.792
Emilia Romagna Grand Prix,23.0,VER,0.0
Emilia Romagna Grand Prix,23.0,NOR,33.552
Emilia Romagna Grand Prix,23.0,LEC,8.178
Emilia Romagna Grand Prix,23.0,PIA,17.76
Emilia Romagna Grand Prix,23.0,SAI,12.45
Emilia Romagna Grand Prix,23.0,HAM,17.877
Emilia Romagna Grand Prix,23.0,RUS,43.167
Emilia Romagna Grand Prix,23.0,PER,33.391
Emilia Romagna Grand Prix,23.0,STR,38.232
Emilia Romagna Grand Prix,23.0,TSU,55.647
Emilia Romagna Grand Prix,23.0,HUL,56.219
Emilia Romagna Grand Prix,23.0,MAG,47.352
Emilia Romagna Grand Prix,23.0,RIC,58.361
Emilia Romagna Grand Prix,23.0,OCO,45.923
Emilia Romagna Grand Prix,23.0,ZHO,51.363
Emilia Romagna Grand Prix,23.0,GAS,61.001
Emilia Romagna Grand Prix,23.0,SAR,54.626
Emilia Romagna Grand Prix,23.0,BOT,62.879
Emilia Romagna Grand Prix,23.0,ALO,69.748
Emilia Romagna Grand Prix,23.0,ALB,152.782
Emilia Romagna Grand Prix,24.0,VER,0.0
Emilia Romagna Grand Prix,24.0,NOR,27.808
Emilia Romagna Grand Prix,24.0,LEC,3.566
Emilia Romagna Grand Prix,24.0,PIA,34.812
Emilia Romagna Grand Prix,24.0,SAI,8.011
Emilia Romagna Grand Prix,24.0,HAM,14.01
Emilia Romagna Grand Prix,24.0,RUS,37.93
Emilia Romagna Grand Prix,24.0,PER,29.863
Emilia Romagna Grand Prix,24.0,STR,34.612
Emilia Romagna Grand Prix,24.0,TSU,52.008
Emilia Romagna Grand Prix,24.0,HUL,53.109
Emilia Romagna Grand Prix,24.0,MAG,44.079
Emilia Romagna Grand Prix,24.0,RIC,54.607
Emilia Romagna Grand Prix,24.0,OCO,42.753
Emilia Romagna Grand Prix,24.0,ZHO,48.172
Emilia Romagna Grand Prix,24.0,GAS,57.307
Emilia Romagna Grand Prix,24.0,SAR,51.401
Emilia Romagna Grand Prix,24.0,BOT,59.256
Emilia Romagna Grand Prix,24.0,ALO,66.497
Emilia Romagna Grand Prix,24.0,ALB,180.905
Emilia Romagna Grand Prix,25.0,VER,14.123
Emilia Romagna Grand Prix,25.0,NOR,19.306
Emilia Romagna Grand Prix,25.0,LEC,0.11
Emilia Romagna Grand Prix,25.0,PIA,25.24
Emilia Romagna Grand Prix,25.0,SAI,0.0
Emilia Romagna Grand Prix,25.0,HAM,6.023
Emilia Romagna Grand Prix,25.0,RUS,29.402
Emilia Romagna Grand Prix,25.0,PER,22.612
Emilia Romagna Grand Prix,25.0,STR,28.144
Emilia Romagna Grand Prix,25.0,TSU,45.602
Emilia Romagna Grand Prix,25.0,HUL,46.393
Emilia Romagna Grand Prix,25.0,MAG,37.896
Emilia Romagna Grand Prix,25.0,RIC,47.809
Emilia Romagna Grand Prix,25.0,OCO,41.155
Emilia Romagna Grand Prix,25.0,ZHO,42.053
Emilia Romagna Grand Prix,25.0,GAS,50.435
Emilia Romagna Grand Prix,25.0,SAR,45.17
Emilia Romagna Grand Prix,25.0,BOT,52.382
Emilia Romagna Grand Prix,25.0,ALO,59.971
Emilia Romagna Grand Prix,25.0,ALB,177.07
Emilia Romagna Grand Prix,26.0,VER,13.017
Emilia Romagna Grand Prix,26.0,NOR,18.617
Emilia Romagna Grand Prix,26.0,LEC,23.528
Emilia Romagna Grand Prix,26.0,PIA,24.229
Emilia Romagna Grand Prix,26.0,SAI,0.0
Emilia Romagna Grand Prix,26.0,HAM,10.781
Emilia Romagna Grand Prix,26.0,RUS,29.469
Emilia Romagna Grand Prix,26.0,PER,23.4
Emilia Romagna Grand Prix,26.0,STR,29.088
Emilia Romagna Grand Prix,26.0,TSU,46.189
Emilia Romagna Grand Prix,26.0,HUL,47.474
Emilia Romagna Grand Prix,26.0,MAG,39.17
Emilia Romagna Grand Prix,26.0,RIC,49.466
Emilia Romagna Grand Prix,26.0,OCO,65.092
Emilia Romagna Grand Prix,26.0,ZHO,43.506
Emilia Romagna Grand Prix,26.0,GAS,51.604
Emilia Romagna Grand Prix,26.0,SAR,48.936
Emilia Romagna Grand Prix,26.0,BOT,53.449
Emilia Romagna Grand Prix,26.0,ALO,61.294
Emilia Romagna Grand Prix,26.0,ALB,177.686
Emilia Romagna Grand Prix,27.0,VER,7.61
Emilia Romagna Grand Prix,27.0,NOR,13.296
Emilia Romagna Grand Prix,27.0,LEC,17.113
Emilia Romagna Grand Prix,27.0,PIA,18.664
Emilia Romagna Grand Prix,27.0,SAI,0.0
Emilia Romagna Grand Prix,27.0,HAM,10.646
Emilia Romagna Grand Prix,27.0,RUS,23.855
Emilia Romagna Grand Prix,27.0,PER,20.823
Emilia Romagna Grand Prix,27.0,STR,26.171
Emilia Romagna Grand Prix,27.0,TSU,42.23
Emilia Romagna Grand Prix,27.0,HUL,43.446
Emilia Romagna Grand Prix,27.0,MAG,35.758
Emilia Romagna Grand Prix,27.0,RIC,46.622
Emilia Romagna Grand Prix,27.0,OCO,60.576
Emilia Romagna Grand Prix,27.0,ZHO,40.085
Emilia Romagna Grand Prix,27.0,GAS,47.975
Emilia Romagna Grand Prix,27.0,SAR,46.084
Emilia Romagna Grand Prix,27.0,BOT,49.682
Emilia Romagna Grand Prix,27.0,ALO,57.701
Emilia Romagna Grand Prix,27.0,ALB,173.463
Emilia Romagna Grand Prix,28.0,VER,0.0
Emilia Romagna Grand Prix,28.0,NOR,6.054
Emilia Romagna Grand Prix,28.0,LEC,9.722
Emilia Romagna Grand Prix,28.0,PIA,10.943999999999999
Emilia Romagna Grand Prix,28.0,SAI,15.809
Emilia Romagna Grand Prix,28.0,HAM,25.733
Emilia Romagna Grand Prix,28.0,RUS,17.164
Emilia Romagna Grand Prix,28.0,PER,14.735
Emilia Romagna Grand Prix,28.0,STR,20.663
Emilia Romagna Grand Prix,28.0,TSU,36.434
Emilia Romagna Grand Prix,28.0,HUL,37.871
Emilia Romagna Grand Prix,28.0,MAG,30.572
Emilia Romagna Grand Prix,28.0,RIC,41.594
Emilia Romagna Grand Prix,28.0,OCO,54.313
Emilia Romagna Grand Prix,28.0,ZHO,34.687
Emilia Romagna Grand Prix,28.0,GAS,42.765
Emilia Romagna Grand Prix,28.0,SAR,40.999
Emilia Romagna Grand Prix,28.0,BOT,44.332
Emilia Romagna Grand Prix,28.0,ALO,52.309
Emilia Romagna Grand Prix,28.0,ALB,173.4
Emilia Romagna Grand Prix,29.0,VER,0.0
Emilia Romagna Grand Prix,29.0,NOR,6.372
Emilia Romagna Grand Prix,29.0,LEC,9.609
Emilia Romagna Grand Prix,29.0,PIA,10.642
Emilia Romagna Grand Prix,29.0,SAI,16.791
Emilia Romagna Grand Prix,29.0,HAM,25.711
Emilia Romagna Grand Prix,29.0,RUS,17.993
Emilia Romagna Grand Prix,29.0,PER,16.467
Emilia Romagna Grand Prix,29.0,STR,22.679
Emilia Romagna Grand Prix,29.0,TSU,38.412
Emilia Romagna Grand Prix,29.0,HUL,40.085
Emilia Romagna Grand Prix,29.0,MAG,33.114
Emilia Romagna Grand Prix,29.0,RIC,44.3
Emilia Romagna Grand Prix,29.0,OCO,55.959
Emilia Romagna Grand Prix,29.0,ZHO,37.19
Emilia Romagna Grand Prix,29.0,GAS,45.701
Emilia Romagna Grand Prix,29.0,SAR,43.82
Emilia Romagna Grand Prix,29.0,BOT,46.856
Emilia Romagna Grand Prix,29.0,ALO,54.607
Emilia Romagna Grand Prix,29.0,ALB,199.801
Emilia Romagna Grand Prix,30.0,VER,0.0
Emilia Romagna Grand Prix,30.0,NOR,6.521
Emilia Romagna Grand Prix,30.0,LEC,9.464
Emilia Romagna Grand Prix,30.0,PIA,10.649000000000001
Emilia Romagna Grand Prix,30.0,SAI,16.868
Emilia Romagna Grand Prix,30.0,HAM,25.726
Emilia Romagna Grand Prix,30.0,RUS,19.52
Emilia Romagna Grand Prix,30.0,PER,19.159
Emilia Romagna Grand Prix,30.0,STR,24.757
Emilia Romagna Grand Prix,30.0,TSU,40.733
Emilia Romagna Grand Prix,30.0,HUL,42.246
Emilia Romagna Grand Prix,30.0,MAG,35.604
Emilia Romagna Grand Prix,30.0,RIC,47.799
Emilia Romagna Grand Prix,30.0,OCO,57.945
Emilia Romagna Grand Prix,30.0,ZHO,39.736
Emilia Romagna Grand Prix,30.0,GAS,53.093
Emilia Romagna Grand Prix,30.0,SAR,47.275
Emilia Romagna Grand Prix,30.0,BOT,49.561
Emilia Romagna Grand Prix,30.0,ALO,56.932
Emilia Romagna Grand Prix,30.0,ALB,200.584
Emilia Romagna Grand Prix,31.0,VER,0.0
Emilia Romagna Grand Prix,31.0,NOR,6.604
Emilia Romagna Grand Prix,31.0,LEC,9.863
Emilia Romagna Grand Prix,31.0,PIA,10.832
Emilia Romagna Grand Prix,31.0,SAI,16.975
Emilia Romagna Grand Prix,31.0,HAM,26.918
Emilia Romagna Grand Prix,31.0,RUS,20.492
Emilia Romagna Grand Prix,31.0,PER,22.308
Emilia Romagna Grand Prix,31.0,STR,28.133
Emilia Romagna Grand Prix,31.0,TSU,43.325
Emilia Romagna Grand Prix,31.0,HUL,44.711
Emilia Romagna Grand Prix,31.0,MAG,38.343
Emilia Romagna Grand Prix,31.0,RIC,50.943
Emilia Romagna Grand Prix,31.0,OCO,59.989
Emilia Romagna Grand Prix,31.0,ZHO,42.517
Emilia Romagna Grand Prix,31.0,GAS,77.217
Emilia Romagna Grand Prix,31.0,SAR,54.945
Emilia Romagna Grand Prix,31.0,BOT,51.878
Emilia Romagna Grand Prix,31.0,ALO,58.944
Emilia Romagna Grand Prix,31.0,ALB,201.988
Emilia Romagna Grand Prix,32.0,VER,0.0
Emilia Romagna Grand Prix,32.0,NOR,6.814
Emilia Romagna Grand Prix,32.0,LEC,9.795
Emilia Romagna Grand Prix,32.0,PIA,10.958
Emilia Romagna Grand Prix,32.0,SAI,16.898
Emilia Romagna Grand Prix,32.0,HAM,27.365
Emilia Romagna Grand Prix,32.0,RUS,20.895
Emilia Romagna Grand Prix,32.0,PER,23.854
Emilia Romagna Grand Prix,32.0,STR,30.374
Emilia Romagna Grand Prix,32.0,TSU,46.149
Emilia Romagna Grand Prix,32.0,HUL,47.254
Emilia Romagna Grand Prix,32.0,MAG,41.658
Emilia Romagna Grand Prix,32.0,RIC,52.083
Emilia Romagna Grand Prix,32.0,OCO,61.73
Emilia Romagna Grand Prix,32.0,ZHO,45.61
Emilia Romagna Grand Prix,32.0,GAS,77.911
Emilia Romagna Grand Prix,32.0,SAR,82.444
Emilia Romagna Grand Prix,32.0,BOT,53.838
Emilia Romagna Grand Prix,32.0,ALO,60.919
Emilia Romagna Grand Prix,32.0,ALB,203.092
Emilia Romagna Grand Prix,33.0,VER,0.0
Emilia Romagna Grand Prix,33.0,NOR,6.437
Emilia Romagna Grand Prix,33.0,LEC,9.243
Emilia Romagna Grand Prix,33.0,PIA,10.518
Emilia Romagna Grand Prix,33.0,SAI,16.481
Emilia Romagna Grand Prix,33.0,HAM,27.166
Emilia Romagna Grand Prix,33.0,RUS,20.688
Emilia Romagna Grand Prix,33.0,PER,24.925
Emilia Romagna Grand Prix,33.0,STR,31.881
Emilia Romagna Grand Prix,33.0,TSU,47.485
Emilia Romagna Grand Prix,33.0,HUL,49.674
Emilia Romagna Grand Prix,33.0,MAG,43.724
Emilia Romagna Grand Prix,33.0,RIC,53.203
Emilia Romagna Grand Prix,33.0,OCO,62.939
Emilia Romagna Grand Prix,33.0,ZHO,53.897
Emilia Romagna Grand Prix,33.0,GAS,78.403
Emilia Romagna Grand Prix,33.0,SAR,82.763
Emilia Romagna Grand Prix,33.0,BOT,55.725
Emilia Romagna Grand Prix,33.0,ALO,62.354
Emilia Romagna Grand Prix,33.0,ALB,203.8
Emilia Romagna Grand Prix,34.0,VER,0.0
Emilia Romagna Grand Prix,34.0,NOR,6.453
Emilia Romagna Grand Prix,34.0,LEC,9.209
Emilia Romagna Grand Prix,34.0,PIA,10.718
Emilia Romagna Grand Prix,34.0,SAI,16.569
Emilia Romagna Grand Prix,34.0,HAM,27.37
Emilia Romagna Grand Prix,34.0,RUS,21.067
Emilia Romagna Grand Prix,34.0,PER,26.63
Emilia Romagna Grand Prix,34.0,STR,33.923
Emilia Romagna Grand Prix,34.0,TSU,49.296
Emilia Romagna Grand Prix,34.0,HUL,51.712
Emilia Romagna Grand Prix,34.0,MAG,46.186
Emilia Romagna Grand Prix,34.0,RIC,54.243
Emilia Romagna Grand Prix,34.0,OCO,65.396
Emilia Romagna Grand Prix,34.0,ZHO,78.307
Emilia Romagna Grand Prix,34.0,GAS,79.349
Emilia Romagna Grand Prix,34.0,SAR,83.61
Emilia Romagna Grand Prix,34.0,BOT,57.726
Emilia Romagna Grand Prix,34.0,ALO,64.724
Emilia Romagna Grand Prix,34.0,ALB,204.813
Emilia Romagna Grand Prix,35.0,VER,0.0
Emilia Romagna Grand Prix,35.0,NOR,6.34
Emilia Romagna Grand Prix,35.0,LEC,9.221
Emilia Romagna Grand Prix,35.0,PIA,10.831
Emilia Romagna Grand Prix,35.0,SAI,16.474
Emilia Romagna Grand Prix,35.0,HAM,28.735
Emilia Romagna Grand Prix,35.0,RUS,21.476
Emilia Romagna Grand Prix,35.0,PER,28.245
Emilia Romagna Grand Prix,35.0,STR,35.659
Emilia Romagna Grand Prix,35.0,TSU,50.829
Emilia Romagna Grand Prix,35.0,HUL,53.022
Emilia Romagna Grand Prix,35.0,MAG,48.331
Emilia Romagna Grand Prix,35.0,RIC,55.686
Emilia Romagna Grand Prix,35.0,OCO,67.505
Emilia Romagna Grand Prix,35.0,ZHO,78.824
Emilia Romagna Grand Prix,35.0,GAS,81.935
Emilia Romagna Grand Prix,35.0,SAR,84.371
Emilia Romagna Grand Prix,35.0,BOT,59.609
Emilia Romagna Grand Prix,35.0,ALO,66.707
Emilia Romagna Grand Prix,35.0,ALB,205.62
Emilia Romagna Grand Prix,36.0,VER,0.0
Emilia Romagna Grand Prix,36.0,NOR,6.292
Emilia Romagna Grand Prix,36.0,LEC,9.079
Emilia Romagna Grand Prix,36.0,PIA,10.811
Emilia Romagna Grand Prix,36.0,SAI,16.619
Emilia Romagna Grand Prix,36.0,HAM,31.089
Emilia Romagna Grand Prix,36.0,RUS,21.674
Emilia Romagna Grand Prix,36.0,PER,30.652
Emilia Romagna Grand Prix,36.0,STR,37.505
Emilia Romagna Grand Prix,36.0,TSU,52.794
Emilia Romagna Grand Prix,36.0,HUL,54.893
Emilia Romagna Grand Prix,36.0,MAG,50.802
Emilia Romagna Grand Prix,36.0,RIC,57.23
Emilia Romagna Grand Prix,36.0,OCO,69.165
Emilia Romagna Grand Prix,36.0,ZHO,81.197
Emilia Romagna Grand Prix,36.0,GAS,82.716
Emilia Romagna Grand Prix,36.0,SAR,85.296
Emilia Romagna Grand Prix,36.0,BOT,61.661
Emilia Romagna Grand Prix,36.0,ALO,68.711
Emilia Romagna Grand Prix,36.0,ALB,206.675
Emilia Romagna Grand Prix,37.0,VER,0.0
Emilia Romagna Grand Prix,37.0,NOR,6.522
Emilia Romagna Grand Prix,37.0,LEC,8.955
Emilia Romagna Grand Prix,37.0,PIA,10.914
Emilia Romagna Grand Prix,37.0,SAI,16.601
Emilia Romagna Grand Prix,37.0,HAM,31.353
Emilia Romagna Grand Prix,37.0,RUS,22.046
Emilia Romagna Grand Prix,37.0,PER,38.224
Emilia Romagna Grand Prix,37.0,STR,43.998
Emilia Romagna Grand Prix,37.0,TSU,55.002
Emilia Romagna Grand Prix,37.0,HUL,56.842
Emilia Romagna Grand Prix,37.0,MAG,58.0
Emilia Romagna Grand Prix,37.0,RIC,59.007
Emilia Romagna Grand Prix,37.0,OCO,69.985
Emilia Romagna Grand Prix,37.0,ZHO,81.729
Emilia Romagna Grand Prix,37.0,GAS,83.89
Emilia Romagna Grand Prix,37.0,SAR,87.776
Emilia Romagna Grand Prix,37.0,BOT,63.895
Emilia Romagna Grand Prix,37.0,ALO,72.065
Emilia Romagna Grand Prix,37.0,ALB,207.861
Emilia Romagna Grand Prix,38.0,VER,0.0
Emilia Romagna Grand Prix,38.0,NOR,6.614
Emilia Romagna Grand Prix,38.0,LEC,8.783
Emilia Romagna Grand Prix,38.0,PIA,11.047
Emilia Romagna Grand Prix,38.0,SAI,16.731
Emilia Romagna Grand Prix,38.0,HAM,31.533
Emilia Romagna Grand Prix,38.0,RUS,22.37
Emilia Romagna Grand Prix,38.0,PER,61.172
Emilia Romagna Grand Prix,38.0,STR,67.382
Emilia Romagna Grand Prix,38.0,TSU,56.711
Emilia Romagna Grand Prix,38.0,HUL,58.956
Emilia Romagna Grand Prix,38.0,MAG,83.622
Emilia Romagna Grand Prix,38.0,RIC,60.86
Emilia Romagna Grand Prix,38.0,OCO,71.681
Emilia Romagna Grand Prix,38.0,ZHO,82.912
Emilia Romagna Grand Prix,38.0,GAS,85.191
Emilia Romagna Grand Prix,38.0,SAR,90.499
Emilia Romagna Grand Prix,38.0,BOT,66.149
Emilia Romagna Grand Prix,38.0,ALO,74.604
Emilia Romagna Grand Prix,38.0,ALB,209.207
Emilia Romagna Grand Prix,39.0,VER,0.0
Emilia Romagna Grand Prix,39.0,NOR,6.658
Emilia Romagna Grand Prix,39.0,LEC,8.743
Emilia Romagna Grand Prix,39.0,PIA,11.301
Emilia Romagna Grand Prix,39.0,SAI,16.715
Emilia Romagna Grand Prix,39.0,HAM,31.663
Emilia Romagna Grand Prix,39.0,RUS,22.747
Emilia Romagna Grand Prix,39.0,PER,61.356
Emilia Romagna Grand Prix,39.0,STR,68.808
Emilia Romagna Grand Prix,39.0,TSU,58.591
Emilia Romagna Grand Prix,39.0,HUL,61.029
Emilia Romagna Grand Prix,39.0,MAG,84.56
Emilia Romagna Grand Prix,39.0,RIC,63.981
Emilia Romagna Grand Prix,39.0,OCO,73.273
Emilia Romagna Grand Prix,39.0,ZHO,83.945
Emilia Romagna Grand Prix,39.0,GAS,86.266
Emilia Romagna Grand Prix,39.0,SAR,93.037
Emilia Romagna Grand Prix,39.0,BOT,68.425
Emilia Romagna Grand Prix,39.0,ALO,76.96
Emilia Romagna Grand Prix,39.0,ALB,210.354
Emilia Romagna Grand Prix,40.0,VER,0.0
Emilia Romagna Grand Prix,40.0,NOR,7.038
Emilia Romagna Grand Prix,40.0,LEC,8.68
Emilia Romagna Grand Prix,40.0,PIA,11.657
Emilia Romagna Grand Prix,40.0,SAI,16.589
Emilia Romagna Grand Prix,40.0,HAM,31.855
Emilia Romagna Grand Prix,40.0,RUS,23.258
Emilia Romagna Grand Prix,40.0,PER,61.025
Emilia Romagna Grand Prix,40.0,STR,68.751
Emilia Romagna Grand Prix,40.0,TSU,60.285
Emilia Romagna Grand Prix,40.0,HUL,63.495
Emilia Romagna Grand Prix,40.0,MAG,86.322
Emilia Romagna Grand Prix,40.0,RIC,65.618
Emilia Romagna Grand Prix,40.0,OCO,74.668
Emilia Romagna Grand Prix,40.0,ZHO,85.214
Emilia Romagna Grand Prix,40.0,GAS,89.08
Emilia Romagna Grand Prix,40.0,SAR,93.727
Emilia Romagna Grand Prix,40.0,BOT,71.585
Emilia Romagna Grand Prix,40.0,ALO,83.815
Emilia Romagna Grand Prix,40.0,ALB,211.563
Emilia Romagna Grand Prix,41.0,VER,0.0
Emilia Romagna Grand Prix,41.0,NOR,7.465
Emilia Romagna Grand Prix,41.0,LEC,8.933
Emilia Romagna Grand Prix,41.0,PIA,11.948
Emilia Romagna Grand Prix,41.0,SAI,16.529
Emilia Romagna Grand Prix,41.0,HAM,31.819
Emilia Romagna Grand Prix,41.0,RUS,23.692
Emilia Romagna Grand Prix,41.0,PER,62.325
Emilia Romagna Grand Prix,41.0,STR,69.198
Emilia Romagna Grand Prix,41.0,TSU,61.898
Emilia Romagna Grand Prix,41.0,HUL,65.324
Emilia Romagna Grand Prix,41.0,MAG,86.809
Emilia Romagna Grand Prix,41.0,RIC,67.32
Emilia Romagna Grand Prix,41.0,OCO,76.138
Emilia Romagna Grand Prix,41.0,ZHO,85.922
Emilia Romagna Grand Prix,41.0,GAS,91.435
Emilia Romagna Grand Prix,41.0,SAR,94.556
Emilia Romagna Grand Prix,41.0,BOT,73.708
Emilia Romagna Grand Prix,41.0,ALO,109.0
Emilia Romagna Grand Prix,41.0,ALB,212.61
Emilia Romagna Grand Prix,42.0,VER,0.0
Emilia Romagna Grand Prix,42.0,NOR,7.461
Emilia Romagna Grand Prix,42.0,LEC,8.341
Emilia Romagna Grand Prix,42.0,PIA,12.238
Emilia Romagna Grand Prix,42.0,SAI,16.364
Emilia Romagna Grand Prix,42.0,HAM,31.421
Emilia Romagna Grand Prix,42.0,RUS,23.937
Emilia Romagna Grand Prix,42.0,PER,61.412
Emilia Romagna Grand Prix,42.0,STR,69.173
Emilia Romagna Grand Prix,42.0,TSU,63.945
Emilia Romagna Grand Prix,42.0,HUL,66.757
Emilia Romagna Grand Prix,42.0,MAG,90.25
Emilia Romagna Grand Prix,42.0,RIC,68.654
Emilia Romagna Grand Prix,42.0,OCO,77.53
Emilia Romagna Grand Prix,42.0,ZHO,87.097
Emilia Romagna Grand Prix,42.0,GAS,94.324
Emilia Romagna Grand Prix,42.0,SAR,95.22
Emilia Romagna Grand Prix,42.0,BOT,75.585
Emilia Romagna Grand Prix,42.0,ALO,108.019
Emilia Romagna Grand Prix,42.0,ALB,213.586
Emilia Romagna Grand Prix,43.0,VER,0.0
Emilia Romagna Grand Prix,43.0,NOR,7.542
Emilia Romagna Grand Prix,43.0,LEC,8.526
Emilia Romagna Grand Prix,43.0,PIA,12.814
Emilia Romagna Grand Prix,43.0,SAI,16.308
Emilia Romagna Grand Prix,43.0,HAM,30.995
Emilia Romagna Grand Prix,43.0,RUS,23.981
Emilia Romagna Grand Prix,43.0,PER,60.875
Emilia Romagna Grand Prix,43.0,STR,69.014
Emilia Romagna Grand Prix,43.0,TSU,65.186
Emilia Romagna Grand Prix,43.0,HUL,68.435
Emilia Romagna Grand Prix,43.0,MAG,90.939
Emilia Romagna Grand Prix,43.0,RIC,71.55
Emilia Romagna Grand Prix,43.0,OCO,78.854
Emilia Romagna Grand Prix,43.0,ZHO,90.2
Emilia Romagna Grand Prix,43.0,GAS,95.2
Emilia Romagna Grand Prix,43.0,SAR,96.32
Emilia Romagna Grand Prix,43.0,BOT,77.514
Emilia Romagna Grand Prix,43.0,ALO,108.291
Emilia Romagna Grand Prix,43.0,ALB,214.508
Emilia Romagna Grand Prix,44.0,VER,0.0
Emilia Romagna Grand Prix,44.0,NOR,7.416
Emilia Romagna Grand Prix,44.0,LEC,8.394
Emilia Romagna Grand Prix,44.0,PIA,12.823
Emilia Romagna Grand Prix,44.0,SAI,16.54
Emilia Romagna Grand Prix,44.0,HAM,31.004
Emilia Romagna Grand Prix,44.0,RUS,24.311
Emilia Romagna Grand Prix,44.0,PER,60.545
Emilia Romagna Grand Prix,44.0,STR,70.283
Emilia Romagna Grand Prix,44.0,TSU,66.431
Emilia Romagna Grand Prix,44.0,HUL,69.793
Emilia Romagna Grand Prix,44.0,MAG,91.343
Emilia Romagna Grand Prix,44.0,RIC,73.246
Emilia Romagna Grand Prix,44.0,OCO,81.838
Emilia Romagna Grand Prix,44.0,ZHO,90.596
Emilia Romagna Grand Prix,44.0,GAS,96.274
Emilia Romagna Grand Prix,44.0,SAR,99.409
Emilia Romagna Grand Prix,44.0,BOT,79.361
Emilia Romagna Grand Prix,44.0,ALO,108.436
Emilia Romagna Grand Prix,44.0,ALB,215.195
Emilia Romagna Grand Prix,45.0,VER,0.0
Emilia Romagna Grand Prix,45.0,NOR,6.391
Emilia Romagna Grand Prix,45.0,LEC,7.461
Emilia Romagna Grand Prix,45.0,PIA,12.347
Emilia Romagna Grand Prix,45.0,SAI,16.432
Emilia Romagna Grand Prix,45.0,HAM,30.221
Emilia Romagna Grand Prix,45.0,RUS,23.875
Emilia Romagna Grand Prix,45.0,PER,59.676
Emilia Romagna Grand Prix,45.0,STR,71.352
Emilia Romagna Grand Prix,45.0,TSU,67.308
Emilia Romagna Grand Prix,45.0,HUL,70.91
Emilia Romagna Grand Prix,45.0,MAG,91.674
Emilia Romagna Grand Prix,45.0,RIC,73.958
Emilia Romagna Grand Prix,45.0,OCO,83.046
Emilia Romagna Grand Prix,45.0,ZHO,90.883
Emilia Romagna Grand Prix,45.0,GAS,98.373
Emilia Romagna Grand Prix,45.0,SAR,100.48
Emilia Romagna Grand Prix,45.0,BOT,82.416
Emilia Romagna Grand Prix,45.0,ALO,108.125
Emilia Romagna Grand Prix,45.0,ALB,215.428
Emilia Romagna Grand Prix,46.0,VER,0.0
Emilia Romagna Grand Prix,46.0,NOR,6.237
Emilia Romagna Grand Prix,46.0,LEC,7.357
Emilia Romagna Grand Prix,46.0,PIA,12.685
Emilia Romagna Grand Prix,46.0,SAI,16.796
Emilia Romagna Grand Prix,46.0,HAM,30.465
Emilia Romagna Grand Prix,46.0,RUS,24.402
Emilia Romagna Grand Prix,46.0,PER,59.848
Emilia Romagna Grand Prix,46.0,STR,71.63
Emilia Romagna Grand Prix,46.0,TSU,68.831
Emilia Romagna Grand Prix,46.0,HUL,73.693
Emilia Romagna Grand Prix,46.0,MAG,92.646
Emilia Romagna Grand Prix,46.0,RIC,75.556
Emilia Romagna Grand Prix,46.0,OCO,86.251
Emilia Romagna Grand Prix,46.0,ZHO,91.858
Emilia Romagna Grand Prix,46.0,GAS,100.547
Emilia Romagna Grand Prix,46.0,SAR,102.113
Emilia Romagna Grand Prix,46.0,BOT,85.573
Emilia Romagna Grand Prix,46.0,ALO,108.457
Emilia Romagna Grand Prix,46.0,ALB,216.059
Emilia Romagna Grand Prix,47.0,VER,0.0
Emilia Romagna Grand Prix,47.0,NOR,6.144
Emilia Romagna Grand Prix,47.0,LEC,7.761
Emilia Romagna Grand Prix,47.0,PIA,13.261
Emilia Romagna Grand Prix,47.0,SAI,17.951
Emilia Romagna Grand Prix,47.0,HAM,30.625
Emilia Romagna Grand Prix,47.0,RUS,24.916
Emilia Romagna Grand Prix,47.0,PER,59.453
Emilia Romagna Grand Prix,47.0,STR,72.011
Emilia Romagna Grand Prix,47.0,TSU,70.055
Emilia Romagna Grand Prix,47.0,HUL,75.547
Emilia Romagna Grand Prix,47.0,MAG,93.317
Emilia Romagna Grand Prix,47.0,RIC,76.957
Emilia Romagna Grand Prix,47.0,OCO,91.017
Emilia Romagna Grand Prix,47.0,ZHO,92.766
Emilia Romagna Grand Prix,47.0,GAS,101.88
Emilia Romagna Grand Prix,47.0,SAR,103.512
Emilia Romagna Grand Prix,47.0,BOT,90.403
Emilia Romagna Grand Prix,47.0,ALO,108.593
Emilia Romagna Grand Prix,47.0,ALB,216.497
Emilia Romagna Grand Prix,48.0,VER,0.0
Emilia Romagna Grand Prix,48.0,NOR,6.024
Emilia Romagna Grand Prix,48.0,LEC,8.350999999999999
Emilia Romagna Grand Prix,48.0,PIA,13.754
Emilia Romagna Grand Prix,48.0,SAI,18.027
Emilia Romagna Grand Prix,48.0,HAM,30.623
Emilia Romagna Grand Prix,48.0,RUS,25.384
Emilia Romagna Grand Prix,48.0,PER,58.735
Emilia Romagna Grand Prix,48.0,STR,72.052
Emilia Romagna Grand Prix,48.0,TSU,71.065
Emilia Romagna Grand Prix,48.0,HUL,76.888
Emilia Romagna Grand Prix,48.0,MAG,93.462
Emilia Romagna Grand Prix,48.0,RIC,78.198
Emilia Romagna Grand Prix,48.0,OCO,92.644
Emilia Romagna Grand Prix,48.0,ZHO,96.185
Emilia Romagna Grand Prix,48.0,GAS,102.807
Emilia Romagna Grand Prix,48.0,SAR,104.775
Emilia Romagna Grand Prix,48.0,BOT,91.876
Emilia Romagna Grand Prix,48.0,ALO,108.595
Emilia Romagna Grand Prix,48.0,ALB,216.848
Emilia Romagna Grand Prix,49.0,VER,0.0
Emilia Romagna Grand Prix,49.0,NOR,5.686
Emilia Romagna Grand Prix,49.0,LEC,8.326
Emilia Romagna Grand Prix,49.0,PIA,14.24
Emilia Romagna Grand Prix,49.0,SAI,17.941
Emilia Romagna Grand Prix,49.0,HAM,30.982
Emilia Romagna Grand Prix,49.0,RUS,25.719
Emilia Romagna Grand Prix,49.0,PER,57.858
Emilia Romagna Grand Prix,49.0,STR,72.584
Emilia Romagna Grand Prix,49.0,TSU,72.122
Emilia Romagna Grand Prix,49.0,HUL,78.068
Emilia Romagna Grand Prix,49.0,MAG,96.349
Emilia Romagna Grand Prix,49.0,RIC,79.604
Emilia Romagna Grand Prix,49.0,OCO,96.205
Emilia Romagna Grand Prix,49.0,ZHO,97.296
Emilia Romagna Grand Prix,49.0,GAS,103.965
Emilia Romagna Grand Prix,49.0,SAR,107.758
Emilia Romagna Grand Prix,49.0,BOT,93.689
Emilia Romagna Grand Prix,49.0,ALO,108.817
Emilia Romagna Grand Prix,49.0,ALB,219.844
Emilia Romagna Grand Prix,50.0,VER,0.0
Emilia Romagna Grand Prix,50.0,NOR,4.908
Emilia Romagna Grand Prix,50.0,LEC,7.923
Emilia Romagna Grand Prix,50.0,PIA,14.402
Emilia Romagna Grand Prix,50.0,SAI,18.112
Emilia Romagna Grand Prix,50.0,HAM,30.863
Emilia Romagna Grand Prix,50.0,RUS,26.393
Emilia Romagna Grand Prix,50.0,PER,57.026
Emilia Romagna Grand Prix,50.0,STR,72.498
Emilia Romagna Grand Prix,50.0,TSU,74.661
Emilia Romagna Grand Prix,50.0,HUL,79.172
Emilia Romagna Grand Prix,50.0,MAG,97.028
Emilia Romagna Grand Prix,50.0,RIC,82.868
Emilia Romagna Grand Prix,50.0,OCO,98.461
Emilia Romagna Grand Prix,50.0,ZHO,98.967
Emilia Romagna Grand Prix,50.0,GAS,105.053
Emilia Romagna Grand Prix,50.0,SAR,109.02
Emilia Romagna Grand Prix,50.0,BOT,96.761
Emilia Romagna Grand Prix,50.0,ALO,109.536
Emilia Romagna Grand Prix,50.0,ALB,221.439
Emilia Romagna Grand Prix,51.0,VER,0.0
Emilia Romagna Grand Prix,51.0,NOR,4.539
Emilia Romagna Grand Prix,51.0,LEC,7.551
Emilia Romagna Grand Prix,51.0,PIA,14.869
Emilia Romagna Grand Prix,51.0,SAI,19.124
Emilia Romagna Grand Prix,51.0,HAM,30.903
Emilia Romagna Grand Prix,51.0,RUS,26.802
Emilia Romagna Grand Prix,51.0,PER,57.322
Emilia Romagna Grand Prix,51.0,STR,72.836
Emilia Romagna Grand Prix,51.0,TSU,76.108
Emilia Romagna Grand Prix,51.0,HUL,82.444
Emilia Romagna Grand Prix,51.0,MAG,97.666
Emilia Romagna Grand Prix,51.0,RIC,84.302
Emilia Romagna Grand Prix,51.0,OCO,101.839
Emilia Romagna Grand Prix,51.0,ZHO,102.445
Emilia Romagna Grand Prix,51.0,GAS,106.493
Emilia Romagna Grand Prix,51.0,SAR,110.441
Emilia Romagna Grand Prix,51.0,BOT,99.734
Emilia Romagna Grand Prix,51.0,ALO,110.827
Emilia Romagna Grand Prix,51.0,ALB,230.487
Emilia Romagna Grand Prix,52.0,VER,0.0
Emilia Romagna Grand Prix,52.0,NOR,4.5649999999999995
Emilia Romagna Grand Prix,52.0,LEC,7.353
Emilia Romagna Grand Prix,52.0,PIA,15.09
Emilia Romagna Grand Prix,52.0,SAI,20.169
Emilia Romagna Grand Prix,52.0,HAM,31.523
Emilia Romagna Grand Prix,52.0,RUS,32.488
Emilia Romagna Grand Prix,52.0,PER,56.452
Emilia Romagna Grand Prix,52.0,STR,72.962
Emilia Romagna Grand Prix,52.0,TSU,77.666
Emilia Romagna Grand Prix,52.0,HUL,85.905
Emilia Romagna Grand Prix,52.0,MAG,98.72
Emilia Romagna Grand Prix,52.0,RIC,89.355
Emilia Romagna Grand Prix,52.0,OCO,104.045
Emilia Romagna Grand Prix,52.0,ZHO,104.529
Emilia Romagna Grand Prix,52.0,GAS,108.124
Emilia Romagna Grand Prix,52.0,SAR,114.008
Emilia Romagna Grand Prix,52.0,BOT,103.252
Emilia Romagna Grand Prix,52.0,ALO,111.447
Emilia Romagna Grand Prix,53.0,VER,0.0
Emilia Romagna Grand Prix,53.0,NOR,4.068
Emilia Romagna Grand Prix,53.0,LEC,7.604
Emilia Romagna Grand Prix,53.0,PIA,15.151
Emilia Romagna Grand Prix,53.0,SAI,20.769
Emilia Romagna Grand Prix,53.0,HAM,32.3
Emilia Romagna Grand Prix,53.0,RUS,54.695
Emilia Romagna Grand Prix,53.0,PER,56.958
Emilia Romagna Grand Prix,53.0,STR,73.107
Emilia Romagna Grand Prix,53.0,TSU,79.384
Emilia Romagna Grand Prix,53.0,HUL,88.934
Emilia Romagna Grand Prix,53.0,MAG,99.184
Emilia Romagna Grand Prix,53.0,RIC,91.017
Emilia Romagna Grand Prix,53.0,OCO,106.163
Emilia Romagna Grand Prix,53.0,ZHO,106.693
Emilia Romagna Grand Prix,53.0,GAS,109.431
Emilia Romagna Grand Prix,53.0,SAR,114.872
Emilia Romagna Grand Prix,53.0,BOT,105.561
Emilia Romagna Grand Prix,53.0,ALO,111.283
Emilia Romagna Grand Prix,54.0,VER,0.0
Emilia Romagna Grand Prix,54.0,NOR,3.144
Emilia Romagna Grand Prix,54.0,LEC,7.084
Emilia Romagna Grand Prix,54.0,PIA,14.646
Emilia Romagna Grand Prix,54.0,SAI,20.678
Emilia Romagna Grand Prix,54.0,HAM,32.223
Emilia Romagna Grand Prix,54.0,RUS,52.366
Emilia Romagna Grand Prix,54.0,PER,56.374
Emilia Romagna Grand Prix,54.0,STR,73.085
Emilia Romagna Grand Prix,54.0,TSU,84.398
Emilia Romagna Grand Prix,54.0,HUL,90.271
Emilia Romagna Grand Prix,54.0,MAG,99.398
Emilia Romagna Grand Prix,54.0,RIC,92.084
Emilia Romagna Grand Prix,54.0,OCO,109.1
Emilia Romagna Grand Prix,54.0,ZHO,109.859
Emilia Romagna Grand Prix,54.0,GAS,110.762
Emilia Romagna Grand Prix,54.0,SAR,115.364
Emilia Romagna Grand Prix,54.0,BOT,108.259
Emilia Romagna Grand Prix,54.0,ALO,111.353
Emilia Romagna Grand Prix,55.0,VER,0.0
Emilia Romagna Grand Prix,55.0,NOR,2.364
Emilia Romagna Grand Prix,55.0,LEC,6.758
Emilia Romagna Grand Prix,55.0,PIA,14.078
Emilia Romagna Grand Prix,55.0,SAI,20.519
Emilia Romagna Grand Prix,55.0,HAM,32.288
Emilia Romagna Grand Prix,55.0,RUS,51.182
Emilia Romagna Grand Prix,55.0,PER,55.932
Emilia Romagna Grand Prix,55.0,STR,72.841
Emilia Romagna Grand Prix,55.0,TSU,85.487
Emilia Romagna Grand Prix,55.0,HUL,91.403
Emilia Romagna Grand Prix,55.0,MAG,99.686
Emilia Romagna Grand Prix,55.0,RIC,93.022
Emilia Romagna Grand Prix,55.0,OCO,111.129
Emilia Romagna Grand Prix,55.0,ZHO,111.591
Emilia Romagna Grand Prix,55.0,GAS,112.33
Emilia Romagna Grand Prix,55.0,SAR,115.631
Emilia Romagna Grand Prix,55.0,BOT,110.307
Emilia Romagna Grand Prix,55.0,ALO,112.899
Emilia Romagna Grand Prix,56.0,VER,0.0
Emilia Romagna Grand Prix,56.0,NOR,2.042
Emilia Romagna Grand Prix,56.0,LEC,6.683
Emilia Romagna Grand Prix,56.0,PIA,14.028
Emilia Romagna Grand Prix,56.0,SAI,20.988
Emilia Romagna Grand Prix,56.0,HAM,33.095
Emilia Romagna Grand Prix,56.0,RUS,50.263
Emilia Romagna Grand Prix,56.0,PER,55.732
Emilia Romagna Grand Prix,56.0,STR,72.968
Emilia Romagna Grand Prix,56.0,TSU,88.867
Emilia Romagna Grand Prix,56.0,HUL,93.13
Emilia Romagna Grand Prix,56.0,MAG,100.377
Emilia Romagna Grand Prix,56.0,RIC,96.428
Emilia Romagna Grand Prix,56.0,OCO,113.656
Emilia Romagna Grand Prix,56.0,ZHO,114.043
Emilia Romagna Grand Prix,56.0,GAS,115.64
Emilia Romagna Grand Prix,56.0,SAR,117.024
Emilia Romagna Grand Prix,56.0,BOT,112.734
Emilia Romagna Grand Prix,56.0,ALO,116.086
Emilia Romagna Grand Prix,57.0,VER,0.0
Emilia Romagna Grand Prix,57.0,NOR,1.6360000000000001
Emilia Romagna Grand Prix,57.0,LEC,6.924
Emilia Romagna Grand Prix,57.0,PIA,14.119
Emilia Romagna Grand Prix,57.0,SAI,21.236
Emilia Romagna Grand Prix,57.0,HAM,34.248
Emilia Romagna Grand Prix,57.0,RUS,49.209
Emilia Romagna Grand Prix,57.0,PER,55.449
Emilia Romagna Grand Prix,57.0,STR,73.188
Emilia Romagna Grand Prix,57.0,TSU,90.311
Emilia Romagna Grand Prix,57.0,HUL,96.521
Emilia Romagna Grand Prix,57.0,MAG,103.165
Emilia Romagna Grand Prix,57.0,RIC,98.227
Emilia Romagna Grand Prix,57.0,OCO,117.106
Emilia Romagna Grand Prix,57.0,ZHO,117.438
Emilia Romagna Grand Prix,57.0,GAS,118.088
Emilia Romagna Grand Prix,57.0,SAR,119.184
Emilia Romagna Grand Prix,57.0,BOT,116.689
Emilia Romagna Grand Prix,57.0,ALO,118.427
Emilia Romagna Grand Prix,58.0,VER,0.0
Emilia Romagna Grand Prix,58.0,NOR,1.678
Emilia Romagna Grand Prix,58.0,LEC,6.964
Emilia Romagna Grand Prix,58.0,PIA,14.304
Emilia Romagna Grand Prix,58.0,SAI,21.515
Emilia Romagna Grand Prix,58.0,HAM,35.296
Emilia Romagna Grand Prix,58.0,RUS,48.312
Emilia Romagna Grand Prix,58.0,PER,55.221
Emilia Romagna Grand Prix,58.0,STR,73.245
Emilia Romagna Grand Prix,58.0,TSU,91.803
Emilia Romagna Grand Prix,58.0,HUL,98.134
Emilia Romagna Grand Prix,58.0,MAG,103.661
Emilia Romagna Grand Prix,58.0,RIC,99.774
Emilia Romagna Grand Prix,58.0,OCO,119.417
Emilia Romagna Grand Prix,58.0,ZHO,119.9
Emilia Romagna Grand Prix,58.0,GAS,120.579
Emilia Romagna Grand Prix,58.0,SAR,121.586
Emilia Romagna Grand Prix,58.0,BOT,118.704
Emilia Romagna Grand Prix,58.0,ALO,121.087
Emilia Romagna Grand Prix,59.0,VER,0.0
Emilia Romagna Grand Prix,59.0,NOR,1.8
Emilia Romagna Grand Prix,59.0,LEC,7.103
Emilia Romagna Grand Prix,59.0,PIA,14.225
Emilia Romagna Grand Prix,59.0,SAI,21.888
Emilia Romagna Grand Prix,59.0,HAM,35.578
Emilia Romagna Grand Prix,59.0,RUS,47.826
Emilia Romagna Grand Prix,59.0,PER,54.947
Emilia Romagna Grand Prix,59.0,STR,73.49
Emilia Romagna Grand Prix,59.0,TSU,93.264
Emilia Romagna Grand Prix,59.0,HUL,99.992
Emilia Romagna Grand Prix,59.0,MAG,104.586
Emilia Romagna Grand Prix,59.0,RIC,101.381
Emilia Romagna Grand Prix,59.0,OCO,121.118
Emilia Romagna Grand Prix,59.0,ZHO,123.234
Emilia Romagna Grand Prix,59.0,GAS,123.661
Emilia Romagna Grand Prix,59.0,SAR,124.741
Emilia Romagna Grand Prix,59.0,BOT,122.867
Emilia Romagna Grand Prix,59.0,ALO,129.105
Emilia Romagna Grand Prix,60.0,VER,0.0
Emilia Romagna Grand Prix,60.0,NOR,1.4020000000000001
Emilia Romagna Grand Prix,60.0,LEC,7.159
Emilia Romagna Grand Prix,60.0,PIA,14.237
Emilia Romagna Grand Prix,60.0,SAI,22.243
Emilia Romagna Grand Prix,60.0,HAM,35.57
Emilia Romagna Grand Prix,60.0,RUS,47.282
Emilia Romagna Grand Prix,60.0,PER,54.718
Emilia Romagna Grand Prix,60.0,STR,73.812
Emilia Romagna Grand Prix,60.0,TSU,96.463
Emilia Romagna Grand Prix,60.0,HUL,101.764
Emilia Romagna Grand Prix,60.0,MAG,105.361
Emilia Romagna Grand Prix,60.0,RIC,104.771
Emilia Romagna Grand Prix,60.0,OCO,122.635
Emilia Romagna Grand Prix,60.0,ZHO,124.367
Emilia Romagna Grand Prix,60.0,GAS,127.034
Emilia Romagna Grand Prix,60.0,SAR,127.871
Emilia Romagna Grand Prix,60.0,BOT,126.679
Emilia Romagna Grand Prix,60.0,ALO,154.217
Emilia Romagna Grand Prix,61.0,VER,0.0
Emilia Romagna Grand Prix,61.0,NOR,1.206
Emilia Romagna Grand Prix,61.0,LEC,7.244
Emilia Romagna Grand Prix,61.0,PIA,14.521
Emilia Romagna Grand Prix,61.0,SAI,22.923000000000002
Emilia Romagna Grand Prix,61.0,HAM,35.598
Emilia Romagna Grand Prix,61.0,RUS,47.287
Emilia Romagna Grand Prix,61.0,PER,54.853
Emilia Romagna Grand Prix,61.0,STR,74.761
Emilia Romagna Grand Prix,61.0,TSU,97.656
Emilia Romagna Grand Prix,61.0,HUL,104.855
Emilia Romagna Grand Prix,61.0,MAG,106.413
Emilia Romagna Grand Prix,61.0,RIC,106.014
Emilia Romagna Grand Prix,61.0,OCO,123.682
Emilia Romagna Grand Prix,61.0,ZHO,125.232
Emilia Romagna Grand Prix,61.0,GAS,129.691
Emilia Romagna Grand Prix,61.0,SAR,131.567
Emilia Romagna Grand Prix,61.0,BOT,132.146
Emilia Romagna Grand Prix,61.0,ALO,157.908
Emilia Romagna Grand Prix,62.0,VER,0.0
Emilia Romagna Grand Prix,62.0,NOR,1.017
Emilia Romagna Grand Prix,62.0,LEC,7.798
Emilia Romagna Grand Prix,62.0,PIA,14.367
Emilia Romagna Grand Prix,62.0,SAI,23.14
Emilia Romagna Grand Prix,62.0,HAM,35.49
Emilia Romagna Grand Prix,62.0,RUS,48.097
Emilia Romagna Grand Prix,62.0,PER,54.867
Emilia Romagna Grand Prix,62.0,STR,76.759
Emilia Romagna Grand Prix,62.0,TSU,98.891
Emilia Romagna Grand Prix,62.0,HUL,106.312
Emilia Romagna Grand Prix,62.0,MAG,107.469
Emilia Romagna Grand Prix,62.0,RIC,108.696
Emilia Romagna Grand Prix,62.0,OCO,124.942
Emilia Romagna Grand Prix,62.0,ZHO,125.968
Emilia Romagna Grand Prix,62.0,GAS,130.75
Emilia Romagna Grand Prix,62.0,SAR,132.086
Emilia Romagna Grand Prix,62.0,BOT,137.378
Emilia Romagna Grand Prix,62.0,ALO,156.159
Emilia Romagna Grand Prix,63.0,VER,0.0
Emilia Romagna Grand Prix,63.0,NOR,0.725
Emilia Romagna Grand Prix,63.0,LEC,7.916
Emilia Romagna Grand Prix,63.0,PIA,14.132
Emilia Romagna Grand Prix,63.0,SAI,22.325
Emilia Romagna Grand Prix,63.0,HAM,35.104
Emilia Romagna Grand Prix,63.0,RUS,47.154
Emilia Romagna Grand Prix,63.0,PER,54.776
Emilia Romagna Grand Prix,63.0,STR,79.556
Monaco Grand Prix,1.0,LEC,0.0
Monaco Grand Prix,1.0,PIA,2.501
Monaco Grand Prix,1.0,SAI,6.421
Monaco Grand Prix,1.0,NOR,11.922
Monaco Grand Prix,1.0,RUS,17.648
Monaco Grand Prix,1.0,VER,22.754
Monaco Grand Prix,1.0,HAM,27.59
Monaco Grand Prix,1.0,TSU,32.243
Monaco Grand Prix,1.0,ALB,38.451
Monaco Grand Prix,1.0,GAS,41.329
Monaco Grand Prix,1.0,ALO,56.818
Monaco Grand Prix,1.0,RIC,51.241
Monaco Grand Prix,1.0,BOT,65.382
Monaco Grand Prix,1.0,STR,46.282
Monaco Grand Prix,1.0,SAR,60.492
Monaco Grand Prix,1.0,ZHO,69.887
Monaco Grand Prix,1.0,OCO,0.0
Monaco Grand Prix,1.0,PER,0.0
Monaco Grand Prix,1.0,HUL,0.0
Monaco Grand Prix,1.0,MAG,0.0
Monaco Grand Prix,2.0,LEC,0.0
Monaco Grand Prix,2.0,PIA,0.684
Monaco Grand Prix,2.0,SAI,1.198
Monaco Grand Prix,2.0,NOR,1.521
Monaco Grand Prix,2.0,RUS,1.863
Monaco Grand Prix,2.0,VER,2.2
Monaco Grand Prix,2.0,HAM,2.429
Monaco Grand Prix,2.0,TSU,2.699
Monaco Grand Prix,2.0,ALB,2.885
Monaco Grand Prix,2.0,GAS,3.126
Monaco Grand Prix,2.0,ALO,3.568
Monaco Grand Prix,2.0,RIC,3.528
Monaco Grand Prix,2.0,BOT,3.919
Monaco Grand Prix,2.0,STR,3.305
Monaco Grand Prix,2.0,SAR,3.906
Monaco Grand Prix,2.0,ZHO,4.197
Monaco Grand Prix,3.0,LEC,0.0
Monaco Grand Prix,3.0,PIA,1.013
Monaco Grand Prix,3.0,SAI,1.5859999999999999
Monaco Grand Prix,3.0,NOR,2.18
Monaco Grand Prix,3.0,RUS,2.558
Monaco Grand Prix,3.0,VER,3.32
Monaco Grand Prix,3.0,HAM,4.8629999999999995
Monaco Grand Prix,3.0,TSU,5.638
Monaco Grand Prix,3.0,ALB,6.095
Monaco Grand Prix,3.0,GAS,6.771
Monaco Grand Prix,3.0,ALO,8.132
Monaco Grand Prix,3.0,RIC,8.56
Monaco Grand Prix,3.0,BOT,9.038
Monaco Grand Prix,3.0,STR,6.984
Monaco Grand Prix,3.0,SAR,9.359
Monaco Grand Prix,3.0,ZHO,9.969
Monaco Grand Prix,4.0,LEC,0.0
Monaco Grand Prix,4.0,PIA,0.702
Monaco Grand Prix,4.0,SAI,1.319
Monaco Grand Prix,4.0,NOR,2.337
Monaco Grand Prix,4.0,RUS,2.801
Monaco Grand Prix,4.0,VER,3.9699999999999998
Monaco Grand Prix,4.0,HAM,5.614
Monaco Grand Prix,4.0,TSU,6.34
Monaco Grand Prix,4.0,ALB,6.756
Monaco Grand Prix,4.0,GAS,7.415
Monaco Grand Prix,4.0,ALO,9.243
Monaco Grand Prix,4.0,RIC,9.459
Monaco Grand Prix,4.0,BOT,9.799
Monaco Grand Prix,4.0,STR,7.713
Monaco Grand Prix,4.0,SAR,10.416
Monaco Grand Prix,4.0,ZHO,11.042
Monaco Grand Prix,5.0,LEC,0.0
Monaco Grand Prix,5.0,PIA,0.926
Monaco Grand Prix,5.0,SAI,1.502
Monaco Grand Prix,5.0,NOR,2.689
Monaco Grand Prix,5.0,RUS,4.051
Monaco Grand Prix,5.0,VER,5.575
Monaco Grand Prix,5.0,HAM,7.459
Monaco Grand Prix,5.0,TSU,8.038
Monaco Grand Prix,5.0,ALB,8.33
Monaco Grand Prix,5.0,GAS,9.048
Monaco Grand Prix,5.0,ALO,11.023
Monaco Grand Prix,5.0,RIC,11.408
Monaco Grand Prix,5.0,BOT,11.64
Monaco Grand Prix,5.0,STR,9.649000000000001
Monaco Grand Prix,5.0,SAR,12.295
Monaco Grand Prix,5.0,ZHO,12.741
Monaco Grand Prix,6.0,LEC,0.0
Monaco Grand Prix,6.0,PIA,1.135
Monaco Grand Prix,6.0,SAI,1.52
Monaco Grand Prix,6.0,NOR,3.348
Monaco Grand Prix,6.0,RUS,5.918
Monaco Grand Prix,6.0,VER,8.217
Monaco Grand Prix,6.0,HAM,9.683
Monaco Grand Prix,6.0,TSU,10.117
Monaco Grand Prix,6.0,ALB,10.600999999999999
Monaco Grand Prix,6.0,GAS,11.009
Monaco Grand Prix,6.0,ALO,12.589
Monaco Grand Prix,6.0,RIC,13.011
Monaco Grand Prix,6.0,BOT,13.363
Monaco Grand Prix,6.0,STR,11.481
Monaco Grand Prix,6.0,SAR,13.889
Monaco Grand Prix,6.0,ZHO,14.245
Monaco Grand Prix,7.0,LEC,0.0
Monaco Grand Prix,7.0,PIA,0.963
Monaco Grand Prix,7.0,SAI,2.006
Monaco Grand Prix,7.0,NOR,3.196
Monaco Grand Prix,7.0,RUS,6.353
Monaco Grand Prix,7.0,VER,8.52
Monaco Grand Prix,7.0,HAM,10.166
Monaco Grand Prix,7.0,TSU,10.963
Monaco Grand Prix,7.0,ALB,11.534
Monaco Grand Prix,7.0,GAS,12.262
Monaco Grand Prix,7.0,ALO,14.475
Monaco Grand Prix,7.0,RIC,14.778
Monaco Grand Prix,7.0,BOT,15.215
Monaco Grand Prix,7.0,STR,13.135
Monaco Grand Prix,7.0,SAR,15.808
Monaco Grand Prix,7.0,ZHO,16.199
Monaco Grand Prix,8.0,LEC,0.0
Monaco Grand Prix,8.0,PIA,0.991
Monaco Grand Prix,8.0,SAI,1.248
Monaco Grand Prix,8.0,NOR,2.9859999999999998
Monaco Grand Prix,8.0,RUS,6.9350000000000005
Monaco Grand Prix,8.0,VER,9.147
Monaco Grand Prix,8.0,HAM,10.748
Monaco Grand Prix,8.0,TSU,11.584
Monaco Grand Prix,8.0,ALB,12.04
Monaco Grand Prix,8.0,GAS,12.832
Monaco Grand Prix,8.0,ALO,15.729
Monaco Grand Prix,8.0,RIC,16.181
Monaco Grand Prix,8.0,BOT,16.434
Monaco Grand Prix,8.0,STR,13.758
Monaco Grand Prix,8.0,SAR,16.999
Monaco Grand Prix,8.0,ZHO,17.351
Monaco Grand Prix,9.0,LEC,0.0
Monaco Grand Prix,9.0,PIA,0.783
Monaco Grand Prix,9.0,SAI,1.659
Monaco Grand Prix,9.0,NOR,3.269
Monaco Grand Prix,9.0,RUS,8.254
Monaco Grand Prix,9.0,VER,10.773
Monaco Grand Prix,9.0,HAM,12.485
Monaco Grand Prix,9.0,TSU,13.366
Monaco Grand Prix,9.0,ALB,13.93
Monaco Grand Prix,9.0,GAS,14.789
Monaco Grand Prix,9.0,ALO,17.265
Monaco Grand Prix,9.0,RIC,17.595
Monaco Grand Prix,9.0,BOT,18.035
Monaco Grand Prix,9.0,STR,15.734
Monaco Grand Prix,9.0,SAR,18.564
Monaco Grand Prix,9.0,ZHO,19.047
Monaco Grand Prix,10.0,LEC,0.0
Monaco Grand Prix,10.0,PIA,0.898
Monaco Grand Prix,10.0,SAI,2.143
Monaco Grand Prix,10.0,NOR,3.466
Monaco Grand Prix,10.0,RUS,9.01
Monaco Grand Prix,10.0,VER,11.242
Monaco Grand Prix,10.0,HAM,13.147
Monaco Grand Prix,10.0,TSU,14.182
Monaco Grand Prix,10.0,ALB,14.717
Monaco Grand Prix,10.0,GAS,15.408
Monaco Grand Prix,10.0,ALO,18.354
Monaco Grand Prix,10.0,RIC,18.796
Monaco Grand Prix,10.0,BOT,19.207
Monaco Grand Prix,10.0,STR,16.684
Monaco Grand Prix,10.0,SAR,19.733
Monaco Grand Prix,10.0,ZHO,20.216
Monaco Grand Prix,11.0,LEC,0.0
Monaco Grand Prix,11.0,PIA,0.75
Monaco Grand Prix,11.0,SAI,1.343
Monaco Grand Prix,11.0,NOR,3.29
Monaco Grand Prix,11.0,RUS,9.416
Monaco Grand Prix,11.0,VER,11.688
Monaco Grand Prix,11.0,HAM,13.426
Monaco Grand Prix,11.0,TSU,14.425
Monaco Grand Prix,11.0,ALB,15.185
Monaco Grand Prix,11.0,GAS,15.66
Monaco Grand Prix,11.0,ALO,18.726
Monaco Grand Prix,11.0,RIC,19.28
Monaco Grand Prix,11.0,BOT,19.708
Monaco Grand Prix,11.0,STR,17.155
Monaco Grand Prix,11.0,SAR,20.179
Monaco Grand Prix,11.0,ZHO,20.733
Monaco Grand Prix,12.0,LEC,0.0
Monaco Grand Prix,12.0,PIA,0.633
Monaco Grand Prix,12.0,SAI,1.065
Monaco Grand Prix,12.0,NOR,2.971
Monaco Grand Prix,12.0,RUS,9.48
Monaco Grand Prix,12.0,VER,12.095
Monaco Grand Prix,12.0,HAM,14.338
Monaco Grand Prix,12.0,TSU,15.262
Monaco Grand Prix,12.0,ALB,15.754
Monaco Grand Prix,12.0,GAS,16.697
Monaco Grand Prix,12.0,ALO,19.84
Monaco Grand Prix,12.0,RIC,20.305
Monaco Grand Prix,12.0,BOT,20.784
Monaco Grand Prix,12.0,STR,18.374
Monaco Grand Prix,12.0,SAR,21.331
Monaco Grand Prix,12.0,ZHO,21.674
Monaco Grand Prix,13.0,LEC,0.0
Monaco Grand Prix,13.0,PIA,0.361
Monaco Grand Prix,13.0,SAI,2.065
Monaco Grand Prix,13.0,NOR,3.774
Monaco Grand Prix,13.0,RUS,10.988
Monaco Grand Prix,13.0,VER,12.982
Monaco Grand Prix,13.0,HAM,15.492
Monaco Grand Prix,13.0,TSU,16.927
Monaco Grand Prix,13.0,ALB,18.157
Monaco Grand Prix,13.0,GAS,19.21
Monaco Grand Prix,13.0,ALO,22.251
Monaco Grand Prix,13.0,RIC,22.704
Monaco Grand Prix,13.0,BOT,23.307
Monaco Grand Prix,13.0,STR,20.671
Monaco Grand Prix,13.0,SAR,23.813
Monaco Grand Prix,13.0,ZHO,24.186
Monaco Grand Prix,14.0,LEC,0.0
Monaco Grand Prix,14.0,PIA,0.462
Monaco Grand Prix,14.0,SAI,1.6320000000000001
Monaco Grand Prix,14.0,NOR,3.246
Monaco Grand Prix,14.0,RUS,11.347
Monaco Grand Prix,14.0,VER,12.792
Monaco Grand Prix,14.0,HAM,15.705
Monaco Grand Prix,14.0,TSU,18.263
Monaco Grand Prix,14.0,ALB,18.835
Monaco Grand Prix,14.0,GAS,19.217
Monaco Grand Prix,14.0,ALO,23.73
Monaco Grand Prix,14.0,RIC,24.182
Monaco Grand Prix,14.0,BOT,24.615
Monaco Grand Prix,14.0,STR,21.185
Monaco Grand Prix,14.0,SAR,25.119
Monaco Grand Prix,14.0,ZHO,25.537
Monaco Grand Prix,15.0,LEC,0.0
Monaco Grand Prix,15.0,PIA,0.888
Monaco Grand Prix,15.0,SAI,1.337
Monaco Grand Prix,15.0,NOR,3.183
Monaco Grand Prix,15.0,RUS,11.711
Monaco Grand Prix,15.0,VER,13.324
Monaco Grand Prix,15.0,HAM,15.838
Monaco Grand Prix,15.0,TSU,18.524
Monaco Grand Prix,15.0,ALB,19.588
Monaco Grand Prix,15.0,GAS,20.445
Monaco Grand Prix,15.0,ALO,24.953
Monaco Grand Prix,15.0,RIC,25.521
Monaco Grand Prix,15.0,BOT,42.676
Monaco Grand Prix,15.0,STR,22.128
Monaco Grand Prix,15.0,SAR,26.621
Monaco Grand Prix,15.0,ZHO,27.146
Monaco Grand Prix,16.0,LEC,0.0
Monaco Grand Prix,16.0,PIA,0.561
Monaco Grand Prix,16.0,SAI,1.76
Monaco Grand Prix,16.0,NOR,2.664
Monaco Grand Prix,16.0,RUS,11.468
Monaco Grand Prix,16.0,VER,13.455
Monaco Grand Prix,16.0,HAM,16.066
Monaco Grand Prix,16.0,TSU,19.215
Monaco Grand Prix,16.0,ALB,20.225
Monaco Grand Prix,16.0,GAS,21.343
Monaco Grand Prix,16.0,ALO,26.115
Monaco Grand Prix,16.0,RIC,26.49
Monaco Grand Prix,16.0,BOT,42.532
Monaco Grand Prix,16.0,STR,23.161
Monaco Grand Prix,16.0,SAR,27.111
Monaco Grand Prix,16.0,ZHO,27.471
Monaco Grand Prix,17.0,LEC,0.0
Monaco Grand Prix,17.0,PIA,0.31
Monaco Grand Prix,17.0,SAI,1.557
Monaco Grand Prix,17.0,NOR,2.722
Monaco Grand Prix,17.0,RUS,11.339
Monaco Grand Prix,17.0,VER,13.074
Monaco Grand Prix,17.0,HAM,15.525
Monaco Grand Prix,17.0,TSU,19.271
Monaco Grand Prix,17.0,ALB,21.083
Monaco Grand Prix,17.0,GAS,23.025
Monaco Grand Prix,17.0,ALO,26.635
Monaco Grand Prix,17.0,RIC,27.073
Monaco Grand Prix,17.0,BOT,38.814
Monaco Grand Prix,17.0,STR,24.852
Monaco Grand Prix,17.0,SAR,27.848
Monaco Grand Prix,17.0,ZHO,28.171
Monaco Grand Prix,18.0,LEC,0.0
Monaco Grand Prix,18.0,PIA,0.562
Monaco Grand Prix,18.0,SAI,1.154
Monaco Grand Prix,18.0,NOR,2.54
Monaco Grand Prix,18.0,RUS,11.197
Monaco Grand Prix,18.0,VER,13.074
Monaco Grand Prix,18.0,HAM,15.982
Monaco Grand Prix,18.0,TSU,20.303
Monaco Grand Prix,18.0,ALB,21.545
Monaco Grand Prix,18.0,GAS,24.242
Monaco Grand Prix,18.0,ALO,28.13
Monaco Grand Prix,18.0,RIC,28.601
Monaco Grand Prix,18.0,BOT,35.801
Monaco Grand Prix,18.0,STR,25.97
Monaco Grand Prix,18.0,SAR,29.299
Monaco Grand Prix,18.0,ZHO,29.502
Monaco Grand Prix,19.0,LEC,0.0
Monaco Grand Prix,19.0,PIA,0.899
Monaco Grand Prix,19.0,SAI,1.7570000000000001
Monaco Grand Prix,19.0,NOR,2.9779999999999998
Monaco Grand Prix,19.0,RUS,12.512
Monaco Grand Prix,19.0,VER,14.403
Monaco Grand Prix,19.0,HAM,17.014
Monaco Grand Prix,19.0,TSU,22.231
Monaco Grand Prix,19.0,ALB,22.948
Monaco Grand Prix,19.0,GAS,25.304
Monaco Grand Prix,19.0,ALO,29.893
Monaco Grand Prix,19.0,RIC,31.069
Monaco Grand Prix,19.0,BOT,34.788
Monaco Grand Prix,19.0,STR,27.481
Monaco Grand Prix,19.0,SAR,31.678
Monaco Grand Prix,19.0,ZHO,32.08
Monaco Grand Prix,20.0,LEC,0.0
Monaco Grand Prix,20.0,PIA,1.23
Monaco Grand Prix,20.0,SAI,2.436
Monaco Grand Prix,20.0,NOR,3.297
Monaco Grand Prix,20.0,RUS,13.841
Monaco Grand Prix,20.0,VER,15.565
Monaco Grand Prix,20.0,HAM,18.794
Monaco Grand Prix,20.0,TSU,23.498
Monaco Grand Prix,20.0,ALB,24.584
Monaco Grand Prix,20.0,GAS,26.835
Monaco Grand Prix,20.0,ALO,32.279
Monaco Grand Prix,20.0,RIC,33.287
Monaco Grand Prix,20.0,BOT,35.188
Monaco Grand Prix,20.0,STR,28.155
Monaco Grand Prix,20.0,SAR,33.807
Monaco Grand Prix,20.0,ZHO,34.26
Monaco Grand Prix,21.0,LEC,0.0
Monaco Grand Prix,21.0,PIA,1.359
Monaco Grand Prix,21.0,SAI,2.8810000000000002
Monaco Grand Prix,21.0,NOR,3.808
Monaco Grand Prix,21.0,RUS,15.157
Monaco Grand Prix,21.0,VER,17.348
Monaco Grand Prix,21.0,HAM,20.082
Monaco Grand Prix,21.0,TSU,25.583
Monaco Grand Prix,21.0,ALB,27.049
Monaco Grand Prix,21.0,GAS,28.239
Monaco Grand Prix,21.0,ALO,34.124
Monaco Grand Prix,21.0,RIC,35.632
Monaco Grand Prix,21.0,BOT,37.178
Monaco Grand Prix,21.0,STR,28.699
Monaco Grand Prix,21.0,SAR,36.184
Monaco Grand Prix,21.0,ZHO,36.457
Monaco Grand Prix,22.0,LEC,0.0
Monaco Grand Prix,22.0,PIA,1.324
Monaco Grand Prix,22.0,SAI,3.15
Monaco Grand Prix,22.0,NOR,4.169
Monaco Grand Prix,22.0,RUS,16.228
Monaco Grand Prix,22.0,VER,18.541
Monaco Grand Prix,22.0,HAM,22.052
Monaco Grand Prix,22.0,TSU,27.838
Monaco Grand Prix,22.0,ALB,28.971
Monaco Grand Prix,22.0,GAS,30.173
Monaco Grand Prix,22.0,ALO,36.541
Monaco Grand Prix,22.0,RIC,37.861
Monaco Grand Prix,22.0,BOT,39.58
Monaco Grand Prix,22.0,STR,31.386
Monaco Grand Prix,22.0,SAR,38.461
Monaco Grand Prix,22.0,ZHO,38.92
Monaco Grand Prix,23.0,LEC,0.0
Monaco Grand Prix,23.0,PIA,1.524
Monaco Grand Prix,23.0,SAI,3.685
Monaco Grand Prix,23.0,NOR,4.905
Monaco Grand Prix,23.0,RUS,17.167
Monaco Grand Prix,23.0,VER,19.062
Monaco Grand Prix,23.0,HAM,22.683
Monaco Grand Prix,23.0,TSU,29.83
Monaco Grand Prix,23.0,ALB,30.656
Monaco Grand Prix,23.0,GAS,33.021
Monaco Grand Prix,23.0,ALO,38.329
Monaco Grand Prix,23.0,RIC,40.065
Monaco Grand Prix,23.0,BOT,41.872
Monaco Grand Prix,23.0,STR,34.116
Monaco Grand Prix,23.0,SAR,40.596
Monaco Grand Prix,23.0,ZHO,41.254
Monaco Grand Prix,24.0,LEC,0.0
Monaco Grand Prix,24.0,PIA,1.435
Monaco Grand Prix,24.0,SAI,3.528
Monaco Grand Prix,24.0,NOR,4.879
Monaco Grand Prix,24.0,RUS,17.926
Monaco Grand Prix,24.0,VER,19.701
Monaco Grand Prix,24.0,HAM,22.743
Monaco Grand Prix,24.0,TSU,31.491
Monaco Grand Prix,24.0,ALB,32.448
Monaco Grand Prix,24.0,GAS,35.245
Monaco Grand Prix,24.0,ALO,41.017
Monaco Grand Prix,24.0,RIC,41.688
Monaco Grand Prix,24.0,BOT,43.711
Monaco Grand Prix,24.0,STR,37.012
Monaco Grand Prix,24.0,SAR,42.266
Monaco Grand Prix,24.0,ZHO,42.876
Monaco Grand Prix,25.0,LEC,0.0
Monaco Grand Prix,25.0,PIA,1.246
Monaco Grand Prix,25.0,SAI,3.092
Monaco Grand Prix,25.0,NOR,4.546
Monaco Grand Prix,25.0,RUS,17.604
Monaco Grand Prix,25.0,VER,20.108
Monaco Grand Prix,25.0,HAM,23.112
Monaco Grand Prix,25.0,TSU,32.847
Monaco Grand Prix,25.0,ALB,33.798
Monaco Grand Prix,25.0,GAS,36.644
Monaco Grand Prix,25.0,ALO,43.135
Monaco Grand Prix,25.0,RIC,43.744
Monaco Grand Prix,25.0,BOT,45.521
Monaco Grand Prix,25.0,STR,38.545
Monaco Grand Prix,25.0,SAR,44.196
Monaco Grand Prix,25.0,ZHO,44.666
Monaco Grand Prix,26.0,LEC,0.0
Monaco Grand Prix,26.0,PIA,1.241
Monaco Grand Prix,26.0,SAI,2.735
Monaco Grand Prix,26.0,NOR,4.497
Monaco Grand Prix,26.0,RUS,18.165
Monaco Grand Prix,26.0,VER,20.481
Monaco Grand Prix,26.0,HAM,24.529
Monaco Grand Prix,26.0,TSU,34.85
Monaco Grand Prix,26.0,ALB,35.816
Monaco Grand Prix,26.0,GAS,38.792
Monaco Grand Prix,26.0,ALO,45.548
Monaco Grand Prix,26.0,RIC,45.99
Monaco Grand Prix,26.0,BOT,47.927
Monaco Grand Prix,26.0,STR,40.689
Monaco Grand Prix,26.0,SAR,46.68
Monaco Grand Prix,26.0,ZHO,47.09
Monaco Grand Prix,27.0,LEC,0.0
Monaco Grand Prix,27.0,PIA,1.413
Monaco Grand Prix,27.0,SAI,3.874
Monaco Grand Prix,27.0,NOR,4.866
Monaco Grand Prix,27.0,RUS,18.741
Monaco Grand Prix,27.0,VER,20.927
Monaco Grand Prix,27.0,HAM,24.727
Monaco Grand Prix,27.0,TSU,36.785
Monaco Grand Prix,27.0,ALB,37.974
Monaco Grand Prix,27.0,GAS,40.962
Monaco Grand Prix,27.0,ALO,48.5
Monaco Grand Prix,27.0,RIC,49.004
Monaco Grand Prix,27.0,BOT,50.946
Monaco Grand Prix,27.0,STR,42.645
Monaco Grand Prix,27.0,SAR,49.56
Monaco Grand Prix,27.0,ZHO,50.032
Monaco Grand Prix,28.0,LEC,0.0
Monaco Grand Prix,28.0,PIA,1.494
Monaco Grand Prix,28.0,SAI,4.445
Monaco Grand Prix,28.0,NOR,5.394
Monaco Grand Prix,28.0,RUS,18.71
Monaco Grand Prix,28.0,VER,20.899
Monaco Grand Prix,28.0,HAM,24.604
Monaco Grand Prix,28.0,TSU,38.259
Monaco Grand Prix,28.0,ALB,38.774
Monaco Grand Prix,28.0,GAS,42.481
Monaco Grand Prix,28.0,ALO,51.334
Monaco Grand Prix,28.0,RIC,51.86
Monaco Grand Prix,28.0,BOT,54.001
Monaco Grand Prix,28.0,STR,44.066
Monaco Grand Prix,28.0,SAR,52.454
Monaco Grand Prix,28.0,ZHO,52.838
Monaco Grand Prix,29.0,LEC,0.0
Monaco Grand Prix,29.0,PIA,1.451
Monaco Grand Prix,29.0,SAI,4.089
Monaco Grand Prix,29.0,NOR,5.107
Monaco Grand Prix,29.0,RUS,18.281
Monaco Grand Prix,29.0,VER,20.641
Monaco Grand Prix,29.0,HAM,24.491
Monaco Grand Prix,29.0,TSU,39.043
Monaco Grand Prix,29.0,ALB,39.992
Monaco Grand Prix,29.0,GAS,42.804
Monaco Grand Prix,29.0,ALO,53.486
Monaco Grand Prix,29.0,RIC,54.072
Monaco Grand Prix,29.0,BOT,55.805
Monaco Grand Prix,29.0,STR,44.477
Monaco Grand Prix,29.0,SAR,54.735
Monaco Grand Prix,29.0,ZHO,55.123
Monaco Grand Prix,30.0,LEC,0.0
Monaco Grand Prix,30.0,PIA,0.912
Monaco Grand Prix,30.0,SAI,1.48
Monaco Grand Prix,30.0,NOR,3.575
Monaco Grand Prix,30.0,RUS,17.157
Monaco Grand Prix,30.0,VER,19.28
Monaco Grand Prix,30.0,HAM,22.927
Monaco Grand Prix,30.0,TSU,39.603
Monaco Grand Prix,30.0,ALB,41.496
Monaco Grand Prix,30.0,GAS,44.633
Monaco Grand Prix,30.0,ALO,54.585
Monaco Grand Prix,30.0,RIC,55.037
Monaco Grand Prix,30.0,BOT,57.34
Monaco Grand Prix,30.0,STR,45.964
Monaco Grand Prix,30.0,SAR,55.64
Monaco Grand Prix,30.0,ZHO,56.232
Monaco Grand Prix,31.0,LEC,0.0
Monaco Grand Prix,31.0,PIA,0.968
Monaco Grand Prix,31.0,SAI,2.871
Monaco Grand Prix,31.0,NOR,3.9619999999999997
Monaco Grand Prix,31.0,RUS,17.865
Monaco Grand Prix,31.0,VER,19.451
Monaco Grand Prix,31.0,HAM,23.005
Monaco Grand Prix,31.0,TSU,41.4
Monaco Grand Prix,31.0,ALB,44.044
Monaco Grand Prix,31.0,GAS,47.667
Monaco Grand Prix,31.0,ALO,56.834
Monaco Grand Prix,31.0,RIC,57.347
Monaco Grand Prix,31.0,BOT,59.699
Monaco Grand Prix,31.0,STR,50.106
Monaco Grand Prix,31.0,SAR,58.022
Monaco Grand Prix,31.0,ZHO,58.645
Monaco Grand Prix,32.0,LEC,0.0
Monaco Grand Prix,32.0,PIA,0.812
Monaco Grand Prix,32.0,SAI,3.882
Monaco Grand Prix,32.0,NOR,4.375
Monaco Grand Prix,32.0,RUS,17.862
Monaco Grand Prix,32.0,VER,19.309
Monaco Grand Prix,32.0,HAM,22.498
Monaco Grand Prix,32.0,TSU,43.298
Monaco Grand Prix,32.0,ALB,45.067
Monaco Grand Prix,32.0,GAS,49.663
Monaco Grand Prix,32.0,ALO,58.719
Monaco Grand Prix,32.0,RIC,59.162
Monaco Grand Prix,32.0,BOT,61.232
Monaco Grand Prix,32.0,STR,52.233
Monaco Grand Prix,32.0,SAR,59.694
Monaco Grand Prix,32.0,ZHO,60.302
Monaco Grand Prix,33.0,LEC,0.0
Monaco Grand Prix,33.0,PIA,1.3780000000000001
Monaco Grand Prix,33.0,SAI,4.166
Monaco Grand Prix,33.0,NOR,5.114
Monaco Grand Prix,33.0,RUS,18.278
Monaco Grand Prix,33.0,VER,19.82
Monaco Grand Prix,33.0,HAM,22.75
Monaco Grand Prix,33.0,TSU,45.553
Monaco Grand Prix,33.0,ALB,46.064
Monaco Grand Prix,33.0,GAS,52.134
Monaco Grand Prix,33.0,ALO,60.575
Monaco Grand Prix,33.0,RIC,61.063
Monaco Grand Prix,33.0,BOT,63.263
Monaco Grand Prix,33.0,STR,54.275
Monaco Grand Prix,33.0,SAR,61.73
Monaco Grand Prix,33.0,ZHO,62.485
Monaco Grand Prix,34.0,LEC,0.0
Monaco Grand Prix,34.0,PIA,1.037
Monaco Grand Prix,34.0,SAI,3.86
Monaco Grand Prix,34.0,NOR,5.038
Monaco Grand Prix,34.0,RUS,18.338
Monaco Grand Prix,34.0,VER,20.095
Monaco Grand Prix,34.0,HAM,22.291
Monaco Grand Prix,34.0,TSU,45.387
Monaco Grand Prix,34.0,ALB,45.879
Monaco Grand Prix,34.0,GAS,53.566
Monaco Grand Prix,34.0,ALO,62.133
Monaco Grand Prix,34.0,RIC,62.584
Monaco Grand Prix,34.0,BOT,64.847
Monaco Grand Prix,34.0,STR,54.745
Monaco Grand Prix,34.0,SAR,63.149
Monaco Grand Prix,34.0,ZHO,63.902
Monaco Grand Prix,35.0,LEC,0.0
Monaco Grand Prix,35.0,PIA,1.112
Monaco Grand Prix,35.0,SAI,3.795
Monaco Grand Prix,35.0,NOR,5.222
Monaco Grand Prix,35.0,RUS,20.256
Monaco Grand Prix,35.0,VER,21.772
Monaco Grand Prix,35.0,HAM,23.279
Monaco Grand Prix,35.0,TSU,45.83
Monaco Grand Prix,35.0,ALB,46.165
Monaco Grand Prix,35.0,GAS,54.397
Monaco Grand Prix,35.0,ALO,64.035
Monaco Grand Prix,35.0,RIC,64.594
Monaco Grand Prix,35.0,BOT,66.571
Monaco Grand Prix,35.0,STR,55.712
Monaco Grand Prix,35.0,SAR,65.203
Monaco Grand Prix,35.0,ZHO,65.744
Monaco Grand Prix,36.0,LEC,0.0
Monaco Grand Prix,36.0,PIA,1.305
Monaco Grand Prix,36.0,SAI,4.381
Monaco Grand Prix,36.0,NOR,5.115
Monaco Grand Prix,36.0,RUS,21.295
Monaco Grand Prix,36.0,VER,22.717
Monaco Grand Prix,36.0,HAM,25.238
Monaco Grand Prix,36.0,TSU,46.613
Monaco Grand Prix,36.0,ALB,49.104
Monaco Grand Prix,36.0,GAS,55.284
Monaco Grand Prix,36.0,ALO,66.474
Monaco Grand Prix,36.0,RIC,67.031
Monaco Grand Prix,36.0,BOT,69.078
Monaco Grand Prix,36.0,STR,56.32
Monaco Grand Prix,36.0,SAR,67.648
Monaco Grand Prix,36.0,ZHO,68.041
Monaco Grand Prix,37.0,LEC,0.0
Monaco Grand Prix,37.0,PIA,0.992
Monaco Grand Prix,37.0,SAI,3.033
Monaco Grand Prix,37.0,NOR,4.148
Monaco Grand Prix,37.0,RUS,21.127
Monaco Grand Prix,37.0,VER,23.221
Monaco Grand Prix,37.0,HAM,24.918
Monaco Grand Prix,37.0,TSU,47.759
Monaco Grand Prix,37.0,ALB,50.954
Monaco Grand Prix,37.0,GAS,56.334
Monaco Grand Prix,37.0,ALO,69.061
Monaco Grand Prix,37.0,RIC,69.464
Monaco Grand Prix,37.0,BOT,71.539
Monaco Grand Prix,37.0,STR,57.033
Monaco Grand Prix,37.0,SAR,70.127
Monaco Grand Prix,37.0,ZHO,70.565
Monaco Grand Prix,38.0,LEC,0.0
Monaco Grand Prix,38.0,PIA,1.195
Monaco Grand Prix,38.0,SAI,2.917
Monaco Grand Prix,38.0,NOR,3.614
Monaco Grand Prix,38.0,RUS,21.045
Monaco Grand Prix,38.0,VER,23.537
Monaco Grand Prix,38.0,HAM,26.904
Monaco Grand Prix,38.0,TSU,49.348
Monaco Grand Prix,38.0,ALB,52.74
Monaco Grand Prix,38.0,GAS,57.234
Monaco Grand Prix,38.0,ALO,71.615
Monaco Grand Prix,38.0,RIC,72.035
Monaco Grand Prix,38.0,BOT,73.959
Monaco Grand Prix,38.0,STR,58.211
Monaco Grand Prix,38.0,SAR,72.73
Monaco Grand Prix,38.0,ZHO,73.127
Monaco Grand Prix,39.0,LEC,0.0
Monaco Grand Prix,39.0,PIA,1.376
Monaco Grand Prix,39.0,SAI,3.046
Monaco Grand Prix,39.0,NOR,3.7359999999999998
Monaco Grand Prix,39.0,RUS,21.314
Monaco Grand Prix,39.0,VER,23.682
Monaco Grand Prix,39.0,HAM,27.666
Monaco Grand Prix,39.0,TSU,51.022
Monaco Grand Prix,39.0,ALB,54.948
Monaco Grand Prix,39.0,GAS,59.373
Monaco Grand Prix,39.0,ALO,74.699
Monaco Grand Prix,39.0,RIC,75.109
Monaco Grand Prix,39.0,BOT,78.95
Monaco Grand Prix,39.0,STR,59.897
Monaco Grand Prix,39.0,SAR,75.822
Monaco Grand Prix,39.0,ZHO,76.179
Monaco Grand Prix,40.0,LEC,0.0
Monaco Grand Prix,40.0,PIA,1.5939999999999999
Monaco Grand Prix,40.0,SAI,2.966
Monaco Grand Prix,40.0,NOR,3.827
Monaco Grand Prix,40.0,RUS,20.72
Monaco Grand Prix,40.0,VER,23.358
Monaco Grand Prix,40.0,HAM,27.606
Monaco Grand Prix,40.0,TSU,52.034
Monaco Grand Prix,40.0,ALB,56.027
Monaco Grand Prix,40.0,GAS,61.024
Monaco Grand Prix,40.0,ALO,76.721
Monaco Grand Prix,40.0,RIC,77.246
Monaco Grand Prix,40.0,BOT,83.808
Monaco Grand Prix,40.0,STR,61.614
Monaco Grand Prix,40.0,SAR,78.869
Monaco Grand Prix,40.0,ZHO,82.415
Monaco Grand Prix,41.0,LEC,0.0
Monaco Grand Prix,41.0,PIA,1.746
Monaco Grand Prix,41.0,SAI,2.9859999999999998
Monaco Grand Prix,41.0,NOR,3.652
Monaco Grand Prix,41.0,RUS,20.334
Monaco Grand Prix,41.0,VER,22.747
Monaco Grand Prix,41.0,HAM,27.858
Monaco Grand Prix,41.0,TSU,54.112
Monaco Grand Prix,41.0,ALB,56.662
Monaco Grand Prix,41.0,GAS,62.53
Monaco Grand Prix,41.0,ALO,81.473
Monaco Grand Prix,41.0,RIC,83.77
Monaco Grand Prix,41.0,BOT,85.344
Monaco Grand Prix,41.0,STR,63.12
Monaco Grand Prix,41.0,SAR,84.553
Monaco Grand Prix,41.0,ZHO,84.848
Monaco Grand Prix,42.0,LEC,0.0
Monaco Grand Prix,42.0,PIA,2.2640000000000002
Monaco Grand Prix,42.0,SAI,2.88
Monaco Grand Prix,42.0,NOR,3.811
Monaco Grand Prix,42.0,RUS,19.261
Monaco Grand Prix,42.0,VER,21.544
Monaco Grand Prix,42.0,HAM,26.123
Monaco Grand Prix,42.0,TSU,55.155
Monaco Grand Prix,42.0,ALB,57.469
Monaco Grand Prix,42.0,GAS,63.23
Monaco Grand Prix,42.0,ALO,85.528
Monaco Grand Prix,42.0,RIC,86.02
Monaco Grand Prix,42.0,BOT,88.176
Monaco Grand Prix,42.0,STR,80.905
Monaco Grand Prix,42.0,SAR,87.146
Monaco Grand Prix,42.0,ZHO,87.528
Monaco Grand Prix,43.0,LEC,0.0
Monaco Grand Prix,43.0,PIA,2.597
Monaco Grand Prix,43.0,SAI,4.609
Monaco Grand Prix,43.0,NOR,5.742
Monaco Grand Prix,43.0,RUS,20.08
Monaco Grand Prix,43.0,VER,22.037
Monaco Grand Prix,43.0,HAM,26.125
Monaco Grand Prix,43.0,TSU,57.425
Monaco Grand Prix,43.0,ALB,59.1
Monaco Grand Prix,43.0,GAS,66.413
Monaco Grand Prix,43.0,ALO,87.949
Monaco Grand Prix,43.0,RIC,89.208
Monaco Grand Prix,43.0,BOT,91.223
Monaco Grand Prix,43.0,STR,85.815
Monaco Grand Prix,43.0,SAR,89.833
Monaco Grand Prix,43.0,ZHO,90.241
Monaco Grand Prix,44.0,LEC,0.0
Monaco Grand Prix,44.0,PIA,2.598
Monaco Grand Prix,44.0,SAI,5.095
Monaco Grand Prix,44.0,NOR,6.372
Monaco Grand Prix,44.0,RUS,19.981
Monaco Grand Prix,44.0,VER,22.166
Monaco Grand Prix,44.0,HAM,26.074
Monaco Grand Prix,44.0,TSU,59.543
Monaco Grand Prix,44.0,ALB,60.507
Monaco Grand Prix,44.0,GAS,68.758
Monaco Grand Prix,44.0,ALO,88.525
Monaco Grand Prix,44.0,RIC,88.935
Monaco Grand Prix,44.0,BOT,92.719
Monaco Grand Prix,44.0,STR,86.09
Monaco Grand Prix,44.0,SAR,91.068
Monaco Grand Prix,44.0,ZHO,91.575
Monaco Grand Prix,45.0,LEC,0.0
Monaco Grand Prix,45.0,PIA,2.1390000000000002
Monaco Grand Prix,45.0,SAI,4.439
Monaco Grand Prix,45.0,NOR,5.728
Monaco Grand Prix,45.0,RUS,19.889
Monaco Grand Prix,45.0,VER,21.938
Monaco Grand Prix,45.0,HAM,25.689
Monaco Grand Prix,45.0,TSU,61.146
Monaco Grand Prix,45.0,ALB,63.714
Monaco Grand Prix,45.0,GAS,69.599
Monaco Grand Prix,45.0,ALO,89.94
Monaco Grand Prix,45.0,RIC,92.155
Monaco Grand Prix,45.0,BOT,94.221
Monaco Grand Prix,45.0,STR,86.355
Monaco Grand Prix,45.0,SAR,93.247
Monaco Grand Prix,45.0,ZHO,93.72
Monaco Grand Prix,46.0,LEC,0.0
Monaco Grand Prix,46.0,PIA,2.195
Monaco Grand Prix,46.0,SAI,4.603
Monaco Grand Prix,46.0,NOR,5.376
Monaco Grand Prix,46.0,RUS,19.709
Monaco Grand Prix,46.0,VER,21.574
Monaco Grand Prix,46.0,HAM,25.226
Monaco Grand Prix,46.0,TSU,62.873
Monaco Grand Prix,46.0,ALB,65.741
Monaco Grand Prix,46.0,GAS,71.002
Monaco Grand Prix,46.0,ALO,90.301
Monaco Grand Prix,46.0,RIC,90.76
Monaco Grand Prix,46.0,BOT,96.071
Monaco Grand Prix,46.0,STR,86.084
Monaco Grand Prix,46.0,SAR,94.804
Monaco Grand Prix,46.0,ZHO,95.299
Monaco Grand Prix,47.0,LEC,0.0
Monaco Grand Prix,47.0,PIA,1.409
Monaco Grand Prix,47.0,SAI,3.559
Monaco Grand Prix,47.0,NOR,4.332
Monaco Grand Prix,47.0,RUS,18.838
Monaco Grand Prix,47.0,VER,20.926
Monaco Grand Prix,47.0,HAM,24.372
Monaco Grand Prix,47.0,TSU,64.114
Monaco Grand Prix,47.0,ALB,67.018
Monaco Grand Prix,47.0,GAS,71.252
Monaco Grand Prix,47.0,ALO,90.225
Monaco Grand Prix,47.0,RIC,92.646
Monaco Grand Prix,47.0,BOT,99.855
Monaco Grand Prix,47.0,STR,84.961
Monaco Grand Prix,47.0,SAR,95.507
Monaco Grand Prix,47.0,ZHO,96.189
Monaco Grand Prix,48.0,LEC,0.0
Monaco Grand Prix,48.0,PIA,1.863
Monaco Grand Prix,48.0,SAI,3.512
Monaco Grand Prix,48.0,NOR,4.366
Monaco Grand Prix,48.0,RUS,19.599
Monaco Grand Prix,48.0,VER,21.322
Monaco Grand Prix,48.0,HAM,24.262
Monaco Grand Prix,48.0,TSU,66.716
Monaco Grand Prix,48.0,ALB,68.398
Monaco Grand Prix,48.0,GAS,73.176
Monaco Grand Prix,48.0,ALO,92.599
Monaco Grand Prix,48.0,RIC,92.987
Monaco Grand Prix,48.0,BOT,102.476
Monaco Grand Prix,48.0,STR,116.152
Monaco Grand Prix,48.0,SAR,98.536
Monaco Grand Prix,48.0,ZHO,100.729
Monaco Grand Prix,49.0,LEC,0.0
Monaco Grand Prix,49.0,PIA,1.4929999999999999
Monaco Grand Prix,49.0,SAI,3.265
Monaco Grand Prix,49.0,NOR,4.037
Monaco Grand Prix,49.0,RUS,20.078
Monaco Grand Prix,49.0,VER,21.293
Monaco Grand Prix,49.0,HAM,23.154
Monaco Grand Prix,49.0,TSU,68.319
Monaco Grand Prix,49.0,ALB,69.27
Monaco Grand Prix,49.0,GAS,75.204
Monaco Grand Prix,49.0,ALO,93.93
Monaco Grand Prix,49.0,RIC,94.318
Monaco Grand Prix,49.0,BOT,104.788
Monaco Grand Prix,49.0,STR,116.735
Monaco Grand Prix,49.0,SAR,103.996
Monaco Grand Prix,49.0,ZHO,104.357
Monaco Grand Prix,50.0,LEC,0.0
Monaco Grand Prix,50.0,PIA,1.658
Monaco Grand Prix,50.0,SAI,3.625
Monaco Grand Prix,50.0,NOR,4.07
Monaco Grand Prix,50.0,RUS,20.34
Monaco Grand Prix,50.0,VER,21.988
Monaco Grand Prix,50.0,HAM,23.43
Monaco Grand Prix,50.0,TSU,69.687
Monaco Grand Prix,50.0,ALB,70.353
Monaco Grand Prix,50.0,GAS,78.042
Monaco Grand Prix,50.0,ALO,95.079
Monaco Grand Prix,50.0,RIC,95.929
Monaco Grand Prix,50.0,BOT,106.842
Monaco Grand Prix,50.0,STR,116.338
Monaco Grand Prix,50.0,SAR,106.103
Monaco Grand Prix,50.0,ZHO,107.118
Monaco Grand Prix,51.0,LEC,0.0
Monaco Grand Prix,51.0,PIA,1.7770000000000001
Monaco Grand Prix,51.0,SAI,3.363
Monaco Grand Prix,51.0,NOR,4.052
Monaco Grand Prix,51.0,RUS,20.599
Monaco Grand Prix,51.0,VER,22.34
Monaco Grand Prix,51.0,HAM,40.849
Monaco Grand Prix,51.0,TSU,70.537
Monaco Grand Prix,51.0,ALB,71.426
Monaco Grand Prix,51.0,GAS,84.725
Monaco Grand Prix,51.0,ALO,97.925
Monaco Grand Prix,51.0,RIC,100.822
Monaco Grand Prix,51.0,BOT,106.257
Monaco Grand Prix,51.0,STR,115.53
Monaco Grand Prix,51.0,SAR,110.13
Monaco Grand Prix,51.0,ZHO,110.29
Monaco Grand Prix,52.0,LEC,0.0
Monaco Grand Prix,52.0,PIA,1.6800000000000002
Monaco Grand Prix,52.0,SAI,3.146
Monaco Grand Prix,52.0,NOR,3.964
Monaco Grand Prix,52.0,RUS,20.89
Monaco Grand Prix,52.0,VER,37.934
Monaco Grand Prix,52.0,HAM,42.24
Monaco Grand Prix,52.0,TSU,72.34
Monaco Grand Prix,52.0,ALB,74.669
Monaco Grand Prix,52.0,GAS,86.157
Monaco Grand Prix,52.0,ALO,102.991
Monaco Grand Prix,52.0,RIC,103.207
Monaco Grand Prix,52.0,BOT,105.148
Monaco Grand Prix,52.0,STR,114.569
Monaco Grand Prix,52.0,SAR,112.599
Monaco Grand Prix,52.0,ZHO,112.949
Monaco Grand Prix,53.0,LEC,0.0
Monaco Grand Prix,53.0,PIA,1.541
Monaco Grand Prix,53.0,SAI,3.157
Monaco Grand Prix,53.0,NOR,3.786
Monaco Grand Prix,53.0,RUS,24.033
Monaco Grand Prix,53.0,VER,38.91
Monaco Grand Prix,53.0,HAM,40.95
Monaco Grand Prix,53.0,TSU,74.446
Monaco Grand Prix,53.0,ALB,77.621
Monaco Grand Prix,53.0,GAS,88.326
Monaco Grand Prix,53.0,ALO,105.235
Monaco Grand Prix,53.0,RIC,105.538
Monaco Grand Prix,53.0,BOT,105.856
Monaco Grand Prix,53.0,STR,118.368
Monaco Grand Prix,53.0,SAR,116.169
Monaco Grand Prix,53.0,ZHO,116.576
Monaco Grand Prix,54.0,LEC,0.0
Monaco Grand Prix,54.0,PIA,1.546
Monaco Grand Prix,54.0,SAI,3.542
Monaco Grand Prix,54.0,NOR,4.267
Monaco Grand Prix,54.0,RUS,24.877
Monaco Grand Prix,54.0,VER,37.368
Monaco Grand Prix,54.0,HAM,39.981
Monaco Grand Prix,54.0,TSU,82.859
Monaco Grand Prix,54.0,ALB,83.911
Monaco Grand Prix,54.0,GAS,90.06
Monaco Grand Prix,54.0,ALO,107.069
Monaco Grand Prix,54.0,RIC,107.357
Monaco Grand Prix,54.0,BOT,107.902
Monaco Grand Prix,54.0,STR,121.582
Monaco Grand Prix,54.0,SAR,121.101
Monaco Grand Prix,54.0,ZHO,121.372
Monaco Grand Prix,55.0,LEC,0.0
Monaco Grand Prix,55.0,PIA,1.5470000000000002
Monaco Grand Prix,55.0,SAI,4.759
Monaco Grand Prix,55.0,NOR,5.205
Monaco Grand Prix,55.0,RUS,24.738
Monaco Grand Prix,55.0,VER,35.322
Monaco Grand Prix,55.0,HAM,39.029
Monaco Grand Prix,55.0,TSU,85.196
Monaco Grand Prix,55.0,ALB,85.552
Monaco Grand Prix,55.0,GAS,92.023
Monaco Grand Prix,55.0,ALO,109.036
Monaco Grand Prix,55.0,RIC,109.37
Monaco Grand Prix,55.0,BOT,110.833
Monaco Grand Prix,55.0,STR,124.101
Monaco Grand Prix,55.0,SAR,123.999
Monaco Grand Prix,55.0,ZHO,125.327
Monaco Grand Prix,56.0,LEC,0.0
Monaco Grand Prix,56.0,PIA,1.737
Monaco Grand Prix,56.0,SAI,5.612
Monaco Grand Prix,56.0,NOR,6.094
Monaco Grand Prix,56.0,RUS,24.543
Monaco Grand Prix,56.0,VER,33.522
Monaco Grand Prix,56.0,HAM,36.186
Monaco Grand Prix,56.0,TSU,86.432
Monaco Grand Prix,56.0,ALB,87.082
Monaco Grand Prix,56.0,GAS,94.461
Monaco Grand Prix,56.0,ALO,112.509
Monaco Grand Prix,56.0,RIC,114.111
Monaco Grand Prix,56.0,BOT,115.224
Monaco Grand Prix,56.0,STR,124.114
Monaco Grand Prix,56.0,SAR,128.207
Monaco Grand Prix,56.0,ZHO,128.376
Monaco Grand Prix,57.0,LEC,0.0
Monaco Grand Prix,57.0,PIA,1.397
Monaco Grand Prix,57.0,SAI,5.571
Monaco Grand Prix,57.0,NOR,6.269
Monaco Grand Prix,57.0,RUS,23.813
Monaco Grand Prix,57.0,VER,32.063
Monaco Grand Prix,57.0,HAM,36.403
Monaco Grand Prix,57.0,TSU,87.291
Monaco Grand Prix,57.0,ALB,87.713
Monaco Grand Prix,57.0,GAS,96.269
Monaco Grand Prix,57.0,ALO,115.469
Monaco Grand Prix,57.0,RIC,116.143
Monaco Grand Prix,57.0,BOT,116.578
Monaco Grand Prix,57.0,STR,123.388
Monaco Grand Prix,57.0,SAR,148.313
Monaco Grand Prix,57.0,ZHO,131.855
Monaco Grand Prix,58.0,LEC,0.0
Monaco Grand Prix,58.0,PIA,1.713
Monaco Grand Prix,58.0,SAI,6.044
Monaco Grand Prix,58.0,NOR,6.636
Monaco Grand Prix,58.0,RUS,23.927
Monaco Grand Prix,58.0,VER,29.604
Monaco Grand Prix,58.0,HAM,36.23
Monaco Grand Prix,58.0,TSU,89.0
Monaco Grand Prix,58.0,ALB,89.375
Monaco Grand Prix,58.0,GAS,98.338
Monaco Grand Prix,58.0,ALO,117.67
Monaco Grand Prix,58.0,RIC,118.234
Monaco Grand Prix,58.0,BOT,118.83
Monaco Grand Prix,58.0,STR,123.516
Monaco Grand Prix,58.0,SAR,151.094
Monaco Grand Prix,58.0,ZHO,133.622
Monaco Grand Prix,59.0,LEC,0.0
Monaco Grand Prix,59.0,PIA,1.721
Monaco Grand Prix,59.0,SAI,6.144
Monaco Grand Prix,59.0,NOR,6.724
Monaco Grand Prix,59.0,RUS,23.735
Monaco Grand Prix,59.0,VER,27.318
Monaco Grand Prix,59.0,HAM,33.4
Monaco Grand Prix,59.0,TSU,90.001
Monaco Grand Prix,59.0,ALB,90.542
Monaco Grand Prix,59.0,GAS,102.682
Monaco Grand Prix,59.0,ALO,119.855
Monaco Grand Prix,59.0,RIC,120.136
Monaco Grand Prix,59.0,BOT,120.795
Monaco Grand Prix,59.0,STR,123.192
Monaco Grand Prix,59.0,SAR,149.654
Monaco Grand Prix,59.0,ZHO,134.524
Monaco Grand Prix,60.0,LEC,0.0
Monaco Grand Prix,60.0,PIA,1.924
Monaco Grand Prix,60.0,SAI,4.889
Monaco Grand Prix,60.0,NOR,7.005
Monaco Grand Prix,60.0,RUS,23.925
Monaco Grand Prix,60.0,VER,26.142
Monaco Grand Prix,60.0,HAM,32.834
Monaco Grand Prix,60.0,TSU,93.246
Monaco Grand Prix,60.0,ALB,93.661
Monaco Grand Prix,60.0,GAS,106.505
Monaco Grand Prix,60.0,ALO,122.607
Monaco Grand Prix,60.0,RIC,122.952
Monaco Grand Prix,60.0,BOT,123.45
Monaco Grand Prix,60.0,STR,124.104
Monaco Grand Prix,60.0,SAR,148.82
Monaco Grand Prix,60.0,ZHO,136.655
Monaco Grand Prix,61.0,LEC,0.0
Monaco Grand Prix,61.0,PIA,1.8319999999999999
Monaco Grand Prix,61.0,SAI,7.072
Monaco Grand Prix,61.0,NOR,7.756
Monaco Grand Prix,61.0,RUS,23.759
Monaco Grand Prix,61.0,VER,24.4
Monaco Grand Prix,61.0,HAM,31.245
Monaco Grand Prix,61.0,TSU,96.681
Monaco Grand Prix,61.0,ALB,97.02
Monaco Grand Prix,61.0,GAS,110.049
Monaco Grand Prix,61.0,ALO,124.496
Monaco Grand Prix,61.0,RIC,124.86
Monaco Grand Prix,61.0,BOT,125.21
Monaco Grand Prix,61.0,STR,125.539
Monaco Grand Prix,61.0,SAR,147.515
Monaco Grand Prix,61.0,ZHO,138.499
Monaco Grand Prix,62.0,LEC,0.0
Monaco Grand Prix,62.0,PIA,1.4729999999999999
Monaco Grand Prix,62.0,SAI,4.344
Monaco Grand Prix,62.0,NOR,6.328
Monaco Grand Prix,62.0,RUS,23.092
Monaco Grand Prix,62.0,VER,23.507
Monaco Grand Prix,62.0,HAM,29.205
Monaco Grand Prix,62.0,TSU,98.602
Monaco Grand Prix,62.0,ALB,99.072
Monaco Grand Prix,62.0,GAS,111.064
Monaco Grand Prix,62.0,ALO,125.858
Monaco Grand Prix,62.0,RIC,126.383
Monaco Grand Prix,62.0,BOT,126.72
Monaco Grand Prix,62.0,STR,127.155
Monaco Grand Prix,62.0,SAR,145.586
Monaco Grand Prix,62.0,ZHO,139.862
Monaco Grand Prix,63.0,LEC,0.0
Monaco Grand Prix,63.0,PIA,1.423
Monaco Grand Prix,63.0,SAI,5.58
Monaco Grand Prix,63.0,NOR,6.233
Monaco Grand Prix,63.0,RUS,22.701999999999998
Monaco Grand Prix,63.0,VER,23.083
Monaco Grand Prix,63.0,HAM,26.399
Monaco Grand Prix,63.0,TSU,104.849
Monaco Grand Prix,63.0,ALB,105.186
Monaco Grand Prix,63.0,GAS,113.248
Monaco Grand Prix,63.0,ALO,127.443
Monaco Grand Prix,63.0,RIC,128.217
Monaco Grand Prix,63.0,BOT,128.773
Monaco Grand Prix,63.0,STR,129.284
Monaco Grand Prix,63.0,SAR,144.303
Monaco Grand Prix,63.0,ZHO,141.68
Monaco Grand Prix,64.0,LEC,0.0
Monaco Grand Prix,64.0,PIA,1.772
Monaco Grand Prix,64.0,SAI,3.833
Monaco Grand Prix,64.0,NOR,5.415
Monaco Grand Prix,64.0,RUS,22.275
Monaco Grand Prix,64.0,VER,23.142
Monaco Grand Prix,64.0,HAM,26.003
Monaco Grand Prix,64.0,TSU,105.92
Monaco Grand Prix,64.0,ALB,106.537
Monaco Grand Prix,64.0,GAS,115.556
Monaco Grand Prix,64.0,ALO,129.619
Monaco Grand Prix,64.0,RIC,130.294
Monaco Grand Prix,64.0,BOT,130.744
Monaco Grand Prix,64.0,STR,131.149
Monaco Grand Prix,64.0,SAR,144.638
Monaco Grand Prix,64.0,ZHO,144.415
Monaco Grand Prix,65.0,LEC,0.0
Monaco Grand Prix,65.0,PIA,1.556
Monaco Grand Prix,65.0,SAI,5.3629999999999995
Monaco Grand Prix,65.0,NOR,5.951
Monaco Grand Prix,65.0,RUS,21.319
Monaco Grand Prix,65.0,VER,22.003
Monaco Grand Prix,65.0,HAM,24.586
Monaco Grand Prix,65.0,TSU,106.332
Monaco Grand Prix,65.0,ALB,107.191
Monaco Grand Prix,65.0,GAS,118.169
Monaco Grand Prix,65.0,ALO,131.645
Monaco Grand Prix,65.0,RIC,132.417
Monaco Grand Prix,65.0,BOT,132.779
Monaco Grand Prix,65.0,STR,133.274
Monaco Grand Prix,65.0,SAR,147.9
Monaco Grand Prix,65.0,ZHO,147.527
Monaco Grand Prix,66.0,LEC,0.0
Monaco Grand Prix,66.0,PIA,1.7069999999999999
Monaco Grand Prix,66.0,SAI,4.283
Monaco Grand Prix,66.0,NOR,5.676
Monaco Grand Prix,66.0,RUS,20.678
Monaco Grand Prix,66.0,VER,21.635
Monaco Grand Prix,66.0,HAM,23.439
Monaco Grand Prix,66.0,TSU,108.04
Monaco Grand Prix,66.0,ALB,108.705
Monaco Grand Prix,66.0,GAS,120.406
Monaco Grand Prix,66.0,ALO,133.793
Monaco Grand Prix,66.0,RIC,134.176
Monaco Grand Prix,66.0,BOT,134.673
Monaco Grand Prix,66.0,STR,135.533
Monaco Grand Prix,66.0,SAR,152.21
Monaco Grand Prix,66.0,ZHO,150.787
Monaco Grand Prix,67.0,LEC,0.0
Monaco Grand Prix,67.0,PIA,2.362
Monaco Grand Prix,67.0,SAI,5.189
Monaco Grand Prix,67.0,NOR,5.85
Monaco Grand Prix,67.0,RUS,20.894
Monaco Grand Prix,67.0,VER,21.97
Monaco Grand Prix,67.0,HAM,23.615
Monaco Grand Prix,67.0,TSU,110.247
Monaco Grand Prix,67.0,ALB,110.638
Monaco Grand Prix,67.0,GAS,123.089
Monaco Grand Prix,67.0,ALO,135.978
Monaco Grand Prix,67.0,RIC,136.454
Monaco Grand Prix,67.0,BOT,137.199
Monaco Grand Prix,67.0,STR,138.228
Monaco Grand Prix,67.0,SAR,156.616
Monaco Grand Prix,67.0,ZHO,155.203
Monaco Grand Prix,68.0,LEC,0.0
Monaco Grand Prix,68.0,PIA,2.8810000000000002
Monaco Grand Prix,68.0,SAI,4.702
Monaco Grand Prix,68.0,NOR,5.9399999999999995
Monaco Grand Prix,68.0,RUS,20.743
Monaco Grand Prix,68.0,VER,21.842
Monaco Grand Prix,68.0,HAM,23.369
Monaco Grand Prix,68.0,TSU,112.374
Monaco Grand Prix,68.0,ALB,112.941
Monaco Grand Prix,68.0,GAS,125.552
Monaco Grand Prix,68.0,ALO,137.835
Monaco Grand Prix,68.0,RIC,138.488
Monaco Grand Prix,68.0,BOT,139.169
Monaco Grand Prix,68.0,STR,140.203
Monaco Grand Prix,68.0,SAR,160.538
Monaco Grand Prix,68.0,ZHO,164.338
Monaco Grand Prix,69.0,LEC,0.0
Monaco Grand Prix,69.0,PIA,3.879
Monaco Grand Prix,69.0,SAI,4.547
Monaco Grand Prix,69.0,NOR,5.881
Monaco Grand Prix,69.0,RUS,20.239
Monaco Grand Prix,69.0,VER,20.932
Monaco Grand Prix,69.0,HAM,22.644
Monaco Grand Prix,69.0,TSU,116.033
Monaco Grand Prix,69.0,ALB,116.489
Monaco Grand Prix,69.0,GAS,127.542
Monaco Grand Prix,69.0,ALO,140.175
Monaco Grand Prix,69.0,RIC,140.501
Monaco Grand Prix,69.0,BOT,140.884
Monaco Grand Prix,69.0,STR,142.105
Monaco Grand Prix,69.0,SAR,160.242
Monaco Grand Prix,69.0,ZHO,168.449
Monaco Grand Prix,70.0,LEC,0.0
Monaco Grand Prix,70.0,PIA,5.382
Monaco Grand Prix,70.0,SAI,5.897
Monaco Grand Prix,70.0,NOR,7.327
Monaco Grand Prix,70.0,RUS,19.723
Monaco Grand Prix,70.0,VER,20.614
Monaco Grand Prix,70.0,HAM,22.515
Monaco Grand Prix,70.0,TSU,119.613
Monaco Grand Prix,70.0,ALB,120.092
Monaco Grand Prix,70.0,GAS,129.574
Monaco Grand Prix,70.0,ALO,142.881
Monaco Grand Prix,70.0,RIC,143.44
Monaco Grand Prix,70.0,BOT,143.895
Monaco Grand Prix,70.0,STR,144.895
Monaco Grand Prix,70.0,SAR,161.341
Monaco Grand Prix,70.0,ZHO,193.58
Monaco Grand Prix,71.0,LEC,0.0
Monaco Grand Prix,71.0,PIA,7.404
Monaco Grand Prix,71.0,SAI,7.949
Monaco Grand Prix,71.0,NOR,8.774000000000001
Monaco Grand Prix,71.0,RUS,20.388
Monaco Grand Prix,71.0,VER,21.111
Monaco Grand Prix,71.0,HAM,22.996
Monaco Grand Prix,71.0,TSU,122.709
Monaco Grand Prix,71.0,ALB,123.887
Monaco Grand Prix,71.0,GAS,132.552
Monaco Grand Prix,71.0,ALO,145.852
Monaco Grand Prix,71.0,RIC,146.386
Monaco Grand Prix,71.0,BOT,146.837
Monaco Grand Prix,71.0,STR,148.197
Monaco Grand Prix,71.0,SAR,162.505
Monaco Grand Prix,71.0,ZHO,203.713
Monaco Grand Prix,72.0,LEC,0.0
Monaco Grand Prix,72.0,PIA,8.509
Monaco Grand Prix,72.0,SAI,9.187
Monaco Grand Prix,72.0,NOR,10.028
Monaco Grand Prix,72.0,RUS,20.68
Monaco Grand Prix,72.0,VER,21.297
Monaco Grand Prix,72.0,HAM,22.917
Monaco Grand Prix,72.0,TSU,124.241
Monaco Grand Prix,72.0,ALB,126.505
Monaco Grand Prix,72.0,GAS,135.387
Monaco Grand Prix,72.0,ALO,148.386
Monaco Grand Prix,72.0,RIC,148.907
Monaco Grand Prix,72.0,BOT,149.637
Monaco Grand Prix,72.0,STR,150.982
Monaco Grand Prix,72.0,SAR,163.36
Monaco Grand Prix,72.0,ZHO,208.751
Monaco Grand Prix,73.0,LEC,0.0
Monaco Grand Prix,73.0,PIA,8.571
Monaco Grand Prix,73.0,SAI,9.385
Monaco Grand Prix,73.0,NOR,10.094
Monaco Grand Prix,73.0,RUS,19.689
Monaco Grand Prix,73.0,VER,20.514
Monaco Grand Prix,73.0,HAM,21.832
Monaco Grand Prix,73.0,TSU,123.977
Monaco Grand Prix,73.0,ALB,128.718
Monaco Grand Prix,73.0,GAS,137.16
Monaco Grand Prix,73.0,ALO,150.671
Monaco Grand Prix,73.0,RIC,151.2
Monaco Grand Prix,73.0,BOT,153.486
Monaco Grand Prix,73.0,STR,155.472
Monaco Grand Prix,73.0,SAR,163.511
Monaco Grand Prix,73.0,ZHO,207.765
Monaco Grand Prix,74.0,LEC,0.0
Monaco Grand Prix,74.0,PIA,8.822
Monaco Grand Prix,74.0,SAI,9.343
Monaco Grand Prix,74.0,NOR,10.418
Monaco Grand Prix,74.0,RUS,18.96
Monaco Grand Prix,74.0,VER,19.789
Monaco Grand Prix,74.0,HAM,21.051
Monaco Grand Prix,74.0,TSU,123.334
Monaco Grand Prix,74.0,ALB,130.627
Monaco Grand Prix,74.0,GAS,137.744
Monaco Grand Prix,74.0,ALO,154.902
Monaco Grand Prix,74.0,RIC,155.453
Monaco Grand Prix,74.0,BOT,155.699
Monaco Grand Prix,74.0,STR,157.597
Monaco Grand Prix,74.0,SAR,164.269
Monaco Grand Prix,74.0,ZHO,212.133
Monaco Grand Prix,75.0,LEC,0.0
Monaco Grand Prix,75.0,PIA,9.079
Monaco Grand Prix,75.0,SAI,9.861
Monaco Grand Prix,75.0,NOR,10.548
Monaco Grand Prix,75.0,RUS,18.098
Monaco Grand Prix,75.0,VER,18.798000000000002
Monaco Grand Prix,75.0,HAM,19.988
Monaco Grand Prix,75.0,TSU,121.939
Monaco Grand Prix,75.0,ALB,132.09
Monaco Grand Prix,75.0,GAS,139.477
Monaco Grand Prix,75.0,ALO,157.178
Monaco Grand Prix,75.0,RIC,157.711
Monaco Grand Prix,75.0,BOT,158.091
Monaco Grand Prix,75.0,STR,159.721
Monaco Grand Prix,75.0,SAR,164.206
Monaco Grand Prix,75.0,ZHO,210.464
Monaco Grand Prix,76.0,LEC,0.0
Monaco Grand Prix,76.0,PIA,8.861
Monaco Grand Prix,76.0,SAI,9.381
Monaco Grand Prix,76.0,NOR,10.411
Monaco Grand Prix,76.0,RUS,17.043
Monaco Grand Prix,76.0,VER,17.631
Monaco Grand Prix,76.0,HAM,18.425
Monaco Grand Prix,76.0,TSU,120.336
Monaco Grand Prix,76.0,ALB,132.561
Monaco Grand Prix,76.0,GAS,140.185
Monaco Grand Prix,76.0,ALO,159.423
Monaco Grand Prix,76.0,RIC,159.833
Monaco Grand Prix,76.0,BOT,160.057
Monaco Grand Prix,76.0,STR,161.536
Monaco Grand Prix,76.0,SAR,164.595
Monaco Grand Prix,76.0,ZHO,210.829
Monaco Grand Prix,77.0,LEC,0.0
Monaco Grand Prix,77.0,PIA,8.662
Monaco Grand Prix,77.0,SAI,9.149
Monaco Grand Prix,77.0,NOR,9.99
Monaco Grand Prix,77.0,RUS,15.642
Monaco Grand Prix,77.0,VER,16.241
Monaco Grand Prix,77.0,HAM,17.189
Monaco Grand Prix,77.0,TSU,118.123
Monaco Grand Prix,77.0,ALB,132.688
Monaco Grand Prix,77.0,GAS,138.877
Monaco Grand Prix,78.0,LEC,0.0
Monaco Grand Prix,78.0,PIA,7.152
Monaco Grand Prix,78.0,SAI,7.585
Monaco Grand Prix,78.0,NOR,8.65
Monaco Grand Prix,78.0,RUS,13.309
Monaco Grand Prix,78.0,VER,13.853
Monaco Grand Prix,78.0,HAM,14.908
Canadian Grand Prix,1.0,VER,1.27
Canadian Grand Prix,1.0,GAS,16.938
Canadian Grand Prix,1.0,PER,16.337
Canadian Grand Prix,1.0,ALO,5.566
Canadian Grand Prix,1.0,LEC,10.689
Canadian Grand Prix,1.0,STR,9.359
Canadian Grand Prix,1.0,SAR,13.962
Canadian Grand Prix,1.0,MAG,8.104
Canadian Grand Prix,1.0,TSU,10.982
Canadian Grand Prix,1.0,ALB,12.064
Canadian Grand Prix,1.0,ZHO,19.84
Canadian Grand Prix,1.0,HUL,12.412
Canadian Grand Prix,1.0,RIC,7.582
Canadian Grand Prix,1.0,OCO,15.203
Canadian Grand Prix,1.0,NOR,2.999
Canadian Grand Prix,1.0,HAM,6.437
Canadian Grand Prix,1.0,SAI,13.94
Canadian Grand Prix,1.0,RUS,0.0
Canadian Grand Prix,1.0,BOT,18.084
Canadian Grand Prix,1.0,PIA,4.735
Canadian Grand Prix,2.0,VER,2.386
Canadian Grand Prix,2.0,GAS,23.487
Canadian Grand Prix,2.0,PER,22.561
Canadian Grand Prix,2.0,ALO,9.638
Canadian Grand Prix,2.0,LEC,16.249
Canadian Grand Prix,2.0,STR,13.769
Canadian Grand Prix,2.0,SAR,18.953
Canadian Grand Prix,2.0,MAG,8.341
Canadian Grand Prix,2.0,TSU,17.351
Canadian Grand Prix,2.0,ALB,18.418
Canadian Grand Prix,2.0,ZHO,26.951999999999998
Canadian Grand Prix,2.0,HUL,14.496
Canadian Grand Prix,2.0,RIC,12.632
Canadian Grand Prix,2.0,OCO,21.584
Canadian Grand Prix,2.0,NOR,4.646
Canadian Grand Prix,2.0,HAM,10.26
Canadian Grand Prix,2.0,SAI,19.963
Canadian Grand Prix,2.0,RUS,0.0
Canadian Grand Prix,2.0,BOT,24.551
Canadian Grand Prix,2.0,PIA,6.77
Canadian Grand Prix,3.0,VER,2.433
Canadian Grand Prix,3.0,GAS,27.587
Canadian Grand Prix,3.0,PER,26.22
Canadian Grand Prix,3.0,ALO,11.458
Canadian Grand Prix,3.0,LEC,19.1
Canadian Grand Prix,3.0,STR,18.061
Canadian Grand Prix,3.0,SAR,24.306
Canadian Grand Prix,3.0,MAG,8.079
Canadian Grand Prix,3.0,TSU,20.89
Canadian Grand Prix,3.0,ALB,21.969
Canadian Grand Prix,3.0,ZHO,31.966
Canadian Grand Prix,3.0,HUL,14.751
Canadian Grand Prix,3.0,RIC,16.795
Canadian Grand Prix,3.0,OCO,25.347
Canadian Grand Prix,3.0,NOR,4.819
Canadian Grand Prix,3.0,HAM,12.578
Canadian Grand Prix,3.0,SAI,24.044
Canadian Grand Prix,3.0,RUS,0.0
Canadian Grand Prix,3.0,BOT,28.91
Canadian Grand Prix,3.0,PIA,8.79
Canadian Grand Prix,4.0,VER,2.953
Canadian Grand Prix,4.0,GAS,31.909
Canadian Grand Prix,4.0,PER,31.005
Canadian Grand Prix,4.0,ALO,13.516
Canadian Grand Prix,4.0,LEC,22.328
Canadian Grand Prix,4.0,STR,20.778
Canadian Grand Prix,4.0,SAR,28.242
Canadian Grand Prix,4.0,MAG,7.487
Canadian Grand Prix,4.0,TSU,23.78
Canadian Grand Prix,4.0,ALB,25.306
Canadian Grand Prix,4.0,ZHO,37.166
Canadian Grand Prix,4.0,HUL,15.219
Canadian Grand Prix,4.0,RIC,19.714
Canadian Grand Prix,4.0,OCO,30.508
Canadian Grand Prix,4.0,NOR,5.372
Canadian Grand Prix,4.0,HAM,14.659
Canadian Grand Prix,4.0,SAI,27.09
Canadian Grand Prix,4.0,RUS,0.0
Canadian Grand Prix,4.0,BOT,32.933
Canadian Grand Prix,4.0,PIA,11.799
Canadian Grand Prix,5.0,VER,2.718
Canadian Grand Prix,5.0,GAS,36.661
Canadian Grand Prix,5.0,PER,35.491
Canadian Grand Prix,5.0,ALO,15.767
Canadian Grand Prix,5.0,LEC,24.592
Canadian Grand Prix,5.0,STR,23.728
Canadian Grand Prix,5.0,SAR,32.508
Canadian Grand Prix,5.0,MAG,7.922
Canadian Grand Prix,5.0,TSU,25.568
Canadian Grand Prix,5.0,ALB,29.289
Canadian Grand Prix,5.0,ZHO,41.399
Canadian Grand Prix,5.0,HUL,17.229
Canadian Grand Prix,5.0,RIC,23.008
Canadian Grand Prix,5.0,OCO,34.921
Canadian Grand Prix,5.0,NOR,6.163
Canadian Grand Prix,5.0,HAM,16.47
Canadian Grand Prix,5.0,SAI,30.375
Canadian Grand Prix,5.0,RUS,0.0
Canadian Grand Prix,5.0,BOT,37.476
Canadian Grand Prix,5.0,PIA,14.295
Canadian Grand Prix,6.0,VER,2.453
Canadian Grand Prix,6.0,GAS,40.336
Canadian Grand Prix,6.0,PER,38.969
Canadian Grand Prix,6.0,ALO,19.188
Canadian Grand Prix,6.0,LEC,27.993
Canadian Grand Prix,6.0,STR,27.484
Canadian Grand Prix,6.0,SAR,57.935
Canadian Grand Prix,6.0,MAG,9.696
Canadian Grand Prix,6.0,TSU,29.315
Canadian Grand Prix,6.0,ALB,32.307
Canadian Grand Prix,6.0,ZHO,46.028
Canadian Grand Prix,6.0,HUL,20.508
Canadian Grand Prix,6.0,RIC,26.793
Canadian Grand Prix,6.0,OCO,38.523
Canadian Grand Prix,6.0,NOR,8.301
Canadian Grand Prix,6.0,HAM,19.235
Canadian Grand Prix,6.0,SAI,33.225
Canadian Grand Prix,6.0,RUS,0.0
Canadian Grand Prix,6.0,BOT,41.613
Canadian Grand Prix,6.0,PIA,14.456
Canadian Grand Prix,7.0,VER,2.737
Canadian Grand Prix,7.0,GAS,44.706
Canadian Grand Prix,7.0,PER,42.066
Canadian Grand Prix,7.0,ALO,23.345
Canadian Grand Prix,7.0,LEC,31.56
Canadian Grand Prix,7.0,STR,30.205
Canadian Grand Prix,7.0,SAR,60.992
Canadian Grand Prix,7.0,MAG,34.141
Canadian Grand Prix,7.0,TSU,32.517
Canadian Grand Prix,7.0,ALB,35.302
Canadian Grand Prix,7.0,ZHO,50.372
Canadian Grand Prix,7.0,HUL,25.692
Canadian Grand Prix,7.0,RIC,29.816
Canadian Grand Prix,7.0,OCO,41.269
Canadian Grand Prix,7.0,NOR,9.874
Canadian Grand Prix,7.0,HAM,24.127
Canadian Grand Prix,7.0,SAI,35.976
Canadian Grand Prix,7.0,RUS,0.0
Canadian Grand Prix,7.0,BOT,46.294
Canadian Grand Prix,7.0,PIA,15.436
Canadian Grand Prix,8.0,VER,2.036
Canadian Grand Prix,8.0,GAS,46.101
Canadian Grand Prix,8.0,PER,43.731
Canadian Grand Prix,8.0,ALO,24.444
Canadian Grand Prix,8.0,LEC,33.861
Canadian Grand Prix,8.0,STR,32.287
Canadian Grand Prix,8.0,SAR,63.686
Canadian Grand Prix,8.0,MAG,40.658
Canadian Grand Prix,8.0,TSU,34.541
Canadian Grand Prix,8.0,ALB,36.798
Canadian Grand Prix,8.0,ZHO,52.794
Canadian Grand Prix,8.0,HUL,28.395
Canadian Grand Prix,8.0,RIC,31.69
Canadian Grand Prix,8.0,OCO,43.103
Canadian Grand Prix,8.0,NOR,9.706
Canadian Grand Prix,8.0,HAM,25.184
Canadian Grand Prix,8.0,SAI,37.612
Canadian Grand Prix,8.0,RUS,0.0
Canadian Grand Prix,8.0,BOT,48.507
Canadian Grand Prix,8.0,PIA,15.102
Canadian Grand Prix,9.0,VER,1.794
Canadian Grand Prix,9.0,GAS,47.46
Canadian Grand Prix,9.0,PER,46.498
Canadian Grand Prix,9.0,ALO,24.909
Canadian Grand Prix,9.0,LEC,36.251
Canadian Grand Prix,9.0,STR,34.736
Canadian Grand Prix,9.0,SAR,65.252
Canadian Grand Prix,9.0,MAG,43.952
Canadian Grand Prix,9.0,TSU,37.02
Canadian Grand Prix,9.0,ALB,38.622
Canadian Grand Prix,9.0,ZHO,55.457
Canadian Grand Prix,9.0,HUL,32.261
Canadian Grand Prix,9.0,RIC,33.807
Canadian Grand Prix,9.0,OCO,45.589
Canadian Grand Prix,9.0,NOR,9.165
Canadian Grand Prix,9.0,HAM,25.793
Canadian Grand Prix,9.0,SAI,39.365
Canadian Grand Prix,9.0,RUS,0.0
Canadian Grand Prix,9.0,BOT,50.567
Canadian Grand Prix,9.0,PIA,15.744
Canadian Grand Prix,10.0,VER,1.299
Canadian Grand Prix,10.0,GAS,49.156
Canadian Grand Prix,10.0,PER,47.913
Canadian Grand Prix,10.0,ALO,25.144
Canadian Grand Prix,10.0,LEC,38.555
Canadian Grand Prix,10.0,STR,37.732
Canadian Grand Prix,10.0,SAR,66.522
Canadian Grand Prix,10.0,MAG,45.291
Canadian Grand Prix,10.0,TSU,39.258
Canadian Grand Prix,10.0,ALB,40.438
Canadian Grand Prix,10.0,ZHO,58.573
Canadian Grand Prix,10.0,HUL,37.142
Canadian Grand Prix,10.0,RIC,37.399
Canadian Grand Prix,10.0,OCO,47.231
Canadian Grand Prix,10.0,NOR,10.235
Canadian Grand Prix,10.0,HAM,26.42
Canadian Grand Prix,10.0,SAI,41.129
Canadian Grand Prix,10.0,RUS,0.0
Canadian Grand Prix,10.0,BOT,52.199
Canadian Grand Prix,10.0,PIA,15.413
Canadian Grand Prix,11.0,VER,1.258
Canadian Grand Prix,11.0,GAS,52.734
Canadian Grand Prix,11.0,PER,50.506
Canadian Grand Prix,11.0,ALO,24.774
Canadian Grand Prix,11.0,LEC,42.974
Canadian Grand Prix,11.0,STR,42.236
Canadian Grand Prix,11.0,SAR,66.856
Canadian Grand Prix,11.0,MAG,46.297
Canadian Grand Prix,11.0,TSU,43.517
Canadian Grand Prix,11.0,ALB,43.983
Canadian Grand Prix,11.0,ZHO,60.823
Canadian Grand Prix,11.0,HUL,42.073
Canadian Grand Prix,11.0,RIC,41.162
Canadian Grand Prix,11.0,OCO,48.386
Canadian Grand Prix,11.0,NOR,8.526
Canadian Grand Prix,11.0,HAM,25.635
Canadian Grand Prix,11.0,SAI,44.424
Canadian Grand Prix,11.0,RUS,0.0
Canadian Grand Prix,11.0,BOT,54.126
Canadian Grand Prix,11.0,PIA,14.677
Canadian Grand Prix,12.0,VER,0.804
Canadian Grand Prix,12.0,GAS,53.25
Canadian Grand Prix,12.0,PER,52.119
Canadian Grand Prix,12.0,ALO,24.598
Canadian Grand Prix,12.0,LEC,46.687
Canadian Grand Prix,12.0,STR,43.991
Canadian Grand Prix,12.0,SAR,66.939
Canadian Grand Prix,12.0,MAG,49.691
Canadian Grand Prix,12.0,TSU,47.566
Canadian Grand Prix,12.0,ALB,48.147
Canadian Grand Prix,12.0,ZHO,62.195
Canadian Grand Prix,12.0,HUL,64.771
Canadian Grand Prix,12.0,RIC,42.231
Canadian Grand Prix,12.0,OCO,51.056
Canadian Grand Prix,12.0,NOR,7.649
Canadian Grand Prix,12.0,HAM,25.086
Canadian Grand Prix,12.0,SAI,48.709
Canadian Grand Prix,12.0,RUS,0.0
Canadian Grand Prix,12.0,BOT,55.766
Canadian Grand Prix,12.0,PIA,13.893
Canadian Grand Prix,13.0,VER,0.754
Canadian Grand Prix,13.0,GAS,55.488
Canadian Grand Prix,13.0,PER,54.339
Canadian Grand Prix,13.0,ALO,24.677
Canadian Grand Prix,13.0,LEC,48.625
Canadian Grand Prix,13.0,STR,45.664
Canadian Grand Prix,13.0,SAR,71.175
Canadian Grand Prix,13.0,MAG,52.204
Canadian Grand Prix,13.0,TSU,49.346
Canadian Grand Prix,13.0,ALB,49.84
Canadian Grand Prix,13.0,ZHO,65.377
Canadian Grand Prix,13.0,HUL,70.46
Canadian Grand Prix,13.0,RIC,43.9
Canadian Grand Prix,13.0,OCO,53.718
Canadian Grand Prix,13.0,NOR,7.248
Canadian Grand Prix,13.0,HAM,25.187
Canadian Grand Prix,13.0,SAI,50.804
Canadian Grand Prix,13.0,RUS,0.0
Canadian Grand Prix,13.0,BOT,57.22
Canadian Grand Prix,13.0,PIA,14.168
Canadian Grand Prix,14.0,VER,0.503
Canadian Grand Prix,14.0,GAS,57.068
Canadian Grand Prix,14.0,PER,56.144
Canadian Grand Prix,14.0,ALO,24.213
Canadian Grand Prix,14.0,LEC,49.018
Canadian Grand Prix,14.0,STR,46.332
Canadian Grand Prix,14.0,SAR,72.346
Canadian Grand Prix,14.0,MAG,53.565
Canadian Grand Prix,14.0,TSU,50.19
Canadian Grand Prix,14.0,ALB,50.894
Canadian Grand Prix,14.0,ZHO,67.021
Canadian Grand Prix,14.0,HUL,70.594
Canadian Grand Prix,14.0,RIC,44.086
Canadian Grand Prix,14.0,OCO,55.021
Canadian Grand Prix,14.0,NOR,5.327
Canadian Grand Prix,14.0,HAM,25.902
Canadian Grand Prix,14.0,SAI,51.918
Canadian Grand Prix,14.0,RUS,0.0
Canadian Grand Prix,14.0,BOT,58.502
Canadian Grand Prix,14.0,PIA,12.963
Canadian Grand Prix,15.0,VER,0.435
Canadian Grand Prix,15.0,GAS,58.259
Canadian Grand Prix,15.0,PER,57.037
Canadian Grand Prix,15.0,ALO,23.498
Canadian Grand Prix,15.0,LEC,49.181
Canadian Grand Prix,15.0,STR,46.644
Canadian Grand Prix,15.0,SAR,72.822
Canadian Grand Prix,15.0,MAG,53.871
Canadian Grand Prix,15.0,TSU,50.751
Canadian Grand Prix,15.0,ALB,51.216
Canadian Grand Prix,15.0,ZHO,68.867
Canadian Grand Prix,15.0,HUL,71.133
Canadian Grand Prix,15.0,RIC,44.124
Canadian Grand Prix,15.0,OCO,55.836
Canadian Grand Prix,15.0,NOR,4.256
Canadian Grand Prix,15.0,HAM,25.02
Canadian Grand Prix,15.0,SAI,52.301
Canadian Grand Prix,15.0,RUS,0.0
Canadian Grand Prix,15.0,BOT,60.286
Canadian Grand Prix,15.0,PIA,12.162
Canadian Grand Prix,16.0,VER,1.082
Canadian Grand Prix,16.0,GAS,59.224
Canadian Grand Prix,16.0,PER,57.998
Canadian Grand Prix,16.0,ALO,22.884
Canadian Grand Prix,16.0,LEC,50.369
Canadian Grand Prix,16.0,STR,46.917
Canadian Grand Prix,16.0,SAR,74.809
Canadian Grand Prix,16.0,MAG,54.568
Canadian Grand Prix,16.0,TSU,51.787
Canadian Grand Prix,16.0,ALB,52.389
Canadian Grand Prix,16.0,ZHO,71.066
Canadian Grand Prix,16.0,HUL,72.783
Canadian Grand Prix,16.0,RIC,44.516
Canadian Grand Prix,16.0,OCO,56.557
Canadian Grand Prix,16.0,NOR,3.318
Canadian Grand Prix,16.0,HAM,24.261
Canadian Grand Prix,16.0,SAI,53.79
Canadian Grand Prix,16.0,RUS,0.0
Canadian Grand Prix,16.0,BOT,62.534
Canadian Grand Prix,16.0,PIA,11.435
Canadian Grand Prix,17.0,VER,2.737
Canadian Grand Prix,17.0,GAS,59.605
Canadian Grand Prix,17.0,PER,59.115
Canadian Grand Prix,17.0,ALO,23.531
Canadian Grand Prix,17.0,LEC,51.093
Canadian Grand Prix,17.0,STR,46.681
Canadian Grand Prix,17.0,SAR,75.144
Canadian Grand Prix,17.0,MAG,54.804
Canadian Grand Prix,17.0,TSU,52.312
Canadian Grand Prix,17.0,ALB,53.522
Canadian Grand Prix,17.0,ZHO,72.056
Canadian Grand Prix,17.0,HUL,73.672
Canadian Grand Prix,17.0,RIC,44.702
Canadian Grand Prix,17.0,OCO,57.164
Canadian Grand Prix,17.0,NOR,3.419
Canadian Grand Prix,17.0,HAM,24.086
Canadian Grand Prix,17.0,SAI,53.772
Canadian Grand Prix,17.0,RUS,0.0
Canadian Grand Prix,17.0,BOT,63.769
Canadian Grand Prix,17.0,PIA,10.246
Canadian Grand Prix,18.0,VER,1.8159999999999998
Canadian Grand Prix,18.0,GAS,61.181
Canadian Grand Prix,18.0,PER,59.402
Canadian Grand Prix,18.0,ALO,22.492
Canadian Grand Prix,18.0,LEC,51.015
Canadian Grand Prix,18.0,STR,46.46
Canadian Grand Prix,18.0,SAR,75.207
Canadian Grand Prix,18.0,MAG,54.88
Canadian Grand Prix,18.0,TSU,52.687
Canadian Grand Prix,18.0,ALB,52.919
Canadian Grand Prix,18.0,ZHO,72.414
Canadian Grand Prix,18.0,HUL,73.657
Canadian Grand Prix,18.0,RIC,44.304
Canadian Grand Prix,18.0,OCO,57.209
Canadian Grand Prix,18.0,NOR,2.294
Canadian Grand Prix,18.0,HAM,22.742
Canadian Grand Prix,18.0,SAI,53.894
Canadian Grand Prix,18.0,RUS,0.0
Canadian Grand Prix,18.0,BOT,63.751
Canadian Grand Prix,18.0,PIA,8.865
Canadian Grand Prix,19.0,VER,1.291
Canadian Grand Prix,19.0,GAS,62.067
Canadian Grand Prix,19.0,PER,59.877
Canadian Grand Prix,19.0,ALO,22.158
Canadian Grand Prix,19.0,LEC,51.596
Canadian Grand Prix,19.0,STR,46.814
Canadian Grand Prix,19.0,SAR,75.165
Canadian Grand Prix,19.0,MAG,56.179
Canadian Grand Prix,19.0,TSU,52.829
Canadian Grand Prix,19.0,ALB,52.235
Canadian Grand Prix,19.0,ZHO,74.118
Canadian Grand Prix,19.0,HUL,74.599
Canadian Grand Prix,19.0,RIC,44.457
Canadian Grand Prix,19.0,OCO,58.244
Canadian Grand Prix,19.0,NOR,1.545
Canadian Grand Prix,19.0,HAM,23.033
Canadian Grand Prix,19.0,SAI,54.266
Canadian Grand Prix,19.0,RUS,0.0
Canadian Grand Prix,19.0,BOT,65.374
Canadian Grand Prix,19.0,PIA,7.868
Canadian Grand Prix,20.0,VER,1.542
Canadian Grand Prix,20.0,GAS,62.871
Canadian Grand Prix,20.0,PER,61.893
Canadian Grand Prix,20.0,ALO,21.632
Canadian Grand Prix,20.0,LEC,53.796
Canadian Grand Prix,20.0,STR,47.694
Canadian Grand Prix,20.0,SAR,78.408
Canadian Grand Prix,20.0,MAG,57.779
Canadian Grand Prix,20.0,TSU,54.61
Canadian Grand Prix,20.0,ALB,53.059
Canadian Grand Prix,20.0,ZHO,77.353
Canadian Grand Prix,20.0,HUL,76.213
Canadian Grand Prix,20.0,RIC,44.997
Canadian Grand Prix,20.0,OCO,59.368
Canadian Grand Prix,20.0,NOR,1.004
Canadian Grand Prix,20.0,HAM,22.317
Canadian Grand Prix,20.0,SAI,55.48
Canadian Grand Prix,20.0,RUS,0.0
Canadian Grand Prix,20.0,BOT,66.125
Canadian Grand Prix,20.0,PIA,7.245
Canadian Grand Prix,21.0,VER,1.924
Canadian Grand Prix,21.0,GAS,64.431
Canadian Grand Prix,21.0,PER,67.16
Canadian Grand Prix,21.0,ALO,21.506
Canadian Grand Prix,21.0,LEC,55.917
Canadian Grand Prix,21.0,STR,48.226
Canadian Grand Prix,21.0,SAR,81.498
Canadian Grand Prix,21.0,MAG,58.994
Canadian Grand Prix,21.0,TSU,55.355
Canadian Grand Prix,21.0,ALB,53.992
Canadian Grand Prix,21.0,ZHO,79.171
Canadian Grand Prix,21.0,HUL,77.092
Canadian Grand Prix,21.0,RIC,44.936
Canadian Grand Prix,21.0,OCO,61.001
Canadian Grand Prix,21.0,NOR,0.0
Canadian Grand Prix,21.0,HAM,21.714
Canadian Grand Prix,21.0,SAI,57.383
Canadian Grand Prix,21.0,RUS,2.259
Canadian Grand Prix,21.0,BOT,67.978
Canadian Grand Prix,21.0,PIA,6.4
Canadian Grand Prix,22.0,VER,4.085
Canadian Grand Prix,22.0,GAS,65.167
Canadian Grand Prix,22.0,PER,68.915
Canadian Grand Prix,22.0,ALO,22.528
Canadian Grand Prix,22.0,LEC,58.741
Canadian Grand Prix,22.0,STR,50.22
Canadian Grand Prix,22.0,SAR,83.8
Canadian Grand Prix,22.0,MAG,61.709
Canadian Grand Prix,22.0,TSU,57.749
Canadian Grand Prix,22.0,ALB,55.77
Canadian Grand Prix,22.0,ZHO,82.77
Canadian Grand Prix,22.0,HUL,79.058
Canadian Grand Prix,22.0,RIC,46.469
Canadian Grand Prix,22.0,OCO,63.226
Canadian Grand Prix,22.0,NOR,0.0
Canadian Grand Prix,22.0,HAM,22.723
Canadian Grand Prix,22.0,SAI,59.849
Canadian Grand Prix,22.0,RUS,5.409
Canadian Grand Prix,22.0,BOT,71.485
Canadian Grand Prix,22.0,PIA,7.332
Canadian Grand Prix,23.0,VER,5.43
Canadian Grand Prix,23.0,GAS,65.005
Canadian Grand Prix,23.0,PER,70.087
Canadian Grand Prix,23.0,ALO,23.259
Canadian Grand Prix,23.0,LEC,60.118
Canadian Grand Prix,23.0,STR,52.14
Canadian Grand Prix,23.0,SAR,87.523
Canadian Grand Prix,23.0,MAG,63.661
Canadian Grand Prix,23.0,TSU,59.086
Canadian Grand Prix,23.0,ALB,57.29
Canadian Grand Prix,23.0,ZHO,86.61
Canadian Grand Prix,23.0,HUL,79.949
Canadian Grand Prix,23.0,RIC,47.907
Canadian Grand Prix,23.0,OCO,64.716
Canadian Grand Prix,23.0,NOR,0.0
Canadian Grand Prix,23.0,HAM,24.01
Canadian Grand Prix,23.0,SAI,61.442
Canadian Grand Prix,23.0,RUS,7.057
Canadian Grand Prix,23.0,BOT,73.979
Canadian Grand Prix,23.0,PIA,7.936
Canadian Grand Prix,24.0,VER,7.721
Canadian Grand Prix,24.0,GAS,67.801
Canadian Grand Prix,24.0,PER,71.964
Canadian Grand Prix,24.0,ALO,25.18
Canadian Grand Prix,24.0,LEC,63.016
Canadian Grand Prix,24.0,STR,53.667
Canadian Grand Prix,24.0,SAR,152.78
Canadian Grand Prix,24.0,MAG,66.481
Canadian Grand Prix,24.0,TSU,61.329
Canadian Grand Prix,24.0,ALB,59.262
Canadian Grand Prix,24.0,ZHO,113.659
Canadian Grand Prix,24.0,HUL,87.65
Canadian Grand Prix,24.0,RIC,49.39
Canadian Grand Prix,24.0,OCO,67.174
Canadian Grand Prix,24.0,NOR,0.0
Canadian Grand Prix,24.0,HAM,25.598
Canadian Grand Prix,24.0,SAI,63.226
Canadian Grand Prix,24.0,RUS,9.074
Canadian Grand Prix,24.0,BOT,78.312
Canadian Grand Prix,24.0,PIA,9.466
Canadian Grand Prix,25.0,VER,30.217
Canadian Grand Prix,25.0,GAS,105.274
Canadian Grand Prix,25.0,PER,116.98
Canadian Grand Prix,25.0,ALO,52.61
Canadian Grand Prix,25.0,LEC,96.573
Canadian Grand Prix,25.0,STR,85.409
Canadian Grand Prix,25.0,MAG,104.279
Canadian Grand Prix,25.0,TSU,80.628
Canadian Grand Prix,25.0,ALB,93.382
Canadian Grand Prix,25.0,ZHO,135.606
Canadian Grand Prix,25.0,HUL,120.224
Canadian Grand Prix,25.0,RIC,68.153
Canadian Grand Prix,25.0,OCO,88.467
Canadian Grand Prix,25.0,NOR,0.0
Canadian Grand Prix,25.0,HAM,51.307
Canadian Grand Prix,25.0,SAI,103.475
Canadian Grand Prix,25.0,RUS,30.496
Canadian Grand Prix,25.0,BOT,101.36
Canadian Grand Prix,25.0,PIA,31.539
Canadian Grand Prix,26.0,VER,0.0
Canadian Grand Prix,26.0,GAS,78.608
Canadian Grand Prix,26.0,PER,88.991
Canadian Grand Prix,26.0,ALO,32.038
Canadian Grand Prix,26.0,LEC,68.098
Canadian Grand Prix,26.0,STR,58.133
Canadian Grand Prix,26.0,MAG,77.506
Canadian Grand Prix,26.0,TSU,52.535
Canadian Grand Prix,26.0,ALB,65.017
Canadian Grand Prix,26.0,ZHO,98.984
Canadian Grand Prix,26.0,HUL,90.815
Canadian Grand Prix,26.0,RIC,61.247
Canadian Grand Prix,26.0,OCO,60.338
Canadian Grand Prix,26.0,NOR,1.565
Canadian Grand Prix,26.0,HAM,26.203
Canadian Grand Prix,26.0,SAI,74.25
Canadian Grand Prix,26.0,RUS,2.097
Canadian Grand Prix,26.0,BOT,74.133
Canadian Grand Prix,26.0,PIA,3.3689999999999998
Canadian Grand Prix,27.0,VER,0.0
Canadian Grand Prix,27.0,GAS,51.622
Canadian Grand Prix,27.0,PER,53.473
Canadian Grand Prix,27.0,ALO,14.144
Canadian Grand Prix,27.0,LEC,43.281
Canadian Grand Prix,27.0,STR,25.769
Canadian Grand Prix,27.0,MAG,49.023
Canadian Grand Prix,27.0,TSU,21.379
Canadian Grand Prix,27.0,ALB,38.829
Canadian Grand Prix,27.0,ZHO,67.335
Canadian Grand Prix,27.0,HUL,57.353
Canadian Grand Prix,27.0,RIC,35.855
Canadian Grand Prix,27.0,OCO,28.583
Canadian Grand Prix,27.0,NOR,3.058
Canadian Grand Prix,27.0,HAM,5.297
Canadian Grand Prix,27.0,SAI,47.104
Canadian Grand Prix,27.0,RUS,1.004
Canadian Grand Prix,27.0,BOT,45.833
Canadian Grand Prix,27.0,PIA,4.435
Canadian Grand Prix,28.0,VER,0.0
Canadian Grand Prix,28.0,GAS,25.276
Canadian Grand Prix,28.0,PER,26.745
Canadian Grand Prix,28.0,ALO,5.391
Canadian Grand Prix,28.0,LEC,53.715
Canadian Grand Prix,28.0,STR,10.243
Canadian Grand Prix,28.0,MAG,23.916
Canadian Grand Prix,28.0,TSU,8.546
Canadian Grand Prix,28.0,ALB,14.99
Canadian Grand Prix,28.0,ZHO,36.505
Canadian Grand Prix,28.0,HUL,28.76
Canadian Grand Prix,28.0,RIC,13.69
Canadian Grand Prix,28.0,OCO,11.645
Canadian Grand Prix,28.0,NOR,2.549
Canadian Grand Prix,28.0,HAM,4.632
Canadian Grand Prix,28.0,SAI,22.442
Canadian Grand Prix,28.0,RUS,1.722
Canadian Grand Prix,28.0,BOT,19.376
Canadian Grand Prix,28.0,PIA,3.643
Canadian Grand Prix,29.0,VER,0.0
Canadian Grand Prix,29.0,GAS,7.909
Canadian Grand Prix,29.0,PER,8.485
Canadian Grand Prix,29.0,ALO,2.621
Canadian Grand Prix,29.0,LEC,19.678
Canadian Grand Prix,29.0,STR,4.739
Canadian Grand Prix,29.0,MAG,7.513
Canadian Grand Prix,29.0,TSU,3.623
Canadian Grand Prix,29.0,ALB,6.055
Canadian Grand Prix,29.0,ZHO,10.03
Canadian Grand Prix,29.0,HUL,9.484
Canadian Grand Prix,29.0,RIC,5.924
Canadian Grand Prix,29.0,OCO,5.265
Canadian Grand Prix,29.0,NOR,1.062
Canadian Grand Prix,29.0,HAM,1.995
Canadian Grand Prix,29.0,SAI,6.953
Canadian Grand Prix,29.0,RUS,0.446
Canadian Grand Prix,29.0,BOT,6.53
Canadian Grand Prix,29.0,PIA,1.414
Canadian Grand Prix,30.0,VER,0.0
Canadian Grand Prix,30.0,GAS,11.253
Canadian Grand Prix,30.0,PER,11.631
Canadian Grand Prix,30.0,ALO,4.898
Canadian Grand Prix,30.0,LEC,38.197
Canadian Grand Prix,30.0,STR,6.72
Canadian Grand Prix,30.0,MAG,11.067
Canadian Grand Prix,30.0,TSU,5.923
Canadian Grand Prix,30.0,ALB,9.098
Canadian Grand Prix,30.0,ZHO,13.019
Canadian Grand Prix,30.0,HUL,12.115
Canadian Grand Prix,30.0,RIC,10.392
Canadian Grand Prix,30.0,OCO,10.265
Canadian Grand Prix,30.0,NOR,1.937
Canadian Grand Prix,30.0,HAM,3.553
Canadian Grand Prix,30.0,SAI,10.989
Canadian Grand Prix,30.0,RUS,0.783
Canadian Grand Prix,30.0,BOT,10.832
Canadian Grand Prix,30.0,PIA,2.651
Canadian Grand Prix,31.0,VER,0.0
Canadian Grand Prix,31.0,GAS,14.557
Canadian Grand Prix,31.0,PER,16.194
Canadian Grand Prix,31.0,ALO,6.171
Canadian Grand Prix,31.0,LEC,82.635
Canadian Grand Prix,31.0,STR,8.471
Canadian Grand Prix,31.0,MAG,15.444
Canadian Grand Prix,31.0,TSU,7.739
Canadian Grand Prix,31.0,ALB,10.254
Canadian Grand Prix,31.0,ZHO,17.435
Canadian Grand Prix,31.0,HUL,18.876
Canadian Grand Prix,31.0,RIC,13.323
Canadian Grand Prix,31.0,OCO,12.423
Canadian Grand Prix,31.0,NOR,2.887
Canadian Grand Prix,31.0,HAM,4.867
Canadian Grand Prix,31.0,SAI,14.115
Canadian Grand Prix,31.0,RUS,1.405
Canadian Grand Prix,31.0,BOT,13.567
Canadian Grand Prix,31.0,PIA,3.9939999999999998
Canadian Grand Prix,32.0,VER,0.0
Canadian Grand Prix,32.0,GAS,15.589
Canadian Grand Prix,32.0,PER,17.826
Canadian Grand Prix,32.0,ALO,7.182
Canadian Grand Prix,32.0,LEC,86.267
Canadian Grand Prix,32.0,STR,8.715
Canadian Grand Prix,32.0,MAG,16.931
Canadian Grand Prix,32.0,TSU,8.275
Canadian Grand Prix,32.0,ALB,10.691
Canadian Grand Prix,32.0,ZHO,18.425
Canadian Grand Prix,32.0,HUL,19.237
Canadian Grand Prix,32.0,RIC,14.277
Canadian Grand Prix,32.0,OCO,13.094
Canadian Grand Prix,32.0,NOR,2.735
Canadian Grand Prix,32.0,HAM,5.701
Canadian Grand Prix,32.0,SAI,15.232
Canadian Grand Prix,32.0,RUS,1.174
Canadian Grand Prix,32.0,BOT,15.001
Canadian Grand Prix,32.0,PIA,3.504
Canadian Grand Prix,33.0,VER,0.0
Canadian Grand Prix,33.0,GAS,16.986
Canadian Grand Prix,33.0,PER,18.711
Canadian Grand Prix,33.0,ALO,8.357
Canadian Grand Prix,33.0,LEC,85.008
Canadian Grand Prix,33.0,STR,10.032
Canadian Grand Prix,33.0,MAG,17.688
Canadian Grand Prix,33.0,TSU,9.561
Canadian Grand Prix,33.0,ALB,11.512
Canadian Grand Prix,33.0,ZHO,20.334
Canadian Grand Prix,33.0,HUL,21.04
Canadian Grand Prix,33.0,RIC,14.623
Canadian Grand Prix,33.0,OCO,13.713
Canadian Grand Prix,33.0,NOR,2.21
Canadian Grand Prix,33.0,HAM,5.109
Canadian Grand Prix,33.0,SAI,16.406
Canadian Grand Prix,33.0,RUS,0.963
Canadian Grand Prix,33.0,BOT,15.754
Canadian Grand Prix,33.0,PIA,3.6310000000000002
Canadian Grand Prix,34.0,VER,0.0
Canadian Grand Prix,34.0,GAS,18.166
Canadian Grand Prix,34.0,PER,19.561
Canadian Grand Prix,34.0,ALO,9.457
Canadian Grand Prix,34.0,LEC,85.308
Canadian Grand Prix,34.0,STR,12.114
Canadian Grand Prix,34.0,MAG,18.941
Canadian Grand Prix,34.0,TSU,11.005
Canadian Grand Prix,34.0,ALB,13.724
Canadian Grand Prix,34.0,ZHO,21.629
Canadian Grand Prix,34.0,HUL,22.603
Canadian Grand Prix,34.0,RIC,16.019
Canadian Grand Prix,34.0,OCO,14.855
Canadian Grand Prix,34.0,NOR,2.553
Canadian Grand Prix,34.0,HAM,4.715
Canadian Grand Prix,34.0,SAI,17.102
Canadian Grand Prix,34.0,RUS,0.892
Canadian Grand Prix,34.0,BOT,16.766
Canadian Grand Prix,34.0,PIA,3.331
Canadian Grand Prix,35.0,VER,0.0
Canadian Grand Prix,35.0,GAS,19.806
Canadian Grand Prix,35.0,PER,21.474
Canadian Grand Prix,35.0,ALO,10.537
Canadian Grand Prix,35.0,LEC,88.752
Canadian Grand Prix,35.0,STR,13.387
Canadian Grand Prix,35.0,MAG,20.649
Canadian Grand Prix,35.0,TSU,12.744
Canadian Grand Prix,35.0,ALB,15.686
Canadian Grand Prix,35.0,ZHO,23.997
Canadian Grand Prix,35.0,HUL,24.527
Canadian Grand Prix,35.0,RIC,17.861
Canadian Grand Prix,35.0,OCO,16.882
Canadian Grand Prix,35.0,NOR,3.068
Canadian Grand Prix,35.0,HAM,4.853
Canadian Grand Prix,35.0,SAI,19.009
Canadian Grand Prix,35.0,RUS,1.425
Canadian Grand Prix,35.0,BOT,18.382
Canadian Grand Prix,35.0,PIA,3.726
Canadian Grand Prix,36.0,VER,0.0
Canadian Grand Prix,36.0,GAS,21.137
Canadian Grand Prix,36.0,PER,22.551
Canadian Grand Prix,36.0,ALO,11.949
Canadian Grand Prix,36.0,LEC,94.433
Canadian Grand Prix,36.0,STR,14.816
Canadian Grand Prix,36.0,MAG,21.957
Canadian Grand Prix,36.0,TSU,14.241
Canadian Grand Prix,36.0,ALB,17.431
Canadian Grand Prix,36.0,ZHO,25.377
Canadian Grand Prix,36.0,HUL,25.841
Canadian Grand Prix,36.0,RIC,19.929
Canadian Grand Prix,36.0,OCO,18.52
Canadian Grand Prix,36.0,NOR,3.169
Canadian Grand Prix,36.0,HAM,4.953
Canadian Grand Prix,36.0,SAI,20.645
Canadian Grand Prix,36.0,RUS,1.8050000000000002
Canadian Grand Prix,36.0,BOT,20.29
Canadian Grand Prix,36.0,PIA,4.519
Canadian Grand Prix,37.0,VER,0.0
Canadian Grand Prix,37.0,GAS,23.032
Canadian Grand Prix,37.0,PER,24.281
Canadian Grand Prix,37.0,ALO,13.538
Canadian Grand Prix,37.0,LEC,95.7
Canadian Grand Prix,37.0,STR,16.647
Canadian Grand Prix,37.0,MAG,24.492
Canadian Grand Prix,37.0,TSU,15.362
Canadian Grand Prix,37.0,ALB,19.094
Canadian Grand Prix,37.0,ZHO,27.739
Canadian Grand Prix,37.0,HUL,27.064
Canadian Grand Prix,37.0,RIC,21.097
Canadian Grand Prix,37.0,OCO,20.442
Canadian Grand Prix,37.0,NOR,3.5949999999999998
Canadian Grand Prix,37.0,HAM,6.068
Canadian Grand Prix,37.0,SAI,22.192
Canadian Grand Prix,37.0,RUS,2.299
Canadian Grand Prix,37.0,BOT,21.665
Canadian Grand Prix,37.0,PIA,4.54
Canadian Grand Prix,38.0,VER,0.0
Canadian Grand Prix,38.0,GAS,24.399
Canadian Grand Prix,38.0,PER,25.855
Canadian Grand Prix,38.0,ALO,15.291
Canadian Grand Prix,38.0,LEC,97.889
Canadian Grand Prix,38.0,STR,18.336
Canadian Grand Prix,38.0,MAG,26.966
Canadian Grand Prix,38.0,TSU,17.113
Canadian Grand Prix,38.0,ALB,20.685
Canadian Grand Prix,38.0,ZHO,30.281
Canadian Grand Prix,38.0,HUL,27.679
Canadian Grand Prix,38.0,RIC,22.358
Canadian Grand Prix,38.0,OCO,21.777
Canadian Grand Prix,38.0,NOR,3.917
Canadian Grand Prix,38.0,HAM,6.101
Canadian Grand Prix,38.0,SAI,23.63
Canadian Grand Prix,38.0,RUS,2.407
Canadian Grand Prix,38.0,BOT,23.101
Canadian Grand Prix,38.0,PIA,4.958
Canadian Grand Prix,39.0,VER,0.0
Canadian Grand Prix,39.0,GAS,26.951
Canadian Grand Prix,39.0,PER,27.556
Canadian Grand Prix,39.0,ALO,16.477
Canadian Grand Prix,39.0,LEC,99.042
Canadian Grand Prix,39.0,STR,20.087
Canadian Grand Prix,39.0,MAG,28.833
Canadian Grand Prix,39.0,TSU,18.406
Canadian Grand Prix,39.0,ALB,22.283
Canadian Grand Prix,39.0,ZHO,33.299
Canadian Grand Prix,39.0,HUL,29.169
Canadian Grand Prix,39.0,RIC,23.945
Canadian Grand Prix,39.0,OCO,23.131
Canadian Grand Prix,39.0,NOR,4.47
Canadian Grand Prix,39.0,HAM,6.153
Canadian Grand Prix,39.0,SAI,26.009
Canadian Grand Prix,39.0,RUS,2.965
Canadian Grand Prix,39.0,BOT,24.744
Canadian Grand Prix,39.0,PIA,5.253
Canadian Grand Prix,40.0,VER,0.0
Canadian Grand Prix,40.0,GAS,44.507
Canadian Grand Prix,40.0,PER,28.675
Canadian Grand Prix,40.0,ALO,17.362
Canadian Grand Prix,40.0,LEC,100.565
Canadian Grand Prix,40.0,STR,20.755
Canadian Grand Prix,40.0,MAG,30.353
Canadian Grand Prix,40.0,TSU,19.401
Canadian Grand Prix,40.0,ALB,23.179
Canadian Grand Prix,40.0,ZHO,36.317
Canadian Grand Prix,40.0,HUL,32.034
Canadian Grand Prix,40.0,RIC,25.563
Canadian Grand Prix,40.0,OCO,23.855
Canadian Grand Prix,40.0,NOR,3.9619999999999997
Canadian Grand Prix,40.0,HAM,5.322
Canadian Grand Prix,40.0,SAI,27.506
Canadian Grand Prix,40.0,RUS,2.81
Canadian Grand Prix,40.0,BOT,26.057
Canadian Grand Prix,40.0,PIA,4.981
Canadian Grand Prix,41.0,VER,0.0
Canadian Grand Prix,41.0,GAS,60.897
Canadian Grand Prix,41.0,PER,29.749
Canadian Grand Prix,41.0,ALO,18.421
Canadian Grand Prix,41.0,LEC,97.939
Canadian Grand Prix,41.0,STR,22.693
Canadian Grand Prix,41.0,MAG,49.176
Canadian Grand Prix,41.0,TSU,20.575
Canadian Grand Prix,41.0,ALB,24.242
Canadian Grand Prix,41.0,ZHO,39.531
Canadian Grand Prix,41.0,HUL,33.664
Canadian Grand Prix,41.0,RIC,27.186
Canadian Grand Prix,41.0,OCO,25.243
Canadian Grand Prix,41.0,NOR,3.73
Canadian Grand Prix,41.0,HAM,5.535
Canadian Grand Prix,41.0,SAI,29.222
Canadian Grand Prix,41.0,RUS,2.434
Canadian Grand Prix,41.0,BOT,27.682
Canadian Grand Prix,41.0,PIA,4.76
Canadian Grand Prix,42.0,VER,0.0
Canadian Grand Prix,42.0,GAS,64.006
Canadian Grand Prix,42.0,PER,31.351
Canadian Grand Prix,42.0,ALO,19.11
Canadian Grand Prix,42.0,STR,23.878
Canadian Grand Prix,42.0,MAG,60.546
Canadian Grand Prix,42.0,TSU,21.157
Canadian Grand Prix,42.0,ALB,25.856
Canadian Grand Prix,42.0,ZHO,42.462
Canadian Grand Prix,42.0,HUL,35.423
Canadian Grand Prix,42.0,RIC,28.855
Canadian Grand Prix,42.0,OCO,26.351
Canadian Grand Prix,42.0,NOR,4.579
Canadian Grand Prix,42.0,HAM,5.869
Canadian Grand Prix,42.0,SAI,31.004
Canadian Grand Prix,42.0,RUS,4.047
Canadian Grand Prix,42.0,BOT,46.394
Canadian Grand Prix,42.0,PIA,5.228
Canadian Grand Prix,43.0,VER,0.0
Canadian Grand Prix,43.0,GAS,63.62
Canadian Grand Prix,43.0,PER,49.065
Canadian Grand Prix,43.0,ALO,19.271
Canadian Grand Prix,43.0,STR,25.198
Canadian Grand Prix,43.0,MAG,64.567
Canadian Grand Prix,43.0,TSU,21.527
Canadian Grand Prix,43.0,ALB,27.848
Canadian Grand Prix,43.0,ZHO,45.416
Canadian Grand Prix,43.0,HUL,37.596
Canadian Grand Prix,43.0,RIC,46.12
Canadian Grand Prix,43.0,OCO,26.986
Canadian Grand Prix,43.0,NOR,3.958
Canadian Grand Prix,43.0,HAM,22.874
Canadian Grand Prix,43.0,SAI,48.168
Canadian Grand Prix,43.0,RUS,3.449
Canadian Grand Prix,43.0,BOT,60.919
Canadian Grand Prix,43.0,PIA,5.401
Canadian Grand Prix,44.0,VER,0.0
Canadian Grand Prix,44.0,GAS,64.22
Canadian Grand Prix,44.0,PER,58.764
Canadian Grand Prix,44.0,ALO,35.396
Canadian Grand Prix,44.0,STR,42.549
Canadian Grand Prix,44.0,MAG,64.998
Canadian Grand Prix,44.0,TSU,39.503
Canadian Grand Prix,44.0,ALB,46.663
Canadian Grand Prix,44.0,ZHO,106.774
Canadian Grand Prix,44.0,HUL,55.414
Canadian Grand Prix,44.0,RIC,55.105
Canadian Grand Prix,44.0,OCO,44.056
Canadian Grand Prix,44.0,NOR,3.824
Canadian Grand Prix,44.0,HAM,31.908
Canadian Grand Prix,44.0,SAI,57.259
Canadian Grand Prix,44.0,RUS,3.393
Canadian Grand Prix,44.0,BOT,63.508
Canadian Grand Prix,44.0,PIA,20.863
Canadian Grand Prix,45.0,VER,13.219
Canadian Grand Prix,45.0,GAS,60.279
Canadian Grand Prix,45.0,PER,58.159
Canadian Grand Prix,45.0,ALO,41.46
Canadian Grand Prix,45.0,STR,47.93
Canadian Grand Prix,45.0,MAG,62.293
Canadian Grand Prix,45.0,TSU,45.057
Canadian Grand Prix,45.0,ALB,51.106
Canadian Grand Prix,45.0,ZHO,124.57
Canadian Grand Prix,45.0,HUL,59.111
Canadian Grand Prix,45.0,RIC,51.979
Canadian Grand Prix,45.0,OCO,49.922
Canadian Grand Prix,45.0,NOR,0.0
Canadian Grand Prix,45.0,HAM,28.278
Canadian Grand Prix,45.0,SAI,54.761
Canadian Grand Prix,45.0,RUS,17.273
Canadian Grand Prix,45.0,BOT,61.391
Canadian Grand Prix,45.0,PIA,25.719
Canadian Grand Prix,46.0,VER,20.77
Canadian Grand Prix,46.0,GAS,59.782
Canadian Grand Prix,46.0,PER,58.19
Canadian Grand Prix,46.0,ALO,44.278
Canadian Grand Prix,46.0,STR,49.578
Canadian Grand Prix,46.0,MAG,61.958
Canadian Grand Prix,46.0,TSU,47.056
Canadian Grand Prix,46.0,ALB,52.049
Canadian Grand Prix,46.0,ZHO,138.065
Canadian Grand Prix,46.0,HUL,59.298
Canadian Grand Prix,46.0,RIC,52.495
Canadian Grand Prix,46.0,OCO,51.697
Canadian Grand Prix,46.0,NOR,0.0
Canadian Grand Prix,46.0,HAM,32.263
Canadian Grand Prix,46.0,SAI,54.284
Canadian Grand Prix,46.0,RUS,24.478
Canadian Grand Prix,46.0,BOT,61.683
Canadian Grand Prix,46.0,PIA,25.937
Canadian Grand Prix,47.0,VER,3.851
Canadian Grand Prix,47.0,GAS,40.511
Canadian Grand Prix,47.0,PER,39.381
Canadian Grand Prix,47.0,ALO,29.315
Canadian Grand Prix,47.0,STR,33.482
Canadian Grand Prix,47.0,MAG,44.122
Canadian Grand Prix,47.0,TSU,31.689
Canadian Grand Prix,47.0,ALB,35.456
Canadian Grand Prix,47.0,ZHO,130.829
Canadian Grand Prix,47.0,HUL,41.402
Canadian Grand Prix,47.0,RIC,36.531
Canadian Grand Prix,47.0,OCO,34.747
Canadian Grand Prix,47.0,NOR,0.0
Canadian Grand Prix,47.0,HAM,13.766
Canadian Grand Prix,47.0,SAI,35.84
Canadian Grand Prix,47.0,RUS,7.631
Canadian Grand Prix,47.0,BOT,43.769
Canadian Grand Prix,47.0,PIA,8.011
Canadian Grand Prix,48.0,VER,0.0
Canadian Grand Prix,48.0,GAS,37.597
Canadian Grand Prix,48.0,PER,36.625
Canadian Grand Prix,48.0,ALO,28.111
Canadian Grand Prix,48.0,STR,31.426
Canadian Grand Prix,48.0,MAG,44.104
Canadian Grand Prix,48.0,TSU,30.025
Canadian Grand Prix,48.0,ALB,32.382
Canadian Grand Prix,48.0,ZHO,132.981
Canadian Grand Prix,48.0,HUL,38.07
Canadian Grand Prix,48.0,RIC,36.513
Canadian Grand Prix,48.0,OCO,31.879
Canadian Grand Prix,48.0,NOR,3.775
Canadian Grand Prix,48.0,HAM,8.947
Canadian Grand Prix,48.0,SAI,33.394
Canadian Grand Prix,48.0,RUS,4.339
Canadian Grand Prix,48.0,BOT,41.569
Canadian Grand Prix,48.0,PIA,4.704
Canadian Grand Prix,49.0,VER,0.0
Canadian Grand Prix,49.0,GAS,38.914
Canadian Grand Prix,49.0,PER,38.299
Canadian Grand Prix,49.0,ALO,30.648
Canadian Grand Prix,49.0,STR,32.801
Canadian Grand Prix,49.0,MAG,45.533
Canadian Grand Prix,49.0,TSU,31.947
Canadian Grand Prix,49.0,ALB,33.693
Canadian Grand Prix,49.0,ZHO,138.489
Canadian Grand Prix,49.0,HUL,39.612
Canadian Grand Prix,49.0,RIC,38.152
Canadian Grand Prix,49.0,OCO,33.246
Canadian Grand Prix,49.0,NOR,5.024
Canadian Grand Prix,49.0,HAM,12.765
Canadian Grand Prix,49.0,SAI,34.055
Canadian Grand Prix,49.0,RUS,4.297
Canadian Grand Prix,49.0,BOT,43.203
Canadian Grand Prix,49.0,PIA,5.2620000000000005
Canadian Grand Prix,50.0,VER,0.0
Canadian Grand Prix,50.0,GAS,40.172
Canadian Grand Prix,50.0,PER,39.488
Canadian Grand Prix,50.0,ALO,31.835
Canadian Grand Prix,50.0,STR,33.77
Canadian Grand Prix,50.0,MAG,47.524
Canadian Grand Prix,50.0,TSU,33.337
Canadian Grand Prix,50.0,ALB,35.036
Canadian Grand Prix,50.0,ZHO,142.817
Canadian Grand Prix,50.0,HUL,40.908
Canadian Grand Prix,50.0,RIC,39.194
Canadian Grand Prix,50.0,OCO,34.439
Canadian Grand Prix,50.0,NOR,4.621
Canadian Grand Prix,50.0,HAM,12.583
Canadian Grand Prix,50.0,SAI,35.811
Canadian Grand Prix,50.0,RUS,3.846
Canadian Grand Prix,50.0,BOT,45.295
Canadian Grand Prix,50.0,PIA,6.646
Canadian Grand Prix,51.0,VER,0.0
Canadian Grand Prix,51.0,GAS,41.002
Canadian Grand Prix,51.0,PER,40.198
Canadian Grand Prix,51.0,ALO,33.181
Canadian Grand Prix,51.0,STR,35.053
Canadian Grand Prix,51.0,MAG,48.926
Canadian Grand Prix,51.0,TSU,34.494
Canadian Grand Prix,51.0,ALB,36.286
Canadian Grand Prix,51.0,ZHO,146.74
Canadian Grand Prix,51.0,HUL,42.454
Canadian Grand Prix,51.0,RIC,40.099
Canadian Grand Prix,51.0,OCO,35.729
Canadian Grand Prix,51.0,NOR,5.561
Canadian Grand Prix,51.0,HAM,12.492
Canadian Grand Prix,51.0,SAI,36.659
Canadian Grand Prix,51.0,RUS,5.995
Canadian Grand Prix,51.0,BOT,47.324
Canadian Grand Prix,51.0,PIA,7.17
Canadian Grand Prix,52.0,VER,0.0
Canadian Grand Prix,52.0,GAS,43.202
Canadian Grand Prix,52.0,PER,68.487
Canadian Grand Prix,52.0,ALO,34.156
Canadian Grand Prix,52.0,STR,38.399
Canadian Grand Prix,52.0,MAG,54.466
Canadian Grand Prix,52.0,TSU,39.081
Canadian Grand Prix,52.0,ALB,40.565
Canadian Grand Prix,52.0,ZHO,189.533
Canadian Grand Prix,52.0,HUL,45.179
Canadian Grand Prix,52.0,RIC,41.023
Canadian Grand Prix,52.0,OCO,39.64
Canadian Grand Prix,52.0,NOR,5.287
Canadian Grand Prix,52.0,HAM,12.337
Canadian Grand Prix,52.0,SAI,39.997
Canadian Grand Prix,52.0,RUS,6.546
Canadian Grand Prix,52.0,BOT,52.785
Canadian Grand Prix,52.0,PIA,7.08
Canadian Grand Prix,53.0,VER,0.0
Canadian Grand Prix,53.0,GAS,60.761
Canadian Grand Prix,53.0,ALO,43.184
Canadian Grand Prix,53.0,STR,46.426
Canadian Grand Prix,53.0,MAG,71.014
Canadian Grand Prix,53.0,TSU,51.676
Canadian Grand Prix,53.0,ALB,113.314
Canadian Grand Prix,53.0,ZHO,234.086
Canadian Grand Prix,53.0,HUL,61.197
Canadian Grand Prix,53.0,RIC,59.679
Canadian Grand Prix,53.0,OCO,53.72
Canadian Grand Prix,53.0,NOR,5.527
Canadian Grand Prix,53.0,HAM,12.521
Canadian Grand Prix,53.0,SAI,74.019
Canadian Grand Prix,53.0,RUS,7.486
Canadian Grand Prix,53.0,BOT,69.225
Canadian Grand Prix,53.0,PIA,7.892
Canadian Grand Prix,54.0,VER,0.0
Canadian Grand Prix,54.0,GAS,62.583
Canadian Grand Prix,54.0,ALO,44.658
Canadian Grand Prix,54.0,STR,49.897
Canadian Grand Prix,54.0,MAG,93.35
Canadian Grand Prix,54.0,TSU,53.301
Canadian Grand Prix,54.0,ZHO,259.349
Canadian Grand Prix,54.0,HUL,63.338
Canadian Grand Prix,54.0,RIC,60.901
Canadian Grand Prix,54.0,OCO,56.13
Canadian Grand Prix,54.0,NOR,6.659
Canadian Grand Prix,54.0,HAM,35.087
Canadian Grand Prix,54.0,RUS,29.02
Canadian Grand Prix,54.0,BOT,74.23
Canadian Grand Prix,54.0,PIA,11.219
Canadian Grand Prix,55.0,VER,0.0
Canadian Grand Prix,55.0,GAS,25.607
Canadian Grand Prix,55.0,ALO,14.746
Canadian Grand Prix,55.0,STR,16.457
Canadian Grand Prix,55.0,MAG,62.086
Canadian Grand Prix,55.0,TSU,18.858
Canadian Grand Prix,55.0,ZHO,224.873
Canadian Grand Prix,55.0,HUL,27.106
Canadian Grand Prix,55.0,RIC,23.906
Canadian Grand Prix,55.0,OCO,20.648
Canadian Grand Prix,55.0,NOR,0.693
Canadian Grand Prix,55.0,HAM,10.924
Canadian Grand Prix,55.0,RUS,6.797
Canadian Grand Prix,55.0,BOT,37.535
Canadian Grand Prix,55.0,PIA,2.062
Canadian Grand Prix,56.0,VER,0.0
Canadian Grand Prix,56.0,GAS,17.416
Canadian Grand Prix,56.0,ALO,9.381
Canadian Grand Prix,56.0,STR,11.267
Canadian Grand Prix,56.0,MAG,24.323
Canadian Grand Prix,56.0,TSU,12.421
Canadian Grand Prix,56.0,ZHO,187.885
Canadian Grand Prix,56.0,HUL,17.812
Canadian Grand Prix,56.0,RIC,15.153
Canadian Grand Prix,56.0,OCO,13.284
Canadian Grand Prix,56.0,NOR,0.767
Canadian Grand Prix,56.0,HAM,8.55
Canadian Grand Prix,56.0,RUS,5.888
Canadian Grand Prix,56.0,BOT,19.521
Canadian Grand Prix,56.0,PIA,3.262
Canadian Grand Prix,57.0,VER,0.0
Canadian Grand Prix,57.0,GAS,13.55
Canadian Grand Prix,57.0,ALO,5.846
Canadian Grand Prix,57.0,STR,7.78
Canadian Grand Prix,57.0,MAG,18.243
Canadian Grand Prix,57.0,TSU,9.676
Canadian Grand Prix,57.0,ZHO,154.544
Canadian Grand Prix,57.0,HUL,14.764
Canadian Grand Prix,57.0,RIC,12.092
Canadian Grand Prix,57.0,OCO,10.931000000000001
Canadian Grand Prix,57.0,NOR,1.107
Canadian Grand Prix,57.0,HAM,4.109
Canadian Grand Prix,57.0,RUS,3.701
Canadian Grand Prix,57.0,BOT,17.095
Canadian Grand Prix,57.0,PIA,1.984
Canadian Grand Prix,58.0,VER,0.0
Canadian Grand Prix,58.0,GAS,6.065
Canadian Grand Prix,58.0,ALO,2.818
Canadian Grand Prix,58.0,STR,3.857
Canadian Grand Prix,58.0,MAG,7.933
Canadian Grand Prix,58.0,TSU,4.7
Canadian Grand Prix,58.0,ZHO,99.978
Canadian Grand Prix,58.0,HUL,6.832
Canadian Grand Prix,58.0,RIC,5.62
Canadian Grand Prix,58.0,OCO,5.139
Canadian Grand Prix,58.0,NOR,0.813
Canadian Grand Prix,58.0,HAM,2.261
Canadian Grand Prix,58.0,RUS,1.623
Canadian Grand Prix,58.0,BOT,7.197
Canadian Grand Prix,58.0,PIA,1.155
Canadian Grand Prix,59.0,VER,0.0
Canadian Grand Prix,59.0,GAS,9.136
Canadian Grand Prix,59.0,ALO,5.084
Canadian Grand Prix,59.0,STR,6.435
Canadian Grand Prix,59.0,MAG,12.185
Canadian Grand Prix,59.0,TSU,7.053
Canadian Grand Prix,59.0,ZHO,101.877
Canadian Grand Prix,59.0,HUL,10.259
Canadian Grand Prix,59.0,RIC,8.484
Canadian Grand Prix,59.0,OCO,7.865
Canadian Grand Prix,59.0,NOR,1.8199999999999998
Canadian Grand Prix,59.0,HAM,4.167
Canadian Grand Prix,59.0,RUS,3.205
Canadian Grand Prix,59.0,BOT,11.004
Canadian Grand Prix,59.0,PIA,2.38
Canadian Grand Prix,60.0,VER,0.0
Canadian Grand Prix,60.0,GAS,10.231
Canadian Grand Prix,60.0,ALO,6.224
Canadian Grand Prix,60.0,STR,7.467
Canadian Grand Prix,60.0,MAG,16.386
Canadian Grand Prix,60.0,TSU,8.557
Canadian Grand Prix,60.0,ZHO,104.104
Canadian Grand Prix,60.0,HUL,11.07
Canadian Grand Prix,60.0,RIC,9.808
Canadian Grand Prix,60.0,OCO,9.001
Canadian Grand Prix,60.0,NOR,1.584
Canadian Grand Prix,60.0,HAM,4.361
Canadian Grand Prix,60.0,RUS,2.836
Canadian Grand Prix,60.0,BOT,12.459
Canadian Grand Prix,60.0,PIA,2.147
Canadian Grand Prix,61.0,VER,0.0
Canadian Grand Prix,61.0,GAS,12.463
Canadian Grand Prix,61.0,ALO,7.274
Canadian Grand Prix,61.0,STR,9.339
Canadian Grand Prix,61.0,MAG,18.446
Canadian Grand Prix,61.0,TSU,12.125
Canadian Grand Prix,61.0,ZHO,107.053
Canadian Grand Prix,61.0,HUL,12.992
Canadian Grand Prix,61.0,RIC,12.37
Canadian Grand Prix,61.0,OCO,11.453
Canadian Grand Prix,61.0,NOR,1.879
Canadian Grand Prix,61.0,HAM,4.696
Canadian Grand Prix,61.0,RUS,2.997
Canadian Grand Prix,61.0,BOT,14.19
Canadian Grand Prix,61.0,PIA,2.375
Canadian Grand Prix,62.0,VER,0.0
Canadian Grand Prix,62.0,GAS,14.879
Canadian Grand Prix,62.0,ALO,8.636
Canadian Grand Prix,62.0,STR,11.464
Canadian Grand Prix,62.0,MAG,20.043
Canadian Grand Prix,62.0,TSU,13.993
Canadian Grand Prix,62.0,ZHO,109.738
Canadian Grand Prix,62.0,HUL,15.453
Canadian Grand Prix,62.0,RIC,14.403
Canadian Grand Prix,62.0,OCO,13.512
Canadian Grand Prix,62.0,NOR,2.085
Canadian Grand Prix,62.0,HAM,4.826
Canadian Grand Prix,62.0,RUS,3.461
Canadian Grand Prix,62.0,BOT,16.344
Canadian Grand Prix,62.0,PIA,3.024
Canadian Grand Prix,63.0,VER,0.0
Canadian Grand Prix,63.0,GAS,16.893
Canadian Grand Prix,63.0,ALO,9.806000000000001
Canadian Grand Prix,63.0,STR,13.093
Canadian Grand Prix,63.0,MAG,21.677
Canadian Grand Prix,63.0,TSU,16.037
Canadian Grand Prix,63.0,ZHO,112.509
Canadian Grand Prix,63.0,HUL,17.509
Canadian Grand Prix,63.0,RIC,16.297
Canadian Grand Prix,63.0,OCO,15.431
Canadian Grand Prix,63.0,NOR,2.482
Canadian Grand Prix,63.0,HAM,5.5
Canadian Grand Prix,63.0,RUS,5.925
Canadian Grand Prix,63.0,BOT,18.129
Canadian Grand Prix,63.0,PIA,4.32
Canadian Grand Prix,64.0,VER,0.0
Canadian Grand Prix,64.0,GAS,18.669
Canadian Grand Prix,64.0,ALO,11.158
Canadian Grand Prix,64.0,STR,14.872
Canadian Grand Prix,64.0,MAG,23.171
Canadian Grand Prix,64.0,TSU,17.829
Canadian Grand Prix,64.0,ZHO,115.413
Canadian Grand Prix,64.0,HUL,19.163
Canadian Grand Prix,64.0,RIC,18.335
Canadian Grand Prix,64.0,OCO,17.458
Canadian Grand Prix,64.0,NOR,2.908
Canadian Grand Prix,64.0,HAM,5.866
Canadian Grand Prix,64.0,RUS,6.329
Canadian Grand Prix,64.0,BOT,21.558
Canadian Grand Prix,64.0,PIA,5.32
Canadian Grand Prix,65.0,VER,0.0
Canadian Grand Prix,65.0,GAS,20.406
Canadian Grand Prix,65.0,ALO,12.674
Canadian Grand Prix,65.0,STR,16.292
Canadian Grand Prix,65.0,MAG,24.524
Canadian Grand Prix,65.0,TSU,19.903
Canadian Grand Prix,65.0,ZHO,120.402
Canadian Grand Prix,65.0,HUL,21.061
Canadian Grand Prix,65.0,RIC,20.244
Canadian Grand Prix,65.0,OCO,19.441
Canadian Grand Prix,65.0,NOR,3.199
Canadian Grand Prix,65.0,HAM,5.058
Canadian Grand Prix,65.0,RUS,6.077
Canadian Grand Prix,65.0,BOT,22.926
Canadian Grand Prix,65.0,PIA,5.6850000000000005
Canadian Grand Prix,66.0,VER,0.0
Canadian Grand Prix,66.0,GAS,22.697
Canadian Grand Prix,66.0,ALO,14.029
Canadian Grand Prix,66.0,STR,18.185
Canadian Grand Prix,66.0,MAG,26.855
Canadian Grand Prix,66.0,TSU,42.974
Canadian Grand Prix,66.0,ZHO,123.341
Canadian Grand Prix,66.0,HUL,26.164
Canadian Grand Prix,66.0,RIC,22.477
Canadian Grand Prix,66.0,OCO,21.995
Canadian Grand Prix,66.0,NOR,3.14
Canadian Grand Prix,66.0,HAM,5.125
Canadian Grand Prix,66.0,RUS,6.157
Canadian Grand Prix,66.0,BOT,27.477
Canadian Grand Prix,66.0,PIA,6.796
Canadian Grand Prix,67.0,VER,0.0
Canadian Grand Prix,67.0,GAS,24.891
Canadian Grand Prix,67.0,ALO,15.375
Canadian Grand Prix,67.0,STR,20.076
Canadian Grand Prix,67.0,MAG,28.237
Canadian Grand Prix,67.0,TSU,46.051
Canadian Grand Prix,67.0,ZHO,125.829
Canadian Grand Prix,67.0,HUL,27.077
Canadian Grand Prix,67.0,RIC,23.899
Canadian Grand Prix,67.0,OCO,24.5
Canadian Grand Prix,67.0,NOR,2.928
Canadian Grand Prix,67.0,HAM,5.277
Canadian Grand Prix,67.0,RUS,5.75
Canadian Grand Prix,67.0,BOT,31.733
Canadian Grand Prix,67.0,PIA,8.188
Canadian Grand Prix,68.0,VER,0.0
Canadian Grand Prix,68.0,GAS,26.891
Canadian Grand Prix,68.0,ALO,16.324
Canadian Grand Prix,68.0,STR,21.494
Canadian Grand Prix,68.0,MAG,28.994
Canadian Grand Prix,68.0,TSU,49.073
Canadian Grand Prix,68.0,ZHO,127.412
Canadian Grand Prix,68.0,HUL,28.363
Canadian Grand Prix,68.0,RIC,25.233
Canadian Grand Prix,68.0,OCO,26.512
Canadian Grand Prix,68.0,NOR,3.118
Canadian Grand Prix,68.0,HAM,5.498
Canadian Grand Prix,68.0,RUS,5.447
Canadian Grand Prix,68.0,BOT,34.604
Canadian Grand Prix,68.0,PIA,8.79
Canadian Grand Prix,69.0,VER,0.0
Canadian Grand Prix,69.0,GAS,28.576999999999998
Canadian Grand Prix,69.0,ALO,16.776
Canadian Grand Prix,69.0,STR,22.432
Canadian Grand Prix,69.0,MAG,29.712
Canadian Grand Prix,69.0,TSU,50.954
Canadian Grand Prix,69.0,ZHO,129.097
Canadian Grand Prix,69.0,HUL,29.217
Canadian Grand Prix,69.0,RIC,26.532
Canadian Grand Prix,69.0,OCO,28.87
Canadian Grand Prix,69.0,NOR,3.258
Canadian Grand Prix,69.0,HAM,5.628
Canadian Grand Prix,69.0,RUS,4.991
Canadian Grand Prix,69.0,BOT,37.014
Canadian Grand Prix,69.0,PIA,9.515
Canadian Grand Prix,70.0,VER,0.0
Canadian Grand Prix,70.0,GAS,30.021
Canadian Grand Prix,70.0,ALO,17.51
Canadian Grand Prix,70.0,STR,23.625
Canadian Grand Prix,70.0,MAG,31.253
Canadian Grand Prix,70.0,TSU,52.694
Canadian Grand Prix,70.0,HUL,30.824
Canadian Grand Prix,70.0,RIC,28.672
Canadian Grand Prix,70.0,OCO,30.313
Canadian Grand Prix,70.0,NOR,3.879
Canadian Grand Prix,70.0,HAM,4.915
Canadian Grand Prix,70.0,RUS,4.317
Canadian Grand Prix,70.0,BOT,40.487
Canadian Grand Prix,70.0,PIA,10.199
Spanish Grand Prix,1.0,VER,0.618
Spanish Grand Prix,1.0,NOR,1.385
Spanish Grand Prix,1.0,HAM,1.873
Spanish Grand Prix,1.0,RUS,0.0
Spanish Grand Prix,1.0,LEC,2.855
Spanish Grand Prix,1.0,SAI,3.517
Spanish Grand Prix,1.0,PIA,4.505
Spanish Grand Prix,1.0,PER,6.047
Spanish Grand Prix,1.0,GAS,4.016
Spanish Grand Prix,1.0,OCO,4.892
Spanish Grand Prix,1.0,HUL,5.402
Spanish Grand Prix,1.0,ALO,6.622
Spanish Grand Prix,1.0,ZHO,8.484
Spanish Grand Prix,1.0,STR,7.038
Spanish Grand Prix,1.0,RIC,9.183
Spanish Grand Prix,1.0,BOT,7.433
Spanish Grand Prix,1.0,MAG,8.065
Spanish Grand Prix,1.0,ALB,11.352
Spanish Grand Prix,1.0,TSU,7.756
Spanish Grand Prix,1.0,SAR,8.939
Spanish Grand Prix,2.0,VER,0.632
Spanish Grand Prix,2.0,NOR,1.7429999999999999
Spanish Grand Prix,2.0,HAM,2.61
Spanish Grand Prix,2.0,RUS,0.0
Spanish Grand Prix,2.0,LEC,3.84
Spanish Grand Prix,2.0,SAI,4.326
Spanish Grand Prix,2.0,PIA,6.255
Spanish Grand Prix,2.0,PER,8.424
Spanish Grand Prix,2.0,GAS,5.316
Spanish Grand Prix,2.0,OCO,7.052
Spanish Grand Prix,2.0,HUL,7.629
Spanish Grand Prix,2.0,ALO,9.266
Spanish Grand Prix,2.0,ZHO,11.643
Spanish Grand Prix,2.0,STR,9.768
Spanish Grand Prix,2.0,RIC,12.047
Spanish Grand Prix,2.0,BOT,10.291
Spanish Grand Prix,2.0,MAG,11.281
Spanish Grand Prix,2.0,ALB,13.712
Spanish Grand Prix,2.0,TSU,10.856
Spanish Grand Prix,2.0,SAR,12.695
Spanish Grand Prix,3.0,VER,0.0
Spanish Grand Prix,3.0,NOR,1.99
Spanish Grand Prix,3.0,HAM,3.035
Spanish Grand Prix,3.0,RUS,1.107
Spanish Grand Prix,3.0,LEC,5.131
Spanish Grand Prix,3.0,SAI,4.376
Spanish Grand Prix,3.0,PIA,7.024
Spanish Grand Prix,3.0,PER,10.277
Spanish Grand Prix,3.0,GAS,6.126
Spanish Grand Prix,3.0,OCO,7.865
Spanish Grand Prix,3.0,HUL,9.016
Spanish Grand Prix,3.0,ALO,11.182
Spanish Grand Prix,3.0,ZHO,14.163
Spanish Grand Prix,3.0,STR,11.776
Spanish Grand Prix,3.0,RIC,14.703
Spanish Grand Prix,3.0,BOT,12.408
Spanish Grand Prix,3.0,MAG,13.387
Spanish Grand Prix,3.0,ALB,15.887
Spanish Grand Prix,3.0,TSU,13.053
Spanish Grand Prix,3.0,SAR,15.19
Spanish Grand Prix,4.0,VER,0.0
Spanish Grand Prix,4.0,NOR,1.9260000000000002
Spanish Grand Prix,4.0,HAM,2.765
Spanish Grand Prix,4.0,RUS,1.184
Spanish Grand Prix,4.0,LEC,4.934
Spanish Grand Prix,4.0,SAI,4.236
Spanish Grand Prix,4.0,PIA,7.055
Spanish Grand Prix,4.0,PER,11.608
Spanish Grand Prix,4.0,GAS,6.039
Spanish Grand Prix,4.0,OCO,8.354
Spanish Grand Prix,4.0,HUL,10.199
Spanish Grand Prix,4.0,ALO,12.371
Spanish Grand Prix,4.0,ZHO,15.755
Spanish Grand Prix,4.0,STR,13.138
Spanish Grand Prix,4.0,RIC,16.311
Spanish Grand Prix,4.0,BOT,13.933
Spanish Grand Prix,4.0,MAG,15.001
Spanish Grand Prix,4.0,ALB,17.399
Spanish Grand Prix,4.0,TSU,14.693999999999999
Spanish Grand Prix,4.0,SAR,16.981
Spanish Grand Prix,5.0,VER,0.0
Spanish Grand Prix,5.0,NOR,2.233
Spanish Grand Prix,5.0,HAM,2.988
Spanish Grand Prix,5.0,RUS,1.28
Spanish Grand Prix,5.0,LEC,5.039
Spanish Grand Prix,5.0,SAI,4.209
Spanish Grand Prix,5.0,PIA,7.443
Spanish Grand Prix,5.0,PER,12.436
Spanish Grand Prix,5.0,GAS,5.992
Spanish Grand Prix,5.0,OCO,9.063
Spanish Grand Prix,5.0,HUL,11.23
Spanish Grand Prix,5.0,ALO,14.137
Spanish Grand Prix,5.0,ZHO,17.738
Spanish Grand Prix,5.0,STR,14.574
Spanish Grand Prix,5.0,RIC,18.489
Spanish Grand Prix,5.0,BOT,15.768
Spanish Grand Prix,5.0,MAG,17.216
Spanish Grand Prix,5.0,ALB,19.347
Spanish Grand Prix,5.0,TSU,16.786
Spanish Grand Prix,5.0,SAR,19.023
Spanish Grand Prix,6.0,VER,0.0
Spanish Grand Prix,6.0,NOR,2.413
Spanish Grand Prix,6.0,HAM,3.312
Spanish Grand Prix,6.0,RUS,1.474
Spanish Grand Prix,6.0,LEC,5.39
Spanish Grand Prix,6.0,SAI,4.55
Spanish Grand Prix,6.0,PIA,7.623
Spanish Grand Prix,6.0,PER,13.086
Spanish Grand Prix,6.0,GAS,6.419
Spanish Grand Prix,6.0,OCO,9.477
Spanish Grand Prix,6.0,HUL,11.899000000000001
Spanish Grand Prix,6.0,ALO,16.797
Spanish Grand Prix,6.0,ZHO,19.813
Spanish Grand Prix,6.0,STR,15.828
Spanish Grand Prix,6.0,RIC,20.533
Spanish Grand Prix,6.0,BOT,17.228
Spanish Grand Prix,6.0,MAG,18.786
Spanish Grand Prix,6.0,ALB,20.969
Spanish Grand Prix,6.0,TSU,19.634
Spanish Grand Prix,6.0,SAR,21.784
Spanish Grand Prix,7.0,VER,0.0
Spanish Grand Prix,7.0,NOR,2.733
Spanish Grand Prix,7.0,HAM,3.5620000000000003
Spanish Grand Prix,7.0,RUS,1.807
Spanish Grand Prix,7.0,LEC,5.413
Spanish Grand Prix,7.0,SAI,4.723
Spanish Grand Prix,7.0,PIA,8.066
Spanish Grand Prix,7.0,PER,13.603
Spanish Grand Prix,7.0,GAS,7.071
Spanish Grand Prix,7.0,OCO,10.097
Spanish Grand Prix,7.0,HUL,12.624
Spanish Grand Prix,7.0,ALO,19.28
Spanish Grand Prix,7.0,ZHO,21.327
Spanish Grand Prix,7.0,STR,17.271
Spanish Grand Prix,7.0,RIC,23.044
Spanish Grand Prix,7.0,BOT,18.555
Spanish Grand Prix,7.0,MAG,20.284
Spanish Grand Prix,7.0,ALB,23.527
Spanish Grand Prix,7.0,TSU,22.396
Spanish Grand Prix,7.0,SAR,24.18
Spanish Grand Prix,8.0,VER,0.0
Spanish Grand Prix,8.0,NOR,3.187
Spanish Grand Prix,8.0,HAM,4.111
Spanish Grand Prix,8.0,RUS,2.254
Spanish Grand Prix,8.0,LEC,5.817
Spanish Grand Prix,8.0,SAI,5.043
Spanish Grand Prix,8.0,PIA,8.607
Spanish Grand Prix,8.0,PER,14.624
Spanish Grand Prix,8.0,GAS,7.83
Spanish Grand Prix,8.0,OCO,10.892
Spanish Grand Prix,8.0,HUL,13.475999999999999
Spanish Grand Prix,8.0,ALO,20.833
Spanish Grand Prix,8.0,ZHO,22.908
Spanish Grand Prix,8.0,STR,18.641
Spanish Grand Prix,8.0,RIC,25.121
Spanish Grand Prix,8.0,BOT,20.069
Spanish Grand Prix,8.0,MAG,21.515
Spanish Grand Prix,8.0,ALB,25.763
Spanish Grand Prix,8.0,TSU,24.366
Spanish Grand Prix,8.0,SAR,26.536
Spanish Grand Prix,9.0,VER,0.0
Spanish Grand Prix,9.0,NOR,3.288
Spanish Grand Prix,9.0,HAM,4.276
Spanish Grand Prix,9.0,RUS,2.38
Spanish Grand Prix,9.0,LEC,6.105
Spanish Grand Prix,9.0,SAI,5.222
Spanish Grand Prix,9.0,PIA,9.065
Spanish Grand Prix,9.0,PER,15.063
Spanish Grand Prix,9.0,GAS,8.469
Spanish Grand Prix,9.0,OCO,11.64
Spanish Grand Prix,9.0,HUL,14.063
Spanish Grand Prix,9.0,ALO,22.144
Spanish Grand Prix,9.0,ZHO,27.755
Spanish Grand Prix,9.0,STR,19.457
Spanish Grand Prix,9.0,RIC,26.515
Spanish Grand Prix,9.0,BOT,21.319
Spanish Grand Prix,9.0,MAG,22.668
Spanish Grand Prix,9.0,ALB,27.559
Spanish Grand Prix,9.0,TSU,29.328
Spanish Grand Prix,9.0,SAR,28.281
Spanish Grand Prix,10.0,VER,0.0
Spanish Grand Prix,10.0,NOR,3.508
Spanish Grand Prix,10.0,HAM,4.6530000000000005
Spanish Grand Prix,10.0,RUS,2.685
Spanish Grand Prix,10.0,LEC,6.116
Spanish Grand Prix,10.0,SAI,5.271
Spanish Grand Prix,10.0,PIA,10.111
Spanish Grand Prix,10.0,PER,15.74
Spanish Grand Prix,10.0,GAS,9.177
Spanish Grand Prix,10.0,OCO,12.393
Spanish Grand Prix,10.0,HUL,14.912
Spanish Grand Prix,10.0,ALO,23.567
Spanish Grand Prix,10.0,ZHO,45.067
Spanish Grand Prix,10.0,STR,20.204
Spanish Grand Prix,10.0,RIC,27.282
Spanish Grand Prix,10.0,BOT,22.63
Spanish Grand Prix,10.0,MAG,27.749
Spanish Grand Prix,10.0,ALB,29.343
Spanish Grand Prix,10.0,TSU,47.211
Spanish Grand Prix,10.0,SAR,30.149
Spanish Grand Prix,11.0,VER,0.0
Spanish Grand Prix,11.0,NOR,3.839
Spanish Grand Prix,11.0,HAM,4.891
Spanish Grand Prix,11.0,RUS,2.792
Spanish Grand Prix,11.0,LEC,6.638
Spanish Grand Prix,11.0,SAI,5.776
Spanish Grand Prix,11.0,PIA,10.643
Spanish Grand Prix,11.0,PER,16.52
Spanish Grand Prix,11.0,GAS,9.562
Spanish Grand Prix,11.0,OCO,13.314
Spanish Grand Prix,11.0,HUL,15.952
Spanish Grand Prix,11.0,ALO,24.568
Spanish Grand Prix,11.0,ZHO,44.332
Spanish Grand Prix,11.0,STR,21.217
Spanish Grand Prix,11.0,RIC,28.43
Spanish Grand Prix,11.0,BOT,27.018
Spanish Grand Prix,11.0,MAG,47.366
Spanish Grand Prix,11.0,ALB,30.81
Spanish Grand Prix,11.0,TSU,47.901
Spanish Grand Prix,11.0,SAR,31.783
Spanish Grand Prix,12.0,VER,0.0
Spanish Grand Prix,12.0,NOR,3.817
Spanish Grand Prix,12.0,HAM,5.02
Spanish Grand Prix,12.0,RUS,2.799
Spanish Grand Prix,12.0,LEC,6.823
Spanish Grand Prix,12.0,SAI,6.02
Spanish Grand Prix,12.0,PIA,10.95
Spanish Grand Prix,12.0,PER,17.127
Spanish Grand Prix,12.0,GAS,9.824
Spanish Grand Prix,12.0,OCO,13.843
Spanish Grand Prix,12.0,HUL,22.053
Spanish Grand Prix,12.0,ALO,24.242
Spanish Grand Prix,12.0,ZHO,43.107
Spanish Grand Prix,12.0,STR,22.097
Spanish Grand Prix,12.0,RIC,28.911
Spanish Grand Prix,12.0,BOT,44.853
Spanish Grand Prix,12.0,MAG,47.46
Spanish Grand Prix,12.0,ALB,31.553
Spanish Grand Prix,12.0,TSU,48.866
Spanish Grand Prix,12.0,SAR,32.868
Spanish Grand Prix,13.0,VER,0.0
Spanish Grand Prix,13.0,NOR,4.442
Spanish Grand Prix,13.0,HAM,5.663
Spanish Grand Prix,13.0,RUS,3.357
Spanish Grand Prix,13.0,LEC,7.291
Spanish Grand Prix,13.0,SAI,6.376
Spanish Grand Prix,13.0,PIA,12.061
Spanish Grand Prix,13.0,PER,21.906
Spanish Grand Prix,13.0,GAS,10.695
Spanish Grand Prix,13.0,OCO,19.723
Spanish Grand Prix,13.0,HUL,41.641
Spanish Grand Prix,13.0,ALO,25.024
Spanish Grand Prix,13.0,ZHO,43.039
Spanish Grand Prix,13.0,STR,23.475
Spanish Grand Prix,13.0,RIC,30.078
Spanish Grand Prix,13.0,BOT,43.654
Spanish Grand Prix,13.0,MAG,47.617
Spanish Grand Prix,13.0,ALB,33.009
Spanish Grand Prix,13.0,TSU,49.876
Spanish Grand Prix,13.0,SAR,35.166
Spanish Grand Prix,14.0,VER,0.0
Spanish Grand Prix,14.0,NOR,5.113
Spanish Grand Prix,14.0,HAM,6.275
Spanish Grand Prix,14.0,RUS,3.85
Spanish Grand Prix,14.0,LEC,7.896
Spanish Grand Prix,14.0,SAI,7.033
Spanish Grand Prix,14.0,PIA,13.388
Spanish Grand Prix,14.0,PER,40.085
Spanish Grand Prix,14.0,GAS,15.197
Spanish Grand Prix,14.0,OCO,37.26
Spanish Grand Prix,14.0,HUL,41.35
Spanish Grand Prix,14.0,ALO,25.89
Spanish Grand Prix,14.0,ZHO,43.919
Spanish Grand Prix,14.0,STR,24.254
Spanish Grand Prix,14.0,RIC,30.991
Spanish Grand Prix,14.0,BOT,42.682
Spanish Grand Prix,14.0,MAG,47.852
Spanish Grand Prix,14.0,ALB,34.266
Spanish Grand Prix,14.0,TSU,50.398
Spanish Grand Prix,14.0,SAR,40.556
Spanish Grand Prix,15.0,VER,0.0
Spanish Grand Prix,15.0,NOR,5.557
Spanish Grand Prix,15.0,HAM,7.155
Spanish Grand Prix,15.0,RUS,8.117
Spanish Grand Prix,15.0,LEC,8.502
Spanish Grand Prix,15.0,SAI,11.363
Spanish Grand Prix,15.0,PIA,13.783
Spanish Grand Prix,15.0,PER,39.155
Spanish Grand Prix,15.0,GAS,36.756
Spanish Grand Prix,15.0,OCO,36.046
Spanish Grand Prix,15.0,HUL,40.565
Spanish Grand Prix,15.0,ALO,26.633
Spanish Grand Prix,15.0,ZHO,44.198
Spanish Grand Prix,15.0,STR,25.075
Spanish Grand Prix,15.0,RIC,32.327
Spanish Grand Prix,15.0,BOT,42.67
Spanish Grand Prix,15.0,MAG,48.194
Spanish Grand Prix,15.0,ALB,35.764
Spanish Grand Prix,15.0,TSU,50.854
Spanish Grand Prix,15.0,SAR,59.078
Spanish Grand Prix,16.0,VER,0.0
Spanish Grand Prix,16.0,NOR,4.805
Spanish Grand Prix,16.0,HAM,10.898
Spanish Grand Prix,16.0,RUS,27.134
Spanish Grand Prix,16.0,LEC,8.172
Spanish Grand Prix,16.0,SAI,28.204
Spanish Grand Prix,16.0,PIA,14.092
Spanish Grand Prix,16.0,PER,38.515
Spanish Grand Prix,16.0,GAS,35.522
Spanish Grand Prix,16.0,OCO,35.047
Spanish Grand Prix,16.0,HUL,40.467
Spanish Grand Prix,16.0,ALO,27.956
Spanish Grand Prix,16.0,ZHO,44.357
Spanish Grand Prix,16.0,STR,25.807
Spanish Grand Prix,16.0,RIC,37.366
Spanish Grand Prix,16.0,BOT,42.704
Spanish Grand Prix,16.0,MAG,48.481
Spanish Grand Prix,16.0,ALB,38.12
Spanish Grand Prix,16.0,TSU,51.664
Spanish Grand Prix,16.0,SAR,58.763
Spanish Grand Prix,17.0,VER,0.0
Spanish Grand Prix,17.0,NOR,0.837
Spanish Grand Prix,17.0,HAM,24.354
Spanish Grand Prix,17.0,RUS,22.535
Spanish Grand Prix,17.0,LEC,4.419
Spanish Grand Prix,17.0,SAI,23.993
Spanish Grand Prix,17.0,PIA,11.069
Spanish Grand Prix,17.0,PER,34.059
Spanish Grand Prix,17.0,GAS,30.849
Spanish Grand Prix,17.0,OCO,31.712
Spanish Grand Prix,17.0,HUL,37.019
Spanish Grand Prix,17.0,ALO,26.34
Spanish Grand Prix,17.0,ZHO,41.088
Spanish Grand Prix,17.0,STR,27.826999999999998
Spanish Grand Prix,17.0,RIC,52.493
Spanish Grand Prix,17.0,BOT,39.415
Spanish Grand Prix,17.0,MAG,44.945
Spanish Grand Prix,17.0,ALB,36.77
Spanish Grand Prix,17.0,TSU,48.311
Spanish Grand Prix,17.0,SAR,54.964
Spanish Grand Prix,18.0,VER,16.373
Spanish Grand Prix,18.0,NOR,0.0
Spanish Grand Prix,18.0,HAM,23.108
Spanish Grand Prix,18.0,RUS,20.762
Spanish Grand Prix,18.0,LEC,4.05
Spanish Grand Prix,18.0,SAI,22.559
Spanish Grand Prix,18.0,PIA,11.29
Spanish Grand Prix,18.0,PER,32.937
Spanish Grand Prix,18.0,GAS,29.961
Spanish Grand Prix,18.0,OCO,30.999
Spanish Grand Prix,18.0,HUL,36.491
Spanish Grand Prix,18.0,ALO,27.242
Spanish Grand Prix,18.0,ZHO,41.35
Spanish Grand Prix,18.0,STR,45.665
Spanish Grand Prix,18.0,RIC,52.067
Spanish Grand Prix,18.0,BOT,39.732
Spanish Grand Prix,18.0,MAG,44.948
Spanish Grand Prix,18.0,ALB,42.324
Spanish Grand Prix,18.0,TSU,49.209
Spanish Grand Prix,18.0,SAR,55.059
Spanish Grand Prix,19.0,VER,15.463
Spanish Grand Prix,19.0,NOR,0.0
Spanish Grand Prix,19.0,HAM,21.78
Spanish Grand Prix,19.0,RUS,19.666
Spanish Grand Prix,19.0,LEC,4.511
Spanish Grand Prix,19.0,SAI,23.003
Spanish Grand Prix,19.0,PIA,12.382
Spanish Grand Prix,19.0,PER,32.861
Spanish Grand Prix,19.0,GAS,29.758
Spanish Grand Prix,19.0,OCO,31.39
Spanish Grand Prix,19.0,HUL,37.03
Spanish Grand Prix,19.0,ALO,31.905
Spanish Grand Prix,19.0,ZHO,42.094
Spanish Grand Prix,19.0,STR,45.645
Spanish Grand Prix,19.0,RIC,52.847
Spanish Grand Prix,19.0,BOT,40.327
Spanish Grand Prix,19.0,MAG,45.263
Spanish Grand Prix,19.0,ALB,61.914
Spanish Grand Prix,19.0,TSU,50.318
Spanish Grand Prix,19.0,SAR,55.978
Spanish Grand Prix,20.0,VER,14.613
Spanish Grand Prix,20.0,NOR,0.0
Spanish Grand Prix,20.0,HAM,20.667
Spanish Grand Prix,20.0,RUS,18.822
Spanish Grand Prix,20.0,LEC,4.854
Spanish Grand Prix,20.0,SAI,22.187
Spanish Grand Prix,20.0,PIA,13.449
Spanish Grand Prix,20.0,PER,32.706
Spanish Grand Prix,20.0,GAS,29.105
Spanish Grand Prix,20.0,OCO,31.236
Spanish Grand Prix,20.0,HUL,37.351
Spanish Grand Prix,20.0,ALO,49.818
Spanish Grand Prix,20.0,ZHO,42.79
Spanish Grand Prix,20.0,STR,45.612
Spanish Grand Prix,20.0,RIC,53.912
Spanish Grand Prix,20.0,BOT,41.123
Spanish Grand Prix,20.0,MAG,46.935
Spanish Grand Prix,20.0,ALB,61.103
Spanish Grand Prix,20.0,TSU,52.464
Spanish Grand Prix,20.0,SAR,56.784
Spanish Grand Prix,21.0,VER,14.01
Spanish Grand Prix,21.0,NOR,0.0
Spanish Grand Prix,21.0,HAM,19.675
Spanish Grand Prix,21.0,RUS,18.255
Spanish Grand Prix,21.0,LEC,5.444
Spanish Grand Prix,21.0,SAI,21.405
Spanish Grand Prix,21.0,PIA,19.606
Spanish Grand Prix,21.0,PER,32.832
Spanish Grand Prix,21.0,GAS,28.876
Spanish Grand Prix,21.0,OCO,31.097
Spanish Grand Prix,21.0,HUL,37.649
Spanish Grand Prix,21.0,ALO,49.399
Spanish Grand Prix,21.0,ZHO,43.673
Spanish Grand Prix,21.0,STR,45.917
Spanish Grand Prix,21.0,RIC,53.969
Spanish Grand Prix,21.0,BOT,41.902
Spanish Grand Prix,21.0,MAG,47.814
Spanish Grand Prix,21.0,ALB,60.484
Spanish Grand Prix,21.0,TSU,52.949
Spanish Grand Prix,21.0,SAR,57.217
Spanish Grand Prix,22.0,VER,12.824
Spanish Grand Prix,22.0,NOR,0.0
Spanish Grand Prix,22.0,HAM,18.755
Spanish Grand Prix,22.0,RUS,17.42
Spanish Grand Prix,22.0,LEC,5.967
Spanish Grand Prix,22.0,SAI,20.429
Spanish Grand Prix,22.0,PIA,37.774
Spanish Grand Prix,22.0,PER,33.109
Spanish Grand Prix,22.0,GAS,28.492
Spanish Grand Prix,22.0,OCO,30.903
Spanish Grand Prix,22.0,HUL,38.895
Spanish Grand Prix,22.0,ALO,48.816
Spanish Grand Prix,22.0,ZHO,44.416
Spanish Grand Prix,22.0,STR,46.317
Spanish Grand Prix,22.0,RIC,53.89
Spanish Grand Prix,22.0,BOT,42.905
Spanish Grand Prix,22.0,MAG,48.481
Spanish Grand Prix,22.0,ALB,60.05
Spanish Grand Prix,22.0,TSU,55.814
Spanish Grand Prix,22.0,SAR,58.173
Spanish Grand Prix,23.0,VER,7.244
Spanish Grand Prix,23.0,NOR,0.0
Spanish Grand Prix,23.0,HAM,13.358
Spanish Grand Prix,23.0,RUS,12.106
Spanish Grand Prix,23.0,LEC,2.505
Spanish Grand Prix,23.0,SAI,15.505
Spanish Grand Prix,23.0,PIA,32.422
Spanish Grand Prix,23.0,PER,29.006
Spanish Grand Prix,23.0,GAS,23.726
Spanish Grand Prix,23.0,OCO,26.667
Spanish Grand Prix,23.0,HUL,35.337
Spanish Grand Prix,23.0,ALO,44.404
Spanish Grand Prix,23.0,ZHO,41.027
Spanish Grand Prix,23.0,STR,42.498
Spanish Grand Prix,23.0,RIC,50.063
Spanish Grand Prix,23.0,BOT,39.959
Spanish Grand Prix,23.0,MAG,45.862
Spanish Grand Prix,23.0,ALB,55.917
Spanish Grand Prix,23.0,TSU,52.377
Spanish Grand Prix,23.0,SAR,54.93
Spanish Grand Prix,24.0,VER,0.0
Spanish Grand Prix,24.0,NOR,10.728
Spanish Grand Prix,24.0,HAM,6.4719999999999995
Spanish Grand Prix,24.0,RUS,5.193
Spanish Grand Prix,24.0,LEC,0.897
Spanish Grand Prix,24.0,SAI,8.765
Spanish Grand Prix,24.0,PIA,25.468
Spanish Grand Prix,24.0,PER,22.67
Spanish Grand Prix,24.0,GAS,17.277
Spanish Grand Prix,24.0,OCO,20.292
Spanish Grand Prix,24.0,HUL,29.299
Spanish Grand Prix,24.0,ALO,38.599
Spanish Grand Prix,24.0,ZHO,35.643
Spanish Grand Prix,24.0,STR,37.121
Spanish Grand Prix,24.0,RIC,44.241
Spanish Grand Prix,24.0,BOT,34.796
Spanish Grand Prix,24.0,MAG,40.974
Spanish Grand Prix,24.0,ALB,50.153
Spanish Grand Prix,24.0,TSU,47.047
Spanish Grand Prix,24.0,SAR,51.094
Spanish Grand Prix,25.0,VER,0.0
Spanish Grand Prix,25.0,NOR,9.868
Spanish Grand Prix,25.0,HAM,7.081
Spanish Grand Prix,25.0,RUS,5.602
Spanish Grand Prix,25.0,LEC,19.996
Spanish Grand Prix,25.0,SAI,9.111
Spanish Grand Prix,25.0,PIA,25.836
Spanish Grand Prix,25.0,PER,23.9
Spanish Grand Prix,25.0,GAS,18.551
Spanish Grand Prix,25.0,OCO,22.286
Spanish Grand Prix,25.0,HUL,30.989
Spanish Grand Prix,25.0,ALO,40.435
Spanish Grand Prix,25.0,ZHO,36.749
Spanish Grand Prix,25.0,STR,38.889
Spanish Grand Prix,25.0,RIC,46.0
Spanish Grand Prix,25.0,BOT,38.474
Spanish Grand Prix,25.0,MAG,43.327
Spanish Grand Prix,25.0,ALB,51.735
Spanish Grand Prix,25.0,TSU,49.475
Spanish Grand Prix,25.0,SAR,54.061
Spanish Grand Prix,26.0,VER,0.0
Spanish Grand Prix,26.0,NOR,9.842
Spanish Grand Prix,26.0,HAM,7.114
Spanish Grand Prix,26.0,RUS,5.999
Spanish Grand Prix,26.0,LEC,19.495
Spanish Grand Prix,26.0,SAI,9.502
Spanish Grand Prix,26.0,PIA,25.807
Spanish Grand Prix,26.0,PER,24.839
Spanish Grand Prix,26.0,GAS,19.137
Spanish Grand Prix,26.0,OCO,23.437
Spanish Grand Prix,26.0,HUL,32.079
Spanish Grand Prix,26.0,ALO,41.844
Spanish Grand Prix,26.0,ZHO,38.135
Spanish Grand Prix,26.0,STR,40.099
Spanish Grand Prix,26.0,RIC,47.455
Spanish Grand Prix,26.0,BOT,41.593
Spanish Grand Prix,26.0,MAG,45.262
Spanish Grand Prix,26.0,ALB,53.33
Spanish Grand Prix,26.0,TSU,51.604
Spanish Grand Prix,26.0,SAR,56.726
Spanish Grand Prix,27.0,VER,0.0
Spanish Grand Prix,27.0,NOR,9.465
Spanish Grand Prix,27.0,HAM,8.01
Spanish Grand Prix,27.0,RUS,6.527
Spanish Grand Prix,27.0,LEC,18.612
Spanish Grand Prix,27.0,SAI,11.596
Spanish Grand Prix,27.0,PIA,26.344
Spanish Grand Prix,27.0,PER,26.063
Spanish Grand Prix,27.0,GAS,21.061
Spanish Grand Prix,27.0,OCO,25.012
Spanish Grand Prix,27.0,HUL,33.805
Spanish Grand Prix,27.0,ALO,43.541
Spanish Grand Prix,27.0,ZHO,39.62
Spanish Grand Prix,27.0,STR,41.705
Spanish Grand Prix,27.0,RIC,49.424
Spanish Grand Prix,27.0,BOT,45.327
Spanish Grand Prix,27.0,MAG,47.91
Spanish Grand Prix,27.0,ALB,55.281
Spanish Grand Prix,27.0,TSU,57.491
Spanish Grand Prix,27.0,SAR,59.61
Spanish Grand Prix,28.0,VER,0.0
Spanish Grand Prix,28.0,NOR,9.199
Spanish Grand Prix,28.0,HAM,8.145
Spanish Grand Prix,28.0,RUS,6.627
Spanish Grand Prix,28.0,LEC,17.835
Spanish Grand Prix,28.0,SAI,11.953
Spanish Grand Prix,28.0,PIA,26.869
Spanish Grand Prix,28.0,PER,28.141
Spanish Grand Prix,28.0,GAS,22.241
Spanish Grand Prix,28.0,OCO,26.555
Spanish Grand Prix,28.0,HUL,34.794
Spanish Grand Prix,28.0,ALO,44.851
Spanish Grand Prix,28.0,ZHO,40.773
Spanish Grand Prix,28.0,STR,42.848
Spanish Grand Prix,28.0,RIC,50.881
Spanish Grand Prix,28.0,BOT,50.803
Spanish Grand Prix,28.0,MAG,49.754
Spanish Grand Prix,28.0,ALB,56.596
Spanish Grand Prix,28.0,TSU,77.127
Spanish Grand Prix,28.0,SAR,62.096
Spanish Grand Prix,29.0,VER,0.0
Spanish Grand Prix,29.0,NOR,9.127
Spanish Grand Prix,29.0,HAM,8.11
Spanish Grand Prix,29.0,RUS,6.862
Spanish Grand Prix,29.0,LEC,17.525
Spanish Grand Prix,29.0,SAI,12.222
Spanish Grand Prix,29.0,PIA,26.9
Spanish Grand Prix,29.0,PER,29.583
Spanish Grand Prix,29.0,GAS,23.369
Spanish Grand Prix,29.0,OCO,28.979
Spanish Grand Prix,29.0,HUL,35.981
Spanish Grand Prix,29.0,ALO,46.516
Spanish Grand Prix,29.0,ZHO,42.038
Spanish Grand Prix,29.0,STR,44.157
Spanish Grand Prix,29.0,RIC,52.519
Spanish Grand Prix,29.0,BOT,70.633
Spanish Grand Prix,29.0,MAG,55.343
Spanish Grand Prix,29.0,ALB,57.906
Spanish Grand Prix,29.0,TSU,76.908
Spanish Grand Prix,29.0,SAR,64.729
Spanish Grand Prix,30.0,VER,0.0
Spanish Grand Prix,30.0,NOR,8.709
Spanish Grand Prix,30.0,HAM,8.199
Spanish Grand Prix,30.0,RUS,7.093
Spanish Grand Prix,30.0,LEC,17.393
Spanish Grand Prix,30.0,SAI,12.791
Spanish Grand Prix,30.0,PIA,27.103
Spanish Grand Prix,30.0,PER,31.179
Spanish Grand Prix,30.0,GAS,24.471
Spanish Grand Prix,30.0,OCO,32.52
Spanish Grand Prix,30.0,HUL,37.372
Spanish Grand Prix,30.0,ALO,48.135
Spanish Grand Prix,30.0,ZHO,43.702
Spanish Grand Prix,30.0,STR,45.804
Spanish Grand Prix,30.0,RIC,53.764
Spanish Grand Prix,30.0,BOT,71.021
Spanish Grand Prix,30.0,MAG,82.983
Spanish Grand Prix,30.0,ALB,59.518
Spanish Grand Prix,30.0,TSU,76.856
Spanish Grand Prix,30.0,SAR,67.734
Spanish Grand Prix,31.0,VER,0.0
Spanish Grand Prix,31.0,NOR,8.843
Spanish Grand Prix,31.0,HAM,8.515
Spanish Grand Prix,31.0,RUS,7.42
Spanish Grand Prix,31.0,LEC,17.173
Spanish Grand Prix,31.0,SAI,13.422
Spanish Grand Prix,31.0,PIA,26.967
Spanish Grand Prix,31.0,PER,36.588
Spanish Grand Prix,31.0,GAS,25.404
Spanish Grand Prix,31.0,OCO,34.285
Spanish Grand Prix,31.0,HUL,38.675
Spanish Grand Prix,31.0,ALO,49.4
Spanish Grand Prix,31.0,ZHO,45.117
Spanish Grand Prix,31.0,STR,47.274
Spanish Grand Prix,31.0,RIC,55.295
Spanish Grand Prix,31.0,BOT,71.48
Spanish Grand Prix,31.0,MAG,83.017
Spanish Grand Prix,31.0,ALB,60.759
Spanish Grand Prix,31.0,TSU,77.223
Spanish Grand Prix,31.0,SAR,70.444
Spanish Grand Prix,32.0,VER,0.0
Spanish Grand Prix,32.0,NOR,8.82
Spanish Grand Prix,32.0,HAM,9.981
Spanish Grand Prix,32.0,RUS,7.83
Spanish Grand Prix,32.0,LEC,16.791
Spanish Grand Prix,32.0,SAI,13.714
Spanish Grand Prix,32.0,PIA,27.501
Spanish Grand Prix,32.0,PER,53.188
Spanish Grand Prix,32.0,GAS,26.504
Spanish Grand Prix,32.0,OCO,35.588
Spanish Grand Prix,32.0,HUL,40.229
Spanish Grand Prix,32.0,ALO,50.413
Spanish Grand Prix,32.0,ZHO,46.613
Spanish Grand Prix,32.0,STR,48.658
Spanish Grand Prix,32.0,RIC,56.982
Spanish Grand Prix,32.0,BOT,73.202
Spanish Grand Prix,32.0,MAG,83.053
Spanish Grand Prix,32.0,ALB,62.038
Spanish Grand Prix,32.0,TSU,77.655
Spanish Grand Prix,32.0,SAR,72.997
Spanish Grand Prix,33.0,VER,0.0
Spanish Grand Prix,33.0,NOR,9.074
Spanish Grand Prix,33.0,HAM,10.403
Spanish Grand Prix,33.0,RUS,8.172
Spanish Grand Prix,33.0,LEC,16.49
Spanish Grand Prix,33.0,SAI,14.023
Spanish Grand Prix,33.0,PIA,28.208
Spanish Grand Prix,33.0,PER,52.004
Spanish Grand Prix,33.0,GAS,27.607
Spanish Grand Prix,33.0,OCO,37.185
Spanish Grand Prix,33.0,HUL,41.596
Spanish Grand Prix,33.0,ALO,51.67
Spanish Grand Prix,33.0,ZHO,47.772
Spanish Grand Prix,33.0,STR,49.794
Spanish Grand Prix,33.0,RIC,58.263
Spanish Grand Prix,33.0,BOT,73.931
Spanish Grand Prix,33.0,MAG,83.022
Spanish Grand Prix,33.0,ALB,63.195
Spanish Grand Prix,33.0,TSU,77.991
Spanish Grand Prix,33.0,SAR,76.104
Spanish Grand Prix,34.0,VER,0.0
Spanish Grand Prix,34.0,NOR,8.971
Spanish Grand Prix,34.0,HAM,10.431
Spanish Grand Prix,34.0,RUS,8.418
Spanish Grand Prix,34.0,LEC,16.142
Spanish Grand Prix,34.0,SAI,14.296
Spanish Grand Prix,34.0,PIA,27.906
Spanish Grand Prix,34.0,PER,51.594
Spanish Grand Prix,34.0,GAS,30.183
Spanish Grand Prix,34.0,OCO,38.706
Spanish Grand Prix,34.0,HUL,43.265
Spanish Grand Prix,34.0,ALO,53.628
Spanish Grand Prix,34.0,ZHO,49.087
Spanish Grand Prix,34.0,STR,51.175
Spanish Grand Prix,34.0,RIC,59.338
Spanish Grand Prix,34.0,BOT,74.717
Spanish Grand Prix,34.0,MAG,83.27
Spanish Grand Prix,34.0,ALB,64.52
Spanish Grand Prix,34.0,TSU,78.59
Spanish Grand Prix,34.0,SAR,81.971
Spanish Grand Prix,35.0,VER,0.0
Spanish Grand Prix,35.0,NOR,9.264
Spanish Grand Prix,35.0,HAM,10.897
Spanish Grand Prix,35.0,RUS,10.362
Spanish Grand Prix,35.0,LEC,16.134
Spanish Grand Prix,35.0,SAI,14.818999999999999
Spanish Grand Prix,35.0,PIA,27.517
Spanish Grand Prix,35.0,PER,50.725
Spanish Grand Prix,35.0,GAS,31.525
Spanish Grand Prix,35.0,OCO,40.223
Spanish Grand Prix,35.0,HUL,44.335
Spanish Grand Prix,35.0,ALO,54.635
Spanish Grand Prix,35.0,ZHO,50.32
Spanish Grand Prix,35.0,STR,53.403
Spanish Grand Prix,35.0,RIC,60.323
Spanish Grand Prix,35.0,BOT,75.198
Spanish Grand Prix,35.0,MAG,83.383
Spanish Grand Prix,35.0,ALB,65.971
Spanish Grand Prix,35.0,TSU,78.593
Spanish Grand Prix,35.0,SAR,102.381
Spanish Grand Prix,36.0,VER,0.0
Spanish Grand Prix,36.0,NOR,8.785
Spanish Grand Prix,36.0,HAM,11.577
Spanish Grand Prix,36.0,RUS,14.808
Spanish Grand Prix,36.0,LEC,16.115
Spanish Grand Prix,36.0,SAI,18.626
Spanish Grand Prix,36.0,PIA,27.319
Spanish Grand Prix,36.0,PER,49.735
Spanish Grand Prix,36.0,GAS,32.609
Spanish Grand Prix,36.0,OCO,41.72
Spanish Grand Prix,36.0,HUL,45.449
Spanish Grand Prix,36.0,ALO,55.737
Spanish Grand Prix,36.0,ZHO,52.546
Spanish Grand Prix,36.0,STR,54.739
Spanish Grand Prix,36.0,RIC,61.456
Spanish Grand Prix,36.0,BOT,75.876
Spanish Grand Prix,36.0,MAG,83.937
Spanish Grand Prix,36.0,ALB,67.524
Spanish Grand Prix,36.0,TSU,81.438
Spanish Grand Prix,36.0,SAR,102.729
Spanish Grand Prix,37.0,VER,0.0
Spanish Grand Prix,37.0,NOR,8.207
Spanish Grand Prix,37.0,HAM,11.178
Spanish Grand Prix,37.0,RUS,34.356
Spanish Grand Prix,37.0,LEC,15.865
Spanish Grand Prix,37.0,SAI,37.415
Spanish Grand Prix,37.0,PIA,27.177
Spanish Grand Prix,37.0,PER,48.991
Spanish Grand Prix,37.0,GAS,34.088
Spanish Grand Prix,37.0,OCO,47.295
Spanish Grand Prix,37.0,HUL,46.666
Spanish Grand Prix,37.0,ALO,56.927
Spanish Grand Prix,37.0,ZHO,54.266
Spanish Grand Prix,37.0,STR,60.137
Spanish Grand Prix,37.0,RIC,62.793
Spanish Grand Prix,37.0,BOT,76.888
Spanish Grand Prix,37.0,MAG,84.622
Spanish Grand Prix,37.0,ALB,69.298
Spanish Grand Prix,37.0,TSU,82.288
Spanish Grand Prix,37.0,SAR,103.328
Spanish Grand Prix,38.0,VER,0.0
Spanish Grand Prix,38.0,NOR,7.701
Spanish Grand Prix,38.0,HAM,11.023
Spanish Grand Prix,38.0,RUS,32.91
Spanish Grand Prix,38.0,LEC,15.692
Spanish Grand Prix,38.0,SAI,36.462
Spanish Grand Prix,38.0,PIA,27.149
Spanish Grand Prix,38.0,PER,48.666
Spanish Grand Prix,38.0,GAS,39.688
Spanish Grand Prix,38.0,OCO,65.154
Spanish Grand Prix,38.0,HUL,51.395
Spanish Grand Prix,38.0,ALO,57.65
Spanish Grand Prix,38.0,ZHO,55.683
Spanish Grand Prix,38.0,STR,81.282
Spanish Grand Prix,38.0,RIC,64.168
Spanish Grand Prix,38.0,BOT,77.848
Spanish Grand Prix,38.0,MAG,85.136
Spanish Grand Prix,38.0,ALB,71.222
Spanish Grand Prix,38.0,TSU,83.324
Spanish Grand Prix,38.0,SAR,103.687
Spanish Grand Prix,39.0,VER,0.0
Spanish Grand Prix,39.0,NOR,7.247
Spanish Grand Prix,39.0,HAM,11.391
Spanish Grand Prix,39.0,RUS,32.205
Spanish Grand Prix,39.0,LEC,15.482
Spanish Grand Prix,39.0,SAI,35.332
Spanish Grand Prix,39.0,PIA,27.26
Spanish Grand Prix,39.0,PER,47.987
Spanish Grand Prix,39.0,GAS,57.768
Spanish Grand Prix,39.0,OCO,66.961
Spanish Grand Prix,39.0,HUL,71.18
Spanish Grand Prix,39.0,ALO,60.363
Spanish Grand Prix,39.0,ZHO,57.4
Spanish Grand Prix,39.0,STR,82.034
Spanish Grand Prix,39.0,RIC,66.704
Spanish Grand Prix,39.0,BOT,80.953
Spanish Grand Prix,39.0,MAG,86.087
Spanish Grand Prix,39.0,ALB,73.822
Spanish Grand Prix,39.0,TSU,84.681
Spanish Grand Prix,39.0,SAR,104.434
Spanish Grand Prix,40.0,VER,0.0
Spanish Grand Prix,40.0,NOR,6.682
Spanish Grand Prix,40.0,HAM,11.113
Spanish Grand Prix,40.0,RUS,31.323
Spanish Grand Prix,40.0,LEC,14.837
Spanish Grand Prix,40.0,SAI,34.206
Spanish Grand Prix,40.0,PIA,26.609
Spanish Grand Prix,40.0,PER,47.044
Spanish Grand Prix,40.0,GAS,56.997
Spanish Grand Prix,40.0,OCO,66.243
Spanish Grand Prix,40.0,HUL,71.322
Spanish Grand Prix,40.0,ALO,61.166
Spanish Grand Prix,40.0,ZHO,59.309
Spanish Grand Prix,40.0,STR,82.013
Spanish Grand Prix,40.0,RIC,68.809
Spanish Grand Prix,40.0,BOT,81.698
Spanish Grand Prix,40.0,MAG,87.462
Spanish Grand Prix,40.0,ALB,75.099
Spanish Grand Prix,40.0,TSU,86.471
Spanish Grand Prix,40.0,SAR,104.572
Spanish Grand Prix,41.0,VER,0.0
Spanish Grand Prix,41.0,NOR,5.945
Spanish Grand Prix,41.0,HAM,11.065
Spanish Grand Prix,41.0,RUS,30.657
Spanish Grand Prix,41.0,LEC,14.850999999999999
Spanish Grand Prix,41.0,SAI,33.467
Spanish Grand Prix,41.0,PIA,26.583
Spanish Grand Prix,41.0,PER,46.783
Spanish Grand Prix,41.0,GAS,57.367
Spanish Grand Prix,41.0,OCO,66.484
Spanish Grand Prix,41.0,HUL,71.796
Spanish Grand Prix,41.0,ALO,62.657
Spanish Grand Prix,41.0,ZHO,65.296
Spanish Grand Prix,41.0,STR,83.286
Spanish Grand Prix,41.0,RIC,70.701
Spanish Grand Prix,41.0,BOT,86.299
Spanish Grand Prix,41.0,MAG,88.762
Spanish Grand Prix,41.0,ALB,77.606
Spanish Grand Prix,41.0,TSU,88.298
Spanish Grand Prix,41.0,SAR,105.671
Spanish Grand Prix,42.0,VER,0.0
Spanish Grand Prix,42.0,NOR,5.536
Spanish Grand Prix,42.0,HAM,11.369
Spanish Grand Prix,42.0,RUS,29.77
Spanish Grand Prix,42.0,LEC,14.712
Spanish Grand Prix,42.0,SAI,32.682
Spanish Grand Prix,42.0,PIA,26.593
Spanish Grand Prix,42.0,PER,45.935
Spanish Grand Prix,42.0,GAS,57.087
Spanish Grand Prix,42.0,OCO,66.269
Spanish Grand Prix,42.0,HUL,72.232
Spanish Grand Prix,42.0,ALO,63.274
Spanish Grand Prix,42.0,ZHO,87.284
Spanish Grand Prix,42.0,STR,84.292
Spanish Grand Prix,42.0,RIC,75.672
Spanish Grand Prix,42.0,BOT,86.856
Spanish Grand Prix,42.0,MAG,89.754
Spanish Grand Prix,42.0,ALB,81.936
Spanish Grand Prix,42.0,TSU,92.691
Spanish Grand Prix,42.0,SAR,108.569
Spanish Grand Prix,43.0,VER,0.0
Spanish Grand Prix,43.0,NOR,4.734
Spanish Grand Prix,43.0,HAM,15.217
Spanish Grand Prix,43.0,RUS,28.775
Spanish Grand Prix,43.0,LEC,14.392
Spanish Grand Prix,43.0,SAI,31.538
Spanish Grand Prix,43.0,PIA,26.442
Spanish Grand Prix,43.0,PER,45.114
Spanish Grand Prix,43.0,GAS,56.611
Spanish Grand Prix,43.0,OCO,65.594
Spanish Grand Prix,43.0,HUL,70.954
Spanish Grand Prix,43.0,ALO,63.408
Spanish Grand Prix,43.0,ZHO,85.962
Spanish Grand Prix,43.0,STR,85.53
Spanish Grand Prix,43.0,RIC,96.744
Spanish Grand Prix,43.0,BOT,89.2
Spanish Grand Prix,43.0,MAG,90.486
Spanish Grand Prix,43.0,ALB,87.56
Spanish Grand Prix,43.0,TSU,93.265
Spanish Grand Prix,43.0,SAR,110.42
Spanish Grand Prix,44.0,VER,0.0
Spanish Grand Prix,44.0,NOR,0.764
Spanish Grand Prix,44.0,HAM,27.984
Spanish Grand Prix,44.0,RUS,24.367
Spanish Grand Prix,44.0,LEC,11.029
Spanish Grand Prix,44.0,SAI,27.303
Spanish Grand Prix,44.0,PIA,22.94
Spanish Grand Prix,44.0,PER,41.304
Spanish Grand Prix,44.0,GAS,52.802
Spanish Grand Prix,44.0,OCO,61.977
Spanish Grand Prix,44.0,HUL,67.059
Spanish Grand Prix,44.0,ALO,60.52
Spanish Grand Prix,44.0,ZHO,81.781
Spanish Grand Prix,44.0,STR,83.651
Spanish Grand Prix,44.0,RIC,94.351
Spanish Grand Prix,44.0,BOT,87.111
Spanish Grand Prix,44.0,MAG,88.183
Spanish Grand Prix,44.0,ALB,101.548
Spanish Grand Prix,44.0,TSU,96.224
Spanish Grand Prix,44.0,SAR,109.881
Spanish Grand Prix,45.0,VER,17.535
Spanish Grand Prix,45.0,NOR,0.0
Spanish Grand Prix,45.0,HAM,27.225
Spanish Grand Prix,45.0,RUS,24.481
Spanish Grand Prix,45.0,LEC,11.412
Spanish Grand Prix,45.0,SAI,26.921
Spanish Grand Prix,45.0,PIA,24.089
Spanish Grand Prix,45.0,PER,41.255
Spanish Grand Prix,45.0,GAS,52.8
Spanish Grand Prix,45.0,OCO,62.165
Spanish Grand Prix,45.0,HUL,66.956
Spanish Grand Prix,45.0,ALO,65.034
Spanish Grand Prix,45.0,ZHO,81.636
Spanish Grand Prix,45.0,STR,84.421
Spanish Grand Prix,45.0,RIC,97.302
Spanish Grand Prix,45.0,BOT,88.403
Spanish Grand Prix,45.0,MAG,89.549
Spanish Grand Prix,45.0,ALB,101.162
Spanish Grand Prix,45.0,TSU,117.773
Spanish Grand Prix,45.0,SAR,111.308
Spanish Grand Prix,46.0,VER,16.002
Spanish Grand Prix,46.0,NOR,0.0
Spanish Grand Prix,46.0,HAM,25.615
Spanish Grand Prix,46.0,RUS,23.353
Spanish Grand Prix,46.0,LEC,11.994
Spanish Grand Prix,46.0,SAI,27.534
Spanish Grand Prix,46.0,PIA,28.754
Spanish Grand Prix,46.0,PER,41.242
Spanish Grand Prix,46.0,GAS,52.822
Spanish Grand Prix,46.0,OCO,62.271
Spanish Grand Prix,46.0,HUL,66.9
Spanish Grand Prix,46.0,ALO,83.923
Spanish Grand Prix,46.0,ZHO,81.443
Spanish Grand Prix,46.0,STR,85.303
Spanish Grand Prix,46.0,RIC,98.828
Spanish Grand Prix,46.0,BOT,89.875
Spanish Grand Prix,46.0,MAG,91.261
Spanish Grand Prix,46.0,ALB,104.868
Spanish Grand Prix,46.0,TSU,119.06
Spanish Grand Prix,46.0,SAR,112.93
Spanish Grand Prix,47.0,VER,11.014
Spanish Grand Prix,47.0,NOR,0.0
Spanish Grand Prix,47.0,HAM,20.841
Spanish Grand Prix,47.0,RUS,18.853
Spanish Grand Prix,47.0,LEC,12.769
Spanish Grand Prix,47.0,SAI,23.568
Spanish Grand Prix,47.0,PIA,43.587
Spanish Grand Prix,47.0,PER,38.102
Spanish Grand Prix,47.0,GAS,49.364
Spanish Grand Prix,47.0,OCO,59.087
Spanish Grand Prix,47.0,HUL,63.178
Spanish Grand Prix,47.0,ALO,79.909
Spanish Grand Prix,47.0,ZHO,77.655
Spanish Grand Prix,47.0,STR,82.021
Spanish Grand Prix,47.0,RIC,96.772
Spanish Grand Prix,47.0,BOT,87.944
Spanish Grand Prix,47.0,MAG,89.242
Spanish Grand Prix,47.0,ALB,101.734
Spanish Grand Prix,47.0,TSU,116.535
Spanish Grand Prix,47.0,SAR,112.242
Spanish Grand Prix,48.0,VER,0.0
Spanish Grand Prix,48.0,NOR,7.696
Spanish Grand Prix,48.0,HAM,10.251
Spanish Grand Prix,48.0,RUS,9.483
Spanish Grand Prix,48.0,LEC,20.855
Spanish Grand Prix,48.0,SAI,13.456
Spanish Grand Prix,48.0,PIA,33.474
Spanish Grand Prix,48.0,PER,28.483
Spanish Grand Prix,48.0,GAS,39.454
Spanish Grand Prix,48.0,OCO,49.125
Spanish Grand Prix,48.0,HUL,52.664
Spanish Grand Prix,48.0,ALO,69.206
Spanish Grand Prix,48.0,ZHO,67.363
Spanish Grand Prix,48.0,STR,72.34
Spanish Grand Prix,48.0,RIC,91.104
Spanish Grand Prix,48.0,BOT,80.615
Spanish Grand Prix,48.0,MAG,81.596
Spanish Grand Prix,48.0,ALB,94.341
Spanish Grand Prix,48.0,TSU,109.808
Spanish Grand Prix,48.0,SAR,103.845
Spanish Grand Prix,49.0,VER,0.0
Spanish Grand Prix,49.0,NOR,6.819
Spanish Grand Prix,49.0,HAM,10.973
Spanish Grand Prix,49.0,RUS,9.91
Spanish Grand Prix,49.0,LEC,20.691
Spanish Grand Prix,49.0,SAI,14.722
Spanish Grand Prix,49.0,PIA,33.379
Spanish Grand Prix,49.0,PER,33.432
Spanish Grand Prix,49.0,GAS,40.55
Spanish Grand Prix,49.0,OCO,50.485
Spanish Grand Prix,49.0,HUL,53.019
Spanish Grand Prix,49.0,ALO,69.671
Spanish Grand Prix,49.0,ZHO,68.027
Spanish Grand Prix,49.0,STR,73.427
Spanish Grand Prix,49.0,RIC,94.762
Spanish Grand Prix,49.0,BOT,83.005
Spanish Grand Prix,49.0,MAG,84.282
Spanish Grand Prix,49.0,ALB,95.968
Spanish Grand Prix,49.0,TSU,113.353
Spanish Grand Prix,49.0,SAR,106.664
Spanish Grand Prix,50.0,VER,0.0
Spanish Grand Prix,50.0,NOR,6.6850000000000005
Spanish Grand Prix,50.0,HAM,11.108
Spanish Grand Prix,50.0,RUS,10.126
Spanish Grand Prix,50.0,LEC,20.799
Spanish Grand Prix,50.0,SAI,15.85
Spanish Grand Prix,50.0,PIA,33.562
Spanish Grand Prix,50.0,PER,52.348
Spanish Grand Prix,50.0,GAS,42.086
Spanish Grand Prix,50.0,OCO,52.012
Spanish Grand Prix,50.0,HUL,54.095
Spanish Grand Prix,50.0,ALO,69.931
Spanish Grand Prix,50.0,ZHO,68.724
Spanish Grand Prix,50.0,STR,74.671
Spanish Grand Prix,50.0,RIC,96.531
Spanish Grand Prix,50.0,BOT,86.518
Spanish Grand Prix,50.0,MAG,87.355
Spanish Grand Prix,50.0,ALB,97.971
Spanish Grand Prix,50.0,TSU,115.094
Spanish Grand Prix,50.0,SAR,109.573
Spanish Grand Prix,51.0,VER,0.0
Spanish Grand Prix,51.0,NOR,5.842
Spanish Grand Prix,51.0,HAM,11.427
Spanish Grand Prix,51.0,RUS,10.894
Spanish Grand Prix,51.0,LEC,21.02
Spanish Grand Prix,51.0,SAI,16.938
Spanish Grand Prix,51.0,PIA,33.785
Spanish Grand Prix,51.0,PER,52.175
Spanish Grand Prix,51.0,GAS,43.173
Spanish Grand Prix,51.0,OCO,54.064
Spanish Grand Prix,51.0,HUL,55.08
Spanish Grand Prix,51.0,ALO,70.875
Spanish Grand Prix,51.0,ZHO,70.192
Spanish Grand Prix,51.0,STR,76.452
Spanish Grand Prix,51.0,RIC,98.158
Spanish Grand Prix,51.0,BOT,90.966
Spanish Grand Prix,51.0,MAG,93.289
Spanish Grand Prix,51.0,ALB,101.443
Spanish Grand Prix,51.0,TSU,116.814
Spanish Grand Prix,51.0,SAR,113.554
Spanish Grand Prix,52.0,VER,0.0
Spanish Grand Prix,52.0,NOR,5.5649999999999995
Spanish Grand Prix,52.0,HAM,11.913
Spanish Grand Prix,52.0,RUS,13.204
Spanish Grand Prix,52.0,LEC,20.986
Spanish Grand Prix,52.0,SAI,18.053
Spanish Grand Prix,52.0,PIA,34.346
Spanish Grand Prix,52.0,PER,52.617
Spanish Grand Prix,52.0,GAS,44.321
Spanish Grand Prix,52.0,OCO,55.454
Spanish Grand Prix,52.0,HUL,56.256
Spanish Grand Prix,52.0,ALO,72.61
Spanish Grand Prix,52.0,ZHO,72.169
Spanish Grand Prix,52.0,STR,79.957
Spanish Grand Prix,52.0,RIC,101.254
Spanish Grand Prix,52.0,BOT,95.631
Spanish Grand Prix,52.0,MAG,98.296
Spanish Grand Prix,52.0,ALB,103.643
Spanish Grand Prix,52.0,TSU,118.701
Spanish Grand Prix,52.0,SAR,116.648
Spanish Grand Prix,53.0,VER,0.0
Spanish Grand Prix,53.0,NOR,5.339
Spanish Grand Prix,53.0,HAM,12.378
Spanish Grand Prix,53.0,RUS,13.927
Spanish Grand Prix,53.0,LEC,20.802
Spanish Grand Prix,53.0,SAI,19.172
Spanish Grand Prix,53.0,PIA,34.429
Spanish Grand Prix,53.0,PER,52.767
Spanish Grand Prix,53.0,GAS,45.355
Spanish Grand Prix,53.0,OCO,56.375
Spanish Grand Prix,53.0,HUL,57.24
Spanish Grand Prix,53.0,ALO,73.182
Spanish Grand Prix,53.0,ZHO,74.914
Spanish Grand Prix,53.0,STR,81.649
Spanish Grand Prix,53.0,RIC,103.198
Spanish Grand Prix,53.0,BOT,101.133
Spanish Grand Prix,53.0,MAG,102.088
Spanish Grand Prix,53.0,ALB,105.723
Spanish Grand Prix,53.0,TSU,120.59
Spanish Grand Prix,53.0,SAR,119.591
Spanish Grand Prix,54.0,VER,0.0
Spanish Grand Prix,54.0,NOR,5.55
Spanish Grand Prix,54.0,HAM,13.135
Spanish Grand Prix,54.0,RUS,15.011
Spanish Grand Prix,54.0,LEC,21.411
Spanish Grand Prix,54.0,SAI,20.413
Spanish Grand Prix,54.0,PIA,35.007
Spanish Grand Prix,54.0,PER,53.421
Spanish Grand Prix,54.0,GAS,46.628
Spanish Grand Prix,54.0,OCO,57.581
Spanish Grand Prix,54.0,HUL,58.915
Spanish Grand Prix,54.0,ALO,74.821
Spanish Grand Prix,54.0,ZHO,77.193
Spanish Grand Prix,54.0,STR,83.361
Spanish Grand Prix,54.0,RIC,105.699
Spanish Grand Prix,54.0,BOT,104.152
Spanish Grand Prix,54.0,MAG,105.206
Spanish Grand Prix,54.0,ALB,108.247
Spanish Grand Prix,54.0,TSU,123.251
Spanish Grand Prix,54.0,SAR,123.014
Spanish Grand Prix,55.0,VER,0.0
Spanish Grand Prix,55.0,NOR,5.892
Spanish Grand Prix,55.0,HAM,13.902
Spanish Grand Prix,55.0,RUS,15.562
Spanish Grand Prix,55.0,LEC,21.941
Spanish Grand Prix,55.0,SAI,23.726
Spanish Grand Prix,55.0,PIA,34.927
Spanish Grand Prix,55.0,PER,53.94
Spanish Grand Prix,55.0,GAS,48.073
Spanish Grand Prix,55.0,OCO,58.844
Spanish Grand Prix,55.0,HUL,60.453
Spanish Grand Prix,55.0,ALO,76.08
Spanish Grand Prix,55.0,ZHO,80.399
Spanish Grand Prix,55.0,STR,86.194
Spanish Grand Prix,55.0,RIC,108.677
Spanish Grand Prix,55.0,BOT,106.941
Spanish Grand Prix,55.0,MAG,107.823
Spanish Grand Prix,55.0,ALB,110.423
Spanish Grand Prix,55.0,TSU,124.794
Spanish Grand Prix,55.0,SAR,126.959
Spanish Grand Prix,56.0,VER,0.0
Spanish Grand Prix,56.0,NOR,5.165
Spanish Grand Prix,56.0,HAM,13.98
Spanish Grand Prix,56.0,RUS,16.0
Spanish Grand Prix,56.0,LEC,22.117
Spanish Grand Prix,56.0,SAI,24.419
Spanish Grand Prix,56.0,PIA,34.447
Spanish Grand Prix,56.0,PER,54.158
Spanish Grand Prix,56.0,GAS,49.339
Spanish Grand Prix,56.0,OCO,59.75
Spanish Grand Prix,56.0,HUL,61.262
Spanish Grand Prix,56.0,ALO,76.751
Spanish Grand Prix,56.0,ZHO,81.589
Spanish Grand Prix,56.0,STR,87.483
Spanish Grand Prix,56.0,RIC,110.451
Spanish Grand Prix,56.0,BOT,108.956
Spanish Grand Prix,56.0,MAG,110.053
Spanish Grand Prix,56.0,ALB,113.811
Spanish Grand Prix,56.0,TSU,125.887
Spanish Grand Prix,56.0,SAR,130.831
Spanish Grand Prix,57.0,VER,0.0
Spanish Grand Prix,57.0,NOR,4.931
Spanish Grand Prix,57.0,HAM,14.475999999999999
Spanish Grand Prix,57.0,RUS,16.829
Spanish Grand Prix,57.0,LEC,22.1
Spanish Grand Prix,57.0,SAI,25.262
Spanish Grand Prix,57.0,PIA,34.613
Spanish Grand Prix,57.0,PER,54.966
Spanish Grand Prix,57.0,GAS,50.346
Spanish Grand Prix,57.0,OCO,60.947
Spanish Grand Prix,57.0,HUL,62.839
Spanish Grand Prix,57.0,ALO,79.627
Spanish Grand Prix,57.0,ZHO,84.275
Spanish Grand Prix,57.0,STR,88.897
Spanish Grand Prix,57.0,RIC,112.092
Spanish Grand Prix,57.0,BOT,110.765
Spanish Grand Prix,57.0,MAG,114.09
Spanish Grand Prix,57.0,ALB,115.803
Spanish Grand Prix,57.0,TSU,127.224
Spanish Grand Prix,57.0,SAR,135.626
Spanish Grand Prix,58.0,VER,0.0
Spanish Grand Prix,58.0,NOR,5.003
Spanish Grand Prix,58.0,HAM,14.977
Spanish Grand Prix,58.0,RUS,17.283
Spanish Grand Prix,58.0,LEC,22.126
Spanish Grand Prix,58.0,SAI,25.946
Spanish Grand Prix,58.0,PIA,34.909
Spanish Grand Prix,58.0,PER,56.084
Spanish Grand Prix,58.0,GAS,51.406
Spanish Grand Prix,58.0,OCO,62.324
Spanish Grand Prix,58.0,HUL,64.313
Spanish Grand Prix,58.0,ALO,80.795
Spanish Grand Prix,58.0,ZHO,85.456
Spanish Grand Prix,58.0,STR,90.305
Spanish Grand Prix,58.0,RIC,115.453
Spanish Grand Prix,58.0,BOT,114.48
Spanish Grand Prix,58.0,MAG,116.952
Spanish Grand Prix,58.0,ALB,127.221
Spanish Grand Prix,58.0,TSU,128.679
Spanish Grand Prix,58.0,SAR,138.928
Spanish Grand Prix,59.0,VER,0.0
Spanish Grand Prix,59.0,NOR,4.834
Spanish Grand Prix,59.0,HAM,15.503
Spanish Grand Prix,59.0,RUS,18.046
Spanish Grand Prix,59.0,LEC,22.197
Spanish Grand Prix,59.0,SAI,26.81
Spanish Grand Prix,59.0,PIA,35.132
Spanish Grand Prix,59.0,PER,57.163
Spanish Grand Prix,59.0,GAS,52.876
Spanish Grand Prix,59.0,OCO,64.006
Spanish Grand Prix,59.0,HUL,66.214
Spanish Grand Prix,59.0,ALO,82.557
Spanish Grand Prix,59.0,ZHO,86.993
Spanish Grand Prix,59.0,STR,91.964
Spanish Grand Prix,59.0,RIC,117.335
Spanish Grand Prix,59.0,BOT,116.756
Spanish Grand Prix,59.0,MAG,119.634
Spanish Grand Prix,59.0,ALB,129.204
Spanish Grand Prix,59.0,TSU,130.694
Spanish Grand Prix,59.0,SAR,142.367
Spanish Grand Prix,60.0,VER,0.0
Spanish Grand Prix,60.0,NOR,4.9399999999999995
Spanish Grand Prix,60.0,HAM,15.973
Spanish Grand Prix,60.0,RUS,18.989
Spanish Grand Prix,60.0,LEC,22.479
Spanish Grand Prix,60.0,SAI,27.76
Spanish Grand Prix,60.0,PIA,35.096
Spanish Grand Prix,60.0,PER,58.015
Spanish Grand Prix,60.0,GAS,54.287
Spanish Grand Prix,60.0,OCO,65.737
Spanish Grand Prix,60.0,HUL,67.621
Spanish Grand Prix,60.0,ALO,84.975
Spanish Grand Prix,60.0,ZHO,88.571
Spanish Grand Prix,60.0,STR,93.426
Spanish Grand Prix,60.0,RIC,118.726
Spanish Grand Prix,60.0,BOT,121.29
Spanish Grand Prix,60.0,MAG,122.465
Spanish Grand Prix,60.0,ALB,130.915
Spanish Grand Prix,60.0,TSU,132.325
Spanish Grand Prix,60.0,SAR,148.887
Spanish Grand Prix,61.0,VER,0.0
Spanish Grand Prix,61.0,NOR,4.385
Spanish Grand Prix,61.0,HAM,16.452
Spanish Grand Prix,61.0,RUS,19.896
Spanish Grand Prix,61.0,LEC,22.854
Spanish Grand Prix,61.0,SAI,28.551
Spanish Grand Prix,61.0,PIA,34.713
Spanish Grand Prix,61.0,PER,58.427
Spanish Grand Prix,61.0,GAS,55.589
Spanish Grand Prix,61.0,OCO,67.418
Spanish Grand Prix,61.0,HUL,69.133
Spanish Grand Prix,61.0,ALO,86.267
Spanish Grand Prix,61.0,ZHO,90.02
Spanish Grand Prix,61.0,STR,94.813
Spanish Grand Prix,61.0,RIC,119.816
Spanish Grand Prix,61.0,BOT,124.09
Spanish Grand Prix,61.0,MAG,125.127
Spanish Grand Prix,61.0,ALB,132.557
Spanish Grand Prix,61.0,TSU,134.082
Spanish Grand Prix,61.0,SAR,151.832
Spanish Grand Prix,62.0,VER,0.0
Spanish Grand Prix,62.0,NOR,4.164
Spanish Grand Prix,62.0,HAM,17.488
Spanish Grand Prix,62.0,RUS,20.899
Spanish Grand Prix,62.0,LEC,23.086
Spanish Grand Prix,62.0,SAI,29.615
Spanish Grand Prix,62.0,PIA,34.598
Spanish Grand Prix,62.0,PER,59.06
Spanish Grand Prix,62.0,GAS,57.098
Spanish Grand Prix,62.0,OCO,68.804
Spanish Grand Prix,62.0,HUL,70.136
Spanish Grand Prix,62.0,ALO,87.583
Spanish Grand Prix,62.0,ZHO,91.55
Spanish Grand Prix,62.0,STR,98.045
Spanish Grand Prix,62.0,RIC,121.315
Spanish Grand Prix,62.0,BOT,126.665
Spanish Grand Prix,62.0,MAG,127.82
Spanish Grand Prix,62.0,ALB,134.249
Spanish Grand Prix,62.0,TSU,139.833
Spanish Grand Prix,62.0,SAR,154.907
Spanish Grand Prix,63.0,VER,0.0
Spanish Grand Prix,63.0,NOR,3.795
Spanish Grand Prix,63.0,HAM,17.887
Spanish Grand Prix,63.0,RUS,21.876
Spanish Grand Prix,63.0,LEC,23.508
Spanish Grand Prix,63.0,SAI,30.551
Spanish Grand Prix,63.0,PIA,34.642
Spanish Grand Prix,63.0,PER,60.205
Spanish Grand Prix,63.0,GAS,58.422
Spanish Grand Prix,63.0,OCO,69.848
Spanish Grand Prix,63.0,HUL,71.253
Spanish Grand Prix,63.0,ALO,88.68
Spanish Grand Prix,63.0,ZHO,92.794
Spanish Grand Prix,63.0,STR,99.522
Spanish Grand Prix,63.0,RIC,122.642
Spanish Grand Prix,63.0,BOT,128.869
Spanish Grand Prix,63.0,MAG,130.285
Spanish Grand Prix,63.0,ALB,135.917
Spanish Grand Prix,63.0,TSU,141.599
Spanish Grand Prix,63.0,SAR,157.976
Spanish Grand Prix,64.0,VER,0.0
Spanish Grand Prix,64.0,NOR,3.005
Spanish Grand Prix,64.0,HAM,17.981
Spanish Grand Prix,64.0,RUS,22.176
Spanish Grand Prix,64.0,LEC,23.466
Spanish Grand Prix,64.0,SAI,31.014
Spanish Grand Prix,64.0,PIA,34.41
Spanish Grand Prix,64.0,PER,60.49
Spanish Grand Prix,64.0,GAS,59.404
Spanish Grand Prix,64.0,OCO,70.527
Spanish Grand Prix,64.0,HUL,72.166
Spanish Grand Prix,64.0,ALO,88.995
Spanish Grand Prix,64.0,ZHO,93.732
Spanish Grand Prix,64.0,STR,100.589
Spanish Grand Prix,64.0,RIC,123.764
Spanish Grand Prix,64.0,BOT,131.122
Spanish Grand Prix,64.0,MAG,132.579
Spanish Grand Prix,64.0,ALB,137.08
Spanish Grand Prix,64.0,TSU,142.63
Spanish Grand Prix,64.0,SAR,164.107
Spanish Grand Prix,65.0,VER,0.0
Spanish Grand Prix,65.0,NOR,2.311
Spanish Grand Prix,65.0,HAM,17.523
Spanish Grand Prix,65.0,RUS,22.343
Spanish Grand Prix,65.0,LEC,23.073
Spanish Grand Prix,65.0,SAI,31.159
Spanish Grand Prix,65.0,PIA,34.24
Spanish Grand Prix,65.0,PER,60.147
Spanish Grand Prix,65.0,GAS,59.745
Spanish Grand Prix,65.0,OCO,71.0
Spanish Grand Prix,65.0,HUL,72.863
Spanish Grand Prix,65.0,ALO,89.271
Spanish Grand Prix,65.0,ZHO,95.25
Spanish Grand Prix,65.0,STR,105.026
Spanish Grand Prix,65.0,RIC,123.824
Spanish Grand Prix,65.0,BOT,133.087
Spanish Grand Prix,65.0,MAG,134.562
Spanish Grand Prix,65.0,ALB,137.923
Spanish Grand Prix,65.0,TSU,143.678
Spanish Grand Prix,66.0,VER,0.0
Spanish Grand Prix,66.0,NOR,2.219
Spanish Grand Prix,66.0,HAM,17.79
Spanish Grand Prix,66.0,RUS,22.32
Spanish Grand Prix,66.0,LEC,22.709
Spanish Grand Prix,66.0,SAI,31.028
Spanish Grand Prix,66.0,PIA,33.76
Spanish Grand Prix,66.0,PER,59.524
Spanish Grand Prix,66.0,GAS,62.025
Spanish Grand Prix,66.0,OCO,71.889
Spanish Grand Prix,66.0,HUL,74.215
Austrian Grand Prix,1.0,RUS,2.351
Austrian Grand Prix,1.0,PIA,4.9
Austrian Grand Prix,1.0,SAI,3.406
Austrian Grand Prix,1.0,HAM,2.79
Austrian Grand Prix,1.0,VER,0.0
Austrian Grand Prix,1.0,HUL,6.37
Austrian Grand Prix,1.0,PER,4.175
Austrian Grand Prix,1.0,MAG,6.776
Austrian Grand Prix,1.0,RIC,7.457
Austrian Grand Prix,1.0,GAS,7.059
Austrian Grand Prix,1.0,LEC,10.035
Austrian Grand Prix,1.0,OCO,5.6530000000000005
Austrian Grand Prix,1.0,STR,9.082
Austrian Grand Prix,1.0,TSU,8.045
Austrian Grand Prix,1.0,ALB,8.457
Austrian Grand Prix,1.0,BOT,8.868
Austrian Grand Prix,1.0,ZHO,12.008
Austrian Grand Prix,1.0,ALO,7.858
Austrian Grand Prix,1.0,SAR,12.555
Austrian Grand Prix,1.0,NOR,1.321
Austrian Grand Prix,2.0,RUS,2.993
Austrian Grand Prix,2.0,PIA,5.503
Austrian Grand Prix,2.0,SAI,4.187
Austrian Grand Prix,2.0,HAM,3.382
Austrian Grand Prix,2.0,VER,0.0
Austrian Grand Prix,2.0,HUL,6.649
Austrian Grand Prix,2.0,PER,4.858
Austrian Grand Prix,2.0,MAG,8.022
Austrian Grand Prix,2.0,RIC,9.164
Austrian Grand Prix,2.0,GAS,8.504
Austrian Grand Prix,2.0,LEC,38.904
Austrian Grand Prix,2.0,OCO,7.193
Austrian Grand Prix,2.0,STR,11.392
Austrian Grand Prix,2.0,TSU,9.72
Austrian Grand Prix,2.0,ALB,10.847
Austrian Grand Prix,2.0,BOT,11.789
Austrian Grand Prix,2.0,ZHO,13.73
Austrian Grand Prix,2.0,ALO,10.236
Austrian Grand Prix,2.0,SAR,41.963
Austrian Grand Prix,2.0,NOR,1.196
Austrian Grand Prix,3.0,RUS,3.577
Austrian Grand Prix,3.0,PIA,6.389
Austrian Grand Prix,3.0,SAI,5.158
Austrian Grand Prix,3.0,HAM,4.248
Austrian Grand Prix,3.0,VER,0.0
Austrian Grand Prix,3.0,HUL,7.401
Austrian Grand Prix,3.0,PER,5.72
Austrian Grand Prix,3.0,MAG,9.216
Austrian Grand Prix,3.0,RIC,10.668
Austrian Grand Prix,3.0,GAS,9.837
Austrian Grand Prix,3.0,LEC,39.785
Austrian Grand Prix,3.0,OCO,8.372
Austrian Grand Prix,3.0,STR,13.189
Austrian Grand Prix,3.0,TSU,11.4
Austrian Grand Prix,3.0,ALB,12.479
Austrian Grand Prix,3.0,BOT,14.045
Austrian Grand Prix,3.0,ZHO,15.666
Austrian Grand Prix,3.0,ALO,11.803
Austrian Grand Prix,3.0,SAR,43.792
Austrian Grand Prix,3.0,NOR,1.867
Austrian Grand Prix,4.0,RUS,4.141
Austrian Grand Prix,4.0,PIA,7.296
Austrian Grand Prix,4.0,SAI,5.799
Austrian Grand Prix,4.0,HAM,4.966
Austrian Grand Prix,4.0,VER,0.0
Austrian Grand Prix,4.0,HUL,8.456
Austrian Grand Prix,4.0,PER,6.608
Austrian Grand Prix,4.0,MAG,10.357
Austrian Grand Prix,4.0,RIC,11.96
Austrian Grand Prix,4.0,GAS,10.979
Austrian Grand Prix,4.0,LEC,40.208
Austrian Grand Prix,4.0,OCO,9.388
Austrian Grand Prix,4.0,STR,14.622
Austrian Grand Prix,4.0,TSU,12.813
Austrian Grand Prix,4.0,ALB,14.082
Austrian Grand Prix,4.0,BOT,15.713
Austrian Grand Prix,4.0,ZHO,18.032
Austrian Grand Prix,4.0,ALO,13.455
Austrian Grand Prix,4.0,SAR,45.649
Austrian Grand Prix,4.0,NOR,2.3529999999999998
Austrian Grand Prix,5.0,RUS,4.329
Austrian Grand Prix,5.0,PIA,7.898
Austrian Grand Prix,5.0,SAI,6.195
Austrian Grand Prix,5.0,HAM,5.437
Austrian Grand Prix,5.0,VER,0.0
Austrian Grand Prix,5.0,HUL,9.477
Austrian Grand Prix,5.0,PER,7.242
Austrian Grand Prix,5.0,MAG,11.272
Austrian Grand Prix,5.0,RIC,12.987
Austrian Grand Prix,5.0,GAS,11.985
Austrian Grand Prix,5.0,LEC,40.888
Austrian Grand Prix,5.0,OCO,10.427
Austrian Grand Prix,5.0,STR,16.033
Austrian Grand Prix,5.0,TSU,14.214
Austrian Grand Prix,5.0,ALB,15.479
Austrian Grand Prix,5.0,BOT,17.893
Austrian Grand Prix,5.0,ZHO,19.806
Austrian Grand Prix,5.0,ALO,14.955
Austrian Grand Prix,5.0,SAR,47.539
Austrian Grand Prix,5.0,NOR,2.7720000000000002
Austrian Grand Prix,6.0,RUS,5.124
Austrian Grand Prix,6.0,PIA,8.906
Austrian Grand Prix,6.0,SAI,6.6370000000000005
Austrian Grand Prix,6.0,HAM,7.236
Austrian Grand Prix,6.0,VER,0.0
Austrian Grand Prix,6.0,HUL,10.317
Austrian Grand Prix,6.0,PER,8.224
Austrian Grand Prix,6.0,MAG,12.247
Austrian Grand Prix,6.0,RIC,13.853
Austrian Grand Prix,6.0,GAS,12.885
Austrian Grand Prix,6.0,LEC,41.22
Austrian Grand Prix,6.0,OCO,11.371
Austrian Grand Prix,6.0,STR,17.281
Austrian Grand Prix,6.0,TSU,15.377
Austrian Grand Prix,6.0,ALB,16.63
Austrian Grand Prix,6.0,BOT,19.327
Austrian Grand Prix,6.0,ZHO,21.541
Austrian Grand Prix,6.0,ALO,16.037
Austrian Grand Prix,6.0,SAR,49.269
Austrian Grand Prix,6.0,NOR,2.863
Austrian Grand Prix,7.0,RUS,5.586
Austrian Grand Prix,7.0,PIA,9.78
Austrian Grand Prix,7.0,SAI,7.639
Austrian Grand Prix,7.0,HAM,8.214
Austrian Grand Prix,7.0,VER,0.0
Austrian Grand Prix,7.0,HUL,11.779
Austrian Grand Prix,7.0,PER,10.485
Austrian Grand Prix,7.0,MAG,13.519
Austrian Grand Prix,7.0,RIC,15.031
Austrian Grand Prix,7.0,GAS,14.178
Austrian Grand Prix,7.0,LEC,41.88
Austrian Grand Prix,7.0,OCO,12.738
Austrian Grand Prix,7.0,STR,18.898
Austrian Grand Prix,7.0,TSU,16.764
Austrian Grand Prix,7.0,ALB,18.246
Austrian Grand Prix,7.0,BOT,20.88
Austrian Grand Prix,7.0,ZHO,23.366
Austrian Grand Prix,7.0,ALO,17.529
Austrian Grand Prix,7.0,SAR,51.003
Austrian Grand Prix,7.0,NOR,3.182
Austrian Grand Prix,8.0,RUS,5.91
Austrian Grand Prix,8.0,PIA,10.8
Austrian Grand Prix,8.0,SAI,8.445
Austrian Grand Prix,8.0,HAM,9.093
Austrian Grand Prix,8.0,VER,0.0
Austrian Grand Prix,8.0,HUL,13.125
Austrian Grand Prix,8.0,PER,11.88
Austrian Grand Prix,8.0,MAG,14.822
Austrian Grand Prix,8.0,RIC,16.408
Austrian Grand Prix,8.0,GAS,15.526
Austrian Grand Prix,8.0,LEC,42.284
Austrian Grand Prix,8.0,OCO,14.037
Austrian Grand Prix,8.0,STR,20.268
Austrian Grand Prix,8.0,TSU,18.155
Austrian Grand Prix,8.0,ALB,19.542
Austrian Grand Prix,8.0,BOT,22.49
Austrian Grand Prix,8.0,ZHO,25.124
Austrian Grand Prix,8.0,ALO,18.806
Austrian Grand Prix,8.0,SAR,52.776
Austrian Grand Prix,8.0,NOR,3.363
Austrian Grand Prix,9.0,RUS,5.938
Austrian Grand Prix,9.0,PIA,11.224
Austrian Grand Prix,9.0,SAI,8.568
Austrian Grand Prix,9.0,HAM,9.474
Austrian Grand Prix,9.0,VER,0.0
Austrian Grand Prix,9.0,HUL,14.217
Austrian Grand Prix,9.0,PER,12.808
Austrian Grand Prix,9.0,MAG,15.815
Austrian Grand Prix,9.0,RIC,17.259
Austrian Grand Prix,9.0,GAS,16.435
Austrian Grand Prix,9.0,LEC,42.49
Austrian Grand Prix,9.0,OCO,15.026
Austrian Grand Prix,9.0,STR,21.208
Austrian Grand Prix,9.0,TSU,19.076
Austrian Grand Prix,9.0,ALB,20.388
Austrian Grand Prix,9.0,BOT,23.561
Austrian Grand Prix,9.0,ZHO,26.684
Austrian Grand Prix,9.0,ALO,19.691
Austrian Grand Prix,9.0,SAR,54.473
Austrian Grand Prix,9.0,NOR,3.209
Austrian Grand Prix,10.0,RUS,6.605
Austrian Grand Prix,10.0,PIA,11.997
Austrian Grand Prix,10.0,SAI,8.916
Austrian Grand Prix,10.0,HAM,9.875
Austrian Grand Prix,10.0,VER,0.0
Austrian Grand Prix,10.0,HUL,15.36
Austrian Grand Prix,10.0,PER,13.818
Austrian Grand Prix,10.0,MAG,20.437
Austrian Grand Prix,10.0,RIC,21.567
Austrian Grand Prix,10.0,GAS,17.971
Austrian Grand Prix,10.0,LEC,42.773
Austrian Grand Prix,10.0,OCO,16.314
Austrian Grand Prix,10.0,STR,22.307
Austrian Grand Prix,10.0,TSU,20.154
Austrian Grand Prix,10.0,ALB,21.581
Austrian Grand Prix,10.0,BOT,24.721
Austrian Grand Prix,10.0,ZHO,28.423
Austrian Grand Prix,10.0,ALO,20.997
Austrian Grand Prix,10.0,SAR,56.306
Austrian Grand Prix,10.0,NOR,4.364
Austrian Grand Prix,11.0,RUS,7.324
Austrian Grand Prix,11.0,PIA,12.829
Austrian Grand Prix,11.0,SAI,9.193
Austrian Grand Prix,11.0,HAM,10.53
Austrian Grand Prix,11.0,VER,0.0
Austrian Grand Prix,11.0,HUL,19.909
Austrian Grand Prix,11.0,PER,14.833
Austrian Grand Prix,11.0,MAG,37.306
Austrian Grand Prix,11.0,RIC,39.018
Austrian Grand Prix,11.0,GAS,19.349
Austrian Grand Prix,11.0,LEC,43.352
Austrian Grand Prix,11.0,OCO,17.687
Austrian Grand Prix,11.0,STR,23.838
Austrian Grand Prix,11.0,TSU,21.392
Austrian Grand Prix,11.0,ALB,23.079
Austrian Grand Prix,11.0,BOT,25.98
Austrian Grand Prix,11.0,ZHO,29.929
Austrian Grand Prix,11.0,ALO,25.778
Austrian Grand Prix,11.0,SAR,58.076
Austrian Grand Prix,11.0,NOR,4.646
Austrian Grand Prix,12.0,RUS,7.947
Austrian Grand Prix,12.0,PIA,13.47
Austrian Grand Prix,12.0,SAI,9.696
Austrian Grand Prix,12.0,HAM,11.255
Austrian Grand Prix,12.0,VER,0.0
Austrian Grand Prix,12.0,HUL,38.599
Austrian Grand Prix,12.0,PER,16.013
Austrian Grand Prix,12.0,MAG,38.067
Austrian Grand Prix,12.0,RIC,39.776
Austrian Grand Prix,12.0,GAS,20.793
Austrian Grand Prix,12.0,LEC,44.229
Austrian Grand Prix,12.0,OCO,18.982
Austrian Grand Prix,12.0,STR,25.381
Austrian Grand Prix,12.0,TSU,22.804
Austrian Grand Prix,12.0,ALB,27.183
Austrian Grand Prix,12.0,BOT,27.433
Austrian Grand Prix,12.0,ZHO,31.814
Austrian Grand Prix,12.0,ALO,42.934
Austrian Grand Prix,12.0,SAR,60.265
Austrian Grand Prix,12.0,NOR,5.019
Austrian Grand Prix,13.0,RUS,8.313
Austrian Grand Prix,13.0,PIA,13.815
Austrian Grand Prix,13.0,SAI,10.05
Austrian Grand Prix,13.0,HAM,11.654
Austrian Grand Prix,13.0,VER,0.0
Austrian Grand Prix,13.0,HUL,38.188
Austrian Grand Prix,13.0,PER,16.64
Austrian Grand Prix,13.0,MAG,39.077
Austrian Grand Prix,13.0,RIC,40.269
Austrian Grand Prix,13.0,GAS,21.543
Austrian Grand Prix,13.0,LEC,44.733
Austrian Grand Prix,13.0,OCO,20.164
Austrian Grand Prix,13.0,STR,26.621
Austrian Grand Prix,13.0,TSU,24.016
Austrian Grand Prix,13.0,ALB,45.087
Austrian Grand Prix,13.0,BOT,28.547
Austrian Grand Prix,13.0,ZHO,33.07
Austrian Grand Prix,13.0,ALO,42.891
Austrian Grand Prix,13.0,SAR,61.979
Austrian Grand Prix,13.0,NOR,5.128
Austrian Grand Prix,14.0,RUS,9.046
Austrian Grand Prix,14.0,PIA,14.532
Austrian Grand Prix,14.0,SAI,10.7
Austrian Grand Prix,14.0,HAM,12.446
Austrian Grand Prix,14.0,VER,0.0
Austrian Grand Prix,14.0,HUL,38.733
Austrian Grand Prix,14.0,PER,17.4
Austrian Grand Prix,14.0,MAG,39.364
Austrian Grand Prix,14.0,RIC,41.069
Austrian Grand Prix,14.0,GAS,22.757
Austrian Grand Prix,14.0,LEC,46.678
Austrian Grand Prix,14.0,OCO,21.474
Austrian Grand Prix,14.0,STR,27.943
Austrian Grand Prix,14.0,TSU,25.404
Austrian Grand Prix,14.0,ALB,45.759
Austrian Grand Prix,14.0,BOT,29.96
Austrian Grand Prix,14.0,ZHO,34.7
Austrian Grand Prix,14.0,ALO,43.566
Austrian Grand Prix,14.0,SAR,63.914
Austrian Grand Prix,14.0,NOR,5.524
Austrian Grand Prix,15.0,RUS,9.489
Austrian Grand Prix,15.0,PIA,15.169
Austrian Grand Prix,15.0,SAI,11.244
Austrian Grand Prix,15.0,HAM,13.082
Austrian Grand Prix,15.0,VER,0.0
Austrian Grand Prix,15.0,HUL,38.822
Austrian Grand Prix,15.0,PER,18.17
Austrian Grand Prix,15.0,MAG,39.551
Austrian Grand Prix,15.0,RIC,41.418
Austrian Grand Prix,15.0,GAS,23.818
Austrian Grand Prix,15.0,LEC,47.378
Austrian Grand Prix,15.0,OCO,22.624
Austrian Grand Prix,15.0,STR,29.284
Austrian Grand Prix,15.0,TSU,26.705
Austrian Grand Prix,15.0,ALB,45.997
Austrian Grand Prix,15.0,BOT,31.123
Austrian Grand Prix,15.0,ZHO,35.911
Austrian Grand Prix,15.0,ALO,43.727
Austrian Grand Prix,15.0,SAR,65.447
Austrian Grand Prix,15.0,NOR,5.5
Austrian Grand Prix,16.0,RUS,9.914
Austrian Grand Prix,16.0,PIA,15.696
Austrian Grand Prix,16.0,SAI,11.749
Austrian Grand Prix,16.0,HAM,13.64
Austrian Grand Prix,16.0,VER,0.0
Austrian Grand Prix,16.0,HUL,39.171
Austrian Grand Prix,16.0,PER,19.153
Austrian Grand Prix,16.0,MAG,40.005
Austrian Grand Prix,16.0,RIC,42.094
Austrian Grand Prix,16.0,GAS,25.241
Austrian Grand Prix,16.0,LEC,51.625
Austrian Grand Prix,16.0,OCO,23.93
Austrian Grand Prix,16.0,STR,30.715
Austrian Grand Prix,16.0,TSU,28.195
Austrian Grand Prix,16.0,ALB,46.382
Austrian Grand Prix,16.0,BOT,32.92
Austrian Grand Prix,16.0,ZHO,37.395
Austrian Grand Prix,16.0,ALO,43.911
Austrian Grand Prix,16.0,SAR,67.348
Austrian Grand Prix,16.0,NOR,5.876
Austrian Grand Prix,17.0,RUS,10.392
Austrian Grand Prix,17.0,PIA,16.25
Austrian Grand Prix,17.0,SAI,12.474
Austrian Grand Prix,17.0,HAM,14.273
Austrian Grand Prix,17.0,VER,0.0
Austrian Grand Prix,17.0,HUL,39.599
Austrian Grand Prix,17.0,PER,20.037
Austrian Grand Prix,17.0,MAG,40.267
Austrian Grand Prix,17.0,RIC,42.489
Austrian Grand Prix,17.0,GAS,26.628
Austrian Grand Prix,17.0,LEC,69.17
Austrian Grand Prix,17.0,OCO,25.298
Austrian Grand Prix,17.0,STR,32.315
Austrian Grand Prix,17.0,TSU,29.677
Austrian Grand Prix,17.0,ALB,46.887
Austrian Grand Prix,17.0,BOT,34.376
Austrian Grand Prix,17.0,ZHO,39.266
Austrian Grand Prix,17.0,ALO,44.215
Austrian Grand Prix,17.0,SAR,69.951
Austrian Grand Prix,17.0,NOR,6.044
Austrian Grand Prix,18.0,RUS,10.325
Austrian Grand Prix,18.0,PIA,16.463
Austrian Grand Prix,18.0,SAI,12.600999999999999
Austrian Grand Prix,18.0,HAM,14.426
Austrian Grand Prix,18.0,VER,0.0
Austrian Grand Prix,18.0,HUL,39.899
Austrian Grand Prix,18.0,PER,20.35
Austrian Grand Prix,18.0,MAG,40.697
Austrian Grand Prix,18.0,RIC,42.783
Austrian Grand Prix,18.0,GAS,27.713
Austrian Grand Prix,18.0,LEC,69.005
Austrian Grand Prix,18.0,OCO,26.116
Austrian Grand Prix,18.0,STR,33.527
Austrian Grand Prix,18.0,TSU,30.797
Austrian Grand Prix,18.0,ALB,47.087
Austrian Grand Prix,18.0,BOT,35.55
Austrian Grand Prix,18.0,ZHO,41.768
Austrian Grand Prix,18.0,ALO,44.334
Austrian Grand Prix,18.0,SAR,73.02
Austrian Grand Prix,18.0,NOR,5.938
Austrian Grand Prix,19.0,RUS,10.379
Austrian Grand Prix,19.0,PIA,16.701
Austrian Grand Prix,19.0,SAI,12.925
Austrian Grand Prix,19.0,HAM,15.063
Austrian Grand Prix,19.0,VER,0.0
Austrian Grand Prix,19.0,HUL,39.614
Austrian Grand Prix,19.0,PER,20.779
Austrian Grand Prix,19.0,MAG,40.747
Austrian Grand Prix,19.0,RIC,43.334
Austrian Grand Prix,19.0,GAS,28.67
Austrian Grand Prix,19.0,LEC,68.647
Austrian Grand Prix,19.0,OCO,30.747
Austrian Grand Prix,19.0,STR,34.675
Austrian Grand Prix,19.0,TSU,31.853
Austrian Grand Prix,19.0,ALB,47.174
Austrian Grand Prix,19.0,BOT,40.097
Austrian Grand Prix,19.0,ZHO,42.85
Austrian Grand Prix,19.0,ALO,44.199
Austrian Grand Prix,19.0,SAR,74.277
Austrian Grand Prix,19.0,NOR,6.081
Austrian Grand Prix,20.0,RUS,10.362
Austrian Grand Prix,20.0,PIA,16.894
Austrian Grand Prix,20.0,SAI,13.089
Austrian Grand Prix,20.0,HAM,15.383
Austrian Grand Prix,20.0,VER,0.0
Austrian Grand Prix,20.0,HUL,39.265
Austrian Grand Prix,20.0,PER,21.233
Austrian Grand Prix,20.0,MAG,40.306
Austrian Grand Prix,20.0,RIC,43.161
Austrian Grand Prix,20.0,GAS,32.931
Austrian Grand Prix,20.0,LEC,68.14
Austrian Grand Prix,20.0,OCO,47.983
Austrian Grand Prix,20.0,STR,39.428
Austrian Grand Prix,20.0,TSU,32.957
Austrian Grand Prix,20.0,ALB,47.303
Austrian Grand Prix,20.0,BOT,56.751
Austrian Grand Prix,20.0,ZHO,46.951
Austrian Grand Prix,20.0,ALO,44.172
Austrian Grand Prix,20.0,SAR,79.162
Austrian Grand Prix,20.0,NOR,5.821
Austrian Grand Prix,21.0,RUS,10.703
Austrian Grand Prix,21.0,PIA,17.454
Austrian Grand Prix,21.0,SAI,13.596
Austrian Grand Prix,21.0,HAM,19.813
Austrian Grand Prix,21.0,VER,0.0
Austrian Grand Prix,21.0,HUL,39.386
Austrian Grand Prix,21.0,PER,26.216
Austrian Grand Prix,21.0,MAG,40.479
Austrian Grand Prix,21.0,RIC,43.231
Austrian Grand Prix,21.0,GAS,49.614
Austrian Grand Prix,21.0,LEC,67.792
Austrian Grand Prix,21.0,OCO,47.881
Austrian Grand Prix,21.0,STR,55.678
Austrian Grand Prix,21.0,TSU,37.904
Austrian Grand Prix,21.0,ALB,47.283
Austrian Grand Prix,21.0,BOT,56.759
Austrian Grand Prix,21.0,ZHO,49.275
Austrian Grand Prix,21.0,ALO,44.297
Austrian Grand Prix,21.0,SAR,98.144
Austrian Grand Prix,21.0,NOR,5.928
Austrian Grand Prix,22.0,RUS,14.231
Austrian Grand Prix,22.0,PIA,17.271
Austrian Grand Prix,22.0,SAI,16.926
Austrian Grand Prix,22.0,HAM,35.178
Austrian Grand Prix,22.0,VER,0.0
Austrian Grand Prix,22.0,HUL,39.378
Austrian Grand Prix,22.0,PER,42.591
Austrian Grand Prix,22.0,MAG,40.835
Austrian Grand Prix,22.0,RIC,43.922
Austrian Grand Prix,22.0,GAS,49.277
Austrian Grand Prix,22.0,LEC,66.882
Austrian Grand Prix,22.0,OCO,47.858
Austrian Grand Prix,22.0,STR,55.379
Austrian Grand Prix,22.0,TSU,54.423
Austrian Grand Prix,22.0,ALB,47.387
Austrian Grand Prix,22.0,BOT,56.987
Austrian Grand Prix,22.0,ZHO,51.033
Austrian Grand Prix,22.0,ALO,44.855
Austrian Grand Prix,22.0,SAR,97.723
Austrian Grand Prix,22.0,NOR,5.608
Austrian Grand Prix,23.0,RUS,26.321
Austrian Grand Prix,23.0,PIA,13.816
Austrian Grand Prix,23.0,SAI,29.031
Austrian Grand Prix,23.0,HAM,30.63
Austrian Grand Prix,23.0,VER,0.0
Austrian Grand Prix,23.0,HUL,36.217
Austrian Grand Prix,23.0,PER,38.729
Austrian Grand Prix,23.0,MAG,38.018
Austrian Grand Prix,23.0,RIC,40.637
Austrian Grand Prix,23.0,GAS,45.673
Austrian Grand Prix,23.0,LEC,62.703
Austrian Grand Prix,23.0,OCO,44.039
Austrian Grand Prix,23.0,STR,51.733
Austrian Grand Prix,23.0,TSU,50.755
Austrian Grand Prix,23.0,ALB,44.883
Austrian Grand Prix,23.0,BOT,53.915
Austrian Grand Prix,23.0,ZHO,49.028
Austrian Grand Prix,23.0,ALO,41.5
Austrian Grand Prix,23.0,SAR,96.733
Austrian Grand Prix,23.0,NOR,5.966
Austrian Grand Prix,24.0,RUS,10.733
Austrian Grand Prix,24.0,PIA,0.0
Austrian Grand Prix,24.0,SAI,13.891
Austrian Grand Prix,24.0,HAM,15.775
Austrian Grand Prix,24.0,VER,2.243
Austrian Grand Prix,24.0,HUL,22.255
Austrian Grand Prix,24.0,PER,24.07
Austrian Grand Prix,24.0,MAG,25.248
Austrian Grand Prix,24.0,RIC,26.953
Austrian Grand Prix,24.0,GAS,31.439
Austrian Grand Prix,24.0,LEC,48.174
Austrian Grand Prix,24.0,OCO,29.785
Austrian Grand Prix,24.0,STR,37.891
Austrian Grand Prix,24.0,TSU,37.067
Austrian Grand Prix,24.0,ALB,30.903
Austrian Grand Prix,24.0,BOT,40.122
Austrian Grand Prix,24.0,ZHO,36.603
Austrian Grand Prix,24.0,ALO,27.697
Austrian Grand Prix,24.0,SAR,82.335
Austrian Grand Prix,24.0,NOR,9.074
Austrian Grand Prix,25.0,RUS,8.516
Austrian Grand Prix,25.0,PIA,2.334
Austrian Grand Prix,25.0,SAI,11.771
Austrian Grand Prix,25.0,HAM,14.023
Austrian Grand Prix,25.0,VER,0.0
Austrian Grand Prix,25.0,HUL,21.459
Austrian Grand Prix,25.0,PER,22.821
Austrian Grand Prix,25.0,MAG,24.932
Austrian Grand Prix,25.0,RIC,26.565
Austrian Grand Prix,25.0,GAS,30.155
Austrian Grand Prix,25.0,LEC,46.624
Austrian Grand Prix,25.0,OCO,28.931
Austrian Grand Prix,25.0,STR,37.36
Austrian Grand Prix,25.0,TSU,36.592
Austrian Grand Prix,25.0,ALB,31.202
Austrian Grand Prix,25.0,BOT,39.675
Austrian Grand Prix,25.0,ZHO,38.685
Austrian Grand Prix,25.0,ALO,27.204
Austrian Grand Prix,25.0,SAR,83.198
Austrian Grand Prix,25.0,NOR,6.499
Austrian Grand Prix,26.0,RUS,9.047
Austrian Grand Prix,26.0,PIA,19.905
Austrian Grand Prix,26.0,SAI,12.399000000000001
Austrian Grand Prix,26.0,HAM,14.891
Austrian Grand Prix,26.0,VER,0.0
Austrian Grand Prix,26.0,HUL,23.145
Austrian Grand Prix,26.0,PER,23.962
Austrian Grand Prix,26.0,MAG,27.192
Austrian Grand Prix,26.0,RIC,28.722
Austrian Grand Prix,26.0,GAS,31.812
Austrian Grand Prix,26.0,LEC,47.427
Austrian Grand Prix,26.0,OCO,30.618
Austrian Grand Prix,26.0,STR,39.251
Austrian Grand Prix,26.0,TSU,38.231
Austrian Grand Prix,26.0,ALB,33.066
Austrian Grand Prix,26.0,BOT,41.297
Austrian Grand Prix,26.0,ZHO,43.018
Austrian Grand Prix,26.0,ALO,29.439
Austrian Grand Prix,26.0,SAR,86.653
Austrian Grand Prix,26.0,NOR,6.6850000000000005
Austrian Grand Prix,27.0,RUS,9.46
Austrian Grand Prix,27.0,PIA,20.749
Austrian Grand Prix,27.0,SAI,13.187
Austrian Grand Prix,27.0,HAM,15.693999999999999
Austrian Grand Prix,27.0,VER,0.0
Austrian Grand Prix,27.0,HUL,25.927
Austrian Grand Prix,27.0,PER,25.036
Austrian Grand Prix,27.0,MAG,29.532
Austrian Grand Prix,27.0,RIC,30.953
Austrian Grand Prix,27.0,GAS,33.704
Austrian Grand Prix,27.0,LEC,48.702
Austrian Grand Prix,27.0,OCO,32.434
Austrian Grand Prix,27.0,STR,41.213
Austrian Grand Prix,27.0,TSU,40.042
Austrian Grand Prix,27.0,ALB,35.487
Austrian Grand Prix,27.0,BOT,43.379
Austrian Grand Prix,27.0,ZHO,46.472
Austrian Grand Prix,27.0,ALO,31.708
Austrian Grand Prix,27.0,SAR,88.751
Austrian Grand Prix,27.0,NOR,6.914
Austrian Grand Prix,28.0,RUS,9.964
Austrian Grand Prix,28.0,PIA,21.444
Austrian Grand Prix,28.0,SAI,13.665
Austrian Grand Prix,28.0,HAM,16.261
Austrian Grand Prix,28.0,VER,0.0
Austrian Grand Prix,28.0,HUL,27.751
Austrian Grand Prix,28.0,PER,26.426
Austrian Grand Prix,28.0,MAG,31.854
Austrian Grand Prix,28.0,RIC,33.114
Austrian Grand Prix,28.0,GAS,35.346
Austrian Grand Prix,28.0,LEC,50.596
Austrian Grand Prix,28.0,OCO,34.222
Austrian Grand Prix,28.0,STR,43.096
Austrian Grand Prix,28.0,TSU,41.742
Austrian Grand Prix,28.0,ALB,37.837
Austrian Grand Prix,28.0,BOT,45.44
Austrian Grand Prix,28.0,ZHO,53.385
Austrian Grand Prix,28.0,ALO,33.82
Austrian Grand Prix,28.0,SAR,90.965
Austrian Grand Prix,28.0,NOR,7.049
Austrian Grand Prix,29.0,RUS,10.425
Austrian Grand Prix,29.0,PIA,21.733
Austrian Grand Prix,29.0,SAI,14.187
Austrian Grand Prix,29.0,HAM,16.736
Austrian Grand Prix,29.0,VER,0.0
Austrian Grand Prix,29.0,HUL,29.786
Austrian Grand Prix,29.0,PER,27.476
Austrian Grand Prix,29.0,MAG,34.194
Austrian Grand Prix,29.0,RIC,35.431
Austrian Grand Prix,29.0,GAS,37.377
Austrian Grand Prix,29.0,LEC,51.695
Austrian Grand Prix,29.0,OCO,36.557
Austrian Grand Prix,29.0,STR,44.778
Austrian Grand Prix,29.0,TSU,43.278
Austrian Grand Prix,29.0,ALB,39.858
Austrian Grand Prix,29.0,BOT,47.377
Austrian Grand Prix,29.0,ZHO,74.185
Austrian Grand Prix,29.0,ALO,36.203
Austrian Grand Prix,29.0,SAR,93.931
Austrian Grand Prix,29.0,NOR,6.957
Austrian Grand Prix,30.0,RUS,10.943999999999999
Austrian Grand Prix,30.0,PIA,22.495
Austrian Grand Prix,30.0,SAI,14.853
Austrian Grand Prix,30.0,HAM,17.442
Austrian Grand Prix,30.0,VER,0.0
Austrian Grand Prix,30.0,HUL,31.761
Austrian Grand Prix,30.0,PER,28.508
Austrian Grand Prix,30.0,MAG,36.29
Austrian Grand Prix,30.0,RIC,37.622
Austrian Grand Prix,30.0,GAS,39.251
Austrian Grand Prix,30.0,LEC,52.435
Austrian Grand Prix,30.0,OCO,38.846
Austrian Grand Prix,30.0,STR,46.466
Austrian Grand Prix,30.0,TSU,44.862
Austrian Grand Prix,30.0,ALB,41.815
Austrian Grand Prix,30.0,BOT,49.285
Austrian Grand Prix,30.0,ZHO,75.439
Austrian Grand Prix,30.0,ALO,38.313
Austrian Grand Prix,30.0,SAR,95.697
Austrian Grand Prix,30.0,NOR,7.147
Austrian Grand Prix,31.0,RUS,11.184
Austrian Grand Prix,31.0,PIA,22.793
Austrian Grand Prix,31.0,SAI,15.265
Austrian Grand Prix,31.0,HAM,18.134
Austrian Grand Prix,31.0,VER,0.0
Austrian Grand Prix,31.0,HUL,33.782
Austrian Grand Prix,31.0,PER,29.579
Austrian Grand Prix,31.0,MAG,38.222
Austrian Grand Prix,31.0,RIC,39.593
Austrian Grand Prix,31.0,GAS,41.344
Austrian Grand Prix,31.0,LEC,53.42
Austrian Grand Prix,31.0,OCO,40.887
Austrian Grand Prix,31.0,STR,48.114
Austrian Grand Prix,31.0,TSU,46.294
Austrian Grand Prix,31.0,ALB,44.007
Austrian Grand Prix,31.0,BOT,50.959
Austrian Grand Prix,31.0,ZHO,76.456
Austrian Grand Prix,31.0,ALO,40.462
Austrian Grand Prix,31.0,SAR,97.944
Austrian Grand Prix,31.0,NOR,7.551
Austrian Grand Prix,32.0,RUS,11.827
Austrian Grand Prix,32.0,PIA,22.984
Austrian Grand Prix,32.0,SAI,15.933
Austrian Grand Prix,32.0,HAM,19.124
Austrian Grand Prix,32.0,VER,0.0
Austrian Grand Prix,32.0,HUL,35.903
Austrian Grand Prix,32.0,PER,30.731
Austrian Grand Prix,32.0,MAG,40.31
Austrian Grand Prix,32.0,RIC,41.946
Austrian Grand Prix,32.0,GAS,43.696
Austrian Grand Prix,32.0,LEC,54.58
Austrian Grand Prix,32.0,OCO,43.249
Austrian Grand Prix,32.0,STR,49.813
Austrian Grand Prix,32.0,TSU,48.079
Austrian Grand Prix,32.0,ALB,46.362
Austrian Grand Prix,32.0,BOT,52.842
Austrian Grand Prix,32.0,ZHO,79.097
Austrian Grand Prix,32.0,ALO,42.886
Austrian Grand Prix,32.0,SAR,100.101
Austrian Grand Prix,32.0,NOR,7.894
Austrian Grand Prix,33.0,RUS,12.465
Austrian Grand Prix,33.0,PIA,23.045
Austrian Grand Prix,33.0,SAI,16.619
Austrian Grand Prix,33.0,HAM,19.88
Austrian Grand Prix,33.0,VER,0.0
Austrian Grand Prix,33.0,HUL,38.137
Austrian Grand Prix,33.0,PER,31.847
Austrian Grand Prix,33.0,MAG,42.398
Austrian Grand Prix,33.0,RIC,44.124
Austrian Grand Prix,33.0,GAS,46.055
Austrian Grand Prix,33.0,LEC,59.882
Austrian Grand Prix,33.0,OCO,45.452
Austrian Grand Prix,33.0,STR,51.723
Austrian Grand Prix,33.0,TSU,49.992
Austrian Grand Prix,33.0,ALB,48.674
Austrian Grand Prix,33.0,BOT,54.819
Austrian Grand Prix,33.0,ZHO,80.39
Austrian Grand Prix,33.0,ALO,44.932
Austrian Grand Prix,33.0,SAR,104.279
Austrian Grand Prix,33.0,NOR,7.839
Austrian Grand Prix,34.0,RUS,13.243
Austrian Grand Prix,34.0,PIA,23.342
Austrian Grand Prix,34.0,SAI,17.299
Austrian Grand Prix,34.0,HAM,20.526
Austrian Grand Prix,34.0,VER,0.0
Austrian Grand Prix,34.0,HUL,40.48
Austrian Grand Prix,34.0,PER,33.374
Austrian Grand Prix,34.0,MAG,44.746
Austrian Grand Prix,34.0,RIC,46.546
Austrian Grand Prix,34.0,GAS,48.483
Austrian Grand Prix,34.0,LEC,78.879
Austrian Grand Prix,34.0,OCO,48.028
Austrian Grand Prix,34.0,STR,53.866
Austrian Grand Prix,34.0,TSU,52.264
Austrian Grand Prix,34.0,ALB,51.23
Austrian Grand Prix,34.0,BOT,56.941
Austrian Grand Prix,34.0,ZHO,82.132
Austrian Grand Prix,34.0,ALO,47.89
Austrian Grand Prix,34.0,SAR,106.618
Austrian Grand Prix,34.0,NOR,8.112
Austrian Grand Prix,35.0,RUS,13.809
Austrian Grand Prix,35.0,PIA,23.622
Austrian Grand Prix,35.0,SAI,17.85
Austrian Grand Prix,35.0,HAM,21.134
Austrian Grand Prix,35.0,VER,0.0
Austrian Grand Prix,35.0,HUL,42.301
Austrian Grand Prix,35.0,PER,34.302
Austrian Grand Prix,35.0,MAG,46.62
Austrian Grand Prix,35.0,RIC,48.597
Austrian Grand Prix,35.0,GAS,51.449
Austrian Grand Prix,35.0,LEC,78.976
Austrian Grand Prix,35.0,OCO,50.623
Austrian Grand Prix,35.0,STR,55.734
Austrian Grand Prix,35.0,TSU,54.248
Austrian Grand Prix,35.0,ALB,53.639
Austrian Grand Prix,35.0,BOT,58.636
Austrian Grand Prix,35.0,ZHO,83.866
Austrian Grand Prix,35.0,ALO,56.05
Austrian Grand Prix,35.0,SAR,108.695
Austrian Grand Prix,35.0,NOR,8.062
Austrian Grand Prix,36.0,RUS,14.5
Austrian Grand Prix,36.0,PIA,24.013
Austrian Grand Prix,36.0,SAI,18.416
Austrian Grand Prix,36.0,HAM,21.898
Austrian Grand Prix,36.0,VER,0.0
Austrian Grand Prix,36.0,HUL,44.217
Austrian Grand Prix,36.0,PER,35.396
Austrian Grand Prix,36.0,MAG,48.756
Austrian Grand Prix,36.0,RIC,50.747
Austrian Grand Prix,36.0,GAS,53.164
Austrian Grand Prix,36.0,LEC,78.963
Austrian Grand Prix,36.0,OCO,52.299
Austrian Grand Prix,36.0,STR,57.856
Austrian Grand Prix,36.0,TSU,56.291
Austrian Grand Prix,36.0,ALB,55.722
Austrian Grand Prix,36.0,BOT,60.544
Austrian Grand Prix,36.0,ZHO,86.597
Austrian Grand Prix,36.0,ALO,87.135
Austrian Grand Prix,36.0,SAR,110.59
Austrian Grand Prix,36.0,NOR,8.261
Austrian Grand Prix,37.0,RUS,14.886
Austrian Grand Prix,37.0,PIA,24.069
Austrian Grand Prix,37.0,SAI,18.772
Austrian Grand Prix,37.0,HAM,22.257
Austrian Grand Prix,37.0,VER,0.0
Austrian Grand Prix,37.0,HUL,45.891
Austrian Grand Prix,37.0,PER,36.631
Austrian Grand Prix,37.0,MAG,50.451
Austrian Grand Prix,37.0,RIC,55.932
Austrian Grand Prix,37.0,GAS,54.685
Austrian Grand Prix,37.0,LEC,78.851
Austrian Grand Prix,37.0,OCO,53.924
Austrian Grand Prix,37.0,STR,59.62
Austrian Grand Prix,37.0,TSU,58.111
Austrian Grand Prix,37.0,ALB,59.106
Austrian Grand Prix,37.0,BOT,62.221
Austrian Grand Prix,37.0,ZHO,88.711
Austrian Grand Prix,37.0,ALO,87.886
Austrian Grand Prix,37.0,SAR,112.248
Austrian Grand Prix,37.0,NOR,8.024
Austrian Grand Prix,38.0,RUS,15.383
Austrian Grand Prix,38.0,PIA,24.327
Austrian Grand Prix,38.0,SAI,19.669
Austrian Grand Prix,38.0,HAM,22.791
Austrian Grand Prix,38.0,VER,0.0
Austrian Grand Prix,38.0,HUL,47.556
Austrian Grand Prix,38.0,PER,37.844
Austrian Grand Prix,38.0,MAG,55.619
Austrian Grand Prix,38.0,RIC,73.056
Austrian Grand Prix,38.0,GAS,55.941
Austrian Grand Prix,38.0,LEC,79.185
Austrian Grand Prix,38.0,OCO,55.156
Austrian Grand Prix,38.0,STR,61.519
Austrian Grand Prix,38.0,TSU,59.562
Austrian Grand Prix,38.0,ALB,60.927
Austrian Grand Prix,38.0,BOT,63.999
Austrian Grand Prix,38.0,ZHO,91.338
Austrian Grand Prix,38.0,ALO,88.651
Austrian Grand Prix,38.0,SAR,113.994
Austrian Grand Prix,38.0,NOR,8.042
Austrian Grand Prix,39.0,RUS,15.849
Austrian Grand Prix,39.0,PIA,24.639
Austrian Grand Prix,39.0,SAI,20.253
Austrian Grand Prix,39.0,HAM,23.171
Austrian Grand Prix,39.0,VER,0.0
Austrian Grand Prix,39.0,HUL,52.182
Austrian Grand Prix,39.0,PER,39.042
Austrian Grand Prix,39.0,MAG,72.605
Austrian Grand Prix,39.0,RIC,73.586
Austrian Grand Prix,39.0,GAS,57.461
Austrian Grand Prix,39.0,LEC,79.07
Austrian Grand Prix,39.0,OCO,56.865
Austrian Grand Prix,39.0,STR,63.768
Austrian Grand Prix,39.0,TSU,60.992
Austrian Grand Prix,39.0,ALB,67.864
Austrian Grand Prix,39.0,BOT,65.876
Austrian Grand Prix,39.0,ZHO,92.067
Austrian Grand Prix,39.0,ALO,88.987
Austrian Grand Prix,39.0,SAR,115.751
Austrian Grand Prix,39.0,NOR,8.172
Austrian Grand Prix,40.0,RUS,16.393
Austrian Grand Prix,40.0,PIA,25.071
Austrian Grand Prix,40.0,SAI,20.784
Austrian Grand Prix,40.0,HAM,23.575
Austrian Grand Prix,40.0,VER,0.0
Austrian Grand Prix,40.0,HUL,69.833
Austrian Grand Prix,40.0,PER,39.829
Austrian Grand Prix,40.0,MAG,73.254
Austrian Grand Prix,40.0,RIC,74.225
Austrian Grand Prix,40.0,GAS,59.061
Austrian Grand Prix,40.0,LEC,79.161
Austrian Grand Prix,40.0,OCO,59.64
Austrian Grand Prix,40.0,STR,65.851
Austrian Grand Prix,40.0,TSU,62.512
Austrian Grand Prix,40.0,ALB,85.758
Austrian Grand Prix,40.0,BOT,67.858
Austrian Grand Prix,40.0,ZHO,93.148
Austrian Grand Prix,40.0,ALO,89.631
Austrian Grand Prix,40.0,SAR,117.856
Austrian Grand Prix,40.0,NOR,8.057
Austrian Grand Prix,41.0,RUS,16.446
Austrian Grand Prix,41.0,PIA,24.686
Austrian Grand Prix,41.0,SAI,20.399
Austrian Grand Prix,41.0,HAM,23.458
Austrian Grand Prix,41.0,VER,0.0
Austrian Grand Prix,41.0,HUL,71.483
Austrian Grand Prix,41.0,PER,39.853
Austrian Grand Prix,41.0,MAG,72.895
Austrian Grand Prix,41.0,RIC,73.841
Austrian Grand Prix,41.0,GAS,59.912
Austrian Grand Prix,41.0,LEC,78.415
Austrian Grand Prix,41.0,OCO,60.849
Austrian Grand Prix,41.0,STR,66.633
Austrian Grand Prix,41.0,TSU,63.27
Austrian Grand Prix,41.0,ALB,85.008
Austrian Grand Prix,41.0,BOT,68.847
Austrian Grand Prix,41.0,ZHO,96.824
Austrian Grand Prix,41.0,ALO,89.254
Austrian Grand Prix,41.0,SAR,118.819
Austrian Grand Prix,41.0,NOR,7.384
Austrian Grand Prix,42.0,RUS,16.615
Austrian Grand Prix,42.0,PIA,25.31
Austrian Grand Prix,42.0,SAI,20.677
Austrian Grand Prix,42.0,HAM,23.776
Austrian Grand Prix,42.0,VER,0.0
Austrian Grand Prix,42.0,HUL,71.6
Austrian Grand Prix,42.0,PER,40.396
Austrian Grand Prix,42.0,MAG,72.887
Austrian Grand Prix,42.0,RIC,73.807
Austrian Grand Prix,42.0,GAS,64.642
Austrian Grand Prix,42.0,LEC,77.905
Austrian Grand Prix,42.0,OCO,61.975
Austrian Grand Prix,42.0,STR,67.59
Austrian Grand Prix,42.0,TSU,64.481
Austrian Grand Prix,42.0,ALB,85.116
Austrian Grand Prix,42.0,BOT,73.579
Austrian Grand Prix,42.0,ZHO,97.736
Austrian Grand Prix,42.0,ALO,89.214
Austrian Grand Prix,42.0,SAR,120.368
Austrian Grand Prix,42.0,NOR,7.226
Austrian Grand Prix,43.0,RUS,16.495
Austrian Grand Prix,43.0,PIA,25.178
Austrian Grand Prix,43.0,SAI,20.586
Austrian Grand Prix,43.0,HAM,23.674
Austrian Grand Prix,43.0,VER,0.0
Austrian Grand Prix,43.0,HUL,71.188
Austrian Grand Prix,43.0,PER,40.41
Austrian Grand Prix,43.0,MAG,72.259
Austrian Grand Prix,43.0,RIC,73.646
Austrian Grand Prix,43.0,GAS,80.839
Austrian Grand Prix,43.0,LEC,77.947
Austrian Grand Prix,43.0,OCO,66.247
Austrian Grand Prix,43.0,STR,71.42
Austrian Grand Prix,43.0,TSU,65.436
Austrian Grand Prix,43.0,ALB,85.223
Austrian Grand Prix,43.0,BOT,92.268
Austrian Grand Prix,43.0,ZHO,98.653
Austrian Grand Prix,43.0,ALO,89.25
Austrian Grand Prix,43.0,SAR,121.639
Austrian Grand Prix,43.0,NOR,6.463
Austrian Grand Prix,44.0,RUS,17.401
Austrian Grand Prix,44.0,PIA,25.916
Austrian Grand Prix,44.0,SAI,21.321
Austrian Grand Prix,44.0,HAM,24.526
Austrian Grand Prix,44.0,VER,0.0
Austrian Grand Prix,44.0,HUL,71.159
Austrian Grand Prix,44.0,PER,41.326
Austrian Grand Prix,44.0,MAG,72.199
Austrian Grand Prix,44.0,RIC,74.11
Austrian Grand Prix,44.0,GAS,79.973
Austrian Grand Prix,44.0,LEC,78.011
Austrian Grand Prix,44.0,OCO,82.343
Austrian Grand Prix,44.0,STR,89.179
Austrian Grand Prix,44.0,TSU,70.019
Austrian Grand Prix,44.0,ALB,85.592
Austrian Grand Prix,44.0,BOT,92.982
Austrian Grand Prix,44.0,ZHO,99.51
Austrian Grand Prix,44.0,ALO,90.136
Austrian Grand Prix,44.0,SAR,123.447
Austrian Grand Prix,44.0,NOR,6.761
Austrian Grand Prix,45.0,RUS,18.454
Austrian Grand Prix,45.0,PIA,26.184
Austrian Grand Prix,45.0,SAI,22.053
Austrian Grand Prix,45.0,HAM,25.054
Austrian Grand Prix,45.0,VER,0.0
Austrian Grand Prix,45.0,HUL,71.074
Austrian Grand Prix,45.0,PER,42.315
Austrian Grand Prix,45.0,MAG,71.975
Austrian Grand Prix,45.0,RIC,74.589
Austrian Grand Prix,45.0,GAS,79.233
Austrian Grand Prix,45.0,LEC,77.855
Austrian Grand Prix,45.0,OCO,81.643
Austrian Grand Prix,45.0,STR,89.283
Austrian Grand Prix,45.0,TSU,91.499
Austrian Grand Prix,45.0,ALB,85.892
Austrian Grand Prix,45.0,BOT,93.707
Austrian Grand Prix,45.0,ZHO,100.452
Austrian Grand Prix,45.0,ALO,91.937
Austrian Grand Prix,45.0,SAR,125.518
Austrian Grand Prix,45.0,NOR,6.583
Austrian Grand Prix,46.0,RUS,23.853
Austrian Grand Prix,46.0,PIA,26.458
Austrian Grand Prix,46.0,SAI,22.853
Austrian Grand Prix,46.0,HAM,25.626
Austrian Grand Prix,46.0,VER,0.0
Austrian Grand Prix,46.0,HUL,71.286
Austrian Grand Prix,46.0,PER,43.56
Austrian Grand Prix,46.0,MAG,72.052
Austrian Grand Prix,46.0,RIC,75.224
Austrian Grand Prix,46.0,GAS,79.021
Austrian Grand Prix,46.0,LEC,78.089
Austrian Grand Prix,46.0,OCO,81.249
Austrian Grand Prix,46.0,STR,89.562
Austrian Grand Prix,46.0,TSU,92.158
Austrian Grand Prix,46.0,ALB,86.517
Austrian Grand Prix,46.0,BOT,95.377
Austrian Grand Prix,46.0,ZHO,101.395
Austrian Grand Prix,46.0,ALO,92.978
Austrian Grand Prix,46.0,SAR,127.281
Austrian Grand Prix,46.0,NOR,6.7059999999999995
Austrian Grand Prix,47.0,RUS,39.339
Austrian Grand Prix,47.0,PIA,26.824
Austrian Grand Prix,47.0,SAI,27.006
Austrian Grand Prix,47.0,HAM,26.251
Austrian Grand Prix,47.0,VER,0.0
Austrian Grand Prix,47.0,HUL,71.102
Austrian Grand Prix,47.0,PER,44.333
Austrian Grand Prix,47.0,MAG,72.273
Austrian Grand Prix,47.0,RIC,75.239
Austrian Grand Prix,47.0,GAS,78.7
Austrian Grand Prix,47.0,LEC,78.22
Austrian Grand Prix,47.0,OCO,80.752
Austrian Grand Prix,47.0,STR,89.339
Austrian Grand Prix,47.0,TSU,92.309
Austrian Grand Prix,47.0,ALB,86.795
Austrian Grand Prix,47.0,BOT,95.43
Austrian Grand Prix,47.0,ZHO,102.451
Austrian Grand Prix,47.0,ALO,93.439
Austrian Grand Prix,47.0,SAR,128.522
Austrian Grand Prix,47.0,NOR,6.7780000000000005
Austrian Grand Prix,48.0,RUS,38.143
Austrian Grand Prix,48.0,PIA,27.042
Austrian Grand Prix,48.0,SAI,42.989
Austrian Grand Prix,48.0,HAM,27.833
Austrian Grand Prix,48.0,VER,0.0
Austrian Grand Prix,48.0,HUL,71.234
Austrian Grand Prix,48.0,PER,45.713
Austrian Grand Prix,48.0,MAG,72.62
Austrian Grand Prix,48.0,RIC,75.525
Austrian Grand Prix,48.0,GAS,78.905
Austrian Grand Prix,48.0,LEC,78.455
Austrian Grand Prix,48.0,OCO,80.617
Austrian Grand Prix,48.0,STR,89.422
Austrian Grand Prix,48.0,TSU,92.536
Austrian Grand Prix,48.0,ALB,87.096
Austrian Grand Prix,48.0,BOT,95.519
Austrian Grand Prix,48.0,ZHO,103.754
Austrian Grand Prix,48.0,ALO,93.655
Austrian Grand Prix,48.0,SAR,130.064
Austrian Grand Prix,48.0,NOR,7.192
Austrian Grand Prix,49.0,RUS,36.888
Austrian Grand Prix,49.0,PIA,27.16
Austrian Grand Prix,49.0,SAI,42.001
Austrian Grand Prix,49.0,HAM,28.209
Austrian Grand Prix,49.0,VER,0.0
Austrian Grand Prix,49.0,HUL,71.539
Austrian Grand Prix,49.0,PER,46.88
Austrian Grand Prix,49.0,MAG,72.775
Austrian Grand Prix,49.0,RIC,75.408
Austrian Grand Prix,49.0,GAS,78.928
Austrian Grand Prix,49.0,LEC,78.48
Austrian Grand Prix,49.0,OCO,80.263
Austrian Grand Prix,49.0,STR,89.299
Austrian Grand Prix,49.0,TSU,92.593
Austrian Grand Prix,49.0,ALB,87.229
Austrian Grand Prix,49.0,BOT,95.702
Austrian Grand Prix,49.0,ZHO,104.596
Austrian Grand Prix,49.0,ALO,93.843
Austrian Grand Prix,49.0,SAR,134.905
Austrian Grand Prix,49.0,NOR,7.093
Austrian Grand Prix,50.0,RUS,35.492
Austrian Grand Prix,50.0,PIA,26.939
Austrian Grand Prix,50.0,SAI,40.62
Austrian Grand Prix,50.0,HAM,28.412
Austrian Grand Prix,50.0,VER,0.0
Austrian Grand Prix,50.0,HUL,71.404
Austrian Grand Prix,50.0,PER,47.596
Austrian Grand Prix,50.0,MAG,72.668
Austrian Grand Prix,50.0,RIC,75.188
Austrian Grand Prix,50.0,GAS,78.749
Austrian Grand Prix,50.0,LEC,79.481
Austrian Grand Prix,50.0,OCO,80.051
Austrian Grand Prix,50.0,STR,89.081
Austrian Grand Prix,50.0,TSU,92.411
Austrian Grand Prix,50.0,ALB,87.452
Austrian Grand Prix,50.0,BOT,95.7
Austrian Grand Prix,50.0,ZHO,107.387
Austrian Grand Prix,50.0,ALO,94.019
Austrian Grand Prix,50.0,SAR,153.579
Austrian Grand Prix,50.0,NOR,6.901
Austrian Grand Prix,51.0,RUS,31.391
Austrian Grand Prix,51.0,PIA,26.985
Austrian Grand Prix,51.0,SAI,36.172
Austrian Grand Prix,51.0,HAM,25.78
Austrian Grand Prix,51.0,VER,0.0
Austrian Grand Prix,51.0,HUL,67.759
Austrian Grand Prix,51.0,PER,49.999
Austrian Grand Prix,51.0,MAG,69.656
Austrian Grand Prix,51.0,RIC,72.376
Austrian Grand Prix,51.0,GAS,75.483
Austrian Grand Prix,51.0,LEC,79.546
Austrian Grand Prix,51.0,OCO,77.121
Austrian Grand Prix,51.0,STR,85.928
Austrian Grand Prix,51.0,TSU,89.251
Austrian Grand Prix,51.0,ALB,84.738
Austrian Grand Prix,51.0,BOT,93.069
Austrian Grand Prix,51.0,ZHO,109.076
Austrian Grand Prix,51.0,ALO,92.59
Austrian Grand Prix,51.0,SAR,150.217
Austrian Grand Prix,51.0,NOR,7.614
Austrian Grand Prix,52.0,RUS,9.687
Austrian Grand Prix,52.0,PIA,20.752
Austrian Grand Prix,52.0,SAI,14.686
Austrian Grand Prix,52.0,HAM,5.526
Austrian Grand Prix,52.0,VER,0.0
Austrian Grand Prix,52.0,HUL,46.578
Austrian Grand Prix,52.0,PER,52.275
Austrian Grand Prix,52.0,MAG,48.857
Austrian Grand Prix,52.0,RIC,51.73
Austrian Grand Prix,52.0,GAS,54.204
Austrian Grand Prix,52.0,LEC,74.035
Austrian Grand Prix,52.0,OCO,56.004
Austrian Grand Prix,52.0,STR,64.904
Austrian Grand Prix,52.0,TSU,68.428
Austrian Grand Prix,52.0,ALB,63.98
Austrian Grand Prix,52.0,BOT,73.524
Austrian Grand Prix,52.0,ZHO,106.124
Austrian Grand Prix,52.0,ALO,72.573
Austrian Grand Prix,52.0,SAR,129.406
Austrian Grand Prix,52.0,NOR,1.792
Austrian Grand Prix,53.0,RUS,10.787
Austrian Grand Prix,53.0,PIA,21.068
Austrian Grand Prix,53.0,SAI,15.895
Austrian Grand Prix,53.0,HAM,12.093
Austrian Grand Prix,53.0,VER,0.0
Austrian Grand Prix,53.0,HUL,48.672
Austrian Grand Prix,53.0,PER,53.22
Austrian Grand Prix,53.0,MAG,50.981
Austrian Grand Prix,53.0,RIC,54.854
Austrian Grand Prix,53.0,GAS,55.998
Austrian Grand Prix,53.0,LEC,75.997
Austrian Grand Prix,53.0,OCO,58.008
Austrian Grand Prix,53.0,STR,66.697
Austrian Grand Prix,53.0,TSU,72.998
Austrian Grand Prix,53.0,ALB,66.02
Austrian Grand Prix,53.0,BOT,75.752
Austrian Grand Prix,53.0,ZHO,108.078
Austrian Grand Prix,53.0,ALO,75.137
Austrian Grand Prix,53.0,SAR,131.301
Austrian Grand Prix,53.0,NOR,1.036
Austrian Grand Prix,54.0,RUS,12.37
Austrian Grand Prix,54.0,PIA,21.293
Austrian Grand Prix,54.0,SAI,16.652
Austrian Grand Prix,54.0,HAM,36.155
Austrian Grand Prix,54.0,VER,0.0
Austrian Grand Prix,54.0,HUL,50.606
Austrian Grand Prix,54.0,PER,54.651
Austrian Grand Prix,54.0,MAG,53.097
Austrian Grand Prix,54.0,RIC,56.934
Austrian Grand Prix,54.0,GAS,58.03
Austrian Grand Prix,54.0,LEC,76.891
Austrian Grand Prix,54.0,OCO,59.678
Austrian Grand Prix,54.0,STR,68.051
Austrian Grand Prix,54.0,TSU,74.527
Austrian Grand Prix,54.0,ALB,69.153
Austrian Grand Prix,54.0,BOT,77.865
Austrian Grand Prix,54.0,ZHO,109.759
Austrian Grand Prix,54.0,ALO,78.728
Austrian Grand Prix,54.0,SAR,133.141
Austrian Grand Prix,54.0,NOR,0.676
Austrian Grand Prix,55.0,RUS,13.052
Austrian Grand Prix,55.0,PIA,20.917
Austrian Grand Prix,55.0,SAI,16.903
Austrian Grand Prix,55.0,HAM,36.905
Austrian Grand Prix,55.0,VER,0.0
Austrian Grand Prix,55.0,HUL,51.97
Austrian Grand Prix,55.0,PER,55.525
Austrian Grand Prix,55.0,MAG,54.627
Austrian Grand Prix,55.0,RIC,58.596
Austrian Grand Prix,55.0,GAS,59.448
Austrian Grand Prix,55.0,LEC,77.262
Austrian Grand Prix,55.0,OCO,60.969
Austrian Grand Prix,55.0,STR,71.407
Austrian Grand Prix,55.0,TSU,75.962
Austrian Grand Prix,55.0,ALB,72.392
Austrian Grand Prix,55.0,BOT,79.188
Austrian Grand Prix,55.0,ZHO,111.355
Austrian Grand Prix,55.0,ALO,80.208
Austrian Grand Prix,55.0,SAR,134.704
Austrian Grand Prix,55.0,NOR,0.811
Austrian Grand Prix,56.0,RUS,14.14
Austrian Grand Prix,56.0,PIA,20.991
Austrian Grand Prix,56.0,SAI,17.562
Austrian Grand Prix,56.0,HAM,38.374
Austrian Grand Prix,56.0,VER,0.0
Austrian Grand Prix,56.0,HUL,54.119
Austrian Grand Prix,56.0,PER,56.596
Austrian Grand Prix,56.0,MAG,57.656
Austrian Grand Prix,56.0,RIC,60.533
Austrian Grand Prix,56.0,GAS,61.263
Austrian Grand Prix,56.0,LEC,78.44
Austrian Grand Prix,56.0,OCO,62.837
Austrian Grand Prix,56.0,STR,73.221
Austrian Grand Prix,56.0,TSU,77.96
Austrian Grand Prix,56.0,ALB,74.485
Austrian Grand Prix,56.0,BOT,81.742
Austrian Grand Prix,56.0,ZHO,113.774
Austrian Grand Prix,56.0,ALO,82.984
Austrian Grand Prix,56.0,SAR,136.725
Austrian Grand Prix,56.0,NOR,0.958
Austrian Grand Prix,57.0,RUS,15.229
Austrian Grand Prix,57.0,PIA,21.064
Austrian Grand Prix,57.0,SAI,18.3
Austrian Grand Prix,57.0,HAM,39.443
Austrian Grand Prix,57.0,VER,0.0
Austrian Grand Prix,57.0,HUL,56.093
Austrian Grand Prix,57.0,PER,57.808
Austrian Grand Prix,57.0,MAG,59.459
Austrian Grand Prix,57.0,RIC,62.174
Austrian Grand Prix,57.0,GAS,62.776
Austrian Grand Prix,57.0,LEC,79.152
Austrian Grand Prix,57.0,OCO,64.624
Austrian Grand Prix,57.0,STR,75.068
Austrian Grand Prix,57.0,TSU,80.598
Austrian Grand Prix,57.0,ALB,76.605
Austrian Grand Prix,57.0,BOT,84.24
Austrian Grand Prix,57.0,ZHO,115.954
Austrian Grand Prix,57.0,ALO,87.001
Austrian Grand Prix,57.0,SAR,142.333
Austrian Grand Prix,57.0,NOR,0.734
Austrian Grand Prix,58.0,RUS,16.048
Austrian Grand Prix,58.0,PIA,21.322
Austrian Grand Prix,58.0,SAI,19.038
Austrian Grand Prix,58.0,HAM,40.165
Austrian Grand Prix,58.0,VER,0.0
Austrian Grand Prix,58.0,HUL,57.613
Austrian Grand Prix,58.0,PER,58.776
Austrian Grand Prix,58.0,MAG,61.286
Austrian Grand Prix,58.0,RIC,63.901
Austrian Grand Prix,58.0,GAS,64.532
Austrian Grand Prix,58.0,LEC,79.618
Austrian Grand Prix,58.0,OCO,66.547
Austrian Grand Prix,58.0,STR,76.523
Austrian Grand Prix,58.0,TSU,82.331
Austrian Grand Prix,58.0,ALB,78.431
Austrian Grand Prix,58.0,BOT,87.865
Austrian Grand Prix,58.0,ZHO,117.996
Austrian Grand Prix,58.0,ALO,90.587
Austrian Grand Prix,58.0,SAR,143.905
Austrian Grand Prix,58.0,NOR,0.712
Austrian Grand Prix,59.0,RUS,15.363
Austrian Grand Prix,59.0,PIA,20.303
Austrian Grand Prix,59.0,SAI,18.584
Austrian Grand Prix,59.0,HAM,39.311
Austrian Grand Prix,59.0,VER,0.0
Austrian Grand Prix,59.0,HUL,57.906
Austrian Grand Prix,59.0,PER,58.744
Austrian Grand Prix,59.0,MAG,61.969
Austrian Grand Prix,59.0,RIC,64.162
Austrian Grand Prix,59.0,GAS,64.808
Austrian Grand Prix,59.0,LEC,79.257
Austrian Grand Prix,59.0,OCO,67.256
Austrian Grand Prix,59.0,STR,76.976
Austrian Grand Prix,59.0,TSU,82.564
Austrian Grand Prix,59.0,ALB,78.913
Austrian Grand Prix,59.0,BOT,90.826
Austrian Grand Prix,59.0,ZHO,118.327
Austrian Grand Prix,59.0,ALO,92.344
Austrian Grand Prix,59.0,SAR,143.916
Austrian Grand Prix,59.0,NOR,0.692
Austrian Grand Prix,60.0,RUS,16.029
Austrian Grand Prix,60.0,PIA,20.52
Austrian Grand Prix,60.0,SAI,18.919
Austrian Grand Prix,60.0,HAM,39.722
Austrian Grand Prix,60.0,VER,0.0
Austrian Grand Prix,60.0,HUL,59.4
Austrian Grand Prix,60.0,PER,60.023
Austrian Grand Prix,60.0,MAG,63.684
Austrian Grand Prix,60.0,RIC,65.344
Austrian Grand Prix,60.0,GAS,66.003
Austrian Grand Prix,60.0,LEC,80.218
Austrian Grand Prix,60.0,OCO,68.819
Austrian Grand Prix,60.0,STR,78.561
Austrian Grand Prix,60.0,TSU,84.012
Austrian Grand Prix,60.0,ALB,81.716
Austrian Grand Prix,60.0,BOT,92.205
Austrian Grand Prix,60.0,ZHO,119.693
Austrian Grand Prix,60.0,ALO,94.909
Austrian Grand Prix,60.0,SAR,144.923
Austrian Grand Prix,60.0,NOR,0.649
Austrian Grand Prix,61.0,RUS,15.637
Austrian Grand Prix,61.0,PIA,20.004
Austrian Grand Prix,61.0,SAI,18.836
Austrian Grand Prix,61.0,HAM,39.281
Austrian Grand Prix,61.0,VER,0.0
Austrian Grand Prix,61.0,HUL,60.066
Austrian Grand Prix,61.0,PER,60.763
Austrian Grand Prix,61.0,MAG,64.957
Austrian Grand Prix,61.0,RIC,66.27
Austrian Grand Prix,61.0,GAS,67.213
Austrian Grand Prix,61.0,LEC,80.146
Austrian Grand Prix,61.0,OCO,71.733
Austrian Grand Prix,61.0,STR,79.258
Austrian Grand Prix,61.0,TSU,86.482
Austrian Grand Prix,61.0,ALB,82.749
Austrian Grand Prix,61.0,BOT,93.412
Austrian Grand Prix,61.0,ZHO,120.666
Austrian Grand Prix,61.0,ALO,96.523
Austrian Grand Prix,61.0,SAR,145.928
Austrian Grand Prix,61.0,NOR,0.683
Austrian Grand Prix,62.0,RUS,16.159
Austrian Grand Prix,62.0,PIA,20.11
Austrian Grand Prix,62.0,SAI,19.265
Austrian Grand Prix,62.0,HAM,39.858
Austrian Grand Prix,62.0,VER,0.0
Austrian Grand Prix,62.0,HUL,61.204
Austrian Grand Prix,62.0,PER,61.692
Austrian Grand Prix,62.0,MAG,66.577
Austrian Grand Prix,62.0,RIC,67.79
Austrian Grand Prix,62.0,GAS,68.874
Austrian Grand Prix,62.0,LEC,80.475
Austrian Grand Prix,62.0,OCO,73.667
Austrian Grand Prix,62.0,STR,81.832
Austrian Grand Prix,62.0,TSU,87.918
Austrian Grand Prix,62.0,ALB,84.226
Austrian Grand Prix,62.0,BOT,95.24
Austrian Grand Prix,62.0,ZHO,122.198
Austrian Grand Prix,62.0,ALO,99.02
Austrian Grand Prix,62.0,SAR,150.8
Austrian Grand Prix,62.0,NOR,0.664
Austrian Grand Prix,63.0,RUS,15.789
Austrian Grand Prix,63.0,PIA,19.684
Austrian Grand Prix,63.0,SAI,18.9
Austrian Grand Prix,63.0,HAM,39.083
Austrian Grand Prix,63.0,VER,0.0
Austrian Grand Prix,63.0,HUL,61.664
Austrian Grand Prix,63.0,PER,62.151
Austrian Grand Prix,63.0,MAG,67.24
Austrian Grand Prix,63.0,RIC,68.654
Austrian Grand Prix,63.0,GAS,69.955
Austrian Grand Prix,63.0,LEC,80.581
Austrian Grand Prix,63.0,OCO,74.8
Austrian Grand Prix,63.0,STR,84.407
Austrian Grand Prix,63.0,TSU,91.816
Austrian Grand Prix,63.0,ALB,85.743
Austrian Grand Prix,63.0,BOT,96.64
Austrian Grand Prix,63.0,ZHO,122.957
Austrian Grand Prix,63.0,ALO,100.788
Austrian Grand Prix,63.0,SAR,152.337
Austrian Grand Prix,63.0,NOR,0.486
Austrian Grand Prix,64.0,RUS,0.0
Austrian Grand Prix,64.0,PIA,2.919
Austrian Grand Prix,64.0,SAI,2.207
Austrian Grand Prix,64.0,HAM,22.35
Austrian Grand Prix,64.0,VER,11.29
Austrian Grand Prix,64.0,HUL,46.128
Austrian Grand Prix,64.0,PER,46.771
Austrian Grand Prix,64.0,MAG,51.779
Austrian Grand Prix,64.0,RIC,53.515
Austrian Grand Prix,64.0,GAS,54.442
Austrian Grand Prix,64.0,LEC,63.96
Austrian Grand Prix,64.0,OCO,59.498
Austrian Grand Prix,64.0,STR,69.016
Austrian Grand Prix,64.0,TSU,76.846
Austrian Grand Prix,64.0,ALB,72.195
Austrian Grand Prix,64.0,BOT,81.501
Austrian Grand Prix,64.0,ZHO,117.366
Austrian Grand Prix,64.0,ALO,87.237
Austrian Grand Prix,64.0,SAR,152.936
Austrian Grand Prix,64.0,NOR,34.03
Austrian Grand Prix,65.0,RUS,0.0
Austrian Grand Prix,65.0,PIA,2.781
Austrian Grand Prix,65.0,SAI,3.56
Austrian Grand Prix,65.0,HAM,26.578
Austrian Grand Prix,65.0,VER,34.709
Austrian Grand Prix,65.0,HUL,59.746
Austrian Grand Prix,65.0,PER,61.189
Austrian Grand Prix,65.0,MAG,67.778
Austrian Grand Prix,65.0,RIC,69.965
Austrian Grand Prix,65.0,GAS,70.778
Austrian Grand Prix,65.0,LEC,80.527
Austrian Grand Prix,65.0,OCO,77.257
Austrian Grand Prix,65.0,STR,86.143
Austrian Grand Prix,65.0,TSU,93.959
Austrian Grand Prix,65.0,ALB,89.776
Austrian Grand Prix,65.0,BOT,99.016
Austrian Grand Prix,65.0,ZHO,125.744
Austrian Grand Prix,65.0,ALO,105.461
Austrian Grand Prix,65.0,SAR,153.4
Austrian Grand Prix,66.0,RUS,0.0
Austrian Grand Prix,66.0,PIA,2.8810000000000002
Austrian Grand Prix,66.0,SAI,4.006
Austrian Grand Prix,66.0,HAM,20.758
Austrian Grand Prix,66.0,VER,31.496
Austrian Grand Prix,66.0,HUL,48.346
Austrian Grand Prix,66.0,PER,48.841
Austrian Grand Prix,66.0,MAG,53.517
Austrian Grand Prix,66.0,RIC,54.716
Austrian Grand Prix,66.0,GAS,55.643
Austrian Grand Prix,66.0,LEC,63.371
Austrian Grand Prix,66.0,OCO,61.517
Austrian Grand Prix,66.0,STR,71.466
Austrian Grand Prix,66.0,TSU,77.941
Austrian Grand Prix,66.0,ALB,75.003
Austrian Grand Prix,66.0,BOT,83.548
Austrian Grand Prix,66.0,ZHO,109.828
Austrian Grand Prix,66.0,ALO,91.238
Austrian Grand Prix,66.0,SAR,137.323
Austrian Grand Prix,67.0,RUS,0.0
Austrian Grand Prix,67.0,PIA,3.061
Austrian Grand Prix,67.0,SAI,4.314
Austrian Grand Prix,67.0,HAM,20.998
Austrian Grand Prix,67.0,VER,33.835
Austrian Grand Prix,67.0,HUL,50.07
Austrian Grand Prix,67.0,PER,50.566
Austrian Grand Prix,67.0,MAG,55.281
Austrian Grand Prix,67.0,RIC,56.432
Austrian Grand Prix,67.0,GAS,57.185
Austrian Grand Prix,67.0,LEC,64.372
Austrian Grand Prix,67.0,OCO,63.051
Austrian Grand Prix,67.0,STR,76.063
Austrian Grand Prix,67.0,TSU,79.434
Austrian Grand Prix,67.0,ALB,76.857
Austrian Grand Prix,67.0,BOT,85.306
Austrian Grand Prix,67.0,ZHO,111.434
Austrian Grand Prix,67.0,ALO,93.181
Austrian Grand Prix,67.0,SAR,140.425
Austrian Grand Prix,68.0,RUS,0.0
Austrian Grand Prix,68.0,PIA,2.657
Austrian Grand Prix,68.0,SAI,5.05
Austrian Grand Prix,68.0,HAM,21.213
Austrian Grand Prix,68.0,VER,31.909
Austrian Grand Prix,68.0,HUL,50.992
Austrian Grand Prix,68.0,PER,51.637
Austrian Grand Prix,68.0,MAG,56.581
Austrian Grand Prix,68.0,RIC,57.439
Austrian Grand Prix,68.0,GAS,58.086
Austrian Grand Prix,68.0,LEC,65.14
Austrian Grand Prix,68.0,OCO,64.222
Austrian Grand Prix,68.0,STR,77.328
Austrian Grand Prix,68.0,TSU,80.837
Austrian Grand Prix,68.0,ALB,78.063
Austrian Grand Prix,68.0,BOT,86.746
Austrian Grand Prix,68.0,ZHO,112.903
Austrian Grand Prix,68.0,ALO,99.172
Austrian Grand Prix,68.0,SAR,144.387
Austrian Grand Prix,69.0,RUS,0.0
Austrian Grand Prix,69.0,PIA,2.069
Austrian Grand Prix,69.0,SAI,5.045
Austrian Grand Prix,69.0,HAM,21.904
Austrian Grand Prix,69.0,VER,30.483
Austrian Grand Prix,69.0,HUL,51.586
Austrian Grand Prix,69.0,PER,52.29
Austrian Grand Prix,69.0,MAG,57.642
Austrian Grand Prix,69.0,RIC,58.484
Austrian Grand Prix,69.0,GAS,59.277
Austrian Grand Prix,69.0,LEC,66.132
Austrian Grand Prix,69.0,OCO,65.425
Austrian Grand Prix,69.0,STR,78.516
Austrian Grand Prix,69.0,TSU,81.875
Austrian Grand Prix,69.0,ALB,79.249
Austrian Grand Prix,69.0,BOT,88.173
Austrian Grand Prix,69.0,ZHO,113.925
Austrian Grand Prix,69.0,ALO,119.786
Austrian Grand Prix,69.0,SAR,146.129
Austrian Grand Prix,70.0,RUS,0.0
Austrian Grand Prix,70.0,PIA,2.431
Austrian Grand Prix,70.0,SAI,5.119
Austrian Grand Prix,70.0,HAM,22.922
Austrian Grand Prix,70.0,VER,28.928
Austrian Grand Prix,70.0,HUL,52.648
Austrian Grand Prix,70.0,PER,52.887
Austrian Grand Prix,70.0,MAG,59.16
Austrian Grand Prix,70.0,RIC,59.982
Austrian Grand Prix,70.0,GAS,60.809
Austrian Grand Prix,70.0,LEC,66.993
Austrian Grand Prix,70.0,OCO,67.85
Austrian Grand Prix,70.0,STR,80.427
Austrian Grand Prix,70.0,TSU,83.338
Austrian Grand Prix,70.0,ALB,81.059
Austrian Grand Prix,70.0,BOT,89.568
Austrian Grand Prix,70.0,ZHO,115.075
Austrian Grand Prix,70.0,ALO,117.853
Austrian Grand Prix,71.0,RUS,0.0
Austrian Grand Prix,71.0,PIA,1.9060000000000001
Austrian Grand Prix,71.0,SAI,4.533
Austrian Grand Prix,71.0,HAM,23.142
Austrian Grand Prix,71.0,VER,27.253
Austrian Grand Prix,71.0,HUL,54.088
Austrian Grand Prix,71.0,PER,54.672
Austrian Grand Prix,71.0,MAG,60.355
Austrian Grand Prix,71.0,RIC,61.169
Austrian Grand Prix,71.0,GAS,61.766
Austrian Grand Prix,71.0,LEC,67.056
Austrian Grand Prix,71.0,OCO,68.325
British Grand Prix,1.0,HAM,0.823
British Grand Prix,1.0,VER,1.5
British Grand Prix,1.0,NOR,2.136
British Grand Prix,1.0,PIA,2.797
British Grand Prix,1.0,SAI,3.488
British Grand Prix,1.0,HUL,4.955
British Grand Prix,1.0,STR,3.8970000000000002
British Grand Prix,1.0,ALO,5.263
British Grand Prix,1.0,ALB,6.377
British Grand Prix,1.0,TSU,5.898
British Grand Prix,1.0,SAR,6.561
British Grand Prix,1.0,MAG,8.47
British Grand Prix,1.0,RIC,7.504
British Grand Prix,1.0,LEC,4.452
British Grand Prix,1.0,BOT,9.079
British Grand Prix,1.0,OCO,7.841
British Grand Prix,1.0,PER,14.247
British Grand Prix,1.0,ZHO,7.02
British Grand Prix,1.0,RUS,0.0
British Grand Prix,2.0,HAM,0.825
British Grand Prix,2.0,VER,1.855
British Grand Prix,2.0,NOR,2.906
British Grand Prix,2.0,PIA,3.74
British Grand Prix,2.0,SAI,4.429
British Grand Prix,2.0,HUL,6.381
British Grand Prix,2.0,STR,5.162
British Grand Prix,2.0,ALO,7.047
British Grand Prix,2.0,ALB,8.117
British Grand Prix,2.0,TSU,7.694
British Grand Prix,2.0,SAR,8.578
British Grand Prix,2.0,MAG,11.268
British Grand Prix,2.0,RIC,9.795
British Grand Prix,2.0,LEC,5.892
British Grand Prix,2.0,BOT,13.029
British Grand Prix,2.0,OCO,10.269
British Grand Prix,2.0,PER,15.771
British Grand Prix,2.0,ZHO,9.165
British Grand Prix,2.0,RUS,0.0
British Grand Prix,3.0,HAM,1.2429999999999999
British Grand Prix,3.0,VER,2.757
British Grand Prix,3.0,NOR,3.599
British Grand Prix,3.0,PIA,4.369
British Grand Prix,3.0,SAI,5.233
British Grand Prix,3.0,HUL,7.688
British Grand Prix,3.0,STR,6.171
British Grand Prix,3.0,ALO,8.7
British Grand Prix,3.0,ALB,10.192
British Grand Prix,3.0,TSU,9.458
British Grand Prix,3.0,SAR,10.599
British Grand Prix,3.0,MAG,13.229
British Grand Prix,3.0,RIC,11.926
British Grand Prix,3.0,LEC,6.963
British Grand Prix,3.0,BOT,16.178
British Grand Prix,3.0,OCO,12.45
British Grand Prix,3.0,PER,16.813
British Grand Prix,3.0,ZHO,11.354
British Grand Prix,3.0,RUS,0.0
British Grand Prix,4.0,HAM,1.432
British Grand Prix,4.0,VER,2.891
British Grand Prix,4.0,NOR,3.776
British Grand Prix,4.0,PIA,4.489
British Grand Prix,4.0,SAI,5.479
British Grand Prix,4.0,HUL,8.452
British Grand Prix,4.0,STR,7.34
British Grand Prix,4.0,ALO,10.093
British Grand Prix,4.0,ALB,11.452
British Grand Prix,4.0,TSU,10.823
British Grand Prix,4.0,SAR,11.91
British Grand Prix,4.0,MAG,14.54
British Grand Prix,4.0,RIC,13.38
British Grand Prix,4.0,LEC,7.869
British Grand Prix,4.0,BOT,18.701
British Grand Prix,4.0,OCO,13.967
British Grand Prix,4.0,PER,17.584
British Grand Prix,4.0,ZHO,12.776
British Grand Prix,4.0,RUS,0.0
British Grand Prix,5.0,HAM,1.4809999999999999
British Grand Prix,5.0,VER,3.041
British Grand Prix,5.0,NOR,3.864
British Grand Prix,5.0,PIA,4.693
British Grand Prix,5.0,SAI,5.79
British Grand Prix,5.0,HUL,9.592
British Grand Prix,5.0,STR,8.418
British Grand Prix,5.0,ALO,11.082
British Grand Prix,5.0,ALB,12.67
British Grand Prix,5.0,TSU,11.802
British Grand Prix,5.0,SAR,13.421
British Grand Prix,5.0,MAG,15.911
British Grand Prix,5.0,RIC,15.015
British Grand Prix,5.0,LEC,8.938
British Grand Prix,5.0,BOT,20.841
British Grand Prix,5.0,OCO,15.549
British Grand Prix,5.0,PER,18.067
British Grand Prix,5.0,ZHO,14.419
British Grand Prix,5.0,RUS,0.0
British Grand Prix,6.0,HAM,1.6019999999999999
British Grand Prix,6.0,VER,3.127
British Grand Prix,6.0,NOR,4.135
British Grand Prix,6.0,PIA,5.13
British Grand Prix,6.0,SAI,6.065
British Grand Prix,6.0,HUL,10.664
British Grand Prix,6.0,STR,9.581
British Grand Prix,6.0,ALO,12.13
British Grand Prix,6.0,ALB,14.059
British Grand Prix,6.0,TSU,12.791
British Grand Prix,6.0,SAR,14.7
British Grand Prix,6.0,MAG,17.83
British Grand Prix,6.0,RIC,17.056
British Grand Prix,6.0,LEC,10.071
British Grand Prix,6.0,BOT,22.676
British Grand Prix,6.0,OCO,17.54
British Grand Prix,6.0,PER,18.692
British Grand Prix,6.0,ZHO,16.582
British Grand Prix,6.0,RUS,0.0
British Grand Prix,7.0,HAM,1.6139999999999999
British Grand Prix,7.0,VER,3.399
British Grand Prix,7.0,NOR,4.543
British Grand Prix,7.0,PIA,5.392
British Grand Prix,7.0,SAI,7.104
British Grand Prix,7.0,HUL,11.734
British Grand Prix,7.0,STR,10.634
British Grand Prix,7.0,ALO,13.179
British Grand Prix,7.0,ALB,15.335
British Grand Prix,7.0,TSU,13.945
British Grand Prix,7.0,SAR,16.039
British Grand Prix,7.0,MAG,19.901
British Grand Prix,7.0,RIC,18.345
British Grand Prix,7.0,LEC,11.07
British Grand Prix,7.0,BOT,24.661
British Grand Prix,7.0,OCO,21.06
British Grand Prix,7.0,PER,20.342
British Grand Prix,7.0,ZHO,19.429
British Grand Prix,7.0,RUS,0.0
British Grand Prix,8.0,HAM,1.643
British Grand Prix,8.0,VER,3.706
British Grand Prix,8.0,NOR,4.83
British Grand Prix,8.0,PIA,5.655
British Grand Prix,8.0,SAI,7.745
British Grand Prix,8.0,HUL,12.805
British Grand Prix,8.0,STR,11.551
British Grand Prix,8.0,ALO,13.943999999999999
British Grand Prix,8.0,ALB,16.402
British Grand Prix,8.0,TSU,14.837
British Grand Prix,8.0,SAR,17.114
British Grand Prix,8.0,MAG,21.374
British Grand Prix,8.0,RIC,19.709
British Grand Prix,8.0,LEC,12.199
British Grand Prix,8.0,BOT,26.491
British Grand Prix,8.0,OCO,23.119
British Grand Prix,8.0,PER,22.018
British Grand Prix,8.0,ZHO,24.021
British Grand Prix,8.0,RUS,0.0
British Grand Prix,9.0,HAM,1.5859999999999999
British Grand Prix,9.0,VER,3.968
British Grand Prix,9.0,NOR,5.185
British Grand Prix,9.0,PIA,6.034
British Grand Prix,9.0,SAI,8.608
British Grand Prix,9.0,HUL,13.58
British Grand Prix,9.0,STR,12.221
British Grand Prix,9.0,ALO,14.902
British Grand Prix,9.0,ALB,17.714
British Grand Prix,9.0,TSU,15.786
British Grand Prix,9.0,SAR,18.512
British Grand Prix,9.0,MAG,22.536
British Grand Prix,9.0,RIC,20.85
British Grand Prix,9.0,LEC,12.904
British Grand Prix,9.0,BOT,28.515
British Grand Prix,9.0,OCO,25.396
British Grand Prix,9.0,PER,23.197
British Grand Prix,9.0,ZHO,27.722
British Grand Prix,9.0,RUS,0.0
British Grand Prix,10.0,HAM,1.462
British Grand Prix,10.0,VER,3.99
British Grand Prix,10.0,NOR,5.376
British Grand Prix,10.0,PIA,6.206
British Grand Prix,10.0,SAI,9.331
British Grand Prix,10.0,HUL,14.38
British Grand Prix,10.0,STR,13.201
British Grand Prix,10.0,ALO,16.004
British Grand Prix,10.0,ALB,19.148
British Grand Prix,10.0,TSU,17.585
British Grand Prix,10.0,SAR,19.829
British Grand Prix,10.0,MAG,23.544
British Grand Prix,10.0,RIC,21.932
British Grand Prix,10.0,LEC,13.761
British Grand Prix,10.0,BOT,30.663
British Grand Prix,10.0,OCO,27.6
British Grand Prix,10.0,PER,24.267
British Grand Prix,10.0,ZHO,31.911
British Grand Prix,10.0,RUS,0.0
British Grand Prix,11.0,HAM,1.363
British Grand Prix,11.0,VER,4.214
British Grand Prix,11.0,NOR,5.538
British Grand Prix,11.0,PIA,6.475
British Grand Prix,11.0,SAI,9.868
British Grand Prix,11.0,HUL,15.222
British Grand Prix,11.0,STR,13.888
British Grand Prix,11.0,ALO,16.966
British Grand Prix,11.0,ALB,20.543
British Grand Prix,11.0,TSU,18.804
British Grand Prix,11.0,SAR,21.14
British Grand Prix,11.0,MAG,24.629
British Grand Prix,11.0,RIC,23.15
British Grand Prix,11.0,LEC,14.523
British Grand Prix,11.0,BOT,32.638
British Grand Prix,11.0,OCO,29.86
British Grand Prix,11.0,PER,25.172
British Grand Prix,11.0,ZHO,35.337
British Grand Prix,11.0,RUS,0.0
British Grand Prix,12.0,HAM,1.307
British Grand Prix,12.0,VER,4.489
British Grand Prix,12.0,NOR,5.6370000000000005
British Grand Prix,12.0,PIA,6.519
British Grand Prix,12.0,SAI,10.607
British Grand Prix,12.0,HUL,16.004
British Grand Prix,12.0,STR,14.631
British Grand Prix,12.0,ALO,17.774
British Grand Prix,12.0,ALB,21.491
British Grand Prix,12.0,TSU,19.967
British Grand Prix,12.0,SAR,22.269
British Grand Prix,12.0,MAG,25.541
British Grand Prix,12.0,RIC,24.328
British Grand Prix,12.0,LEC,15.14
British Grand Prix,12.0,BOT,34.288
British Grand Prix,12.0,OCO,32.312
British Grand Prix,12.0,PER,26.062
British Grand Prix,12.0,ZHO,37.953
British Grand Prix,12.0,RUS,0.0
British Grand Prix,13.0,HAM,1.472
British Grand Prix,13.0,VER,4.532
British Grand Prix,13.0,NOR,5.393
British Grand Prix,13.0,PIA,6.699
British Grand Prix,13.0,SAI,11.142
British Grand Prix,13.0,HUL,16.756
British Grand Prix,13.0,STR,16.007
British Grand Prix,13.0,ALO,18.575
British Grand Prix,13.0,ALB,22.544
British Grand Prix,13.0,TSU,21.282
British Grand Prix,13.0,SAR,23.593
British Grand Prix,13.0,MAG,26.565
British Grand Prix,13.0,RIC,25.492
British Grand Prix,13.0,LEC,15.413
British Grand Prix,13.0,BOT,36.222
British Grand Prix,13.0,OCO,35.087
British Grand Prix,13.0,PER,27.118
British Grand Prix,13.0,ZHO,61.286
British Grand Prix,13.0,RUS,0.0
British Grand Prix,14.0,HAM,1.603
British Grand Prix,14.0,VER,4.754
British Grand Prix,14.0,NOR,5.322
British Grand Prix,14.0,PIA,6.918
British Grand Prix,14.0,SAI,11.77
British Grand Prix,14.0,HUL,17.899
British Grand Prix,14.0,STR,17.17
British Grand Prix,14.0,ALO,19.48
British Grand Prix,14.0,ALB,23.604
British Grand Prix,14.0,TSU,22.535
British Grand Prix,14.0,SAR,24.722
British Grand Prix,14.0,MAG,27.593
British Grand Prix,14.0,RIC,26.947
British Grand Prix,14.0,LEC,16.331
British Grand Prix,14.0,BOT,37.9
British Grand Prix,14.0,OCO,38.902
British Grand Prix,14.0,PER,28.128
British Grand Prix,14.0,ZHO,62.258
British Grand Prix,14.0,RUS,0.0
British Grand Prix,15.0,HAM,1.6
British Grand Prix,15.0,VER,5.437
British Grand Prix,15.0,NOR,4.702
British Grand Prix,15.0,PIA,6.866
British Grand Prix,15.0,SAI,12.12
British Grand Prix,15.0,HUL,19.005
British Grand Prix,15.0,STR,18.253
British Grand Prix,15.0,ALO,20.173
British Grand Prix,15.0,ALB,24.303
British Grand Prix,15.0,TSU,23.558
British Grand Prix,15.0,SAR,25.699
British Grand Prix,15.0,MAG,28.98
British Grand Prix,15.0,RIC,28.552
British Grand Prix,15.0,LEC,17.52
British Grand Prix,15.0,BOT,39.562
British Grand Prix,15.0,OCO,42.22
British Grand Prix,15.0,PER,29.264
British Grand Prix,15.0,ZHO,63.171
British Grand Prix,15.0,RUS,0.0
British Grand Prix,16.0,HAM,1.905
British Grand Prix,16.0,VER,6.315
British Grand Prix,16.0,NOR,4.766
British Grand Prix,16.0,PIA,7.358
British Grand Prix,16.0,SAI,12.949
British Grand Prix,16.0,HUL,20.573
British Grand Prix,16.0,STR,19.718
British Grand Prix,16.0,ALO,21.137
British Grand Prix,16.0,ALB,25.855
British Grand Prix,16.0,TSU,25.141
British Grand Prix,16.0,SAR,27.774
British Grand Prix,16.0,MAG,30.84
British Grand Prix,16.0,RIC,31.363
British Grand Prix,16.0,LEC,18.817
British Grand Prix,16.0,BOT,41.903
British Grand Prix,16.0,OCO,47.116
British Grand Prix,16.0,PER,31.869
British Grand Prix,16.0,ZHO,66.747
British Grand Prix,16.0,RUS,0.0
British Grand Prix,17.0,HAM,0.833
British Grand Prix,17.0,VER,6.881
British Grand Prix,17.0,NOR,4.277
British Grand Prix,17.0,PIA,6.553
British Grand Prix,17.0,SAI,12.384
British Grand Prix,17.0,HUL,21.227
British Grand Prix,17.0,STR,20.638
British Grand Prix,17.0,ALO,21.358
British Grand Prix,17.0,ALB,25.935
British Grand Prix,17.0,TSU,25.086
British Grand Prix,17.0,SAR,28.239
British Grand Prix,17.0,MAG,30.708
British Grand Prix,17.0,RIC,32.455
British Grand Prix,17.0,LEC,19.304
British Grand Prix,17.0,BOT,42.608
British Grand Prix,17.0,OCO,51.058
British Grand Prix,17.0,PER,31.905
British Grand Prix,17.0,ZHO,70.06
British Grand Prix,17.0,RUS,0.0
British Grand Prix,18.0,HAM,0.0
British Grand Prix,18.0,VER,7.149
British Grand Prix,18.0,NOR,2.498
British Grand Prix,18.0,PIA,4.918
British Grand Prix,18.0,SAI,10.79
British Grand Prix,18.0,HUL,21.157
British Grand Prix,18.0,STR,20.523
British Grand Prix,18.0,ALO,21.334
British Grand Prix,18.0,ALB,25.354
British Grand Prix,18.0,TSU,24.574
British Grand Prix,18.0,SAR,27.235
British Grand Prix,18.0,MAG,29.534
British Grand Prix,18.0,RIC,33.378
British Grand Prix,18.0,LEC,19.351
British Grand Prix,18.0,BOT,42.779
British Grand Prix,18.0,OCO,53.651
British Grand Prix,18.0,PER,31.385
British Grand Prix,18.0,ZHO,73.793
British Grand Prix,18.0,RUS,0.461
British Grand Prix,19.0,HAM,0.0
British Grand Prix,19.0,VER,5.923
British Grand Prix,19.0,NOR,0.223
British Grand Prix,19.0,PIA,1.935
British Grand Prix,19.0,SAI,7.589
British Grand Prix,19.0,HUL,23.198
British Grand Prix,19.0,STR,24.38
British Grand Prix,19.0,ALO,24.893
British Grand Prix,19.0,ALB,26.262
British Grand Prix,19.0,TSU,25.448
British Grand Prix,19.0,SAR,27.614
British Grand Prix,19.0,MAG,29.328
British Grand Prix,19.0,RIC,34.589
British Grand Prix,19.0,LEC,21.508
British Grand Prix,19.0,BOT,43.494
British Grand Prix,19.0,OCO,51.671
British Grand Prix,19.0,PER,29.542
British Grand Prix,19.0,ZHO,76.395
British Grand Prix,19.0,RUS,0.901
British Grand Prix,20.0,HAM,2.094
British Grand Prix,20.0,VER,5.104
British Grand Prix,20.0,NOR,0.0
British Grand Prix,20.0,PIA,1.3559999999999999
British Grand Prix,20.0,SAI,6.2
British Grand Prix,20.0,HUL,22.8
British Grand Prix,20.0,STR,23.944
British Grand Prix,20.0,ALO,23.446
British Grand Prix,20.0,ALB,24.865
British Grand Prix,20.0,TSU,24.396
British Grand Prix,20.0,SAR,25.803
British Grand Prix,20.0,MAG,26.582
British Grand Prix,20.0,RIC,33.992
British Grand Prix,20.0,LEC,43.85
British Grand Prix,20.0,BOT,44.109
British Grand Prix,20.0,OCO,74.769
British Grand Prix,20.0,PER,50.765
British Grand Prix,20.0,ZHO,104.423
British Grand Prix,20.0,RUS,2.936
British Grand Prix,21.0,HAM,2.737
British Grand Prix,21.0,VER,7.079
British Grand Prix,21.0,NOR,0.0
British Grand Prix,21.0,PIA,1.662
British Grand Prix,21.0,SAI,8.194
British Grand Prix,21.0,HUL,23.936
British Grand Prix,21.0,STR,25.722
British Grand Prix,21.0,ALO,24.932
British Grand Prix,21.0,ALB,26.998
British Grand Prix,21.0,TSU,26.607
British Grand Prix,21.0,SAR,27.922
British Grand Prix,21.0,MAG,28.553
British Grand Prix,21.0,RIC,37.201
British Grand Prix,21.0,LEC,55.183
British Grand Prix,21.0,BOT,47.831
British Grand Prix,21.0,OCO,82.992
British Grand Prix,21.0,PER,61.249
British Grand Prix,21.0,ZHO,117.47
British Grand Prix,21.0,RUS,4.176
British Grand Prix,22.0,HAM,2.972
British Grand Prix,22.0,VER,8.123
British Grand Prix,22.0,NOR,0.0
British Grand Prix,22.0,PIA,1.971
British Grand Prix,22.0,SAI,9.491
British Grand Prix,22.0,HUL,25.309
British Grand Prix,22.0,STR,27.357
British Grand Prix,22.0,ALO,26.745
British Grand Prix,22.0,ALB,29.224
British Grand Prix,22.0,TSU,28.428
British Grand Prix,22.0,SAR,29.888
British Grand Prix,22.0,MAG,30.459
British Grand Prix,22.0,RIC,39.356
British Grand Prix,22.0,LEC,68.675
British Grand Prix,22.0,BOT,51.001
British Grand Prix,22.0,OCO,107.34
British Grand Prix,22.0,PER,75.325
British Grand Prix,22.0,ZHO,136.858
British Grand Prix,22.0,RUS,4.66
British Grand Prix,23.0,HAM,2.903
British Grand Prix,23.0,VER,9.09
British Grand Prix,23.0,NOR,0.0
British Grand Prix,23.0,PIA,1.771
British Grand Prix,23.0,SAI,10.612
British Grand Prix,23.0,HUL,26.745
British Grand Prix,23.0,STR,29.243
British Grand Prix,23.0,ALO,28.162
British Grand Prix,23.0,ALB,30.939
British Grand Prix,23.0,TSU,30.358
British Grand Prix,23.0,SAR,33.206
British Grand Prix,23.0,MAG,32.561
British Grand Prix,23.0,RIC,42.404
British Grand Prix,23.0,LEC,84.092
British Grand Prix,23.0,BOT,53.901
British Grand Prix,23.0,OCO,111.652
British Grand Prix,23.0,PER,90.363
British Grand Prix,23.0,ZHO,155.763
British Grand Prix,23.0,RUS,4.981
British Grand Prix,24.0,HAM,2.909
British Grand Prix,24.0,VER,10.481
British Grand Prix,24.0,NOR,0.0
British Grand Prix,24.0,PIA,1.534
British Grand Prix,24.0,SAI,11.717
British Grand Prix,24.0,HUL,28.468
British Grand Prix,24.0,STR,32.199
British Grand Prix,24.0,ALO,30.621
British Grand Prix,24.0,ALB,33.27
British Grand Prix,24.0,TSU,32.835
British Grand Prix,24.0,SAR,35.614
British Grand Prix,24.0,MAG,34.557
British Grand Prix,24.0,RIC,47.258
British Grand Prix,24.0,LEC,104.195
British Grand Prix,24.0,BOT,59.622
British Grand Prix,24.0,OCO,118.028
British Grand Prix,24.0,PER,109.463
British Grand Prix,24.0,ZHO,173.001
British Grand Prix,24.0,RUS,5.32
British Grand Prix,25.0,HAM,3.59
British Grand Prix,25.0,VER,12.237
British Grand Prix,25.0,NOR,0.0
British Grand Prix,25.0,PIA,1.498
British Grand Prix,25.0,SAI,12.553
British Grand Prix,25.0,HUL,30.079
British Grand Prix,25.0,STR,33.243
British Grand Prix,25.0,ALO,32.001
British Grand Prix,25.0,ALB,34.575
British Grand Prix,25.0,TSU,34.001
British Grand Prix,25.0,SAR,37.473
British Grand Prix,25.0,MAG,35.4
British Grand Prix,25.0,RIC,51.676
British Grand Prix,25.0,LEC,119.189
British Grand Prix,25.0,BOT,65.076
British Grand Prix,25.0,OCO,131.153
British Grand Prix,25.0,PER,122.483
British Grand Prix,25.0,ZHO,186.939
British Grand Prix,25.0,RUS,5.7940000000000005
British Grand Prix,26.0,HAM,2.867
British Grand Prix,26.0,VER,12.213
British Grand Prix,26.0,NOR,0.0
British Grand Prix,26.0,PIA,0.605
British Grand Prix,26.0,SAI,13.519
British Grand Prix,26.0,HUL,30.417
British Grand Prix,26.0,STR,32.512
British Grand Prix,26.0,ALO,34.104
British Grand Prix,26.0,ALB,36.831
British Grand Prix,26.0,TSU,35.746
British Grand Prix,26.0,SAR,40.6
British Grand Prix,26.0,MAG,39.351
British Grand Prix,26.0,RIC,54.974
British Grand Prix,26.0,LEC,123.329
British Grand Prix,26.0,BOT,73.094
British Grand Prix,26.0,OCO,148.348
British Grand Prix,26.0,PER,126.704
British Grand Prix,26.0,ZHO,190.537
British Grand Prix,26.0,RUS,4.228
British Grand Prix,27.0,HAM,3.2439999999999998
British Grand Prix,27.0,VER,26.576
British Grand Prix,27.0,NOR,0.0
British Grand Prix,27.0,PIA,5.546
British Grand Prix,27.0,SAI,30.377
British Grand Prix,27.0,HUL,48.338
British Grand Prix,27.0,STR,49.317
British Grand Prix,27.0,ALO,37.811
British Grand Prix,27.0,ALB,39.779
British Grand Prix,27.0,TSU,39.066
British Grand Prix,27.0,SAR,48.04
British Grand Prix,27.0,MAG,45.87
British Grand Prix,27.0,RIC,72.956
British Grand Prix,27.0,LEC,124.435
British Grand Prix,27.0,BOT,93.655
British Grand Prix,27.0,OCO,166.278
British Grand Prix,27.0,PER,134.436
British Grand Prix,27.0,ZHO,210.246
British Grand Prix,27.0,RUS,7.12
British Grand Prix,28.0,HAM,5.588
British Grand Prix,28.0,VER,9.23
British Grand Prix,28.0,NOR,2.393
British Grand Prix,28.0,PIA,0.0
British Grand Prix,28.0,SAI,14.496
British Grand Prix,28.0,HUL,31.713
British Grand Prix,28.0,STR,32.982
British Grand Prix,28.0,ALO,43.716
British Grand Prix,28.0,ALB,49.716
British Grand Prix,28.0,TSU,43.992
British Grand Prix,28.0,SAR,55.499
British Grand Prix,28.0,MAG,52.647
British Grand Prix,28.0,RIC,57.772
British Grand Prix,28.0,LEC,129.051
British Grand Prix,28.0,BOT,77.695
British Grand Prix,28.0,OCO,149.472
British Grand Prix,28.0,PER,121.138
British Grand Prix,28.0,ZHO,193.59
British Grand Prix,28.0,RUS,12.94
British Grand Prix,29.0,HAM,3.349
British Grand Prix,29.0,VER,8.104
British Grand Prix,29.0,NOR,0.0
British Grand Prix,29.0,PIA,18.525
British Grand Prix,29.0,SAI,14.284
British Grand Prix,29.0,HUL,31.695
British Grand Prix,29.0,STR,33.315
British Grand Prix,29.0,ALO,44.129
British Grand Prix,29.0,ALB,48.783
British Grand Prix,29.0,TSU,45.082
British Grand Prix,29.0,SAR,55.055
British Grand Prix,29.0,MAG,52.83
British Grand Prix,29.0,RIC,58.49
British Grand Prix,29.0,LEC,127.994
British Grand Prix,29.0,BOT,78.338
British Grand Prix,29.0,OCO,149.175
British Grand Prix,29.0,PER,142.864
British Grand Prix,29.0,ZHO,192.924
British Grand Prix,29.0,RUS,10.686
British Grand Prix,30.0,HAM,3.099
British Grand Prix,30.0,VER,9.485
British Grand Prix,30.0,NOR,0.0
British Grand Prix,30.0,PIA,18.3
British Grand Prix,30.0,SAI,16.304
British Grand Prix,30.0,HUL,33.789
British Grand Prix,30.0,STR,35.664
British Grand Prix,30.0,ALO,45.989
British Grand Prix,30.0,ALB,51.337
British Grand Prix,30.0,TSU,47.332
British Grand Prix,30.0,SAR,56.814
British Grand Prix,30.0,MAG,54.246
British Grand Prix,30.0,RIC,61.071
British Grand Prix,30.0,LEC,129.576
British Grand Prix,30.0,BOT,81.093
British Grand Prix,30.0,OCO,151.794
British Grand Prix,30.0,PER,142.168
British Grand Prix,30.0,ZHO,195.364
British Grand Prix,30.0,RUS,11.206
British Grand Prix,31.0,HAM,3.324
British Grand Prix,31.0,VER,10.197
British Grand Prix,31.0,NOR,0.0
British Grand Prix,31.0,PIA,19.148
British Grand Prix,31.0,SAI,17.998
British Grand Prix,31.0,HUL,35.75
British Grand Prix,31.0,STR,38.065
British Grand Prix,31.0,ALO,47.472
British Grand Prix,31.0,ALB,53.253
British Grand Prix,31.0,TSU,49.374
British Grand Prix,31.0,SAR,59.833
British Grand Prix,31.0,MAG,56.993
British Grand Prix,31.0,RIC,63.457
British Grand Prix,31.0,LEC,132.213
British Grand Prix,31.0,BOT,84.29
British Grand Prix,31.0,OCO,154.5
British Grand Prix,31.0,PER,143.531
British Grand Prix,31.0,ZHO,198.367
British Grand Prix,31.0,RUS,11.795
British Grand Prix,32.0,HAM,3.583
British Grand Prix,32.0,VER,10.519
British Grand Prix,32.0,NOR,0.0
British Grand Prix,32.0,PIA,20.069
British Grand Prix,32.0,SAI,19.08
British Grand Prix,32.0,HUL,37.668
British Grand Prix,32.0,STR,40.394
British Grand Prix,32.0,ALO,48.946
British Grand Prix,32.0,ALB,55.341
British Grand Prix,32.0,TSU,51.614
British Grand Prix,32.0,SAR,62.529
British Grand Prix,32.0,MAG,59.861
British Grand Prix,32.0,RIC,65.385
British Grand Prix,32.0,LEC,133.792
British Grand Prix,32.0,BOT,87.273
British Grand Prix,32.0,OCO,156.957
British Grand Prix,32.0,PER,145.35
British Grand Prix,32.0,ZHO,201.18
British Grand Prix,32.0,RUS,12.664
British Grand Prix,33.0,HAM,3.411
British Grand Prix,33.0,VER,10.518
British Grand Prix,33.0,NOR,0.0
British Grand Prix,33.0,PIA,20.787
British Grand Prix,33.0,SAI,19.674
British Grand Prix,33.0,HUL,38.746
British Grand Prix,33.0,STR,42.0
British Grand Prix,33.0,ALO,50.601
British Grand Prix,33.0,ALB,57.554
British Grand Prix,33.0,TSU,53.986
British Grand Prix,33.0,SAR,65.606
British Grand Prix,33.0,MAG,62.52
British Grand Prix,33.0,RIC,67.633
British Grand Prix,33.0,LEC,134.402
British Grand Prix,33.0,BOT,90.218
British Grand Prix,33.0,OCO,159.64
British Grand Prix,33.0,PER,147.384
British Grand Prix,33.0,ZHO,203.985
British Grand Prix,33.0,RUS,16.278
British Grand Prix,34.0,HAM,3.09
British Grand Prix,34.0,VER,9.887
British Grand Prix,34.0,NOR,0.0
British Grand Prix,34.0,PIA,21.663
British Grand Prix,34.0,SAI,19.39
British Grand Prix,34.0,HUL,39.931
British Grand Prix,34.0,STR,43.093
British Grand Prix,34.0,ALO,51.898
British Grand Prix,34.0,ALB,59.692
British Grand Prix,34.0,TSU,55.831
British Grand Prix,34.0,SAR,68.623
British Grand Prix,34.0,MAG,65.577
British Grand Prix,34.0,RIC,70.524
British Grand Prix,34.0,LEC,134.928
British Grand Prix,34.0,BOT,92.339
British Grand Prix,34.0,OCO,162.073
British Grand Prix,34.0,PER,149.351
British Grand Prix,34.0,ZHO,208.917
British Grand Prix,35.0,HAM,2.426
British Grand Prix,35.0,VER,9.981
British Grand Prix,35.0,NOR,0.0
British Grand Prix,35.0,PIA,22.037
British Grand Prix,35.0,SAI,20.045
British Grand Prix,35.0,HUL,41.038
British Grand Prix,35.0,STR,44.58
British Grand Prix,35.0,ALO,53.214
British Grand Prix,35.0,ALB,61.959
British Grand Prix,35.0,TSU,57.678
British Grand Prix,35.0,SAR,71.539
British Grand Prix,35.0,MAG,68.199
British Grand Prix,35.0,RIC,73.124
British Grand Prix,35.0,LEC,134.408
British Grand Prix,35.0,BOT,94.88
British Grand Prix,35.0,OCO,162.133
British Grand Prix,35.0,PER,149.95
British Grand Prix,35.0,ZHO,208.551
British Grand Prix,36.0,HAM,2.01
British Grand Prix,36.0,VER,9.599
British Grand Prix,36.0,NOR,0.0
British Grand Prix,36.0,PIA,22.217
British Grand Prix,36.0,SAI,20.453
British Grand Prix,36.0,HUL,41.742
British Grand Prix,36.0,STR,45.24
British Grand Prix,36.0,ALO,53.387
British Grand Prix,36.0,ALB,62.694
British Grand Prix,36.0,TSU,58.064
British Grand Prix,36.0,SAR,72.564
British Grand Prix,36.0,MAG,69.47
British Grand Prix,36.0,RIC,73.997
British Grand Prix,36.0,LEC,132.159
British Grand Prix,36.0,BOT,95.508
British Grand Prix,36.0,OCO,161.008
British Grand Prix,36.0,PER,149.455
British Grand Prix,36.0,ZHO,209.034
British Grand Prix,37.0,HAM,1.935
British Grand Prix,37.0,VER,8.682
British Grand Prix,37.0,NOR,0.0
British Grand Prix,37.0,PIA,22.066
British Grand Prix,37.0,SAI,21.099
British Grand Prix,37.0,HUL,42.613
British Grand Prix,37.0,STR,46.279
British Grand Prix,37.0,ALO,54.348
British Grand Prix,37.0,ALB,63.181
British Grand Prix,37.0,TSU,59.376
British Grand Prix,37.0,SAR,74.985
British Grand Prix,37.0,MAG,71.722
British Grand Prix,37.0,RIC,74.694
British Grand Prix,37.0,LEC,130.73
British Grand Prix,37.0,BOT,95.709
British Grand Prix,37.0,OCO,163.457
British Grand Prix,37.0,PER,149.366
British Grand Prix,37.0,ZHO,210.856
British Grand Prix,38.0,HAM,1.156
British Grand Prix,38.0,VER,6.646
British Grand Prix,38.0,NOR,0.0
British Grand Prix,38.0,PIA,21.173
British Grand Prix,38.0,SAI,21.47
British Grand Prix,38.0,HUL,43.468
British Grand Prix,38.0,STR,47.653
British Grand Prix,38.0,ALO,55.033
British Grand Prix,38.0,ALB,63.025
British Grand Prix,38.0,TSU,60.047
British Grand Prix,38.0,SAR,75.797
British Grand Prix,38.0,MAG,97.654
British Grand Prix,38.0,RIC,100.023
British Grand Prix,38.0,LEC,150.542
British Grand Prix,38.0,BOT,124.338
British Grand Prix,38.0,OCO,164.898
British Grand Prix,38.0,PER,171.538
British Grand Prix,38.0,ZHO,239.586
British Grand Prix,39.0,HAM,21.799
British Grand Prix,39.0,VER,28.211
British Grand Prix,39.0,NOR,0.0
British Grand Prix,39.0,PIA,39.085
British Grand Prix,39.0,SAI,21.526
British Grand Prix,39.0,HUL,43.967
British Grand Prix,39.0,STR,48.666
British Grand Prix,39.0,ALO,77.521
British Grand Prix,39.0,ALB,83.957
British Grand Prix,39.0,TSU,81.938
British Grand Prix,39.0,SAR,95.307
British Grand Prix,39.0,MAG,94.12
British Grand Prix,39.0,RIC,96.415
British Grand Prix,39.0,LEC,145.277
British Grand Prix,39.0,BOT,124.706
British Grand Prix,39.0,OCO,188.282
British Grand Prix,39.0,PER,167.514
British Grand Prix,39.0,ZHO,235.536
British Grand Prix,40.0,HAM,0.0
British Grand Prix,40.0,VER,6.15
British Grand Prix,40.0,NOR,2.723
British Grand Prix,40.0,PIA,16.881
British Grand Prix,40.0,SAI,26.162
British Grand Prix,40.0,HUL,47.509
British Grand Prix,40.0,STR,52.581
British Grand Prix,40.0,ALO,56.55
British Grand Prix,40.0,ALB,62.729
British Grand Prix,40.0,TSU,62.139
British Grand Prix,40.0,SAR,74.543
British Grand Prix,40.0,MAG,74.074
British Grand Prix,40.0,RIC,76.726
British Grand Prix,40.0,LEC,124.038
British Grand Prix,40.0,BOT,105.562
British Grand Prix,40.0,OCO,169.003
British Grand Prix,40.0,PER,148.616
British Grand Prix,40.0,ZHO,216.589
British Grand Prix,41.0,HAM,0.0
British Grand Prix,41.0,VER,5.636
British Grand Prix,41.0,NOR,2.338
British Grand Prix,41.0,PIA,16.337
British Grand Prix,41.0,SAI,26.519
British Grand Prix,41.0,HUL,48.488
British Grand Prix,41.0,STR,52.561
British Grand Prix,41.0,ALO,57.026
British Grand Prix,41.0,ALB,63.326
British Grand Prix,41.0,TSU,62.833
British Grand Prix,41.0,SAR,75.3
British Grand Prix,41.0,MAG,74.566
British Grand Prix,41.0,RIC,77.897
British Grand Prix,41.0,LEC,123.955
British Grand Prix,41.0,BOT,108.788
British Grand Prix,41.0,OCO,169.999
British Grand Prix,41.0,PER,149.187
British Grand Prix,41.0,ZHO,217.622
British Grand Prix,42.0,HAM,0.0
British Grand Prix,42.0,VER,5.491
British Grand Prix,42.0,NOR,2.727
British Grand Prix,42.0,PIA,16.301
British Grand Prix,42.0,SAI,26.774
British Grand Prix,42.0,HUL,49.572
British Grand Prix,42.0,STR,53.105
British Grand Prix,42.0,ALO,57.576
British Grand Prix,42.0,ALB,64.167
British Grand Prix,42.0,TSU,63.535
British Grand Prix,42.0,SAR,75.655
British Grand Prix,42.0,MAG,75.042
British Grand Prix,42.0,RIC,79.045
British Grand Prix,42.0,LEC,124.17
British Grand Prix,42.0,BOT,111.519
British Grand Prix,42.0,OCO,171.569
British Grand Prix,42.0,PER,150.112
British Grand Prix,42.0,ZHO,219.126
British Grand Prix,43.0,HAM,0.0
British Grand Prix,43.0,VER,4.803
British Grand Prix,43.0,NOR,2.196
British Grand Prix,43.0,PIA,15.794
British Grand Prix,43.0,SAI,26.853
British Grand Prix,43.0,HUL,49.615
British Grand Prix,43.0,STR,53.508
British Grand Prix,43.0,ALO,57.881
British Grand Prix,43.0,ALB,64.5
British Grand Prix,43.0,TSU,63.971
British Grand Prix,43.0,SAR,76.024
British Grand Prix,43.0,MAG,75.703
British Grand Prix,43.0,RIC,80.45
British Grand Prix,43.0,LEC,124.125
British Grand Prix,43.0,BOT,113.458
British Grand Prix,43.0,OCO,172.86
British Grand Prix,43.0,PER,150.548
British Grand Prix,43.0,ZHO,220.347
British Grand Prix,44.0,HAM,0.0
British Grand Prix,44.0,VER,4.478
British Grand Prix,44.0,NOR,2.251
British Grand Prix,44.0,PIA,15.318
British Grand Prix,44.0,SAI,26.895
British Grand Prix,44.0,HUL,50.31
British Grand Prix,44.0,STR,53.841
British Grand Prix,44.0,ALO,58.114
British Grand Prix,44.0,ALB,65.543
British Grand Prix,44.0,TSU,65.156
British Grand Prix,44.0,SAR,76.33
British Grand Prix,44.0,MAG,77.348
British Grand Prix,44.0,RIC,81.833
British Grand Prix,44.0,LEC,124.361
British Grand Prix,44.0,BOT,115.038
British Grand Prix,44.0,OCO,174.091
British Grand Prix,44.0,PER,151.369
British Grand Prix,44.0,ZHO,222.028
British Grand Prix,45.0,HAM,0.0
British Grand Prix,45.0,VER,4.177
British Grand Prix,45.0,NOR,2.448
British Grand Prix,45.0,PIA,15.102
British Grand Prix,45.0,SAI,27.046
British Grand Prix,45.0,HUL,50.92
British Grand Prix,45.0,STR,54.428
British Grand Prix,45.0,ALO,58.547
British Grand Prix,45.0,ALB,66.511
British Grand Prix,45.0,TSU,67.156
British Grand Prix,45.0,SAR,77.505
British Grand Prix,45.0,MAG,79.632
British Grand Prix,45.0,RIC,83.35
British Grand Prix,45.0,LEC,124.834
British Grand Prix,45.0,BOT,118.759
British Grand Prix,45.0,OCO,175.605
British Grand Prix,45.0,PER,152.496
British Grand Prix,45.0,ZHO,223.95
British Grand Prix,46.0,HAM,0.0
British Grand Prix,46.0,VER,4.079
British Grand Prix,46.0,NOR,2.767
British Grand Prix,46.0,PIA,14.693999999999999
British Grand Prix,46.0,SAI,26.993
British Grand Prix,46.0,HUL,51.464
British Grand Prix,46.0,STR,54.684
British Grand Prix,46.0,ALO,58.659
British Grand Prix,46.0,ALB,67.104
British Grand Prix,46.0,TSU,69.203
British Grand Prix,46.0,SAR,78.69
British Grand Prix,46.0,MAG,81.122
British Grand Prix,46.0,RIC,84.558
British Grand Prix,46.0,LEC,125.244
British Grand Prix,46.0,BOT,120.514
British Grand Prix,46.0,OCO,176.839
British Grand Prix,46.0,PER,152.991
British Grand Prix,46.0,ZHO,225.739
British Grand Prix,47.0,HAM,0.0
British Grand Prix,47.0,VER,3.952
British Grand Prix,47.0,NOR,3.067
British Grand Prix,47.0,PIA,14.205
British Grand Prix,47.0,SAI,27.008
British Grand Prix,47.0,HUL,51.79
British Grand Prix,47.0,STR,55.071
British Grand Prix,47.0,ALO,58.831
British Grand Prix,47.0,ALB,67.714
British Grand Prix,47.0,TSU,70.647
British Grand Prix,47.0,SAR,80.402
British Grand Prix,47.0,MAG,82.62
British Grand Prix,47.0,RIC,85.755
British Grand Prix,47.0,LEC,125.995
British Grand Prix,47.0,BOT,122.407
British Grand Prix,47.0,OCO,180.9
British Grand Prix,47.0,PER,154.248
British Grand Prix,47.0,ZHO,227.484
British Grand Prix,48.0,HAM,0.0
British Grand Prix,48.0,VER,3.325
British Grand Prix,48.0,NOR,4.044
British Grand Prix,48.0,PIA,13.75
British Grand Prix,48.0,SAI,26.844
British Grand Prix,48.0,HUL,52.576
British Grand Prix,48.0,STR,55.729
British Grand Prix,48.0,ALO,59.366
British Grand Prix,48.0,ALB,68.203
British Grand Prix,48.0,TSU,72.435
British Grand Prix,48.0,SAR,82.024
British Grand Prix,48.0,MAG,83.994
British Grand Prix,48.0,RIC,87.285
British Grand Prix,48.0,LEC,126.62
British Grand Prix,48.0,BOT,124.834
British Grand Prix,48.0,OCO,187.252
British Grand Prix,48.0,PER,190.176
British Grand Prix,48.0,ZHO,229.461
British Grand Prix,49.0,HAM,0.0
British Grand Prix,49.0,VER,3.218
British Grand Prix,49.0,NOR,4.892
British Grand Prix,49.0,PIA,13.366
British Grand Prix,49.0,SAI,26.616
British Grand Prix,49.0,HUL,53.28
British Grand Prix,49.0,STR,56.031
British Grand Prix,49.0,ALO,60.399
British Grand Prix,49.0,ALB,68.496
British Grand Prix,49.0,TSU,73.848
British Grand Prix,49.0,SAR,83.532
British Grand Prix,49.0,MAG,85.13
British Grand Prix,49.0,RIC,90.544
British Grand Prix,49.0,LEC,127.882
British Grand Prix,49.0,BOT,126.855
British Grand Prix,49.0,OCO,188.645
British Grand Prix,49.0,PER,197.869
British Grand Prix,49.0,ZHO,232.298
British Grand Prix,50.0,HAM,0.0
British Grand Prix,50.0,VER,2.822
British Grand Prix,50.0,NOR,5.754
British Grand Prix,50.0,PIA,13.642
British Grand Prix,50.0,SAI,26.368
British Grand Prix,50.0,HUL,54.068
British Grand Prix,50.0,STR,56.379
British Grand Prix,50.0,ALO,61.444
British Grand Prix,50.0,ALB,68.642
British Grand Prix,50.0,TSU,75.573
British Grand Prix,50.0,SAR,85.099
British Grand Prix,50.0,MAG,86.591
British Grand Prix,50.0,RIC,95.012
British Grand Prix,50.0,LEC,128.688
British Grand Prix,50.0,BOT,129.493
British Grand Prix,50.0,OCO,190.571
British Grand Prix,50.0,PER,197.894
British Grand Prix,50.0,ZHO,234.365
British Grand Prix,51.0,HAM,0.0
British Grand Prix,51.0,VER,2.5220000000000002
British Grand Prix,51.0,NOR,6.78
British Grand Prix,51.0,PIA,12.647
British Grand Prix,51.0,SAI,49.171
British Grand Prix,51.0,HUL,55.021
British Grand Prix,51.0,STR,56.662
British Grand Prix,51.0,ALO,62.293
British Grand Prix,51.0,ALB,68.815
British Grand Prix,51.0,TSU,77.359
British Grand Prix,51.0,SAR,87.018
British Grand Prix,51.0,MAG,88.317
British Grand Prix,51.0,RIC,100.083
British Grand Prix,51.0,LEC,130.619
British Grand Prix,51.0,BOT,131.967
British Grand Prix,52.0,HAM,0.0
British Grand Prix,52.0,VER,1.465
British Grand Prix,52.0,NOR,7.547
British Grand Prix,52.0,PIA,12.429
British Grand Prix,52.0,SAI,47.318
British Grand Prix,52.0,HUL,55.722
British Grand Prix,52.0,STR,56.569
British Grand Prix,52.0,ALO,63.577
British Grand Prix,52.0,ALB,68.387
British Grand Prix,52.0,TSU,79.303
British Grand Prix,52.0,SAR,88.96
British Grand Prix,52.0,MAG,90.153
Hungarian Grand Prix,1.0,PIA,0.0
Hungarian Grand Prix,1.0,NOR,2.643
Hungarian Grand Prix,1.0,HAM,3.495
Hungarian Grand Prix,1.0,LEC,4.4719999999999995
Hungarian Grand Prix,1.0,VER,1.5899999999999999
Hungarian Grand Prix,1.0,SAI,5.621
Hungarian Grand Prix,1.0,PER,10.695
Hungarian Grand Prix,1.0,RUS,10.169
Hungarian Grand Prix,1.0,TSU,8.3
Hungarian Grand Prix,1.0,STR,6.074
Hungarian Grand Prix,1.0,ALO,5.13
Hungarian Grand Prix,1.0,RIC,7.583
Hungarian Grand Prix,1.0,HUL,9.175
Hungarian Grand Prix,1.0,ALB,6.494
Hungarian Grand Prix,1.0,MAG,7.091
Hungarian Grand Prix,1.0,BOT,8.684
Hungarian Grand Prix,1.0,SAR,10.877
Hungarian Grand Prix,1.0,OCO,9.665
Hungarian Grand Prix,1.0,ZHO,11.217
Hungarian Grand Prix,1.0,GAS,11.852
Hungarian Grand Prix,2.0,PIA,0.0
Hungarian Grand Prix,2.0,NOR,2.8449999999999998
Hungarian Grand Prix,2.0,HAM,4.289
Hungarian Grand Prix,2.0,LEC,5.51
Hungarian Grand Prix,2.0,VER,1.5779999999999998
Hungarian Grand Prix,2.0,SAI,7.621
Hungarian Grand Prix,2.0,PER,14.029
Hungarian Grand Prix,2.0,RUS,13.049
Hungarian Grand Prix,2.0,TSU,10.723
Hungarian Grand Prix,2.0,STR,8.412
Hungarian Grand Prix,2.0,ALO,7.177
Hungarian Grand Prix,2.0,RIC,10.147
Hungarian Grand Prix,2.0,HUL,13.958
Hungarian Grand Prix,2.0,ALB,8.897
Hungarian Grand Prix,2.0,MAG,9.733
Hungarian Grand Prix,2.0,BOT,11.224
Hungarian Grand Prix,2.0,SAR,13.68
Hungarian Grand Prix,2.0,OCO,12.338
Hungarian Grand Prix,2.0,ZHO,14.604
Hungarian Grand Prix,2.0,GAS,15.135
Hungarian Grand Prix,3.0,PIA,0.0
Hungarian Grand Prix,3.0,NOR,2.8369999999999997
Hungarian Grand Prix,3.0,HAM,4.567
Hungarian Grand Prix,3.0,LEC,5.756
Hungarian Grand Prix,3.0,VER,1.252
Hungarian Grand Prix,3.0,SAI,8.091
Hungarian Grand Prix,3.0,PER,15.679
Hungarian Grand Prix,3.0,RUS,14.66
Hungarian Grand Prix,3.0,TSU,13.003
Hungarian Grand Prix,3.0,STR,10.482
Hungarian Grand Prix,3.0,ALO,9.684
Hungarian Grand Prix,3.0,RIC,12.291
Hungarian Grand Prix,3.0,HUL,30.823
Hungarian Grand Prix,3.0,ALB,11.079
Hungarian Grand Prix,3.0,MAG,11.932
Hungarian Grand Prix,3.0,BOT,13.409
Hungarian Grand Prix,3.0,SAR,15.233
Hungarian Grand Prix,3.0,OCO,14.24
Hungarian Grand Prix,3.0,ZHO,16.333
Hungarian Grand Prix,3.0,GAS,16.79
Hungarian Grand Prix,4.0,PIA,0.0
Hungarian Grand Prix,4.0,NOR,2.349
Hungarian Grand Prix,4.0,HAM,4.731
Hungarian Grand Prix,4.0,LEC,6.187
Hungarian Grand Prix,4.0,VER,3.212
Hungarian Grand Prix,4.0,SAI,9.019
Hungarian Grand Prix,4.0,PER,17.928
Hungarian Grand Prix,4.0,RUS,16.884
Hungarian Grand Prix,4.0,TSU,15.08
Hungarian Grand Prix,4.0,STR,12.436
Hungarian Grand Prix,4.0,ALO,11.578
Hungarian Grand Prix,4.0,RIC,14.384
Hungarian Grand Prix,4.0,HUL,30.217
Hungarian Grand Prix,4.0,ALB,12.897
Hungarian Grand Prix,4.0,MAG,13.728
Hungarian Grand Prix,4.0,BOT,15.637
Hungarian Grand Prix,4.0,SAR,17.383
Hungarian Grand Prix,4.0,OCO,16.54
Hungarian Grand Prix,4.0,ZHO,18.579
Hungarian Grand Prix,4.0,GAS,19.084
Hungarian Grand Prix,5.0,PIA,0.0
Hungarian Grand Prix,5.0,NOR,2.357
Hungarian Grand Prix,5.0,HAM,4.936
Hungarian Grand Prix,5.0,LEC,6.503
Hungarian Grand Prix,5.0,VER,3.395
Hungarian Grand Prix,5.0,SAI,9.743
Hungarian Grand Prix,5.0,PER,20.593
Hungarian Grand Prix,5.0,RUS,19.305
Hungarian Grand Prix,5.0,TSU,17.171
Hungarian Grand Prix,5.0,STR,14.566
Hungarian Grand Prix,5.0,ALO,13.76
Hungarian Grand Prix,5.0,RIC,16.598
Hungarian Grand Prix,5.0,HUL,30.627
Hungarian Grand Prix,5.0,ALB,15.28
Hungarian Grand Prix,5.0,MAG,16.081
Hungarian Grand Prix,5.0,BOT,18.048
Hungarian Grand Prix,5.0,SAR,20.062
Hungarian Grand Prix,5.0,OCO,18.902
Hungarian Grand Prix,5.0,ZHO,21.281
Hungarian Grand Prix,5.0,GAS,21.882
Hungarian Grand Prix,6.0,PIA,0.0
Hungarian Grand Prix,6.0,NOR,2.556
Hungarian Grand Prix,6.0,HAM,5.244
Hungarian Grand Prix,6.0,LEC,6.776
Hungarian Grand Prix,6.0,VER,3.8040000000000003
Hungarian Grand Prix,6.0,SAI,10.423
Hungarian Grand Prix,6.0,PER,22.757
Hungarian Grand Prix,6.0,RUS,21.426
Hungarian Grand Prix,6.0,TSU,19.404
Hungarian Grand Prix,6.0,STR,16.558
Hungarian Grand Prix,6.0,ALO,15.768
Hungarian Grand Prix,6.0,RIC,18.469
Hungarian Grand Prix,6.0,HUL,31.468
Hungarian Grand Prix,6.0,ALB,19.492
Hungarian Grand Prix,6.0,MAG,20.301
Hungarian Grand Prix,6.0,BOT,20.222
Hungarian Grand Prix,6.0,SAR,22.298
Hungarian Grand Prix,6.0,OCO,23.609
Hungarian Grand Prix,6.0,ZHO,23.426
Hungarian Grand Prix,6.0,GAS,24.176
Hungarian Grand Prix,7.0,PIA,0.0
Hungarian Grand Prix,7.0,NOR,2.531
Hungarian Grand Prix,7.0,HAM,5.327
Hungarian Grand Prix,7.0,LEC,6.691
Hungarian Grand Prix,7.0,VER,4.074
Hungarian Grand Prix,7.0,SAI,10.362
Hungarian Grand Prix,7.0,PER,23.887
Hungarian Grand Prix,7.0,RUS,21.885
Hungarian Grand Prix,7.0,TSU,19.84
Hungarian Grand Prix,7.0,STR,17.262
Hungarian Grand Prix,7.0,ALO,17.819
Hungarian Grand Prix,7.0,RIC,20.659
Hungarian Grand Prix,7.0,HUL,32.36
Hungarian Grand Prix,7.0,ALB,37.58
Hungarian Grand Prix,7.0,MAG,38.621
Hungarian Grand Prix,7.0,BOT,21.08
Hungarian Grand Prix,7.0,SAR,23.258
Hungarian Grand Prix,7.0,OCO,41.26
Hungarian Grand Prix,7.0,ZHO,27.462
Hungarian Grand Prix,7.0,GAS,25.571
Hungarian Grand Prix,8.0,PIA,0.0
Hungarian Grand Prix,8.0,NOR,2.666
Hungarian Grand Prix,8.0,HAM,5.67
Hungarian Grand Prix,8.0,LEC,7.18
Hungarian Grand Prix,8.0,VER,4.474
Hungarian Grand Prix,8.0,SAI,10.878
Hungarian Grand Prix,8.0,PER,25.046
Hungarian Grand Prix,8.0,RUS,23.15
Hungarian Grand Prix,8.0,TSU,20.576999999999998
Hungarian Grand Prix,8.0,STR,17.77
Hungarian Grand Prix,8.0,ALO,37.219
Hungarian Grand Prix,8.0,RIC,39.851
Hungarian Grand Prix,8.0,HUL,33.297
Hungarian Grand Prix,8.0,ALB,38.312
Hungarian Grand Prix,8.0,MAG,39.305
Hungarian Grand Prix,8.0,BOT,22.376
Hungarian Grand Prix,8.0,SAR,26.802
Hungarian Grand Prix,8.0,OCO,41.655
Hungarian Grand Prix,8.0,ZHO,45.982
Hungarian Grand Prix,8.0,GAS,27.569
Hungarian Grand Prix,9.0,PIA,0.0
Hungarian Grand Prix,9.0,NOR,2.685
Hungarian Grand Prix,9.0,HAM,5.83
Hungarian Grand Prix,9.0,LEC,7.282
Hungarian Grand Prix,9.0,VER,4.712
Hungarian Grand Prix,9.0,SAI,10.962
Hungarian Grand Prix,9.0,PER,25.037
Hungarian Grand Prix,9.0,RUS,23.78
Hungarian Grand Prix,9.0,TSU,20.912
Hungarian Grand Prix,9.0,STR,18.165
Hungarian Grand Prix,9.0,ALO,37.981
Hungarian Grand Prix,9.0,RIC,40.353
Hungarian Grand Prix,9.0,HUL,34.325
Hungarian Grand Prix,9.0,ALB,38.998
Hungarian Grand Prix,9.0,MAG,39.951
Hungarian Grand Prix,9.0,BOT,23.046
Hungarian Grand Prix,9.0,SAR,45.342
Hungarian Grand Prix,9.0,OCO,42.058
Hungarian Grand Prix,9.0,ZHO,46.625
Hungarian Grand Prix,9.0,GAS,28.773
Hungarian Grand Prix,10.0,PIA,0.0
Hungarian Grand Prix,10.0,NOR,2.936
Hungarian Grand Prix,10.0,HAM,6.205
Hungarian Grand Prix,10.0,LEC,7.629
Hungarian Grand Prix,10.0,VER,4.969
Hungarian Grand Prix,10.0,SAI,11.311
Hungarian Grand Prix,10.0,PER,25.627
Hungarian Grand Prix,10.0,RUS,24.58
Hungarian Grand Prix,10.0,TSU,21.35
Hungarian Grand Prix,10.0,STR,18.837
Hungarian Grand Prix,10.0,ALO,38.899
Hungarian Grand Prix,10.0,RIC,41.241
Hungarian Grand Prix,10.0,HUL,35.046
Hungarian Grand Prix,10.0,ALB,39.852
Hungarian Grand Prix,10.0,MAG,40.723
Hungarian Grand Prix,10.0,BOT,23.799
Hungarian Grand Prix,10.0,SAR,45.923
Hungarian Grand Prix,10.0,OCO,42.862
Hungarian Grand Prix,10.0,ZHO,47.3
Hungarian Grand Prix,10.0,GAS,29.68
Hungarian Grand Prix,11.0,PIA,0.0
Hungarian Grand Prix,11.0,NOR,3.1189999999999998
Hungarian Grand Prix,11.0,HAM,6.522
Hungarian Grand Prix,11.0,LEC,8.199
Hungarian Grand Prix,11.0,VER,5.281
Hungarian Grand Prix,11.0,SAI,11.912
Hungarian Grand Prix,11.0,PER,26.578
Hungarian Grand Prix,11.0,RUS,25.766
Hungarian Grand Prix,11.0,TSU,21.926
Hungarian Grand Prix,11.0,STR,19.539
Hungarian Grand Prix,11.0,ALO,39.468
Hungarian Grand Prix,11.0,RIC,42.084
Hungarian Grand Prix,11.0,HUL,35.77
Hungarian Grand Prix,11.0,ALB,40.362
Hungarian Grand Prix,11.0,MAG,41.497
Hungarian Grand Prix,11.0,BOT,24.887
Hungarian Grand Prix,11.0,SAR,46.596
Hungarian Grand Prix,11.0,OCO,43.661
Hungarian Grand Prix,11.0,ZHO,47.976
Hungarian Grand Prix,11.0,GAS,32.079
Hungarian Grand Prix,12.0,PIA,0.0
Hungarian Grand Prix,12.0,NOR,3.268
Hungarian Grand Prix,12.0,HAM,7.017
Hungarian Grand Prix,12.0,LEC,8.717
Hungarian Grand Prix,12.0,VER,5.8100000000000005
Hungarian Grand Prix,12.0,SAI,12.574
Hungarian Grand Prix,12.0,PER,27.811
Hungarian Grand Prix,12.0,RUS,26.967
Hungarian Grand Prix,12.0,TSU,22.758
Hungarian Grand Prix,12.0,STR,20.459
Hungarian Grand Prix,12.0,ALO,40.388
Hungarian Grand Prix,12.0,RIC,43.001
Hungarian Grand Prix,12.0,HUL,36.935
Hungarian Grand Prix,12.0,ALB,41.358
Hungarian Grand Prix,12.0,MAG,42.262
Hungarian Grand Prix,12.0,BOT,25.963
Hungarian Grand Prix,12.0,SAR,47.438
Hungarian Grand Prix,12.0,OCO,44.806
Hungarian Grand Prix,12.0,ZHO,48.746
Hungarian Grand Prix,12.0,GAS,33.729
Hungarian Grand Prix,13.0,PIA,0.0
Hungarian Grand Prix,13.0,NOR,3.724
Hungarian Grand Prix,13.0,HAM,7.83
Hungarian Grand Prix,13.0,LEC,9.472
Hungarian Grand Prix,13.0,VER,6.692
Hungarian Grand Prix,13.0,SAI,13.676
Hungarian Grand Prix,13.0,PER,29.118
Hungarian Grand Prix,13.0,RUS,28.414
Hungarian Grand Prix,13.0,TSU,24.185
Hungarian Grand Prix,13.0,STR,21.938
Hungarian Grand Prix,13.0,ALO,41.909
Hungarian Grand Prix,13.0,RIC,44.383
Hungarian Grand Prix,13.0,HUL,38.333
Hungarian Grand Prix,13.0,ALB,42.852
Hungarian Grand Prix,13.0,MAG,43.914
Hungarian Grand Prix,13.0,BOT,27.353
Hungarian Grand Prix,13.0,SAR,48.526
Hungarian Grand Prix,13.0,OCO,46.221
Hungarian Grand Prix,13.0,ZHO,50.365
Hungarian Grand Prix,13.0,GAS,35.421
Hungarian Grand Prix,14.0,PIA,0.0
Hungarian Grand Prix,14.0,NOR,3.408
Hungarian Grand Prix,14.0,HAM,7.889
Hungarian Grand Prix,14.0,LEC,9.624
Hungarian Grand Prix,14.0,VER,6.761
Hungarian Grand Prix,14.0,SAI,13.92
Hungarian Grand Prix,14.0,PER,30.359
Hungarian Grand Prix,14.0,RUS,29.468
Hungarian Grand Prix,14.0,TSU,24.871
Hungarian Grand Prix,14.0,STR,25.352
Hungarian Grand Prix,14.0,ALO,42.166
Hungarian Grand Prix,14.0,RIC,45.084
Hungarian Grand Prix,14.0,HUL,38.785
Hungarian Grand Prix,14.0,ALB,43.237
Hungarian Grand Prix,14.0,MAG,44.518
Hungarian Grand Prix,14.0,BOT,28.295
Hungarian Grand Prix,14.0,SAR,48.926
Hungarian Grand Prix,14.0,OCO,46.783
Hungarian Grand Prix,14.0,ZHO,51.05
Hungarian Grand Prix,14.0,GAS,36.419
Hungarian Grand Prix,15.0,PIA,0.0
Hungarian Grand Prix,15.0,NOR,3.443
Hungarian Grand Prix,15.0,HAM,8.152
Hungarian Grand Prix,15.0,LEC,10.171
Hungarian Grand Prix,15.0,VER,7.0
Hungarian Grand Prix,15.0,SAI,14.44
Hungarian Grand Prix,15.0,PER,31.363
Hungarian Grand Prix,15.0,RUS,30.379
Hungarian Grand Prix,15.0,TSU,25.368
Hungarian Grand Prix,15.0,STR,45.921
Hungarian Grand Prix,15.0,ALO,43.242
Hungarian Grand Prix,15.0,RIC,47.027
Hungarian Grand Prix,15.0,HUL,39.567
Hungarian Grand Prix,15.0,ALB,44.07
Hungarian Grand Prix,15.0,MAG,45.555
Hungarian Grand Prix,15.0,BOT,29.157
Hungarian Grand Prix,15.0,SAR,50.058
Hungarian Grand Prix,15.0,OCO,48.225
Hungarian Grand Prix,15.0,ZHO,52.216
Hungarian Grand Prix,15.0,GAS,37.47
Hungarian Grand Prix,16.0,PIA,0.0
Hungarian Grand Prix,16.0,NOR,3.502
Hungarian Grand Prix,16.0,HAM,11.161
Hungarian Grand Prix,16.0,LEC,10.828
Hungarian Grand Prix,16.0,VER,7.541
Hungarian Grand Prix,16.0,SAI,15.082
Hungarian Grand Prix,16.0,PER,32.49
Hungarian Grand Prix,16.0,RUS,31.44
Hungarian Grand Prix,16.0,TSU,26.029
Hungarian Grand Prix,16.0,STR,46.006
Hungarian Grand Prix,16.0,ALO,44.572
Hungarian Grand Prix,16.0,RIC,48.46
Hungarian Grand Prix,16.0,HUL,41.219
Hungarian Grand Prix,16.0,ALB,45.334
Hungarian Grand Prix,16.0,MAG,47.687
Hungarian Grand Prix,16.0,BOT,32.93
Hungarian Grand Prix,16.0,SAR,51.414
Hungarian Grand Prix,16.0,OCO,49.768
Hungarian Grand Prix,16.0,ZHO,53.596
Hungarian Grand Prix,16.0,GAS,38.961
Hungarian Grand Prix,17.0,PIA,0.0
Hungarian Grand Prix,17.0,NOR,5.739
Hungarian Grand Prix,17.0,HAM,27.229
Hungarian Grand Prix,17.0,LEC,11.433
Hungarian Grand Prix,17.0,VER,7.983
Hungarian Grand Prix,17.0,SAI,15.854
Hungarian Grand Prix,17.0,PER,33.119
Hungarian Grand Prix,17.0,RUS,31.917
Hungarian Grand Prix,17.0,TSU,26.874
Hungarian Grand Prix,17.0,STR,47.392
Hungarian Grand Prix,17.0,ALO,45.96
Hungarian Grand Prix,17.0,RIC,49.743
Hungarian Grand Prix,17.0,HUL,42.94
Hungarian Grand Prix,17.0,ALB,47.03
Hungarian Grand Prix,17.0,MAG,49.226
Hungarian Grand Prix,17.0,BOT,51.583
Hungarian Grand Prix,17.0,SAR,53.348
Hungarian Grand Prix,17.0,OCO,51.151
Hungarian Grand Prix,17.0,ZHO,55.232
Hungarian Grand Prix,17.0,GAS,40.416
Hungarian Grand Prix,18.0,PIA,0.0
Hungarian Grand Prix,18.0,NOR,21.05
Hungarian Grand Prix,18.0,HAM,24.083
Hungarian Grand Prix,18.0,LEC,9.644
Hungarian Grand Prix,18.0,VER,6.178
Hungarian Grand Prix,18.0,SAI,14.209
Hungarian Grand Prix,18.0,PER,31.811
Hungarian Grand Prix,18.0,RUS,30.513
Hungarian Grand Prix,18.0,TSU,26.479
Hungarian Grand Prix,18.0,STR,45.903
Hungarian Grand Prix,18.0,ALO,44.451
Hungarian Grand Prix,18.0,RIC,49.05
Hungarian Grand Prix,18.0,HUL,42.73
Hungarian Grand Prix,18.0,ALB,47.371
Hungarian Grand Prix,18.0,MAG,48.282
Hungarian Grand Prix,18.0,BOT,51.063
Hungarian Grand Prix,18.0,SAR,52.89
Hungarian Grand Prix,18.0,OCO,50.726
Hungarian Grand Prix,18.0,ZHO,54.739
Hungarian Grand Prix,18.0,GAS,39.629
Hungarian Grand Prix,19.0,PIA,11.778
Hungarian Grand Prix,19.0,NOR,14.128
Hungarian Grand Prix,19.0,HAM,16.583
Hungarian Grand Prix,19.0,LEC,3.568
Hungarian Grand Prix,19.0,VER,0.0
Hungarian Grand Prix,19.0,SAI,8.281
Hungarian Grand Prix,19.0,PER,26.0
Hungarian Grand Prix,19.0,RUS,24.686
Hungarian Grand Prix,19.0,TSU,21.154
Hungarian Grand Prix,19.0,STR,40.321
Hungarian Grand Prix,19.0,ALO,38.833
Hungarian Grand Prix,19.0,RIC,43.983
Hungarian Grand Prix,19.0,HUL,37.562
Hungarian Grand Prix,19.0,ALB,42.321
Hungarian Grand Prix,19.0,MAG,43.258
Hungarian Grand Prix,19.0,BOT,45.181
Hungarian Grand Prix,19.0,SAR,47.86
Hungarian Grand Prix,19.0,OCO,46.845
Hungarian Grand Prix,19.0,ZHO,50.264
Hungarian Grand Prix,19.0,GAS,34.54
Hungarian Grand Prix,20.0,PIA,10.88
Hungarian Grand Prix,20.0,NOR,13.082
Hungarian Grand Prix,20.0,HAM,15.414
Hungarian Grand Prix,20.0,LEC,3.58
Hungarian Grand Prix,20.0,VER,0.0
Hungarian Grand Prix,20.0,SAI,8.567
Hungarian Grand Prix,20.0,PER,26.326
Hungarian Grand Prix,20.0,RUS,24.933
Hungarian Grand Prix,20.0,TSU,21.911
Hungarian Grand Prix,20.0,STR,40.567
Hungarian Grand Prix,20.0,ALO,39.139
Hungarian Grand Prix,20.0,RIC,44.949
Hungarian Grand Prix,20.0,HUL,38.34
Hungarian Grand Prix,20.0,ALB,43.017
Hungarian Grand Prix,20.0,MAG,44.281
Hungarian Grand Prix,20.0,BOT,45.596
Hungarian Grand Prix,20.0,SAR,48.972
Hungarian Grand Prix,20.0,OCO,47.583
Hungarian Grand Prix,20.0,ZHO,51.687
Hungarian Grand Prix,20.0,GAS,35.507
Hungarian Grand Prix,21.0,PIA,7.327
Hungarian Grand Prix,21.0,NOR,9.718
Hungarian Grand Prix,21.0,HAM,11.857
Hungarian Grand Prix,21.0,LEC,1.084
Hungarian Grand Prix,21.0,VER,0.0
Hungarian Grand Prix,21.0,SAI,8.864
Hungarian Grand Prix,21.0,PER,24.341
Hungarian Grand Prix,21.0,RUS,23.094
Hungarian Grand Prix,21.0,TSU,20.353
Hungarian Grand Prix,21.0,STR,38.603
Hungarian Grand Prix,21.0,ALO,37.329
Hungarian Grand Prix,21.0,RIC,43.495
Hungarian Grand Prix,21.0,HUL,36.622
Hungarian Grand Prix,21.0,ALB,41.38
Hungarian Grand Prix,21.0,MAG,42.871
Hungarian Grand Prix,21.0,BOT,44.026
Hungarian Grand Prix,21.0,SAR,47.606
Hungarian Grand Prix,21.0,OCO,46.22
Hungarian Grand Prix,21.0,ZHO,50.568
Hungarian Grand Prix,21.0,GAS,34.482
Hungarian Grand Prix,22.0,PIA,5.039
Hungarian Grand Prix,22.0,NOR,7.677
Hungarian Grand Prix,22.0,HAM,9.482
Hungarian Grand Prix,22.0,LEC,0.0
Hungarian Grand Prix,22.0,VER,16.233
Hungarian Grand Prix,22.0,SAI,25.473
Hungarian Grand Prix,22.0,PER,23.904
Hungarian Grand Prix,22.0,RUS,22.538
Hungarian Grand Prix,22.0,TSU,20.344
Hungarian Grand Prix,22.0,STR,37.855
Hungarian Grand Prix,22.0,ALO,36.933
Hungarian Grand Prix,22.0,RIC,43.34
Hungarian Grand Prix,22.0,HUL,36.484
Hungarian Grand Prix,22.0,ALB,40.949
Hungarian Grand Prix,22.0,MAG,42.663
Hungarian Grand Prix,22.0,BOT,44.058
Hungarian Grand Prix,22.0,SAR,47.679
Hungarian Grand Prix,22.0,OCO,46.14
Hungarian Grand Prix,22.0,ZHO,50.405
Hungarian Grand Prix,22.0,GAS,34.501
Hungarian Grand Prix,23.0,PIA,1.223
Hungarian Grand Prix,23.0,NOR,4.178
Hungarian Grand Prix,23.0,HAM,6.186
Hungarian Grand Prix,23.0,LEC,0.0
Hungarian Grand Prix,23.0,VER,12.084
Hungarian Grand Prix,23.0,SAI,22.559
Hungarian Grand Prix,23.0,PER,22.173
Hungarian Grand Prix,23.0,RUS,20.474
Hungarian Grand Prix,23.0,TSU,18.686
Hungarian Grand Prix,23.0,STR,36.738
Hungarian Grand Prix,23.0,ALO,35.913
Hungarian Grand Prix,23.0,RIC,42.086
Hungarian Grand Prix,23.0,HUL,35.259
Hungarian Grand Prix,23.0,ALB,39.378
Hungarian Grand Prix,23.0,MAG,41.399
Hungarian Grand Prix,23.0,BOT,42.549
Hungarian Grand Prix,23.0,SAR,46.23
Hungarian Grand Prix,23.0,OCO,44.743
Hungarian Grand Prix,23.0,ZHO,49.237
Hungarian Grand Prix,23.0,GAS,33.275
Hungarian Grand Prix,24.0,PIA,0.0
Hungarian Grand Prix,24.0,NOR,3.214
Hungarian Grand Prix,24.0,HAM,5.566
Hungarian Grand Prix,24.0,LEC,17.71
Hungarian Grand Prix,24.0,VER,10.557
Hungarian Grand Prix,24.0,SAI,21.954
Hungarian Grand Prix,24.0,PER,24.375
Hungarian Grand Prix,24.0,RUS,21.57
Hungarian Grand Prix,24.0,TSU,20.651
Hungarian Grand Prix,24.0,STR,37.978
Hungarian Grand Prix,24.0,ALO,37.53
Hungarian Grand Prix,24.0,RIC,43.379
Hungarian Grand Prix,24.0,HUL,36.76
Hungarian Grand Prix,24.0,ALB,40.646
Hungarian Grand Prix,24.0,MAG,42.621
Hungarian Grand Prix,24.0,BOT,43.886
Hungarian Grand Prix,24.0,SAR,47.431
Hungarian Grand Prix,24.0,OCO,46.013
Hungarian Grand Prix,24.0,ZHO,50.711
Hungarian Grand Prix,24.0,GAS,34.931
Hungarian Grand Prix,25.0,PIA,0.0
Hungarian Grand Prix,25.0,NOR,3.316
Hungarian Grand Prix,25.0,HAM,5.749
Hungarian Grand Prix,25.0,LEC,17.819
Hungarian Grand Prix,25.0,VER,10.377
Hungarian Grand Prix,25.0,SAI,23.604
Hungarian Grand Prix,25.0,PER,26.783
Hungarian Grand Prix,25.0,RUS,25.32
Hungarian Grand Prix,25.0,TSU,23.343
Hungarian Grand Prix,25.0,STR,40.759
Hungarian Grand Prix,25.0,ALO,39.947
Hungarian Grand Prix,25.0,RIC,45.664
Hungarian Grand Prix,25.0,HUL,39.437
Hungarian Grand Prix,25.0,ALB,43.222
Hungarian Grand Prix,25.0,MAG,45.072
Hungarian Grand Prix,25.0,BOT,46.493
Hungarian Grand Prix,25.0,SAR,50.004
Hungarian Grand Prix,25.0,OCO,48.58
Hungarian Grand Prix,25.0,ZHO,53.273
Hungarian Grand Prix,25.0,GAS,37.918
Hungarian Grand Prix,26.0,PIA,0.0
Hungarian Grand Prix,26.0,NOR,3.675
Hungarian Grand Prix,26.0,HAM,6.429
Hungarian Grand Prix,26.0,LEC,18.461
Hungarian Grand Prix,26.0,VER,10.439
Hungarian Grand Prix,26.0,SAI,24.875
Hungarian Grand Prix,26.0,PER,29.809
Hungarian Grand Prix,26.0,RUS,28.439
Hungarian Grand Prix,26.0,TSU,27.626
Hungarian Grand Prix,26.0,STR,44.097
Hungarian Grand Prix,26.0,ALO,43.182
Hungarian Grand Prix,26.0,RIC,48.699
Hungarian Grand Prix,26.0,HUL,42.777
Hungarian Grand Prix,26.0,ALB,46.408
Hungarian Grand Prix,26.0,MAG,48.194
Hungarian Grand Prix,26.0,BOT,49.478
Hungarian Grand Prix,26.0,SAR,52.656
Hungarian Grand Prix,26.0,OCO,51.384
Hungarian Grand Prix,26.0,ZHO,56.102
Hungarian Grand Prix,26.0,GAS,41.137
Hungarian Grand Prix,27.0,PIA,0.0
Hungarian Grand Prix,27.0,NOR,3.8
Hungarian Grand Prix,27.0,HAM,7.163
Hungarian Grand Prix,27.0,LEC,18.606
Hungarian Grand Prix,27.0,VER,10.347
Hungarian Grand Prix,27.0,SAI,25.354
Hungarian Grand Prix,27.0,PER,32.616
Hungarian Grand Prix,27.0,RUS,31.339
Hungarian Grand Prix,27.0,TSU,30.641
Hungarian Grand Prix,27.0,STR,47.575
Hungarian Grand Prix,27.0,ALO,45.138
Hungarian Grand Prix,27.0,RIC,51.883
Hungarian Grand Prix,27.0,HUL,47.252
Hungarian Grand Prix,27.0,ALB,49.518
Hungarian Grand Prix,27.0,MAG,51.168
Hungarian Grand Prix,27.0,BOT,52.506
Hungarian Grand Prix,27.0,SAR,55.412
Hungarian Grand Prix,27.0,OCO,54.302
Hungarian Grand Prix,27.0,ZHO,58.751
Hungarian Grand Prix,27.0,GAS,44.596
Hungarian Grand Prix,28.0,PIA,0.0
Hungarian Grand Prix,28.0,NOR,3.871
Hungarian Grand Prix,28.0,HAM,7.679
Hungarian Grand Prix,28.0,LEC,18.175
Hungarian Grand Prix,28.0,VER,10.32
Hungarian Grand Prix,28.0,SAI,25.472
Hungarian Grand Prix,28.0,PER,37.954
Hungarian Grand Prix,28.0,RUS,34.368
Hungarian Grand Prix,28.0,TSU,33.638
Hungarian Grand Prix,28.0,STR,49.688
Hungarian Grand Prix,28.0,ALO,48.59
Hungarian Grand Prix,28.0,RIC,57.225
Hungarian Grand Prix,28.0,HUL,51.473
Hungarian Grand Prix,28.0,ALB,52.737
Hungarian Grand Prix,28.0,MAG,54.4
Hungarian Grand Prix,28.0,BOT,55.436
Hungarian Grand Prix,28.0,SAR,58.022
Hungarian Grand Prix,28.0,OCO,57.307
Hungarian Grand Prix,28.0,ZHO,61.657
Hungarian Grand Prix,28.0,GAS,50.778
Hungarian Grand Prix,29.0,PIA,0.0
Hungarian Grand Prix,29.0,NOR,3.987
Hungarian Grand Prix,29.0,HAM,8.317
Hungarian Grand Prix,29.0,LEC,17.653
Hungarian Grand Prix,29.0,VER,10.423
Hungarian Grand Prix,29.0,SAI,25.686
Hungarian Grand Prix,29.0,PER,57.936
Hungarian Grand Prix,29.0,RUS,37.641
Hungarian Grand Prix,29.0,TSU,39.119
Hungarian Grand Prix,29.0,STR,51.393
Hungarian Grand Prix,29.0,ALO,49.678
Hungarian Grand Prix,29.0,RIC,74.448
Hungarian Grand Prix,29.0,HUL,56.659
Hungarian Grand Prix,29.0,ALB,58.001
Hungarian Grand Prix,29.0,MAG,57.311
Hungarian Grand Prix,29.0,BOT,57.828
Hungarian Grand Prix,29.0,SAR,61.244
Hungarian Grand Prix,29.0,OCO,60.597
Hungarian Grand Prix,29.0,ZHO,64.642
Hungarian Grand Prix,29.0,GAS,69.745
Hungarian Grand Prix,30.0,PIA,0.0
Hungarian Grand Prix,30.0,NOR,4.269
Hungarian Grand Prix,30.0,HAM,8.761
Hungarian Grand Prix,30.0,LEC,17.312
Hungarian Grand Prix,30.0,VER,10.532
Hungarian Grand Prix,30.0,SAI,25.662
Hungarian Grand Prix,30.0,PER,60.413
Hungarian Grand Prix,30.0,RUS,39.362
Hungarian Grand Prix,30.0,TSU,57.734
Hungarian Grand Prix,30.0,STR,52.528
Hungarian Grand Prix,30.0,ALO,50.978
Hungarian Grand Prix,30.0,RIC,74.047
Hungarian Grand Prix,30.0,HUL,76.384
Hungarian Grand Prix,30.0,ALB,78.696
Hungarian Grand Prix,30.0,MAG,60.129
Hungarian Grand Prix,30.0,BOT,61.338
Hungarian Grand Prix,30.0,SAR,64.124
Hungarian Grand Prix,30.0,OCO,66.15
Hungarian Grand Prix,30.0,ZHO,67.268
Hungarian Grand Prix,30.0,GAS,70.15
Hungarian Grand Prix,31.0,PIA,0.0
Hungarian Grand Prix,31.0,NOR,4.344
Hungarian Grand Prix,31.0,HAM,9.174
Hungarian Grand Prix,31.0,LEC,16.916
Hungarian Grand Prix,31.0,VER,10.776
Hungarian Grand Prix,31.0,SAI,25.42
Hungarian Grand Prix,31.0,PER,59.854
Hungarian Grand Prix,31.0,RUS,41.267
Hungarian Grand Prix,31.0,TSU,58.41
Hungarian Grand Prix,31.0,STR,53.795
Hungarian Grand Prix,31.0,ALO,52.128
Hungarian Grand Prix,31.0,RIC,73.973
Hungarian Grand Prix,31.0,HUL,77.137
Hungarian Grand Prix,31.0,ALB,79.454
Hungarian Grand Prix,31.0,MAG,63.176
Hungarian Grand Prix,31.0,BOT,63.759
Hungarian Grand Prix,31.0,SAR,66.446
Hungarian Grand Prix,31.0,OCO,84.682
Hungarian Grand Prix,31.0,ZHO,69.69
Hungarian Grand Prix,31.0,GAS,70.318
Hungarian Grand Prix,32.0,PIA,0.0
Hungarian Grand Prix,32.0,NOR,4.4030000000000005
Hungarian Grand Prix,32.0,HAM,9.309
Hungarian Grand Prix,32.0,LEC,16.314
Hungarian Grand Prix,32.0,VER,10.513
Hungarian Grand Prix,32.0,SAI,25.071
Hungarian Grand Prix,32.0,PER,59.279
Hungarian Grand Prix,32.0,RUS,43.277
Hungarian Grand Prix,32.0,TSU,58.758
Hungarian Grand Prix,32.0,STR,54.631
Hungarian Grand Prix,32.0,ALO,52.787
Hungarian Grand Prix,32.0,RIC,74.187
Hungarian Grand Prix,32.0,HUL,77.505
Hungarian Grand Prix,32.0,ALB,80.092
Hungarian Grand Prix,32.0,MAG,65.349
Hungarian Grand Prix,32.0,BOT,65.8
Hungarian Grand Prix,32.0,SAR,68.486
Hungarian Grand Prix,32.0,OCO,86.223
Hungarian Grand Prix,32.0,ZHO,72.868
Hungarian Grand Prix,32.0,GAS,70.405
Hungarian Grand Prix,33.0,PIA,0.0
Hungarian Grand Prix,33.0,NOR,2.532
Hungarian Grand Prix,33.0,HAM,7.563
Hungarian Grand Prix,33.0,LEC,13.517
Hungarian Grand Prix,33.0,VER,8.235
Hungarian Grand Prix,33.0,SAI,22.477
Hungarian Grand Prix,33.0,PER,55.952
Hungarian Grand Prix,33.0,RUS,45.605
Hungarian Grand Prix,33.0,TSU,58.095
Hungarian Grand Prix,33.0,STR,53.511
Hungarian Grand Prix,33.0,ALO,51.326
Hungarian Grand Prix,33.0,RIC,74.111
Hungarian Grand Prix,33.0,HUL,75.738
Hungarian Grand Prix,33.0,ALB,78.258
Hungarian Grand Prix,33.0,MAG,64.905
Hungarian Grand Prix,33.0,BOT,65.483
Hungarian Grand Prix,33.0,SAR,70.633
Hungarian Grand Prix,33.0,OCO,87.377
Hungarian Grand Prix,33.0,ZHO,73.848
Hungarian Grand Prix,33.0,GAS,71.693
Hungarian Grand Prix,34.0,PIA,0.0
Hungarian Grand Prix,34.0,NOR,1.9569999999999999
Hungarian Grand Prix,34.0,HAM,7.189
Hungarian Grand Prix,34.0,LEC,11.995
Hungarian Grand Prix,34.0,VER,7.781
Hungarian Grand Prix,34.0,SAI,21.237
Hungarian Grand Prix,34.0,PER,54.161
Hungarian Grand Prix,34.0,RUS,61.086
Hungarian Grand Prix,34.0,TSU,57.46
Hungarian Grand Prix,34.0,STR,53.631
Hungarian Grand Prix,34.0,ALO,51.306
Hungarian Grand Prix,34.0,RIC,73.208
Hungarian Grand Prix,34.0,HUL,77.138
Hungarian Grand Prix,34.0,ALB,77.79
Hungarian Grand Prix,34.0,MAG,68.281
Hungarian Grand Prix,34.0,BOT,66.364
Hungarian Grand Prix,34.0,SAR,87.814
Hungarian Grand Prix,34.0,OCO,87.175
Hungarian Grand Prix,34.0,ZHO,76.975
Hungarian Grand Prix,35.0,PIA,0.0
Hungarian Grand Prix,35.0,NOR,1.6
Hungarian Grand Prix,35.0,HAM,7.752
Hungarian Grand Prix,35.0,LEC,11.283
Hungarian Grand Prix,35.0,VER,8.981
Hungarian Grand Prix,35.0,SAI,20.449
Hungarian Grand Prix,35.0,PER,54.02
Hungarian Grand Prix,35.0,RUS,59.045
Hungarian Grand Prix,35.0,TSU,56.982
Hungarian Grand Prix,35.0,STR,53.571
Hungarian Grand Prix,35.0,ALO,51.459
Hungarian Grand Prix,35.0,RIC,72.307
Hungarian Grand Prix,35.0,HUL,76.375
Hungarian Grand Prix,35.0,ALB,77.998
Hungarian Grand Prix,35.0,MAG,87.128
Hungarian Grand Prix,35.0,BOT,65.694
Hungarian Grand Prix,35.0,SAR,88.304
Hungarian Grand Prix,35.0,OCO,87.894
Hungarian Grand Prix,35.0,ZHO,80.705
Hungarian Grand Prix,36.0,PIA,0.0
Hungarian Grand Prix,36.0,NOR,1.5030000000000001
Hungarian Grand Prix,36.0,HAM,8.086
Hungarian Grand Prix,36.0,LEC,11.213
Hungarian Grand Prix,36.0,VER,8.868
Hungarian Grand Prix,36.0,SAI,20.035
Hungarian Grand Prix,36.0,PER,52.749
Hungarian Grand Prix,36.0,RUS,57.704
Hungarian Grand Prix,36.0,TSU,57.459
Hungarian Grand Prix,36.0,STR,55.178
Hungarian Grand Prix,36.0,ALO,51.964
Hungarian Grand Prix,36.0,RIC,71.757
Hungarian Grand Prix,36.0,HUL,76.228
Hungarian Grand Prix,36.0,ALB,78.237
Hungarian Grand Prix,36.0,MAG,86.972
Hungarian Grand Prix,36.0,BOT,66.178
Hungarian Grand Prix,36.0,SAR,88.426
Hungarian Grand Prix,36.0,OCO,87.81
Hungarian Grand Prix,36.0,ZHO,85.662
Hungarian Grand Prix,37.0,PIA,0.0
Hungarian Grand Prix,37.0,NOR,1.373
Hungarian Grand Prix,37.0,HAM,8.357
Hungarian Grand Prix,37.0,LEC,10.906
Hungarian Grand Prix,37.0,VER,8.975
Hungarian Grand Prix,37.0,SAI,19.632
Hungarian Grand Prix,37.0,PER,52.865
Hungarian Grand Prix,37.0,RUS,56.15
Hungarian Grand Prix,37.0,TSU,58.32
Hungarian Grand Prix,37.0,STR,55.734
Hungarian Grand Prix,37.0,ALO,54.904
Hungarian Grand Prix,37.0,RIC,71.062
Hungarian Grand Prix,37.0,HUL,75.864
Hungarian Grand Prix,37.0,ALB,78.145
Hungarian Grand Prix,37.0,MAG,86.704
Hungarian Grand Prix,37.0,BOT,66.619
Hungarian Grand Prix,37.0,SAR,88.28
Hungarian Grand Prix,37.0,OCO,87.607
Hungarian Grand Prix,37.0,ZHO,105.206
Hungarian Grand Prix,38.0,PIA,0.0
Hungarian Grand Prix,38.0,NOR,1.3559999999999999
Hungarian Grand Prix,38.0,HAM,9.558
Hungarian Grand Prix,38.0,LEC,11.647
Hungarian Grand Prix,38.0,VER,10.34
Hungarian Grand Prix,38.0,SAI,19.156
Hungarian Grand Prix,38.0,PER,50.891
Hungarian Grand Prix,38.0,RUS,54.793
Hungarian Grand Prix,38.0,TSU,58.662
Hungarian Grand Prix,38.0,STR,57.186
Hungarian Grand Prix,38.0,ALO,71.562
Hungarian Grand Prix,38.0,RIC,70.896
Hungarian Grand Prix,38.0,HUL,75.726
Hungarian Grand Prix,38.0,ALB,78.122
Hungarian Grand Prix,38.0,MAG,86.719
Hungarian Grand Prix,38.0,BOT,67.402
Hungarian Grand Prix,38.0,SAR,88.33
Hungarian Grand Prix,38.0,OCO,87.66
Hungarian Grand Prix,38.0,ZHO,104.522
Hungarian Grand Prix,39.0,PIA,0.0
Hungarian Grand Prix,39.0,NOR,1.302
Hungarian Grand Prix,39.0,HAM,10.119
Hungarian Grand Prix,39.0,LEC,11.859
Hungarian Grand Prix,39.0,VER,10.775
Hungarian Grand Prix,39.0,SAI,18.473
Hungarian Grand Prix,39.0,PER,49.403
Hungarian Grand Prix,39.0,RUS,52.828
Hungarian Grand Prix,39.0,TSU,59.053
Hungarian Grand Prix,39.0,STR,57.274
Hungarian Grand Prix,39.0,ALO,70.898
Hungarian Grand Prix,39.0,RIC,72.009
Hungarian Grand Prix,39.0,HUL,75.698
Hungarian Grand Prix,39.0,ALB,78.131
Hungarian Grand Prix,39.0,MAG,86.658
Hungarian Grand Prix,39.0,BOT,68.298
Hungarian Grand Prix,39.0,SAR,88.587
Hungarian Grand Prix,39.0,OCO,87.846
Hungarian Grand Prix,39.0,ZHO,104.54
Hungarian Grand Prix,40.0,PIA,0.0
Hungarian Grand Prix,40.0,NOR,1.6219999999999999
Hungarian Grand Prix,40.0,HAM,14.092
Hungarian Grand Prix,40.0,LEC,15.373
Hungarian Grand Prix,40.0,VER,12.02
Hungarian Grand Prix,40.0,SAI,18.783
Hungarian Grand Prix,40.0,PER,48.22
Hungarian Grand Prix,40.0,RUS,51.279
Hungarian Grand Prix,40.0,TSU,59.564
Hungarian Grand Prix,40.0,STR,57.893
Hungarian Grand Prix,40.0,ALO,70.929
Hungarian Grand Prix,40.0,RIC,72.295
Hungarian Grand Prix,40.0,HUL,76.245
Hungarian Grand Prix,40.0,ALB,78.656
Hungarian Grand Prix,40.0,MAG,87.029
Hungarian Grand Prix,40.0,BOT,69.511
Hungarian Grand Prix,40.0,SAR,89.15
Hungarian Grand Prix,40.0,OCO,88.306
Hungarian Grand Prix,40.0,ZHO,105.147
Hungarian Grand Prix,41.0,PIA,0.0
Hungarian Grand Prix,41.0,NOR,1.861
Hungarian Grand Prix,41.0,HAM,31.16
Hungarian Grand Prix,41.0,LEC,32.239
Hungarian Grand Prix,41.0,VER,11.291
Hungarian Grand Prix,41.0,SAI,18.709
Hungarian Grand Prix,41.0,PER,47.175
Hungarian Grand Prix,41.0,RUS,49.939
Hungarian Grand Prix,41.0,TSU,60.026
Hungarian Grand Prix,41.0,STR,58.388
Hungarian Grand Prix,41.0,ALO,70.882
Hungarian Grand Prix,41.0,RIC,72.682
Hungarian Grand Prix,41.0,HUL,76.473
Hungarian Grand Prix,41.0,ALB,79.017
Hungarian Grand Prix,41.0,MAG,87.208
Hungarian Grand Prix,41.0,BOT,70.643
Hungarian Grand Prix,41.0,SAR,89.479
Hungarian Grand Prix,41.0,OCO,88.6
Hungarian Grand Prix,41.0,ZHO,105.525
Hungarian Grand Prix,42.0,PIA,0.0
Hungarian Grand Prix,42.0,NOR,1.791
Hungarian Grand Prix,42.0,HAM,29.607
Hungarian Grand Prix,42.0,LEC,30.93
Hungarian Grand Prix,42.0,VER,10.612
Hungarian Grand Prix,42.0,SAI,18.292
Hungarian Grand Prix,42.0,PER,45.643
Hungarian Grand Prix,42.0,RUS,48.437
Hungarian Grand Prix,42.0,TSU,60.295
Hungarian Grand Prix,42.0,STR,58.78
Hungarian Grand Prix,42.0,ALO,70.271
Hungarian Grand Prix,42.0,RIC,73.092
Hungarian Grand Prix,42.0,HUL,76.439
Hungarian Grand Prix,42.0,ALB,78.994
Hungarian Grand Prix,42.0,MAG,87.067
Hungarian Grand Prix,42.0,BOT,72.443
Hungarian Grand Prix,42.0,SAR,89.563
Hungarian Grand Prix,42.0,OCO,88.766
Hungarian Grand Prix,42.0,ZHO,105.153
Hungarian Grand Prix,43.0,PIA,0.0
Hungarian Grand Prix,43.0,NOR,1.654
Hungarian Grand Prix,43.0,HAM,28.481
Hungarian Grand Prix,43.0,LEC,29.697
Hungarian Grand Prix,43.0,VER,9.805
Hungarian Grand Prix,43.0,SAI,17.966
Hungarian Grand Prix,43.0,PER,44.174
Hungarian Grand Prix,43.0,RUS,47.145
Hungarian Grand Prix,43.0,TSU,60.678
Hungarian Grand Prix,43.0,STR,59.174
Hungarian Grand Prix,43.0,ALO,70.118
Hungarian Grand Prix,43.0,RIC,74.074
Hungarian Grand Prix,43.0,HUL,76.605
Hungarian Grand Prix,43.0,ALB,78.921
Hungarian Grand Prix,43.0,MAG,87.428
Hungarian Grand Prix,43.0,BOT,73.638
Hungarian Grand Prix,43.0,SAR,89.722
Hungarian Grand Prix,43.0,OCO,89.017
Hungarian Grand Prix,43.0,ZHO,105.168
Hungarian Grand Prix,44.0,PIA,0.0
Hungarian Grand Prix,44.0,NOR,2.051
Hungarian Grand Prix,44.0,HAM,27.581
Hungarian Grand Prix,44.0,LEC,28.85
Hungarian Grand Prix,44.0,VER,9.489
Hungarian Grand Prix,44.0,SAI,18.026
Hungarian Grand Prix,44.0,PER,43.064
Hungarian Grand Prix,44.0,RUS,45.975
Hungarian Grand Prix,44.0,TSU,61.236
Hungarian Grand Prix,44.0,STR,59.89
Hungarian Grand Prix,44.0,ALO,70.161
Hungarian Grand Prix,44.0,RIC,74.023
Hungarian Grand Prix,44.0,HUL,77.248
Hungarian Grand Prix,44.0,ALB,79.683
Hungarian Grand Prix,44.0,MAG,87.815
Hungarian Grand Prix,44.0,BOT,76.572
Hungarian Grand Prix,44.0,SAR,90.405
Hungarian Grand Prix,44.0,OCO,89.365
Hungarian Grand Prix,44.0,ZHO,105.347
Hungarian Grand Prix,45.0,PIA,0.0
Hungarian Grand Prix,45.0,NOR,4.275
Hungarian Grand Prix,45.0,HAM,26.446
Hungarian Grand Prix,45.0,LEC,27.788
Hungarian Grand Prix,45.0,VER,9.212
Hungarian Grand Prix,45.0,SAI,18.038
Hungarian Grand Prix,45.0,PER,41.887
Hungarian Grand Prix,45.0,RUS,44.751
Hungarian Grand Prix,45.0,TSU,61.707
Hungarian Grand Prix,45.0,STR,62.884
Hungarian Grand Prix,45.0,ALO,69.684
Hungarian Grand Prix,45.0,RIC,73.885
Hungarian Grand Prix,45.0,HUL,79.199
Hungarian Grand Prix,45.0,ALB,80.366
Hungarian Grand Prix,45.0,MAG,87.724
Hungarian Grand Prix,45.0,BOT,81.143
Hungarian Grand Prix,45.0,SAR,90.695
Hungarian Grand Prix,45.0,OCO,89.441
Hungarian Grand Prix,45.0,ZHO,107.054
Hungarian Grand Prix,46.0,PIA,0.0
Hungarian Grand Prix,46.0,NOR,19.015
Hungarian Grand Prix,46.0,HAM,25.172
Hungarian Grand Prix,46.0,LEC,26.5
Hungarian Grand Prix,46.0,VER,9.004
Hungarian Grand Prix,46.0,SAI,17.905
Hungarian Grand Prix,46.0,PER,41.255
Hungarian Grand Prix,46.0,RUS,43.884
Hungarian Grand Prix,46.0,TSU,61.604
Hungarian Grand Prix,46.0,STR,80.727
Hungarian Grand Prix,46.0,ALO,69.239
Hungarian Grand Prix,46.0,RIC,73.512
Hungarian Grand Prix,46.0,HUL,78.602
Hungarian Grand Prix,46.0,ALB,80.567
Hungarian Grand Prix,46.0,MAG,87.504
Hungarian Grand Prix,46.0,BOT,99.245
Hungarian Grand Prix,46.0,SAR,90.946
Hungarian Grand Prix,46.0,OCO,89.409
Hungarian Grand Prix,46.0,ZHO,106.917
Hungarian Grand Prix,47.0,PIA,0.0
Hungarian Grand Prix,47.0,NOR,16.053
Hungarian Grand Prix,47.0,HAM,22.017
Hungarian Grand Prix,47.0,LEC,23.627
Hungarian Grand Prix,47.0,VER,6.98
Hungarian Grand Prix,47.0,SAI,18.868
Hungarian Grand Prix,47.0,PER,40.881
Hungarian Grand Prix,47.0,RUS,40.734
Hungarian Grand Prix,47.0,TSU,59.455
Hungarian Grand Prix,47.0,STR,77.311
Hungarian Grand Prix,47.0,ALO,66.717
Hungarian Grand Prix,47.0,RIC,71.164
Hungarian Grand Prix,47.0,HUL,76.744
Hungarian Grand Prix,47.0,ALB,79.373
Hungarian Grand Prix,47.0,MAG,85.096
Hungarian Grand Prix,47.0,BOT,96.211
Hungarian Grand Prix,47.0,SAR,88.968
Hungarian Grand Prix,47.0,OCO,87.395
Hungarian Grand Prix,47.0,ZHO,108.738
Hungarian Grand Prix,48.0,PIA,10.151
Hungarian Grand Prix,48.0,NOR,6.774
Hungarian Grand Prix,48.0,HAM,13.874
Hungarian Grand Prix,48.0,LEC,15.445
Hungarian Grand Prix,48.0,VER,0.0
Hungarian Grand Prix,48.0,SAI,27.999
Hungarian Grand Prix,48.0,PER,49.156
Hungarian Grand Prix,48.0,RUS,32.519
Hungarian Grand Prix,48.0,TSU,52.917
Hungarian Grand Prix,48.0,STR,68.416
Hungarian Grand Prix,48.0,ALO,59.365
Hungarian Grand Prix,48.0,RIC,63.941
Hungarian Grand Prix,48.0,HUL,70.931
Hungarian Grand Prix,48.0,ALB,72.814
Hungarian Grand Prix,48.0,MAG,77.654
Hungarian Grand Prix,48.0,BOT,89.823
Hungarian Grand Prix,48.0,SAR,81.996
Hungarian Grand Prix,48.0,OCO,80.266
Hungarian Grand Prix,48.0,ZHO,101.356
Hungarian Grand Prix,49.0,PIA,6.073
Hungarian Grand Prix,49.0,NOR,2.415
Hungarian Grand Prix,49.0,HAM,10.312
Hungarian Grand Prix,49.0,LEC,11.651
Hungarian Grand Prix,49.0,VER,0.0
Hungarian Grand Prix,49.0,SAI,23.628
Hungarian Grand Prix,49.0,PER,43.784
Hungarian Grand Prix,49.0,RUS,28.742
Hungarian Grand Prix,49.0,TSU,50.55
Hungarian Grand Prix,49.0,STR,64.726
Hungarian Grand Prix,49.0,ALO,56.527
Hungarian Grand Prix,49.0,RIC,61.118
Hungarian Grand Prix,49.0,HUL,68.575
Hungarian Grand Prix,49.0,ALB,70.703
Hungarian Grand Prix,49.0,MAG,74.827
Hungarian Grand Prix,49.0,BOT,88.864
Hungarian Grand Prix,49.0,SAR,79.698
Hungarian Grand Prix,49.0,OCO,77.955
Hungarian Grand Prix,49.0,ZHO,98.753
Hungarian Grand Prix,50.0,PIA,3.809
Hungarian Grand Prix,50.0,NOR,0.0
Hungarian Grand Prix,50.0,HAM,8.855
Hungarian Grand Prix,50.0,LEC,10.25
Hungarian Grand Prix,50.0,VER,15.163
Hungarian Grand Prix,50.0,SAI,21.058
Hungarian Grand Prix,50.0,PER,40.956
Hungarian Grand Prix,50.0,RUS,27.22
Hungarian Grand Prix,50.0,TSU,50.419
Hungarian Grand Prix,50.0,STR,63.227
Hungarian Grand Prix,50.0,ALO,55.883
Hungarian Grand Prix,50.0,RIC,60.54
Hungarian Grand Prix,50.0,HUL,68.299
Hungarian Grand Prix,50.0,ALB,70.883
Hungarian Grand Prix,50.0,MAG,74.253
Hungarian Grand Prix,50.0,BOT,88.148
Hungarian Grand Prix,50.0,SAR,79.821
Hungarian Grand Prix,50.0,OCO,77.937
Hungarian Grand Prix,50.0,ZHO,100.588
Hungarian Grand Prix,51.0,PIA,3.549
Hungarian Grand Prix,51.0,NOR,0.0
Hungarian Grand Prix,51.0,HAM,9.87
Hungarian Grand Prix,51.0,LEC,11.184
Hungarian Grand Prix,51.0,VER,14.095
Hungarian Grand Prix,51.0,SAI,20.951999999999998
Hungarian Grand Prix,51.0,PER,40.583
Hungarian Grand Prix,51.0,RUS,27.955
Hungarian Grand Prix,51.0,TSU,52.27
Hungarian Grand Prix,51.0,STR,64.322
Hungarian Grand Prix,51.0,ALO,57.339
Hungarian Grand Prix,51.0,RIC,62.128
Hungarian Grand Prix,51.0,HUL,70.353
Hungarian Grand Prix,51.0,ALB,73.1
Hungarian Grand Prix,51.0,MAG,76.006
Hungarian Grand Prix,51.0,BOT,89.214
Hungarian Grand Prix,51.0,SAR,83.272
Hungarian Grand Prix,51.0,OCO,80.018
Hungarian Grand Prix,51.0,ZHO,104.509
Hungarian Grand Prix,52.0,PIA,2.981
Hungarian Grand Prix,52.0,NOR,0.0
Hungarian Grand Prix,52.0,HAM,10.462
Hungarian Grand Prix,52.0,LEC,11.589
Hungarian Grand Prix,52.0,VER,12.837
Hungarian Grand Prix,52.0,SAI,20.71
Hungarian Grand Prix,52.0,PER,39.738
Hungarian Grand Prix,52.0,RUS,28.45
Hungarian Grand Prix,52.0,TSU,53.481
Hungarian Grand Prix,52.0,STR,64.568
Hungarian Grand Prix,52.0,ALO,57.973
Hungarian Grand Prix,52.0,RIC,63.142
Hungarian Grand Prix,52.0,HUL,71.802
Hungarian Grand Prix,52.0,ALB,74.732
Hungarian Grand Prix,52.0,MAG,77.33
Hungarian Grand Prix,52.0,BOT,89.577
Hungarian Grand Prix,52.0,SAR,86.43
Hungarian Grand Prix,52.0,OCO,82.9
Hungarian Grand Prix,52.0,ZHO,106.247
Hungarian Grand Prix,53.0,PIA,3.458
Hungarian Grand Prix,53.0,NOR,0.0
Hungarian Grand Prix,53.0,HAM,11.152
Hungarian Grand Prix,53.0,LEC,12.525
Hungarian Grand Prix,53.0,VER,13.039
Hungarian Grand Prix,53.0,SAI,20.261
Hungarian Grand Prix,53.0,PER,39.553
Hungarian Grand Prix,53.0,RUS,31.893
Hungarian Grand Prix,53.0,TSU,55.287
Hungarian Grand Prix,53.0,STR,65.504
Hungarian Grand Prix,53.0,ALO,59.223
Hungarian Grand Prix,53.0,RIC,64.541
Hungarian Grand Prix,53.0,HUL,73.471
Hungarian Grand Prix,53.0,ALB,76.857
Hungarian Grand Prix,53.0,MAG,79.33
Hungarian Grand Prix,53.0,BOT,90.581
Hungarian Grand Prix,53.0,SAR,88.63
Hungarian Grand Prix,53.0,OCO,86.631
Hungarian Grand Prix,53.0,ZHO,108.57
Hungarian Grand Prix,54.0,PIA,3.8
Hungarian Grand Prix,54.0,NOR,0.0
Hungarian Grand Prix,54.0,HAM,11.486
Hungarian Grand Prix,54.0,LEC,13.005
Hungarian Grand Prix,54.0,VER,13.512
Hungarian Grand Prix,54.0,SAI,19.933
Hungarian Grand Prix,54.0,PER,39.311
Hungarian Grand Prix,54.0,RUS,48.639
Hungarian Grand Prix,54.0,TSU,57.025
Hungarian Grand Prix,54.0,STR,66.623
Hungarian Grand Prix,54.0,ALO,60.57
Hungarian Grand Prix,54.0,RIC,65.922
Hungarian Grand Prix,54.0,HUL,75.113
Hungarian Grand Prix,54.0,ALB,79.036
Hungarian Grand Prix,54.0,MAG,81.54
Hungarian Grand Prix,54.0,BOT,92.202
Hungarian Grand Prix,54.0,SAR,91.067
Hungarian Grand Prix,54.0,OCO,89.297
Hungarian Grand Prix,54.0,ZHO,110.843
Hungarian Grand Prix,55.0,PIA,3.487
Hungarian Grand Prix,55.0,NOR,0.0
Hungarian Grand Prix,55.0,HAM,11.902
Hungarian Grand Prix,55.0,LEC,13.798
Hungarian Grand Prix,55.0,VER,14.328
Hungarian Grand Prix,55.0,SAI,19.51
Hungarian Grand Prix,55.0,PER,38.758
Hungarian Grand Prix,55.0,RUS,46.773
Hungarian Grand Prix,55.0,TSU,58.518
Hungarian Grand Prix,55.0,STR,67.1
Hungarian Grand Prix,55.0,ALO,61.507
Hungarian Grand Prix,55.0,RIC,69.184
Hungarian Grand Prix,55.0,HUL,76.539
Hungarian Grand Prix,55.0,ALB,80.858
Hungarian Grand Prix,55.0,MAG,84.945
Hungarian Grand Prix,55.0,BOT,95.804
Hungarian Grand Prix,55.0,SAR,93.383
Hungarian Grand Prix,55.0,OCO,91.762
Hungarian Grand Prix,55.0,ZHO,112.689
Hungarian Grand Prix,56.0,PIA,3.507
Hungarian Grand Prix,56.0,NOR,0.0
Hungarian Grand Prix,56.0,HAM,12.742
Hungarian Grand Prix,56.0,LEC,14.646
Hungarian Grand Prix,56.0,VER,14.931000000000001
Hungarian Grand Prix,56.0,SAI,19.573
Hungarian Grand Prix,56.0,PER,38.489
Hungarian Grand Prix,56.0,RUS,45.622
Hungarian Grand Prix,56.0,TSU,59.937
Hungarian Grand Prix,56.0,STR,67.72
Hungarian Grand Prix,56.0,ALO,62.663
Hungarian Grand Prix,56.0,RIC,70.636
Hungarian Grand Prix,56.0,HUL,78.109
Hungarian Grand Prix,56.0,ALB,84.486
Hungarian Grand Prix,56.0,MAG,88.611
Hungarian Grand Prix,56.0,BOT,100.401
Hungarian Grand Prix,56.0,SAR,99.157
Hungarian Grand Prix,56.0,OCO,94.417
Hungarian Grand Prix,56.0,ZHO,114.693
Hungarian Grand Prix,57.0,PIA,3.79
Hungarian Grand Prix,57.0,NOR,0.0
Hungarian Grand Prix,57.0,HAM,13.405
Hungarian Grand Prix,57.0,LEC,17.05
Hungarian Grand Prix,57.0,VER,15.335
Hungarian Grand Prix,57.0,SAI,19.808
Hungarian Grand Prix,57.0,PER,38.211
Hungarian Grand Prix,57.0,RUS,44.704
Hungarian Grand Prix,57.0,TSU,61.248
Hungarian Grand Prix,57.0,STR,68.427
Hungarian Grand Prix,57.0,ALO,63.767
Hungarian Grand Prix,57.0,RIC,71.975
Hungarian Grand Prix,57.0,HUL,79.858
Hungarian Grand Prix,57.0,ALB,88.443
Hungarian Grand Prix,57.0,MAG,90.699
Hungarian Grand Prix,57.0,BOT,104.695
Hungarian Grand Prix,57.0,SAR,103.327
Hungarian Grand Prix,57.0,OCO,102.051
Hungarian Grand Prix,57.0,ZHO,116.457
Hungarian Grand Prix,58.0,PIA,4.29
Hungarian Grand Prix,58.0,NOR,0.0
Hungarian Grand Prix,58.0,HAM,13.71
Hungarian Grand Prix,58.0,LEC,18.711
Hungarian Grand Prix,58.0,VER,15.599
Hungarian Grand Prix,58.0,SAI,21.487
Hungarian Grand Prix,58.0,PER,38.431
Hungarian Grand Prix,58.0,RUS,44.336
Hungarian Grand Prix,58.0,TSU,63.157
Hungarian Grand Prix,58.0,STR,69.548
Hungarian Grand Prix,58.0,ALO,65.125
Hungarian Grand Prix,58.0,RIC,73.511
Hungarian Grand Prix,58.0,HUL,83.888
Hungarian Grand Prix,58.0,ALB,90.963
Hungarian Grand Prix,58.0,MAG,93.124
Hungarian Grand Prix,58.0,BOT,108.007
Hungarian Grand Prix,58.0,SAR,107.147
Hungarian Grand Prix,58.0,OCO,106.524
Hungarian Grand Prix,58.0,ZHO,118.833
Hungarian Grand Prix,59.0,PIA,4.079
Hungarian Grand Prix,59.0,NOR,0.0
Hungarian Grand Prix,59.0,HAM,13.855
Hungarian Grand Prix,59.0,LEC,19.061
Hungarian Grand Prix,59.0,VER,15.248
Hungarian Grand Prix,59.0,SAI,21.549
Hungarian Grand Prix,59.0,PER,38.656
Hungarian Grand Prix,59.0,RUS,43.823
Hungarian Grand Prix,59.0,TSU,64.856
Hungarian Grand Prix,59.0,STR,70.346
Hungarian Grand Prix,59.0,ALO,66.546
Hungarian Grand Prix,59.0,RIC,75.121
Hungarian Grand Prix,59.0,HUL,88.165
Hungarian Grand Prix,59.0,ALB,93.384
Hungarian Grand Prix,59.0,MAG,95.551
Hungarian Grand Prix,59.0,BOT,110.862
Hungarian Grand Prix,59.0,SAR,109.863
Hungarian Grand Prix,59.0,OCO,109.163
Hungarian Grand Prix,59.0,ZHO,123.798
Hungarian Grand Prix,60.0,PIA,4.823
Hungarian Grand Prix,60.0,NOR,0.0
Hungarian Grand Prix,60.0,HAM,14.898
Hungarian Grand Prix,60.0,LEC,19.843
Hungarian Grand Prix,60.0,VER,15.933
Hungarian Grand Prix,60.0,SAI,22.246
Hungarian Grand Prix,60.0,PER,39.503
Hungarian Grand Prix,60.0,RUS,44.184
Hungarian Grand Prix,60.0,TSU,66.85
Hungarian Grand Prix,60.0,STR,71.909
Hungarian Grand Prix,60.0,ALO,68.498
Hungarian Grand Prix,60.0,RIC,77.225
Hungarian Grand Prix,60.0,HUL,91.389
Hungarian Grand Prix,60.0,ALB,96.18
Hungarian Grand Prix,60.0,MAG,100.828
Hungarian Grand Prix,60.0,BOT,113.504
Hungarian Grand Prix,60.0,SAR,113.069
Hungarian Grand Prix,60.0,OCO,112.01
Hungarian Grand Prix,60.0,ZHO,128.62
Hungarian Grand Prix,61.0,PIA,4.997
Hungarian Grand Prix,61.0,NOR,0.0
Hungarian Grand Prix,61.0,HAM,16.192
Hungarian Grand Prix,61.0,LEC,20.851
Hungarian Grand Prix,61.0,VER,16.808
Hungarian Grand Prix,61.0,SAI,23.084
Hungarian Grand Prix,61.0,PER,40.052
Hungarian Grand Prix,61.0,RUS,45.298
Hungarian Grand Prix,61.0,TSU,68.692
Hungarian Grand Prix,61.0,STR,73.047
Hungarian Grand Prix,61.0,ALO,70.608
Hungarian Grand Prix,61.0,RIC,79.259
Hungarian Grand Prix,61.0,HUL,93.605
Hungarian Grand Prix,61.0,ALB,98.447
Hungarian Grand Prix,61.0,MAG,105.174
Hungarian Grand Prix,61.0,BOT,115.748
Hungarian Grand Prix,61.0,SAR,117.476
Hungarian Grand Prix,61.0,OCO,114.761
Hungarian Grand Prix,61.0,ZHO,131.209
Hungarian Grand Prix,62.0,PIA,5.271
Hungarian Grand Prix,62.0,NOR,0.0
Hungarian Grand Prix,62.0,HAM,17.572
Hungarian Grand Prix,62.0,LEC,22.09
Hungarian Grand Prix,62.0,VER,18.015
Hungarian Grand Prix,62.0,SAI,24.07
Hungarian Grand Prix,62.0,PER,40.231
Hungarian Grand Prix,62.0,RUS,45.577
Hungarian Grand Prix,62.0,TSU,70.554
Hungarian Grand Prix,62.0,STR,74.741
Hungarian Grand Prix,62.0,ALO,72.636
Hungarian Grand Prix,62.0,RIC,81.732
Hungarian Grand Prix,62.0,HUL,96.002
Hungarian Grand Prix,62.0,ALB,103.976
Hungarian Grand Prix,62.0,MAG,110.083
Hungarian Grand Prix,62.0,BOT,118.469
Hungarian Grand Prix,62.0,SAR,121.46
Hungarian Grand Prix,62.0,OCO,118.021
Hungarian Grand Prix,62.0,ZHO,134.098
Hungarian Grand Prix,63.0,PIA,5.128
Hungarian Grand Prix,63.0,NOR,0.0
Hungarian Grand Prix,63.0,HAM,18.748
Hungarian Grand Prix,63.0,LEC,22.465
Hungarian Grand Prix,63.0,VER,24.061
Hungarian Grand Prix,63.0,SAI,24.875
Hungarian Grand Prix,63.0,PER,40.52
Hungarian Grand Prix,63.0,RUS,45.167
Hungarian Grand Prix,63.0,TSU,71.965
Hungarian Grand Prix,63.0,STR,75.968
Hungarian Grand Prix,63.0,ALO,74.234
Hungarian Grand Prix,63.0,RIC,86.617
Hungarian Grand Prix,63.0,HUL,98.89
Hungarian Grand Prix,63.0,ALB,110.937
Hungarian Grand Prix,63.0,MAG,113.69
Hungarian Grand Prix,63.0,BOT,121.456
Hungarian Grand Prix,63.0,SAR,128.847
Hungarian Grand Prix,63.0,OCO,121.166
Hungarian Grand Prix,63.0,ZHO,136.801
Hungarian Grand Prix,64.0,PIA,5.719
Hungarian Grand Prix,64.0,NOR,0.0
Hungarian Grand Prix,64.0,HAM,19.379
Hungarian Grand Prix,64.0,LEC,23.387
Hungarian Grand Prix,64.0,VER,25.356
Hungarian Grand Prix,64.0,SAI,26.085
Hungarian Grand Prix,64.0,PER,41.476
Hungarian Grand Prix,64.0,RUS,45.626
Hungarian Grand Prix,64.0,TSU,73.713
Hungarian Grand Prix,64.0,STR,77.272
Hungarian Grand Prix,64.0,ALO,76.452
Hungarian Grand Prix,64.0,RIC,91.343
Hungarian Grand Prix,64.0,HUL,101.674
Hungarian Grand Prix,64.0,ALB,114.171
Hungarian Grand Prix,64.0,MAG,116.797
Hungarian Grand Prix,64.0,BOT,123.453
Hungarian Grand Prix,64.0,SAR,146.188
Hungarian Grand Prix,64.0,OCO,130.512
Hungarian Grand Prix,64.0,ZHO,139.318
Hungarian Grand Prix,65.0,PIA,6.009
Hungarian Grand Prix,65.0,NOR,0.0
Hungarian Grand Prix,65.0,HAM,20.406
Hungarian Grand Prix,65.0,LEC,23.969
Hungarian Grand Prix,65.0,VER,25.678
Hungarian Grand Prix,65.0,SAI,26.996
Hungarian Grand Prix,65.0,PER,43.168
Hungarian Grand Prix,65.0,RUS,46.108
Hungarian Grand Prix,65.0,TSU,75.381
Hungarian Grand Prix,65.0,STR,77.974
Hungarian Grand Prix,65.0,ALO,79.887
Hungarian Grand Prix,65.0,RIC,94.319
Hungarian Grand Prix,65.0,HUL,108.163
Hungarian Grand Prix,65.0,ALB,116.765
Hungarian Grand Prix,65.0,MAG,119.496
Hungarian Grand Prix,65.0,BOT,124.568
Hungarian Grand Prix,65.0,SAR,144.268
Hungarian Grand Prix,65.0,OCO,149.44
Hungarian Grand Prix,65.0,ZHO,141.557
Hungarian Grand Prix,66.0,PIA,6.034
Hungarian Grand Prix,66.0,NOR,0.0
Hungarian Grand Prix,66.0,HAM,20.308
Hungarian Grand Prix,66.0,LEC,24.736
Hungarian Grand Prix,66.0,VER,26.059
Hungarian Grand Prix,66.0,SAI,27.641
Hungarian Grand Prix,66.0,PER,43.722
Hungarian Grand Prix,66.0,RUS,46.559
Hungarian Grand Prix,66.0,TSU,76.82
Hungarian Grand Prix,66.0,STR,78.779
Hungarian Grand Prix,66.0,ALO,81.848
Hungarian Grand Prix,66.0,RIC,96.547
Hungarian Grand Prix,66.0,HUL,114.452
Hungarian Grand Prix,66.0,ALB,119.119
Hungarian Grand Prix,66.0,MAG,121.786
Hungarian Grand Prix,66.0,BOT,125.406
Hungarian Grand Prix,66.0,SAR,143.947
Hungarian Grand Prix,66.0,OCO,148.43
Hungarian Grand Prix,66.0,ZHO,143.763
Hungarian Grand Prix,67.0,PIA,2.988
Hungarian Grand Prix,67.0,NOR,0.0
Hungarian Grand Prix,67.0,HAM,17.481
Hungarian Grand Prix,67.0,LEC,22.1
Hungarian Grand Prix,67.0,VER,23.223
Hungarian Grand Prix,67.0,SAI,25.07
Hungarian Grand Prix,67.0,PER,41.313
Hungarian Grand Prix,67.0,RUS,43.551
Hungarian Grand Prix,67.0,TSU,75.377
Hungarian Grand Prix,67.0,STR,76.87
Hungarian Grand Prix,67.0,ALO,80.351
Hungarian Grand Prix,67.0,RIC,95.818
Hungarian Grand Prix,67.0,HUL,114.431
Hungarian Grand Prix,67.0,ALB,118.44
Hungarian Grand Prix,67.0,MAG,121.084
Hungarian Grand Prix,67.0,BOT,122.984
Hungarian Grand Prix,67.0,SAR,140.47
Hungarian Grand Prix,67.0,OCO,144.938
Hungarian Grand Prix,67.0,ZHO,143.749
Hungarian Grand Prix,68.0,PIA,0.0
Hungarian Grand Prix,68.0,NOR,0.8
Hungarian Grand Prix,68.0,HAM,14.355
Hungarian Grand Prix,68.0,LEC,18.983
Hungarian Grand Prix,68.0,VER,20.437
Hungarian Grand Prix,68.0,SAI,22.185
Hungarian Grand Prix,68.0,PER,38.346
Hungarian Grand Prix,68.0,RUS,40.249
Hungarian Grand Prix,68.0,TSU,73.704
Hungarian Grand Prix,68.0,STR,74.67
Hungarian Grand Prix,68.0,ALO,78.456
Hungarian Grand Prix,68.0,RIC,95.356
Hungarian Grand Prix,68.0,HUL,113.414
Hungarian Grand Prix,68.0,ALB,117.433
Hungarian Grand Prix,68.0,MAG,120.402
Hungarian Grand Prix,68.0,BOT,123.156
Hungarian Grand Prix,68.0,SAR,136.272
Hungarian Grand Prix,68.0,OCO,143.084
Hungarian Grand Prix,68.0,ZHO,142.735
Hungarian Grand Prix,69.0,PIA,0.0
Hungarian Grand Prix,69.0,NOR,1.065
Hungarian Grand Prix,69.0,HAM,14.852
Hungarian Grand Prix,69.0,LEC,19.504
Hungarian Grand Prix,69.0,VER,21.023
Hungarian Grand Prix,69.0,SAI,22.664
Hungarian Grand Prix,69.0,PER,39.272
Hungarian Grand Prix,69.0,RUS,41.232
Hungarian Grand Prix,69.0,TSU,75.445
Hungarian Grand Prix,69.0,STR,76.46
Hungarian Grand Prix,69.0,ALO,79.939
Hungarian Grand Prix,69.0,RIC,100.851
Hungarian Grand Prix,69.0,HUL,116.111
Hungarian Grand Prix,69.0,ALB,119.696
Hungarian Grand Prix,69.0,MAG,128.229
Hungarian Grand Prix,69.0,BOT,128.336
Hungarian Grand Prix,69.0,SAR,135.518
Hungarian Grand Prix,69.0,OCO,143.856
Hungarian Grand Prix,69.0,ZHO,146.525
Hungarian Grand Prix,70.0,PIA,0.0
Hungarian Grand Prix,70.0,NOR,2.141
Hungarian Grand Prix,70.0,HAM,14.88
Hungarian Grand Prix,70.0,LEC,19.686
Hungarian Grand Prix,70.0,VER,21.349
Hungarian Grand Prix,70.0,SAI,23.073
Hungarian Grand Prix,70.0,PER,39.792
Hungarian Grand Prix,70.0,RUS,42.368
Hungarian Grand Prix,70.0,TSU,77.259
Hungarian Grand Prix,70.0,STR,77.976
Hungarian Grand Prix,70.0,ALO,82.46
Belgian Grand Prix,1.0,HAM,0.788
Belgian Grand Prix,1.0,PIA,2.336
Belgian Grand Prix,1.0,LEC,0.0
Belgian Grand Prix,1.0,VER,5.271
Belgian Grand Prix,1.0,NOR,3.815
Belgian Grand Prix,1.0,SAI,3.358
Belgian Grand Prix,1.0,PER,1.5270000000000001
Belgian Grand Prix,1.0,ALO,4.665
Belgian Grand Prix,1.0,OCO,5.9350000000000005
Belgian Grand Prix,1.0,RIC,7.344
Belgian Grand Prix,1.0,STR,7.7059999999999995
Belgian Grand Prix,1.0,ALB,5.409
Belgian Grand Prix,1.0,GAS,6.642
Belgian Grand Prix,1.0,MAG,8.836
Belgian Grand Prix,1.0,BOT,6.849
Belgian Grand Prix,1.0,TSU,9.729
Belgian Grand Prix,1.0,SAR,10.278
Belgian Grand Prix,1.0,HUL,8.244
Belgian Grand Prix,1.0,ZHO,9.209
Belgian Grand Prix,1.0,RUS,2.851
Belgian Grand Prix,2.0,HAM,0.397
Belgian Grand Prix,2.0,PIA,2.26
Belgian Grand Prix,2.0,LEC,0.0
Belgian Grand Prix,2.0,VER,4.859
Belgian Grand Prix,2.0,NOR,4.079
Belgian Grand Prix,2.0,SAI,3.378
Belgian Grand Prix,2.0,PER,1.5270000000000001
Belgian Grand Prix,2.0,ALO,5.741
Belgian Grand Prix,2.0,OCO,7.007
Belgian Grand Prix,2.0,RIC,8.645
Belgian Grand Prix,2.0,STR,9.12
Belgian Grand Prix,2.0,ALB,6.452
Belgian Grand Prix,2.0,GAS,7.675
Belgian Grand Prix,2.0,MAG,10.328
Belgian Grand Prix,2.0,BOT,8.061
Belgian Grand Prix,2.0,TSU,11.88
Belgian Grand Prix,2.0,SAR,12.326
Belgian Grand Prix,2.0,HUL,9.804
Belgian Grand Prix,2.0,ZHO,11.068
Belgian Grand Prix,2.0,RUS,2.771
Belgian Grand Prix,3.0,HAM,0.0
Belgian Grand Prix,3.0,PIA,2.725
Belgian Grand Prix,3.0,LEC,1.013
Belgian Grand Prix,3.0,VER,5.494
Belgian Grand Prix,3.0,NOR,4.704
Belgian Grand Prix,3.0,SAI,3.985
Belgian Grand Prix,3.0,PER,2.004
Belgian Grand Prix,3.0,ALO,6.439
Belgian Grand Prix,3.0,OCO,8.019
Belgian Grand Prix,3.0,RIC,10.354
Belgian Grand Prix,3.0,STR,11.008
Belgian Grand Prix,3.0,ALB,7.146
Belgian Grand Prix,3.0,GAS,8.926
Belgian Grand Prix,3.0,MAG,12.136
Belgian Grand Prix,3.0,BOT,9.64
Belgian Grand Prix,3.0,TSU,13.425
Belgian Grand Prix,3.0,SAR,14.186
Belgian Grand Prix,3.0,HUL,11.532
Belgian Grand Prix,3.0,ZHO,82.732
Belgian Grand Prix,3.0,RUS,3.277
Belgian Grand Prix,4.0,HAM,0.0
Belgian Grand Prix,4.0,PIA,2.7640000000000002
Belgian Grand Prix,4.0,LEC,1.001
Belgian Grand Prix,4.0,VER,5.741
Belgian Grand Prix,4.0,NOR,4.908
Belgian Grand Prix,4.0,SAI,4.059
Belgian Grand Prix,4.0,PER,1.986
Belgian Grand Prix,4.0,ALO,7.052
Belgian Grand Prix,4.0,OCO,8.582
Belgian Grand Prix,4.0,RIC,11.261
Belgian Grand Prix,4.0,STR,12.019
Belgian Grand Prix,4.0,ALB,7.648
Belgian Grand Prix,4.0,GAS,9.484
Belgian Grand Prix,4.0,MAG,13.332
Belgian Grand Prix,4.0,BOT,10.359
Belgian Grand Prix,4.0,TSU,14.475
Belgian Grand Prix,4.0,SAR,15.15
Belgian Grand Prix,4.0,HUL,12.636
Belgian Grand Prix,4.0,ZHO,85.3
Belgian Grand Prix,4.0,RUS,3.526
Belgian Grand Prix,5.0,HAM,0.0
Belgian Grand Prix,5.0,PIA,3.473
Belgian Grand Prix,5.0,LEC,1.119
Belgian Grand Prix,5.0,VER,6.503
Belgian Grand Prix,5.0,NOR,5.687
Belgian Grand Prix,5.0,SAI,4.92
Belgian Grand Prix,5.0,PER,2.5060000000000002
Belgian Grand Prix,5.0,ALO,8.366
Belgian Grand Prix,5.0,OCO,9.842
Belgian Grand Prix,5.0,RIC,12.199
Belgian Grand Prix,5.0,STR,13.138
Belgian Grand Prix,5.0,ALB,8.995
Belgian Grand Prix,5.0,GAS,10.636
Belgian Grand Prix,5.0,MAG,14.743
Belgian Grand Prix,5.0,BOT,11.445
Belgian Grand Prix,5.0,TSU,16.055
Belgian Grand Prix,5.0,SAR,16.889
Belgian Grand Prix,5.0,HUL,14.029
Belgian Grand Prix,5.0,ZHO,109.557
Belgian Grand Prix,5.0,RUS,4.335
Belgian Grand Prix,6.0,HAM,0.0
Belgian Grand Prix,6.0,PIA,4.036
Belgian Grand Prix,6.0,LEC,1.377
Belgian Grand Prix,6.0,VER,7.176
Belgian Grand Prix,6.0,NOR,6.4879999999999995
Belgian Grand Prix,6.0,SAI,5.763
Belgian Grand Prix,6.0,PER,3.235
Belgian Grand Prix,6.0,ALO,9.717
Belgian Grand Prix,6.0,OCO,11.35
Belgian Grand Prix,6.0,RIC,13.759
Belgian Grand Prix,6.0,STR,14.661
Belgian Grand Prix,6.0,ALB,10.622
Belgian Grand Prix,6.0,GAS,12.328
Belgian Grand Prix,6.0,MAG,16.698
Belgian Grand Prix,6.0,BOT,13.142
Belgian Grand Prix,6.0,TSU,17.973
Belgian Grand Prix,6.0,SAR,18.771
Belgian Grand Prix,6.0,HUL,15.907
Belgian Grand Prix,6.0,RUS,5.025
Belgian Grand Prix,7.0,HAM,0.0
Belgian Grand Prix,7.0,PIA,4.709
Belgian Grand Prix,7.0,LEC,1.818
Belgian Grand Prix,7.0,VER,7.965
Belgian Grand Prix,7.0,NOR,7.203
Belgian Grand Prix,7.0,SAI,6.383
Belgian Grand Prix,7.0,PER,3.515
Belgian Grand Prix,7.0,ALO,11.138
Belgian Grand Prix,7.0,OCO,13.088
Belgian Grand Prix,7.0,RIC,15.692
Belgian Grand Prix,7.0,STR,16.538
Belgian Grand Prix,7.0,ALB,12.171
Belgian Grand Prix,7.0,GAS,14.12
Belgian Grand Prix,7.0,MAG,18.618
Belgian Grand Prix,7.0,BOT,14.964
Belgian Grand Prix,7.0,TSU,19.795
Belgian Grand Prix,7.0,SAR,21.076
Belgian Grand Prix,7.0,HUL,22.07
Belgian Grand Prix,7.0,RUS,5.58
Belgian Grand Prix,8.0,HAM,0.0
Belgian Grand Prix,8.0,PIA,5.105
Belgian Grand Prix,8.0,LEC,1.701
Belgian Grand Prix,8.0,VER,8.393
Belgian Grand Prix,8.0,NOR,7.835
Belgian Grand Prix,8.0,SAI,7.102
Belgian Grand Prix,8.0,PER,3.761
Belgian Grand Prix,8.0,ALO,12.298
Belgian Grand Prix,8.0,OCO,14.532
Belgian Grand Prix,8.0,RIC,21.621
Belgian Grand Prix,8.0,STR,18.442
Belgian Grand Prix,8.0,ALB,17.87
Belgian Grand Prix,8.0,GAS,15.842
Belgian Grand Prix,8.0,MAG,20.237
Belgian Grand Prix,8.0,BOT,16.715
Belgian Grand Prix,8.0,TSU,21.498
Belgian Grand Prix,8.0,SAR,27.046
Belgian Grand Prix,8.0,HUL,37.219
Belgian Grand Prix,8.0,RUS,6.462
Belgian Grand Prix,9.0,HAM,0.0
Belgian Grand Prix,9.0,PIA,5.882
Belgian Grand Prix,9.0,LEC,2.093
Belgian Grand Prix,9.0,VER,9.298
Belgian Grand Prix,9.0,NOR,8.429
Belgian Grand Prix,9.0,SAI,7.694
Belgian Grand Prix,9.0,PER,4.343
Belgian Grand Prix,9.0,ALO,13.826
Belgian Grand Prix,9.0,OCO,16.133
Belgian Grand Prix,9.0,RIC,34.936
Belgian Grand Prix,9.0,STR,20.073
Belgian Grand Prix,9.0,ALB,31.357
Belgian Grand Prix,9.0,GAS,22.148
Belgian Grand Prix,9.0,MAG,21.722
Belgian Grand Prix,9.0,BOT,18.42
Belgian Grand Prix,9.0,TSU,23.484
Belgian Grand Prix,9.0,SAR,41.228
Belgian Grand Prix,9.0,HUL,37.149
Belgian Grand Prix,9.0,RUS,6.9
Belgian Grand Prix,10.0,HAM,0.0
Belgian Grand Prix,10.0,PIA,5.976
Belgian Grand Prix,10.0,LEC,2.105
Belgian Grand Prix,10.0,VER,14.002
Belgian Grand Prix,10.0,NOR,8.812
Belgian Grand Prix,10.0,SAI,7.925
Belgian Grand Prix,10.0,PER,4.449
Belgian Grand Prix,10.0,ALO,14.79
Belgian Grand Prix,10.0,OCO,17.267
Belgian Grand Prix,10.0,RIC,34.674
Belgian Grand Prix,10.0,STR,21.373
Belgian Grand Prix,10.0,ALB,31.108
Belgian Grand Prix,10.0,GAS,37.023
Belgian Grand Prix,10.0,MAG,23.483
Belgian Grand Prix,10.0,BOT,19.332
Belgian Grand Prix,10.0,TSU,25.047
Belgian Grand Prix,10.0,SAR,40.705
Belgian Grand Prix,10.0,HUL,36.467
Belgian Grand Prix,10.0,RUS,11.600999999999999
Belgian Grand Prix,11.0,HAM,2.2560000000000002
Belgian Grand Prix,11.0,PIA,8.175
Belgian Grand Prix,11.0,LEC,0.0
Belgian Grand Prix,11.0,VER,24.719
Belgian Grand Prix,11.0,NOR,6.749
Belgian Grand Prix,11.0,SAI,5.375
Belgian Grand Prix,11.0,PER,7.221
Belgian Grand Prix,11.0,ALO,13.4
Belgian Grand Prix,11.0,OCO,16.127
Belgian Grand Prix,11.0,RIC,32.547
Belgian Grand Prix,11.0,STR,20.063
Belgian Grand Prix,11.0,ALB,28.99
Belgian Grand Prix,11.0,GAS,34.54
Belgian Grand Prix,11.0,MAG,23.331
Belgian Grand Prix,11.0,BOT,22.486
Belgian Grand Prix,11.0,TSU,25.454
Belgian Grand Prix,11.0,SAR,39.008
Belgian Grand Prix,11.0,HUL,34.122
Belgian Grand Prix,11.0,RUS,21.985
Belgian Grand Prix,12.0,HAM,12.957
Belgian Grand Prix,12.0,PIA,17.187
Belgian Grand Prix,12.0,LEC,0.0
Belgian Grand Prix,12.0,VER,19.031
Belgian Grand Prix,12.0,NOR,2.382
Belgian Grand Prix,12.0,SAI,0.425
Belgian Grand Prix,12.0,PER,16.834
Belgian Grand Prix,12.0,ALO,10.2
Belgian Grand Prix,12.0,OCO,17.561
Belgian Grand Prix,12.0,RIC,28.402
Belgian Grand Prix,12.0,STR,21.218
Belgian Grand Prix,12.0,ALB,25.025
Belgian Grand Prix,12.0,GAS,30.229
Belgian Grand Prix,12.0,MAG,21.374
Belgian Grand Prix,12.0,BOT,31.366
Belgian Grand Prix,12.0,TSU,22.919
Belgian Grand Prix,12.0,SAR,35.119
Belgian Grand Prix,12.0,HUL,29.856
Belgian Grand Prix,12.0,RUS,17.766
Belgian Grand Prix,13.0,HAM,11.488
Belgian Grand Prix,13.0,PIA,15.079
Belgian Grand Prix,13.0,LEC,12.994
Belgian Grand Prix,13.0,VER,17.789
Belgian Grand Prix,13.0,NOR,2.672
Belgian Grand Prix,13.0,SAI,0.0
Belgian Grand Prix,13.0,PER,15.933
Belgian Grand Prix,13.0,ALO,15.181
Belgian Grand Prix,13.0,OCO,31.481
Belgian Grand Prix,13.0,RIC,28.552
Belgian Grand Prix,13.0,STR,36.097
Belgian Grand Prix,13.0,ALB,25.727
Belgian Grand Prix,13.0,GAS,30.604
Belgian Grand Prix,13.0,MAG,22.694
Belgian Grand Prix,13.0,BOT,31.066
Belgian Grand Prix,13.0,TSU,24.626
Belgian Grand Prix,13.0,SAR,36.065
Belgian Grand Prix,13.0,HUL,29.988
Belgian Grand Prix,13.0,RUS,16.795
Belgian Grand Prix,14.0,HAM,10.565
Belgian Grand Prix,14.0,PIA,14.271
Belgian Grand Prix,14.0,LEC,12.174
Belgian Grand Prix,14.0,VER,16.895
Belgian Grand Prix,14.0,NOR,3.192
Belgian Grand Prix,14.0,SAI,0.0
Belgian Grand Prix,14.0,PER,15.28
Belgian Grand Prix,14.0,ALO,30.127
Belgian Grand Prix,14.0,OCO,32.433
Belgian Grand Prix,14.0,RIC,28.976
Belgian Grand Prix,14.0,STR,36.244
Belgian Grand Prix,14.0,ALB,27.198
Belgian Grand Prix,14.0,GAS,32.19
Belgian Grand Prix,14.0,MAG,24.514
Belgian Grand Prix,14.0,BOT,33.812
Belgian Grand Prix,14.0,TSU,26.696
Belgian Grand Prix,14.0,SAR,38.263
Belgian Grand Prix,14.0,HUL,31.458
Belgian Grand Prix,14.0,RUS,16.013
Belgian Grand Prix,15.0,HAM,7.563
Belgian Grand Prix,15.0,PIA,11.189
Belgian Grand Prix,15.0,LEC,9.043
Belgian Grand Prix,15.0,VER,13.972
Belgian Grand Prix,15.0,NOR,5.968
Belgian Grand Prix,15.0,SAI,0.0
Belgian Grand Prix,15.0,PER,12.433
Belgian Grand Prix,15.0,ALO,28.444
Belgian Grand Prix,15.0,OCO,30.757
Belgian Grand Prix,15.0,RIC,27.835
Belgian Grand Prix,15.0,STR,34.944
Belgian Grand Prix,15.0,ALB,25.873
Belgian Grand Prix,15.0,GAS,31.467
Belgian Grand Prix,15.0,MAG,24.105
Belgian Grand Prix,15.0,BOT,32.541
Belgian Grand Prix,15.0,TSU,31.951999999999998
Belgian Grand Prix,15.0,SAR,37.626
Belgian Grand Prix,15.0,HUL,30.29
Belgian Grand Prix,15.0,RUS,13.176
Belgian Grand Prix,16.0,HAM,6.375
Belgian Grand Prix,16.0,PIA,10.383
Belgian Grand Prix,16.0,LEC,7.864
Belgian Grand Prix,16.0,VER,13.32
Belgian Grand Prix,16.0,NOR,18.568
Belgian Grand Prix,16.0,SAI,0.0
Belgian Grand Prix,16.0,PER,11.776
Belgian Grand Prix,16.0,ALO,28.823
Belgian Grand Prix,16.0,OCO,30.593
Belgian Grand Prix,16.0,RIC,28.169
Belgian Grand Prix,16.0,STR,35.467
Belgian Grand Prix,16.0,ALB,26.977
Belgian Grand Prix,16.0,GAS,32.419
Belgian Grand Prix,16.0,MAG,25.417
Belgian Grand Prix,16.0,BOT,33.327
Belgian Grand Prix,16.0,TSU,47.631
Belgian Grand Prix,16.0,SAR,38.921
Belgian Grand Prix,16.0,HUL,31.832
Belgian Grand Prix,16.0,RUS,12.621
Belgian Grand Prix,17.0,HAM,5.501
Belgian Grand Prix,17.0,PIA,10.025
Belgian Grand Prix,17.0,LEC,7.014
Belgian Grand Prix,17.0,VER,12.92
Belgian Grand Prix,17.0,NOR,17.259
Belgian Grand Prix,17.0,SAI,0.0
Belgian Grand Prix,17.0,PER,11.437
Belgian Grand Prix,17.0,ALO,30.023
Belgian Grand Prix,17.0,OCO,31.192
Belgian Grand Prix,17.0,RIC,29.066
Belgian Grand Prix,17.0,STR,36.347
Belgian Grand Prix,17.0,ALB,28.19
Belgian Grand Prix,17.0,GAS,33.423
Belgian Grand Prix,17.0,MAG,31.142
Belgian Grand Prix,17.0,BOT,34.671
Belgian Grand Prix,17.0,TSU,48.215
Belgian Grand Prix,17.0,SAR,40.917
Belgian Grand Prix,17.0,HUL,33.967
Belgian Grand Prix,17.0,RUS,12.25
Belgian Grand Prix,18.0,HAM,4.369
Belgian Grand Prix,18.0,PIA,9.136
Belgian Grand Prix,18.0,LEC,5.943
Belgian Grand Prix,18.0,VER,12.774000000000001
Belgian Grand Prix,18.0,NOR,16.36
Belgian Grand Prix,18.0,SAI,0.0
Belgian Grand Prix,18.0,PER,10.949
Belgian Grand Prix,18.0,ALO,30.943
Belgian Grand Prix,18.0,OCO,31.63
Belgian Grand Prix,18.0,RIC,29.997
Belgian Grand Prix,18.0,STR,37.115
Belgian Grand Prix,18.0,ALB,29.04
Belgian Grand Prix,18.0,GAS,34.432
Belgian Grand Prix,18.0,MAG,46.482
Belgian Grand Prix,18.0,BOT,36.02
Belgian Grand Prix,18.0,TSU,48.833
Belgian Grand Prix,18.0,SAR,42.689
Belgian Grand Prix,18.0,HUL,35.415
Belgian Grand Prix,18.0,RUS,11.764
Belgian Grand Prix,19.0,HAM,3.357
Belgian Grand Prix,19.0,PIA,8.317
Belgian Grand Prix,19.0,LEC,5.237
Belgian Grand Prix,19.0,VER,12.3
Belgian Grand Prix,19.0,NOR,15.357
Belgian Grand Prix,19.0,SAI,0.0
Belgian Grand Prix,19.0,PER,10.592
Belgian Grand Prix,19.0,ALO,31.682
Belgian Grand Prix,19.0,OCO,32.306
Belgian Grand Prix,19.0,RIC,30.821
Belgian Grand Prix,19.0,STR,38.149
Belgian Grand Prix,19.0,ALB,29.99
Belgian Grand Prix,19.0,GAS,35.331
Belgian Grand Prix,19.0,MAG,46.523
Belgian Grand Prix,19.0,BOT,36.288
Belgian Grand Prix,19.0,TSU,49.169
Belgian Grand Prix,19.0,SAR,44.201
Belgian Grand Prix,19.0,HUL,37.766
Belgian Grand Prix,19.0,RUS,11.211
Belgian Grand Prix,20.0,HAM,0.0
Belgian Grand Prix,20.0,PIA,4.898
Belgian Grand Prix,20.0,LEC,1.9220000000000002
Belgian Grand Prix,20.0,VER,9.84
Belgian Grand Prix,20.0,NOR,11.895
Belgian Grand Prix,20.0,SAI,2.124
Belgian Grand Prix,20.0,PER,8.661
Belgian Grand Prix,20.0,ALO,31.298
Belgian Grand Prix,20.0,OCO,30.211
Belgian Grand Prix,20.0,RIC,29.429
Belgian Grand Prix,20.0,STR,37.187
Belgian Grand Prix,20.0,ALB,28.631
Belgian Grand Prix,20.0,GAS,33.62
Belgian Grand Prix,20.0,MAG,44.886
Belgian Grand Prix,20.0,BOT,34.644
Belgian Grand Prix,20.0,TSU,47.196
Belgian Grand Prix,20.0,SAR,43.876
Belgian Grand Prix,20.0,HUL,40.991
Belgian Grand Prix,20.0,RUS,9.222
Belgian Grand Prix,21.0,HAM,0.0
Belgian Grand Prix,21.0,PIA,4.878
Belgian Grand Prix,21.0,LEC,1.9060000000000001
Belgian Grand Prix,21.0,VER,10.717
Belgian Grand Prix,21.0,NOR,11.762
Belgian Grand Prix,21.0,SAI,16.362
Belgian Grand Prix,21.0,PER,14.947
Belgian Grand Prix,21.0,ALO,33.097
Belgian Grand Prix,21.0,OCO,31.414
Belgian Grand Prix,21.0,RIC,35.42
Belgian Grand Prix,21.0,STR,38.37
Belgian Grand Prix,21.0,ALB,30.041
Belgian Grand Prix,21.0,GAS,35.284
Belgian Grand Prix,21.0,MAG,46.875
Belgian Grand Prix,21.0,BOT,36.229
Belgian Grand Prix,21.0,TSU,48.433
Belgian Grand Prix,21.0,SAR,46.352
Belgian Grand Prix,21.0,HUL,56.432
Belgian Grand Prix,21.0,RUS,8.589
Belgian Grand Prix,22.0,HAM,0.0
Belgian Grand Prix,22.0,PIA,4.689
Belgian Grand Prix,22.0,LEC,1.8940000000000001
Belgian Grand Prix,22.0,VER,10.797
Belgian Grand Prix,22.0,NOR,11.574
Belgian Grand Prix,22.0,SAI,15.922
Belgian Grand Prix,22.0,PER,28.41
Belgian Grand Prix,22.0,ALO,34.661
Belgian Grand Prix,22.0,OCO,32.474
Belgian Grand Prix,22.0,RIC,51.517
Belgian Grand Prix,22.0,STR,39.509
Belgian Grand Prix,22.0,ALB,31.715
Belgian Grand Prix,22.0,GAS,36.869
Belgian Grand Prix,22.0,MAG,48.696
Belgian Grand Prix,22.0,BOT,37.669
Belgian Grand Prix,22.0,TSU,51.868
Belgian Grand Prix,22.0,SAR,51.234
Belgian Grand Prix,22.0,HUL,57.357
Belgian Grand Prix,22.0,RUS,8.809
Belgian Grand Prix,23.0,HAM,0.0
Belgian Grand Prix,23.0,PIA,4.703
Belgian Grand Prix,23.0,LEC,2.005
Belgian Grand Prix,23.0,VER,10.953
Belgian Grand Prix,23.0,NOR,11.7
Belgian Grand Prix,23.0,SAI,16.015
Belgian Grand Prix,23.0,PER,27.295
Belgian Grand Prix,23.0,ALO,36.339
Belgian Grand Prix,23.0,OCO,33.787
Belgian Grand Prix,23.0,RIC,51.501
Belgian Grand Prix,23.0,STR,40.745
Belgian Grand Prix,23.0,ALB,37.676
Belgian Grand Prix,23.0,GAS,38.26
Belgian Grand Prix,23.0,MAG,49.73
Belgian Grand Prix,23.0,BOT,39.218
Belgian Grand Prix,23.0,TSU,54.615
Belgian Grand Prix,23.0,SAR,54.099
Belgian Grand Prix,23.0,HUL,59.082
Belgian Grand Prix,23.0,RUS,8.883
Belgian Grand Prix,24.0,HAM,0.0
Belgian Grand Prix,24.0,PIA,4.838
Belgian Grand Prix,24.0,LEC,2.421
Belgian Grand Prix,24.0,VER,11.079
Belgian Grand Prix,24.0,NOR,12.028
Belgian Grand Prix,24.0,SAI,15.802
Belgian Grand Prix,24.0,PER,27.089
Belgian Grand Prix,24.0,ALO,37.664
Belgian Grand Prix,24.0,OCO,34.504
Belgian Grand Prix,24.0,RIC,52.035
Belgian Grand Prix,24.0,STR,42.527
Belgian Grand Prix,24.0,ALB,52.807
Belgian Grand Prix,24.0,GAS,39.74
Belgian Grand Prix,24.0,MAG,50.91
Belgian Grand Prix,24.0,BOT,40.947
Belgian Grand Prix,24.0,TSU,57.683
Belgian Grand Prix,24.0,SAR,61.784
Belgian Grand Prix,24.0,HUL,61.487
Belgian Grand Prix,24.0,RUS,9.18
Belgian Grand Prix,25.0,HAM,0.0
Belgian Grand Prix,25.0,PIA,4.973
Belgian Grand Prix,25.0,LEC,6.934
Belgian Grand Prix,25.0,VER,11.155
Belgian Grand Prix,25.0,NOR,12.281
Belgian Grand Prix,25.0,SAI,16.191
Belgian Grand Prix,25.0,PER,26.911
Belgian Grand Prix,25.0,ALO,38.745
Belgian Grand Prix,25.0,OCO,35.404
Belgian Grand Prix,25.0,RIC,52.469
Belgian Grand Prix,25.0,STR,44.231
Belgian Grand Prix,25.0,ALB,53.137
Belgian Grand Prix,25.0,GAS,41.182
Belgian Grand Prix,25.0,MAG,51.926
Belgian Grand Prix,25.0,BOT,42.562
Belgian Grand Prix,25.0,TSU,58.973
Belgian Grand Prix,25.0,SAR,77.78
Belgian Grand Prix,25.0,HUL,63.142
Belgian Grand Prix,25.0,RUS,9.327
Belgian Grand Prix,26.0,HAM,0.0
Belgian Grand Prix,26.0,PIA,0.445
Belgian Grand Prix,26.0,LEC,16.859
Belgian Grand Prix,26.0,VER,6.923
Belgian Grand Prix,26.0,NOR,7.9030000000000005
Belgian Grand Prix,26.0,SAI,11.894
Belgian Grand Prix,26.0,PER,22.912
Belgian Grand Prix,26.0,ALO,35.952
Belgian Grand Prix,26.0,OCO,31.874
Belgian Grand Prix,26.0,RIC,48.651
Belgian Grand Prix,26.0,STR,41.712
Belgian Grand Prix,26.0,ALB,50.262
Belgian Grand Prix,26.0,GAS,38.471
Belgian Grand Prix,26.0,MAG,49.782
Belgian Grand Prix,26.0,BOT,40.106
Belgian Grand Prix,26.0,TSU,56.106
Belgian Grand Prix,26.0,SAR,73.815
Belgian Grand Prix,26.0,HUL,60.323
Belgian Grand Prix,26.0,RUS,5.039
Belgian Grand Prix,27.0,HAM,13.831
Belgian Grand Prix,27.0,PIA,0.0
Belgian Grand Prix,27.0,LEC,16.424
Belgian Grand Prix,27.0,VER,6.885
Belgian Grand Prix,27.0,NOR,7.949
Belgian Grand Prix,27.0,SAI,12.78
Belgian Grand Prix,27.0,PER,23.068
Belgian Grand Prix,27.0,ALO,37.55
Belgian Grand Prix,27.0,OCO,32.824
Belgian Grand Prix,27.0,RIC,49.905
Belgian Grand Prix,27.0,STR,43.863
Belgian Grand Prix,27.0,ALB,51.38
Belgian Grand Prix,27.0,GAS,40.394
Belgian Grand Prix,27.0,MAG,52.384
Belgian Grand Prix,27.0,BOT,42.037
Belgian Grand Prix,27.0,TSU,57.799
Belgian Grand Prix,27.0,SAR,75.11
Belgian Grand Prix,27.0,HUL,62.023
Belgian Grand Prix,27.0,RUS,5.277
Belgian Grand Prix,28.0,HAM,13.618
Belgian Grand Prix,28.0,PIA,0.0
Belgian Grand Prix,28.0,LEC,15.854
Belgian Grand Prix,28.0,VER,11.302
Belgian Grand Prix,28.0,NOR,7.877
Belgian Grand Prix,28.0,SAI,17.731
Belgian Grand Prix,28.0,PER,23.159
Belgian Grand Prix,28.0,ALO,38.981
Belgian Grand Prix,28.0,OCO,33.77
Belgian Grand Prix,28.0,RIC,50.727
Belgian Grand Prix,28.0,STR,45.593
Belgian Grand Prix,28.0,ALB,52.65
Belgian Grand Prix,28.0,GAS,46.5
Belgian Grand Prix,28.0,MAG,53.745
Belgian Grand Prix,28.0,BOT,43.999
Belgian Grand Prix,28.0,TSU,59.346
Belgian Grand Prix,28.0,SAR,76.635
Belgian Grand Prix,28.0,HUL,63.787
Belgian Grand Prix,28.0,RUS,5.333
Belgian Grand Prix,29.0,HAM,13.394
Belgian Grand Prix,29.0,PIA,0.0
Belgian Grand Prix,29.0,LEC,15.718
Belgian Grand Prix,29.0,VER,24.138
Belgian Grand Prix,29.0,NOR,12.005
Belgian Grand Prix,29.0,SAI,31.688
Belgian Grand Prix,29.0,PER,22.976
Belgian Grand Prix,29.0,ALO,40.625
Belgian Grand Prix,29.0,OCO,34.905
Belgian Grand Prix,29.0,RIC,51.587
Belgian Grand Prix,29.0,STR,47.062
Belgian Grand Prix,29.0,ALB,53.407
Belgian Grand Prix,29.0,GAS,61.387
Belgian Grand Prix,29.0,MAG,54.938
Belgian Grand Prix,29.0,BOT,45.703
Belgian Grand Prix,29.0,TSU,60.945
Belgian Grand Prix,29.0,SAR,77.892
Belgian Grand Prix,29.0,HUL,65.705
Belgian Grand Prix,29.0,RUS,5.44
Belgian Grand Prix,30.0,HAM,8.687
Belgian Grand Prix,30.0,PIA,0.0
Belgian Grand Prix,30.0,LEC,11.291
Belgian Grand Prix,30.0,VER,18.847
Belgian Grand Prix,30.0,NOR,20.529
Belgian Grand Prix,30.0,SAI,26.663
Belgian Grand Prix,30.0,PER,20.116
Belgian Grand Prix,30.0,ALO,37.759
Belgian Grand Prix,30.0,OCO,35.838
Belgian Grand Prix,30.0,RIC,48.07
Belgian Grand Prix,30.0,STR,44.173
Belgian Grand Prix,30.0,ALB,49.818
Belgian Grand Prix,30.0,GAS,57.067
Belgian Grand Prix,30.0,MAG,51.669
Belgian Grand Prix,30.0,BOT,42.731
Belgian Grand Prix,30.0,TSU,59.143
Belgian Grand Prix,30.0,SAR,74.813
Belgian Grand Prix,30.0,HUL,63.579
Belgian Grand Prix,30.0,RUS,1.33
Belgian Grand Prix,31.0,HAM,7.059
Belgian Grand Prix,31.0,PIA,12.614
Belgian Grand Prix,31.0,LEC,9.499
Belgian Grand Prix,31.0,VER,16.4
Belgian Grand Prix,31.0,NOR,17.282
Belgian Grand Prix,31.0,SAI,24.5
Belgian Grand Prix,31.0,PER,19.641
Belgian Grand Prix,31.0,ALO,37.906
Belgian Grand Prix,31.0,OCO,49.524
Belgian Grand Prix,31.0,RIC,47.497
Belgian Grand Prix,31.0,STR,44.291
Belgian Grand Prix,31.0,ALB,49.146
Belgian Grand Prix,31.0,GAS,56.41
Belgian Grand Prix,31.0,MAG,52.088
Belgian Grand Prix,31.0,BOT,42.864
Belgian Grand Prix,31.0,TSU,59.671
Belgian Grand Prix,31.0,SAR,74.495
Belgian Grand Prix,31.0,HUL,64.294
Belgian Grand Prix,31.0,RUS,0.0
Belgian Grand Prix,32.0,HAM,6.466
Belgian Grand Prix,32.0,PIA,10.858
Belgian Grand Prix,32.0,LEC,8.967
Belgian Grand Prix,32.0,VER,14.932
Belgian Grand Prix,32.0,NOR,15.903
Belgian Grand Prix,32.0,SAI,24.095
Belgian Grand Prix,32.0,PER,20.061
Belgian Grand Prix,32.0,ALO,39.231
Belgian Grand Prix,32.0,OCO,48.92
Belgian Grand Prix,32.0,RIC,47.784
Belgian Grand Prix,32.0,STR,45.56
Belgian Grand Prix,32.0,ALB,50.559
Belgian Grand Prix,32.0,GAS,57.027
Belgian Grand Prix,32.0,MAG,53.116
Belgian Grand Prix,32.0,BOT,44.219
Belgian Grand Prix,32.0,TSU,61.16
Belgian Grand Prix,32.0,SAR,75.412
Belgian Grand Prix,32.0,HUL,66.021
Belgian Grand Prix,32.0,RUS,0.0
Belgian Grand Prix,33.0,HAM,5.804
Belgian Grand Prix,33.0,PIA,9.808
Belgian Grand Prix,33.0,LEC,8.665
Belgian Grand Prix,33.0,VER,14.034
Belgian Grand Prix,33.0,NOR,15.243
Belgian Grand Prix,33.0,SAI,23.867
Belgian Grand Prix,33.0,PER,20.376
Belgian Grand Prix,33.0,ALO,40.561
Belgian Grand Prix,33.0,OCO,49.083
Belgian Grand Prix,33.0,RIC,48.344
Belgian Grand Prix,33.0,STR,47.09
Belgian Grand Prix,33.0,ALB,51.547
Belgian Grand Prix,33.0,GAS,57.723
Belgian Grand Prix,33.0,MAG,54.459
Belgian Grand Prix,33.0,BOT,45.708
Belgian Grand Prix,33.0,TSU,62.862
Belgian Grand Prix,33.0,SAR,76.562
Belgian Grand Prix,33.0,HUL,67.909
Belgian Grand Prix,33.0,RUS,0.0
Belgian Grand Prix,34.0,HAM,5.228
Belgian Grand Prix,34.0,PIA,8.904
Belgian Grand Prix,34.0,LEC,8.256
Belgian Grand Prix,34.0,VER,13.232
Belgian Grand Prix,34.0,NOR,14.399000000000001
Belgian Grand Prix,34.0,SAI,23.815
Belgian Grand Prix,34.0,PER,21.161
Belgian Grand Prix,34.0,ALO,42.108
Belgian Grand Prix,34.0,OCO,49.951
Belgian Grand Prix,34.0,RIC,49.324
Belgian Grand Prix,34.0,STR,48.793
Belgian Grand Prix,34.0,ALB,52.33
Belgian Grand Prix,34.0,GAS,58.181
Belgian Grand Prix,34.0,MAG,55.549
Belgian Grand Prix,34.0,BOT,47.788
Belgian Grand Prix,34.0,TSU,64.441
Belgian Grand Prix,34.0,SAR,77.549
Belgian Grand Prix,34.0,HUL,70.771
Belgian Grand Prix,34.0,RUS,0.0
Belgian Grand Prix,35.0,HAM,4.395
Belgian Grand Prix,35.0,PIA,9.654
Belgian Grand Prix,35.0,LEC,9.015
Belgian Grand Prix,35.0,VER,12.679
Belgian Grand Prix,35.0,NOR,13.612
Belgian Grand Prix,35.0,SAI,23.265
Belgian Grand Prix,35.0,PER,21.442
Belgian Grand Prix,35.0,ALO,43.128
Belgian Grand Prix,35.0,OCO,51.63
Belgian Grand Prix,35.0,RIC,51.187
Belgian Grand Prix,35.0,STR,50.528
Belgian Grand Prix,35.0,ALB,53.062
Belgian Grand Prix,35.0,GAS,58.477
Belgian Grand Prix,35.0,MAG,56.424
Belgian Grand Prix,35.0,BOT,53.51
Belgian Grand Prix,35.0,TSU,65.974
Belgian Grand Prix,35.0,SAR,78.128
Belgian Grand Prix,35.0,HUL,72.63
Belgian Grand Prix,35.0,RUS,0.0
Belgian Grand Prix,36.0,HAM,3.706
Belgian Grand Prix,36.0,PIA,9.213
Belgian Grand Prix,36.0,LEC,10.684
Belgian Grand Prix,36.0,VER,12.215
Belgian Grand Prix,36.0,NOR,12.798
Belgian Grand Prix,36.0,SAI,23.003
Belgian Grand Prix,36.0,PER,21.836
Belgian Grand Prix,36.0,ALO,44.235
Belgian Grand Prix,36.0,OCO,52.993
Belgian Grand Prix,36.0,RIC,52.427
Belgian Grand Prix,36.0,STR,51.881
Belgian Grand Prix,36.0,ALB,54.374
Belgian Grand Prix,36.0,GAS,59.098
Belgian Grand Prix,36.0,MAG,57.505
Belgian Grand Prix,36.0,BOT,68.082
Belgian Grand Prix,36.0,TSU,67.499
Belgian Grand Prix,36.0,SAR,78.881
Belgian Grand Prix,36.0,HUL,74.904
Belgian Grand Prix,36.0,RUS,0.0
Belgian Grand Prix,37.0,HAM,2.8289999999999997
Belgian Grand Prix,37.0,PIA,8.43
Belgian Grand Prix,37.0,LEC,10.366
Belgian Grand Prix,37.0,VER,11.496
Belgian Grand Prix,37.0,NOR,12.34
Belgian Grand Prix,37.0,SAI,22.806
Belgian Grand Prix,37.0,PER,21.974
Belgian Grand Prix,37.0,ALO,44.806
Belgian Grand Prix,37.0,OCO,54.685
Belgian Grand Prix,37.0,RIC,51.943
Belgian Grand Prix,37.0,STR,54.098
Belgian Grand Prix,37.0,ALB,55.252
Belgian Grand Prix,37.0,GAS,59.429
Belgian Grand Prix,37.0,MAG,58.502
Belgian Grand Prix,37.0,BOT,67.182
Belgian Grand Prix,37.0,TSU,69.584
Belgian Grand Prix,37.0,SAR,79.641
Belgian Grand Prix,37.0,HUL,76.464
Belgian Grand Prix,37.0,RUS,0.0
Belgian Grand Prix,38.0,HAM,1.976
Belgian Grand Prix,38.0,PIA,7.478
Belgian Grand Prix,38.0,LEC,9.908
Belgian Grand Prix,38.0,VER,11.073
Belgian Grand Prix,38.0,NOR,11.836
Belgian Grand Prix,38.0,SAI,22.764
Belgian Grand Prix,38.0,PER,22.157
Belgian Grand Prix,38.0,ALO,45.62
Belgian Grand Prix,38.0,OCO,54.043
Belgian Grand Prix,38.0,RIC,52.422
Belgian Grand Prix,38.0,STR,56.201
Belgian Grand Prix,38.0,ALB,56.757
Belgian Grand Prix,38.0,GAS,60.382
Belgian Grand Prix,38.0,MAG,59.644
Belgian Grand Prix,38.0,BOT,67.254
Belgian Grand Prix,38.0,TSU,70.948
Belgian Grand Prix,38.0,SAR,80.608
Belgian Grand Prix,38.0,HUL,78.27
Belgian Grand Prix,38.0,RUS,0.0
Belgian Grand Prix,39.0,HAM,1.234
Belgian Grand Prix,39.0,PIA,6.127
Belgian Grand Prix,39.0,LEC,9.651
Belgian Grand Prix,39.0,VER,10.521
Belgian Grand Prix,39.0,NOR,11.168
Belgian Grand Prix,39.0,SAI,22.288
Belgian Grand Prix,39.0,PER,23.633
Belgian Grand Prix,39.0,ALO,46.347
Belgian Grand Prix,39.0,OCO,53.472
Belgian Grand Prix,39.0,RIC,52.469
Belgian Grand Prix,39.0,STR,57.338
Belgian Grand Prix,39.0,ALB,57.913
Belgian Grand Prix,39.0,GAS,61.253
Belgian Grand Prix,39.0,MAG,60.754
Belgian Grand Prix,39.0,BOT,67.235
Belgian Grand Prix,39.0,TSU,71.919
Belgian Grand Prix,39.0,SAR,81.259
Belgian Grand Prix,39.0,HUL,79.93
Belgian Grand Prix,39.0,RUS,0.0
Belgian Grand Prix,40.0,HAM,0.728
Belgian Grand Prix,40.0,PIA,4.905
Belgian Grand Prix,40.0,LEC,9.374
Belgian Grand Prix,40.0,VER,10.117
Belgian Grand Prix,40.0,NOR,10.755
Belgian Grand Prix,40.0,SAI,21.954
Belgian Grand Prix,40.0,PER,23.898
Belgian Grand Prix,40.0,ALO,46.994
Belgian Grand Prix,40.0,OCO,53.205
Belgian Grand Prix,40.0,RIC,52.49
Belgian Grand Prix,40.0,STR,58.739
Belgian Grand Prix,40.0,ALB,59.379
Belgian Grand Prix,40.0,GAS,62.129
Belgian Grand Prix,40.0,MAG,61.739
Belgian Grand Prix,40.0,BOT,67.714
Belgian Grand Prix,40.0,TSU,73.048
Belgian Grand Prix,40.0,SAR,82.135
Belgian Grand Prix,40.0,HUL,81.333
Belgian Grand Prix,40.0,RUS,0.0
Belgian Grand Prix,41.0,HAM,0.596
Belgian Grand Prix,41.0,PIA,3.541
Belgian Grand Prix,41.0,LEC,9.08
Belgian Grand Prix,41.0,VER,9.717
Belgian Grand Prix,41.0,NOR,10.239
Belgian Grand Prix,41.0,SAI,21.426
Belgian Grand Prix,41.0,PER,23.984
Belgian Grand Prix,41.0,ALO,47.566
Belgian Grand Prix,41.0,OCO,52.771
Belgian Grand Prix,41.0,RIC,53.899
Belgian Grand Prix,41.0,STR,59.751
Belgian Grand Prix,41.0,ALB,60.357
Belgian Grand Prix,41.0,GAS,61.973
Belgian Grand Prix,41.0,MAG,63.636
Belgian Grand Prix,41.0,BOT,68.778
Belgian Grand Prix,41.0,TSU,73.861
Belgian Grand Prix,41.0,SAR,83.28
Belgian Grand Prix,41.0,HUL,82.71
Belgian Grand Prix,41.0,RUS,0.0
Belgian Grand Prix,42.0,HAM,0.518
Belgian Grand Prix,42.0,PIA,2.338
Belgian Grand Prix,42.0,LEC,8.831
Belgian Grand Prix,42.0,VER,9.639
Belgian Grand Prix,42.0,NOR,10.065
Belgian Grand Prix,42.0,SAI,20.932
Belgian Grand Prix,42.0,PER,29.385
Belgian Grand Prix,42.0,ALO,48.152
Belgian Grand Prix,42.0,OCO,52.481
Belgian Grand Prix,42.0,RIC,54.119
Belgian Grand Prix,42.0,STR,61.125
Belgian Grand Prix,42.0,ALB,61.79
Belgian Grand Prix,42.0,GAS,62.906
Belgian Grand Prix,42.0,MAG,65.04
Belgian Grand Prix,42.0,BOT,69.647
Belgian Grand Prix,42.0,TSU,74.97
Belgian Grand Prix,42.0,SAR,84.86
Belgian Grand Prix,42.0,HUL,84.319
Belgian Grand Prix,42.0,RUS,0.0
Belgian Grand Prix,43.0,HAM,0.605
Belgian Grand Prix,43.0,PIA,1.658
Belgian Grand Prix,43.0,LEC,8.600999999999999
Belgian Grand Prix,43.0,VER,9.44
Belgian Grand Prix,43.0,NOR,10.17
Belgian Grand Prix,43.0,SAI,20.544
Belgian Grand Prix,43.0,PER,45.607
Belgian Grand Prix,43.0,ALO,49.008
Belgian Grand Prix,43.0,OCO,52.137
Belgian Grand Prix,43.0,RIC,54.364
Belgian Grand Prix,43.0,STR,62.019
Belgian Grand Prix,43.0,ALB,62.768
Belgian Grand Prix,43.0,GAS,63.582
Belgian Grand Prix,43.0,MAG,65.896
Belgian Grand Prix,43.0,BOT,70.235
Belgian Grand Prix,43.0,TSU,75.881
Belgian Grand Prix,43.0,SAR,85.049
Belgian Grand Prix,43.0,HUL,86.992
Belgian Grand Prix,43.0,RUS,0.0
Belgian Grand Prix,44.0,HAM,0.526
Belgian Grand Prix,44.0,PIA,1.173
Belgian Grand Prix,44.0,LEC,8.549
Belgian Grand Prix,44.0,VER,9.226
Belgian Grand Prix,44.0,NOR,9.85
Belgian Grand Prix,44.0,SAI,19.795
Belgian Grand Prix,44.0,PER,43.195
Belgian Grand Prix,44.0,ALO,49.963
Belgian Grand Prix,44.0,OCO,52.552
Belgian Grand Prix,44.0,RIC,54.926
Belgian Grand Prix,44.0,STR,63.011
Belgian Grand Prix,44.0,ALB,63.651
Belgian Grand Prix,44.0,GAS,64.365
Belgian Grand Prix,44.0,MAG,66.631
Belgian Grand Prix,44.0,BOT,70.638
Belgian Grand Prix,44.0,TSU,76.737
Belgian Grand Prix,44.0,SAR,86.057
Belgian Grand Prix,44.0,HUL,88.833
Belgian Grand Prix,44.0,RUS,0.0
Dutch Grand Prix,1.0,NOR,0.963
Dutch Grand Prix,1.0,VER,0.0
Dutch Grand Prix,1.0,LEC,3.407
Dutch Grand Prix,1.0,PIA,2.723
Dutch Grand Prix,1.0,SAI,5.559
Dutch Grand Prix,1.0,PER,4.016
Dutch Grand Prix,1.0,RUS,1.814
Dutch Grand Prix,1.0,HAM,7.365
Dutch Grand Prix,1.0,GAS,4.739
Dutch Grand Prix,1.0,ALO,4.811
Dutch Grand Prix,1.0,HUL,6.517
Dutch Grand Prix,1.0,RIC,8.035
Dutch Grand Prix,1.0,STR,5.788
Dutch Grand Prix,1.0,ALB,8.62
Dutch Grand Prix,1.0,OCO,8.246
Dutch Grand Prix,1.0,SAR,9.175
Dutch Grand Prix,1.0,TSU,6.963
Dutch Grand Prix,1.0,MAG,10.857
Dutch Grand Prix,1.0,BOT,7.446
Dutch Grand Prix,1.0,ZHO,9.7
Dutch Grand Prix,2.0,NOR,0.991
Dutch Grand Prix,2.0,VER,0.0
Dutch Grand Prix,2.0,LEC,3.996
Dutch Grand Prix,2.0,PIA,2.857
Dutch Grand Prix,2.0,SAI,6.73
Dutch Grand Prix,2.0,PER,4.389
Dutch Grand Prix,2.0,RUS,2.097
Dutch Grand Prix,2.0,HAM,9.02
Dutch Grand Prix,2.0,GAS,5.529
Dutch Grand Prix,2.0,ALO,6.097
Dutch Grand Prix,2.0,HUL,7.872
Dutch Grand Prix,2.0,RIC,11.04
Dutch Grand Prix,2.0,STR,7.195
Dutch Grand Prix,2.0,ALB,11.628
Dutch Grand Prix,2.0,OCO,11.369
Dutch Grand Prix,2.0,SAR,12.1
Dutch Grand Prix,2.0,TSU,9.638
Dutch Grand Prix,2.0,MAG,12.238
Dutch Grand Prix,2.0,BOT,9.743
Dutch Grand Prix,2.0,ZHO,12.932
Dutch Grand Prix,3.0,NOR,1.3559999999999999
Dutch Grand Prix,3.0,VER,0.0
Dutch Grand Prix,3.0,LEC,4.34
Dutch Grand Prix,3.0,PIA,2.99
Dutch Grand Prix,3.0,SAI,7.474
Dutch Grand Prix,3.0,PER,4.679
Dutch Grand Prix,3.0,RUS,2.498
Dutch Grand Prix,3.0,HAM,9.378
Dutch Grand Prix,3.0,GAS,6.312
Dutch Grand Prix,3.0,ALO,6.8309999999999995
Dutch Grand Prix,3.0,HUL,8.988
Dutch Grand Prix,3.0,RIC,12.576
Dutch Grand Prix,3.0,STR,8.242
Dutch Grand Prix,3.0,ALB,13.568999999999999
Dutch Grand Prix,3.0,OCO,13.006
Dutch Grand Prix,3.0,SAR,14.308
Dutch Grand Prix,3.0,TSU,10.716
Dutch Grand Prix,3.0,MAG,19.573
Dutch Grand Prix,3.0,BOT,12.0
Dutch Grand Prix,3.0,ZHO,15.004
Dutch Grand Prix,4.0,NOR,1.228
Dutch Grand Prix,4.0,VER,0.0
Dutch Grand Prix,4.0,LEC,4.039
Dutch Grand Prix,4.0,PIA,3.2359999999999998
Dutch Grand Prix,4.0,SAI,7.865
Dutch Grand Prix,4.0,PER,4.813
Dutch Grand Prix,4.0,RUS,2.699
Dutch Grand Prix,4.0,HAM,9.92
Dutch Grand Prix,4.0,GAS,6.814
Dutch Grand Prix,4.0,ALO,7.06
Dutch Grand Prix,4.0,HUL,9.596
Dutch Grand Prix,4.0,RIC,13.546
Dutch Grand Prix,4.0,STR,8.588
Dutch Grand Prix,4.0,ALB,14.884
Dutch Grand Prix,4.0,OCO,14.245
Dutch Grand Prix,4.0,SAR,15.812
Dutch Grand Prix,4.0,TSU,11.241
Dutch Grand Prix,4.0,MAG,19.504
Dutch Grand Prix,4.0,BOT,12.786
Dutch Grand Prix,4.0,ZHO,16.68
Dutch Grand Prix,5.0,NOR,1.318
Dutch Grand Prix,5.0,VER,0.0
Dutch Grand Prix,5.0,LEC,4.664
Dutch Grand Prix,5.0,PIA,3.815
Dutch Grand Prix,5.0,SAI,8.646
Dutch Grand Prix,5.0,PER,5.379
Dutch Grand Prix,5.0,RUS,3.08
Dutch Grand Prix,5.0,HAM,10.593
Dutch Grand Prix,5.0,GAS,7.368
Dutch Grand Prix,5.0,ALO,8.014
Dutch Grand Prix,5.0,HUL,10.172
Dutch Grand Prix,5.0,RIC,14.48
Dutch Grand Prix,5.0,STR,9.343
Dutch Grand Prix,5.0,ALB,16.141
Dutch Grand Prix,5.0,OCO,15.391
Dutch Grand Prix,5.0,SAR,17.118
Dutch Grand Prix,5.0,TSU,11.611
Dutch Grand Prix,5.0,MAG,20.192
Dutch Grand Prix,5.0,BOT,13.948
Dutch Grand Prix,5.0,ZHO,18.665
Dutch Grand Prix,6.0,NOR,1.388
Dutch Grand Prix,6.0,VER,0.0
Dutch Grand Prix,6.0,LEC,5.074
Dutch Grand Prix,6.0,PIA,4.188
Dutch Grand Prix,6.0,SAI,9.067
Dutch Grand Prix,6.0,PER,5.61
Dutch Grand Prix,6.0,RUS,3.373
Dutch Grand Prix,6.0,HAM,11.032
Dutch Grand Prix,6.0,GAS,7.764
Dutch Grand Prix,6.0,ALO,8.559
Dutch Grand Prix,6.0,HUL,10.748
Dutch Grand Prix,6.0,RIC,15.401
Dutch Grand Prix,6.0,STR,10.075
Dutch Grand Prix,6.0,ALB,16.945
Dutch Grand Prix,6.0,OCO,16.703
Dutch Grand Prix,6.0,SAR,18.623
Dutch Grand Prix,6.0,TSU,12.676
Dutch Grand Prix,6.0,MAG,20.955
Dutch Grand Prix,6.0,BOT,14.675
Dutch Grand Prix,6.0,ZHO,20.491
Dutch Grand Prix,7.0,NOR,1.502
Dutch Grand Prix,7.0,VER,0.0
Dutch Grand Prix,7.0,LEC,5.43
Dutch Grand Prix,7.0,PIA,4.861
Dutch Grand Prix,7.0,SAI,9.634
Dutch Grand Prix,7.0,PER,6.191
Dutch Grand Prix,7.0,RUS,3.6879999999999997
Dutch Grand Prix,7.0,HAM,11.814
Dutch Grand Prix,7.0,GAS,8.396
Dutch Grand Prix,7.0,ALO,9.445
Dutch Grand Prix,7.0,HUL,11.506
Dutch Grand Prix,7.0,RIC,16.567
Dutch Grand Prix,7.0,STR,11.147
Dutch Grand Prix,7.0,ALB,18.222
Dutch Grand Prix,7.0,OCO,17.526
Dutch Grand Prix,7.0,SAR,20.24
Dutch Grand Prix,7.0,TSU,13.662
Dutch Grand Prix,7.0,MAG,22.732
Dutch Grand Prix,7.0,BOT,15.833
Dutch Grand Prix,7.0,ZHO,22.542
Dutch Grand Prix,8.0,NOR,1.324
Dutch Grand Prix,8.0,VER,0.0
Dutch Grand Prix,8.0,LEC,5.624
Dutch Grand Prix,8.0,PIA,5.173
Dutch Grand Prix,8.0,SAI,9.491
Dutch Grand Prix,8.0,PER,6.951
Dutch Grand Prix,8.0,RUS,3.961
Dutch Grand Prix,8.0,HAM,12.938
Dutch Grand Prix,8.0,GAS,9.13
Dutch Grand Prix,8.0,ALO,11.093
Dutch Grand Prix,8.0,HUL,12.575
Dutch Grand Prix,8.0,RIC,17.59
Dutch Grand Prix,8.0,STR,11.723
Dutch Grand Prix,8.0,ALB,19.141
Dutch Grand Prix,8.0,OCO,18.878
Dutch Grand Prix,8.0,SAR,21.482
Dutch Grand Prix,8.0,TSU,14.396
Dutch Grand Prix,8.0,MAG,23.532
Dutch Grand Prix,8.0,BOT,16.69
Dutch Grand Prix,8.0,ZHO,24.759
Dutch Grand Prix,9.0,NOR,1.549
Dutch Grand Prix,9.0,VER,0.0
Dutch Grand Prix,9.0,LEC,6.102
Dutch Grand Prix,9.0,PIA,5.7379999999999995
Dutch Grand Prix,9.0,SAI,10.075
Dutch Grand Prix,9.0,PER,7.5969999999999995
Dutch Grand Prix,9.0,RUS,4.329
Dutch Grand Prix,9.0,HAM,13.834
Dutch Grand Prix,9.0,GAS,9.787
Dutch Grand Prix,9.0,ALO,12.289
Dutch Grand Prix,9.0,HUL,13.696
Dutch Grand Prix,9.0,RIC,18.832
Dutch Grand Prix,9.0,STR,12.925
Dutch Grand Prix,9.0,ALB,20.787
Dutch Grand Prix,9.0,OCO,19.91
Dutch Grand Prix,9.0,SAR,23.159
Dutch Grand Prix,9.0,TSU,15.671
Dutch Grand Prix,9.0,MAG,24.774
Dutch Grand Prix,9.0,BOT,18.184
Dutch Grand Prix,9.0,ZHO,26.536
Dutch Grand Prix,10.0,NOR,1.3860000000000001
Dutch Grand Prix,10.0,VER,0.0
Dutch Grand Prix,10.0,LEC,6.261
Dutch Grand Prix,10.0,PIA,5.795
Dutch Grand Prix,10.0,SAI,10.456
Dutch Grand Prix,10.0,PER,7.85
Dutch Grand Prix,10.0,RUS,4.599
Dutch Grand Prix,10.0,HAM,14.285
Dutch Grand Prix,10.0,GAS,10.297
Dutch Grand Prix,10.0,ALO,13.362
Dutch Grand Prix,10.0,HUL,15.235
Dutch Grand Prix,10.0,RIC,20.022
Dutch Grand Prix,10.0,STR,13.804
Dutch Grand Prix,10.0,ALB,21.623
Dutch Grand Prix,10.0,OCO,21.207
Dutch Grand Prix,10.0,SAR,24.547
Dutch Grand Prix,10.0,TSU,16.588
Dutch Grand Prix,10.0,MAG,25.873
Dutch Grand Prix,10.0,BOT,19.306
Dutch Grand Prix,10.0,ZHO,28.235
Dutch Grand Prix,11.0,NOR,1.329
Dutch Grand Prix,11.0,VER,0.0
Dutch Grand Prix,11.0,LEC,6.414
Dutch Grand Prix,11.0,PIA,5.955
Dutch Grand Prix,11.0,SAI,11.951
Dutch Grand Prix,11.0,PER,7.893
Dutch Grand Prix,11.0,RUS,4.605
Dutch Grand Prix,11.0,HAM,15.542
Dutch Grand Prix,11.0,GAS,13.401
Dutch Grand Prix,11.0,ALO,14.674
Dutch Grand Prix,11.0,HUL,16.589
Dutch Grand Prix,11.0,RIC,21.27
Dutch Grand Prix,11.0,STR,15.181
Dutch Grand Prix,11.0,ALB,22.69
Dutch Grand Prix,11.0,OCO,22.231
Dutch Grand Prix,11.0,SAR,25.611
Dutch Grand Prix,11.0,TSU,17.549
Dutch Grand Prix,11.0,MAG,26.829
Dutch Grand Prix,11.0,BOT,20.485
Dutch Grand Prix,11.0,ZHO,29.729
Dutch Grand Prix,12.0,NOR,0.991
Dutch Grand Prix,12.0,VER,0.0
Dutch Grand Prix,12.0,LEC,6.388
Dutch Grand Prix,12.0,PIA,5.88
Dutch Grand Prix,12.0,SAI,11.993
Dutch Grand Prix,12.0,PER,7.742
Dutch Grand Prix,12.0,RUS,4.45
Dutch Grand Prix,12.0,HAM,16.854
Dutch Grand Prix,12.0,GAS,14.238
Dutch Grand Prix,12.0,ALO,15.645
Dutch Grand Prix,12.0,HUL,17.678
Dutch Grand Prix,12.0,RIC,22.346
Dutch Grand Prix,12.0,STR,16.32
Dutch Grand Prix,12.0,ALB,26.993
Dutch Grand Prix,12.0,OCO,23.371
Dutch Grand Prix,12.0,SAR,26.673000000000002
Dutch Grand Prix,12.0,TSU,18.638
Dutch Grand Prix,12.0,MAG,27.95
Dutch Grand Prix,12.0,BOT,21.788
Dutch Grand Prix,12.0,ZHO,31.305
Dutch Grand Prix,13.0,NOR,0.895
Dutch Grand Prix,13.0,VER,0.0
Dutch Grand Prix,13.0,LEC,6.681
Dutch Grand Prix,13.0,PIA,6.056
Dutch Grand Prix,13.0,SAI,12.179
Dutch Grand Prix,13.0,PER,8.003
Dutch Grand Prix,13.0,RUS,4.758
Dutch Grand Prix,13.0,HAM,17.898
Dutch Grand Prix,13.0,GAS,14.861
Dutch Grand Prix,13.0,ALO,16.419
Dutch Grand Prix,13.0,HUL,19.044
Dutch Grand Prix,13.0,RIC,24.12
Dutch Grand Prix,13.0,STR,17.819
Dutch Grand Prix,13.0,ALB,46.039
Dutch Grand Prix,13.0,OCO,24.959
Dutch Grand Prix,13.0,SAR,27.783
Dutch Grand Prix,13.0,TSU,20.109
Dutch Grand Prix,13.0,MAG,28.514
Dutch Grand Prix,13.0,BOT,23.453
Dutch Grand Prix,13.0,ZHO,32.797
Dutch Grand Prix,14.0,NOR,0.899
Dutch Grand Prix,14.0,VER,0.0
Dutch Grand Prix,14.0,LEC,6.573
Dutch Grand Prix,14.0,PIA,6.061
Dutch Grand Prix,14.0,SAI,12.364
Dutch Grand Prix,14.0,PER,8.245
Dutch Grand Prix,14.0,RUS,4.604
Dutch Grand Prix,14.0,HAM,18.051
Dutch Grand Prix,14.0,GAS,15.324
Dutch Grand Prix,14.0,ALO,17.223
Dutch Grand Prix,14.0,HUL,23.917
Dutch Grand Prix,14.0,RIC,25.353
Dutch Grand Prix,14.0,STR,19.723
Dutch Grand Prix,14.0,ALB,45.84
Dutch Grand Prix,14.0,OCO,26.228
Dutch Grand Prix,14.0,SAR,28.859
Dutch Grand Prix,14.0,TSU,24.825
Dutch Grand Prix,14.0,MAG,29.268
Dutch Grand Prix,14.0,BOT,25.079
Dutch Grand Prix,14.0,ZHO,34.787
Dutch Grand Prix,15.0,NOR,0.904
Dutch Grand Prix,15.0,VER,0.0
Dutch Grand Prix,15.0,LEC,6.721
Dutch Grand Prix,15.0,PIA,6.221
Dutch Grand Prix,15.0,SAI,12.489
Dutch Grand Prix,15.0,PER,8.604
Dutch Grand Prix,15.0,RUS,4.718
Dutch Grand Prix,15.0,HAM,18.515
Dutch Grand Prix,15.0,GAS,16.222
Dutch Grand Prix,15.0,ALO,18.288
Dutch Grand Prix,15.0,HUL,42.9
Dutch Grand Prix,15.0,RIC,26.575
Dutch Grand Prix,15.0,STR,21.034
Dutch Grand Prix,15.0,ALB,45.138
Dutch Grand Prix,15.0,OCO,28.862
Dutch Grand Prix,15.0,SAR,30.171
Dutch Grand Prix,15.0,TSU,44.464
Dutch Grand Prix,15.0,MAG,30.605
Dutch Grand Prix,15.0,BOT,31.706
Dutch Grand Prix,15.0,ZHO,36.518
Dutch Grand Prix,16.0,NOR,0.358
Dutch Grand Prix,16.0,VER,0.0
Dutch Grand Prix,16.0,LEC,6.977
Dutch Grand Prix,16.0,PIA,6.37
Dutch Grand Prix,16.0,SAI,12.73
Dutch Grand Prix,16.0,PER,8.941
Dutch Grand Prix,16.0,RUS,4.74
Dutch Grand Prix,16.0,HAM,18.972
Dutch Grand Prix,16.0,GAS,16.962
Dutch Grand Prix,16.0,ALO,20.499
Dutch Grand Prix,16.0,HUL,42.597
Dutch Grand Prix,16.0,RIC,27.51
Dutch Grand Prix,16.0,STR,22.646
Dutch Grand Prix,16.0,ALB,44.91
Dutch Grand Prix,16.0,OCO,30.293
Dutch Grand Prix,16.0,SAR,31.776
Dutch Grand Prix,16.0,TSU,43.781
Dutch Grand Prix,16.0,MAG,31.958
Dutch Grand Prix,16.0,BOT,51.319
Dutch Grand Prix,16.0,ZHO,38.517
Dutch Grand Prix,17.0,NOR,0.139
Dutch Grand Prix,17.0,VER,0.0
Dutch Grand Prix,17.0,LEC,7.042
Dutch Grand Prix,17.0,PIA,6.414
Dutch Grand Prix,17.0,SAI,12.806000000000001
Dutch Grand Prix,17.0,PER,9.104
Dutch Grand Prix,17.0,RUS,4.701
Dutch Grand Prix,17.0,HAM,19.519
Dutch Grand Prix,17.0,GAS,17.919
Dutch Grand Prix,17.0,ALO,21.703
Dutch Grand Prix,17.0,HUL,42.496
Dutch Grand Prix,17.0,RIC,28.695
Dutch Grand Prix,17.0,STR,23.812
Dutch Grand Prix,17.0,ALB,45.228
Dutch Grand Prix,17.0,OCO,31.825
Dutch Grand Prix,17.0,SAR,34.656
Dutch Grand Prix,17.0,TSU,43.207
Dutch Grand Prix,17.0,MAG,33.621
Dutch Grand Prix,17.0,BOT,51.088
Dutch Grand Prix,17.0,ZHO,40.407
Dutch Grand Prix,18.0,NOR,0.0
Dutch Grand Prix,18.0,VER,0.696
Dutch Grand Prix,18.0,LEC,7.254
Dutch Grand Prix,18.0,PIA,6.702
Dutch Grand Prix,18.0,SAI,12.775
Dutch Grand Prix,18.0,PER,9.63
Dutch Grand Prix,18.0,RUS,5.078
Dutch Grand Prix,18.0,HAM,19.935
Dutch Grand Prix,18.0,GAS,18.79
Dutch Grand Prix,18.0,ALO,22.976
Dutch Grand Prix,18.0,HUL,42.357
Dutch Grand Prix,18.0,RIC,29.791
Dutch Grand Prix,18.0,STR,24.887
Dutch Grand Prix,18.0,ALB,45.624
Dutch Grand Prix,18.0,OCO,33.268
Dutch Grand Prix,18.0,SAR,36.462
Dutch Grand Prix,18.0,TSU,43.264
Dutch Grand Prix,18.0,MAG,34.965
Dutch Grand Prix,18.0,BOT,51.282
Dutch Grand Prix,18.0,ZHO,45.96
Dutch Grand Prix,19.0,NOR,0.0
Dutch Grand Prix,19.0,VER,0.743
Dutch Grand Prix,19.0,LEC,7.873
Dutch Grand Prix,19.0,PIA,7.318
Dutch Grand Prix,19.0,SAI,13.523
Dutch Grand Prix,19.0,PER,10.354
Dutch Grand Prix,19.0,RUS,5.751
Dutch Grand Prix,19.0,HAM,20.779
Dutch Grand Prix,19.0,GAS,19.925
Dutch Grand Prix,19.0,ALO,24.413
Dutch Grand Prix,19.0,HUL,42.325
Dutch Grand Prix,19.0,RIC,31.009
Dutch Grand Prix,19.0,STR,26.596
Dutch Grand Prix,19.0,ALB,47.258
Dutch Grand Prix,19.0,OCO,35.074
Dutch Grand Prix,19.0,SAR,38.598
Dutch Grand Prix,19.0,TSU,43.656
Dutch Grand Prix,19.0,MAG,36.424
Dutch Grand Prix,19.0,BOT,51.965
Dutch Grand Prix,19.0,ZHO,67.665
Dutch Grand Prix,20.0,NOR,0.0
Dutch Grand Prix,20.0,VER,1.325
Dutch Grand Prix,20.0,LEC,8.221
Dutch Grand Prix,20.0,PIA,7.606
Dutch Grand Prix,20.0,SAI,14.125
Dutch Grand Prix,20.0,PER,10.84
Dutch Grand Prix,20.0,RUS,6.339
Dutch Grand Prix,20.0,HAM,21.422
Dutch Grand Prix,20.0,GAS,21.017
Dutch Grand Prix,20.0,ALO,25.185
Dutch Grand Prix,20.0,HUL,42.235
Dutch Grand Prix,20.0,RIC,32.284
Dutch Grand Prix,20.0,STR,27.932
Dutch Grand Prix,20.0,ALB,49.854
Dutch Grand Prix,20.0,OCO,36.549
Dutch Grand Prix,20.0,SAR,40.575
Dutch Grand Prix,20.0,TSU,43.949
Dutch Grand Prix,20.0,MAG,37.653
Dutch Grand Prix,20.0,BOT,52.82
Dutch Grand Prix,20.0,ZHO,68.43
Dutch Grand Prix,21.0,NOR,0.0
Dutch Grand Prix,21.0,VER,2.012
Dutch Grand Prix,21.0,LEC,8.775
Dutch Grand Prix,21.0,PIA,8.411
Dutch Grand Prix,21.0,SAI,14.679
Dutch Grand Prix,21.0,PER,11.64
Dutch Grand Prix,21.0,RUS,7.251
Dutch Grand Prix,21.0,HAM,22.819
Dutch Grand Prix,21.0,GAS,22.553
Dutch Grand Prix,21.0,ALO,26.419
Dutch Grand Prix,21.0,HUL,42.787
Dutch Grand Prix,21.0,RIC,34.174
Dutch Grand Prix,21.0,STR,29.356
Dutch Grand Prix,21.0,ALB,50.526
Dutch Grand Prix,21.0,OCO,38.413
Dutch Grand Prix,21.0,SAR,42.559
Dutch Grand Prix,21.0,TSU,44.627
Dutch Grand Prix,21.0,MAG,38.572
Dutch Grand Prix,21.0,BOT,53.938
Dutch Grand Prix,21.0,ZHO,69.416
Dutch Grand Prix,22.0,NOR,0.0
Dutch Grand Prix,22.0,VER,2.627
Dutch Grand Prix,22.0,LEC,9.729
Dutch Grand Prix,22.0,PIA,9.462
Dutch Grand Prix,22.0,SAI,15.443
Dutch Grand Prix,22.0,PER,12.528
Dutch Grand Prix,22.0,RUS,8.188
Dutch Grand Prix,22.0,HAM,24.894
Dutch Grand Prix,22.0,GAS,23.997
Dutch Grand Prix,22.0,ALO,27.761
Dutch Grand Prix,22.0,HUL,44.044
Dutch Grand Prix,22.0,RIC,35.541
Dutch Grand Prix,22.0,STR,30.911
Dutch Grand Prix,22.0,ALB,50.914
Dutch Grand Prix,22.0,OCO,41.022
Dutch Grand Prix,22.0,SAR,49.998
Dutch Grand Prix,22.0,TSU,46.154
Dutch Grand Prix,22.0,MAG,40.234
Dutch Grand Prix,22.0,BOT,54.836
Dutch Grand Prix,22.0,ZHO,70.346
Dutch Grand Prix,23.0,NOR,0.0
Dutch Grand Prix,23.0,VER,3.429
Dutch Grand Prix,23.0,LEC,10.673
Dutch Grand Prix,23.0,PIA,10.401
Dutch Grand Prix,23.0,SAI,16.326
Dutch Grand Prix,23.0,PER,13.747
Dutch Grand Prix,23.0,RUS,9.159
Dutch Grand Prix,23.0,HAM,29.784
Dutch Grand Prix,23.0,GAS,25.303
Dutch Grand Prix,23.0,ALO,29.807
Dutch Grand Prix,23.0,HUL,44.918
Dutch Grand Prix,23.0,RIC,37.169
Dutch Grand Prix,23.0,STR,32.429
Dutch Grand Prix,23.0,ALB,51.306
Dutch Grand Prix,23.0,OCO,43.113
Dutch Grand Prix,23.0,SAR,70.551
Dutch Grand Prix,23.0,TSU,47.259
Dutch Grand Prix,23.0,MAG,41.394
Dutch Grand Prix,23.0,BOT,55.733
Dutch Grand Prix,23.0,ZHO,71.857
Dutch Grand Prix,24.0,NOR,0.0
Dutch Grand Prix,24.0,VER,4.067
Dutch Grand Prix,24.0,LEC,14.928
Dutch Grand Prix,24.0,PIA,11.507
Dutch Grand Prix,24.0,SAI,17.368
Dutch Grand Prix,24.0,PER,15.125
Dutch Grand Prix,24.0,RUS,10.428
Dutch Grand Prix,24.0,HAM,48.364
Dutch Grand Prix,24.0,GAS,26.527
Dutch Grand Prix,24.0,ALO,31.121
Dutch Grand Prix,24.0,HUL,45.878
Dutch Grand Prix,24.0,RIC,38.706
Dutch Grand Prix,24.0,STR,34.216
Dutch Grand Prix,24.0,ALB,51.931
Dutch Grand Prix,24.0,OCO,44.919
Dutch Grand Prix,24.0,SAR,70.573
Dutch Grand Prix,24.0,TSU,48.341
Dutch Grand Prix,24.0,MAG,42.693
Dutch Grand Prix,24.0,BOT,56.635
Dutch Grand Prix,24.0,ZHO,72.608
Dutch Grand Prix,25.0,NOR,0.0
Dutch Grand Prix,25.0,VER,5.01
Dutch Grand Prix,25.0,LEC,32.458
Dutch Grand Prix,25.0,PIA,12.206
Dutch Grand Prix,25.0,SAI,18.149
Dutch Grand Prix,25.0,PER,15.848
Dutch Grand Prix,25.0,RUS,13.897
Dutch Grand Prix,25.0,HAM,48.38
Dutch Grand Prix,25.0,GAS,27.87
Dutch Grand Prix,25.0,ALO,32.568
Dutch Grand Prix,25.0,HUL,46.556
Dutch Grand Prix,25.0,RIC,40.245
Dutch Grand Prix,25.0,STR,36.089
Dutch Grand Prix,25.0,ALB,52.712
Dutch Grand Prix,25.0,OCO,46.627
Dutch Grand Prix,25.0,SAR,70.72
Dutch Grand Prix,25.0,TSU,50.51
Dutch Grand Prix,25.0,MAG,43.733
Dutch Grand Prix,25.0,BOT,57.818
Dutch Grand Prix,25.0,ZHO,73.676
Dutch Grand Prix,26.0,NOR,0.0
Dutch Grand Prix,26.0,VER,5.654
Dutch Grand Prix,26.0,LEC,32.341
Dutch Grand Prix,26.0,PIA,12.395
Dutch Grand Prix,26.0,SAI,18.596
Dutch Grand Prix,26.0,PER,16.48
Dutch Grand Prix,26.0,RUS,33.835
Dutch Grand Prix,26.0,HAM,48.94
Dutch Grand Prix,26.0,GAS,28.969
Dutch Grand Prix,26.0,ALO,34.707
Dutch Grand Prix,26.0,HUL,47.417
Dutch Grand Prix,26.0,RIC,41.554
Dutch Grand Prix,26.0,STR,37.844
Dutch Grand Prix,26.0,ALB,53.196
Dutch Grand Prix,26.0,OCO,48.92
Dutch Grand Prix,26.0,SAR,70.386
Dutch Grand Prix,26.0,TSU,51.453
Dutch Grand Prix,26.0,MAG,44.742
Dutch Grand Prix,26.0,BOT,58.744
Dutch Grand Prix,26.0,ZHO,74.203
Dutch Grand Prix,27.0,NOR,0.0
Dutch Grand Prix,27.0,VER,9.8
Dutch Grand Prix,27.0,LEC,31.62
Dutch Grand Prix,27.0,PIA,12.588
Dutch Grand Prix,27.0,SAI,19.446
Dutch Grand Prix,27.0,PER,17.097
Dutch Grand Prix,27.0,RUS,32.623
Dutch Grand Prix,27.0,HAM,48.946
Dutch Grand Prix,27.0,GAS,29.982
Dutch Grand Prix,27.0,ALO,36.137
Dutch Grand Prix,27.0,HUL,47.846
Dutch Grand Prix,27.0,RIC,42.919
Dutch Grand Prix,27.0,STR,39.514
Dutch Grand Prix,27.0,ALB,53.968
Dutch Grand Prix,27.0,OCO,51.275
Dutch Grand Prix,27.0,SAR,70.528
Dutch Grand Prix,27.0,TSU,52.882
Dutch Grand Prix,27.0,MAG,45.736
Dutch Grand Prix,27.0,BOT,59.813
Dutch Grand Prix,27.0,ZHO,76.649
Dutch Grand Prix,28.0,NOR,0.0
Dutch Grand Prix,28.0,VER,25.133
Dutch Grand Prix,28.0,LEC,28.231
Dutch Grand Prix,28.0,PIA,9.279
Dutch Grand Prix,28.0,SAI,16.591
Dutch Grand Prix,28.0,PER,14.426
Dutch Grand Prix,28.0,RUS,29.13
Dutch Grand Prix,28.0,HAM,45.663
Dutch Grand Prix,28.0,GAS,28.257
Dutch Grand Prix,28.0,ALO,34.113
Dutch Grand Prix,28.0,HUL,45.454
Dutch Grand Prix,28.0,RIC,41.578
Dutch Grand Prix,28.0,STR,38.276
Dutch Grand Prix,28.0,ALB,51.369
Dutch Grand Prix,28.0,OCO,49.855
Dutch Grand Prix,28.0,SAR,67.162
Dutch Grand Prix,28.0,TSU,50.994
Dutch Grand Prix,28.0,MAG,43.577
Dutch Grand Prix,28.0,BOT,57.793
Dutch Grand Prix,28.0,ZHO,73.964
Dutch Grand Prix,29.0,NOR,9.804
Dutch Grand Prix,29.0,VER,14.828
Dutch Grand Prix,29.0,LEC,18.447
Dutch Grand Prix,29.0,PIA,0.0
Dutch Grand Prix,29.0,SAI,7.811
Dutch Grand Prix,29.0,PER,9.263
Dutch Grand Prix,29.0,RUS,21.236
Dutch Grand Prix,29.0,HAM,35.774
Dutch Grand Prix,29.0,GAS,22.055
Dutch Grand Prix,29.0,ALO,26.224
Dutch Grand Prix,29.0,HUL,37.654
Dutch Grand Prix,29.0,RIC,37.853
Dutch Grand Prix,29.0,STR,30.889
Dutch Grand Prix,29.0,ALB,43.351
Dutch Grand Prix,29.0,OCO,42.19
Dutch Grand Prix,29.0,SAR,57.855
Dutch Grand Prix,29.0,TSU,42.504
Dutch Grand Prix,29.0,MAG,35.767
Dutch Grand Prix,29.0,BOT,49.7
Dutch Grand Prix,29.0,ZHO,65.766
Dutch Grand Prix,30.0,NOR,8.286
Dutch Grand Prix,30.0,VER,13.491
Dutch Grand Prix,30.0,LEC,17.606
Dutch Grand Prix,30.0,PIA,0.0
Dutch Grand Prix,30.0,SAI,11.395
Dutch Grand Prix,30.0,PER,29.711
Dutch Grand Prix,30.0,RUS,20.81
Dutch Grand Prix,30.0,HAM,35.12
Dutch Grand Prix,30.0,GAS,23.718
Dutch Grand Prix,30.0,ALO,27.386
Dutch Grand Prix,30.0,HUL,38.304
Dutch Grand Prix,30.0,RIC,57.688
Dutch Grand Prix,30.0,STR,35.375
Dutch Grand Prix,30.0,ALB,44.431
Dutch Grand Prix,30.0,OCO,47.205
Dutch Grand Prix,30.0,SAR,58.697
Dutch Grand Prix,30.0,TSU,43.829
Dutch Grand Prix,30.0,MAG,37.34
Dutch Grand Prix,30.0,BOT,50.645
Dutch Grand Prix,30.0,ZHO,66.54
Dutch Grand Prix,31.0,NOR,6.095
Dutch Grand Prix,31.0,VER,12.059
Dutch Grand Prix,31.0,LEC,16.301
Dutch Grand Prix,31.0,PIA,0.0
Dutch Grand Prix,31.0,SAI,29.731
Dutch Grand Prix,31.0,PER,28.425
Dutch Grand Prix,31.0,RUS,20.061
Dutch Grand Prix,31.0,HAM,33.816
Dutch Grand Prix,31.0,GAS,24.489
Dutch Grand Prix,31.0,ALO,32.78
Dutch Grand Prix,31.0,HUL,38.037
Dutch Grand Prix,31.0,RIC,57.394
Dutch Grand Prix,31.0,STR,53.919
Dutch Grand Prix,31.0,ALB,44.639
Dutch Grand Prix,31.0,OCO,66.284
Dutch Grand Prix,31.0,SAR,59.082
Dutch Grand Prix,31.0,TSU,44.233
Dutch Grand Prix,31.0,MAG,37.949
Dutch Grand Prix,31.0,BOT,51.227
Dutch Grand Prix,31.0,ZHO,67.926
Dutch Grand Prix,32.0,NOR,4.357
Dutch Grand Prix,32.0,VER,10.733
Dutch Grand Prix,32.0,LEC,15.629
Dutch Grand Prix,32.0,PIA,0.0
Dutch Grand Prix,32.0,SAI,29.36
Dutch Grand Prix,32.0,PER,27.242
Dutch Grand Prix,32.0,RUS,19.472
Dutch Grand Prix,32.0,HAM,32.864
Dutch Grand Prix,32.0,GAS,28.537
Dutch Grand Prix,32.0,ALO,52.373
Dutch Grand Prix,32.0,HUL,38.371
Dutch Grand Prix,32.0,RIC,57.164
Dutch Grand Prix,32.0,STR,53.025
Dutch Grand Prix,32.0,ALB,45.226
Dutch Grand Prix,32.0,OCO,66.33
Dutch Grand Prix,32.0,SAR,59.289
Dutch Grand Prix,32.0,TSU,47.748
Dutch Grand Prix,32.0,MAG,39.608
Dutch Grand Prix,32.0,BOT,52.854
Dutch Grand Prix,32.0,ZHO,68.803
Dutch Grand Prix,33.0,NOR,0.0
Dutch Grand Prix,33.0,VER,6.824
Dutch Grand Prix,33.0,LEC,11.816
Dutch Grand Prix,33.0,PIA,0.646
Dutch Grand Prix,33.0,SAI,25.742
Dutch Grand Prix,33.0,PER,23.069
Dutch Grand Prix,33.0,RUS,16.192
Dutch Grand Prix,33.0,HAM,29.071
Dutch Grand Prix,33.0,GAS,47.397
Dutch Grand Prix,33.0,ALO,49.048
Dutch Grand Prix,33.0,HUL,36.118
Dutch Grand Prix,33.0,RIC,54.497
Dutch Grand Prix,33.0,STR,50.084
Dutch Grand Prix,33.0,ALB,42.766
Dutch Grand Prix,33.0,OCO,63.588
Dutch Grand Prix,33.0,SAR,56.993
Dutch Grand Prix,33.0,TSU,64.924
Dutch Grand Prix,33.0,MAG,38.438
Dutch Grand Prix,33.0,BOT,52.398
Dutch Grand Prix,33.0,ZHO,67.048
Dutch Grand Prix,34.0,NOR,0.0
Dutch Grand Prix,34.0,VER,7.432
Dutch Grand Prix,34.0,LEC,12.457
Dutch Grand Prix,34.0,PIA,20.728
Dutch Grand Prix,34.0,SAI,26.123
Dutch Grand Prix,34.0,PER,23.544
Dutch Grand Prix,34.0,RUS,16.74
Dutch Grand Prix,34.0,HAM,29.691
Dutch Grand Prix,34.0,GAS,48.483
Dutch Grand Prix,34.0,ALO,49.315
Dutch Grand Prix,34.0,HUL,38.243
Dutch Grand Prix,34.0,RIC,55.838
Dutch Grand Prix,34.0,STR,51.069
Dutch Grand Prix,34.0,ALB,44.539
Dutch Grand Prix,34.0,OCO,65.131
Dutch Grand Prix,34.0,SAR,58.865
Dutch Grand Prix,34.0,TSU,66.324
Dutch Grand Prix,34.0,MAG,41.228
Dutch Grand Prix,34.0,BOT,55.167
Dutch Grand Prix,34.0,ZHO,69.968
Dutch Grand Prix,35.0,NOR,0.0
Dutch Grand Prix,35.0,VER,7.867
Dutch Grand Prix,35.0,LEC,12.909
Dutch Grand Prix,35.0,PIA,21.191
Dutch Grand Prix,35.0,SAI,26.456
Dutch Grand Prix,35.0,PER,24.176
Dutch Grand Prix,35.0,RUS,17.172
Dutch Grand Prix,35.0,HAM,30.022
Dutch Grand Prix,35.0,GAS,49.273
Dutch Grand Prix,35.0,ALO,50.582
Dutch Grand Prix,35.0,HUL,40.082
Dutch Grand Prix,35.0,RIC,57.623
Dutch Grand Prix,35.0,STR,52.314
Dutch Grand Prix,35.0,ALB,46.325
Dutch Grand Prix,35.0,OCO,66.279
Dutch Grand Prix,35.0,SAR,60.923
Dutch Grand Prix,35.0,TSU,67.411
Dutch Grand Prix,35.0,MAG,43.703
Dutch Grand Prix,35.0,BOT,57.49
Dutch Grand Prix,35.0,ZHO,72.715
Dutch Grand Prix,36.0,NOR,0.0
Dutch Grand Prix,36.0,VER,8.686
Dutch Grand Prix,36.0,LEC,13.865
Dutch Grand Prix,36.0,PIA,21.116
Dutch Grand Prix,36.0,SAI,26.883
Dutch Grand Prix,36.0,PER,24.71
Dutch Grand Prix,36.0,RUS,17.985
Dutch Grand Prix,36.0,HAM,30.808
Dutch Grand Prix,36.0,GAS,51.477
Dutch Grand Prix,36.0,ALO,53.032
Dutch Grand Prix,36.0,HUL,42.408
Dutch Grand Prix,36.0,RIC,58.854
Dutch Grand Prix,36.0,STR,53.969
Dutch Grand Prix,36.0,ALB,48.548
Dutch Grand Prix,36.0,OCO,67.576
Dutch Grand Prix,36.0,SAR,62.981
Dutch Grand Prix,36.0,TSU,68.689
Dutch Grand Prix,36.0,MAG,46.476
Dutch Grand Prix,36.0,BOT,60.985
Dutch Grand Prix,36.0,ZHO,76.693
Dutch Grand Prix,37.0,NOR,0.0
Dutch Grand Prix,37.0,VER,9.027
Dutch Grand Prix,37.0,LEC,15.2
Dutch Grand Prix,37.0,PIA,20.7
Dutch Grand Prix,37.0,SAI,26.86
Dutch Grand Prix,37.0,PER,25.107
Dutch Grand Prix,37.0,RUS,18.519
Dutch Grand Prix,37.0,HAM,30.977
Dutch Grand Prix,37.0,GAS,52.808
Dutch Grand Prix,37.0,ALO,54.433
Dutch Grand Prix,37.0,HUL,43.756
Dutch Grand Prix,37.0,RIC,59.698
Dutch Grand Prix,37.0,STR,54.751
Dutch Grand Prix,37.0,ALB,50.235
Dutch Grand Prix,37.0,OCO,68.418
Dutch Grand Prix,37.0,SAR,64.741
Dutch Grand Prix,37.0,TSU,69.639
Dutch Grand Prix,37.0,MAG,48.912
Dutch Grand Prix,37.0,BOT,63.421
Dutch Grand Prix,37.0,ZHO,79.542
Dutch Grand Prix,38.0,NOR,0.0
Dutch Grand Prix,38.0,VER,9.515
Dutch Grand Prix,38.0,LEC,15.439
Dutch Grand Prix,38.0,PIA,20.634
Dutch Grand Prix,38.0,SAI,27.022
Dutch Grand Prix,38.0,PER,25.652
Dutch Grand Prix,38.0,RUS,19.51
Dutch Grand Prix,38.0,HAM,31.315
Dutch Grand Prix,38.0,GAS,54.177
Dutch Grand Prix,38.0,ALO,56.014
Dutch Grand Prix,38.0,HUL,45.929
Dutch Grand Prix,38.0,RIC,61.305
Dutch Grand Prix,38.0,STR,56.516
Dutch Grand Prix,38.0,ALB,52.128
Dutch Grand Prix,38.0,OCO,69.763
Dutch Grand Prix,38.0,SAR,67.163
Dutch Grand Prix,38.0,TSU,71.115
Dutch Grand Prix,38.0,MAG,51.789
Dutch Grand Prix,38.0,BOT,66.356
Dutch Grand Prix,38.0,ZHO,82.769
Dutch Grand Prix,39.0,NOR,0.0
Dutch Grand Prix,39.0,VER,9.946
Dutch Grand Prix,39.0,LEC,15.969
Dutch Grand Prix,39.0,PIA,20.357
Dutch Grand Prix,39.0,SAI,27.258
Dutch Grand Prix,39.0,PER,25.894
Dutch Grand Prix,39.0,RUS,20.097
Dutch Grand Prix,39.0,HAM,31.704
Dutch Grand Prix,39.0,GAS,57.631
Dutch Grand Prix,39.0,ALO,57.664
Dutch Grand Prix,39.0,HUL,47.506
Dutch Grand Prix,39.0,RIC,62.584
Dutch Grand Prix,39.0,STR,58.054
Dutch Grand Prix,39.0,ALB,57.499
Dutch Grand Prix,39.0,OCO,70.836
Dutch Grand Prix,39.0,SAR,69.439
Dutch Grand Prix,39.0,TSU,72.406
Dutch Grand Prix,39.0,MAG,57.686
Dutch Grand Prix,39.0,BOT,68.905
Dutch Grand Prix,39.0,ZHO,87.03
Dutch Grand Prix,40.0,NOR,0.0
Dutch Grand Prix,40.0,VER,10.402
Dutch Grand Prix,40.0,LEC,16.709
Dutch Grand Prix,40.0,PIA,20.331
Dutch Grand Prix,40.0,SAI,26.736
Dutch Grand Prix,40.0,PER,26.047
Dutch Grand Prix,40.0,RUS,21.83
Dutch Grand Prix,40.0,HAM,32.067
Dutch Grand Prix,40.0,GAS,59.386
Dutch Grand Prix,40.0,ALO,60.37
Dutch Grand Prix,40.0,HUL,49.188
Dutch Grand Prix,40.0,RIC,63.868
Dutch Grand Prix,40.0,STR,60.926
Dutch Grand Prix,40.0,ALB,60.312
Dutch Grand Prix,40.0,OCO,72.224
Dutch Grand Prix,40.0,SAR,71.707
Dutch Grand Prix,40.0,TSU,73.875
Dutch Grand Prix,40.0,MAG,67.017
Dutch Grand Prix,40.0,BOT,71.414
Dutch Grand Prix,40.0,ZHO,90.165
Dutch Grand Prix,41.0,NOR,0.0
Dutch Grand Prix,41.0,VER,10.408
Dutch Grand Prix,41.0,LEC,16.79
Dutch Grand Prix,41.0,PIA,19.857
Dutch Grand Prix,41.0,SAI,26.494
Dutch Grand Prix,41.0,PER,25.916
Dutch Grand Prix,41.0,RUS,22.357
Dutch Grand Prix,41.0,HAM,31.824
Dutch Grand Prix,41.0,GAS,60.234
Dutch Grand Prix,41.0,ALO,62.03
Dutch Grand Prix,41.0,HUL,50.64
Dutch Grand Prix,41.0,RIC,65.022
Dutch Grand Prix,41.0,STR,62.917
Dutch Grand Prix,41.0,ALB,62.632
Dutch Grand Prix,41.0,OCO,74.335
Dutch Grand Prix,41.0,SAR,76.119
Dutch Grand Prix,41.0,TSU,76.857
Dutch Grand Prix,41.0,MAG,87.163
Dutch Grand Prix,41.0,BOT,73.911
Dutch Grand Prix,41.0,ZHO,94.27
Dutch Grand Prix,42.0,NOR,0.0
Dutch Grand Prix,42.0,VER,10.298
Dutch Grand Prix,42.0,LEC,16.798000000000002
Dutch Grand Prix,42.0,PIA,19.092
Dutch Grand Prix,42.0,SAI,26.274
Dutch Grand Prix,42.0,PER,25.539
Dutch Grand Prix,42.0,RUS,22.606
Dutch Grand Prix,42.0,HAM,31.328
Dutch Grand Prix,42.0,GAS,61.05
Dutch Grand Prix,42.0,ALO,63.174
Dutch Grand Prix,42.0,HUL,51.883
Dutch Grand Prix,42.0,RIC,66.125
Dutch Grand Prix,42.0,STR,64.428
Dutch Grand Prix,42.0,ALB,64.276
Dutch Grand Prix,42.0,OCO,77.501
Dutch Grand Prix,42.0,SAR,78.131
Dutch Grand Prix,42.0,TSU,78.564
Dutch Grand Prix,42.0,MAG,86.912
Dutch Grand Prix,42.0,BOT,77.403
Dutch Grand Prix,42.0,ZHO,97.182
Dutch Grand Prix,43.0,NOR,0.0
Dutch Grand Prix,43.0,VER,10.806000000000001
Dutch Grand Prix,43.0,LEC,17.383
Dutch Grand Prix,43.0,PIA,18.978
Dutch Grand Prix,43.0,SAI,26.154
Dutch Grand Prix,43.0,PER,25.678
Dutch Grand Prix,43.0,RUS,23.418
Dutch Grand Prix,43.0,HAM,31.26
Dutch Grand Prix,43.0,GAS,62.237
Dutch Grand Prix,43.0,ALO,64.248
Dutch Grand Prix,43.0,HUL,52.988
Dutch Grand Prix,43.0,RIC,67.678
Dutch Grand Prix,43.0,STR,66.116
Dutch Grand Prix,43.0,ALB,67.26
Dutch Grand Prix,43.0,OCO,78.861
Dutch Grand Prix,43.0,SAR,80.852
Dutch Grand Prix,43.0,TSU,81.327
Dutch Grand Prix,43.0,MAG,87.524
Dutch Grand Prix,43.0,BOT,83.581
Dutch Grand Prix,43.0,ZHO,103.586
Dutch Grand Prix,44.0,NOR,0.0
Dutch Grand Prix,44.0,VER,11.562
Dutch Grand Prix,44.0,LEC,17.643
Dutch Grand Prix,44.0,PIA,18.965
Dutch Grand Prix,44.0,SAI,26.529
Dutch Grand Prix,44.0,PER,26.244
Dutch Grand Prix,44.0,RUS,24.146
Dutch Grand Prix,44.0,HAM,31.587
Dutch Grand Prix,44.0,GAS,63.332
Dutch Grand Prix,44.0,ALO,65.494
Dutch Grand Prix,44.0,HUL,54.593
Dutch Grand Prix,44.0,RIC,69.403
Dutch Grand Prix,44.0,STR,67.533
Dutch Grand Prix,44.0,ALB,69.139
Dutch Grand Prix,44.0,OCO,80.134
Dutch Grand Prix,44.0,SAR,82.826
Dutch Grand Prix,44.0,TSU,83.131
Dutch Grand Prix,44.0,MAG,88.451
Dutch Grand Prix,44.0,BOT,104.858
Dutch Grand Prix,44.0,ZHO,107.176
Dutch Grand Prix,45.0,NOR,0.0
Dutch Grand Prix,45.0,VER,11.83
Dutch Grand Prix,45.0,LEC,17.922
Dutch Grand Prix,45.0,PIA,18.708
Dutch Grand Prix,45.0,SAI,26.841
Dutch Grand Prix,45.0,PER,26.551
Dutch Grand Prix,45.0,RUS,24.225
Dutch Grand Prix,45.0,HAM,32.778
Dutch Grand Prix,45.0,GAS,64.122
Dutch Grand Prix,45.0,ALO,66.648
Dutch Grand Prix,45.0,HUL,55.745
Dutch Grand Prix,45.0,RIC,70.865
Dutch Grand Prix,45.0,STR,68.483
Dutch Grand Prix,45.0,ALB,70.765
Dutch Grand Prix,45.0,OCO,81.17
Dutch Grand Prix,45.0,SAR,84.606
Dutch Grand Prix,45.0,TSU,84.87
Dutch Grand Prix,45.0,MAG,88.851
Dutch Grand Prix,45.0,BOT,105.849
Dutch Grand Prix,45.0,ZHO,111.318
Dutch Grand Prix,46.0,NOR,0.0
Dutch Grand Prix,46.0,VER,12.382
Dutch Grand Prix,46.0,LEC,18.19
Dutch Grand Prix,46.0,PIA,18.701999999999998
Dutch Grand Prix,46.0,SAI,27.298
Dutch Grand Prix,46.0,PER,27.051
Dutch Grand Prix,46.0,RUS,24.468
Dutch Grand Prix,46.0,HAM,33.686
Dutch Grand Prix,46.0,GAS,65.13
Dutch Grand Prix,46.0,ALO,67.876
Dutch Grand Prix,46.0,HUL,56.988
Dutch Grand Prix,46.0,RIC,72.087
Dutch Grand Prix,46.0,STR,69.663
Dutch Grand Prix,46.0,ALB,73.406
Dutch Grand Prix,46.0,OCO,82.708
Dutch Grand Prix,46.0,SAR,88.614
Dutch Grand Prix,46.0,TSU,88.658
Dutch Grand Prix,46.0,MAG,89.7
Dutch Grand Prix,46.0,BOT,107.398
Dutch Grand Prix,46.0,ZHO,114.571
Dutch Grand Prix,47.0,NOR,0.0
Dutch Grand Prix,47.0,VER,12.81
Dutch Grand Prix,47.0,LEC,18.594
Dutch Grand Prix,47.0,PIA,19.067
Dutch Grand Prix,47.0,SAI,27.511
Dutch Grand Prix,47.0,PER,28.645
Dutch Grand Prix,47.0,RUS,24.64
Dutch Grand Prix,47.0,HAM,34.562
Dutch Grand Prix,47.0,GAS,66.24
Dutch Grand Prix,47.0,ALO,68.733
Dutch Grand Prix,47.0,HUL,57.926
Dutch Grand Prix,47.0,RIC,73.067
Dutch Grand Prix,47.0,STR,70.512
Dutch Grand Prix,47.0,ALB,76.167
Dutch Grand Prix,47.0,OCO,83.527
Dutch Grand Prix,47.0,SAR,90.565
Dutch Grand Prix,47.0,TSU,91.018
Dutch Grand Prix,47.0,MAG,91.23
Dutch Grand Prix,47.0,BOT,110.82
Dutch Grand Prix,47.0,ZHO,117.216
Dutch Grand Prix,48.0,NOR,0.0
Dutch Grand Prix,48.0,VER,13.015
Dutch Grand Prix,48.0,LEC,18.898
Dutch Grand Prix,48.0,PIA,19.445
Dutch Grand Prix,48.0,SAI,28.166
Dutch Grand Prix,48.0,PER,29.47
Dutch Grand Prix,48.0,RUS,25.225
Dutch Grand Prix,48.0,HAM,38.036
Dutch Grand Prix,48.0,GAS,66.83
Dutch Grand Prix,48.0,ALO,69.438
Dutch Grand Prix,48.0,HUL,59.088
Dutch Grand Prix,48.0,RIC,75.889
Dutch Grand Prix,48.0,STR,71.472
Dutch Grand Prix,48.0,ALB,77.999
Dutch Grand Prix,48.0,OCO,84.83
Dutch Grand Prix,48.0,SAR,91.919
Dutch Grand Prix,48.0,TSU,92.314
Dutch Grand Prix,48.0,MAG,92.706
Dutch Grand Prix,48.0,BOT,112.188
Dutch Grand Prix,48.0,ZHO,119.678
Dutch Grand Prix,49.0,NOR,0.0
Dutch Grand Prix,49.0,VER,13.233
Dutch Grand Prix,49.0,LEC,19.274
Dutch Grand Prix,49.0,PIA,19.948
Dutch Grand Prix,49.0,SAI,28.278
Dutch Grand Prix,49.0,PER,30.051
Dutch Grand Prix,49.0,RUS,25.41
Dutch Grand Prix,49.0,HAM,56.737
Dutch Grand Prix,49.0,GAS,67.525
Dutch Grand Prix,49.0,ALO,70.174
Dutch Grand Prix,49.0,HUL,60.23
Dutch Grand Prix,49.0,RIC,76.891
Dutch Grand Prix,49.0,STR,72.205
Dutch Grand Prix,49.0,ALB,79.461
Dutch Grand Prix,49.0,OCO,86.176
Dutch Grand Prix,49.0,SAR,93.171
Dutch Grand Prix,49.0,TSU,93.533
Dutch Grand Prix,49.0,MAG,96.197
Dutch Grand Prix,49.0,BOT,113.903
Dutch Grand Prix,49.0,ZHO,121.832
Dutch Grand Prix,50.0,NOR,0.0
Dutch Grand Prix,50.0,VER,13.681000000000001
Dutch Grand Prix,50.0,LEC,20.11
Dutch Grand Prix,50.0,PIA,20.698
Dutch Grand Prix,50.0,SAI,28.665
Dutch Grand Prix,50.0,PER,30.79
Dutch Grand Prix,50.0,RUS,25.996
Dutch Grand Prix,50.0,HAM,56.045
Dutch Grand Prix,50.0,GAS,68.593
Dutch Grand Prix,50.0,ALO,70.867
Dutch Grand Prix,50.0,HUL,61.46
Dutch Grand Prix,50.0,RIC,78.025
Dutch Grand Prix,50.0,STR,73.304
Dutch Grand Prix,50.0,ALB,81.204
Dutch Grand Prix,50.0,OCO,86.991
Dutch Grand Prix,50.0,SAR,96.816
Dutch Grand Prix,50.0,TSU,97.25
Dutch Grand Prix,50.0,MAG,97.566
Dutch Grand Prix,50.0,BOT,115.676
Dutch Grand Prix,50.0,ZHO,124.608
Dutch Grand Prix,51.0,NOR,0.0
Dutch Grand Prix,51.0,VER,13.988
Dutch Grand Prix,51.0,LEC,20.295
Dutch Grand Prix,51.0,PIA,21.031
Dutch Grand Prix,51.0,SAI,28.805
Dutch Grand Prix,51.0,PER,31.078
Dutch Grand Prix,51.0,RUS,26.427
Dutch Grand Prix,51.0,HAM,55.26
Dutch Grand Prix,51.0,GAS,69.244
Dutch Grand Prix,51.0,ALO,71.049
Dutch Grand Prix,51.0,HUL,62.333
Dutch Grand Prix,51.0,RIC,78.502
Dutch Grand Prix,51.0,STR,73.727
Dutch Grand Prix,51.0,ALB,82.275
Dutch Grand Prix,51.0,OCO,89.915
Dutch Grand Prix,51.0,SAR,98.242
Dutch Grand Prix,51.0,TSU,98.601
Dutch Grand Prix,51.0,MAG,99.064
Dutch Grand Prix,51.0,BOT,117.297
Dutch Grand Prix,51.0,ZHO,130.585
Dutch Grand Prix,52.0,NOR,0.0
Dutch Grand Prix,52.0,VER,14.533
Dutch Grand Prix,52.0,LEC,20.254
Dutch Grand Prix,52.0,PIA,21.46
Dutch Grand Prix,52.0,SAI,28.949
Dutch Grand Prix,52.0,PER,31.437
Dutch Grand Prix,52.0,RUS,27.084
Dutch Grand Prix,52.0,HAM,54.62
Dutch Grand Prix,52.0,GAS,69.753
Dutch Grand Prix,52.0,ALO,71.513
Dutch Grand Prix,52.0,HUL,63.502
Dutch Grand Prix,52.0,RIC,79.037
Dutch Grand Prix,52.0,STR,76.512
Dutch Grand Prix,52.0,ALB,83.632
Dutch Grand Prix,52.0,OCO,91.135
Dutch Grand Prix,52.0,SAR,99.954
Dutch Grand Prix,52.0,TSU,100.272
Dutch Grand Prix,52.0,MAG,100.796
Dutch Grand Prix,52.0,BOT,119.04
Dutch Grand Prix,52.0,ZHO,155.302
Dutch Grand Prix,53.0,NOR,0.0
Dutch Grand Prix,53.0,VER,14.617
Dutch Grand Prix,53.0,LEC,20.49
Dutch Grand Prix,53.0,PIA,22.062
Dutch Grand Prix,53.0,SAI,29.059
Dutch Grand Prix,53.0,PER,31.965
Dutch Grand Prix,53.0,RUS,27.787
Dutch Grand Prix,53.0,HAM,54.145
Dutch Grand Prix,53.0,GAS,70.002
Dutch Grand Prix,53.0,ALO,71.823
Dutch Grand Prix,53.0,HUL,64.497
Dutch Grand Prix,53.0,RIC,79.932
Dutch Grand Prix,53.0,STR,77.214
Dutch Grand Prix,53.0,ALB,85.385
Dutch Grand Prix,53.0,OCO,92.345
Dutch Grand Prix,53.0,SAR,101.495
Dutch Grand Prix,53.0,TSU,102.013
Dutch Grand Prix,53.0,MAG,102.358
Dutch Grand Prix,53.0,BOT,120.659
Dutch Grand Prix,53.0,ZHO,156.477
Dutch Grand Prix,54.0,NOR,0.0
Dutch Grand Prix,54.0,VER,15.167
Dutch Grand Prix,54.0,LEC,21.097
Dutch Grand Prix,54.0,PIA,22.596
Dutch Grand Prix,54.0,SAI,29.74
Dutch Grand Prix,54.0,PER,32.666
Dutch Grand Prix,54.0,RUS,32.401
Dutch Grand Prix,54.0,HAM,54.03
Dutch Grand Prix,54.0,GAS,70.389
Dutch Grand Prix,54.0,ALO,72.394
Dutch Grand Prix,54.0,HUL,66.208
Dutch Grand Prix,54.0,RIC,80.838
Dutch Grand Prix,54.0,STR,78.216
Dutch Grand Prix,54.0,ALB,90.072
Dutch Grand Prix,54.0,OCO,93.739
Dutch Grand Prix,54.0,SAR,103.644
Dutch Grand Prix,54.0,TSU,104.046
Dutch Grand Prix,54.0,MAG,105.818
Dutch Grand Prix,54.0,BOT,122.257
Dutch Grand Prix,54.0,ZHO,157.769
Dutch Grand Prix,55.0,NOR,0.0
Dutch Grand Prix,55.0,VER,15.326
Dutch Grand Prix,55.0,LEC,22.113
Dutch Grand Prix,55.0,PIA,23.302
Dutch Grand Prix,55.0,SAI,30.484
Dutch Grand Prix,55.0,PER,33.517
Dutch Grand Prix,55.0,RUS,51.03
Dutch Grand Prix,55.0,HAM,53.875
Dutch Grand Prix,55.0,GAS,71.046
Dutch Grand Prix,55.0,ALO,73.037
Dutch Grand Prix,55.0,HUL,68.058
Dutch Grand Prix,55.0,RIC,81.658
Dutch Grand Prix,55.0,STR,78.988
Dutch Grand Prix,55.0,ALB,110.226
Dutch Grand Prix,55.0,OCO,94.971
Dutch Grand Prix,55.0,SAR,106.645
Dutch Grand Prix,55.0,TSU,107.243
Dutch Grand Prix,55.0,MAG,107.605
Dutch Grand Prix,55.0,BOT,123.962
Dutch Grand Prix,55.0,ZHO,158.973
Dutch Grand Prix,56.0,NOR,0.0
Dutch Grand Prix,56.0,VER,15.575
Dutch Grand Prix,56.0,LEC,22.374
Dutch Grand Prix,56.0,PIA,23.565
Dutch Grand Prix,56.0,SAI,30.8
Dutch Grand Prix,56.0,PER,34.222
Dutch Grand Prix,56.0,RUS,50.186
Dutch Grand Prix,56.0,HAM,53.539
Dutch Grand Prix,56.0,GAS,71.449
Dutch Grand Prix,56.0,ALO,73.414
Dutch Grand Prix,56.0,HUL,69.706
Dutch Grand Prix,56.0,RIC,82.196
Dutch Grand Prix,56.0,STR,79.568
Dutch Grand Prix,56.0,ALB,110.744
Dutch Grand Prix,56.0,OCO,96.107
Dutch Grand Prix,56.0,SAR,108.143
Dutch Grand Prix,56.0,TSU,108.67
Dutch Grand Prix,56.0,MAG,110.543
Dutch Grand Prix,56.0,BOT,126.997
Dutch Grand Prix,56.0,ZHO,160.197
Dutch Grand Prix,57.0,NOR,0.0
Dutch Grand Prix,57.0,VER,15.721
Dutch Grand Prix,57.0,LEC,22.481
Dutch Grand Prix,57.0,PIA,23.786
Dutch Grand Prix,57.0,SAI,30.585
Dutch Grand Prix,57.0,PER,35.069
Dutch Grand Prix,57.0,RUS,49.246
Dutch Grand Prix,57.0,HAM,53.022
Dutch Grand Prix,57.0,GAS,71.729
Dutch Grand Prix,57.0,ALO,74.785
Dutch Grand Prix,57.0,HUL,71.1
Dutch Grand Prix,57.0,RIC,83.021
Dutch Grand Prix,57.0,STR,80.632
Dutch Grand Prix,57.0,ALB,111.774
Dutch Grand Prix,57.0,OCO,100.727
Dutch Grand Prix,57.0,SAR,109.762
Dutch Grand Prix,57.0,TSU,111.643
Dutch Grand Prix,57.0,MAG,112.578
Dutch Grand Prix,57.0,BOT,130.593
Dutch Grand Prix,57.0,ZHO,161.75
Dutch Grand Prix,58.0,NOR,0.0
Dutch Grand Prix,58.0,VER,15.978
Dutch Grand Prix,58.0,LEC,22.863
Dutch Grand Prix,58.0,PIA,23.76
Dutch Grand Prix,58.0,SAI,29.994
Dutch Grand Prix,58.0,PER,36.169
Dutch Grand Prix,58.0,RUS,48.277
Dutch Grand Prix,58.0,HAM,52.401
Dutch Grand Prix,58.0,GAS,72.425
Dutch Grand Prix,58.0,ALO,76.784
Dutch Grand Prix,58.0,HUL,72.109
Dutch Grand Prix,58.0,RIC,83.41
Dutch Grand Prix,58.0,STR,81.283
Dutch Grand Prix,58.0,ALB,112.716
Dutch Grand Prix,58.0,OCO,101.565
Dutch Grand Prix,58.0,SAR,113.336
Dutch Grand Prix,58.0,TSU,113.458
Dutch Grand Prix,58.0,MAG,114.042
Dutch Grand Prix,58.0,BOT,131.564
Dutch Grand Prix,58.0,ZHO,163.065
Dutch Grand Prix,59.0,NOR,0.0
Dutch Grand Prix,59.0,VER,16.131
Dutch Grand Prix,59.0,LEC,22.774
Dutch Grand Prix,59.0,PIA,23.833
Dutch Grand Prix,59.0,SAI,29.503
Dutch Grand Prix,59.0,PER,36.477
Dutch Grand Prix,59.0,RUS,47.37
Dutch Grand Prix,59.0,HAM,51.39
Dutch Grand Prix,59.0,GAS,73.029
Dutch Grand Prix,59.0,ALO,77.157
Dutch Grand Prix,59.0,HUL,72.787
Dutch Grand Prix,59.0,RIC,84.106
Dutch Grand Prix,59.0,STR,81.813
Dutch Grand Prix,59.0,ALB,112.524
Dutch Grand Prix,59.0,OCO,102.372
Dutch Grand Prix,59.0,SAR,115.197
Dutch Grand Prix,59.0,TSU,115.468
Dutch Grand Prix,59.0,MAG,115.943
Dutch Grand Prix,59.0,BOT,132.81
Dutch Grand Prix,59.0,ZHO,164.445
Dutch Grand Prix,60.0,NOR,0.0
Dutch Grand Prix,60.0,VER,16.613
Dutch Grand Prix,60.0,LEC,23.171
Dutch Grand Prix,60.0,PIA,24.306
Dutch Grand Prix,60.0,SAI,29.85
Dutch Grand Prix,60.0,PER,37.156
Dutch Grand Prix,60.0,RUS,46.942
Dutch Grand Prix,60.0,HAM,50.849
Dutch Grand Prix,60.0,GAS,75.094
Dutch Grand Prix,60.0,ALO,78.26
Dutch Grand Prix,60.0,HUL,76.854
Dutch Grand Prix,60.0,RIC,85.118
Dutch Grand Prix,60.0,STR,82.919
Dutch Grand Prix,60.0,ALB,112.609
Dutch Grand Prix,60.0,OCO,103.483
Dutch Grand Prix,60.0,SAR,117.273
Dutch Grand Prix,60.0,TSU,117.755
Dutch Grand Prix,60.0,MAG,118.03
Dutch Grand Prix,60.0,BOT,134.931
Dutch Grand Prix,60.0,ZHO,167.568
Dutch Grand Prix,61.0,NOR,0.0
Dutch Grand Prix,61.0,VER,16.961
Dutch Grand Prix,61.0,LEC,23.128
Dutch Grand Prix,61.0,PIA,24.272
Dutch Grand Prix,61.0,SAI,30.048
Dutch Grand Prix,61.0,PER,37.173
Dutch Grand Prix,61.0,RUS,46.182
Dutch Grand Prix,61.0,HAM,49.841
Dutch Grand Prix,61.0,GAS,76.419
Dutch Grand Prix,61.0,ALO,78.72
Dutch Grand Prix,61.0,HUL,78.249
Dutch Grand Prix,61.0,RIC,85.616
Dutch Grand Prix,61.0,STR,83.321
Dutch Grand Prix,61.0,ALB,112.82
Dutch Grand Prix,61.0,OCO,105.952
Dutch Grand Prix,61.0,SAR,119.017
Dutch Grand Prix,61.0,TSU,119.319
Dutch Grand Prix,61.0,MAG,119.984
Dutch Grand Prix,61.0,BOT,136.219
Dutch Grand Prix,61.0,ZHO,168.921
Dutch Grand Prix,62.0,NOR,0.0
Dutch Grand Prix,62.0,VER,16.894
Dutch Grand Prix,62.0,LEC,22.705
Dutch Grand Prix,62.0,PIA,24.096
Dutch Grand Prix,62.0,SAI,30.118
Dutch Grand Prix,62.0,PER,37.199
Dutch Grand Prix,62.0,RUS,45.891
Dutch Grand Prix,62.0,HAM,48.711
Dutch Grand Prix,62.0,GAS,76.651
Dutch Grand Prix,62.0,ALO,79.696
Dutch Grand Prix,62.0,HUL,79.536
Dutch Grand Prix,62.0,RIC,86.052
Dutch Grand Prix,62.0,STR,83.796
Dutch Grand Prix,62.0,ALB,112.659
Dutch Grand Prix,62.0,OCO,106.942
Dutch Grand Prix,62.0,SAR,121.229
Dutch Grand Prix,62.0,TSU,122.084
Dutch Grand Prix,62.0,MAG,123.739
Dutch Grand Prix,62.0,BOT,137.806
Dutch Grand Prix,62.0,ZHO,170.169
Dutch Grand Prix,63.0,NOR,0.0
Dutch Grand Prix,63.0,VER,17.672
Dutch Grand Prix,63.0,LEC,23.548000000000002
Dutch Grand Prix,63.0,PIA,24.751
Dutch Grand Prix,63.0,SAI,30.625
Dutch Grand Prix,63.0,PER,37.97
Dutch Grand Prix,63.0,RUS,47.012
Dutch Grand Prix,63.0,HAM,48.823
Dutch Grand Prix,63.0,GAS,77.692
Dutch Grand Prix,63.0,ALO,81.039
Dutch Grand Prix,63.0,HUL,82.533
Dutch Grand Prix,63.0,RIC,87.155
Dutch Grand Prix,63.0,STR,85.178
Dutch Grand Prix,63.0,ALB,113.632
Dutch Grand Prix,63.0,OCO,108.25
Dutch Grand Prix,63.0,SAR,124.746
Dutch Grand Prix,63.0,TSU,125.349
Dutch Grand Prix,63.0,MAG,125.828
Dutch Grand Prix,63.0,BOT,139.869
Dutch Grand Prix,63.0,ZHO,171.73
Dutch Grand Prix,64.0,NOR,0.0
Dutch Grand Prix,64.0,VER,18.101
Dutch Grand Prix,64.0,LEC,23.664
Dutch Grand Prix,64.0,PIA,24.825
Dutch Grand Prix,64.0,SAI,30.372
Dutch Grand Prix,64.0,PER,37.811
Dutch Grand Prix,64.0,RUS,46.923
Dutch Grand Prix,64.0,HAM,48.797
Dutch Grand Prix,64.0,GAS,78.215
Dutch Grand Prix,64.0,ALO,81.478
Dutch Grand Prix,64.0,HUL,83.995
Dutch Grand Prix,64.0,RIC,87.85
Dutch Grand Prix,64.0,STR,86.145
Dutch Grand Prix,64.0,ALB,113.468
Dutch Grand Prix,64.0,OCO,109.145
Dutch Grand Prix,64.0,SAR,126.322
Dutch Grand Prix,64.0,TSU,126.795
Dutch Grand Prix,64.0,MAG,127.335
Dutch Grand Prix,64.0,BOT,141.372
Dutch Grand Prix,64.0,ZHO,176.212
Dutch Grand Prix,65.0,NOR,0.0
Dutch Grand Prix,65.0,VER,18.307
Dutch Grand Prix,65.0,LEC,23.759
Dutch Grand Prix,65.0,PIA,25.091
Dutch Grand Prix,65.0,SAI,30.258
Dutch Grand Prix,65.0,PER,37.957
Dutch Grand Prix,65.0,RUS,46.484
Dutch Grand Prix,65.0,HAM,48.021
Dutch Grand Prix,65.0,GAS,78.923
Dutch Grand Prix,65.0,ALO,81.89
Dutch Grand Prix,65.0,HUL,85.463
Dutch Grand Prix,65.0,RIC,88.6
Dutch Grand Prix,65.0,STR,87.07
Dutch Grand Prix,65.0,ALB,113.784
Dutch Grand Prix,65.0,OCO,110.1
Dutch Grand Prix,65.0,SAR,127.954
Dutch Grand Prix,65.0,TSU,128.428
Dutch Grand Prix,65.0,MAG,129.216
Dutch Grand Prix,65.0,BOT,142.82
Dutch Grand Prix,65.0,ZHO,177.462
Dutch Grand Prix,66.0,NOR,0.0
Dutch Grand Prix,66.0,VER,18.735
Dutch Grand Prix,66.0,LEC,24.017
Dutch Grand Prix,66.0,PIA,25.106
Dutch Grand Prix,66.0,SAI,30.384
Dutch Grand Prix,66.0,PER,37.943
Dutch Grand Prix,66.0,RUS,46.261
Dutch Grand Prix,66.0,HAM,47.64
Dutch Grand Prix,66.0,GAS,79.628
Dutch Grand Prix,66.0,ALO,82.551
Dutch Grand Prix,66.0,HUL,86.953
Dutch Grand Prix,66.0,RIC,89.457
Dutch Grand Prix,66.0,STR,88.269
Dutch Grand Prix,66.0,ALB,114.255
Dutch Grand Prix,66.0,OCO,111.247
Dutch Grand Prix,66.0,SAR,129.798
Dutch Grand Prix,66.0,TSU,130.216
Dutch Grand Prix,66.0,MAG,130.853
Dutch Grand Prix,66.0,BOT,144.675
Dutch Grand Prix,66.0,ZHO,178.575
Dutch Grand Prix,67.0,NOR,0.0
Dutch Grand Prix,67.0,VER,19.298
Dutch Grand Prix,67.0,LEC,24.1
Dutch Grand Prix,67.0,PIA,25.393
Dutch Grand Prix,67.0,SAI,30.794
Dutch Grand Prix,67.0,PER,38.104
Dutch Grand Prix,67.0,RUS,45.86
Dutch Grand Prix,67.0,HAM,47.358
Dutch Grand Prix,67.0,GAS,80.007
Dutch Grand Prix,67.0,ALO,83.513
Dutch Grand Prix,67.0,HUL,88.183
Dutch Grand Prix,67.0,RIC,90.218
Dutch Grand Prix,67.0,STR,89.515
Dutch Grand Prix,67.0,ALB,114.566
Dutch Grand Prix,67.0,OCO,113.965
Dutch Grand Prix,67.0,SAR,131.272
Dutch Grand Prix,67.0,TSU,131.864
Dutch Grand Prix,67.0,MAG,132.488
Dutch Grand Prix,67.0,BOT,146.376
Dutch Grand Prix,67.0,ZHO,179.611
Dutch Grand Prix,68.0,NOR,0.0
Dutch Grand Prix,68.0,VER,19.69
Dutch Grand Prix,68.0,LEC,24.273
Dutch Grand Prix,68.0,PIA,25.51
Dutch Grand Prix,68.0,SAI,31.185
Dutch Grand Prix,68.0,PER,38.576
Dutch Grand Prix,68.0,RUS,45.403
Dutch Grand Prix,68.0,HAM,47.051
Dutch Grand Prix,68.0,GAS,80.678
Dutch Grand Prix,68.0,ALO,84.88
Dutch Grand Prix,68.0,HUL,89.553
Dutch Grand Prix,68.0,RIC,91.238
Dutch Grand Prix,68.0,STR,90.841
Dutch Grand Prix,68.0,ALB,114.916
Dutch Grand Prix,68.0,OCO,114.715
Dutch Grand Prix,68.0,SAR,132.983
Dutch Grand Prix,68.0,TSU,133.396
Dutch Grand Prix,68.0,MAG,133.878
Dutch Grand Prix,68.0,BOT,148.11
Dutch Grand Prix,68.0,ZHO,182.708
Dutch Grand Prix,69.0,NOR,0.0
Dutch Grand Prix,69.0,VER,20.005
Dutch Grand Prix,69.0,LEC,24.629
Dutch Grand Prix,69.0,PIA,25.936
Dutch Grand Prix,69.0,SAI,31.658
Dutch Grand Prix,69.0,PER,38.506
Dutch Grand Prix,69.0,RUS,44.824
Dutch Grand Prix,69.0,HAM,46.81
Dutch Grand Prix,69.0,GAS,81.302
Dutch Grand Prix,69.0,ALO,86.434
Dutch Grand Prix,69.0,HUL,90.777
Dutch Grand Prix,69.0,RIC,92.636
Dutch Grand Prix,69.0,STR,92.129
Dutch Grand Prix,69.0,ALB,115.136
Dutch Grand Prix,69.0,OCO,117.276
Dutch Grand Prix,69.0,SAR,135.328
Dutch Grand Prix,69.0,TSU,135.548
Dutch Grand Prix,69.0,MAG,135.811
Dutch Grand Prix,69.0,BOT,150.737
Dutch Grand Prix,69.0,ZHO,183.916
Dutch Grand Prix,70.0,NOR,0.0
Dutch Grand Prix,70.0,VER,20.287
Dutch Grand Prix,70.0,LEC,24.523
Dutch Grand Prix,70.0,PIA,26.079
Dutch Grand Prix,70.0,SAI,31.888
Dutch Grand Prix,70.0,PER,38.486
Dutch Grand Prix,70.0,RUS,44.16
Dutch Grand Prix,70.0,HAM,47.837
Dutch Grand Prix,70.0,GAS,81.875
Dutch Grand Prix,70.0,ALO,87.385
Dutch Grand Prix,70.0,HUL,91.816
Dutch Grand Prix,70.0,RIC,93.675
Dutch Grand Prix,70.0,STR,93.416
Dutch Grand Prix,70.0,ALB,115.101
Dutch Grand Prix,70.0,OCO,119.756
Dutch Grand Prix,70.0,SAR,137.163
Dutch Grand Prix,70.0,TSU,137.58
Dutch Grand Prix,70.0,MAG,138.238
Dutch Grand Prix,70.0,BOT,152.072
Dutch Grand Prix,70.0,ZHO,184.843
Dutch Grand Prix,71.0,NOR,0.0
Dutch Grand Prix,71.0,VER,20.824
Dutch Grand Prix,71.0,LEC,24.491
Dutch Grand Prix,71.0,PIA,26.062
Dutch Grand Prix,71.0,SAI,31.323
Dutch Grand Prix,71.0,PER,38.403
Dutch Grand Prix,71.0,RUS,43.975
Dutch Grand Prix,71.0,HAM,47.728
Dutch Grand Prix,71.0,GAS,82.421
Dutch Grand Prix,71.0,ALO,87.35
Dutch Grand Prix,71.0,HUL,93.031
Dutch Grand Prix,71.0,RIC,94.884
Dutch Grand Prix,71.0,STR,94.529
Dutch Grand Prix,71.0,ALB,114.528
Dutch Grand Prix,71.0,OCO,120.695
Dutch Grand Prix,71.0,SAR,138.356
Dutch Grand Prix,71.0,TSU,138.963
Dutch Grand Prix,71.0,MAG,139.524
Dutch Grand Prix,72.0,NOR,0.0
Dutch Grand Prix,72.0,VER,22.896
Dutch Grand Prix,72.0,LEC,25.439
Dutch Grand Prix,72.0,PIA,27.337
Dutch Grand Prix,72.0,SAI,32.137
Dutch Grand Prix,72.0,PER,39.542
Dutch Grand Prix,72.0,RUS,44.617
Dutch Grand Prix,72.0,HAM,49.599
Italian Grand Prix,1.0,LEC,0.556
Italian Grand Prix,1.0,PIA,0.0
Italian Grand Prix,1.0,NOR,1.3479999999999999
Italian Grand Prix,1.0,SAI,1.722
Italian Grand Prix,1.0,HAM,2.051
Italian Grand Prix,1.0,VER,2.731
Italian Grand Prix,1.0,RUS,3.8890000000000002
Italian Grand Prix,1.0,PER,4.075
Italian Grand Prix,1.0,ALB,4.342
Italian Grand Prix,1.0,MAG,6.308
Italian Grand Prix,1.0,ALO,4.788
Italian Grand Prix,1.0,COL,8.262
Italian Grand Prix,1.0,RIC,5.481
Italian Grand Prix,1.0,OCO,7.809
Italian Grand Prix,1.0,GAS,7.25
Italian Grand Prix,1.0,BOT,8.752
Italian Grand Prix,1.0,HUL,7.896
Italian Grand Prix,1.0,ZHO,9.109
Italian Grand Prix,1.0,STR,8.187
Italian Grand Prix,1.0,TSU,7.612
Italian Grand Prix,2.0,LEC,0.836
Italian Grand Prix,2.0,PIA,0.0
Italian Grand Prix,2.0,NOR,1.69
Italian Grand Prix,2.0,SAI,2.337
Italian Grand Prix,2.0,HAM,2.9779999999999998
Italian Grand Prix,2.0,VER,3.785
Italian Grand Prix,2.0,RUS,4.828
Italian Grand Prix,2.0,PER,5.37
Italian Grand Prix,2.0,ALB,6.237
Italian Grand Prix,2.0,MAG,8.397
Italian Grand Prix,2.0,ALO,6.908
Italian Grand Prix,2.0,COL,10.991
Italian Grand Prix,2.0,RIC,7.542
Italian Grand Prix,2.0,OCO,9.53
Italian Grand Prix,2.0,GAS,8.74
Italian Grand Prix,2.0,BOT,12.013
Italian Grand Prix,2.0,HUL,10.292
Italian Grand Prix,2.0,ZHO,12.714
Italian Grand Prix,2.0,STR,11.413
Italian Grand Prix,2.0,TSU,10.034
Italian Grand Prix,3.0,LEC,0.754
Italian Grand Prix,3.0,PIA,0.0
Italian Grand Prix,3.0,NOR,1.5390000000000001
Italian Grand Prix,3.0,SAI,2.434
Italian Grand Prix,3.0,HAM,3.347
Italian Grand Prix,3.0,VER,4.379
Italian Grand Prix,3.0,RUS,5.3
Italian Grand Prix,3.0,PER,5.866
Italian Grand Prix,3.0,ALB,7.258
Italian Grand Prix,3.0,MAG,9.72
Italian Grand Prix,3.0,ALO,8.057
Italian Grand Prix,3.0,COL,12.308
Italian Grand Prix,3.0,RIC,8.869
Italian Grand Prix,3.0,OCO,10.735
Italian Grand Prix,3.0,GAS,10.125
Italian Grand Prix,3.0,BOT,13.67
Italian Grand Prix,3.0,HUL,11.465
Italian Grand Prix,3.0,ZHO,14.45
Italian Grand Prix,3.0,STR,12.886
Italian Grand Prix,3.0,TSU,11.438
Italian Grand Prix,4.0,LEC,0.869
Italian Grand Prix,4.0,PIA,0.0
Italian Grand Prix,4.0,NOR,2.012
Italian Grand Prix,4.0,SAI,2.825
Italian Grand Prix,4.0,HAM,4.374
Italian Grand Prix,4.0,VER,5.317
Italian Grand Prix,4.0,RUS,6.367
Italian Grand Prix,4.0,PER,6.976
Italian Grand Prix,4.0,ALB,9.09
Italian Grand Prix,4.0,MAG,11.397
Italian Grand Prix,4.0,ALO,9.773
Italian Grand Prix,4.0,COL,13.863
Italian Grand Prix,4.0,RIC,10.662
Italian Grand Prix,4.0,OCO,12.337
Italian Grand Prix,4.0,GAS,11.825
Italian Grand Prix,4.0,BOT,15.299
Italian Grand Prix,4.0,HUL,13.311
Italian Grand Prix,4.0,ZHO,15.981
Italian Grand Prix,4.0,STR,14.444
Italian Grand Prix,4.0,TSU,12.941
Italian Grand Prix,5.0,LEC,0.812
Italian Grand Prix,5.0,PIA,0.0
Italian Grand Prix,5.0,NOR,2.026
Italian Grand Prix,5.0,SAI,3.171
Italian Grand Prix,5.0,HAM,4.485
Italian Grand Prix,5.0,VER,5.875
Italian Grand Prix,5.0,RUS,7.201
Italian Grand Prix,5.0,PER,7.763
Italian Grand Prix,5.0,ALB,10.469
Italian Grand Prix,5.0,MAG,12.879
Italian Grand Prix,5.0,ALO,11.331
Italian Grand Prix,5.0,COL,16.354
Italian Grand Prix,5.0,RIC,12.253
Italian Grand Prix,5.0,OCO,14.245
Italian Grand Prix,5.0,GAS,13.526
Italian Grand Prix,5.0,BOT,18.881
Italian Grand Prix,5.0,HUL,20.38
Italian Grand Prix,5.0,ZHO,20.576999999999998
Italian Grand Prix,5.0,STR,17.018
Italian Grand Prix,5.0,TSU,20.522
Italian Grand Prix,6.0,LEC,0.872
Italian Grand Prix,6.0,PIA,0.0
Italian Grand Prix,6.0,NOR,2.191
Italian Grand Prix,6.0,SAI,3.21
Italian Grand Prix,6.0,HAM,4.801
Italian Grand Prix,6.0,VER,6.368
Italian Grand Prix,6.0,RUS,7.699
Italian Grand Prix,6.0,PER,8.265
Italian Grand Prix,6.0,ALB,11.812
Italian Grand Prix,6.0,MAG,14.178
Italian Grand Prix,6.0,ALO,12.639
Italian Grand Prix,6.0,COL,17.808
Italian Grand Prix,6.0,RIC,13.549
Italian Grand Prix,6.0,OCO,15.326
Italian Grand Prix,6.0,GAS,14.965
Italian Grand Prix,6.0,BOT,20.777
Italian Grand Prix,6.0,HUL,55.955
Italian Grand Prix,6.0,ZHO,21.916
Italian Grand Prix,6.0,STR,17.973
Italian Grand Prix,6.0,TSU,24.392
Italian Grand Prix,7.0,LEC,0.888
Italian Grand Prix,7.0,PIA,0.0
Italian Grand Prix,7.0,NOR,2.304
Italian Grand Prix,7.0,SAI,3.507
Italian Grand Prix,7.0,HAM,5.588
Italian Grand Prix,7.0,VER,6.992
Italian Grand Prix,7.0,RUS,8.327
Italian Grand Prix,7.0,PER,9.281
Italian Grand Prix,7.0,ALB,13.384
Italian Grand Prix,7.0,MAG,15.585
Italian Grand Prix,7.0,ALO,14.171
Italian Grand Prix,7.0,COL,20.594
Italian Grand Prix,7.0,RIC,14.844
Italian Grand Prix,7.0,OCO,16.914
Italian Grand Prix,7.0,GAS,16.367
Italian Grand Prix,7.0,BOT,22.718
Italian Grand Prix,7.0,HUL,57.419
Italian Grand Prix,7.0,ZHO,23.879
Italian Grand Prix,7.0,STR,19.763
Italian Grand Prix,7.0,TSU,40.293
Italian Grand Prix,8.0,LEC,0.887
Italian Grand Prix,8.0,PIA,0.0
Italian Grand Prix,8.0,NOR,2.408
Italian Grand Prix,8.0,SAI,3.807
Italian Grand Prix,8.0,HAM,5.889
Italian Grand Prix,8.0,VER,7.34
Italian Grand Prix,8.0,RUS,8.973
Italian Grand Prix,8.0,PER,9.897
Italian Grand Prix,8.0,ALB,14.777
Italian Grand Prix,8.0,MAG,16.981
Italian Grand Prix,8.0,ALO,15.294
Italian Grand Prix,8.0,COL,22.409
Italian Grand Prix,8.0,RIC,16.267
Italian Grand Prix,8.0,OCO,18.397
Italian Grand Prix,8.0,GAS,18.262
Italian Grand Prix,8.0,BOT,24.354
Italian Grand Prix,8.0,HUL,58.2
Italian Grand Prix,8.0,ZHO,25.72
Italian Grand Prix,8.0,STR,20.992
Italian Grand Prix,9.0,LEC,0.874
Italian Grand Prix,9.0,PIA,0.0
Italian Grand Prix,9.0,NOR,2.697
Italian Grand Prix,9.0,SAI,4.206
Italian Grand Prix,9.0,HAM,6.549
Italian Grand Prix,9.0,VER,8.015
Italian Grand Prix,9.0,RUS,9.713
Italian Grand Prix,9.0,PER,10.499
Italian Grand Prix,9.0,ALB,16.068
Italian Grand Prix,9.0,MAG,18.391
Italian Grand Prix,9.0,ALO,16.888
Italian Grand Prix,9.0,COL,24.256
Italian Grand Prix,9.0,RIC,17.707
Italian Grand Prix,9.0,OCO,19.391
Italian Grand Prix,9.0,GAS,21.035
Italian Grand Prix,9.0,BOT,26.167
Italian Grand Prix,9.0,HUL,59.016
Italian Grand Prix,9.0,ZHO,27.66
Italian Grand Prix,9.0,STR,22.641
Italian Grand Prix,10.0,LEC,1.229
Italian Grand Prix,10.0,PIA,0.0
Italian Grand Prix,10.0,NOR,3.011
Italian Grand Prix,10.0,SAI,4.813
Italian Grand Prix,10.0,HAM,7.381
Italian Grand Prix,10.0,VER,8.902
Italian Grand Prix,10.0,RUS,11.104
Italian Grand Prix,10.0,PER,11.263
Italian Grand Prix,10.0,ALB,17.701999999999998
Italian Grand Prix,10.0,MAG,20.113
Italian Grand Prix,10.0,ALO,18.643
Italian Grand Prix,10.0,COL,26.468
Italian Grand Prix,10.0,RIC,19.741
Italian Grand Prix,10.0,OCO,21.349
Italian Grand Prix,10.0,GAS,28.493
Italian Grand Prix,10.0,BOT,28.208
Italian Grand Prix,10.0,HUL,60.133
Italian Grand Prix,10.0,ZHO,29.711
Italian Grand Prix,10.0,STR,24.746
Italian Grand Prix,11.0,LEC,1.8279999999999998
Italian Grand Prix,11.0,PIA,0.0
Italian Grand Prix,11.0,NOR,3.212
Italian Grand Prix,11.0,SAI,5.632
Italian Grand Prix,11.0,HAM,8.072
Italian Grand Prix,11.0,VER,9.633
Italian Grand Prix,11.0,RUS,18.032
Italian Grand Prix,11.0,PER,11.789
Italian Grand Prix,11.0,ALB,19.189
Italian Grand Prix,11.0,MAG,21.906
Italian Grand Prix,11.0,ALO,20.154
Italian Grand Prix,11.0,COL,28.828
Italian Grand Prix,11.0,RIC,27.456
Italian Grand Prix,11.0,OCO,23.451
Italian Grand Prix,11.0,GAS,49.923
Italian Grand Prix,11.0,BOT,30.431
Italian Grand Prix,11.0,HUL,61.208
Italian Grand Prix,11.0,ZHO,31.951999999999998
Italian Grand Prix,11.0,STR,26.174
Italian Grand Prix,12.0,LEC,1.996
Italian Grand Prix,12.0,PIA,0.0
Italian Grand Prix,12.0,NOR,3.1189999999999998
Italian Grand Prix,12.0,SAI,6.16
Italian Grand Prix,12.0,HAM,8.256
Italian Grand Prix,12.0,VER,9.853
Italian Grand Prix,12.0,RUS,46.696
Italian Grand Prix,12.0,PER,11.695
Italian Grand Prix,12.0,ALB,19.909
Italian Grand Prix,12.0,MAG,23.303
Italian Grand Prix,12.0,ALO,25.146
Italian Grand Prix,12.0,COL,30.58
Italian Grand Prix,12.0,RIC,54.896
Italian Grand Prix,12.0,OCO,24.657
Italian Grand Prix,12.0,GAS,50.245
Italian Grand Prix,12.0,BOT,31.89
Italian Grand Prix,12.0,HUL,61.626
Italian Grand Prix,12.0,ZHO,33.552
Italian Grand Prix,12.0,STR,27.373
Italian Grand Prix,13.0,LEC,2.855
Italian Grand Prix,13.0,PIA,0.0
Italian Grand Prix,13.0,NOR,3.808
Italian Grand Prix,13.0,SAI,6.913
Italian Grand Prix,13.0,HAM,8.915
Italian Grand Prix,13.0,VER,10.14
Italian Grand Prix,13.0,RUS,46.572
Italian Grand Prix,13.0,PER,12.066
Italian Grand Prix,13.0,ALB,20.772
Italian Grand Prix,13.0,MAG,24.919
Italian Grand Prix,13.0,ALO,46.07
Italian Grand Prix,13.0,COL,32.32
Italian Grand Prix,13.0,RIC,56.348
Italian Grand Prix,13.0,OCO,26.046
Italian Grand Prix,13.0,GAS,50.391
Italian Grand Prix,13.0,BOT,33.569
Italian Grand Prix,13.0,HUL,61.939
Italian Grand Prix,13.0,ZHO,35.684
Italian Grand Prix,13.0,STR,28.846
Italian Grand Prix,14.0,LEC,3.413
Italian Grand Prix,14.0,PIA,0.0
Italian Grand Prix,14.0,NOR,8.177
Italian Grand Prix,14.0,SAI,7.099
Italian Grand Prix,14.0,HAM,9.684
Italian Grand Prix,14.0,VER,10.379
Italian Grand Prix,14.0,RUS,46.072
Italian Grand Prix,14.0,PER,12.247
Italian Grand Prix,14.0,ALB,21.864
Italian Grand Prix,14.0,MAG,29.814
Italian Grand Prix,14.0,ALO,46.854
Italian Grand Prix,14.0,COL,34.202
Italian Grand Prix,14.0,RIC,57.127
Italian Grand Prix,14.0,OCO,27.305
Italian Grand Prix,14.0,GAS,50.557
Italian Grand Prix,14.0,BOT,35.002
Italian Grand Prix,14.0,HUL,61.905
Italian Grand Prix,14.0,ZHO,37.728
Italian Grand Prix,14.0,STR,29.693
Italian Grand Prix,15.0,LEC,8.439
Italian Grand Prix,15.0,PIA,0.0
Italian Grand Prix,15.0,NOR,26.851
Italian Grand Prix,15.0,SAI,7.116
Italian Grand Prix,15.0,HAM,14.883
Italian Grand Prix,15.0,VER,10.959
Italian Grand Prix,15.0,RUS,45.466
Italian Grand Prix,15.0,PER,12.624
Italian Grand Prix,15.0,ALB,23.161
Italian Grand Prix,15.0,MAG,51.671
Italian Grand Prix,15.0,ALO,46.358
Italian Grand Prix,15.0,COL,35.708
Italian Grand Prix,15.0,RIC,57.533
Italian Grand Prix,15.0,OCO,28.816
Italian Grand Prix,15.0,GAS,50.92
Italian Grand Prix,15.0,BOT,36.626
Italian Grand Prix,15.0,HUL,62.601
Italian Grand Prix,15.0,ZHO,44.61
Italian Grand Prix,15.0,STR,31.513
Italian Grand Prix,16.0,LEC,23.388
Italian Grand Prix,16.0,PIA,0.0
Italian Grand Prix,16.0,NOR,21.066
Italian Grand Prix,16.0,SAI,2.518
Italian Grand Prix,16.0,HAM,30.608
Italian Grand Prix,16.0,VER,6.264
Italian Grand Prix,16.0,RUS,40.219
Italian Grand Prix,16.0,PER,8.119
Italian Grand Prix,16.0,ALB,19.676
Italian Grand Prix,16.0,MAG,47.376
Italian Grand Prix,16.0,ALO,41.033
Italian Grand Prix,16.0,COL,36.962
Italian Grand Prix,16.0,RIC,52.992
Italian Grand Prix,16.0,OCO,25.571
Italian Grand Prix,16.0,GAS,46.518
Italian Grand Prix,16.0,BOT,33.256
Italian Grand Prix,16.0,HUL,57.679
Italian Grand Prix,16.0,ZHO,63.799
Italian Grand Prix,16.0,STR,28.167
Italian Grand Prix,17.0,LEC,19.733
Italian Grand Prix,17.0,PIA,16.325
Italian Grand Prix,17.0,NOR,18.726
Italian Grand Prix,17.0,SAI,0.0
Italian Grand Prix,17.0,HAM,27.526
Italian Grand Prix,17.0,VER,3.6790000000000003
Italian Grand Prix,17.0,RUS,36.84
Italian Grand Prix,17.0,PER,5.638
Italian Grand Prix,17.0,ALB,23.187
Italian Grand Prix,17.0,MAG,44.22
Italian Grand Prix,17.0,ALO,37.682
Italian Grand Prix,17.0,COL,55.386
Italian Grand Prix,17.0,RIC,50.095
Italian Grand Prix,17.0,OCO,23.648
Italian Grand Prix,17.0,GAS,43.758
Italian Grand Prix,17.0,BOT,31.727
Italian Grand Prix,17.0,HUL,55.873
Italian Grand Prix,17.0,ZHO,60.966
Italian Grand Prix,17.0,STR,26.826
Italian Grand Prix,18.0,LEC,17.93
Italian Grand Prix,18.0,PIA,14.675
Italian Grand Prix,18.0,NOR,16.968
Italian Grand Prix,18.0,SAI,0.0
Italian Grand Prix,18.0,HAM,26.679
Italian Grand Prix,18.0,VER,3.4699999999999998
Italian Grand Prix,18.0,RUS,35.683
Italian Grand Prix,18.0,PER,5.408
Italian Grand Prix,18.0,ALB,43.542
Italian Grand Prix,18.0,MAG,45.075
Italian Grand Prix,18.0,ALO,36.886
Italian Grand Prix,18.0,COL,54.193
Italian Grand Prix,18.0,RIC,49.479
Italian Grand Prix,18.0,OCO,24.204
Italian Grand Prix,18.0,GAS,44.262
Italian Grand Prix,18.0,BOT,32.408
Italian Grand Prix,18.0,HUL,55.66
Italian Grand Prix,18.0,ZHO,60.533
Italian Grand Prix,18.0,STR,28.672
Italian Grand Prix,19.0,LEC,13.126
Italian Grand Prix,19.0,PIA,10.27
Italian Grand Prix,19.0,NOR,12.113
Italian Grand Prix,19.0,SAI,1.381
Italian Grand Prix,19.0,HAM,22.321
Italian Grand Prix,19.0,VER,0.0
Italian Grand Prix,19.0,RUS,31.382
Italian Grand Prix,19.0,PER,2.084
Italian Grand Prix,19.0,ALB,39.789
Italian Grand Prix,19.0,MAG,41.177
Italian Grand Prix,19.0,ALO,33.193
Italian Grand Prix,19.0,COL,50.114
Italian Grand Prix,19.0,RIC,45.369
Italian Grand Prix,19.0,OCO,21.371
Italian Grand Prix,19.0,GAS,40.658
Italian Grand Prix,19.0,BOT,29.857
Italian Grand Prix,19.0,HUL,51.979
Italian Grand Prix,19.0,ZHO,57.303
Italian Grand Prix,19.0,STR,30.986
Italian Grand Prix,20.0,LEC,11.393
Italian Grand Prix,20.0,PIA,8.697
Italian Grand Prix,20.0,NOR,10.436
Italian Grand Prix,20.0,SAI,20.633
Italian Grand Prix,20.0,HAM,21.402
Italian Grand Prix,20.0,VER,0.0
Italian Grand Prix,20.0,RUS,31.327
Italian Grand Prix,20.0,PER,2.636
Italian Grand Prix,20.0,ALB,39.304
Italian Grand Prix,20.0,MAG,40.772
Italian Grand Prix,20.0,ALO,33.31
Italian Grand Prix,20.0,COL,49.703
Italian Grand Prix,20.0,RIC,44.563
Italian Grand Prix,20.0,OCO,23.138
Italian Grand Prix,20.0,GAS,40.157
Italian Grand Prix,20.0,BOT,31.101
Italian Grand Prix,20.0,HUL,52.533
Italian Grand Prix,20.0,ZHO,57.332
Italian Grand Prix,20.0,STR,51.092
Italian Grand Prix,21.0,LEC,9.892
Italian Grand Prix,21.0,PIA,7.219
Italian Grand Prix,21.0,NOR,8.808
Italian Grand Prix,21.0,SAI,19.751
Italian Grand Prix,21.0,HAM,20.936
Italian Grand Prix,21.0,VER,0.0
Italian Grand Prix,21.0,RUS,30.572
Italian Grand Prix,21.0,PER,3.1189999999999998
Italian Grand Prix,21.0,ALB,38.783
Italian Grand Prix,21.0,MAG,40.184
Italian Grand Prix,21.0,ALO,33.226
Italian Grand Prix,21.0,COL,49.106
Italian Grand Prix,21.0,RIC,44.173
Italian Grand Prix,21.0,OCO,24.207
Italian Grand Prix,21.0,GAS,39.654
Italian Grand Prix,21.0,BOT,32.95
Italian Grand Prix,21.0,HUL,52.887
Italian Grand Prix,21.0,ZHO,57.694
Italian Grand Prix,21.0,STR,50.432
Italian Grand Prix,22.0,LEC,4.832
Italian Grand Prix,22.0,PIA,2.038
Italian Grand Prix,22.0,NOR,3.632
Italian Grand Prix,22.0,SAI,15.149
Italian Grand Prix,22.0,HAM,16.721
Italian Grand Prix,22.0,VER,0.84
Italian Grand Prix,22.0,RUS,26.455
Italian Grand Prix,22.0,PER,0.0
Italian Grand Prix,22.0,ALB,35.008
Italian Grand Prix,22.0,MAG,36.427
Italian Grand Prix,22.0,ALO,29.849
Italian Grand Prix,22.0,COL,45.13
Italian Grand Prix,22.0,RIC,40.425
Italian Grand Prix,22.0,OCO,21.706
Italian Grand Prix,22.0,GAS,35.931
Italian Grand Prix,22.0,BOT,31.526
Italian Grand Prix,22.0,HUL,49.624
Italian Grand Prix,22.0,ZHO,54.742
Italian Grand Prix,22.0,STR,46.325
Italian Grand Prix,23.0,LEC,2.998
Italian Grand Prix,23.0,PIA,0.0
Italian Grand Prix,23.0,NOR,1.5150000000000001
Italian Grand Prix,23.0,SAI,14.008
Italian Grand Prix,23.0,HAM,15.155
Italian Grand Prix,23.0,VER,22.981
Italian Grand Prix,23.0,RUS,25.381
Italian Grand Prix,23.0,PER,4.171
Italian Grand Prix,23.0,ALB,34.442
Italian Grand Prix,23.0,MAG,35.786
Italian Grand Prix,23.0,ALO,29.168
Italian Grand Prix,23.0,COL,44.081
Italian Grand Prix,23.0,RIC,39.575
Italian Grand Prix,23.0,OCO,22.209
Italian Grand Prix,23.0,GAS,36.394
Italian Grand Prix,23.0,BOT,32.771
Italian Grand Prix,23.0,HUL,49.558
Italian Grand Prix,23.0,ZHO,55.105
Italian Grand Prix,23.0,STR,45.286
Italian Grand Prix,24.0,LEC,3.323
Italian Grand Prix,24.0,PIA,0.0
Italian Grand Prix,24.0,NOR,1.8010000000000002
Italian Grand Prix,24.0,SAI,14.375
Italian Grand Prix,24.0,HAM,15.658
Italian Grand Prix,24.0,VER,23.211
Italian Grand Prix,24.0,RUS,26.687
Italian Grand Prix,24.0,PER,25.873
Italian Grand Prix,24.0,ALB,36.323
Italian Grand Prix,24.0,MAG,37.602
Italian Grand Prix,24.0,ALO,30.441
Italian Grand Prix,24.0,COL,45.401
Italian Grand Prix,24.0,RIC,41.191
Italian Grand Prix,24.0,OCO,25.664
Italian Grand Prix,24.0,GAS,38.961
Italian Grand Prix,24.0,BOT,35.998
Italian Grand Prix,24.0,HUL,51.851
Italian Grand Prix,24.0,ZHO,57.831
Italian Grand Prix,24.0,STR,46.739
Italian Grand Prix,25.0,LEC,3.683
Italian Grand Prix,25.0,PIA,0.0
Italian Grand Prix,25.0,NOR,1.892
Italian Grand Prix,25.0,SAI,14.832
Italian Grand Prix,25.0,HAM,16.232
Italian Grand Prix,25.0,VER,23.782
Italian Grand Prix,25.0,RUS,28.631
Italian Grand Prix,25.0,PER,26.752
Italian Grand Prix,25.0,ALB,37.8
Italian Grand Prix,25.0,MAG,39.876
Italian Grand Prix,25.0,ALO,31.715
Italian Grand Prix,25.0,COL,47.087
Italian Grand Prix,25.0,RIC,43.008
Italian Grand Prix,25.0,OCO,29.953
Italian Grand Prix,25.0,GAS,41.719
Italian Grand Prix,25.0,BOT,39.631
Italian Grand Prix,25.0,HUL,54.337
Italian Grand Prix,25.0,ZHO,60.184
Italian Grand Prix,25.0,STR,48.252
Italian Grand Prix,26.0,LEC,3.871
Italian Grand Prix,26.0,PIA,0.0
Italian Grand Prix,26.0,NOR,2.228
Italian Grand Prix,26.0,SAI,15.202
Italian Grand Prix,26.0,HAM,16.772
Italian Grand Prix,26.0,VER,24.267
Italian Grand Prix,26.0,RUS,29.073
Italian Grand Prix,26.0,PER,27.594
Italian Grand Prix,26.0,ALB,39.732
Italian Grand Prix,26.0,MAG,41.942
Italian Grand Prix,26.0,ALO,33.519
Italian Grand Prix,26.0,COL,48.593
Italian Grand Prix,26.0,RIC,44.781
Italian Grand Prix,26.0,OCO,33.203
Italian Grand Prix,26.0,GAS,44.328
Italian Grand Prix,26.0,BOT,43.383
Italian Grand Prix,26.0,HUL,56.71
Italian Grand Prix,26.0,ZHO,62.6
Italian Grand Prix,26.0,STR,49.61
Italian Grand Prix,27.0,LEC,4.317
Italian Grand Prix,27.0,PIA,0.0
Italian Grand Prix,27.0,NOR,2.407
Italian Grand Prix,27.0,SAI,15.617
Italian Grand Prix,27.0,HAM,17.179
Italian Grand Prix,27.0,VER,24.703
Italian Grand Prix,27.0,RUS,29.717
Italian Grand Prix,27.0,PER,28.29
Italian Grand Prix,27.0,ALB,41.593
Italian Grand Prix,27.0,MAG,43.494
Italian Grand Prix,27.0,ALO,35.322
Italian Grand Prix,27.0,COL,50.002
Italian Grand Prix,27.0,RIC,47.288
Italian Grand Prix,27.0,OCO,36.84
Italian Grand Prix,27.0,GAS,48.431
Italian Grand Prix,27.0,BOT,46.604
Italian Grand Prix,27.0,HUL,59.296
Italian Grand Prix,27.0,ZHO,65.115
Italian Grand Prix,27.0,STR,50.959
Italian Grand Prix,28.0,LEC,4.433
Italian Grand Prix,28.0,PIA,0.0
Italian Grand Prix,28.0,NOR,2.306
Italian Grand Prix,28.0,SAI,16.2
Italian Grand Prix,28.0,HAM,17.651
Italian Grand Prix,28.0,VER,25.044
Italian Grand Prix,28.0,RUS,29.932
Italian Grand Prix,28.0,PER,28.72
Italian Grand Prix,28.0,ALB,43.218
Italian Grand Prix,28.0,MAG,44.741
Italian Grand Prix,28.0,ALO,36.879
Italian Grand Prix,28.0,COL,51.839
Italian Grand Prix,28.0,RIC,49.5
Italian Grand Prix,28.0,OCO,39.685
Italian Grand Prix,28.0,GAS,51.086
Italian Grand Prix,28.0,BOT,49.24
Italian Grand Prix,28.0,HUL,61.558
Italian Grand Prix,28.0,ZHO,67.646
Italian Grand Prix,28.0,STR,52.409
Italian Grand Prix,29.0,LEC,4.596
Italian Grand Prix,29.0,PIA,0.0
Italian Grand Prix,29.0,NOR,2.54
Italian Grand Prix,29.0,SAI,16.607
Italian Grand Prix,29.0,HAM,18.092
Italian Grand Prix,29.0,VER,25.43
Italian Grand Prix,29.0,RUS,30.382
Italian Grand Prix,29.0,PER,29.508
Italian Grand Prix,29.0,ALB,45.023
Italian Grand Prix,29.0,MAG,46.474
Italian Grand Prix,29.0,ALO,38.824
Italian Grand Prix,29.0,COL,54.407
Italian Grand Prix,29.0,RIC,51.269
Italian Grand Prix,29.0,OCO,42.718
Italian Grand Prix,29.0,GAS,54.099
Italian Grand Prix,29.0,BOT,53.001
Italian Grand Prix,29.0,HUL,64.062
Italian Grand Prix,29.0,ZHO,70.095
Italian Grand Prix,29.0,STR,54.74
Italian Grand Prix,30.0,LEC,4.987
Italian Grand Prix,30.0,PIA,0.0
Italian Grand Prix,30.0,NOR,3.186
Italian Grand Prix,30.0,SAI,17.223
Italian Grand Prix,30.0,HAM,18.569
Italian Grand Prix,30.0,VER,26.004
Italian Grand Prix,30.0,RUS,30.591
Italian Grand Prix,30.0,PER,30.014
Italian Grand Prix,30.0,ALB,46.809
Italian Grand Prix,30.0,MAG,48.079
Italian Grand Prix,30.0,ALO,40.895
Italian Grand Prix,30.0,COL,56.851
Italian Grand Prix,30.0,RIC,53.271
Italian Grand Prix,30.0,OCO,45.775
Italian Grand Prix,30.0,GAS,62.135
Italian Grand Prix,30.0,BOT,56.055
Italian Grand Prix,30.0,HUL,66.722
Italian Grand Prix,30.0,ZHO,72.618
Italian Grand Prix,30.0,STR,58.149
Italian Grand Prix,31.0,LEC,5.7379999999999995
Italian Grand Prix,31.0,PIA,0.0
Italian Grand Prix,31.0,NOR,4.905
Italian Grand Prix,31.0,SAI,17.332
Italian Grand Prix,31.0,HAM,18.708
Italian Grand Prix,31.0,VER,26.207
Italian Grand Prix,31.0,RUS,32.701
Italian Grand Prix,31.0,PER,31.879
Italian Grand Prix,31.0,ALB,48.817
Italian Grand Prix,31.0,MAG,49.316
Italian Grand Prix,31.0,ALO,42.802
Italian Grand Prix,31.0,COL,59.216
Italian Grand Prix,31.0,RIC,54.925
Italian Grand Prix,31.0,OCO,53.311
Italian Grand Prix,31.0,GAS,84.671
Italian Grand Prix,31.0,BOT,58.838
Italian Grand Prix,31.0,HUL,68.643
Italian Grand Prix,31.0,ZHO,74.875
Italian Grand Prix,31.0,STR,59.677
Italian Grand Prix,32.0,LEC,5.532
Italian Grand Prix,32.0,PIA,0.0
Italian Grand Prix,32.0,NOR,8.839
Italian Grand Prix,32.0,SAI,17.206
Italian Grand Prix,32.0,HAM,18.556
Italian Grand Prix,32.0,VER,26.217
Italian Grand Prix,32.0,RUS,32.763
Italian Grand Prix,32.0,PER,32.224
Italian Grand Prix,32.0,ALB,49.749
Italian Grand Prix,32.0,MAG,50.244
Italian Grand Prix,32.0,ALO,44.421
Italian Grand Prix,32.0,COL,61.169
Italian Grand Prix,32.0,RIC,56.135
Italian Grand Prix,32.0,OCO,74.541
Italian Grand Prix,32.0,GAS,85.614
Italian Grand Prix,32.0,BOT,63.217
Italian Grand Prix,32.0,HUL,75.066
Italian Grand Prix,32.0,ZHO,76.751
Italian Grand Prix,32.0,STR,61.773
Italian Grand Prix,33.0,LEC,5.61
Italian Grand Prix,33.0,PIA,0.0
Italian Grand Prix,33.0,NOR,29.764
Italian Grand Prix,33.0,SAI,17.47
Italian Grand Prix,33.0,HAM,18.805
Italian Grand Prix,33.0,VER,26.69
Italian Grand Prix,33.0,RUS,37.879
Italian Grand Prix,33.0,PER,32.549
Italian Grand Prix,33.0,ALB,52.883
Italian Grand Prix,33.0,MAG,51.949
Italian Grand Prix,33.0,ALO,46.562
Italian Grand Prix,33.0,COL,62.889
Italian Grand Prix,33.0,RIC,57.649
Italian Grand Prix,33.0,OCO,76.045
Italian Grand Prix,33.0,GAS,86.718
Italian Grand Prix,33.0,BOT,70.993
Italian Grand Prix,33.0,HUL,108.472
Italian Grand Prix,33.0,ZHO,79.054
Italian Grand Prix,33.0,STR,63.572
Italian Grand Prix,34.0,LEC,5.584
Italian Grand Prix,34.0,PIA,0.0
Italian Grand Prix,34.0,NOR,29.145
Italian Grand Prix,34.0,SAI,17.299
Italian Grand Prix,34.0,HAM,18.88
Italian Grand Prix,34.0,VER,26.81
Italian Grand Prix,34.0,RUS,59.286
Italian Grand Prix,34.0,PER,32.704
Italian Grand Prix,34.0,ALB,54.997
Italian Grand Prix,34.0,MAG,53.195
Italian Grand Prix,34.0,ALO,48.189
Italian Grand Prix,34.0,COL,64.354
Italian Grand Prix,34.0,RIC,58.97
Italian Grand Prix,34.0,OCO,77.554
Italian Grand Prix,34.0,GAS,87.645
Italian Grand Prix,34.0,BOT,92.999
Italian Grand Prix,34.0,HUL,108.603
Italian Grand Prix,34.0,ZHO,81.085
Italian Grand Prix,34.0,STR,64.972
Italian Grand Prix,35.0,LEC,5.856
Italian Grand Prix,35.0,PIA,0.0
Italian Grand Prix,35.0,NOR,28.873
Italian Grand Prix,35.0,SAI,17.224
Italian Grand Prix,35.0,HAM,18.849
Italian Grand Prix,35.0,VER,26.99
Italian Grand Prix,35.0,RUS,58.821
Italian Grand Prix,35.0,PER,37.55
Italian Grand Prix,35.0,ALB,56.582
Italian Grand Prix,35.0,MAG,53.956
Italian Grand Prix,35.0,ALO,54.579
Italian Grand Prix,35.0,COL,65.743
Italian Grand Prix,35.0,RIC,61.149
Italian Grand Prix,35.0,OCO,79.164
Italian Grand Prix,35.0,GAS,89.058
Italian Grand Prix,35.0,BOT,94.926
Italian Grand Prix,35.0,HUL,108.955
Italian Grand Prix,35.0,ZHO,83.196
Italian Grand Prix,35.0,STR,66.426
Italian Grand Prix,36.0,LEC,5.824
Italian Grand Prix,36.0,PIA,0.0
Italian Grand Prix,36.0,NOR,28.241
Italian Grand Prix,36.0,SAI,16.748
Italian Grand Prix,36.0,HAM,18.704
Italian Grand Prix,36.0,VER,26.803
Italian Grand Prix,36.0,RUS,58.408
Italian Grand Prix,36.0,PER,57.878
Italian Grand Prix,36.0,ALB,57.584
Italian Grand Prix,36.0,MAG,54.486
Italian Grand Prix,36.0,ALO,74.985
Italian Grand Prix,36.0,COL,66.837
Italian Grand Prix,36.0,RIC,62.484
Italian Grand Prix,36.0,OCO,80.36
Italian Grand Prix,36.0,GAS,90.903
Italian Grand Prix,36.0,BOT,96.294
Italian Grand Prix,36.0,HUL,108.981
Italian Grand Prix,36.0,ZHO,86.056
Italian Grand Prix,36.0,STR,72.014
Italian Grand Prix,37.0,LEC,5.683
Italian Grand Prix,37.0,PIA,0.0
Italian Grand Prix,37.0,NOR,27.728
Italian Grand Prix,37.0,SAI,16.347
Italian Grand Prix,37.0,HAM,23.362
Italian Grand Prix,37.0,VER,26.597
Italian Grand Prix,37.0,RUS,57.875
Italian Grand Prix,37.0,PER,57.478
Italian Grand Prix,37.0,ALB,59.775
Italian Grand Prix,37.0,MAG,54.745
Italian Grand Prix,37.0,ALO,74.997
Italian Grand Prix,37.0,COL,68.491
Italian Grand Prix,37.0,RIC,63.888
Italian Grand Prix,37.0,OCO,81.282
Italian Grand Prix,37.0,GAS,91.598
Italian Grand Prix,37.0,BOT,97.816
Italian Grand Prix,37.0,HUL,113.099
Italian Grand Prix,37.0,ZHO,87.57
Italian Grand Prix,37.0,STR,92.098
Italian Grand Prix,38.0,LEC,1.182
Italian Grand Prix,38.0,PIA,0.0
Italian Grand Prix,38.0,NOR,22.736
Italian Grand Prix,38.0,SAI,11.773
Italian Grand Prix,38.0,HAM,37.663
Italian Grand Prix,38.0,VER,21.899
Italian Grand Prix,38.0,RUS,54.916
Italian Grand Prix,38.0,PER,55.596
Italian Grand Prix,38.0,ALB,56.864
Italian Grand Prix,38.0,MAG,51.423
Italian Grand Prix,38.0,ALO,70.719
Italian Grand Prix,38.0,COL,65.56
Italian Grand Prix,38.0,RIC,61.051
Italian Grand Prix,38.0,OCO,78.002
Italian Grand Prix,38.0,GAS,88.702
Italian Grand Prix,38.0,BOT,96.395
Italian Grand Prix,38.0,HUL,108.854
Italian Grand Prix,38.0,ZHO,86.097
Italian Grand Prix,38.0,STR,87.59
Italian Grand Prix,39.0,LEC,0.0
Italian Grand Prix,39.0,PIA,18.538
Italian Grand Prix,39.0,NOR,20.897
Italian Grand Prix,39.0,SAI,10.682
Italian Grand Prix,39.0,HAM,35.731
Italian Grand Prix,39.0,VER,20.5
Italian Grand Prix,39.0,RUS,53.158
Italian Grand Prix,39.0,PER,54.403
Italian Grand Prix,39.0,ALB,56.935
Italian Grand Prix,39.0,MAG,50.986
Italian Grand Prix,39.0,ALO,69.589
Italian Grand Prix,39.0,COL,65.788
Italian Grand Prix,39.0,RIC,61.184
Italian Grand Prix,39.0,OCO,78.369
Italian Grand Prix,39.0,GAS,88.393
Italian Grand Prix,39.0,BOT,96.576
Italian Grand Prix,39.0,HUL,107.973
Italian Grand Prix,39.0,ZHO,86.781
Italian Grand Prix,39.0,STR,87.12
Italian Grand Prix,40.0,LEC,0.0
Italian Grand Prix,40.0,PIA,17.112
Italian Grand Prix,40.0,NOR,21.369
Italian Grand Prix,40.0,SAI,10.795
Italian Grand Prix,40.0,HAM,35.053
Italian Grand Prix,40.0,VER,21.147
Italian Grand Prix,40.0,RUS,52.354
Italian Grand Prix,40.0,PER,54.106
Italian Grand Prix,40.0,ALB,57.797
Italian Grand Prix,40.0,MAG,51.578
Italian Grand Prix,40.0,ALO,69.582
Italian Grand Prix,40.0,COL,67.245
Italian Grand Prix,40.0,RIC,62.519
Italian Grand Prix,40.0,OCO,79.89
Italian Grand Prix,40.0,GAS,89.807
Italian Grand Prix,40.0,BOT,98.046
Italian Grand Prix,40.0,HUL,107.904
Italian Grand Prix,40.0,ZHO,88.911
Italian Grand Prix,40.0,STR,89.207
Italian Grand Prix,41.0,LEC,0.0
Italian Grand Prix,41.0,PIA,15.567
Italian Grand Prix,41.0,NOR,19.992
Italian Grand Prix,41.0,SAI,10.521
Italian Grand Prix,41.0,HAM,34.369
Italian Grand Prix,41.0,VER,26.274
Italian Grand Prix,41.0,RUS,52.782
Italian Grand Prix,41.0,PER,53.762
Italian Grand Prix,41.0,ALB,58.558
Italian Grand Prix,41.0,MAG,52.592
Italian Grand Prix,41.0,ALO,69.793
Italian Grand Prix,41.0,COL,68.435
Italian Grand Prix,41.0,RIC,63.853
Italian Grand Prix,41.0,OCO,81.339
Italian Grand Prix,41.0,GAS,91.968
Italian Grand Prix,41.0,BOT,100.745
Italian Grand Prix,41.0,HUL,107.742
Italian Grand Prix,41.0,ZHO,91.737
Italian Grand Prix,41.0,STR,89.298
Italian Grand Prix,42.0,LEC,0.0
Italian Grand Prix,42.0,PIA,14.228
Italian Grand Prix,42.0,NOR,19.0
Italian Grand Prix,42.0,SAI,10.689
Italian Grand Prix,42.0,HAM,33.219
Italian Grand Prix,42.0,VER,46.694
Italian Grand Prix,42.0,RUS,51.911
Italian Grand Prix,42.0,PER,54.0
Italian Grand Prix,42.0,ALB,59.762
Italian Grand Prix,42.0,MAG,53.55
Italian Grand Prix,42.0,ALO,69.76
Italian Grand Prix,42.0,COL,69.385
Italian Grand Prix,42.0,RIC,65.137
Italian Grand Prix,42.0,OCO,82.788
Italian Grand Prix,42.0,GAS,92.903
Italian Grand Prix,42.0,BOT,103.111
Italian Grand Prix,42.0,HUL,107.696
Italian Grand Prix,42.0,ZHO,95.707
Italian Grand Prix,42.0,STR,89.451
Italian Grand Prix,43.0,LEC,0.0
Italian Grand Prix,43.0,PIA,12.453
Italian Grand Prix,43.0,NOR,17.383
Italian Grand Prix,43.0,SAI,10.615
Italian Grand Prix,43.0,HAM,31.748
Italian Grand Prix,43.0,VER,44.572
Italian Grand Prix,43.0,RUS,50.983
Italian Grand Prix,43.0,PER,54.67
Italian Grand Prix,43.0,ALB,60.564
Italian Grand Prix,43.0,MAG,54.288
Italian Grand Prix,43.0,ALO,69.574
Italian Grand Prix,43.0,COL,71.497
Italian Grand Prix,43.0,RIC,66.449
Italian Grand Prix,43.0,OCO,85.032
Italian Grand Prix,43.0,GAS,94.178
Italian Grand Prix,43.0,BOT,103.881
Italian Grand Prix,43.0,HUL,107.42
Italian Grand Prix,43.0,ZHO,98.756
Italian Grand Prix,43.0,STR,89.394
Italian Grand Prix,44.0,LEC,0.0
Italian Grand Prix,44.0,PIA,11.651
Italian Grand Prix,44.0,NOR,16.356
Italian Grand Prix,44.0,SAI,11.116
Italian Grand Prix,44.0,HAM,30.454
Italian Grand Prix,44.0,VER,44.187
Italian Grand Prix,44.0,RUS,50.476
Italian Grand Prix,44.0,PER,54.857
Italian Grand Prix,44.0,ALB,61.812
Italian Grand Prix,44.0,MAG,56.063
Italian Grand Prix,44.0,ALO,69.673
Italian Grand Prix,44.0,COL,73.228
Italian Grand Prix,44.0,RIC,67.795
Italian Grand Prix,44.0,OCO,86.271
Italian Grand Prix,44.0,GAS,96.923
Italian Grand Prix,44.0,BOT,105.243
Italian Grand Prix,44.0,HUL,107.265
Italian Grand Prix,44.0,ZHO,102.244
Italian Grand Prix,44.0,STR,89.618
Italian Grand Prix,45.0,LEC,0.0
Italian Grand Prix,45.0,PIA,11.595
Italian Grand Prix,45.0,NOR,15.023
Italian Grand Prix,45.0,SAI,12.498
Italian Grand Prix,45.0,HAM,28.899
Italian Grand Prix,45.0,VER,43.819
Italian Grand Prix,45.0,RUS,49.43
Italian Grand Prix,45.0,PER,54.159
Italian Grand Prix,45.0,ALB,62.65
Italian Grand Prix,45.0,MAG,56.604
Italian Grand Prix,45.0,ALO,69.426
Italian Grand Prix,45.0,COL,74.309
Italian Grand Prix,45.0,RIC,69.127
Italian Grand Prix,45.0,OCO,87.127
Italian Grand Prix,45.0,GAS,98.617
Italian Grand Prix,45.0,BOT,106.1
Italian Grand Prix,45.0,HUL,107.341
Italian Grand Prix,45.0,ZHO,104.145
Italian Grand Prix,45.0,STR,89.314
Italian Grand Prix,46.0,LEC,0.0
Italian Grand Prix,46.0,PIA,10.535
Italian Grand Prix,46.0,NOR,13.467
Italian Grand Prix,46.0,SAI,12.902
Italian Grand Prix,46.0,HAM,27.609
Italian Grand Prix,46.0,VER,43.163
Italian Grand Prix,46.0,RUS,48.252
Italian Grand Prix,46.0,PER,53.558
Italian Grand Prix,46.0,ALB,63.607
Italian Grand Prix,46.0,MAG,57.131
Italian Grand Prix,46.0,ALO,68.773
Italian Grand Prix,46.0,COL,75.651
Italian Grand Prix,46.0,RIC,71.215
Italian Grand Prix,46.0,OCO,87.979
Italian Grand Prix,46.0,GAS,99.423
Italian Grand Prix,46.0,BOT,106.861
Italian Grand Prix,46.0,HUL,107.851
Italian Grand Prix,46.0,ZHO,106.405
Italian Grand Prix,46.0,STR,89.623
Italian Grand Prix,47.0,LEC,0.0
Italian Grand Prix,47.0,PIA,9.112
Italian Grand Prix,47.0,NOR,13.643
Italian Grand Prix,47.0,SAI,13.316
Italian Grand Prix,47.0,HAM,26.404
Italian Grand Prix,47.0,VER,42.007
Italian Grand Prix,47.0,RUS,46.919
Italian Grand Prix,47.0,PER,52.853
Italian Grand Prix,47.0,ALB,64.314
Italian Grand Prix,47.0,MAG,57.426
Italian Grand Prix,47.0,ALO,68.318
Italian Grand Prix,47.0,COL,76.672
Italian Grand Prix,47.0,RIC,72.314
Italian Grand Prix,47.0,OCO,88.809
Italian Grand Prix,47.0,GAS,99.67
Italian Grand Prix,47.0,BOT,107.274
Italian Grand Prix,47.0,HUL,111.166
Italian Grand Prix,47.0,ZHO,110.171
Italian Grand Prix,47.0,STR,89.961
Italian Grand Prix,48.0,LEC,0.0
Italian Grand Prix,48.0,PIA,8.319
Italian Grand Prix,48.0,NOR,11.949
Italian Grand Prix,48.0,SAI,14.737
Italian Grand Prix,48.0,HAM,25.68
Italian Grand Prix,48.0,VER,41.059
Italian Grand Prix,48.0,RUS,45.566
Italian Grand Prix,48.0,PER,52.65
Italian Grand Prix,48.0,ALB,64.945
Italian Grand Prix,48.0,MAG,57.649
Italian Grand Prix,48.0,ALO,68.045
Italian Grand Prix,48.0,COL,77.692
Italian Grand Prix,48.0,RIC,73.314
Italian Grand Prix,48.0,OCO,89.749
Italian Grand Prix,48.0,GAS,100.188
Italian Grand Prix,48.0,BOT,108.882
Italian Grand Prix,48.0,HUL,112.773
Italian Grand Prix,48.0,ZHO,112.493
Italian Grand Prix,48.0,STR,92.547
Italian Grand Prix,49.0,LEC,0.0
Italian Grand Prix,49.0,PIA,7.797
Italian Grand Prix,49.0,NOR,10.918
Italian Grand Prix,49.0,SAI,15.191
Italian Grand Prix,49.0,HAM,24.659
Italian Grand Prix,49.0,VER,40.176
Italian Grand Prix,49.0,RUS,44.135
Italian Grand Prix,49.0,PER,52.795
Italian Grand Prix,49.0,ALB,65.74
Italian Grand Prix,49.0,MAG,57.89
Italian Grand Prix,49.0,ALO,68.103
Italian Grand Prix,49.0,COL,78.699
Italian Grand Prix,49.0,RIC,74.464
Italian Grand Prix,49.0,OCO,92.072
Italian Grand Prix,49.0,GAS,100.573
Italian Grand Prix,49.0,BOT,109.3
Italian Grand Prix,49.0,HUL,112.71
Italian Grand Prix,49.0,ZHO,115.324
Italian Grand Prix,49.0,STR,94.144
Italian Grand Prix,50.0,LEC,0.0
Italian Grand Prix,50.0,PIA,6.922
Italian Grand Prix,50.0,NOR,10.723
Italian Grand Prix,50.0,SAI,15.499
Italian Grand Prix,50.0,HAM,23.441
Italian Grand Prix,50.0,VER,39.3
Italian Grand Prix,50.0,RUS,42.83
Italian Grand Prix,50.0,PER,52.724
Italian Grand Prix,50.0,ALB,66.235
Italian Grand Prix,50.0,MAG,58.032
Italian Grand Prix,50.0,ALO,68.153
Italian Grand Prix,50.0,COL,79.538
Italian Grand Prix,50.0,RIC,75.82
Italian Grand Prix,50.0,OCO,94.299
Italian Grand Prix,50.0,GAS,101.189
Italian Grand Prix,50.0,BOT,110.196
Italian Grand Prix,50.0,HUL,113.266
Italian Grand Prix,50.0,ZHO,117.402
Italian Grand Prix,50.0,STR,100.869
Italian Grand Prix,51.0,LEC,0.0
Italian Grand Prix,51.0,PIA,5.791
Italian Grand Prix,51.0,NOR,9.437
Italian Grand Prix,51.0,SAI,15.698
Italian Grand Prix,51.0,HAM,22.623
Italian Grand Prix,51.0,VER,38.319
Italian Grand Prix,51.0,RUS,41.586
Italian Grand Prix,51.0,PER,52.584
Italian Grand Prix,51.0,ALB,66.601
Italian Grand Prix,51.0,MAG,57.914
Italian Grand Prix,51.0,ALO,68.066
Italian Grand Prix,51.0,COL,80.169
Italian Grand Prix,51.0,RIC,76.904
Italian Grand Prix,51.0,OCO,95.334
Italian Grand Prix,51.0,GAS,101.389
Italian Grand Prix,51.0,BOT,110.62
Italian Grand Prix,51.0,HUL,113.922
Italian Grand Prix,51.0,ZHO,119.793
Italian Grand Prix,51.0,STR,128.294
Italian Grand Prix,52.0,LEC,0.0
Italian Grand Prix,52.0,PIA,3.989
Italian Grand Prix,52.0,NOR,7.989
Italian Grand Prix,52.0,SAI,15.67
Italian Grand Prix,52.0,HAM,24.576
Italian Grand Prix,52.0,VER,37.489
Italian Grand Prix,52.0,RUS,40.283
Italian Grand Prix,52.0,PER,52.905
Italian Grand Prix,52.0,ALB,66.806
Italian Grand Prix,52.0,MAG,57.855
Italian Grand Prix,52.0,ALO,68.077
Italian Grand Prix,52.0,COL,80.848
Italian Grand Prix,52.0,RIC,77.373
Italian Grand Prix,52.0,OCO,95.927
Italian Grand Prix,52.0,GAS,101.612
Italian Grand Prix,52.0,BOT,110.479
Italian Grand Prix,52.0,HUL,114.138
Italian Grand Prix,52.0,ZHO,123.323
Italian Grand Prix,52.0,STR,126.776
Italian Grand Prix,53.0,LEC,0.0
Italian Grand Prix,53.0,PIA,2.664
Italian Grand Prix,53.0,NOR,6.153
Italian Grand Prix,53.0,SAI,15.621
Italian Grand Prix,53.0,HAM,22.82
Italian Grand Prix,53.0,VER,37.932
Italian Grand Prix,53.0,RUS,39.715
Italian Grand Prix,53.0,PER,54.148
Italian Grand Prix,53.0,ALB,67.456
Italian Grand Prix,53.0,MAG,58.302
Italian Grand Prix,53.0,ALO,68.495
Italian Grand Prix,53.0,COL,81.308
Italian Grand Prix,53.0,RIC,78.452
Azerbaijan Grand Prix,1.0,VER,3.384
Azerbaijan Grand Prix,1.0,GAS,12.342
Azerbaijan Grand Prix,1.0,PER,1.817
Azerbaijan Grand Prix,1.0,ALO,5.294
Azerbaijan Grand Prix,1.0,LEC,0.0
Azerbaijan Grand Prix,1.0,STR,18.908
Azerbaijan Grand Prix,1.0,TSU,11.543
Azerbaijan Grand Prix,1.0,ALB,6.941
Azerbaijan Grand Prix,1.0,ZHO,13.693999999999999
Azerbaijan Grand Prix,1.0,HUL,11.727
Azerbaijan Grand Prix,1.0,RIC,11.823
Azerbaijan Grand Prix,1.0,OCO,14.863
Azerbaijan Grand Prix,1.0,NOR,11.655
Azerbaijan Grand Prix,1.0,COL,6.187
Azerbaijan Grand Prix,1.0,HAM,13.598
Azerbaijan Grand Prix,1.0,BEA,7.902
Azerbaijan Grand Prix,1.0,SAI,2.691
Azerbaijan Grand Prix,1.0,RUS,4.314
Azerbaijan Grand Prix,1.0,BOT,12.363
Azerbaijan Grand Prix,1.0,PIA,0.797
Azerbaijan Grand Prix,2.0,VER,3.733
Azerbaijan Grand Prix,2.0,GAS,15.92
Azerbaijan Grand Prix,2.0,PER,1.77
Azerbaijan Grand Prix,2.0,ALO,6.092
Azerbaijan Grand Prix,2.0,LEC,0.0
Azerbaijan Grand Prix,2.0,STR,38.042
Azerbaijan Grand Prix,2.0,TSU,13.908
Azerbaijan Grand Prix,2.0,ALB,8.504
Azerbaijan Grand Prix,2.0,ZHO,18.41
Azerbaijan Grand Prix,2.0,HUL,14.478
Azerbaijan Grand Prix,2.0,RIC,15.436
Azerbaijan Grand Prix,2.0,OCO,19.098
Azerbaijan Grand Prix,2.0,NOR,14.01
Azerbaijan Grand Prix,2.0,COL,7.314
Azerbaijan Grand Prix,2.0,HAM,17.237
Azerbaijan Grand Prix,2.0,BEA,9.357
Azerbaijan Grand Prix,2.0,SAI,2.528
Azerbaijan Grand Prix,2.0,RUS,4.769
Azerbaijan Grand Prix,2.0,BOT,17.371
Azerbaijan Grand Prix,2.0,PIA,0.458
Azerbaijan Grand Prix,3.0,VER,4.451
Azerbaijan Grand Prix,3.0,GAS,19.073
Azerbaijan Grand Prix,3.0,PER,2.172
Azerbaijan Grand Prix,3.0,ALO,7.942
Azerbaijan Grand Prix,3.0,LEC,0.0
Azerbaijan Grand Prix,3.0,STR,40.449
Azerbaijan Grand Prix,3.0,TSU,18.824
Azerbaijan Grand Prix,3.0,ALB,10.549
Azerbaijan Grand Prix,3.0,ZHO,22.108
Azerbaijan Grand Prix,3.0,HUL,16.516
Azerbaijan Grand Prix,3.0,RIC,18.734
Azerbaijan Grand Prix,3.0,OCO,22.714
Azerbaijan Grand Prix,3.0,NOR,15.817
Azerbaijan Grand Prix,3.0,COL,9.316
Azerbaijan Grand Prix,3.0,HAM,19.795
Azerbaijan Grand Prix,3.0,BEA,11.622
Azerbaijan Grand Prix,3.0,SAI,3.491
Azerbaijan Grand Prix,3.0,RUS,5.716
Azerbaijan Grand Prix,3.0,BOT,21.669
Azerbaijan Grand Prix,3.0,PIA,0.857
Azerbaijan Grand Prix,4.0,VER,5.651
Azerbaijan Grand Prix,4.0,GAS,20.514
Azerbaijan Grand Prix,4.0,PER,2.491
Azerbaijan Grand Prix,4.0,ALO,9.509
Azerbaijan Grand Prix,4.0,LEC,0.0
Azerbaijan Grand Prix,4.0,STR,42.521
Azerbaijan Grand Prix,4.0,TSU,24.413
Azerbaijan Grand Prix,4.0,ALB,12.326
Azerbaijan Grand Prix,4.0,ZHO,25.371
Azerbaijan Grand Prix,4.0,HUL,18.385
Azerbaijan Grand Prix,4.0,RIC,19.762
Azerbaijan Grand Prix,4.0,OCO,25.82
Azerbaijan Grand Prix,4.0,NOR,17.176
Azerbaijan Grand Prix,4.0,COL,10.824
Azerbaijan Grand Prix,4.0,HAM,21.738
Azerbaijan Grand Prix,4.0,BEA,13.496
Azerbaijan Grand Prix,4.0,SAI,4.25
Azerbaijan Grand Prix,4.0,RUS,6.507
Azerbaijan Grand Prix,4.0,BOT,24.846
Azerbaijan Grand Prix,4.0,PIA,0.857
Azerbaijan Grand Prix,5.0,VER,6.582
Azerbaijan Grand Prix,5.0,GAS,22.316
Azerbaijan Grand Prix,5.0,PER,2.945
Azerbaijan Grand Prix,5.0,ALO,11.298
Azerbaijan Grand Prix,5.0,LEC,0.0
Azerbaijan Grand Prix,5.0,STR,44.177
Azerbaijan Grand Prix,5.0,TSU,29.22
Azerbaijan Grand Prix,5.0,ALB,13.792
Azerbaijan Grand Prix,5.0,ZHO,30.39
Azerbaijan Grand Prix,5.0,HUL,19.184
Azerbaijan Grand Prix,5.0,RIC,21.138
Azerbaijan Grand Prix,5.0,OCO,30.824
Azerbaijan Grand Prix,5.0,NOR,18.248
Azerbaijan Grand Prix,5.0,COL,12.647
Azerbaijan Grand Prix,5.0,HAM,23.782
Azerbaijan Grand Prix,5.0,BEA,15.692
Azerbaijan Grand Prix,5.0,SAI,4.975
Azerbaijan Grand Prix,5.0,RUS,7.145
Azerbaijan Grand Prix,5.0,BOT,29.845
Azerbaijan Grand Prix,5.0,PIA,0.613
Azerbaijan Grand Prix,6.0,VER,7.325
Azerbaijan Grand Prix,6.0,GAS,24.335
Azerbaijan Grand Prix,6.0,PER,3.497
Azerbaijan Grand Prix,6.0,ALO,13.183
Azerbaijan Grand Prix,6.0,LEC,0.0
Azerbaijan Grand Prix,6.0,STR,45.644
Azerbaijan Grand Prix,6.0,TSU,32.446
Azerbaijan Grand Prix,6.0,ALB,15.38
Azerbaijan Grand Prix,6.0,ZHO,33.573
Azerbaijan Grand Prix,6.0,HUL,20.893
Azerbaijan Grand Prix,6.0,RIC,22.786
Azerbaijan Grand Prix,6.0,OCO,34.362
Azerbaijan Grand Prix,6.0,NOR,19.705
Azerbaijan Grand Prix,6.0,COL,14.317
Azerbaijan Grand Prix,6.0,HAM,25.521
Azerbaijan Grand Prix,6.0,BEA,18.631
Azerbaijan Grand Prix,6.0,SAI,5.749
Azerbaijan Grand Prix,6.0,RUS,8.674
Azerbaijan Grand Prix,6.0,BOT,32.832
Azerbaijan Grand Prix,6.0,PIA,1.409
Azerbaijan Grand Prix,7.0,VER,7.611
Azerbaijan Grand Prix,7.0,GAS,25.732
Azerbaijan Grand Prix,7.0,PER,3.505
Azerbaijan Grand Prix,7.0,ALO,14.332
Azerbaijan Grand Prix,7.0,LEC,0.0
Azerbaijan Grand Prix,7.0,STR,46.82
Azerbaijan Grand Prix,7.0,TSU,35.01
Azerbaijan Grand Prix,7.0,ALB,16.402
Azerbaijan Grand Prix,7.0,ZHO,36.167
Azerbaijan Grand Prix,7.0,HUL,22.3
Azerbaijan Grand Prix,7.0,RIC,23.572
Azerbaijan Grand Prix,7.0,OCO,36.857
Azerbaijan Grand Prix,7.0,NOR,20.298
Azerbaijan Grand Prix,7.0,COL,15.289
Azerbaijan Grand Prix,7.0,HAM,26.409
Azerbaijan Grand Prix,7.0,BEA,20.204
Azerbaijan Grand Prix,7.0,SAI,5.834
Azerbaijan Grand Prix,7.0,RUS,9.478
Azerbaijan Grand Prix,7.0,BOT,35.695
Azerbaijan Grand Prix,7.0,PIA,1.653
Azerbaijan Grand Prix,8.0,VER,8.582
Azerbaijan Grand Prix,8.0,GAS,27.767
Azerbaijan Grand Prix,8.0,PER,3.9859999999999998
Azerbaijan Grand Prix,8.0,ALO,15.792
Azerbaijan Grand Prix,8.0,LEC,0.0
Azerbaijan Grand Prix,8.0,STR,49.463
Azerbaijan Grand Prix,8.0,TSU,38.225
Azerbaijan Grand Prix,8.0,ALB,17.937
Azerbaijan Grand Prix,8.0,ZHO,39.808
Azerbaijan Grand Prix,8.0,HUL,23.961
Azerbaijan Grand Prix,8.0,RIC,25.621
Azerbaijan Grand Prix,8.0,OCO,40.581
Azerbaijan Grand Prix,8.0,NOR,21.907
Azerbaijan Grand Prix,8.0,COL,16.919
Azerbaijan Grand Prix,8.0,HAM,28.327
Azerbaijan Grand Prix,8.0,BEA,23.726
Azerbaijan Grand Prix,8.0,SAI,6.644
Azerbaijan Grand Prix,8.0,RUS,11.157
Azerbaijan Grand Prix,8.0,BOT,39.338
Azerbaijan Grand Prix,8.0,PIA,2.278
Azerbaijan Grand Prix,9.0,VER,9.202
Azerbaijan Grand Prix,9.0,GAS,29.715
Azerbaijan Grand Prix,9.0,PER,3.984
Azerbaijan Grand Prix,9.0,ALO,17.02
Azerbaijan Grand Prix,9.0,LEC,0.0
Azerbaijan Grand Prix,9.0,STR,50.778
Azerbaijan Grand Prix,9.0,TSU,41.538
Azerbaijan Grand Prix,9.0,ALB,19.467
Azerbaijan Grand Prix,9.0,ZHO,42.998
Azerbaijan Grand Prix,9.0,HUL,25.951999999999998
Azerbaijan Grand Prix,9.0,RIC,27.306
Azerbaijan Grand Prix,9.0,OCO,44.037
Azerbaijan Grand Prix,9.0,NOR,22.89
Azerbaijan Grand Prix,9.0,COL,18.494
Azerbaijan Grand Prix,9.0,HAM,30.197
Azerbaijan Grand Prix,9.0,BEA,25.775
Azerbaijan Grand Prix,9.0,SAI,6.97
Azerbaijan Grand Prix,9.0,RUS,12.752
Azerbaijan Grand Prix,9.0,BOT,42.977
Azerbaijan Grand Prix,9.0,PIA,2.675
Azerbaijan Grand Prix,10.0,VER,10.556000000000001
Azerbaijan Grand Prix,10.0,GAS,31.1
Azerbaijan Grand Prix,10.0,PER,4.659
Azerbaijan Grand Prix,10.0,ALO,18.28
Azerbaijan Grand Prix,10.0,LEC,0.0
Azerbaijan Grand Prix,10.0,STR,52.116
Azerbaijan Grand Prix,10.0,TSU,44.343
Azerbaijan Grand Prix,10.0,ALB,20.664
Azerbaijan Grand Prix,10.0,ZHO,45.669
Azerbaijan Grand Prix,10.0,HUL,27.259
Azerbaijan Grand Prix,10.0,RIC,29.33
Azerbaijan Grand Prix,10.0,OCO,47.458
Azerbaijan Grand Prix,10.0,NOR,23.774
Azerbaijan Grand Prix,10.0,COL,23.774
Azerbaijan Grand Prix,10.0,HAM,32.096
Azerbaijan Grand Prix,10.0,BEA,28.798000000000002
Azerbaijan Grand Prix,10.0,SAI,7.265
Azerbaijan Grand Prix,10.0,RUS,14.37
Azerbaijan Grand Prix,10.0,BOT,47.568
Azerbaijan Grand Prix,10.0,PIA,3.182
Azerbaijan Grand Prix,11.0,VER,12.279
Azerbaijan Grand Prix,11.0,GAS,33.483
Azerbaijan Grand Prix,11.0,PER,5.458
Azerbaijan Grand Prix,11.0,ALO,23.85
Azerbaijan Grand Prix,11.0,LEC,0.0
Azerbaijan Grand Prix,11.0,STR,54.166
Azerbaijan Grand Prix,11.0,TSU,48.906
Azerbaijan Grand Prix,11.0,ALB,21.941
Azerbaijan Grand Prix,11.0,ZHO,48.765
Azerbaijan Grand Prix,11.0,HUL,28.891
Azerbaijan Grand Prix,11.0,RIC,31.74
Azerbaijan Grand Prix,11.0,OCO,49.991
Azerbaijan Grand Prix,11.0,NOR,24.408
Azerbaijan Grand Prix,11.0,COL,42.111
Azerbaijan Grand Prix,11.0,HAM,34.886
Azerbaijan Grand Prix,11.0,BEA,30.995
Azerbaijan Grand Prix,11.0,SAI,8.113
Azerbaijan Grand Prix,11.0,RUS,16.281
Azerbaijan Grand Prix,11.0,BOT,57.455
Azerbaijan Grand Prix,11.0,PIA,3.564
Azerbaijan Grand Prix,12.0,VER,18.7
Azerbaijan Grand Prix,12.0,GAS,35.6
Azerbaijan Grand Prix,12.0,PER,6.485
Azerbaijan Grand Prix,12.0,ALO,41.309
Azerbaijan Grand Prix,12.0,LEC,0.0
Azerbaijan Grand Prix,12.0,STR,57.028
Azerbaijan Grand Prix,12.0,TSU,62.12
Azerbaijan Grand Prix,12.0,ALB,23.042
Azerbaijan Grand Prix,12.0,ZHO,51.25
Azerbaijan Grand Prix,12.0,HUL,30.285
Azerbaijan Grand Prix,12.0,RIC,34.38
Azerbaijan Grand Prix,12.0,OCO,52.479
Azerbaijan Grand Prix,12.0,NOR,25.205
Azerbaijan Grand Prix,12.0,COL,43.194
Azerbaijan Grand Prix,12.0,HAM,42.083
Azerbaijan Grand Prix,12.0,BEA,32.96
Azerbaijan Grand Prix,12.0,SAI,9.371
Azerbaijan Grand Prix,12.0,RUS,22.756
Azerbaijan Grand Prix,12.0,BOT,76.227
Azerbaijan Grand Prix,12.0,PIA,4.422
Azerbaijan Grand Prix,13.0,VER,36.725
Azerbaijan Grand Prix,13.0,GAS,37.725
Azerbaijan Grand Prix,13.0,PER,11.422
Azerbaijan Grand Prix,13.0,ALO,42.134
Azerbaijan Grand Prix,13.0,LEC,0.0
Azerbaijan Grand Prix,13.0,STR,58.161
Azerbaijan Grand Prix,13.0,TSU,85.598
Azerbaijan Grand Prix,13.0,ALB,23.621
Azerbaijan Grand Prix,13.0,ZHO,53.403
Azerbaijan Grand Prix,13.0,HUL,31.621
Azerbaijan Grand Prix,13.0,RIC,36.844
Azerbaijan Grand Prix,13.0,OCO,53.922
Azerbaijan Grand Prix,13.0,NOR,25.777
Azerbaijan Grand Prix,13.0,COL,44.15
Azerbaijan Grand Prix,13.0,HAM,60.379
Azerbaijan Grand Prix,13.0,BEA,34.692
Azerbaijan Grand Prix,13.0,SAI,9.504
Azerbaijan Grand Prix,13.0,RUS,38.478
Azerbaijan Grand Prix,13.0,BOT,77.765
Azerbaijan Grand Prix,13.0,PIA,5.155
Azerbaijan Grand Prix,14.0,VER,36.163
Azerbaijan Grand Prix,14.0,GAS,39.454
Azerbaijan Grand Prix,14.0,PER,27.455
Azerbaijan Grand Prix,14.0,ALO,42.525
Azerbaijan Grand Prix,14.0,LEC,0.0
Azerbaijan Grand Prix,14.0,STR,58.742
Azerbaijan Grand Prix,14.0,TSU,102.667
Azerbaijan Grand Prix,14.0,ALB,23.573
Azerbaijan Grand Prix,14.0,ZHO,55.207
Azerbaijan Grand Prix,14.0,HUL,33.156
Azerbaijan Grand Prix,14.0,RIC,39.468
Azerbaijan Grand Prix,14.0,OCO,55.633
Azerbaijan Grand Prix,14.0,NOR,25.866
Azerbaijan Grand Prix,14.0,COL,44.686
Azerbaijan Grand Prix,14.0,HAM,60.532
Azerbaijan Grand Prix,14.0,BEA,40.326
Azerbaijan Grand Prix,14.0,SAI,9.345
Azerbaijan Grand Prix,14.0,RUS,39.465
Azerbaijan Grand Prix,14.0,BOT,78.939
Azerbaijan Grand Prix,14.0,PIA,5.901
Azerbaijan Grand Prix,15.0,VER,33.985
Azerbaijan Grand Prix,15.0,GAS,41.138
Azerbaijan Grand Prix,15.0,PER,26.05
Azerbaijan Grand Prix,15.0,ALO,42.519
Azerbaijan Grand Prix,15.0,LEC,0.0
Azerbaijan Grand Prix,15.0,STR,59.512
Azerbaijan Grand Prix,15.0,ALB,22.362
Azerbaijan Grand Prix,15.0,ZHO,55.534
Azerbaijan Grand Prix,15.0,HUL,38.122
Azerbaijan Grand Prix,15.0,RIC,42.715
Azerbaijan Grand Prix,15.0,OCO,56.199
Azerbaijan Grand Prix,15.0,NOR,26.045
Azerbaijan Grand Prix,15.0,COL,44.035
Azerbaijan Grand Prix,15.0,HAM,59.296
Azerbaijan Grand Prix,15.0,BEA,57.291
Azerbaijan Grand Prix,15.0,SAI,8.671
Azerbaijan Grand Prix,15.0,RUS,38.542
Azerbaijan Grand Prix,15.0,BOT,78.657
Azerbaijan Grand Prix,15.0,PIA,9.422
Azerbaijan Grand Prix,16.0,VER,28.273
Azerbaijan Grand Prix,16.0,GAS,37.706
Azerbaijan Grand Prix,16.0,PER,19.346
Azerbaijan Grand Prix,16.0,ALO,37.434
Azerbaijan Grand Prix,16.0,LEC,0.0
Azerbaijan Grand Prix,16.0,STR,56.771
Azerbaijan Grand Prix,16.0,ALB,17.195
Azerbaijan Grand Prix,16.0,ZHO,52.684
Azerbaijan Grand Prix,16.0,HUL,50.713
Azerbaijan Grand Prix,16.0,RIC,40.123
Azerbaijan Grand Prix,16.0,OCO,53.493
Azerbaijan Grand Prix,16.0,NOR,21.53
Azerbaijan Grand Prix,16.0,COL,39.936
Azerbaijan Grand Prix,16.0,HAM,53.979
Azerbaijan Grand Prix,16.0,BEA,53.485
Azerbaijan Grand Prix,16.0,SAI,4.187
Azerbaijan Grand Prix,16.0,RUS,33.304
Azerbaijan Grand Prix,16.0,BOT,74.557
Azerbaijan Grand Prix,16.0,PIA,18.831
Azerbaijan Grand Prix,17.0,VER,17.86
Azerbaijan Grand Prix,17.0,GAS,29.889
Azerbaijan Grand Prix,17.0,PER,10.051
Azerbaijan Grand Prix,17.0,ALO,28.403
Azerbaijan Grand Prix,17.0,LEC,7.9399999999999995
Azerbaijan Grand Prix,17.0,STR,49.349
Azerbaijan Grand Prix,17.0,ALB,9.379
Azerbaijan Grand Prix,17.0,ZHO,45.071
Azerbaijan Grand Prix,17.0,HUL,41.687
Azerbaijan Grand Prix,17.0,RIC,33.611
Azerbaijan Grand Prix,17.0,OCO,47.552
Azerbaijan Grand Prix,17.0,NOR,12.108
Azerbaijan Grand Prix,17.0,COL,31.048
Azerbaijan Grand Prix,17.0,HAM,45.335
Azerbaijan Grand Prix,17.0,BEA,44.925
Azerbaijan Grand Prix,17.0,SAI,0.0
Azerbaijan Grand Prix,17.0,RUS,23.216
Azerbaijan Grand Prix,17.0,BOT,66.218
Azerbaijan Grand Prix,17.0,PIA,9.256
Azerbaijan Grand Prix,18.0,VER,10.023
Azerbaijan Grand Prix,18.0,GAS,23.47
Azerbaijan Grand Prix,18.0,PER,3.183
Azerbaijan Grand Prix,18.0,ALO,21.62
Azerbaijan Grand Prix,18.0,LEC,0.0
Azerbaijan Grand Prix,18.0,STR,43.501
Azerbaijan Grand Prix,18.0,ALB,3.043
Azerbaijan Grand Prix,18.0,ZHO,40.576
Azerbaijan Grand Prix,18.0,HUL,34.542
Azerbaijan Grand Prix,18.0,RIC,28.692
Azerbaijan Grand Prix,18.0,OCO,41.852
Azerbaijan Grand Prix,18.0,NOR,5.041
Azerbaijan Grand Prix,18.0,COL,24.008
Azerbaijan Grand Prix,18.0,HAM,37.669
Azerbaijan Grand Prix,18.0,BEA,37.341
Azerbaijan Grand Prix,18.0,SAI,9.063
Azerbaijan Grand Prix,18.0,RUS,15.142
Azerbaijan Grand Prix,18.0,BOT,59.638
Azerbaijan Grand Prix,18.0,PIA,0.775
Azerbaijan Grand Prix,19.0,VER,10.02
Azerbaijan Grand Prix,19.0,GAS,25.224
Azerbaijan Grand Prix,19.0,PER,2.862
Azerbaijan Grand Prix,19.0,ALO,22.966
Azerbaijan Grand Prix,19.0,LEC,0.0
Azerbaijan Grand Prix,19.0,STR,45.842
Azerbaijan Grand Prix,19.0,ALB,4.927
Azerbaijan Grand Prix,19.0,ZHO,43.179
Azerbaijan Grand Prix,19.0,HUL,35.188
Azerbaijan Grand Prix,19.0,RIC,31.832
Azerbaijan Grand Prix,19.0,OCO,44.947
Azerbaijan Grand Prix,19.0,NOR,6.23
Azerbaijan Grand Prix,19.0,COL,25.215
Azerbaijan Grand Prix,19.0,HAM,38.339
Azerbaijan Grand Prix,19.0,BEA,37.905
Azerbaijan Grand Prix,19.0,SAI,9.109
Azerbaijan Grand Prix,19.0,RUS,15.599
Azerbaijan Grand Prix,19.0,BOT,61.656
Azerbaijan Grand Prix,19.0,PIA,0.347
Azerbaijan Grand Prix,20.0,VER,8.697
Azerbaijan Grand Prix,20.0,GAS,26.742
Azerbaijan Grand Prix,20.0,PER,1.304
Azerbaijan Grand Prix,20.0,ALO,23.132
Azerbaijan Grand Prix,20.0,LEC,0.43
Azerbaijan Grand Prix,20.0,STR,46.922
Azerbaijan Grand Prix,20.0,ALB,4.996
Azerbaijan Grand Prix,20.0,ZHO,44.416
Azerbaijan Grand Prix,20.0,HUL,33.976
Azerbaijan Grand Prix,20.0,RIC,34.068
Azerbaijan Grand Prix,20.0,OCO,46.535
Azerbaijan Grand Prix,20.0,NOR,6.49
Azerbaijan Grand Prix,20.0,COL,25.03
Azerbaijan Grand Prix,20.0,HAM,37.621
Azerbaijan Grand Prix,20.0,BEA,37.461
Azerbaijan Grand Prix,20.0,SAI,7.987
Azerbaijan Grand Prix,20.0,RUS,14.773
Azerbaijan Grand Prix,20.0,BOT,62.135
Azerbaijan Grand Prix,20.0,PIA,0.0
Azerbaijan Grand Prix,21.0,VER,8.746
Azerbaijan Grand Prix,21.0,GAS,28.978
Azerbaijan Grand Prix,21.0,PER,1.169
Azerbaijan Grand Prix,21.0,ALO,24.429
Azerbaijan Grand Prix,21.0,LEC,0.516
Azerbaijan Grand Prix,21.0,STR,49.577
Azerbaijan Grand Prix,21.0,ALB,6.355
Azerbaijan Grand Prix,21.0,ZHO,47.045
Azerbaijan Grand Prix,21.0,HUL,34.397
Azerbaijan Grand Prix,21.0,RIC,37.715
Azerbaijan Grand Prix,21.0,OCO,49.03
Azerbaijan Grand Prix,21.0,NOR,7.524
Azerbaijan Grand Prix,21.0,COL,26.413
Azerbaijan Grand Prix,21.0,HAM,39.383
Azerbaijan Grand Prix,21.0,BEA,38.094
Azerbaijan Grand Prix,21.0,SAI,8.012
Azerbaijan Grand Prix,21.0,RUS,15.289
Azerbaijan Grand Prix,21.0,BOT,63.968
Azerbaijan Grand Prix,21.0,PIA,0.0
Azerbaijan Grand Prix,22.0,VER,9.674
Azerbaijan Grand Prix,22.0,GAS,31.556
Azerbaijan Grand Prix,22.0,PER,1.529
Azerbaijan Grand Prix,22.0,ALO,25.725
Azerbaijan Grand Prix,22.0,LEC,0.502
Azerbaijan Grand Prix,22.0,STR,57.191
Azerbaijan Grand Prix,22.0,ALB,7.785
Azerbaijan Grand Prix,22.0,ZHO,49.664
Azerbaijan Grand Prix,22.0,HUL,35.571
Azerbaijan Grand Prix,22.0,RIC,42.553
Azerbaijan Grand Prix,22.0,OCO,51.778
Azerbaijan Grand Prix,22.0,NOR,8.708
Azerbaijan Grand Prix,22.0,COL,27.513
Azerbaijan Grand Prix,22.0,HAM,42.298
Azerbaijan Grand Prix,22.0,BEA,40.248
Azerbaijan Grand Prix,22.0,SAI,8.843
Azerbaijan Grand Prix,22.0,RUS,15.736
Azerbaijan Grand Prix,22.0,BOT,65.944
Azerbaijan Grand Prix,22.0,PIA,0.0
Azerbaijan Grand Prix,23.0,VER,11.101
Azerbaijan Grand Prix,23.0,GAS,33.714
Azerbaijan Grand Prix,23.0,PER,1.508
Azerbaijan Grand Prix,23.0,ALO,27.348
Azerbaijan Grand Prix,23.0,LEC,0.54
Azerbaijan Grand Prix,23.0,STR,75.177
Azerbaijan Grand Prix,23.0,ALB,9.551
Azerbaijan Grand Prix,23.0,ZHO,52.746
Azerbaijan Grand Prix,23.0,HUL,36.894
Azerbaijan Grand Prix,23.0,RIC,46.376
Azerbaijan Grand Prix,23.0,OCO,55.109
Azerbaijan Grand Prix,23.0,NOR,10.975999999999999
Azerbaijan Grand Prix,23.0,COL,29.04
Azerbaijan Grand Prix,23.0,HAM,43.405
Azerbaijan Grand Prix,23.0,BEA,41.254
Azerbaijan Grand Prix,23.0,SAI,9.693
Azerbaijan Grand Prix,23.0,RUS,16.548000000000002
Azerbaijan Grand Prix,23.0,BOT,68.233
Azerbaijan Grand Prix,23.0,PIA,0.0
Azerbaijan Grand Prix,24.0,VER,14.637
Azerbaijan Grand Prix,24.0,GAS,36.347
Azerbaijan Grand Prix,24.0,PER,1.827
Azerbaijan Grand Prix,24.0,ALO,29.117
Azerbaijan Grand Prix,24.0,LEC,0.66
Azerbaijan Grand Prix,24.0,STR,77.129
Azerbaijan Grand Prix,24.0,ALB,12.676
Azerbaijan Grand Prix,24.0,ZHO,55.956
Azerbaijan Grand Prix,24.0,HUL,37.753
Azerbaijan Grand Prix,24.0,RIC,49.841
Azerbaijan Grand Prix,24.0,OCO,58.57
Azerbaijan Grand Prix,24.0,NOR,13.963
Azerbaijan Grand Prix,24.0,COL,30.719
Azerbaijan Grand Prix,24.0,HAM,44.772
Azerbaijan Grand Prix,24.0,BEA,42.402
Azerbaijan Grand Prix,24.0,SAI,11.101
Azerbaijan Grand Prix,24.0,RUS,17.47
Azerbaijan Grand Prix,24.0,BOT,70.784
Azerbaijan Grand Prix,24.0,PIA,0.0
Azerbaijan Grand Prix,25.0,VER,15.585
Azerbaijan Grand Prix,25.0,GAS,38.629
Azerbaijan Grand Prix,25.0,PER,1.904
Azerbaijan Grand Prix,25.0,ALO,30.729
Azerbaijan Grand Prix,25.0,LEC,0.613
Azerbaijan Grand Prix,25.0,STR,78.616
Azerbaijan Grand Prix,25.0,ALB,14.499
Azerbaijan Grand Prix,25.0,ZHO,58.602
Azerbaijan Grand Prix,25.0,HUL,38.438
Azerbaijan Grand Prix,25.0,RIC,52.552
Azerbaijan Grand Prix,25.0,OCO,61.324
Azerbaijan Grand Prix,25.0,NOR,15.134
Azerbaijan Grand Prix,25.0,COL,32.231
Azerbaijan Grand Prix,25.0,HAM,45.654
Azerbaijan Grand Prix,25.0,BEA,43.107
Azerbaijan Grand Prix,25.0,SAI,11.439
Azerbaijan Grand Prix,25.0,RUS,18.267
Azerbaijan Grand Prix,25.0,BOT,72.839
Azerbaijan Grand Prix,25.0,PIA,0.0
Azerbaijan Grand Prix,26.0,VER,17.078
Azerbaijan Grand Prix,26.0,GAS,41.155
Azerbaijan Grand Prix,26.0,PER,1.967
Azerbaijan Grand Prix,26.0,ALO,32.379
Azerbaijan Grand Prix,26.0,LEC,0.399
Azerbaijan Grand Prix,26.0,STR,79.931
Azerbaijan Grand Prix,26.0,ALB,16.15
Azerbaijan Grand Prix,26.0,ZHO,61.176
Azerbaijan Grand Prix,26.0,HUL,39.297
Azerbaijan Grand Prix,26.0,RIC,54.748
Azerbaijan Grand Prix,26.0,OCO,63.74
Azerbaijan Grand Prix,26.0,NOR,16.548000000000002
Azerbaijan Grand Prix,26.0,COL,33.851
Azerbaijan Grand Prix,26.0,HAM,45.954
Azerbaijan Grand Prix,26.0,BEA,43.884
Azerbaijan Grand Prix,26.0,SAI,11.504
Azerbaijan Grand Prix,26.0,RUS,19.065
Azerbaijan Grand Prix,26.0,BOT,74.957
Azerbaijan Grand Prix,26.0,PIA,0.0
Azerbaijan Grand Prix,27.0,VER,18.802
Azerbaijan Grand Prix,27.0,GAS,43.098
Azerbaijan Grand Prix,27.0,PER,1.932
Azerbaijan Grand Prix,27.0,ALO,33.74
Azerbaijan Grand Prix,27.0,LEC,0.428
Azerbaijan Grand Prix,27.0,STR,81.271
Azerbaijan Grand Prix,27.0,ALB,17.859
Azerbaijan Grand Prix,27.0,ZHO,63.844
Azerbaijan Grand Prix,27.0,HUL,40.266
Azerbaijan Grand Prix,27.0,RIC,56.735
Azerbaijan Grand Prix,27.0,OCO,66.125
Azerbaijan Grand Prix,27.0,NOR,18.321
Azerbaijan Grand Prix,27.0,COL,35.463
Azerbaijan Grand Prix,27.0,HAM,46.484
Azerbaijan Grand Prix,27.0,BEA,44.52
Azerbaijan Grand Prix,27.0,SAI,11.461
Azerbaijan Grand Prix,27.0,RUS,20.491
Azerbaijan Grand Prix,27.0,BOT,77.044
Azerbaijan Grand Prix,27.0,PIA,0.0
Azerbaijan Grand Prix,28.0,VER,20.429
Azerbaijan Grand Prix,28.0,GAS,44.834
Azerbaijan Grand Prix,28.0,PER,1.838
Azerbaijan Grand Prix,28.0,ALO,34.817
Azerbaijan Grand Prix,28.0,LEC,0.152
Azerbaijan Grand Prix,28.0,STR,82.225
Azerbaijan Grand Prix,28.0,ALB,19.416
Azerbaijan Grand Prix,28.0,ZHO,66.046
Azerbaijan Grand Prix,28.0,HUL,41.275
Azerbaijan Grand Prix,28.0,RIC,58.505
Azerbaijan Grand Prix,28.0,OCO,68.174
Azerbaijan Grand Prix,28.0,NOR,19.808
Azerbaijan Grand Prix,28.0,COL,37.163
Azerbaijan Grand Prix,28.0,HAM,46.971
Azerbaijan Grand Prix,28.0,BEA,45.274
Azerbaijan Grand Prix,28.0,SAI,10.975
Azerbaijan Grand Prix,28.0,RUS,21.15
Azerbaijan Grand Prix,28.0,BOT,78.945
Azerbaijan Grand Prix,28.0,PIA,0.0
Azerbaijan Grand Prix,29.0,VER,22.044
Azerbaijan Grand Prix,29.0,GAS,46.213
Azerbaijan Grand Prix,29.0,PER,1.87
Azerbaijan Grand Prix,29.0,ALO,35.998
Azerbaijan Grand Prix,29.0,LEC,0.409
Azerbaijan Grand Prix,29.0,STR,83.227
Azerbaijan Grand Prix,29.0,ALB,21.002
Azerbaijan Grand Prix,29.0,ZHO,68.13
Azerbaijan Grand Prix,29.0,HUL,41.988
Azerbaijan Grand Prix,29.0,RIC,59.898
Azerbaijan Grand Prix,29.0,OCO,70.099
Azerbaijan Grand Prix,29.0,NOR,21.474
Azerbaijan Grand Prix,29.0,COL,38.486
Azerbaijan Grand Prix,29.0,HAM,47.147
Azerbaijan Grand Prix,29.0,BEA,46.376
Azerbaijan Grand Prix,29.0,SAI,10.822
Azerbaijan Grand Prix,29.0,RUS,22.547
Azerbaijan Grand Prix,29.0,BOT,80.665
Azerbaijan Grand Prix,29.0,PIA,0.0
Azerbaijan Grand Prix,30.0,VER,23.377
Azerbaijan Grand Prix,30.0,GAS,49.827
Azerbaijan Grand Prix,30.0,PER,1.745
Azerbaijan Grand Prix,30.0,ALO,37.926
Azerbaijan Grand Prix,30.0,LEC,0.276
Azerbaijan Grand Prix,30.0,STR,84.231
Azerbaijan Grand Prix,30.0,ALB,22.382
Azerbaijan Grand Prix,30.0,ZHO,70.21
Azerbaijan Grand Prix,30.0,HUL,42.59
Azerbaijan Grand Prix,30.0,RIC,61.468
Azerbaijan Grand Prix,30.0,OCO,71.923
Azerbaijan Grand Prix,30.0,NOR,22.723
Azerbaijan Grand Prix,30.0,COL,39.812
Azerbaijan Grand Prix,30.0,HAM,47.98
Azerbaijan Grand Prix,30.0,BEA,46.761
Azerbaijan Grand Prix,30.0,SAI,10.987
Azerbaijan Grand Prix,30.0,RUS,23.853
Azerbaijan Grand Prix,30.0,BOT,82.414
Azerbaijan Grand Prix,30.0,PIA,0.0
Azerbaijan Grand Prix,31.0,VER,24.3
Azerbaijan Grand Prix,31.0,GAS,51.223
Azerbaijan Grand Prix,31.0,PER,1.749
Azerbaijan Grand Prix,31.0,ALO,38.982
Azerbaijan Grand Prix,31.0,LEC,0.466
Azerbaijan Grand Prix,31.0,STR,84.456
Azerbaijan Grand Prix,31.0,ALB,26.941
Azerbaijan Grand Prix,31.0,ZHO,72.081
Azerbaijan Grand Prix,31.0,HUL,42.772
Azerbaijan Grand Prix,31.0,RIC,62.493
Azerbaijan Grand Prix,31.0,OCO,73.702
Azerbaijan Grand Prix,31.0,NOR,23.602
Azerbaijan Grand Prix,31.0,COL,40.84
Azerbaijan Grand Prix,31.0,HAM,48.185
Azerbaijan Grand Prix,31.0,BEA,46.39
Azerbaijan Grand Prix,31.0,SAI,10.452
Azerbaijan Grand Prix,31.0,RUS,24.322
Azerbaijan Grand Prix,31.0,BOT,83.897
Azerbaijan Grand Prix,31.0,PIA,0.0
Azerbaijan Grand Prix,32.0,VER,24.557
Azerbaijan Grand Prix,32.0,GAS,52.311
Azerbaijan Grand Prix,32.0,PER,1.244
Azerbaijan Grand Prix,32.0,ALO,40.927
Azerbaijan Grand Prix,32.0,LEC,0.165
Azerbaijan Grand Prix,32.0,STR,85.17
Azerbaijan Grand Prix,32.0,ALB,44.762
Azerbaijan Grand Prix,32.0,ZHO,73.303
Azerbaijan Grand Prix,32.0,HUL,43.822
Azerbaijan Grand Prix,32.0,RIC,63.026
Azerbaijan Grand Prix,32.0,OCO,74.986
Azerbaijan Grand Prix,32.0,NOR,23.4
Azerbaijan Grand Prix,32.0,COL,41.555
Azerbaijan Grand Prix,32.0,HAM,47.917
Azerbaijan Grand Prix,32.0,BEA,46.402
Azerbaijan Grand Prix,32.0,SAI,9.647
Azerbaijan Grand Prix,32.0,RUS,25.239
Azerbaijan Grand Prix,32.0,BOT,85.043
Azerbaijan Grand Prix,32.0,PIA,0.0
Azerbaijan Grand Prix,33.0,VER,24.42
Azerbaijan Grand Prix,33.0,GAS,52.649
Azerbaijan Grand Prix,33.0,PER,1.25
Azerbaijan Grand Prix,33.0,ALO,41.316
Azerbaijan Grand Prix,33.0,LEC,0.665
Azerbaijan Grand Prix,33.0,STR,86.302
Azerbaijan Grand Prix,33.0,ALB,43.877
Azerbaijan Grand Prix,33.0,ZHO,74.066
Azerbaijan Grand Prix,33.0,HUL,43.197
Azerbaijan Grand Prix,33.0,RIC,63.047
Azerbaijan Grand Prix,33.0,OCO,75.636
Azerbaijan Grand Prix,33.0,NOR,22.911
Azerbaijan Grand Prix,33.0,COL,42.486
Azerbaijan Grand Prix,33.0,HAM,46.811
Azerbaijan Grand Prix,33.0,BEA,46.544
Azerbaijan Grand Prix,33.0,SAI,8.416
Azerbaijan Grand Prix,33.0,RUS,24.509
Azerbaijan Grand Prix,33.0,BOT,88.084
Azerbaijan Grand Prix,33.0,PIA,0.0
Azerbaijan Grand Prix,34.0,VER,25.737
Azerbaijan Grand Prix,34.0,GAS,53.459
Azerbaijan Grand Prix,34.0,PER,1.466
Azerbaijan Grand Prix,34.0,ALO,42.649
Azerbaijan Grand Prix,34.0,LEC,0.572
Azerbaijan Grand Prix,34.0,STR,86.967
Azerbaijan Grand Prix,34.0,ALB,44.506
Azerbaijan Grand Prix,34.0,ZHO,79.936
Azerbaijan Grand Prix,34.0,HUL,43.96
Azerbaijan Grand Prix,34.0,RIC,63.669
Azerbaijan Grand Prix,34.0,OCO,77.092
Azerbaijan Grand Prix,34.0,NOR,22.518
Azerbaijan Grand Prix,34.0,COL,43.72
Azerbaijan Grand Prix,34.0,HAM,47.985
Azerbaijan Grand Prix,34.0,BEA,46.959
Azerbaijan Grand Prix,34.0,SAI,7.891
Azerbaijan Grand Prix,34.0,RUS,24.025
Azerbaijan Grand Prix,34.0,BOT,89.755
Azerbaijan Grand Prix,34.0,PIA,0.0
Azerbaijan Grand Prix,35.0,VER,25.912
Azerbaijan Grand Prix,35.0,GAS,54.47
Azerbaijan Grand Prix,35.0,PER,1.854
Azerbaijan Grand Prix,35.0,ALO,44.361
Azerbaijan Grand Prix,35.0,LEC,0.394
Azerbaijan Grand Prix,35.0,STR,87.587
Azerbaijan Grand Prix,35.0,ALB,46.418
Azerbaijan Grand Prix,35.0,ZHO,98.384
Azerbaijan Grand Prix,35.0,HUL,45.568
Azerbaijan Grand Prix,35.0,RIC,64.717
Azerbaijan Grand Prix,35.0,OCO,78.102
Azerbaijan Grand Prix,35.0,NOR,22.364
Azerbaijan Grand Prix,35.0,COL,45.636
Azerbaijan Grand Prix,35.0,HAM,48.162
Azerbaijan Grand Prix,35.0,BEA,47.793
Azerbaijan Grand Prix,35.0,SAI,7.38
Azerbaijan Grand Prix,35.0,RUS,23.906
Azerbaijan Grand Prix,35.0,BOT,91.165
Azerbaijan Grand Prix,35.0,PIA,0.0
Azerbaijan Grand Prix,36.0,VER,25.757
Azerbaijan Grand Prix,36.0,GAS,55.547
Azerbaijan Grand Prix,36.0,PER,2.499
Azerbaijan Grand Prix,36.0,ALO,44.694
Azerbaijan Grand Prix,36.0,LEC,0.568
Azerbaijan Grand Prix,36.0,STR,88.384
Azerbaijan Grand Prix,36.0,ALB,46.5
Azerbaijan Grand Prix,36.0,ZHO,98.815
Azerbaijan Grand Prix,36.0,HUL,46.237
Azerbaijan Grand Prix,36.0,RIC,65.599
Azerbaijan Grand Prix,36.0,OCO,86.068
Azerbaijan Grand Prix,36.0,NOR,22.0
Azerbaijan Grand Prix,36.0,COL,48.621
Azerbaijan Grand Prix,36.0,HAM,49.192
Azerbaijan Grand Prix,36.0,BEA,48.739
Azerbaijan Grand Prix,36.0,SAI,6.98
Azerbaijan Grand Prix,36.0,RUS,23.714
Azerbaijan Grand Prix,36.0,BOT,92.33
Azerbaijan Grand Prix,36.0,PIA,0.0
Azerbaijan Grand Prix,37.0,VER,25.303
Azerbaijan Grand Prix,37.0,GAS,56.468
Azerbaijan Grand Prix,37.0,PER,2.9699999999999998
Azerbaijan Grand Prix,37.0,ALO,44.726
Azerbaijan Grand Prix,37.0,LEC,0.542
Azerbaijan Grand Prix,37.0,STR,88.949
Azerbaijan Grand Prix,37.0,ALB,47.037
Azerbaijan Grand Prix,37.0,ZHO,99.07
Azerbaijan Grand Prix,37.0,HUL,46.895
Azerbaijan Grand Prix,37.0,RIC,66.365
Azerbaijan Grand Prix,37.0,OCO,87.766
Azerbaijan Grand Prix,37.0,NOR,25.18
Azerbaijan Grand Prix,37.0,COL,50.993
Azerbaijan Grand Prix,37.0,HAM,52.006
Azerbaijan Grand Prix,37.0,BEA,51.443
Azerbaijan Grand Prix,37.0,SAI,7.502
Azerbaijan Grand Prix,37.0,RUS,23.666
Azerbaijan Grand Prix,37.0,BOT,93.344
Azerbaijan Grand Prix,37.0,PIA,0.0
Azerbaijan Grand Prix,38.0,VER,24.903
Azerbaijan Grand Prix,38.0,GAS,57.702
Azerbaijan Grand Prix,38.0,PER,3.075
Azerbaijan Grand Prix,38.0,ALO,45.175
Azerbaijan Grand Prix,38.0,LEC,0.376
Azerbaijan Grand Prix,38.0,STR,90.17
Azerbaijan Grand Prix,38.0,ALB,47.479
Azerbaijan Grand Prix,38.0,ZHO,99.766
Azerbaijan Grand Prix,38.0,HUL,48.851
Azerbaijan Grand Prix,38.0,RIC,67.547
Azerbaijan Grand Prix,38.0,OCO,89.196
Azerbaijan Grand Prix,38.0,NOR,39.989
Azerbaijan Grand Prix,38.0,COL,52.831
Azerbaijan Grand Prix,38.0,HAM,53.544
Azerbaijan Grand Prix,38.0,BEA,53.321
Azerbaijan Grand Prix,38.0,SAI,6.936
Azerbaijan Grand Prix,38.0,RUS,23.633
Azerbaijan Grand Prix,38.0,BOT,94.498
Azerbaijan Grand Prix,38.0,PIA,0.0
Azerbaijan Grand Prix,39.0,VER,24.467
Azerbaijan Grand Prix,39.0,GAS,58.664
Azerbaijan Grand Prix,39.0,PER,2.931
Azerbaijan Grand Prix,39.0,ALO,45.369
Azerbaijan Grand Prix,39.0,LEC,0.477
Azerbaijan Grand Prix,39.0,STR,90.706
Azerbaijan Grand Prix,39.0,ALB,47.82
Azerbaijan Grand Prix,39.0,ZHO,99.991
Azerbaijan Grand Prix,39.0,HUL,49.712
Azerbaijan Grand Prix,39.0,RIC,68.151
Azerbaijan Grand Prix,39.0,OCO,90.364
Azerbaijan Grand Prix,39.0,NOR,37.875
Azerbaijan Grand Prix,39.0,COL,54.089
Azerbaijan Grand Prix,39.0,HAM,55.032
Azerbaijan Grand Prix,39.0,BEA,54.395
Azerbaijan Grand Prix,39.0,SAI,6.389
Azerbaijan Grand Prix,39.0,RUS,22.995
Azerbaijan Grand Prix,39.0,BOT,95.734
Azerbaijan Grand Prix,39.0,PIA,0.0
Azerbaijan Grand Prix,40.0,VER,23.882
Azerbaijan Grand Prix,40.0,GAS,59.446
Azerbaijan Grand Prix,40.0,PER,2.819
Azerbaijan Grand Prix,40.0,ALO,45.367
Azerbaijan Grand Prix,40.0,LEC,0.246
Azerbaijan Grand Prix,40.0,STR,92.39
Azerbaijan Grand Prix,40.0,ALB,47.712
Azerbaijan Grand Prix,40.0,ZHO,100.284
Azerbaijan Grand Prix,40.0,HUL,50.116
Azerbaijan Grand Prix,40.0,RIC,68.882
Azerbaijan Grand Prix,40.0,OCO,91.916
Azerbaijan Grand Prix,40.0,NOR,35.996
Azerbaijan Grand Prix,40.0,COL,54.784
Azerbaijan Grand Prix,40.0,HAM,55.887
Azerbaijan Grand Prix,40.0,BEA,55.84
Azerbaijan Grand Prix,40.0,SAI,5.632
Azerbaijan Grand Prix,40.0,RUS,22.274
Azerbaijan Grand Prix,40.0,BOT,96.514
Azerbaijan Grand Prix,40.0,PIA,0.0
Azerbaijan Grand Prix,41.0,VER,23.532
Azerbaijan Grand Prix,41.0,GAS,60.296
Azerbaijan Grand Prix,41.0,PER,2.033
Azerbaijan Grand Prix,41.0,ALO,45.448
Azerbaijan Grand Prix,41.0,LEC,0.279
Azerbaijan Grand Prix,41.0,STR,94.185
Azerbaijan Grand Prix,41.0,ALB,47.79
Azerbaijan Grand Prix,41.0,ZHO,100.409
Azerbaijan Grand Prix,41.0,HUL,50.234
Azerbaijan Grand Prix,41.0,RIC,69.547
Azerbaijan Grand Prix,41.0,OCO,93.1
Azerbaijan Grand Prix,41.0,NOR,34.225
Azerbaijan Grand Prix,41.0,COL,55.325
Azerbaijan Grand Prix,41.0,HAM,56.504
Azerbaijan Grand Prix,41.0,BEA,58.594
Azerbaijan Grand Prix,41.0,SAI,5.215
Azerbaijan Grand Prix,41.0,RUS,21.251
Azerbaijan Grand Prix,41.0,BOT,97.057
Azerbaijan Grand Prix,41.0,PIA,0.0
Azerbaijan Grand Prix,42.0,VER,22.642
Azerbaijan Grand Prix,42.0,GAS,61.435
Azerbaijan Grand Prix,42.0,PER,1.484
Azerbaijan Grand Prix,42.0,ALO,45.111
Azerbaijan Grand Prix,42.0,LEC,0.568
Azerbaijan Grand Prix,42.0,STR,96.044
Azerbaijan Grand Prix,42.0,ALB,47.315
Azerbaijan Grand Prix,42.0,ZHO,100.775
Azerbaijan Grand Prix,42.0,HUL,50.237
Azerbaijan Grand Prix,42.0,RIC,70.722
Azerbaijan Grand Prix,42.0,OCO,94.727
Azerbaijan Grand Prix,42.0,NOR,31.792
Azerbaijan Grand Prix,42.0,COL,55.47
Azerbaijan Grand Prix,42.0,HAM,56.116
Azerbaijan Grand Prix,42.0,BEA,58.789
Azerbaijan Grand Prix,42.0,SAI,4.455
Azerbaijan Grand Prix,42.0,RUS,20.409
Azerbaijan Grand Prix,42.0,BOT,98.111
Azerbaijan Grand Prix,42.0,PIA,0.0
Azerbaijan Grand Prix,43.0,VER,22.173
Azerbaijan Grand Prix,43.0,GAS,62.348
Azerbaijan Grand Prix,43.0,PER,1.8279999999999998
Azerbaijan Grand Prix,43.0,ALO,44.981
Azerbaijan Grand Prix,43.0,LEC,0.567
Azerbaijan Grand Prix,43.0,STR,97.211
Azerbaijan Grand Prix,43.0,ALB,46.646
Azerbaijan Grand Prix,43.0,ZHO,100.803
Azerbaijan Grand Prix,43.0,HUL,50.943
Azerbaijan Grand Prix,43.0,RIC,72.03
Azerbaijan Grand Prix,43.0,OCO,96.105
Azerbaijan Grand Prix,43.0,NOR,29.608
Azerbaijan Grand Prix,43.0,COL,55.33
Azerbaijan Grand Prix,43.0,HAM,56.179
Azerbaijan Grand Prix,43.0,BEA,58.854
Azerbaijan Grand Prix,43.0,SAI,4.106
Azerbaijan Grand Prix,43.0,RUS,19.52
Azerbaijan Grand Prix,43.0,BOT,98.962
Azerbaijan Grand Prix,43.0,PIA,0.0
Azerbaijan Grand Prix,44.0,VER,21.957
Azerbaijan Grand Prix,44.0,GAS,63.183
Azerbaijan Grand Prix,44.0,PER,1.893
Azerbaijan Grand Prix,44.0,ALO,45.081
Azerbaijan Grand Prix,44.0,LEC,0.269
Azerbaijan Grand Prix,44.0,STR,98.591
Azerbaijan Grand Prix,44.0,ALB,46.321
Azerbaijan Grand Prix,44.0,ZHO,101.345
Azerbaijan Grand Prix,44.0,HUL,51.512
Azerbaijan Grand Prix,44.0,RIC,73.427
Azerbaijan Grand Prix,44.0,OCO,98.009
Azerbaijan Grand Prix,44.0,NOR,27.834
Azerbaijan Grand Prix,44.0,COL,55.239
Azerbaijan Grand Prix,44.0,HAM,56.949
Azerbaijan Grand Prix,44.0,BEA,58.834
Azerbaijan Grand Prix,44.0,SAI,3.822
Azerbaijan Grand Prix,44.0,RUS,18.862
Azerbaijan Grand Prix,44.0,BOT,100.28
Azerbaijan Grand Prix,44.0,PIA,0.0
Azerbaijan Grand Prix,45.0,VER,21.414
Azerbaijan Grand Prix,45.0,GAS,63.504
Azerbaijan Grand Prix,45.0,PER,1.736
Azerbaijan Grand Prix,45.0,ALO,44.852
Azerbaijan Grand Prix,45.0,LEC,0.454
Azerbaijan Grand Prix,45.0,STR,113.029
Azerbaijan Grand Prix,45.0,ALB,45.986
Azerbaijan Grand Prix,45.0,ZHO,101.552
Azerbaijan Grand Prix,45.0,HUL,51.612
Azerbaijan Grand Prix,45.0,RIC,74.207
Azerbaijan Grand Prix,45.0,OCO,99.3
Azerbaijan Grand Prix,45.0,NOR,25.97
Azerbaijan Grand Prix,45.0,COL,54.966
Azerbaijan Grand Prix,45.0,HAM,56.851
Azerbaijan Grand Prix,45.0,BEA,58.787
Azerbaijan Grand Prix,45.0,SAI,3.357
Azerbaijan Grand Prix,45.0,RUS,17.763
Azerbaijan Grand Prix,45.0,BOT,101.051
Azerbaijan Grand Prix,45.0,PIA,0.0
Azerbaijan Grand Prix,46.0,VER,21.28
Azerbaijan Grand Prix,46.0,GAS,64.584
Azerbaijan Grand Prix,46.0,PER,1.48
Azerbaijan Grand Prix,46.0,ALO,45.154
Azerbaijan Grand Prix,46.0,LEC,0.929
Azerbaijan Grand Prix,46.0,ALB,46.303
Azerbaijan Grand Prix,46.0,ZHO,102.93
Azerbaijan Grand Prix,46.0,HUL,52.3
Azerbaijan Grand Prix,46.0,RIC,75.617
Azerbaijan Grand Prix,46.0,OCO,101.45
Azerbaijan Grand Prix,46.0,NOR,24.587
Azerbaijan Grand Prix,46.0,COL,55.197
Azerbaijan Grand Prix,46.0,HAM,57.249
Azerbaijan Grand Prix,46.0,BEA,58.799
Azerbaijan Grand Prix,46.0,SAI,2.9539999999999997
Azerbaijan Grand Prix,46.0,RUS,17.221
Azerbaijan Grand Prix,46.0,BOT,104.452
Azerbaijan Grand Prix,46.0,PIA,0.0
Azerbaijan Grand Prix,47.0,VER,21.941
Azerbaijan Grand Prix,47.0,GAS,65.542
Azerbaijan Grand Prix,47.0,PER,2.065
Azerbaijan Grand Prix,47.0,ALO,45.448
Azerbaijan Grand Prix,47.0,LEC,1.726
Azerbaijan Grand Prix,47.0,ALB,46.812
Azerbaijan Grand Prix,47.0,ZHO,103.947
Azerbaijan Grand Prix,47.0,HUL,52.933
Azerbaijan Grand Prix,47.0,RIC,77.697
Azerbaijan Grand Prix,47.0,OCO,103.897
Azerbaijan Grand Prix,47.0,NOR,23.578
Azerbaijan Grand Prix,47.0,COL,55.878
Azerbaijan Grand Prix,47.0,HAM,57.489
Azerbaijan Grand Prix,47.0,BEA,58.787
Azerbaijan Grand Prix,47.0,SAI,2.828
Azerbaijan Grand Prix,47.0,RUS,16.825
Azerbaijan Grand Prix,47.0,BOT,106.255
Azerbaijan Grand Prix,47.0,PIA,0.0
Azerbaijan Grand Prix,48.0,VER,22.202
Azerbaijan Grand Prix,48.0,GAS,66.418
Azerbaijan Grand Prix,48.0,PER,2.88
Azerbaijan Grand Prix,48.0,ALO,45.017
Azerbaijan Grand Prix,48.0,LEC,2.625
Azerbaijan Grand Prix,48.0,ALB,46.477
Azerbaijan Grand Prix,48.0,ZHO,104.964
Azerbaijan Grand Prix,48.0,HUL,55.032
Azerbaijan Grand Prix,48.0,RIC,79.813
Azerbaijan Grand Prix,48.0,OCO,108.184
Azerbaijan Grand Prix,48.0,NOR,22.233
Azerbaijan Grand Prix,48.0,COL,55.759
Azerbaijan Grand Prix,48.0,HAM,57.237
Azerbaijan Grand Prix,48.0,BEA,58.668
Azerbaijan Grand Prix,48.0,SAI,3.457
Azerbaijan Grand Prix,48.0,RUS,16.353
Azerbaijan Grand Prix,48.0,BOT,113.52
Azerbaijan Grand Prix,48.0,PIA,0.0
Azerbaijan Grand Prix,49.0,VER,26.677
Azerbaijan Grand Prix,49.0,GAS,67.332
Azerbaijan Grand Prix,49.0,PER,3.783
Azerbaijan Grand Prix,49.0,ALO,44.622
Azerbaijan Grand Prix,49.0,LEC,3.7039999999999997
Azerbaijan Grand Prix,49.0,ALB,46.28
Azerbaijan Grand Prix,49.0,ZHO,105.466
Azerbaijan Grand Prix,49.0,HUL,56.893
Azerbaijan Grand Prix,49.0,RIC,85.777
Azerbaijan Grand Prix,49.0,OCO,115.825
Azerbaijan Grand Prix,49.0,NOR,20.312
Azerbaijan Grand Prix,49.0,COL,56.435
Azerbaijan Grand Prix,49.0,HAM,57.637
Azerbaijan Grand Prix,49.0,BEA,58.556
Azerbaijan Grand Prix,49.0,SAI,4.353
Azerbaijan Grand Prix,49.0,RUS,15.513
Azerbaijan Grand Prix,49.0,BOT,133.636
Azerbaijan Grand Prix,49.0,PIA,0.0
Azerbaijan Grand Prix,50.0,VER,77.205
Azerbaijan Grand Prix,50.0,GAS,106.043
Azerbaijan Grand Prix,50.0,PER,46.525
Azerbaijan Grand Prix,50.0,ALO,86.526
Azerbaijan Grand Prix,50.0,LEC,9.219
Azerbaijan Grand Prix,50.0,ALB,88.05
Azerbaijan Grand Prix,50.0,ZHO,149.453
Azerbaijan Grand Prix,50.0,HUL,94.96
Azerbaijan Grand Prix,50.0,RIC,146.064
Azerbaijan Grand Prix,50.0,OCO,174.708
Azerbaijan Grand Prix,50.0,NOR,37.298
Azerbaijan Grand Prix,50.0,COL,89.864
Azerbaijan Grand Prix,50.0,HAM,91.958
Azerbaijan Grand Prix,50.0,BEA,93.212
Azerbaijan Grand Prix,50.0,SAI,47.095
Azerbaijan Grand Prix,50.0,RUS,31.722
Azerbaijan Grand Prix,50.0,BOT,178.794
Azerbaijan Grand Prix,50.0,PIA,0.0
Azerbaijan Grand Prix,51.0,VER,77.231
Azerbaijan Grand Prix,51.0,GAS,117.22
Azerbaijan Grand Prix,51.0,ALO,85.478
Azerbaijan Grand Prix,51.0,LEC,10.948
Azerbaijan Grand Prix,51.0,ALB,87.409
Azerbaijan Grand Prix,51.0,ZHO,148.877
Azerbaijan Grand Prix,51.0,HUL,93.52
Azerbaijan Grand Prix,51.0,RIC,146.953
Azerbaijan Grand Prix,51.0,NOR,36.116
Azerbaijan Grand Prix,51.0,COL,89.559
Azerbaijan Grand Prix,51.0,HAM,92.434
Azerbaijan Grand Prix,51.0,BEA,93.184
Azerbaijan Grand Prix,51.0,RUS,31.345
Azerbaijan Grand Prix,51.0,PIA,0.0
Singapore Grand Prix,1.0,NOR,0.0
Singapore Grand Prix,1.0,VER,0.989
Singapore Grand Prix,1.0,PIA,4.844
Singapore Grand Prix,1.0,RUS,3.398
Singapore Grand Prix,1.0,LEC,6.666
Singapore Grand Prix,1.0,HAM,2.278
Singapore Grand Prix,1.0,SAI,9.077
Singapore Grand Prix,1.0,ALO,5.96
Singapore Grand Prix,1.0,HUL,5.299
Singapore Grand Prix,1.0,PER,7.726
Singapore Grand Prix,1.0,COL,7.272
Singapore Grand Prix,1.0,TSU,8.475
Singapore Grand Prix,1.0,OCO,9.503
Singapore Grand Prix,1.0,STR,12.185
Singapore Grand Prix,1.0,ZHO,13.398
Singapore Grand Prix,1.0,BOT,12.937
Singapore Grand Prix,1.0,GAS,11.557
Singapore Grand Prix,1.0,RIC,10.895
Singapore Grand Prix,1.0,MAG,9.985
Singapore Grand Prix,1.0,ALB,10.347
Singapore Grand Prix,2.0,NOR,0.0
Singapore Grand Prix,2.0,VER,1.299
Singapore Grand Prix,2.0,PIA,5.303
Singapore Grand Prix,2.0,RUS,3.407
Singapore Grand Prix,2.0,LEC,7.961
Singapore Grand Prix,2.0,HAM,2.651
Singapore Grand Prix,2.0,SAI,10.814
Singapore Grand Prix,2.0,ALO,7.064
Singapore Grand Prix,2.0,HUL,6.268
Singapore Grand Prix,2.0,PER,9.142
Singapore Grand Prix,2.0,COL,8.682
Singapore Grand Prix,2.0,TSU,9.989
Singapore Grand Prix,2.0,OCO,11.428
Singapore Grand Prix,2.0,STR,14.889
Singapore Grand Prix,2.0,ZHO,16.513
Singapore Grand Prix,2.0,BOT,15.622
Singapore Grand Prix,2.0,GAS,14.025
Singapore Grand Prix,2.0,RIC,13.362
Singapore Grand Prix,2.0,MAG,11.891
Singapore Grand Prix,2.0,ALB,12.617
Singapore Grand Prix,3.0,NOR,0.0
Singapore Grand Prix,3.0,VER,1.81
Singapore Grand Prix,3.0,PIA,6.247
Singapore Grand Prix,3.0,RUS,4.713
Singapore Grand Prix,3.0,LEC,8.695
Singapore Grand Prix,3.0,HAM,3.499
Singapore Grand Prix,3.0,SAI,11.849
Singapore Grand Prix,3.0,ALO,7.944
Singapore Grand Prix,3.0,HUL,7.084
Singapore Grand Prix,3.0,PER,10.365
Singapore Grand Prix,3.0,COL,9.647
Singapore Grand Prix,3.0,TSU,11.003
Singapore Grand Prix,3.0,OCO,12.534
Singapore Grand Prix,3.0,STR,16.883
Singapore Grand Prix,3.0,ZHO,18.808
Singapore Grand Prix,3.0,BOT,17.867
Singapore Grand Prix,3.0,GAS,16.013
Singapore Grand Prix,3.0,RIC,15.013
Singapore Grand Prix,3.0,MAG,13.181
Singapore Grand Prix,3.0,ALB,13.973
Singapore Grand Prix,4.0,NOR,0.0
Singapore Grand Prix,4.0,VER,1.834
Singapore Grand Prix,4.0,PIA,7.157
Singapore Grand Prix,4.0,RUS,5.437
Singapore Grand Prix,4.0,LEC,9.559
Singapore Grand Prix,4.0,HAM,4.121
Singapore Grand Prix,4.0,SAI,12.508
Singapore Grand Prix,4.0,ALO,8.893
Singapore Grand Prix,4.0,HUL,8.148
Singapore Grand Prix,4.0,PER,11.07
Singapore Grand Prix,4.0,COL,10.491
Singapore Grand Prix,4.0,TSU,11.853
Singapore Grand Prix,4.0,OCO,13.175
Singapore Grand Prix,4.0,STR,17.98
Singapore Grand Prix,4.0,ZHO,20.317
Singapore Grand Prix,4.0,BOT,19.547
Singapore Grand Prix,4.0,GAS,17.046
Singapore Grand Prix,4.0,RIC,16.112
Singapore Grand Prix,4.0,MAG,14.224
Singapore Grand Prix,4.0,ALB,14.812
Singapore Grand Prix,5.0,NOR,0.0
Singapore Grand Prix,5.0,VER,1.802
Singapore Grand Prix,5.0,PIA,7.886
Singapore Grand Prix,5.0,RUS,6.103
Singapore Grand Prix,5.0,LEC,10.662
Singapore Grand Prix,5.0,HAM,4.477
Singapore Grand Prix,5.0,SAI,13.688
Singapore Grand Prix,5.0,ALO,9.991
Singapore Grand Prix,5.0,HUL,8.859
Singapore Grand Prix,5.0,PER,12.196
Singapore Grand Prix,5.0,COL,11.507
Singapore Grand Prix,5.0,TSU,12.949
Singapore Grand Prix,5.0,OCO,14.458
Singapore Grand Prix,5.0,STR,19.655
Singapore Grand Prix,5.0,ZHO,22.271
Singapore Grand Prix,5.0,BOT,21.457
Singapore Grand Prix,5.0,GAS,18.69
Singapore Grand Prix,5.0,RIC,17.759
Singapore Grand Prix,5.0,MAG,15.234
Singapore Grand Prix,5.0,ALB,16.126
Singapore Grand Prix,6.0,NOR,0.0
Singapore Grand Prix,6.0,VER,1.956
Singapore Grand Prix,6.0,PIA,8.821
Singapore Grand Prix,6.0,RUS,6.632
Singapore Grand Prix,6.0,LEC,11.616
Singapore Grand Prix,6.0,HAM,4.905
Singapore Grand Prix,6.0,SAI,15.066
Singapore Grand Prix,6.0,ALO,10.943
Singapore Grand Prix,6.0,HUL,9.919
Singapore Grand Prix,6.0,PER,13.609
Singapore Grand Prix,6.0,COL,12.724
Singapore Grand Prix,6.0,TSU,14.383
Singapore Grand Prix,6.0,OCO,15.912
Singapore Grand Prix,6.0,STR,21.578
Singapore Grand Prix,6.0,ZHO,24.49
Singapore Grand Prix,6.0,BOT,26.088
Singapore Grand Prix,6.0,GAS,20.571
Singapore Grand Prix,6.0,RIC,19.139
Singapore Grand Prix,6.0,MAG,16.858
Singapore Grand Prix,6.0,ALB,17.55
Singapore Grand Prix,7.0,NOR,0.0
Singapore Grand Prix,7.0,VER,2.109
Singapore Grand Prix,7.0,PIA,9.619
Singapore Grand Prix,7.0,RUS,7.376
Singapore Grand Prix,7.0,LEC,12.64
Singapore Grand Prix,7.0,HAM,5.664
Singapore Grand Prix,7.0,SAI,16.794
Singapore Grand Prix,7.0,ALO,12.042
Singapore Grand Prix,7.0,HUL,11.034
Singapore Grand Prix,7.0,PER,15.121
Singapore Grand Prix,7.0,COL,14.043
Singapore Grand Prix,7.0,TSU,16.024
Singapore Grand Prix,7.0,OCO,17.536
Singapore Grand Prix,7.0,STR,23.692
Singapore Grand Prix,7.0,ZHO,26.701
Singapore Grand Prix,7.0,BOT,28.75
Singapore Grand Prix,7.0,GAS,22.571
Singapore Grand Prix,7.0,RIC,21.116
Singapore Grand Prix,7.0,MAG,18.393
Singapore Grand Prix,7.0,ALB,18.968
Singapore Grand Prix,8.0,NOR,0.0
Singapore Grand Prix,8.0,VER,2.6959999999999997
Singapore Grand Prix,8.0,PIA,10.41
Singapore Grand Prix,8.0,RUS,8.554
Singapore Grand Prix,8.0,LEC,14.285
Singapore Grand Prix,8.0,HAM,6.828
Singapore Grand Prix,8.0,SAI,18.496
Singapore Grand Prix,8.0,ALO,13.502
Singapore Grand Prix,8.0,HUL,12.773
Singapore Grand Prix,8.0,PER,16.396
Singapore Grand Prix,8.0,COL,15.895
Singapore Grand Prix,8.0,TSU,17.847
Singapore Grand Prix,8.0,OCO,19.453
Singapore Grand Prix,8.0,STR,26.348
Singapore Grand Prix,8.0,ZHO,29.106
Singapore Grand Prix,8.0,BOT,31.987
Singapore Grand Prix,8.0,GAS,25.152
Singapore Grand Prix,8.0,RIC,23.649
Singapore Grand Prix,8.0,MAG,20.747
Singapore Grand Prix,8.0,ALB,21.202
Singapore Grand Prix,9.0,NOR,0.0
Singapore Grand Prix,9.0,VER,3.871
Singapore Grand Prix,9.0,PIA,12.141
Singapore Grand Prix,9.0,RUS,10.013
Singapore Grand Prix,9.0,LEC,16.261
Singapore Grand Prix,9.0,HAM,8.14
Singapore Grand Prix,9.0,SAI,20.853
Singapore Grand Prix,9.0,ALO,15.431
Singapore Grand Prix,9.0,HUL,14.462
Singapore Grand Prix,9.0,PER,18.362
Singapore Grand Prix,9.0,COL,17.91
Singapore Grand Prix,9.0,TSU,20.05
Singapore Grand Prix,9.0,OCO,22.149
Singapore Grand Prix,9.0,STR,30.414
Singapore Grand Prix,9.0,ZHO,32.134
Singapore Grand Prix,9.0,BOT,35.131
Singapore Grand Prix,9.0,GAS,29.366
Singapore Grand Prix,9.0,RIC,26.532
Singapore Grand Prix,9.0,MAG,23.89
Singapore Grand Prix,9.0,ALB,24.254
Singapore Grand Prix,10.0,NOR,0.0
Singapore Grand Prix,10.0,VER,4.78
Singapore Grand Prix,10.0,PIA,13.74
Singapore Grand Prix,10.0,RUS,11.515
Singapore Grand Prix,10.0,LEC,18.013
Singapore Grand Prix,10.0,HAM,9.619
Singapore Grand Prix,10.0,SAI,22.97
Singapore Grand Prix,10.0,ALO,17.366
Singapore Grand Prix,10.0,HUL,16.43
Singapore Grand Prix,10.0,PER,20.466
Singapore Grand Prix,10.0,COL,19.913
Singapore Grand Prix,10.0,TSU,22.081
Singapore Grand Prix,10.0,OCO,24.638
Singapore Grand Prix,10.0,STR,33.098
Singapore Grand Prix,10.0,ZHO,34.664
Singapore Grand Prix,10.0,BOT,38.215
Singapore Grand Prix,10.0,GAS,32.024
Singapore Grand Prix,10.0,RIC,37.382
Singapore Grand Prix,10.0,MAG,26.323
Singapore Grand Prix,10.0,ALB,27.32
Singapore Grand Prix,11.0,NOR,0.0
Singapore Grand Prix,11.0,VER,5.7219999999999995
Singapore Grand Prix,11.0,PIA,15.358
Singapore Grand Prix,11.0,RUS,13.043
Singapore Grand Prix,11.0,LEC,20.275
Singapore Grand Prix,11.0,HAM,10.884
Singapore Grand Prix,11.0,SAI,25.013
Singapore Grand Prix,11.0,ALO,19.381
Singapore Grand Prix,11.0,HUL,18.467
Singapore Grand Prix,11.0,PER,22.882
Singapore Grand Prix,11.0,COL,22.018
Singapore Grand Prix,11.0,TSU,24.368
Singapore Grand Prix,11.0,OCO,27.153
Singapore Grand Prix,11.0,STR,36.136
Singapore Grand Prix,11.0,ZHO,37.667
Singapore Grand Prix,11.0,BOT,41.573
Singapore Grand Prix,11.0,GAS,34.636
Singapore Grand Prix,11.0,RIC,61.212
Singapore Grand Prix,11.0,MAG,29.407
Singapore Grand Prix,11.0,ALB,37.335
Singapore Grand Prix,12.0,NOR,0.0
Singapore Grand Prix,12.0,VER,7.005
Singapore Grand Prix,12.0,PIA,17.014
Singapore Grand Prix,12.0,RUS,14.639
Singapore Grand Prix,12.0,LEC,22.556
Singapore Grand Prix,12.0,HAM,12.373
Singapore Grand Prix,12.0,SAI,28.231
Singapore Grand Prix,12.0,ALO,21.76
Singapore Grand Prix,12.0,HUL,20.859
Singapore Grand Prix,12.0,PER,25.251
Singapore Grand Prix,12.0,COL,24.417
Singapore Grand Prix,12.0,TSU,27.546
Singapore Grand Prix,12.0,OCO,29.934
Singapore Grand Prix,12.0,STR,39.379
Singapore Grand Prix,12.0,ZHO,41.081
Singapore Grand Prix,12.0,BOT,45.122
Singapore Grand Prix,12.0,GAS,37.375
Singapore Grand Prix,12.0,RIC,63.306
Singapore Grand Prix,12.0,MAG,32.62
Singapore Grand Prix,12.0,ALB,58.866
Singapore Grand Prix,13.0,NOR,0.0
Singapore Grand Prix,13.0,VER,8.036
Singapore Grand Prix,13.0,PIA,18.559
Singapore Grand Prix,13.0,RUS,16.019
Singapore Grand Prix,13.0,LEC,24.557
Singapore Grand Prix,13.0,HAM,13.805
Singapore Grand Prix,13.0,SAI,38.633
Singapore Grand Prix,13.0,ALO,23.809
Singapore Grand Prix,13.0,HUL,22.91
Singapore Grand Prix,13.0,PER,28.173
Singapore Grand Prix,13.0,COL,26.687
Singapore Grand Prix,13.0,TSU,30.364
Singapore Grand Prix,13.0,OCO,32.843
Singapore Grand Prix,13.0,STR,42.22
Singapore Grand Prix,13.0,ZHO,44.748
Singapore Grand Prix,13.0,BOT,48.459
Singapore Grand Prix,13.0,GAS,40.02
Singapore Grand Prix,13.0,RIC,65.28
Singapore Grand Prix,13.0,MAG,35.587
Singapore Grand Prix,13.0,ALB,59.084
Singapore Grand Prix,14.0,NOR,0.0
Singapore Grand Prix,14.0,VER,8.911
Singapore Grand Prix,14.0,PIA,19.378
Singapore Grand Prix,14.0,RUS,17.36
Singapore Grand Prix,14.0,LEC,26.432
Singapore Grand Prix,14.0,HAM,15.147
Singapore Grand Prix,14.0,SAI,58.768
Singapore Grand Prix,14.0,ALO,25.501
Singapore Grand Prix,14.0,HUL,24.685
Singapore Grand Prix,14.0,PER,30.483
Singapore Grand Prix,14.0,COL,28.994
Singapore Grand Prix,14.0,TSU,33.117
Singapore Grand Prix,14.0,OCO,35.446
Singapore Grand Prix,14.0,STR,45.183
Singapore Grand Prix,14.0,ZHO,47.736
Singapore Grand Prix,14.0,BOT,51.506
Singapore Grand Prix,14.0,GAS,42.528
Singapore Grand Prix,14.0,RIC,67.108
Singapore Grand Prix,14.0,MAG,38.323
Singapore Grand Prix,14.0,ALB,60.992
Singapore Grand Prix,15.0,NOR,0.0
Singapore Grand Prix,15.0,VER,9.979
Singapore Grand Prix,15.0,PIA,21.055
Singapore Grand Prix,15.0,RUS,19.061
Singapore Grand Prix,15.0,LEC,28.189
Singapore Grand Prix,15.0,HAM,16.676
Singapore Grand Prix,15.0,SAI,58.571
Singapore Grand Prix,15.0,ALO,27.751
Singapore Grand Prix,15.0,HUL,26.726
Singapore Grand Prix,15.0,PER,32.827
Singapore Grand Prix,15.0,COL,31.094
Singapore Grand Prix,15.0,TSU,35.708
Singapore Grand Prix,15.0,OCO,37.964
Singapore Grand Prix,15.0,STR,47.919
Singapore Grand Prix,15.0,ZHO,50.588
Singapore Grand Prix,15.0,BOT,54.152
Singapore Grand Prix,15.0,GAS,45.261
Singapore Grand Prix,15.0,RIC,69.124
Singapore Grand Prix,15.0,MAG,40.95
Singapore Grand Prix,15.0,ALB,97.512
Singapore Grand Prix,16.0,NOR,0.0
Singapore Grand Prix,16.0,VER,11.206
Singapore Grand Prix,16.0,PIA,22.519
Singapore Grand Prix,16.0,RUS,20.963
Singapore Grand Prix,16.0,LEC,30.469
Singapore Grand Prix,16.0,HAM,19.096
Singapore Grand Prix,16.0,SAI,58.855
Singapore Grand Prix,16.0,ALO,29.989
Singapore Grand Prix,16.0,HUL,29.156
Singapore Grand Prix,16.0,PER,35.407
Singapore Grand Prix,16.0,COL,33.335
Singapore Grand Prix,16.0,TSU,38.279
Singapore Grand Prix,16.0,OCO,40.808
Singapore Grand Prix,16.0,STR,51.218
Singapore Grand Prix,16.0,ZHO,53.691
Singapore Grand Prix,16.0,BOT,57.234
Singapore Grand Prix,16.0,GAS,47.815
Singapore Grand Prix,16.0,RIC,70.92
Singapore Grand Prix,16.0,MAG,43.6
Singapore Grand Prix,17.0,NOR,0.0
Singapore Grand Prix,17.0,VER,12.185
Singapore Grand Prix,17.0,PIA,24.043
Singapore Grand Prix,17.0,RUS,22.81
Singapore Grand Prix,17.0,LEC,33.022
Singapore Grand Prix,17.0,HAM,28.95
Singapore Grand Prix,17.0,SAI,59.326
Singapore Grand Prix,17.0,ALO,31.792
Singapore Grand Prix,17.0,HUL,30.919
Singapore Grand Prix,17.0,PER,37.83
Singapore Grand Prix,17.0,COL,35.537
Singapore Grand Prix,17.0,TSU,40.52
Singapore Grand Prix,17.0,OCO,43.285
Singapore Grand Prix,17.0,STR,54.143
Singapore Grand Prix,17.0,ZHO,56.857
Singapore Grand Prix,17.0,BOT,61.852
Singapore Grand Prix,17.0,GAS,49.913
Singapore Grand Prix,17.0,RIC,72.318
Singapore Grand Prix,17.0,MAG,46.033
Singapore Grand Prix,18.0,NOR,0.0
Singapore Grand Prix,18.0,VER,13.185
Singapore Grand Prix,18.0,PIA,25.163
Singapore Grand Prix,18.0,RUS,24.146
Singapore Grand Prix,18.0,LEC,34.768
Singapore Grand Prix,18.0,HAM,50.59
Singapore Grand Prix,18.0,SAI,60.409
Singapore Grand Prix,18.0,ALO,33.442
Singapore Grand Prix,18.0,HUL,32.709
Singapore Grand Prix,18.0,PER,40.105
Singapore Grand Prix,18.0,COL,37.547
Singapore Grand Prix,18.0,TSU,43.11
Singapore Grand Prix,18.0,OCO,46.121
Singapore Grand Prix,18.0,STR,57.09
Singapore Grand Prix,18.0,ZHO,59.848
Singapore Grand Prix,18.0,BOT,65.062
Singapore Grand Prix,18.0,GAS,52.825
Singapore Grand Prix,18.0,RIC,73.511
Singapore Grand Prix,18.0,MAG,48.671
Singapore Grand Prix,19.0,NOR,0.0
Singapore Grand Prix,19.0,VER,13.92
Singapore Grand Prix,19.0,PIA,26.63
Singapore Grand Prix,19.0,RUS,25.088
Singapore Grand Prix,19.0,LEC,36.22
Singapore Grand Prix,19.0,HAM,51.51
Singapore Grand Prix,19.0,SAI,61.308
Singapore Grand Prix,19.0,ALO,35.443
Singapore Grand Prix,19.0,HUL,34.57
Singapore Grand Prix,19.0,PER,42.302
Singapore Grand Prix,19.0,COL,39.289
Singapore Grand Prix,19.0,TSU,45.5
Singapore Grand Prix,19.0,OCO,48.696
Singapore Grand Prix,19.0,STR,59.768
Singapore Grand Prix,19.0,ZHO,63.761
Singapore Grand Prix,19.0,BOT,67.96
Singapore Grand Prix,19.0,GAS,55.162
Singapore Grand Prix,19.0,RIC,74.868
Singapore Grand Prix,19.0,MAG,52.089
Singapore Grand Prix,20.0,NOR,0.0
Singapore Grand Prix,20.0,VER,15.156
Singapore Grand Prix,20.0,PIA,28.06
Singapore Grand Prix,20.0,RUS,26.537
Singapore Grand Prix,20.0,LEC,38.42
Singapore Grand Prix,20.0,HAM,53.368
Singapore Grand Prix,20.0,SAI,63.234
Singapore Grand Prix,20.0,ALO,37.923
Singapore Grand Prix,20.0,HUL,37.121
Singapore Grand Prix,20.0,PER,44.428
Singapore Grand Prix,20.0,COL,41.084
Singapore Grand Prix,20.0,TSU,48.179
Singapore Grand Prix,20.0,OCO,51.692
Singapore Grand Prix,20.0,STR,62.81
Singapore Grand Prix,20.0,ZHO,67.455
Singapore Grand Prix,20.0,BOT,71.477
Singapore Grand Prix,20.0,GAS,58.051
Singapore Grand Prix,20.0,RIC,76.873
Singapore Grand Prix,20.0,MAG,55.485
Singapore Grand Prix,21.0,NOR,0.0
Singapore Grand Prix,21.0,VER,16.13
Singapore Grand Prix,21.0,PIA,29.137
Singapore Grand Prix,21.0,RUS,27.803
Singapore Grand Prix,21.0,LEC,40.537
Singapore Grand Prix,21.0,HAM,55.086
Singapore Grand Prix,21.0,SAI,65.174
Singapore Grand Prix,21.0,ALO,39.989
Singapore Grand Prix,21.0,HUL,39.173
Singapore Grand Prix,21.0,PER,46.396
Singapore Grand Prix,21.0,COL,43.213
Singapore Grand Prix,21.0,TSU,50.766
Singapore Grand Prix,21.0,OCO,54.435
Singapore Grand Prix,21.0,STR,67.035
Singapore Grand Prix,21.0,ZHO,70.722
Singapore Grand Prix,21.0,BOT,74.264
Singapore Grand Prix,21.0,GAS,60.382
Singapore Grand Prix,21.0,RIC,78.476
Singapore Grand Prix,21.0,MAG,58.77
Singapore Grand Prix,22.0,NOR,0.0
Singapore Grand Prix,22.0,VER,17.207
Singapore Grand Prix,22.0,PIA,30.437
Singapore Grand Prix,22.0,RUS,29.052
Singapore Grand Prix,22.0,LEC,42.43
Singapore Grand Prix,22.0,HAM,56.165
Singapore Grand Prix,22.0,SAI,66.849
Singapore Grand Prix,22.0,ALO,42.146
Singapore Grand Prix,22.0,HUL,41.186
Singapore Grand Prix,22.0,PER,48.716
Singapore Grand Prix,22.0,COL,45.057
Singapore Grand Prix,22.0,TSU,53.068
Singapore Grand Prix,22.0,OCO,58.496
Singapore Grand Prix,22.0,STR,70.353
Singapore Grand Prix,22.0,ZHO,73.722
Singapore Grand Prix,22.0,BOT,76.81
Singapore Grand Prix,22.0,GAS,63.098
Singapore Grand Prix,22.0,RIC,79.986
Singapore Grand Prix,22.0,MAG,62.002
Singapore Grand Prix,23.0,NOR,0.0
Singapore Grand Prix,23.0,VER,18.226
Singapore Grand Prix,23.0,PIA,31.487
Singapore Grand Prix,23.0,RUS,30.257
Singapore Grand Prix,23.0,LEC,44.906
Singapore Grand Prix,23.0,HAM,57.349
Singapore Grand Prix,23.0,SAI,68.061
Singapore Grand Prix,23.0,ALO,44.177
Singapore Grand Prix,23.0,HUL,43.439
Singapore Grand Prix,23.0,PER,50.936
Singapore Grand Prix,23.0,COL,47.466
Singapore Grand Prix,23.0,TSU,55.3
Singapore Grand Prix,23.0,OCO,61.547
Singapore Grand Prix,23.0,STR,73.469
Singapore Grand Prix,23.0,ZHO,76.536
Singapore Grand Prix,23.0,BOT,79.713
Singapore Grand Prix,23.0,GAS,66.125
Singapore Grand Prix,23.0,RIC,81.766
Singapore Grand Prix,23.0,MAG,65.093
Singapore Grand Prix,24.0,NOR,0.0
Singapore Grand Prix,24.0,VER,19.098
Singapore Grand Prix,24.0,PIA,32.363
Singapore Grand Prix,24.0,RUS,31.248
Singapore Grand Prix,24.0,LEC,46.751
Singapore Grand Prix,24.0,HAM,58.174
Singapore Grand Prix,24.0,SAI,69.545
Singapore Grand Prix,24.0,ALO,46.247
Singapore Grand Prix,24.0,HUL,45.18
Singapore Grand Prix,24.0,PER,53.081
Singapore Grand Prix,24.0,COL,48.986
Singapore Grand Prix,24.0,TSU,57.217
Singapore Grand Prix,24.0,OCO,63.991
Singapore Grand Prix,24.0,STR,76.125
Singapore Grand Prix,24.0,ZHO,79.056
Singapore Grand Prix,24.0,BOT,82.102
Singapore Grand Prix,24.0,GAS,68.764
Singapore Grand Prix,24.0,RIC,83.313
Singapore Grand Prix,24.0,MAG,68.074
Singapore Grand Prix,25.0,NOR,0.0
Singapore Grand Prix,25.0,VER,20.335
Singapore Grand Prix,25.0,PIA,33.475
Singapore Grand Prix,25.0,RUS,32.736
Singapore Grand Prix,25.0,LEC,49.376
Singapore Grand Prix,25.0,HAM,60.928
Singapore Grand Prix,25.0,SAI,71.737
Singapore Grand Prix,25.0,ALO,57.55
Singapore Grand Prix,25.0,HUL,47.467
Singapore Grand Prix,25.0,PER,55.461
Singapore Grand Prix,25.0,COL,51.468
Singapore Grand Prix,25.0,TSU,60.402
Singapore Grand Prix,25.0,OCO,66.579
Singapore Grand Prix,25.0,STR,79.208
Singapore Grand Prix,25.0,ZHO,81.871
Singapore Grand Prix,25.0,BOT,84.783
Singapore Grand Prix,25.0,GAS,72.767
Singapore Grand Prix,25.0,RIC,85.404
Singapore Grand Prix,25.0,MAG,71.059
Singapore Grand Prix,26.0,NOR,0.0
Singapore Grand Prix,26.0,VER,21.65
Singapore Grand Prix,26.0,PIA,35.054
Singapore Grand Prix,26.0,RUS,34.233
Singapore Grand Prix,26.0,LEC,50.983
Singapore Grand Prix,26.0,HAM,63.839
Singapore Grand Prix,26.0,SAI,73.751
Singapore Grand Prix,26.0,ALO,78.978
Singapore Grand Prix,26.0,HUL,49.776
Singapore Grand Prix,26.0,PER,58.236
Singapore Grand Prix,26.0,COL,53.635
Singapore Grand Prix,26.0,TSU,63.04
Singapore Grand Prix,26.0,OCO,70.008
Singapore Grand Prix,26.0,STR,90.777
Singapore Grand Prix,26.0,ZHO,85.011
Singapore Grand Prix,26.0,BOT,87.679
Singapore Grand Prix,26.0,GAS,76.413
Singapore Grand Prix,26.0,RIC,88.325
Singapore Grand Prix,26.0,MAG,76.008
Singapore Grand Prix,27.0,NOR,0.0
Singapore Grand Prix,27.0,VER,22.974
Singapore Grand Prix,27.0,PIA,36.095
Singapore Grand Prix,27.0,RUS,43.533
Singapore Grand Prix,27.0,LEC,52.533
Singapore Grand Prix,27.0,HAM,66.235
Singapore Grand Prix,27.0,SAI,75.341
Singapore Grand Prix,27.0,ALO,79.865
Singapore Grand Prix,27.0,HUL,51.946
Singapore Grand Prix,27.0,PER,60.346
Singapore Grand Prix,27.0,COL,55.733
Singapore Grand Prix,27.0,TSU,67.311
Singapore Grand Prix,27.0,OCO,73.269
Singapore Grand Prix,27.0,STR,113.575
Singapore Grand Prix,27.0,ZHO,87.597
Singapore Grand Prix,27.0,BOT,90.348
Singapore Grand Prix,27.0,GAS,80.547
Singapore Grand Prix,27.0,RIC,91.007
Singapore Grand Prix,27.0,MAG,79.375
Singapore Grand Prix,28.0,NOR,0.0
Singapore Grand Prix,28.0,VER,24.711
Singapore Grand Prix,28.0,PIA,36.267
Singapore Grand Prix,28.0,RUS,63.066
Singapore Grand Prix,28.0,LEC,54.8
Singapore Grand Prix,28.0,HAM,67.162
Singapore Grand Prix,28.0,SAI,77.176
Singapore Grand Prix,28.0,ALO,81.163
Singapore Grand Prix,28.0,HUL,55.687
Singapore Grand Prix,28.0,PER,70.203
Singapore Grand Prix,28.0,COL,58.018
Singapore Grand Prix,28.0,TSU,70.077
Singapore Grand Prix,28.0,OCO,76.464
Singapore Grand Prix,28.0,STR,115.28
Singapore Grand Prix,28.0,ZHO,90.034
Singapore Grand Prix,28.0,BOT,93.062
Singapore Grand Prix,28.0,GAS,84.1
Singapore Grand Prix,28.0,RIC,93.673
Singapore Grand Prix,28.0,MAG,91.416
Singapore Grand Prix,29.0,NOR,0.0
Singapore Grand Prix,29.0,VER,30.706
Singapore Grand Prix,29.0,PIA,32.333
Singapore Grand Prix,29.0,RUS,58.285
Singapore Grand Prix,29.0,LEC,51.293
Singapore Grand Prix,29.0,HAM,63.31
Singapore Grand Prix,29.0,SAI,74.259
Singapore Grand Prix,29.0,ALO,77.899
Singapore Grand Prix,29.0,HUL,62.359
Singapore Grand Prix,29.0,PER,85.594
Singapore Grand Prix,29.0,COL,64.484
Singapore Grand Prix,29.0,TSU,68.266
Singapore Grand Prix,29.0,OCO,84.645
Singapore Grand Prix,29.0,STR,112.791
Singapore Grand Prix,29.0,ZHO,89.25
Singapore Grand Prix,29.0,BOT,93.245
Singapore Grand Prix,29.0,GAS,82.706
Singapore Grand Prix,29.0,RIC,91.046
Singapore Grand Prix,29.0,MAG,109.453
Singapore Grand Prix,30.0,NOR,0.0
Singapore Grand Prix,30.0,VER,42.622
Singapore Grand Prix,30.0,PIA,23.55
Singapore Grand Prix,30.0,RUS,48.259
Singapore Grand Prix,30.0,LEC,43.763
Singapore Grand Prix,30.0,HAM,54.07
Singapore Grand Prix,30.0,SAI,65.393
Singapore Grand Prix,30.0,ALO,69.388
Singapore Grand Prix,30.0,HUL,76.927
Singapore Grand Prix,30.0,PER,78.11
Singapore Grand Prix,30.0,COL,78.995
Singapore Grand Prix,30.0,TSU,61.164
Singapore Grand Prix,30.0,OCO,98.183
Singapore Grand Prix,30.0,STR,104.635
Singapore Grand Prix,30.0,ZHO,83.034
Singapore Grand Prix,30.0,BOT,87.105
Singapore Grand Prix,30.0,GAS,78.768
Singapore Grand Prix,30.0,RIC,83.536
Singapore Grand Prix,30.0,MAG,100.511
Singapore Grand Prix,31.0,NOR,0.0
Singapore Grand Prix,31.0,VER,20.902
Singapore Grand Prix,31.0,PIA,3.291
Singapore Grand Prix,31.0,RUS,27.255
Singapore Grand Prix,31.0,LEC,24.569
Singapore Grand Prix,31.0,HAM,34.102
Singapore Grand Prix,31.0,SAI,45.36
Singapore Grand Prix,31.0,ALO,49.412
Singapore Grand Prix,31.0,HUL,57.065
Singapore Grand Prix,31.0,PER,58.106
Singapore Grand Prix,31.0,COL,61.038
Singapore Grand Prix,31.0,TSU,42.918
Singapore Grand Prix,31.0,OCO,78.662
Singapore Grand Prix,31.0,STR,84.722
Singapore Grand Prix,31.0,ZHO,66.916
Singapore Grand Prix,31.0,BOT,69.671
Singapore Grand Prix,31.0,GAS,63.516
Singapore Grand Prix,31.0,RIC,66.288
Singapore Grand Prix,31.0,MAG,80.309
Singapore Grand Prix,32.0,NOR,0.0
Singapore Grand Prix,32.0,VER,20.692
Singapore Grand Prix,32.0,PIA,4.451
Singapore Grand Prix,32.0,RUS,27.569
Singapore Grand Prix,32.0,LEC,26.04
Singapore Grand Prix,32.0,HAM,34.764
Singapore Grand Prix,32.0,SAI,46.924
Singapore Grand Prix,32.0,ALO,50.981
Singapore Grand Prix,32.0,HUL,58.416
Singapore Grand Prix,32.0,PER,59.479
Singapore Grand Prix,32.0,COL,62.085
Singapore Grand Prix,32.0,TSU,45.902
Singapore Grand Prix,32.0,OCO,80.14
Singapore Grand Prix,32.0,STR,85.847
Singapore Grand Prix,32.0,ZHO,71.092
Singapore Grand Prix,32.0,BOT,73.468
Singapore Grand Prix,32.0,GAS,67.167
Singapore Grand Prix,32.0,RIC,68.782
Singapore Grand Prix,32.0,MAG,81.747
Singapore Grand Prix,33.0,NOR,0.0
Singapore Grand Prix,33.0,VER,21.03
Singapore Grand Prix,33.0,PIA,6.055
Singapore Grand Prix,33.0,RUS,28.334
Singapore Grand Prix,33.0,LEC,27.543
Singapore Grand Prix,33.0,HAM,35.527
Singapore Grand Prix,33.0,SAI,49.594
Singapore Grand Prix,33.0,ALO,52.458
Singapore Grand Prix,33.0,HUL,59.532
Singapore Grand Prix,33.0,PER,60.272
Singapore Grand Prix,33.0,COL,63.14
Singapore Grand Prix,33.0,TSU,57.16
Singapore Grand Prix,33.0,OCO,81.824
Singapore Grand Prix,33.0,STR,87.325
Singapore Grand Prix,33.0,ZHO,75.447
Singapore Grand Prix,33.0,BOT,85.472
Singapore Grand Prix,33.0,GAS,70.744
Singapore Grand Prix,33.0,RIC,71.476
Singapore Grand Prix,33.0,MAG,83.423
Singapore Grand Prix,34.0,NOR,0.0
Singapore Grand Prix,34.0,VER,21.187
Singapore Grand Prix,34.0,PIA,7.379
Singapore Grand Prix,34.0,RUS,29.976
Singapore Grand Prix,34.0,LEC,29.323
Singapore Grand Prix,34.0,HAM,36.226
Singapore Grand Prix,34.0,SAI,51.279
Singapore Grand Prix,34.0,ALO,54.231
Singapore Grand Prix,34.0,HUL,60.82
Singapore Grand Prix,34.0,PER,61.55
Singapore Grand Prix,34.0,COL,64.409
Singapore Grand Prix,34.0,TSU,81.57
Singapore Grand Prix,34.0,OCO,83.551
Singapore Grand Prix,34.0,STR,88.897
Singapore Grand Prix,34.0,ZHO,87.558
Singapore Grand Prix,34.0,BOT,108.284
Singapore Grand Prix,34.0,GAS,74.852
Singapore Grand Prix,34.0,RIC,75.323
Singapore Grand Prix,34.0,MAG,84.635
Singapore Grand Prix,35.0,NOR,0.0
Singapore Grand Prix,35.0,VER,21.763
Singapore Grand Prix,35.0,PIA,9.177
Singapore Grand Prix,35.0,RUS,32.62
Singapore Grand Prix,35.0,LEC,32.063
Singapore Grand Prix,35.0,HAM,37.382
Singapore Grand Prix,35.0,SAI,53.079
Singapore Grand Prix,35.0,ALO,55.847
Singapore Grand Prix,35.0,HUL,61.766
Singapore Grand Prix,35.0,PER,62.884
Singapore Grand Prix,35.0,COL,65.147
Singapore Grand Prix,35.0,TSU,83.922
Singapore Grand Prix,35.0,OCO,85.306
Singapore Grand Prix,35.0,STR,90.297
Singapore Grand Prix,35.0,ZHO,110.648
Singapore Grand Prix,35.0,BOT,111.052
Singapore Grand Prix,35.0,GAS,79.027
Singapore Grand Prix,35.0,RIC,79.465
Singapore Grand Prix,35.0,MAG,86.404
Singapore Grand Prix,36.0,NOR,0.0
Singapore Grand Prix,36.0,VER,22.515
Singapore Grand Prix,36.0,PIA,11.108
Singapore Grand Prix,36.0,RUS,35.568
Singapore Grand Prix,36.0,LEC,42.931
Singapore Grand Prix,36.0,HAM,39.151
Singapore Grand Prix,36.0,SAI,54.813
Singapore Grand Prix,36.0,ALO,57.842
Singapore Grand Prix,36.0,HUL,63.377
Singapore Grand Prix,36.0,PER,65.224
Singapore Grand Prix,36.0,COL,66.72
Singapore Grand Prix,36.0,TSU,86.436
Singapore Grand Prix,36.0,OCO,87.688
Singapore Grand Prix,36.0,STR,91.932
Singapore Grand Prix,36.0,ZHO,112.794
Singapore Grand Prix,36.0,BOT,113.912
Singapore Grand Prix,36.0,GAS,85.692
Singapore Grand Prix,36.0,RIC,83.26
Singapore Grand Prix,36.0,MAG,88.724
Singapore Grand Prix,37.0,NOR,0.0
Singapore Grand Prix,37.0,VER,23.064
Singapore Grand Prix,37.0,PIA,13.11
Singapore Grand Prix,37.0,RUS,36.919
Singapore Grand Prix,37.0,LEC,63.664
Singapore Grand Prix,37.0,HAM,40.654
Singapore Grand Prix,37.0,SAI,56.685
Singapore Grand Prix,37.0,ALO,59.335
Singapore Grand Prix,37.0,HUL,65.432
Singapore Grand Prix,37.0,PER,66.964
Singapore Grand Prix,37.0,COL,69.72
Singapore Grand Prix,37.0,TSU,88.678
Singapore Grand Prix,37.0,OCO,92.092
Singapore Grand Prix,37.0,STR,94.414
Singapore Grand Prix,37.0,ZHO,114.688
Singapore Grand Prix,37.0,BOT,115.788
Singapore Grand Prix,37.0,GAS,101.521
Singapore Grand Prix,37.0,RIC,85.464
Singapore Grand Prix,37.0,MAG,93.114
Singapore Grand Prix,38.0,NOR,0.0
Singapore Grand Prix,38.0,VER,23.425
Singapore Grand Prix,38.0,PIA,22.795
Singapore Grand Prix,38.0,RUS,37.786
Singapore Grand Prix,38.0,LEC,63.51
Singapore Grand Prix,38.0,HAM,41.709
Singapore Grand Prix,38.0,SAI,57.946
Singapore Grand Prix,38.0,ALO,60.848
Singapore Grand Prix,38.0,HUL,66.663
Singapore Grand Prix,38.0,PER,68.387
Singapore Grand Prix,38.0,COL,70.717
Singapore Grand Prix,38.0,TSU,90.112
Singapore Grand Prix,38.0,OCO,94.287
Singapore Grand Prix,38.0,STR,99.396
Singapore Grand Prix,38.0,ZHO,115.954
Singapore Grand Prix,38.0,BOT,117.442
Singapore Grand Prix,38.0,GAS,126.455
Singapore Grand Prix,38.0,RIC,87.04
Singapore Grand Prix,38.0,MAG,95.019
Singapore Grand Prix,39.0,NOR,0.0
Singapore Grand Prix,39.0,VER,23.057
Singapore Grand Prix,39.0,PIA,43.021
Singapore Grand Prix,39.0,RUS,37.83
Singapore Grand Prix,39.0,LEC,62.472
Singapore Grand Prix,39.0,HAM,42.355
Singapore Grand Prix,39.0,SAI,58.423
Singapore Grand Prix,39.0,ALO,61.733
Singapore Grand Prix,39.0,HUL,67.149
Singapore Grand Prix,39.0,PER,68.902
Singapore Grand Prix,39.0,COL,71.071
Singapore Grand Prix,39.0,TSU,90.558
Singapore Grand Prix,39.0,OCO,94.963
Singapore Grand Prix,39.0,STR,100.332
Singapore Grand Prix,39.0,ZHO,116.943
Singapore Grand Prix,39.0,BOT,118.404
Singapore Grand Prix,39.0,GAS,127.159
Singapore Grand Prix,39.0,RIC,88.279
Singapore Grand Prix,39.0,MAG,96.254
Singapore Grand Prix,40.0,NOR,0.0
Singapore Grand Prix,40.0,VER,22.825
Singapore Grand Prix,40.0,PIA,42.437
Singapore Grand Prix,40.0,RUS,38.181
Singapore Grand Prix,40.0,LEC,62.758
Singapore Grand Prix,40.0,HAM,44.494
Singapore Grand Prix,40.0,SAI,59.194
Singapore Grand Prix,40.0,ALO,63.821
Singapore Grand Prix,40.0,HUL,67.874
Singapore Grand Prix,40.0,PER,69.586
Singapore Grand Prix,40.0,COL,71.432
Singapore Grand Prix,40.0,TSU,91.098
Singapore Grand Prix,40.0,OCO,97.508
Singapore Grand Prix,40.0,STR,101.646
Singapore Grand Prix,40.0,ZHO,118.322
Singapore Grand Prix,40.0,BOT,119.317
Singapore Grand Prix,40.0,GAS,127.788
Singapore Grand Prix,40.0,RIC,89.687
Singapore Grand Prix,40.0,MAG,98.895
Singapore Grand Prix,41.0,NOR,0.0
Singapore Grand Prix,41.0,VER,23.635
Singapore Grand Prix,41.0,PIA,42.132
Singapore Grand Prix,41.0,RUS,38.835
Singapore Grand Prix,41.0,LEC,62.354
Singapore Grand Prix,41.0,HAM,46.114
Singapore Grand Prix,41.0,SAI,60.86
Singapore Grand Prix,41.0,ALO,65.562
Singapore Grand Prix,41.0,HUL,69.298
Singapore Grand Prix,41.0,PER,70.837
Singapore Grand Prix,41.0,COL,72.521
Singapore Grand Prix,41.0,TSU,92.799
Singapore Grand Prix,41.0,OCO,99.204
Singapore Grand Prix,41.0,STR,104.821
Singapore Grand Prix,41.0,ZHO,121.368
Singapore Grand Prix,41.0,BOT,122.766
Singapore Grand Prix,41.0,GAS,128.78
Singapore Grand Prix,41.0,RIC,94.886
Singapore Grand Prix,41.0,MAG,100.522
Singapore Grand Prix,42.0,NOR,0.0
Singapore Grand Prix,42.0,VER,24.096
Singapore Grand Prix,42.0,PIA,41.616
Singapore Grand Prix,42.0,RUS,39.747
Singapore Grand Prix,42.0,LEC,63.216
Singapore Grand Prix,42.0,HAM,47.825
Singapore Grand Prix,42.0,SAI,63.99
Singapore Grand Prix,42.0,ALO,68.344
Singapore Grand Prix,42.0,HUL,70.805
Singapore Grand Prix,42.0,PER,72.082
Singapore Grand Prix,42.0,COL,73.838
Singapore Grand Prix,42.0,TSU,94.039
Singapore Grand Prix,42.0,OCO,101.175
Singapore Grand Prix,42.0,STR,106.441
Singapore Grand Prix,42.0,ZHO,123.685
Singapore Grand Prix,42.0,BOT,124.348
Singapore Grand Prix,42.0,GAS,129.704
Singapore Grand Prix,42.0,RIC,99.705
Singapore Grand Prix,42.0,MAG,102.284
Singapore Grand Prix,43.0,NOR,0.0
Singapore Grand Prix,43.0,VER,24.068
Singapore Grand Prix,43.0,PIA,41.173
Singapore Grand Prix,43.0,RUS,40.373
Singapore Grand Prix,43.0,LEC,62.455
Singapore Grand Prix,43.0,HAM,48.608
Singapore Grand Prix,43.0,SAI,65.982
Singapore Grand Prix,43.0,ALO,69.856
Singapore Grand Prix,43.0,HUL,72.267
Singapore Grand Prix,43.0,PER,73.144
Singapore Grand Prix,43.0,COL,75.021
Singapore Grand Prix,43.0,TSU,94.857
Singapore Grand Prix,43.0,OCO,103.023
Singapore Grand Prix,43.0,STR,108.013
Singapore Grand Prix,43.0,ZHO,125.035
Singapore Grand Prix,43.0,BOT,125.726
Singapore Grand Prix,43.0,GAS,130.732
Singapore Grand Prix,43.0,RIC,102.14
Singapore Grand Prix,43.0,MAG,103.757
Singapore Grand Prix,44.0,NOR,0.0
Singapore Grand Prix,44.0,VER,24.207
Singapore Grand Prix,44.0,PIA,42.261
Singapore Grand Prix,44.0,RUS,41.799
Singapore Grand Prix,44.0,LEC,61.819
Singapore Grand Prix,44.0,HAM,49.926
Singapore Grand Prix,44.0,SAI,67.577
Singapore Grand Prix,44.0,ALO,71.798
Singapore Grand Prix,44.0,HUL,73.787
Singapore Grand Prix,44.0,PER,74.652
Singapore Grand Prix,44.0,COL,76.383
Singapore Grand Prix,44.0,TSU,97.932
Singapore Grand Prix,44.0,OCO,105.392
Singapore Grand Prix,44.0,STR,109.941
Singapore Grand Prix,44.0,ZHO,126.36
Singapore Grand Prix,44.0,BOT,127.206
Singapore Grand Prix,44.0,GAS,131.587
Singapore Grand Prix,44.0,RIC,104.828
Singapore Grand Prix,44.0,MAG,106.294
Singapore Grand Prix,45.0,NOR,0.0
Singapore Grand Prix,45.0,VER,23.897
Singapore Grand Prix,45.0,PIA,42.591
Singapore Grand Prix,45.0,RUS,44.243
Singapore Grand Prix,45.0,LEC,60.607
Singapore Grand Prix,45.0,HAM,50.799
Singapore Grand Prix,45.0,SAI,68.766
Singapore Grand Prix,45.0,ALO,72.988
Singapore Grand Prix,45.0,HUL,74.573
Singapore Grand Prix,45.0,PER,75.324
Singapore Grand Prix,45.0,COL,77.411
Singapore Grand Prix,45.0,TSU,98.674
Singapore Grand Prix,45.0,OCO,108.944
Singapore Grand Prix,45.0,STR,111.83
Singapore Grand Prix,45.0,ZHO,127.263
Singapore Grand Prix,45.0,BOT,128.175
Singapore Grand Prix,45.0,GAS,131.808
Singapore Grand Prix,45.0,RIC,111.283
Singapore Grand Prix,45.0,MAG,109.681
Singapore Grand Prix,46.0,NOR,0.0
Singapore Grand Prix,46.0,VER,24.444
Singapore Grand Prix,46.0,PIA,42.962
Singapore Grand Prix,46.0,RUS,46.703
Singapore Grand Prix,46.0,LEC,60.025
Singapore Grand Prix,46.0,HAM,52.643
Singapore Grand Prix,46.0,SAI,71.225
Singapore Grand Prix,46.0,ALO,75.023
Singapore Grand Prix,46.0,HUL,76.539
Singapore Grand Prix,46.0,PER,77.33
Singapore Grand Prix,46.0,COL,79.008
Singapore Grand Prix,46.0,TSU,99.941
Singapore Grand Prix,46.0,OCO,111.07
Singapore Grand Prix,46.0,STR,115.166
Singapore Grand Prix,46.0,ZHO,129.174
Singapore Grand Prix,46.0,BOT,129.746
Singapore Grand Prix,46.0,GAS,132.782
Singapore Grand Prix,46.0,RIC,125.88
Singapore Grand Prix,46.0,MAG,112.383
Singapore Grand Prix,47.0,NOR,0.0
Singapore Grand Prix,47.0,VER,24.505
Singapore Grand Prix,47.0,PIA,42.725
Singapore Grand Prix,47.0,RUS,47.772
Singapore Grand Prix,47.0,LEC,59.216
Singapore Grand Prix,47.0,HAM,53.998
Singapore Grand Prix,47.0,SAI,72.673
Singapore Grand Prix,47.0,ALO,76.575
Singapore Grand Prix,47.0,HUL,77.715
Singapore Grand Prix,47.0,PER,78.517
Singapore Grand Prix,47.0,COL,79.899
Singapore Grand Prix,47.0,TSU,100.61
Singapore Grand Prix,47.0,OCO,112.637
Singapore Grand Prix,47.0,STR,116.964
Singapore Grand Prix,47.0,ZHO,130.068
Singapore Grand Prix,47.0,BOT,131.414
Singapore Grand Prix,47.0,GAS,134.21
Singapore Grand Prix,47.0,RIC,148.807
Singapore Grand Prix,47.0,MAG,114.08
Singapore Grand Prix,48.0,NOR,0.0
Singapore Grand Prix,48.0,VER,26.319
Singapore Grand Prix,48.0,PIA,43.545
Singapore Grand Prix,48.0,RUS,50.443
Singapore Grand Prix,48.0,LEC,60.083
Singapore Grand Prix,48.0,HAM,57.367
Singapore Grand Prix,48.0,SAI,75.598
Singapore Grand Prix,48.0,ALO,79.66
Singapore Grand Prix,48.0,HUL,80.812
Singapore Grand Prix,48.0,PER,81.573
Singapore Grand Prix,48.0,COL,82.91
Singapore Grand Prix,48.0,TSU,102.982
Singapore Grand Prix,48.0,OCO,115.676
Singapore Grand Prix,48.0,STR,119.967
Singapore Grand Prix,48.0,ZHO,133.823
Singapore Grand Prix,48.0,BOT,134.989
Singapore Grand Prix,48.0,GAS,136.613
Singapore Grand Prix,48.0,RIC,150.892
Singapore Grand Prix,48.0,MAG,117.359
Singapore Grand Prix,49.0,NOR,0.0
Singapore Grand Prix,49.0,VER,26.861
Singapore Grand Prix,49.0,PIA,43.366
Singapore Grand Prix,49.0,RUS,51.791
Singapore Grand Prix,49.0,LEC,60.275
Singapore Grand Prix,49.0,HAM,59.638
Singapore Grand Prix,49.0,SAI,77.557
Singapore Grand Prix,49.0,ALO,81.84
Singapore Grand Prix,49.0,HUL,82.899
Singapore Grand Prix,49.0,PER,83.587
Singapore Grand Prix,49.0,COL,84.65
Singapore Grand Prix,49.0,TSU,103.811
Singapore Grand Prix,49.0,OCO,117.945
Singapore Grand Prix,49.0,STR,122.439
Singapore Grand Prix,49.0,ZHO,136.885
Singapore Grand Prix,49.0,BOT,137.452
Singapore Grand Prix,49.0,GAS,138.553
Singapore Grand Prix,49.0,RIC,152.243
Singapore Grand Prix,49.0,MAG,192.067
Singapore Grand Prix,50.0,NOR,0.0
Singapore Grand Prix,50.0,VER,27.605
Singapore Grand Prix,50.0,PIA,45.365
Singapore Grand Prix,50.0,RUS,53.487
Singapore Grand Prix,50.0,LEC,61.494
Singapore Grand Prix,50.0,HAM,63.738
Singapore Grand Prix,50.0,SAI,79.432
Singapore Grand Prix,50.0,ALO,84.069
Singapore Grand Prix,50.0,HUL,85.293
Singapore Grand Prix,50.0,PER,85.998
Singapore Grand Prix,50.0,COL,87.031
Singapore Grand Prix,50.0,TSU,104.297
Singapore Grand Prix,50.0,OCO,120.327
Singapore Grand Prix,50.0,STR,126.268
Singapore Grand Prix,50.0,ZHO,139.173
Singapore Grand Prix,50.0,BOT,139.783
Singapore Grand Prix,50.0,GAS,140.213
Singapore Grand Prix,50.0,RIC,153.179
Singapore Grand Prix,50.0,MAG,230.541
Singapore Grand Prix,51.0,NOR,0.0
Singapore Grand Prix,51.0,VER,28.134
Singapore Grand Prix,51.0,PIA,46.031
Singapore Grand Prix,51.0,RUS,54.429
Singapore Grand Prix,51.0,LEC,61.315
Singapore Grand Prix,51.0,HAM,65.782
Singapore Grand Prix,51.0,SAI,81.363
Singapore Grand Prix,51.0,ALO,85.348
Singapore Grand Prix,51.0,HUL,86.925
Singapore Grand Prix,51.0,PER,87.452
Singapore Grand Prix,51.0,COL,89.368
Singapore Grand Prix,51.0,TSU,104.461
Singapore Grand Prix,51.0,OCO,122.381
Singapore Grand Prix,51.0,STR,127.974
Singapore Grand Prix,51.0,ZHO,140.586
Singapore Grand Prix,51.0,BOT,141.454
Singapore Grand Prix,51.0,GAS,142.558
Singapore Grand Prix,51.0,RIC,153.341
Singapore Grand Prix,51.0,MAG,228.692
Singapore Grand Prix,52.0,NOR,0.0
Singapore Grand Prix,52.0,VER,28.784
Singapore Grand Prix,52.0,PIA,46.695
Singapore Grand Prix,52.0,RUS,55.536
Singapore Grand Prix,52.0,LEC,61.143
Singapore Grand Prix,52.0,HAM,68.217
Singapore Grand Prix,52.0,SAI,83.67
Singapore Grand Prix,52.0,ALO,87.151
Singapore Grand Prix,52.0,HUL,88.877
Singapore Grand Prix,52.0,PER,89.496
Singapore Grand Prix,52.0,COL,91.524
Singapore Grand Prix,52.0,TSU,104.788
Singapore Grand Prix,52.0,OCO,124.527
Singapore Grand Prix,52.0,STR,129.812
Singapore Grand Prix,52.0,ZHO,142.693
Singapore Grand Prix,52.0,BOT,143.41
Singapore Grand Prix,52.0,GAS,145.018
Singapore Grand Prix,52.0,RIC,154.497
Singapore Grand Prix,52.0,MAG,229.925
Singapore Grand Prix,53.0,NOR,0.0
Singapore Grand Prix,53.0,VER,29.192
Singapore Grand Prix,53.0,PIA,47.666
Singapore Grand Prix,53.0,RUS,56.598
Singapore Grand Prix,53.0,LEC,60.807
Singapore Grand Prix,53.0,HAM,70.451
Singapore Grand Prix,53.0,SAI,85.389
Singapore Grand Prix,53.0,ALO,88.602
Singapore Grand Prix,53.0,HUL,90.578
Singapore Grand Prix,53.0,PER,91.182
Singapore Grand Prix,53.0,COL,92.945
Singapore Grand Prix,53.0,TSU,104.746
Singapore Grand Prix,53.0,OCO,128.255
Singapore Grand Prix,53.0,STR,131.932
Singapore Grand Prix,53.0,ZHO,145.965
Singapore Grand Prix,53.0,BOT,146.711
Singapore Grand Prix,53.0,GAS,147.275
Singapore Grand Prix,53.0,RIC,155.444
Singapore Grand Prix,53.0,MAG,231.579
Singapore Grand Prix,54.0,NOR,0.0
Singapore Grand Prix,54.0,VER,29.191
Singapore Grand Prix,54.0,PIA,47.758
Singapore Grand Prix,54.0,RUS,57.229
Singapore Grand Prix,54.0,LEC,60.512
Singapore Grand Prix,54.0,HAM,72.054
Singapore Grand Prix,54.0,SAI,86.68
Singapore Grand Prix,54.0,ALO,89.594
Singapore Grand Prix,54.0,HUL,91.88
Singapore Grand Prix,54.0,PER,92.451
Singapore Grand Prix,54.0,COL,93.986
Singapore Grand Prix,54.0,TSU,105.093
Singapore Grand Prix,54.0,OCO,130.013
Singapore Grand Prix,54.0,STR,133.361
Singapore Grand Prix,54.0,ZHO,147.434
Singapore Grand Prix,54.0,BOT,148.302
Singapore Grand Prix,54.0,GAS,149.117
Singapore Grand Prix,54.0,RIC,159.145
Singapore Grand Prix,54.0,MAG,232.964
Singapore Grand Prix,55.0,NOR,0.0
Singapore Grand Prix,55.0,VER,28.832
Singapore Grand Prix,55.0,PIA,46.967
Singapore Grand Prix,55.0,RUS,57.754
Singapore Grand Prix,55.0,LEC,60.286
Singapore Grand Prix,55.0,HAM,73.902
Singapore Grand Prix,55.0,SAI,88.113
Singapore Grand Prix,55.0,ALO,90.759
Singapore Grand Prix,55.0,HUL,93.605
Singapore Grand Prix,55.0,PER,94.164
Singapore Grand Prix,55.0,COL,95.257
Singapore Grand Prix,55.0,TSU,105.207
Singapore Grand Prix,55.0,OCO,132.088
Singapore Grand Prix,55.0,STR,134.895
Singapore Grand Prix,55.0,ZHO,148.815
Singapore Grand Prix,55.0,BOT,149.711
Singapore Grand Prix,55.0,GAS,150.303
Singapore Grand Prix,55.0,RIC,160.622
Singapore Grand Prix,55.0,MAG,234.704
Singapore Grand Prix,56.0,NOR,0.0
Singapore Grand Prix,56.0,VER,28.022
Singapore Grand Prix,56.0,PIA,46.125
Singapore Grand Prix,56.0,RUS,57.938
Singapore Grand Prix,56.0,LEC,59.586
Singapore Grand Prix,56.0,HAM,75.826
Singapore Grand Prix,56.0,SAI,89.047
Singapore Grand Prix,56.0,ALO,91.474
Singapore Grand Prix,56.0,HUL,94.72
Singapore Grand Prix,56.0,PER,96.094
Singapore Grand Prix,56.0,COL,99.249
Singapore Grand Prix,56.0,TSU,105.186
Singapore Grand Prix,56.0,OCO,133.669
Singapore Grand Prix,56.0,STR,136.282
Singapore Grand Prix,56.0,ZHO,149.927
Singapore Grand Prix,56.0,BOT,150.677
Singapore Grand Prix,56.0,GAS,153.493
Singapore Grand Prix,56.0,RIC,160.486
Singapore Grand Prix,56.0,MAG,235.938
Singapore Grand Prix,57.0,NOR,0.0
Singapore Grand Prix,57.0,VER,25.575
Singapore Grand Prix,57.0,PIA,43.346
Singapore Grand Prix,57.0,RUS,56.664
Singapore Grand Prix,57.0,LEC,57.539
Singapore Grand Prix,57.0,HAM,76.011
Singapore Grand Prix,57.0,SAI,88.352
Singapore Grand Prix,57.0,ALO,90.707
Singapore Grand Prix,57.0,HUL,93.98
Singapore Grand Prix,57.0,PER,95.592
Singapore Grand Prix,57.0,COL,99.223
Singapore Grand Prix,57.0,TSU,103.62
Singapore Grand Prix,57.0,OCO,133.291
Singapore Grand Prix,57.0,STR,136.079
Singapore Grand Prix,57.0,ZHO,148.953
Singapore Grand Prix,57.0,BOT,149.769
Singapore Grand Prix,57.0,GAS,152.06
Singapore Grand Prix,57.0,RIC,157.994
Singapore Grand Prix,57.0,MAG,245.498
Singapore Grand Prix,58.0,NOR,0.0
Singapore Grand Prix,58.0,VER,24.012
Singapore Grand Prix,58.0,PIA,41.668
Singapore Grand Prix,58.0,RUS,56.726
Singapore Grand Prix,58.0,LEC,57.315
Singapore Grand Prix,58.0,HAM,76.963
Singapore Grand Prix,58.0,SAI,88.893
Singapore Grand Prix,58.0,ALO,91.238
Singapore Grand Prix,58.0,HUL,94.321
Singapore Grand Prix,58.0,PER,95.87
Singapore Grand Prix,58.0,COL,99.333
Singapore Grand Prix,58.0,TSU,102.975
Singapore Grand Prix,58.0,OCO,134.271
Singapore Grand Prix,58.0,STR,136.861
Singapore Grand Prix,58.0,ZHO,148.977
Singapore Grand Prix,58.0,BOT,149.894
Singapore Grand Prix,58.0,GAS,151.947
Singapore Grand Prix,58.0,RIC,165.2
Singapore Grand Prix,59.0,NOR,0.0
Singapore Grand Prix,59.0,VER,23.031
Singapore Grand Prix,59.0,PIA,41.729
Singapore Grand Prix,59.0,RUS,58.104
Singapore Grand Prix,59.0,LEC,58.585
Singapore Grand Prix,59.0,HAM,79.021
Singapore Grand Prix,59.0,SAI,90.503
Singapore Grand Prix,59.0,ALO,92.391
Singapore Grand Prix,59.0,HUL,95.288
Singapore Grand Prix,59.0,PER,99.574
Singapore Grand Prix,59.0,COL,100.87
Singapore Grand Prix,59.0,TSU,103.314
Singapore Grand Prix,59.0,OCO,136.026
Singapore Grand Prix,59.0,STR,140.168
Singapore Grand Prix,59.0,ZHO,149.788
Singapore Grand Prix,59.0,BOT,151.31
Singapore Grand Prix,59.0,GAS,152.745
Singapore Grand Prix,59.0,RIC,187.133
Singapore Grand Prix,60.0,NOR,0.0
Singapore Grand Prix,60.0,VER,22.743
Singapore Grand Prix,60.0,PIA,42.289
Singapore Grand Prix,60.0,RUS,59.345
Singapore Grand Prix,60.0,LEC,60.12
Singapore Grand Prix,60.0,HAM,81.183
Singapore Grand Prix,60.0,SAI,92.71
Singapore Grand Prix,60.0,ALO,94.333
Singapore Grand Prix,60.0,HUL,99.159
Singapore Grand Prix,60.0,PER,101.092
Singapore Grand Prix,60.0,COL,102.951
Singapore Grand Prix,60.0,TSU,104.584
Singapore Grand Prix,60.0,OCO,137.71
Singapore Grand Prix,60.0,STR,142.468
Singapore Grand Prix,60.0,ZHO,152.987
Singapore Grand Prix,60.0,BOT,153.8
Singapore Grand Prix,60.0,GAS,154.303
Singapore Grand Prix,60.0,RIC,184.988
Singapore Grand Prix,61.0,NOR,0.0
Singapore Grand Prix,61.0,VER,21.936
Singapore Grand Prix,61.0,PIA,42.876
Singapore Grand Prix,61.0,RUS,60.807
Singapore Grand Prix,61.0,LEC,61.626
Singapore Grand Prix,61.0,HAM,83.477
Singapore Grand Prix,61.0,SAI,94.19
Singapore Grand Prix,61.0,ALO,98.795
Singapore Grand Prix,61.0,HUL,101.062
Singapore Grand Prix,61.0,PER,102.546
Singapore Grand Prix,61.0,COL,104.206
Singapore Grand Prix,61.0,TSU,106.714
Singapore Grand Prix,61.0,OCO,141.927
Singapore Grand Prix,61.0,STR,145.493
Singapore Grand Prix,61.0,ZHO,155.142
Singapore Grand Prix,61.0,BOT,155.751
Singapore Grand Prix,61.0,GAS,156.981
Singapore Grand Prix,61.0,RIC,187.718
Singapore Grand Prix,62.0,NOR,0.0
Singapore Grand Prix,62.0,VER,20.945
Singapore Grand Prix,62.0,PIA,41.823
Singapore Grand Prix,62.0,RUS,61.04
Singapore Grand Prix,62.0,LEC,62.43
Singapore Grand Prix,62.0,HAM,85.248
Singapore Grand Prix,62.0,SAI,96.039
United States Grand Prix,1.0,VER,1.67
United States Grand Prix,1.0,GAS,4.439
United States Grand Prix,1.0,PER,6.087
United States Grand Prix,1.0,ALO,6.434
United States Grand Prix,1.0,LEC,0.0
United States Grand Prix,1.0,STR,8.533
United States Grand Prix,1.0,MAG,5.086
United States Grand Prix,1.0,TSU,5.626
United States Grand Prix,1.0,ALB,11.282
United States Grand Prix,1.0,ZHO,9.486
United States Grand Prix,1.0,HUL,7.097
United States Grand Prix,1.0,LAW,8.987
United States Grand Prix,1.0,OCO,16.758
United States Grand Prix,1.0,NOR,2.915
United States Grand Prix,1.0,COL,9.936
United States Grand Prix,1.0,HAM,8.134
United States Grand Prix,1.0,SAI,2.286
United States Grand Prix,1.0,RUS,11.66
United States Grand Prix,1.0,BOT,10.718
United States Grand Prix,1.0,PIA,3.95
United States Grand Prix,2.0,VER,1.32
United States Grand Prix,2.0,GAS,6.165
United States Grand Prix,2.0,PER,8.162
United States Grand Prix,2.0,ALO,8.813
United States Grand Prix,2.0,LEC,0.0
United States Grand Prix,2.0,STR,10.984
United States Grand Prix,2.0,MAG,6.783
United States Grand Prix,2.0,TSU,7.399
United States Grand Prix,2.0,ALB,15.485
United States Grand Prix,2.0,ZHO,12.105
United States Grand Prix,2.0,HUL,9.597
United States Grand Prix,2.0,LAW,11.455
United States Grand Prix,2.0,OCO,18.134
United States Grand Prix,2.0,NOR,3.438
United States Grand Prix,2.0,COL,12.6
United States Grand Prix,2.0,HAM,57.793
United States Grand Prix,2.0,SAI,1.8679999999999999
United States Grand Prix,2.0,RUS,14.822
United States Grand Prix,2.0,BOT,13.452
United States Grand Prix,2.0,PIA,5.377
United States Grand Prix,3.0,VER,1.296
United States Grand Prix,3.0,GAS,12.164
United States Grand Prix,3.0,PER,17.332
United States Grand Prix,3.0,ALO,19.6
United States Grand Prix,3.0,LEC,0.0
United States Grand Prix,3.0,STR,22.112
United States Grand Prix,3.0,MAG,12.469
United States Grand Prix,3.0,TSU,16.126
United States Grand Prix,3.0,ALB,29.31
United States Grand Prix,3.0,ZHO,26.211
United States Grand Prix,3.0,HUL,20.983
United States Grand Prix,3.0,LAW,23.734
United States Grand Prix,3.0,OCO,33.309
United States Grand Prix,3.0,NOR,4.975
United States Grand Prix,3.0,COL,27.133
United States Grand Prix,3.0,SAI,2.607
United States Grand Prix,3.0,RUS,32.403
United States Grand Prix,3.0,BOT,29.125
United States Grand Prix,3.0,PIA,8.513
United States Grand Prix,4.0,VER,1.5270000000000001
United States Grand Prix,4.0,GAS,10.696
United States Grand Prix,4.0,PER,16.722
United States Grand Prix,4.0,ALO,17.891
United States Grand Prix,4.0,LEC,0.0
United States Grand Prix,4.0,STR,21.26
United States Grand Prix,4.0,MAG,11.629
United States Grand Prix,4.0,TSU,15.128
United States Grand Prix,4.0,ALB,34.121
United States Grand Prix,4.0,ZHO,24.552
United States Grand Prix,4.0,HUL,19.179
United States Grand Prix,4.0,LAW,23.447
United States Grand Prix,4.0,OCO,32.67
United States Grand Prix,4.0,NOR,4.358
United States Grand Prix,4.0,COL,26.565
United States Grand Prix,4.0,SAI,3.106
United States Grand Prix,4.0,RUS,31.171
United States Grand Prix,4.0,BOT,28.09
United States Grand Prix,4.0,PIA,6.328
United States Grand Prix,5.0,VER,0.415
United States Grand Prix,5.0,GAS,2.203
United States Grand Prix,5.0,PER,3.463
United States Grand Prix,5.0,ALO,3.75
United States Grand Prix,5.0,LEC,0.0
United States Grand Prix,5.0,STR,4.609
United States Grand Prix,5.0,MAG,2.5620000000000003
United States Grand Prix,5.0,TSU,2.911
United States Grand Prix,5.0,ALB,7.4
United States Grand Prix,5.0,ZHO,5.423
United States Grand Prix,5.0,HUL,4.119
United States Grand Prix,5.0,LAW,4.971
United States Grand Prix,5.0,OCO,7.023
United States Grand Prix,5.0,NOR,1.403
United States Grand Prix,5.0,COL,5.708
United States Grand Prix,5.0,SAI,0.947
United States Grand Prix,5.0,RUS,6.5
United States Grand Prix,5.0,BOT,6.093
United States Grand Prix,5.0,PIA,1.888
United States Grand Prix,6.0,VER,1.2429999999999999
United States Grand Prix,6.0,GAS,5.348
United States Grand Prix,6.0,PER,7.088
United States Grand Prix,6.0,ALO,7.841
United States Grand Prix,6.0,LEC,0.0
United States Grand Prix,6.0,STR,12.754
United States Grand Prix,6.0,MAG,5.922
United States Grand Prix,6.0,TSU,6.519
United States Grand Prix,6.0,ALB,13.101
United States Grand Prix,6.0,ZHO,9.731
United States Grand Prix,6.0,HUL,8.258
United States Grand Prix,6.0,LAW,8.945
United States Grand Prix,6.0,OCO,12.412
United States Grand Prix,6.0,NOR,3.115
United States Grand Prix,6.0,COL,10.095
United States Grand Prix,6.0,SAI,1.998
United States Grand Prix,6.0,RUS,11.728
United States Grand Prix,6.0,BOT,10.742
United States Grand Prix,6.0,PIA,4.6899999999999995
United States Grand Prix,7.0,VER,1.404
United States Grand Prix,7.0,GAS,7.265
United States Grand Prix,7.0,PER,9.221
United States Grand Prix,7.0,ALO,10.68
United States Grand Prix,7.0,LEC,0.0
United States Grand Prix,7.0,STR,15.331
United States Grand Prix,7.0,MAG,8.092
United States Grand Prix,7.0,TSU,8.68
United States Grand Prix,7.0,ALB,16.158
United States Grand Prix,7.0,ZHO,12.261
United States Grand Prix,7.0,HUL,10.116
United States Grand Prix,7.0,LAW,11.385
United States Grand Prix,7.0,OCO,14.765
United States Grand Prix,7.0,NOR,4.014
United States Grand Prix,7.0,COL,12.803
United States Grand Prix,7.0,SAI,2.112
United States Grand Prix,7.0,RUS,14.056
United States Grand Prix,7.0,BOT,13.352
United States Grand Prix,7.0,PIA,6.206
United States Grand Prix,8.0,VER,2.179
United States Grand Prix,8.0,GAS,8.995
United States Grand Prix,8.0,PER,11.043
United States Grand Prix,8.0,ALO,12.881
United States Grand Prix,8.0,LEC,0.0
United States Grand Prix,8.0,STR,17.897
United States Grand Prix,8.0,MAG,9.621
United States Grand Prix,8.0,TSU,10.474
United States Grand Prix,8.0,ALB,18.995
United States Grand Prix,8.0,ZHO,14.428
United States Grand Prix,8.0,HUL,12.094
United States Grand Prix,8.0,LAW,13.635
United States Grand Prix,8.0,OCO,17.133
United States Grand Prix,8.0,NOR,5.118
United States Grand Prix,8.0,COL,14.947
United States Grand Prix,8.0,SAI,3.749
United States Grand Prix,8.0,RUS,16.273
United States Grand Prix,8.0,BOT,15.528
United States Grand Prix,8.0,PIA,7.577
United States Grand Prix,9.0,VER,2.9539999999999997
United States Grand Prix,9.0,GAS,10.45
United States Grand Prix,9.0,PER,13.188
United States Grand Prix,9.0,ALO,15.599
United States Grand Prix,9.0,LEC,0.0
United States Grand Prix,9.0,STR,20.612
United States Grand Prix,9.0,MAG,10.998
United States Grand Prix,9.0,TSU,12.17
United States Grand Prix,9.0,ALB,21.739
United States Grand Prix,9.0,ZHO,17.081
United States Grand Prix,9.0,HUL,14.488
United States Grand Prix,9.0,LAW,16.478
United States Grand Prix,9.0,OCO,19.713
United States Grand Prix,9.0,NOR,6.057
United States Grand Prix,9.0,COL,17.67
United States Grand Prix,9.0,SAI,4.514
United States Grand Prix,9.0,RUS,18.929
United States Grand Prix,9.0,BOT,18.302
United States Grand Prix,9.0,PIA,8.605
United States Grand Prix,10.0,VER,3.503
United States Grand Prix,10.0,GAS,11.6
United States Grand Prix,10.0,PER,14.903
United States Grand Prix,10.0,ALO,18.106
United States Grand Prix,10.0,LEC,0.0
United States Grand Prix,10.0,STR,23.004
United States Grand Prix,10.0,MAG,12.864
United States Grand Prix,10.0,TSU,13.941
United States Grand Prix,10.0,ALB,25.054
United States Grand Prix,10.0,ZHO,28.346
United States Grand Prix,10.0,HUL,16.367
United States Grand Prix,10.0,LAW,19.069
United States Grand Prix,10.0,OCO,22.385
United States Grand Prix,10.0,NOR,7.005
United States Grand Prix,10.0,COL,19.951
United States Grand Prix,10.0,SAI,4.98
United States Grand Prix,10.0,RUS,21.502
United States Grand Prix,10.0,BOT,20.63
United States Grand Prix,10.0,PIA,9.523
United States Grand Prix,11.0,VER,4.152
United States Grand Prix,11.0,GAS,13.294
United States Grand Prix,11.0,PER,16.831
United States Grand Prix,11.0,ALO,21.835
United States Grand Prix,11.0,LEC,0.0
United States Grand Prix,11.0,STR,26.184
United States Grand Prix,11.0,MAG,14.964
United States Grand Prix,11.0,TSU,15.957
United States Grand Prix,11.0,ALB,27.676
United States Grand Prix,11.0,ZHO,31.492
United States Grand Prix,11.0,HUL,18.459
United States Grand Prix,11.0,LAW,21.007
United States Grand Prix,11.0,OCO,25.046
United States Grand Prix,11.0,NOR,8.076
United States Grand Prix,11.0,COL,22.593
United States Grand Prix,11.0,SAI,5.735
United States Grand Prix,11.0,RUS,24.07
United States Grand Prix,11.0,BOT,23.333
United States Grand Prix,11.0,PIA,10.533
United States Grand Prix,12.0,VER,4.886
United States Grand Prix,12.0,GAS,14.932
United States Grand Prix,12.0,PER,18.874
United States Grand Prix,12.0,ALO,24.088
United States Grand Prix,12.0,LEC,0.0
United States Grand Prix,12.0,STR,28.91
United States Grand Prix,12.0,MAG,16.677
United States Grand Prix,12.0,TSU,18.022
United States Grand Prix,12.0,ALB,30.166
United States Grand Prix,12.0,ZHO,34.306
United States Grand Prix,12.0,HUL,20.443
United States Grand Prix,12.0,LAW,22.819
United States Grand Prix,12.0,OCO,27.464
United States Grand Prix,12.0,NOR,9.28
United States Grand Prix,12.0,COL,25.031
United States Grand Prix,12.0,SAI,6.5280000000000005
United States Grand Prix,12.0,RUS,26.459
United States Grand Prix,12.0,BOT,25.83
United States Grand Prix,12.0,PIA,11.781
United States Grand Prix,13.0,VER,5.423
United States Grand Prix,13.0,GAS,16.579
United States Grand Prix,13.0,PER,20.694
United States Grand Prix,13.0,ALO,26.376
United States Grand Prix,13.0,LEC,0.0
United States Grand Prix,13.0,STR,31.613
United States Grand Prix,13.0,MAG,18.428
United States Grand Prix,13.0,TSU,19.846
United States Grand Prix,13.0,ALB,33.225
United States Grand Prix,13.0,ZHO,37.334
United States Grand Prix,13.0,HUL,22.378
United States Grand Prix,13.0,LAW,24.74
United States Grand Prix,13.0,OCO,30.322
United States Grand Prix,13.0,NOR,10.228
United States Grand Prix,13.0,COL,27.398
United States Grand Prix,13.0,SAI,7.143
United States Grand Prix,13.0,RUS,28.36
United States Grand Prix,13.0,BOT,29.108
United States Grand Prix,13.0,PIA,12.961
United States Grand Prix,14.0,VER,6.069
United States Grand Prix,14.0,GAS,18.93
United States Grand Prix,14.0,PER,22.925
United States Grand Prix,14.0,ALO,28.882
United States Grand Prix,14.0,LEC,0.0
United States Grand Prix,14.0,STR,34.475
United States Grand Prix,14.0,MAG,20.507
United States Grand Prix,14.0,TSU,21.997
United States Grand Prix,14.0,ALB,36.246
United States Grand Prix,14.0,ZHO,60.969
United States Grand Prix,14.0,HUL,24.226
United States Grand Prix,14.0,LAW,26.923000000000002
United States Grand Prix,14.0,OCO,33.371
United States Grand Prix,14.0,NOR,11.35
United States Grand Prix,14.0,COL,31.168
United States Grand Prix,14.0,SAI,7.981
United States Grand Prix,14.0,RUS,30.258
United States Grand Prix,14.0,BOT,32.033
United States Grand Prix,14.0,PIA,14.568
United States Grand Prix,15.0,VER,6.589
United States Grand Prix,15.0,GAS,20.757
United States Grand Prix,15.0,PER,24.864
United States Grand Prix,15.0,ALO,30.74
United States Grand Prix,15.0,LEC,0.0
United States Grand Prix,15.0,STR,37.151
United States Grand Prix,15.0,MAG,22.571
United States Grand Prix,15.0,TSU,23.861
United States Grand Prix,15.0,ALB,38.837
United States Grand Prix,15.0,ZHO,62.673
United States Grand Prix,15.0,HUL,26.378
United States Grand Prix,15.0,LAW,29.292
United States Grand Prix,15.0,OCO,35.874
United States Grand Prix,15.0,NOR,12.038
United States Grand Prix,15.0,COL,33.297
United States Grand Prix,15.0,SAI,8.38
United States Grand Prix,15.0,RUS,31.741
United States Grand Prix,15.0,BOT,35.075
United States Grand Prix,15.0,PIA,15.909
United States Grand Prix,16.0,VER,6.84
United States Grand Prix,16.0,GAS,22.281
United States Grand Prix,16.0,PER,26.55
United States Grand Prix,16.0,ALO,32.639
United States Grand Prix,16.0,LEC,0.0
United States Grand Prix,16.0,STR,39.68
United States Grand Prix,16.0,MAG,24.69
United States Grand Prix,16.0,TSU,25.763
United States Grand Prix,16.0,ALB,41.386
United States Grand Prix,16.0,ZHO,64.524
United States Grand Prix,16.0,HUL,28.108
United States Grand Prix,16.0,LAW,31.156
United States Grand Prix,16.0,OCO,37.998
United States Grand Prix,16.0,NOR,12.611
United States Grand Prix,16.0,COL,35.471
United States Grand Prix,16.0,SAI,8.884
United States Grand Prix,16.0,RUS,33.219
United States Grand Prix,16.0,BOT,56.945
United States Grand Prix,16.0,PIA,16.356
United States Grand Prix,17.0,VER,7.379
United States Grand Prix,17.0,GAS,24.802
United States Grand Prix,17.0,PER,28.409
United States Grand Prix,17.0,ALO,35.442
United States Grand Prix,17.0,LEC,0.0
United States Grand Prix,17.0,STR,42.113
United States Grand Prix,17.0,MAG,26.964
United States Grand Prix,17.0,TSU,29.168
United States Grand Prix,17.0,ALB,43.649
United States Grand Prix,17.0,ZHO,66.789
United States Grand Prix,17.0,HUL,29.677
United States Grand Prix,17.0,LAW,32.906
United States Grand Prix,17.0,OCO,40.208
United States Grand Prix,17.0,NOR,12.905
United States Grand Prix,17.0,COL,37.373
United States Grand Prix,17.0,SAI,9.466
United States Grand Prix,17.0,RUS,34.73
United States Grand Prix,17.0,BOT,58.125
United States Grand Prix,17.0,PIA,16.66
United States Grand Prix,18.0,VER,7.865
United States Grand Prix,18.0,GAS,26.405
United States Grand Prix,18.0,PER,29.512
United States Grand Prix,18.0,ALO,37.245
United States Grand Prix,18.0,LEC,0.0
United States Grand Prix,18.0,STR,44.547
United States Grand Prix,18.0,MAG,47.32
United States Grand Prix,18.0,TSU,32.409
United States Grand Prix,18.0,ALB,45.738
United States Grand Prix,18.0,ZHO,68.679
United States Grand Prix,18.0,HUL,32.372
United States Grand Prix,18.0,LAW,34.806
United States Grand Prix,18.0,OCO,42.442
United States Grand Prix,18.0,NOR,13.414
United States Grand Prix,18.0,COL,39.365
United States Grand Prix,18.0,SAI,9.727
United States Grand Prix,18.0,RUS,35.825
United States Grand Prix,18.0,BOT,59.452
United States Grand Prix,18.0,PIA,17.231
United States Grand Prix,19.0,VER,8.293
United States Grand Prix,19.0,GAS,52.674
United States Grand Prix,19.0,PER,30.217
United States Grand Prix,19.0,ALO,39.369
United States Grand Prix,19.0,LEC,0.0
United States Grand Prix,19.0,STR,46.564
United States Grand Prix,19.0,MAG,48.635
United States Grand Prix,19.0,TSU,55.704
United States Grand Prix,19.0,ALB,47.786
United States Grand Prix,19.0,ZHO,70.478
United States Grand Prix,19.0,HUL,33.249
United States Grand Prix,19.0,LAW,36.354
United States Grand Prix,19.0,OCO,44.406
United States Grand Prix,19.0,NOR,13.473
United States Grand Prix,19.0,COL,40.822
United States Grand Prix,19.0,SAI,10.072
United States Grand Prix,19.0,RUS,37.475
United States Grand Prix,19.0,BOT,60.768
United States Grand Prix,19.0,PIA,17.363
United States Grand Prix,20.0,VER,8.523
United States Grand Prix,20.0,GAS,54.514
United States Grand Prix,20.0,PER,30.713
United States Grand Prix,20.0,ALO,41.198
United States Grand Prix,20.0,LEC,0.0
United States Grand Prix,20.0,STR,48.409
United States Grand Prix,20.0,MAG,49.875
United States Grand Prix,20.0,TSU,57.146
United States Grand Prix,20.0,ALB,49.441
United States Grand Prix,20.0,ZHO,72.58
United States Grand Prix,20.0,HUL,33.94
United States Grand Prix,20.0,LAW,37.586
United States Grand Prix,20.0,OCO,46.077
United States Grand Prix,20.0,NOR,13.608
United States Grand Prix,20.0,COL,42.189
United States Grand Prix,20.0,SAI,10.13
United States Grand Prix,20.0,RUS,38.485
United States Grand Prix,20.0,BOT,61.849
United States Grand Prix,20.0,PIA,17.398
United States Grand Prix,21.0,VER,8.82
United States Grand Prix,21.0,GAS,56.14
United States Grand Prix,21.0,PER,31.777
United States Grand Prix,21.0,ALO,42.989
United States Grand Prix,21.0,LEC,0.0
United States Grand Prix,21.0,STR,50.319
United States Grand Prix,21.0,MAG,51.628
United States Grand Prix,21.0,TSU,58.977
United States Grand Prix,21.0,ALB,52.395
United States Grand Prix,21.0,ZHO,74.509
United States Grand Prix,21.0,HUL,34.957
United States Grand Prix,21.0,LAW,40.318
United States Grand Prix,21.0,OCO,47.817
United States Grand Prix,21.0,NOR,13.576
United States Grand Prix,21.0,COL,43.77
United States Grand Prix,21.0,SAI,11.319
United States Grand Prix,21.0,RUS,38.944
United States Grand Prix,21.0,BOT,63.263
United States Grand Prix,21.0,PIA,17.603
United States Grand Prix,22.0,VER,9.508
United States Grand Prix,22.0,GAS,57.762
United States Grand Prix,22.0,PER,33.822
United States Grand Prix,22.0,ALO,46.285
United States Grand Prix,22.0,LEC,0.0
United States Grand Prix,22.0,STR,53.565
United States Grand Prix,22.0,MAG,52.696
United States Grand Prix,22.0,TSU,60.571
United States Grand Prix,22.0,ALB,55.153
United States Grand Prix,22.0,ZHO,77.274
United States Grand Prix,22.0,HUL,36.303
United States Grand Prix,22.0,LAW,42.355
United States Grand Prix,22.0,OCO,50.036
United States Grand Prix,22.0,NOR,13.707
United States Grand Prix,22.0,COL,45.609
United States Grand Prix,22.0,SAI,29.805
United States Grand Prix,22.0,RUS,39.552
United States Grand Prix,22.0,BOT,64.85
United States Grand Prix,22.0,PIA,18.056
United States Grand Prix,23.0,VER,10.05
United States Grand Prix,23.0,GAS,58.967
United States Grand Prix,23.0,PER,34.625
United States Grand Prix,23.0,ALO,48.173
United States Grand Prix,23.0,LEC,0.0
United States Grand Prix,23.0,STR,55.924
United States Grand Prix,23.0,MAG,53.55
United States Grand Prix,23.0,TSU,62.058
United States Grand Prix,23.0,ALB,57.161
United States Grand Prix,23.0,ZHO,79.655
United States Grand Prix,23.0,HUL,37.195
United States Grand Prix,23.0,LAW,43.33
United States Grand Prix,23.0,OCO,51.878
United States Grand Prix,23.0,NOR,13.639
United States Grand Prix,23.0,COL,47.043
United States Grand Prix,23.0,SAI,28.658
United States Grand Prix,23.0,RUS,39.848
United States Grand Prix,23.0,BOT,66.11
United States Grand Prix,23.0,PIA,18.088
United States Grand Prix,24.0,VER,10.669
United States Grand Prix,24.0,GAS,60.183
United States Grand Prix,24.0,PER,35.49
United States Grand Prix,24.0,ALO,50.353
United States Grand Prix,24.0,LEC,0.0
United States Grand Prix,24.0,STR,57.903
United States Grand Prix,24.0,MAG,54.477
United States Grand Prix,24.0,TSU,63.564
United States Grand Prix,24.0,ALB,58.894
United States Grand Prix,24.0,ZHO,81.605
United States Grand Prix,24.0,HUL,37.825
United States Grand Prix,24.0,LAW,44.5
United States Grand Prix,24.0,OCO,53.668
United States Grand Prix,24.0,NOR,13.729
United States Grand Prix,24.0,COL,48.571
United States Grand Prix,24.0,SAI,28.072
United States Grand Prix,24.0,RUS,40.209
United States Grand Prix,24.0,BOT,67.558
United States Grand Prix,24.0,PIA,18.658
United States Grand Prix,25.0,VER,11.804
United States Grand Prix,25.0,GAS,61.586
United States Grand Prix,25.0,PER,36.022
United States Grand Prix,25.0,ALO,52.384
United States Grand Prix,25.0,LEC,0.0
United States Grand Prix,25.0,STR,59.954
United States Grand Prix,25.0,MAG,55.186
United States Grand Prix,25.0,TSU,65.054
United States Grand Prix,25.0,ALB,60.729
United States Grand Prix,25.0,ZHO,83.718
United States Grand Prix,25.0,HUL,38.511
United States Grand Prix,25.0,LAW,45.57
United States Grand Prix,25.0,OCO,56.478
United States Grand Prix,25.0,NOR,13.753
United States Grand Prix,25.0,COL,49.744
United States Grand Prix,25.0,SAI,27.844
United States Grand Prix,25.0,RUS,40.318
United States Grand Prix,25.0,BOT,68.884
United States Grand Prix,25.0,PIA,18.484
United States Grand Prix,26.0,VER,31.212
United States Grand Prix,26.0,GAS,63.329
United States Grand Prix,26.0,PER,36.6
United States Grand Prix,26.0,ALO,54.366
United States Grand Prix,26.0,LEC,0.0
United States Grand Prix,26.0,STR,62.956
United States Grand Prix,26.0,MAG,55.454
United States Grand Prix,26.0,TSU,65.77
United States Grand Prix,26.0,ALB,62.875
United States Grand Prix,26.0,ZHO,84.871
United States Grand Prix,26.0,HUL,38.964
United States Grand Prix,26.0,LAW,46.281
United States Grand Prix,26.0,OCO,57.814
United States Grand Prix,26.0,NOR,13.069
United States Grand Prix,26.0,COL,50.433
United States Grand Prix,26.0,SAI,26.975
United States Grand Prix,26.0,RUS,40.265
United States Grand Prix,26.0,BOT,69.512
United States Grand Prix,26.0,PIA,17.572
United States Grand Prix,27.0,VER,18.096
United States Grand Prix,27.0,GAS,53.574
United States Grand Prix,27.0,PER,44.245
United States Grand Prix,27.0,ALO,63.041
United States Grand Prix,27.0,LEC,7.36
United States Grand Prix,27.0,STR,52.993
United States Grand Prix,27.0,MAG,43.418
United States Grand Prix,27.0,TSU,54.854
United States Grand Prix,27.0,ALB,54.257
United States Grand Prix,27.0,ZHO,73.895
United States Grand Prix,27.0,HUL,27.975
United States Grand Prix,27.0,LAW,34.423
United States Grand Prix,27.0,OCO,47.013
United States Grand Prix,27.0,NOR,0.0
United States Grand Prix,27.0,COL,38.722
United States Grand Prix,27.0,SAI,13.773
United States Grand Prix,27.0,RUS,27.992
United States Grand Prix,27.0,BOT,58.219
United States Grand Prix,27.0,PIA,4.426
United States Grand Prix,28.0,VER,17.724
United States Grand Prix,28.0,GAS,55.148
United States Grand Prix,28.0,PER,44.731
United States Grand Prix,28.0,ALO,64.363
United States Grand Prix,28.0,LEC,6.866
United States Grand Prix,28.0,STR,77.068
United States Grand Prix,28.0,MAG,45.785
United States Grand Prix,28.0,TSU,57.165
United States Grand Prix,28.0,ALB,58.033
United States Grand Prix,28.0,ZHO,76.159
United States Grand Prix,28.0,HUL,51.09
United States Grand Prix,28.0,LAW,35.502
United States Grand Prix,28.0,OCO,49.226
United States Grand Prix,28.0,NOR,0.0
United States Grand Prix,28.0,COL,39.771
United States Grand Prix,28.0,SAI,13.671
United States Grand Prix,28.0,RUS,28.071
United States Grand Prix,28.0,BOT,60.087
United States Grand Prix,28.0,PIA,4.92
United States Grand Prix,29.0,VER,17.243
United States Grand Prix,29.0,GAS,56.035
United States Grand Prix,29.0,PER,44.634
United States Grand Prix,29.0,ALO,65.295
United States Grand Prix,29.0,LEC,6.385
United States Grand Prix,29.0,STR,77.095
United States Grand Prix,29.0,MAG,46.487
United States Grand Prix,29.0,TSU,58.41
United States Grand Prix,29.0,ALB,59.772
United States Grand Prix,29.0,ZHO,78.842
United States Grand Prix,29.0,HUL,52.454
United States Grand Prix,29.0,LAW,36.477
United States Grand Prix,29.0,OCO,50.872
United States Grand Prix,29.0,NOR,0.0
United States Grand Prix,29.0,COL,40.765
United States Grand Prix,29.0,SAI,13.326
United States Grand Prix,29.0,RUS,28.147
United States Grand Prix,29.0,BOT,61.837
United States Grand Prix,29.0,PIA,4.922
United States Grand Prix,30.0,VER,16.288
United States Grand Prix,30.0,GAS,57.002
United States Grand Prix,30.0,PER,44.562
United States Grand Prix,30.0,ALO,65.8
United States Grand Prix,30.0,LEC,5.714
United States Grand Prix,30.0,STR,77.774
United States Grand Prix,30.0,MAG,47.551
United States Grand Prix,30.0,TSU,59.411
United States Grand Prix,30.0,ALB,61.718
United States Grand Prix,30.0,ZHO,80.669
United States Grand Prix,30.0,HUL,53.087
United States Grand Prix,30.0,LAW,37.394
United States Grand Prix,30.0,OCO,52.619
United States Grand Prix,30.0,NOR,0.0
United States Grand Prix,30.0,COL,41.426
United States Grand Prix,30.0,SAI,12.295
United States Grand Prix,30.0,RUS,28.019
United States Grand Prix,30.0,BOT,63.317
United States Grand Prix,30.0,PIA,4.878
United States Grand Prix,31.0,VER,13.877
United States Grand Prix,31.0,GAS,56.324
United States Grand Prix,31.0,PER,42.775
United States Grand Prix,31.0,ALO,64.464
United States Grand Prix,31.0,LEC,2.912
United States Grand Prix,31.0,STR,76.393
United States Grand Prix,31.0,MAG,46.537
United States Grand Prix,31.0,TSU,58.735
United States Grand Prix,31.0,ALB,61.884
United States Grand Prix,31.0,ZHO,80.702
United States Grand Prix,31.0,HUL,51.019
United States Grand Prix,31.0,LAW,36.538
United States Grand Prix,31.0,OCO,54.559
United States Grand Prix,31.0,NOR,0.0
United States Grand Prix,31.0,COL,40.492
United States Grand Prix,31.0,SAI,10.107
United States Grand Prix,31.0,RUS,26.184
United States Grand Prix,31.0,BOT,63.222
United States Grand Prix,31.0,PIA,4.2379999999999995
United States Grand Prix,32.0,VER,11.246
United States Grand Prix,32.0,GAS,55.08
United States Grand Prix,32.0,PER,40.416
United States Grand Prix,32.0,ALO,63.327
United States Grand Prix,32.0,LEC,0.0
United States Grand Prix,32.0,STR,75.345
United States Grand Prix,32.0,MAG,44.966
United States Grand Prix,32.0,TSU,57.464
United States Grand Prix,32.0,ALB,61.444
United States Grand Prix,32.0,ZHO,80.608
United States Grand Prix,32.0,HUL,48.969
United States Grand Prix,32.0,LAW,35.252
United States Grand Prix,32.0,OCO,73.579
United States Grand Prix,32.0,NOR,17.868
United States Grand Prix,32.0,COL,39.025
United States Grand Prix,32.0,SAI,7.395
United States Grand Prix,32.0,RUS,24.0
United States Grand Prix,32.0,BOT,62.417
United States Grand Prix,32.0,PIA,3.608
United States Grand Prix,33.0,VER,11.041
United States Grand Prix,33.0,GAS,56.292
United States Grand Prix,33.0,PER,41.103
United States Grand Prix,33.0,ALO,64.851
United States Grand Prix,33.0,LEC,0.0
United States Grand Prix,33.0,STR,76.727
United States Grand Prix,33.0,MAG,45.76
United States Grand Prix,33.0,TSU,58.734
United States Grand Prix,33.0,ALB,64.114
United States Grand Prix,33.0,ZHO,82.706
United States Grand Prix,33.0,HUL,49.292
United States Grand Prix,33.0,LAW,36.506
United States Grand Prix,33.0,OCO,74.761
United States Grand Prix,33.0,NOR,17.477
United States Grand Prix,33.0,COL,40.231
United States Grand Prix,33.0,SAI,7.123
United States Grand Prix,33.0,RUS,25.341
United States Grand Prix,33.0,BOT,64.169
United States Grand Prix,33.0,PIA,23.92
United States Grand Prix,34.0,VER,11.471
United States Grand Prix,34.0,GAS,57.564
United States Grand Prix,34.0,PER,42.67
United States Grand Prix,34.0,ALO,66.503
United States Grand Prix,34.0,LEC,0.0
United States Grand Prix,34.0,STR,78.498
United States Grand Prix,34.0,MAG,46.768
United States Grand Prix,34.0,TSU,60.24
United States Grand Prix,34.0,ALB,87.03
United States Grand Prix,34.0,ZHO,85.46
United States Grand Prix,34.0,HUL,50.007
United States Grand Prix,34.0,LAW,38.322
United States Grand Prix,34.0,OCO,76.205
United States Grand Prix,34.0,NOR,16.887
United States Grand Prix,34.0,COL,41.904
United States Grand Prix,34.0,SAI,7.302
United States Grand Prix,34.0,RUS,26.779
United States Grand Prix,34.0,BOT,67.474
United States Grand Prix,34.0,PIA,23.782
United States Grand Prix,35.0,VER,11.578
United States Grand Prix,35.0,GAS,58.533
United States Grand Prix,35.0,PER,43.878
United States Grand Prix,35.0,ALO,68.837
United States Grand Prix,35.0,LEC,0.0
United States Grand Prix,35.0,STR,80.0
United States Grand Prix,35.0,MAG,47.456
United States Grand Prix,35.0,TSU,61.13
United States Grand Prix,35.0,ALB,88.162
United States Grand Prix,35.0,ZHO,88.346
United States Grand Prix,35.0,HUL,50.36
United States Grand Prix,35.0,LAW,39.909
United States Grand Prix,35.0,OCO,77.317
United States Grand Prix,35.0,NOR,15.908
United States Grand Prix,35.0,COL,43.202
United States Grand Prix,35.0,SAI,7.025
United States Grand Prix,35.0,RUS,27.807
United States Grand Prix,35.0,BOT,70.013
United States Grand Prix,35.0,PIA,22.907
United States Grand Prix,36.0,VER,11.65
United States Grand Prix,36.0,GAS,60.52
United States Grand Prix,36.0,PER,45.397
United States Grand Prix,36.0,ALO,70.407
United States Grand Prix,36.0,LEC,0.0
United States Grand Prix,36.0,STR,81.792
United States Grand Prix,36.0,MAG,48.599
United States Grand Prix,36.0,TSU,62.41
United States Grand Prix,36.0,ALB,89.24
United States Grand Prix,36.0,ZHO,115.796
United States Grand Prix,36.0,HUL,50.913
United States Grand Prix,36.0,LAW,42.608
United States Grand Prix,36.0,OCO,78.975
United States Grand Prix,36.0,NOR,15.582
United States Grand Prix,36.0,COL,44.585
United States Grand Prix,36.0,SAI,6.969
United States Grand Prix,36.0,RUS,28.316
United States Grand Prix,36.0,BOT,72.525
United States Grand Prix,36.0,PIA,22.574
United States Grand Prix,37.0,VER,12.136
United States Grand Prix,37.0,GAS,62.741
United States Grand Prix,37.0,PER,46.419
United States Grand Prix,37.0,ALO,72.54
United States Grand Prix,37.0,LEC,0.0
United States Grand Prix,37.0,STR,83.525
United States Grand Prix,37.0,MAG,50.603
United States Grand Prix,37.0,TSU,64.935
United States Grand Prix,37.0,ALB,90.395
United States Grand Prix,37.0,ZHO,117.48
United States Grand Prix,37.0,HUL,51.826
United States Grand Prix,37.0,LAW,63.729
United States Grand Prix,37.0,OCO,80.588
United States Grand Prix,37.0,NOR,15.415
United States Grand Prix,37.0,COL,47.503
United States Grand Prix,37.0,SAI,6.92
United States Grand Prix,37.0,RUS,29.29
United States Grand Prix,37.0,BOT,74.863
United States Grand Prix,37.0,PIA,22.587
United States Grand Prix,38.0,VER,12.207
United States Grand Prix,38.0,GAS,65.016
United States Grand Prix,38.0,PER,46.788
United States Grand Prix,38.0,ALO,74.11
United States Grand Prix,38.0,LEC,0.0
United States Grand Prix,38.0,STR,84.98
United States Grand Prix,38.0,MAG,51.876
United States Grand Prix,38.0,TSU,66.22
United States Grand Prix,38.0,ALB,91.515
United States Grand Prix,38.0,ZHO,119.058
United States Grand Prix,38.0,HUL,52.435
United States Grand Prix,38.0,LAW,64.064
United States Grand Prix,38.0,OCO,81.955
United States Grand Prix,38.0,NOR,14.926
United States Grand Prix,38.0,COL,49.043
United States Grand Prix,38.0,SAI,6.539
United States Grand Prix,38.0,RUS,30.051
United States Grand Prix,38.0,BOT,77.237
United States Grand Prix,38.0,PIA,22.229
United States Grand Prix,39.0,VER,12.731
United States Grand Prix,39.0,GAS,67.163
United States Grand Prix,39.0,PER,47.94
United States Grand Prix,39.0,ALO,76.355
United States Grand Prix,39.0,LEC,0.0
United States Grand Prix,39.0,STR,87.184
United States Grand Prix,39.0,MAG,72.659
United States Grand Prix,39.0,TSU,68.0
United States Grand Prix,39.0,ALB,93.212
United States Grand Prix,39.0,ZHO,123.104
United States Grand Prix,39.0,HUL,53.895
United States Grand Prix,39.0,LAW,65.626
United States Grand Prix,39.0,OCO,83.756
United States Grand Prix,39.0,NOR,15.154
United States Grand Prix,39.0,COL,51.8
United States Grand Prix,39.0,SAI,6.78
United States Grand Prix,39.0,RUS,31.214
United States Grand Prix,39.0,BOT,80.183
United States Grand Prix,39.0,PIA,22.578
United States Grand Prix,40.0,VER,13.068
United States Grand Prix,40.0,GAS,68.775
United States Grand Prix,40.0,PER,48.719
United States Grand Prix,40.0,ALO,77.995
United States Grand Prix,40.0,LEC,0.0
United States Grand Prix,40.0,STR,88.728
United States Grand Prix,40.0,MAG,73.347
United States Grand Prix,40.0,TSU,69.558
United States Grand Prix,40.0,ALB,94.591
United States Grand Prix,40.0,ZHO,124.948
United States Grand Prix,40.0,HUL,54.999
United States Grand Prix,40.0,LAW,66.374
United States Grand Prix,40.0,OCO,85.191
United States Grand Prix,40.0,NOR,15.188
United States Grand Prix,40.0,COL,72.725
United States Grand Prix,40.0,SAI,6.575
United States Grand Prix,40.0,RUS,33.568
United States Grand Prix,40.0,BOT,82.597
United States Grand Prix,40.0,PIA,23.639
United States Grand Prix,41.0,VER,13.136
United States Grand Prix,41.0,GAS,70.963
United States Grand Prix,41.0,PER,50.025
United States Grand Prix,41.0,ALO,80.635
United States Grand Prix,41.0,LEC,0.0
United States Grand Prix,41.0,STR,90.808
United States Grand Prix,41.0,MAG,74.962
United States Grand Prix,41.0,TSU,83.881
United States Grand Prix,41.0,ALB,95.602
United States Grand Prix,41.0,ZHO,126.895
United States Grand Prix,41.0,HUL,55.782
United States Grand Prix,41.0,LAW,67.128
United States Grand Prix,41.0,OCO,87.95
United States Grand Prix,41.0,NOR,14.759
United States Grand Prix,41.0,COL,73.773
United States Grand Prix,41.0,SAI,5.966
United States Grand Prix,41.0,RUS,59.386
United States Grand Prix,41.0,BOT,85.46
United States Grand Prix,41.0,PIA,23.45
United States Grand Prix,42.0,VER,13.074
United States Grand Prix,42.0,GAS,71.925
United States Grand Prix,42.0,PER,50.712
United States Grand Prix,42.0,ALO,81.901
United States Grand Prix,42.0,LEC,0.0
United States Grand Prix,42.0,STR,92.714
United States Grand Prix,42.0,MAG,75.436
United States Grand Prix,42.0,TSU,84.914
United States Grand Prix,42.0,ALB,96.664
United States Grand Prix,42.0,ZHO,128.884
United States Grand Prix,42.0,HUL,56.544
United States Grand Prix,42.0,LAW,67.358
United States Grand Prix,42.0,OCO,89.849
United States Grand Prix,42.0,NOR,14.505
United States Grand Prix,42.0,COL,74.127
United States Grand Prix,42.0,SAI,5.55
United States Grand Prix,42.0,RUS,58.863
United States Grand Prix,42.0,BOT,88.524
United States Grand Prix,42.0,PIA,23.154
United States Grand Prix,43.0,VER,13.343
United States Grand Prix,43.0,GAS,72.944
United States Grand Prix,43.0,PER,51.242
United States Grand Prix,43.0,ALO,83.198
United States Grand Prix,43.0,LEC,0.0
United States Grand Prix,43.0,STR,94.379
United States Grand Prix,43.0,MAG,76.167
United States Grand Prix,43.0,TSU,86.018
United States Grand Prix,43.0,ALB,97.76
United States Grand Prix,43.0,ZHO,130.868
United States Grand Prix,43.0,HUL,57.193
United States Grand Prix,43.0,LAW,68.205
United States Grand Prix,43.0,OCO,91.839
United States Grand Prix,43.0,NOR,14.281
United States Grand Prix,43.0,COL,74.398
United States Grand Prix,43.0,SAI,5.516
United States Grand Prix,43.0,RUS,58.724
United States Grand Prix,43.0,BOT,90.963
United States Grand Prix,43.0,PIA,22.881
United States Grand Prix,44.0,VER,13.099
United States Grand Prix,44.0,GAS,73.797
United States Grand Prix,44.0,PER,51.326
United States Grand Prix,44.0,ALO,83.953
United States Grand Prix,44.0,LEC,0.0
United States Grand Prix,44.0,STR,95.683
United States Grand Prix,44.0,MAG,76.141
United States Grand Prix,44.0,TSU,86.7
United States Grand Prix,44.0,ALB,100.278
United States Grand Prix,44.0,ZHO,132.204
United States Grand Prix,44.0,HUL,57.398
United States Grand Prix,44.0,LAW,68.565
United States Grand Prix,44.0,OCO,94.417
United States Grand Prix,44.0,NOR,13.813
United States Grand Prix,44.0,COL,74.577
United States Grand Prix,44.0,SAI,5.269
United States Grand Prix,44.0,RUS,57.853
United States Grand Prix,44.0,BOT,93.983
United States Grand Prix,44.0,PIA,22.639
United States Grand Prix,45.0,VER,13.019
United States Grand Prix,45.0,GAS,76.113
United States Grand Prix,45.0,PER,51.491
United States Grand Prix,45.0,ALO,85.603
United States Grand Prix,45.0,LEC,0.0
United States Grand Prix,45.0,STR,97.815
United States Grand Prix,45.0,MAG,76.837
United States Grand Prix,45.0,TSU,88.062
United States Grand Prix,45.0,ALB,101.89
United States Grand Prix,45.0,ZHO,133.513
United States Grand Prix,45.0,HUL,59.621
United States Grand Prix,45.0,LAW,69.3
United States Grand Prix,45.0,OCO,95.895
United States Grand Prix,45.0,NOR,13.804
United States Grand Prix,45.0,COL,74.76
United States Grand Prix,45.0,SAI,5.2
United States Grand Prix,45.0,RUS,57.467
United States Grand Prix,45.0,BOT,101.05
United States Grand Prix,45.0,PIA,22.269
United States Grand Prix,46.0,VER,12.097
United States Grand Prix,46.0,GAS,76.3
United States Grand Prix,46.0,PER,50.893
United States Grand Prix,46.0,ALO,85.966
United States Grand Prix,46.0,LEC,0.0
United States Grand Prix,46.0,STR,99.811
United States Grand Prix,46.0,MAG,76.745
United States Grand Prix,46.0,TSU,88.663
United States Grand Prix,46.0,ALB,104.446
United States Grand Prix,46.0,ZHO,134.194
United States Grand Prix,46.0,HUL,59.089
United States Grand Prix,46.0,LAW,68.742
United States Grand Prix,46.0,OCO,96.471
United States Grand Prix,46.0,NOR,12.746
United States Grand Prix,46.0,COL,73.194
United States Grand Prix,46.0,SAI,4.641
United States Grand Prix,46.0,RUS,56.072
United States Grand Prix,46.0,BOT,105.098
United States Grand Prix,46.0,PIA,21.412
United States Grand Prix,47.0,VER,12.817
United States Grand Prix,47.0,GAS,78.802
United States Grand Prix,47.0,PER,51.336
United States Grand Prix,47.0,ALO,87.028
United States Grand Prix,47.0,LEC,0.0
United States Grand Prix,47.0,STR,100.864
United States Grand Prix,47.0,MAG,77.053
United States Grand Prix,47.0,TSU,89.823
United States Grand Prix,47.0,ALB,105.527
United States Grand Prix,47.0,ZHO,135.348
United States Grand Prix,47.0,HUL,59.615
United States Grand Prix,47.0,LAW,68.902
United States Grand Prix,47.0,OCO,97.596
United States Grand Prix,47.0,NOR,13.469
United States Grand Prix,47.0,COL,72.714
United States Grand Prix,47.0,SAI,5.053
United States Grand Prix,47.0,RUS,55.391
United States Grand Prix,47.0,BOT,107.691
United States Grand Prix,47.0,PIA,21.596
United States Grand Prix,48.0,VER,13.076
United States Grand Prix,48.0,GAS,80.05
United States Grand Prix,48.0,PER,51.865
United States Grand Prix,48.0,ALO,88.353
United States Grand Prix,48.0,LEC,0.0
United States Grand Prix,48.0,STR,102.217
United States Grand Prix,48.0,MAG,77.765
United States Grand Prix,48.0,TSU,91.207
United States Grand Prix,48.0,ALB,106.419
United States Grand Prix,48.0,ZHO,137.254
United States Grand Prix,48.0,HUL,59.896
United States Grand Prix,48.0,LAW,69.082
United States Grand Prix,48.0,OCO,100.181
United States Grand Prix,48.0,NOR,13.592
United States Grand Prix,48.0,COL,72.727
United States Grand Prix,48.0,SAI,4.87
United States Grand Prix,48.0,RUS,55.119
United States Grand Prix,48.0,BOT,110.448
United States Grand Prix,48.0,PIA,21.304
United States Grand Prix,49.0,VER,13.348
United States Grand Prix,49.0,GAS,81.024
United States Grand Prix,49.0,PER,52.221
United States Grand Prix,49.0,ALO,89.976
United States Grand Prix,49.0,LEC,0.0
United States Grand Prix,49.0,STR,105.581
United States Grand Prix,49.0,MAG,78.185
United States Grand Prix,49.0,TSU,92.357
United States Grand Prix,49.0,ALB,107.602
United States Grand Prix,49.0,ZHO,139.168
United States Grand Prix,49.0,HUL,60.08
United States Grand Prix,49.0,LAW,69.314
United States Grand Prix,49.0,OCO,101.51
United States Grand Prix,49.0,NOR,13.815
United States Grand Prix,49.0,COL,72.813
United States Grand Prix,49.0,SAI,5.128
United States Grand Prix,49.0,RUS,54.794
United States Grand Prix,49.0,BOT,115.569
United States Grand Prix,49.0,PIA,21.001
United States Grand Prix,50.0,VER,14.089
United States Grand Prix,50.0,GAS,82.247
United States Grand Prix,50.0,PER,52.999
United States Grand Prix,50.0,ALO,91.609
United States Grand Prix,50.0,LEC,0.0
United States Grand Prix,50.0,STR,107.389
United States Grand Prix,50.0,MAG,78.91
United States Grand Prix,50.0,TSU,94.269
United States Grand Prix,50.0,ALB,109.29
United States Grand Prix,50.0,ZHO,141.18
United States Grand Prix,50.0,HUL,60.78
United States Grand Prix,50.0,LAW,69.876
United States Grand Prix,50.0,OCO,103.132
United States Grand Prix,50.0,NOR,14.677
United States Grand Prix,50.0,COL,72.888
United States Grand Prix,50.0,SAI,5.447
United States Grand Prix,50.0,RUS,54.786
United States Grand Prix,50.0,BOT,118.663
United States Grand Prix,50.0,PIA,21.029
United States Grand Prix,51.0,VER,15.319
United States Grand Prix,51.0,GAS,83.756
United States Grand Prix,51.0,PER,53.794
United States Grand Prix,51.0,ALO,93.024
United States Grand Prix,51.0,LEC,0.0
United States Grand Prix,51.0,STR,109.41
United States Grand Prix,51.0,MAG,79.912
United States Grand Prix,51.0,TSU,95.915
United States Grand Prix,51.0,ALB,111.135
United States Grand Prix,51.0,ZHO,142.703
United States Grand Prix,51.0,HUL,61.309
United States Grand Prix,51.0,LAW,70.454
United States Grand Prix,51.0,OCO,107.095
United States Grand Prix,51.0,NOR,15.868
United States Grand Prix,51.0,COL,73.678
United States Grand Prix,51.0,SAI,6.073
United States Grand Prix,51.0,RUS,54.97
United States Grand Prix,51.0,BOT,123.719
United States Grand Prix,51.0,PIA,21.686
United States Grand Prix,52.0,VER,18.046
United States Grand Prix,52.0,GAS,84.564
United States Grand Prix,52.0,PER,54.878
United States Grand Prix,52.0,ALO,94.193
United States Grand Prix,52.0,LEC,0.0
United States Grand Prix,52.0,STR,110.766
United States Grand Prix,52.0,MAG,80.443
United States Grand Prix,52.0,TSU,97.48
United States Grand Prix,52.0,ALB,112.322
United States Grand Prix,52.0,ZHO,144.294
United States Grand Prix,52.0,HUL,61.92
United States Grand Prix,52.0,LAW,70.643
United States Grand Prix,52.0,OCO,138.773
United States Grand Prix,52.0,NOR,17.619
United States Grand Prix,52.0,COL,73.719
United States Grand Prix,52.0,SAI,6.069
United States Grand Prix,52.0,RUS,55.486
United States Grand Prix,52.0,BOT,126.285
United States Grand Prix,52.0,PIA,21.774
United States Grand Prix,53.0,VER,19.065
United States Grand Prix,53.0,GAS,85.326
United States Grand Prix,53.0,PER,56.252
United States Grand Prix,53.0,ALO,95.557
United States Grand Prix,53.0,LEC,0.0
United States Grand Prix,53.0,STR,111.836
United States Grand Prix,53.0,MAG,80.586
United States Grand Prix,53.0,TSU,100.229
United States Grand Prix,53.0,ALB,113.307
United States Grand Prix,53.0,ZHO,145.201
United States Grand Prix,53.0,HUL,62.067
United States Grand Prix,53.0,LAW,70.391
United States Grand Prix,53.0,OCO,137.738
United States Grand Prix,53.0,NOR,17.601
United States Grand Prix,53.0,COL,73.386
United States Grand Prix,53.0,SAI,5.874
United States Grand Prix,53.0,RUS,57.009
United States Grand Prix,53.0,BOT,128.495
United States Grand Prix,53.0,PIA,22.513
United States Grand Prix,54.0,VER,19.551
United States Grand Prix,54.0,GAS,85.879
United States Grand Prix,54.0,PER,56.88
United States Grand Prix,54.0,ALO,99.052
United States Grand Prix,54.0,LEC,0.0
United States Grand Prix,54.0,STR,112.875
United States Grand Prix,54.0,MAG,80.736
United States Grand Prix,54.0,TSU,101.247
United States Grand Prix,54.0,ALB,114.216
United States Grand Prix,54.0,ZHO,146.622
United States Grand Prix,54.0,HUL,62.667
United States Grand Prix,54.0,LAW,70.307
United States Grand Prix,54.0,OCO,139.556
United States Grand Prix,54.0,NOR,17.315
United States Grand Prix,54.0,COL,72.919
United States Grand Prix,54.0,SAI,5.899
United States Grand Prix,54.0,RUS,57.558
United States Grand Prix,54.0,BOT,130.999
United States Grand Prix,54.0,PIA,22.292
United States Grand Prix,55.0,VER,19.901
United States Grand Prix,55.0,GAS,86.288
United States Grand Prix,55.0,PER,58.965
United States Grand Prix,55.0,ALO,101.246
United States Grand Prix,55.0,LEC,0.0
United States Grand Prix,55.0,STR,116.471
United States Grand Prix,55.0,MAG,81.073
United States Grand Prix,55.0,TSU,102.724
United States Grand Prix,55.0,ALB,117.613
United States Grand Prix,55.0,ZHO,148.781
United States Grand Prix,55.0,HUL,63.479
United States Grand Prix,55.0,LAW,70.838
United States Grand Prix,55.0,OCO,141.653
United States Grand Prix,55.0,NOR,17.092
United States Grand Prix,55.0,COL,72.943
United States Grand Prix,55.0,SAI,7.006
United States Grand Prix,55.0,RUS,57.836
United States Grand Prix,55.0,BOT,133.805
United States Grand Prix,55.0,PIA,22.314
United States Grand Prix,56.0,VER,19.401
United States Grand Prix,56.0,GAS,85.539
United States Grand Prix,56.0,PER,59.017
United States Grand Prix,56.0,LEC,0.0
United States Grand Prix,56.0,MAG,79.765
United States Grand Prix,56.0,HUL,62.961
United States Grand Prix,56.0,LAW,70.593
United States Grand Prix,56.0,NOR,15.332
United States Grand Prix,56.0,COL,71.913
United States Grand Prix,56.0,SAI,8.571
United States Grand Prix,56.0,RUS,56.273
United States Grand Prix,56.0,PIA,21.908
Mexico City Grand Prix,1.0,SAI,2.165
Mexico City Grand Prix,1.0,NOR,4.245
Mexico City Grand Prix,1.0,LEC,5.767
Mexico City Grand Prix,1.0,HAM,7.176
Mexico City Grand Prix,1.0,RUS,9.873
Mexico City Grand Prix,1.0,VER,0.0
Mexico City Grand Prix,1.0,MAG,11.724
Mexico City Grand Prix,1.0,PIA,28.384
Mexico City Grand Prix,1.0,HUL,13.537
Mexico City Grand Prix,1.0,GAS,15.058
Mexico City Grand Prix,1.0,STR,18.826
Mexico City Grand Prix,1.0,COL,23.419
Mexico City Grand Prix,1.0,OCO,29.688
Mexico City Grand Prix,1.0,BOT,25.486
Mexico City Grand Prix,1.0,ZHO,27.274
Mexico City Grand Prix,1.0,LAW,15.877
Mexico City Grand Prix,1.0,PER,22.282
Mexico City Grand Prix,1.0,ALO,20.717
Mexico City Grand Prix,1.0,ALB,0.0
Mexico City Grand Prix,1.0,TSU,0.0
Mexico City Grand Prix,2.0,SAI,1.843
Mexico City Grand Prix,2.0,NOR,4.704
Mexico City Grand Prix,2.0,LEC,5.76
Mexico City Grand Prix,2.0,HAM,7.444
Mexico City Grand Prix,2.0,RUS,9.811
Mexico City Grand Prix,2.0,VER,0.0
Mexico City Grand Prix,2.0,MAG,11.144
Mexico City Grand Prix,2.0,PIA,28.175
Mexico City Grand Prix,2.0,HUL,12.462
Mexico City Grand Prix,2.0,GAS,13.757
Mexico City Grand Prix,2.0,STR,17.627
Mexico City Grand Prix,2.0,COL,22.852
Mexico City Grand Prix,2.0,OCO,30.432
Mexico City Grand Prix,2.0,BOT,25.041
Mexico City Grand Prix,2.0,ZHO,26.632
Mexico City Grand Prix,2.0,LAW,15.987
Mexico City Grand Prix,2.0,PER,21.167
Mexico City Grand Prix,2.0,ALO,20.101
Mexico City Grand Prix,3.0,SAI,1.317
Mexico City Grand Prix,3.0,NOR,3.65
Mexico City Grand Prix,3.0,LEC,6.4030000000000005
Mexico City Grand Prix,3.0,HAM,7.271
Mexico City Grand Prix,3.0,RUS,10.087
Mexico City Grand Prix,3.0,VER,0.0
Mexico City Grand Prix,3.0,MAG,11.611
Mexico City Grand Prix,3.0,PIA,30.445
Mexico City Grand Prix,3.0,HUL,12.95
Mexico City Grand Prix,3.0,GAS,13.773
Mexico City Grand Prix,3.0,STR,18.484
Mexico City Grand Prix,3.0,COL,24.919
Mexico City Grand Prix,3.0,OCO,31.282
Mexico City Grand Prix,3.0,BOT,27.007
Mexico City Grand Prix,3.0,ZHO,28.883
Mexico City Grand Prix,3.0,LAW,16.227
Mexico City Grand Prix,3.0,PER,22.443
Mexico City Grand Prix,3.0,ALO,21.788
Mexico City Grand Prix,4.0,SAI,1.568
Mexico City Grand Prix,4.0,NOR,4.958
Mexico City Grand Prix,4.0,LEC,7.092
Mexico City Grand Prix,4.0,HAM,8.115
Mexico City Grand Prix,4.0,RUS,10.192
Mexico City Grand Prix,4.0,VER,0.0
Mexico City Grand Prix,4.0,MAG,12.133
Mexico City Grand Prix,4.0,PIA,30.654
Mexico City Grand Prix,4.0,HUL,13.255
Mexico City Grand Prix,4.0,GAS,14.855
Mexico City Grand Prix,4.0,STR,19.686
Mexico City Grand Prix,4.0,COL,24.654
Mexico City Grand Prix,4.0,OCO,33.555
Mexico City Grand Prix,4.0,BOT,27.117
Mexico City Grand Prix,4.0,ZHO,29.221
Mexico City Grand Prix,4.0,LAW,17.086
Mexico City Grand Prix,4.0,PER,22.251
Mexico City Grand Prix,4.0,ALO,21.701
Mexico City Grand Prix,5.0,SAI,1.201
Mexico City Grand Prix,5.0,NOR,4.49
Mexico City Grand Prix,5.0,LEC,7.048
Mexico City Grand Prix,5.0,HAM,7.974
Mexico City Grand Prix,5.0,RUS,10.491
Mexico City Grand Prix,5.0,VER,0.0
Mexico City Grand Prix,5.0,MAG,12.095
Mexico City Grand Prix,5.0,PIA,30.811
Mexico City Grand Prix,5.0,HUL,12.583
Mexico City Grand Prix,5.0,GAS,14.173
Mexico City Grand Prix,5.0,STR,19.047
Mexico City Grand Prix,5.0,COL,22.696
Mexico City Grand Prix,5.0,OCO,34.383
Mexico City Grand Prix,5.0,BOT,27.461
Mexico City Grand Prix,5.0,ZHO,29.398
Mexico City Grand Prix,5.0,LAW,16.415
Mexico City Grand Prix,5.0,PER,21.168
Mexico City Grand Prix,5.0,ALO,20.539
Mexico City Grand Prix,6.0,SAI,0.678
Mexico City Grand Prix,6.0,NOR,1.403
Mexico City Grand Prix,6.0,LEC,2.015
Mexico City Grand Prix,6.0,HAM,2.624
Mexico City Grand Prix,6.0,RUS,3.135
Mexico City Grand Prix,6.0,VER,0.0
Mexico City Grand Prix,6.0,MAG,3.609
Mexico City Grand Prix,6.0,PIA,9.838
Mexico City Grand Prix,6.0,HUL,4.294
Mexico City Grand Prix,6.0,GAS,4.866
Mexico City Grand Prix,6.0,STR,6.14
Mexico City Grand Prix,6.0,COL,8.046
Mexico City Grand Prix,6.0,OCO,10.447
Mexico City Grand Prix,6.0,BOT,8.692
Mexico City Grand Prix,6.0,ZHO,9.253
Mexico City Grand Prix,6.0,LAW,5.361
Mexico City Grand Prix,6.0,PER,7.601
Mexico City Grand Prix,6.0,ALO,7.083
Mexico City Grand Prix,7.0,SAI,1.066
Mexico City Grand Prix,7.0,NOR,1.846
Mexico City Grand Prix,7.0,LEC,2.727
Mexico City Grand Prix,7.0,HAM,3.791
Mexico City Grand Prix,7.0,RUS,4.556
Mexico City Grand Prix,7.0,VER,0.0
Mexico City Grand Prix,7.0,MAG,5.198
Mexico City Grand Prix,7.0,PIA,12.073
Mexico City Grand Prix,7.0,HUL,5.938
Mexico City Grand Prix,7.0,GAS,6.624
Mexico City Grand Prix,7.0,STR,8.004
Mexico City Grand Prix,7.0,COL,9.968
Mexico City Grand Prix,7.0,OCO,12.747
Mexico City Grand Prix,7.0,BOT,10.885
Mexico City Grand Prix,7.0,ZHO,11.479
Mexico City Grand Prix,7.0,LAW,7.374
Mexico City Grand Prix,7.0,PER,9.162
Mexico City Grand Prix,7.0,ALO,8.363
Mexico City Grand Prix,8.0,SAI,0.875
Mexico City Grand Prix,8.0,NOR,2.095
Mexico City Grand Prix,8.0,LEC,3.117
Mexico City Grand Prix,8.0,HAM,4.314
Mexico City Grand Prix,8.0,RUS,5.121
Mexico City Grand Prix,8.0,VER,0.0
Mexico City Grand Prix,8.0,MAG,5.982
Mexico City Grand Prix,8.0,PIA,13.997
Mexico City Grand Prix,8.0,HUL,6.931
Mexico City Grand Prix,8.0,GAS,7.861
Mexico City Grand Prix,8.0,STR,9.47
Mexico City Grand Prix,8.0,COL,11.734
Mexico City Grand Prix,8.0,OCO,14.82
Mexico City Grand Prix,8.0,BOT,12.541
Mexico City Grand Prix,8.0,ZHO,13.384
Mexico City Grand Prix,8.0,LAW,8.846
Mexico City Grand Prix,8.0,PER,10.893
Mexico City Grand Prix,8.0,ALO,10.2
Mexico City Grand Prix,9.0,SAI,0.0
Mexico City Grand Prix,9.0,NOR,1.1400000000000001
Mexico City Grand Prix,9.0,LEC,1.85
Mexico City Grand Prix,9.0,HAM,3.035
Mexico City Grand Prix,9.0,RUS,3.935
Mexico City Grand Prix,9.0,VER,0.659
Mexico City Grand Prix,9.0,MAG,4.846
Mexico City Grand Prix,9.0,PIA,13.426
Mexico City Grand Prix,9.0,HUL,5.976
Mexico City Grand Prix,9.0,GAS,6.7940000000000005
Mexico City Grand Prix,9.0,STR,9.387
Mexico City Grand Prix,9.0,COL,11.398
Mexico City Grand Prix,9.0,OCO,14.447
Mexico City Grand Prix,9.0,BOT,12.137
Mexico City Grand Prix,9.0,ZHO,12.92
Mexico City Grand Prix,9.0,LAW,8.681000000000001
Mexico City Grand Prix,9.0,PER,10.616
Mexico City Grand Prix,9.0,ALO,9.964
Mexico City Grand Prix,10.0,SAI,0.0
Mexico City Grand Prix,10.0,NOR,3.565
Mexico City Grand Prix,10.0,LEC,1.893
Mexico City Grand Prix,10.0,HAM,4.041
Mexico City Grand Prix,10.0,RUS,4.5600000000000005
Mexico City Grand Prix,10.0,VER,2.896
Mexico City Grand Prix,10.0,MAG,5.176
Mexico City Grand Prix,10.0,PIA,13.781
Mexico City Grand Prix,10.0,HUL,6.301
Mexico City Grand Prix,10.0,GAS,7.1370000000000005
Mexico City Grand Prix,10.0,STR,10.238
Mexico City Grand Prix,10.0,COL,12.212
Mexico City Grand Prix,10.0,OCO,15.459
Mexico City Grand Prix,10.0,BOT,13.182
Mexico City Grand Prix,10.0,ZHO,14.648
Mexico City Grand Prix,10.0,LAW,9.245
Mexico City Grand Prix,10.0,PER,11.316
Mexico City Grand Prix,10.0,ALO,10.699
Mexico City Grand Prix,11.0,SAI,0.0
Mexico City Grand Prix,11.0,NOR,3.765
Mexico City Grand Prix,11.0,LEC,1.4689999999999999
Mexico City Grand Prix,11.0,HAM,4.663
Mexico City Grand Prix,11.0,RUS,5.573
Mexico City Grand Prix,11.0,VER,2.759
Mexico City Grand Prix,11.0,MAG,6.369
Mexico City Grand Prix,11.0,PIA,15.727
Mexico City Grand Prix,11.0,HUL,7.3870000000000005
Mexico City Grand Prix,11.0,GAS,8.28
Mexico City Grand Prix,11.0,STR,11.62
Mexico City Grand Prix,11.0,COL,13.9
Mexico City Grand Prix,11.0,OCO,17.124
Mexico City Grand Prix,11.0,BOT,15.012
Mexico City Grand Prix,11.0,ZHO,16.409
Mexico City Grand Prix,11.0,LAW,10.307
Mexico City Grand Prix,11.0,PER,12.207
Mexico City Grand Prix,11.0,ALO,12.979
Mexico City Grand Prix,12.0,SAI,0.0
Mexico City Grand Prix,12.0,NOR,4.053
Mexico City Grand Prix,12.0,LEC,1.216
Mexico City Grand Prix,12.0,HAM,5.293
Mexico City Grand Prix,12.0,RUS,6.166
Mexico City Grand Prix,12.0,VER,2.956
Mexico City Grand Prix,12.0,MAG,7.29
Mexico City Grand Prix,12.0,PIA,17.661
Mexico City Grand Prix,12.0,HUL,8.78
Mexico City Grand Prix,12.0,GAS,9.665
Mexico City Grand Prix,12.0,STR,14.313
Mexico City Grand Prix,12.0,COL,15.865
Mexico City Grand Prix,12.0,OCO,19.244
Mexico City Grand Prix,12.0,BOT,17.104
Mexico City Grand Prix,12.0,ZHO,18.383
Mexico City Grand Prix,12.0,LAW,11.485
Mexico City Grand Prix,12.0,PER,13.333
Mexico City Grand Prix,12.0,ALO,15.145
Mexico City Grand Prix,13.0,SAI,0.0
Mexico City Grand Prix,13.0,NOR,4.273
Mexico City Grand Prix,13.0,LEC,1.2770000000000001
Mexico City Grand Prix,13.0,HAM,5.979
Mexico City Grand Prix,13.0,RUS,6.642
Mexico City Grand Prix,13.0,VER,3.125
Mexico City Grand Prix,13.0,MAG,8.098
Mexico City Grand Prix,13.0,PIA,19.02
Mexico City Grand Prix,13.0,HUL,10.006
Mexico City Grand Prix,13.0,GAS,10.858
Mexico City Grand Prix,13.0,STR,15.643
Mexico City Grand Prix,13.0,COL,18.28
Mexico City Grand Prix,13.0,OCO,21.114
Mexico City Grand Prix,13.0,BOT,19.714
Mexico City Grand Prix,13.0,ZHO,20.425
Mexico City Grand Prix,13.0,LAW,12.585
Mexico City Grand Prix,13.0,PER,13.985
Mexico City Grand Prix,13.0,ALO,17.596
Mexico City Grand Prix,14.0,SAI,0.0
Mexico City Grand Prix,14.0,NOR,4.786
Mexico City Grand Prix,14.0,LEC,1.112
Mexico City Grand Prix,14.0,HAM,8.061
Mexico City Grand Prix,14.0,RUS,8.581
Mexico City Grand Prix,14.0,VER,3.408
Mexico City Grand Prix,14.0,MAG,9.625
Mexico City Grand Prix,14.0,PIA,21.717
Mexico City Grand Prix,14.0,HUL,11.414
Mexico City Grand Prix,14.0,GAS,12.371
Mexico City Grand Prix,14.0,STR,17.359
Mexico City Grand Prix,14.0,COL,21.11
Mexico City Grand Prix,14.0,OCO,23.595
Mexico City Grand Prix,14.0,BOT,22.428
Mexico City Grand Prix,14.0,ZHO,22.929
Mexico City Grand Prix,14.0,LAW,13.901
Mexico City Grand Prix,14.0,PER,14.909
Mexico City Grand Prix,14.0,ALO,20.487
Mexico City Grand Prix,15.0,SAI,0.0
Mexico City Grand Prix,15.0,NOR,5.416
Mexico City Grand Prix,15.0,LEC,1.808
Mexico City Grand Prix,15.0,HAM,10.584
Mexico City Grand Prix,15.0,RUS,9.473
Mexico City Grand Prix,15.0,VER,3.943
Mexico City Grand Prix,15.0,MAG,11.228
Mexico City Grand Prix,15.0,PIA,24.445
Mexico City Grand Prix,15.0,HUL,13.141
Mexico City Grand Prix,15.0,GAS,14.02
Mexico City Grand Prix,15.0,STR,18.97
Mexico City Grand Prix,15.0,COL,23.864
Mexico City Grand Prix,15.0,OCO,29.068
Mexico City Grand Prix,15.0,BOT,25.127
Mexico City Grand Prix,15.0,ZHO,26.777
Mexico City Grand Prix,15.0,LAW,15.516
Mexico City Grand Prix,15.0,PER,16.394
Mexico City Grand Prix,15.0,ALO,27.392
Mexico City Grand Prix,16.0,SAI,0.0
Mexico City Grand Prix,16.0,NOR,5.807
Mexico City Grand Prix,16.0,LEC,1.839
Mexico City Grand Prix,16.0,HAM,11.644
Mexico City Grand Prix,16.0,RUS,10.554
Mexico City Grand Prix,16.0,VER,4.433
Mexico City Grand Prix,16.0,MAG,12.566
Mexico City Grand Prix,16.0,PIA,25.753
Mexico City Grand Prix,16.0,HUL,14.618
Mexico City Grand Prix,16.0,GAS,15.684
Mexico City Grand Prix,16.0,STR,20.895
Mexico City Grand Prix,16.0,COL,24.891
Mexico City Grand Prix,16.0,OCO,31.186
Mexico City Grand Prix,16.0,BOT,27.318
Mexico City Grand Prix,16.0,ZHO,29.313
Mexico City Grand Prix,16.0,LAW,17.172
Mexico City Grand Prix,16.0,PER,17.896
Mexico City Grand Prix,17.0,SAI,0.0
Mexico City Grand Prix,17.0,NOR,6.127
Mexico City Grand Prix,17.0,LEC,1.687
Mexico City Grand Prix,17.0,HAM,12.638
Mexico City Grand Prix,17.0,RUS,11.108
Mexico City Grand Prix,17.0,VER,4.438
Mexico City Grand Prix,17.0,MAG,13.516
Mexico City Grand Prix,17.0,PIA,26.687
Mexico City Grand Prix,17.0,HUL,16.058
Mexico City Grand Prix,17.0,GAS,17.191
Mexico City Grand Prix,17.0,STR,22.295
Mexico City Grand Prix,17.0,COL,25.849
Mexico City Grand Prix,17.0,OCO,32.281
Mexico City Grand Prix,17.0,BOT,29.011
Mexico City Grand Prix,17.0,ZHO,30.871
Mexico City Grand Prix,17.0,LAW,18.46
Mexico City Grand Prix,17.0,PER,19.141
Mexico City Grand Prix,18.0,SAI,0.0
Mexico City Grand Prix,18.0,NOR,6.633
Mexico City Grand Prix,18.0,LEC,2.063
Mexico City Grand Prix,18.0,HAM,13.711
Mexico City Grand Prix,18.0,RUS,11.98
Mexico City Grand Prix,18.0,VER,5.013
Mexico City Grand Prix,18.0,MAG,14.998
Mexico City Grand Prix,18.0,PIA,28.615
Mexico City Grand Prix,18.0,HUL,17.596
Mexico City Grand Prix,18.0,GAS,18.964
Mexico City Grand Prix,18.0,STR,25.103
Mexico City Grand Prix,18.0,COL,27.871
Mexico City Grand Prix,18.0,OCO,34.013
Mexico City Grand Prix,18.0,BOT,31.052
Mexico City Grand Prix,18.0,ZHO,32.782
Mexico City Grand Prix,18.0,LAW,21.926
Mexico City Grand Prix,18.0,PER,24.707
Mexico City Grand Prix,19.0,SAI,0.0
Mexico City Grand Prix,19.0,NOR,7.311
Mexico City Grand Prix,19.0,LEC,2.564
Mexico City Grand Prix,19.0,HAM,15.046
Mexico City Grand Prix,19.0,RUS,13.118
Mexico City Grand Prix,19.0,VER,5.66
Mexico City Grand Prix,19.0,MAG,16.555
Mexico City Grand Prix,19.0,PIA,30.548000000000002
Mexico City Grand Prix,19.0,HUL,19.426
Mexico City Grand Prix,19.0,GAS,21.188
Mexico City Grand Prix,19.0,STR,28.822
Mexico City Grand Prix,19.0,COL,29.836
Mexico City Grand Prix,19.0,OCO,35.822
Mexico City Grand Prix,19.0,BOT,33.057
Mexico City Grand Prix,19.0,ZHO,34.761
Mexico City Grand Prix,19.0,LAW,23.728
Mexico City Grand Prix,19.0,PER,27.583
Mexico City Grand Prix,20.0,SAI,0.0
Mexico City Grand Prix,20.0,NOR,7.874
Mexico City Grand Prix,20.0,LEC,2.568
Mexico City Grand Prix,20.0,HAM,16.168
Mexico City Grand Prix,20.0,RUS,14.078
Mexico City Grand Prix,20.0,VER,6.228
Mexico City Grand Prix,20.0,MAG,18.089
Mexico City Grand Prix,20.0,PIA,32.763
Mexico City Grand Prix,20.0,HUL,20.999
Mexico City Grand Prix,20.0,GAS,23.036
Mexico City Grand Prix,20.0,STR,31.088
Mexico City Grand Prix,20.0,COL,32.677
Mexico City Grand Prix,20.0,OCO,37.716
Mexico City Grand Prix,20.0,BOT,34.721
Mexico City Grand Prix,20.0,ZHO,36.512
Mexico City Grand Prix,20.0,LAW,25.295
Mexico City Grand Prix,20.0,PER,35.479
Mexico City Grand Prix,21.0,SAI,0.0
Mexico City Grand Prix,21.0,NOR,8.598
Mexico City Grand Prix,21.0,LEC,3.109
Mexico City Grand Prix,21.0,HAM,17.464
Mexico City Grand Prix,21.0,RUS,15.198
Mexico City Grand Prix,21.0,VER,7.14
Mexico City Grand Prix,21.0,MAG,19.856
Mexico City Grand Prix,21.0,PIA,35.23
Mexico City Grand Prix,21.0,HUL,22.943
Mexico City Grand Prix,21.0,GAS,25.401
Mexico City Grand Prix,21.0,STR,33.188
Mexico City Grand Prix,21.0,COL,36.182
Mexico City Grand Prix,21.0,OCO,39.825
Mexico City Grand Prix,21.0,BOT,37.212
Mexico City Grand Prix,21.0,ZHO,38.873
Mexico City Grand Prix,21.0,LAW,27.256
Mexico City Grand Prix,21.0,PER,60.308
Mexico City Grand Prix,22.0,SAI,0.0
Mexico City Grand Prix,22.0,NOR,9.227
Mexico City Grand Prix,22.0,LEC,3.676
Mexico City Grand Prix,22.0,HAM,18.564
Mexico City Grand Prix,22.0,RUS,16.218
Mexico City Grand Prix,22.0,VER,8.032
Mexico City Grand Prix,22.0,MAG,21.393
Mexico City Grand Prix,22.0,PIA,36.373
Mexico City Grand Prix,22.0,HUL,24.701999999999998
Mexico City Grand Prix,22.0,GAS,27.231
Mexico City Grand Prix,22.0,STR,35.11
Mexico City Grand Prix,22.0,COL,37.703
Mexico City Grand Prix,22.0,OCO,41.66
Mexico City Grand Prix,22.0,BOT,39.123
Mexico City Grand Prix,22.0,ZHO,40.891
Mexico City Grand Prix,22.0,LAW,29.067
Mexico City Grand Prix,22.0,PER,60.285
Mexico City Grand Prix,23.0,SAI,0.0
Mexico City Grand Prix,23.0,NOR,10.001
Mexico City Grand Prix,23.0,LEC,4.098
Mexico City Grand Prix,23.0,HAM,19.588
Mexico City Grand Prix,23.0,RUS,17.062
Mexico City Grand Prix,23.0,VER,8.745
Mexico City Grand Prix,23.0,MAG,22.945
Mexico City Grand Prix,23.0,PIA,37.537
Mexico City Grand Prix,23.0,HUL,26.462
Mexico City Grand Prix,23.0,GAS,29.018
Mexico City Grand Prix,23.0,STR,36.788
Mexico City Grand Prix,23.0,COL,39.171
Mexico City Grand Prix,23.0,OCO,43.956
Mexico City Grand Prix,23.0,BOT,41.028
Mexico City Grand Prix,23.0,ZHO,43.084
Mexico City Grand Prix,23.0,LAW,30.974
Mexico City Grand Prix,23.0,PER,60.648
Mexico City Grand Prix,24.0,SAI,0.0
Mexico City Grand Prix,24.0,NOR,10.635
Mexico City Grand Prix,24.0,LEC,4.574
Mexico City Grand Prix,24.0,HAM,20.883
Mexico City Grand Prix,24.0,RUS,17.825
Mexico City Grand Prix,24.0,VER,9.772
Mexico City Grand Prix,24.0,MAG,24.832
Mexico City Grand Prix,24.0,PIA,38.714
Mexico City Grand Prix,24.0,HUL,28.425
Mexico City Grand Prix,24.0,GAS,31.271
Mexico City Grand Prix,24.0,STR,40.091
Mexico City Grand Prix,24.0,COL,41.171
Mexico City Grand Prix,24.0,OCO,45.934
Mexico City Grand Prix,24.0,BOT,42.841
Mexico City Grand Prix,24.0,ZHO,45.027
Mexico City Grand Prix,24.0,LAW,33.023
Mexico City Grand Prix,24.0,PER,61.329
Mexico City Grand Prix,25.0,SAI,0.0
Mexico City Grand Prix,25.0,NOR,11.511
Mexico City Grand Prix,25.0,LEC,4.991
Mexico City Grand Prix,25.0,HAM,22.11
Mexico City Grand Prix,25.0,RUS,18.528
Mexico City Grand Prix,25.0,VER,10.734
Mexico City Grand Prix,25.0,MAG,26.623
Mexico City Grand Prix,25.0,PIA,39.286
Mexico City Grand Prix,25.0,HUL,30.264
Mexico City Grand Prix,25.0,GAS,33.37
Mexico City Grand Prix,25.0,STR,42.443
Mexico City Grand Prix,25.0,COL,43.281
Mexico City Grand Prix,25.0,OCO,48.065
Mexico City Grand Prix,25.0,BOT,44.766
Mexico City Grand Prix,25.0,ZHO,47.151
Mexico City Grand Prix,25.0,LAW,34.857
Mexico City Grand Prix,25.0,PER,61.788
Mexico City Grand Prix,26.0,SAI,0.0
Mexico City Grand Prix,26.0,NOR,12.545
Mexico City Grand Prix,26.0,LEC,5.754
Mexico City Grand Prix,26.0,HAM,23.807
Mexico City Grand Prix,26.0,RUS,19.389
Mexico City Grand Prix,26.0,VER,14.7
Mexico City Grand Prix,26.0,MAG,28.928
Mexico City Grand Prix,26.0,PIA,40.354
Mexico City Grand Prix,26.0,HUL,32.651
Mexico City Grand Prix,26.0,GAS,35.743
Mexico City Grand Prix,26.0,STR,48.18
Mexico City Grand Prix,26.0,COL,45.568
Mexico City Grand Prix,26.0,OCO,50.408
Mexico City Grand Prix,26.0,BOT,47.029
Mexico City Grand Prix,26.0,ZHO,49.613
Mexico City Grand Prix,26.0,LAW,36.95
Mexico City Grand Prix,26.0,PER,62.591
Mexico City Grand Prix,27.0,SAI,0.0
Mexico City Grand Prix,27.0,NOR,12.903
Mexico City Grand Prix,27.0,LEC,6.67
Mexico City Grand Prix,27.0,HAM,25.183
Mexico City Grand Prix,27.0,RUS,20.182
Mexico City Grand Prix,27.0,VER,54.771
Mexico City Grand Prix,27.0,MAG,30.948
Mexico City Grand Prix,27.0,PIA,41.432
Mexico City Grand Prix,27.0,HUL,34.543
Mexico City Grand Prix,27.0,GAS,38.024
Mexico City Grand Prix,27.0,STR,67.942
Mexico City Grand Prix,27.0,COL,46.499
Mexico City Grand Prix,27.0,OCO,52.384
Mexico City Grand Prix,27.0,BOT,48.755
Mexico City Grand Prix,27.0,ZHO,51.621
Mexico City Grand Prix,27.0,LAW,38.935
Mexico City Grand Prix,27.0,PER,63.536
Mexico City Grand Prix,28.0,SAI,0.0
Mexico City Grand Prix,28.0,NOR,13.571
Mexico City Grand Prix,28.0,LEC,7.251
Mexico City Grand Prix,28.0,HAM,30.287
Mexico City Grand Prix,28.0,RUS,20.772
Mexico City Grand Prix,28.0,VER,55.088
Mexico City Grand Prix,28.0,MAG,32.989
Mexico City Grand Prix,28.0,PIA,42.508
Mexico City Grand Prix,28.0,HUL,36.416
Mexico City Grand Prix,28.0,GAS,43.334
Mexico City Grand Prix,28.0,STR,68.536
Mexico City Grand Prix,28.0,COL,47.616
Mexico City Grand Prix,28.0,OCO,53.491
Mexico City Grand Prix,28.0,BOT,50.197
Mexico City Grand Prix,28.0,ZHO,54.797
Mexico City Grand Prix,28.0,LAW,40.926
Mexico City Grand Prix,28.0,PER,64.346
Mexico City Grand Prix,29.0,SAI,0.0
Mexico City Grand Prix,29.0,NOR,14.437
Mexico City Grand Prix,29.0,LEC,7.712
Mexico City Grand Prix,29.0,HAM,50.062
Mexico City Grand Prix,29.0,RUS,21.452
Mexico City Grand Prix,29.0,VER,55.499
Mexico City Grand Prix,29.0,MAG,34.925
Mexico City Grand Prix,29.0,PIA,43.421
Mexico City Grand Prix,29.0,HUL,41.297
Mexico City Grand Prix,29.0,GAS,63.741
Mexico City Grand Prix,29.0,STR,69.534
Mexico City Grand Prix,29.0,COL,48.746
Mexico City Grand Prix,29.0,OCO,55.19
Mexico City Grand Prix,29.0,BOT,52.094
Mexico City Grand Prix,29.0,ZHO,57.425
Mexico City Grand Prix,29.0,LAW,41.936
Mexico City Grand Prix,29.0,PER,65.442
Mexico City Grand Prix,30.0,SAI,0.0
Mexico City Grand Prix,30.0,NOR,18.651
Mexico City Grand Prix,30.0,LEC,8.197
Mexico City Grand Prix,30.0,HAM,50.098
Mexico City Grand Prix,30.0,RUS,22.313
Mexico City Grand Prix,30.0,VER,54.914
Mexico City Grand Prix,30.0,MAG,40.21
Mexico City Grand Prix,30.0,PIA,44.261
Mexico City Grand Prix,30.0,HUL,60.952
Mexico City Grand Prix,30.0,GAS,64.487
Mexico City Grand Prix,30.0,STR,70.534
Mexico City Grand Prix,30.0,COL,49.694
Mexico City Grand Prix,30.0,OCO,57.328
Mexico City Grand Prix,30.0,BOT,53.682
Mexico City Grand Prix,30.0,ZHO,59.298
Mexico City Grand Prix,30.0,LAW,43.114
Mexico City Grand Prix,30.0,PER,66.359
Mexico City Grand Prix,31.0,SAI,0.0
Mexico City Grand Prix,31.0,NOR,36.493
Mexico City Grand Prix,31.0,LEC,12.133
Mexico City Grand Prix,31.0,HAM,48.412
Mexico City Grand Prix,31.0,RUS,26.009
Mexico City Grand Prix,31.0,VER,55.124
Mexico City Grand Prix,31.0,MAG,60.358
Mexico City Grand Prix,31.0,PIA,45.001
Mexico City Grand Prix,31.0,HUL,62.326
Mexico City Grand Prix,31.0,GAS,64.821
Mexico City Grand Prix,31.0,STR,71.139
Mexico City Grand Prix,31.0,COL,50.727
Mexico City Grand Prix,31.0,OCO,58.442
Mexico City Grand Prix,31.0,BOT,54.619
Mexico City Grand Prix,31.0,ZHO,63.663
Mexico City Grand Prix,31.0,LAW,44.145
Mexico City Grand Prix,31.0,PER,67.116
Mexico City Grand Prix,32.0,SAI,0.0
Mexico City Grand Prix,32.0,NOR,32.437
Mexico City Grand Prix,32.0,LEC,27.643
Mexico City Grand Prix,32.0,HAM,44.84
Mexico City Grand Prix,32.0,RUS,43.283
Mexico City Grand Prix,32.0,VER,51.172
Mexico City Grand Prix,32.0,MAG,57.082
Mexico City Grand Prix,32.0,PIA,42.994
Mexico City Grand Prix,32.0,HUL,59.463
Mexico City Grand Prix,32.0,GAS,62.898
Mexico City Grand Prix,32.0,STR,68.881
Mexico City Grand Prix,32.0,COL,48.272
Mexico City Grand Prix,32.0,OCO,56.597
Mexico City Grand Prix,32.0,BOT,53.285
Mexico City Grand Prix,32.0,ZHO,62.409
Mexico City Grand Prix,32.0,LAW,42.192
Mexico City Grand Prix,32.0,PER,65.21
Mexico City Grand Prix,33.0,SAI,0.0
Mexico City Grand Prix,33.0,NOR,13.483
Mexico City Grand Prix,33.0,LEC,8.805
Mexico City Grand Prix,33.0,HAM,27.374
Mexico City Grand Prix,33.0,RUS,25.178
Mexico City Grand Prix,33.0,VER,33.163
Mexico City Grand Prix,33.0,MAG,39.216
Mexico City Grand Prix,33.0,PIA,27.116
Mexico City Grand Prix,33.0,HUL,41.562
Mexico City Grand Prix,33.0,GAS,45.114
Mexico City Grand Prix,33.0,STR,52.251
Mexico City Grand Prix,33.0,COL,31.435
Mexico City Grand Prix,33.0,OCO,41.114
Mexico City Grand Prix,33.0,BOT,36.565
Mexico City Grand Prix,33.0,ZHO,46.919
Mexico City Grand Prix,33.0,LAW,26.48
Mexico City Grand Prix,33.0,PER,48.486
Mexico City Grand Prix,34.0,SAI,0.0
Mexico City Grand Prix,34.0,NOR,13.327
Mexico City Grand Prix,34.0,LEC,8.615
Mexico City Grand Prix,34.0,HAM,29.669
Mexico City Grand Prix,34.0,RUS,25.935
Mexico City Grand Prix,34.0,VER,34.28
Mexico City Grand Prix,34.0,MAG,40.125
Mexico City Grand Prix,34.0,PIA,29.094
Mexico City Grand Prix,34.0,HUL,42.127
Mexico City Grand Prix,34.0,GAS,46.278
Mexico City Grand Prix,34.0,STR,54.251
Mexico City Grand Prix,34.0,COL,33.499
Mexico City Grand Prix,34.0,OCO,43.563
Mexico City Grand Prix,34.0,BOT,38.79
Mexico City Grand Prix,34.0,ZHO,49.401
Mexico City Grand Prix,34.0,LAW,31.346
Mexico City Grand Prix,34.0,PER,50.545
Mexico City Grand Prix,35.0,SAI,0.0
Mexico City Grand Prix,35.0,NOR,12.834
Mexico City Grand Prix,35.0,LEC,8.1
Mexico City Grand Prix,35.0,HAM,29.723
Mexico City Grand Prix,35.0,RUS,26.354
Mexico City Grand Prix,35.0,VER,35.81
Mexico City Grand Prix,35.0,MAG,41.187
Mexico City Grand Prix,35.0,PIA,31.268
Mexico City Grand Prix,35.0,HUL,43.11
Mexico City Grand Prix,35.0,GAS,47.511
Mexico City Grand Prix,35.0,STR,56.048
Mexico City Grand Prix,35.0,COL,35.443
Mexico City Grand Prix,35.0,OCO,45.582
Mexico City Grand Prix,35.0,BOT,40.791
Mexico City Grand Prix,35.0,ZHO,51.725
Mexico City Grand Prix,35.0,LAW,33.375
Mexico City Grand Prix,35.0,PER,52.926
Mexico City Grand Prix,36.0,SAI,0.0
Mexico City Grand Prix,36.0,NOR,12.458
Mexico City Grand Prix,36.0,LEC,7.87
Mexico City Grand Prix,36.0,HAM,30.008
Mexico City Grand Prix,36.0,RUS,26.681
Mexico City Grand Prix,36.0,VER,36.534
Mexico City Grand Prix,36.0,MAG,41.465
Mexico City Grand Prix,36.0,PIA,32.779
Mexico City Grand Prix,36.0,HUL,43.957
Mexico City Grand Prix,36.0,GAS,48.777
Mexico City Grand Prix,36.0,STR,58.333
Mexico City Grand Prix,36.0,COL,38.14
Mexico City Grand Prix,36.0,OCO,47.728
Mexico City Grand Prix,36.0,BOT,43.309
Mexico City Grand Prix,36.0,ZHO,54.167
Mexico City Grand Prix,36.0,LAW,35.3
Mexico City Grand Prix,36.0,PER,55.487
Mexico City Grand Prix,37.0,SAI,0.0
Mexico City Grand Prix,37.0,NOR,12.313
Mexico City Grand Prix,37.0,LEC,7.548
Mexico City Grand Prix,37.0,HAM,30.49
Mexico City Grand Prix,37.0,RUS,27.131
Mexico City Grand Prix,37.0,VER,37.821
Mexico City Grand Prix,37.0,MAG,42.107
Mexico City Grand Prix,37.0,PIA,34.293
Mexico City Grand Prix,37.0,HUL,44.739
Mexico City Grand Prix,37.0,GAS,50.321
Mexico City Grand Prix,37.0,STR,60.208
Mexico City Grand Prix,37.0,COL,40.085
Mexico City Grand Prix,37.0,OCO,51.577
Mexico City Grand Prix,37.0,BOT,46.126
Mexico City Grand Prix,37.0,ZHO,56.322
Mexico City Grand Prix,37.0,LAW,37.301
Mexico City Grand Prix,37.0,PER,58.054
Mexico City Grand Prix,38.0,SAI,0.0
Mexico City Grand Prix,38.0,NOR,12.565
Mexico City Grand Prix,38.0,LEC,7.509
Mexico City Grand Prix,38.0,HAM,31.182
Mexico City Grand Prix,38.0,RUS,28.047
Mexico City Grand Prix,38.0,VER,38.316
Mexico City Grand Prix,38.0,MAG,43.581
Mexico City Grand Prix,38.0,PIA,35.989
Mexico City Grand Prix,38.0,HUL,46.789
Mexico City Grand Prix,38.0,GAS,51.983
Mexico City Grand Prix,38.0,STR,62.432
Mexico City Grand Prix,38.0,COL,42.668
Mexico City Grand Prix,38.0,OCO,53.997
Mexico City Grand Prix,38.0,BOT,48.785
Mexico City Grand Prix,38.0,ZHO,58.946
Mexico City Grand Prix,38.0,LAW,40.421
Mexico City Grand Prix,38.0,PER,61.178
Mexico City Grand Prix,39.0,SAI,0.0
Mexico City Grand Prix,39.0,NOR,12.28
Mexico City Grand Prix,39.0,LEC,7.357
Mexico City Grand Prix,39.0,HAM,31.237
Mexico City Grand Prix,39.0,RUS,28.556
Mexico City Grand Prix,39.0,VER,38.901
Mexico City Grand Prix,39.0,MAG,45.398
Mexico City Grand Prix,39.0,PIA,40.062
Mexico City Grand Prix,39.0,HUL,48.018
Mexico City Grand Prix,39.0,GAS,53.459
Mexico City Grand Prix,39.0,STR,64.305
Mexico City Grand Prix,39.0,COL,44.805
Mexico City Grand Prix,39.0,OCO,56.085
Mexico City Grand Prix,39.0,BOT,50.978
Mexico City Grand Prix,39.0,ZHO,61.395
Mexico City Grand Prix,39.0,LAW,45.734
Mexico City Grand Prix,39.0,PER,63.769
Mexico City Grand Prix,40.0,SAI,0.0
Mexico City Grand Prix,40.0,NOR,12.437
Mexico City Grand Prix,40.0,LEC,7.391
Mexico City Grand Prix,40.0,HAM,31.718
Mexico City Grand Prix,40.0,RUS,29.167
Mexico City Grand Prix,40.0,VER,39.661
Mexico City Grand Prix,40.0,MAG,46.124
Mexico City Grand Prix,40.0,PIA,59.093
Mexico City Grand Prix,40.0,HUL,49.644
Mexico City Grand Prix,40.0,GAS,55.038
Mexico City Grand Prix,40.0,STR,65.916
Mexico City Grand Prix,40.0,COL,47.703
Mexico City Grand Prix,40.0,OCO,58.654
Mexico City Grand Prix,40.0,BOT,53.362
Mexico City Grand Prix,40.0,ZHO,64.192
Mexico City Grand Prix,40.0,LAW,68.896
Mexico City Grand Prix,40.0,PER,68.619
Mexico City Grand Prix,41.0,SAI,0.0
Mexico City Grand Prix,41.0,NOR,12.225
Mexico City Grand Prix,41.0,LEC,7.166
Mexico City Grand Prix,41.0,HAM,31.938
Mexico City Grand Prix,41.0,RUS,29.161
Mexico City Grand Prix,41.0,VER,40.393
Mexico City Grand Prix,41.0,MAG,46.827
Mexico City Grand Prix,41.0,PIA,58.484
Mexico City Grand Prix,41.0,HUL,50.75
Mexico City Grand Prix,41.0,GAS,56.438
Mexico City Grand Prix,41.0,STR,67.544
Mexico City Grand Prix,41.0,COL,49.578
Mexico City Grand Prix,41.0,OCO,61.266
Mexico City Grand Prix,41.0,BOT,55.527
Mexico City Grand Prix,41.0,ZHO,66.858
Mexico City Grand Prix,41.0,LAW,69.419
Mexico City Grand Prix,41.0,PER,71.986
Mexico City Grand Prix,42.0,SAI,0.0
Mexico City Grand Prix,42.0,NOR,11.737
Mexico City Grand Prix,42.0,LEC,6.807
Mexico City Grand Prix,42.0,HAM,32.284
Mexico City Grand Prix,42.0,RUS,29.246
Mexico City Grand Prix,42.0,VER,41.05
Mexico City Grand Prix,42.0,MAG,47.667
Mexico City Grand Prix,42.0,PIA,58.912
Mexico City Grand Prix,42.0,HUL,51.969
Mexico City Grand Prix,42.0,GAS,58.515
Mexico City Grand Prix,42.0,STR,68.28
Mexico City Grand Prix,42.0,COL,51.418
Mexico City Grand Prix,42.0,OCO,63.265
Mexico City Grand Prix,42.0,BOT,57.929
Mexico City Grand Prix,42.0,ZHO,70.333
Mexico City Grand Prix,42.0,LAW,70.739
Mexico City Grand Prix,42.0,PER,74.724
Mexico City Grand Prix,43.0,SAI,0.0
Mexico City Grand Prix,43.0,NOR,11.584
Mexico City Grand Prix,43.0,LEC,6.5440000000000005
Mexico City Grand Prix,43.0,HAM,32.569
Mexico City Grand Prix,43.0,RUS,29.608
Mexico City Grand Prix,43.0,VER,41.73
Mexico City Grand Prix,43.0,MAG,48.448
Mexico City Grand Prix,43.0,PIA,60.617
Mexico City Grand Prix,43.0,HUL,52.431
Mexico City Grand Prix,43.0,GAS,60.037
Mexico City Grand Prix,43.0,STR,69.68
Mexico City Grand Prix,43.0,COL,54.237
Mexico City Grand Prix,43.0,OCO,65.459
Mexico City Grand Prix,43.0,BOT,62.21
Mexico City Grand Prix,43.0,ZHO,76.922
Mexico City Grand Prix,43.0,LAW,71.261
Mexico City Grand Prix,43.0,PER,80.943
Mexico City Grand Prix,44.0,SAI,0.0
Mexico City Grand Prix,44.0,NOR,11.163
Mexico City Grand Prix,44.0,LEC,6.361
Mexico City Grand Prix,44.0,HAM,32.652
Mexico City Grand Prix,44.0,RUS,29.82
Mexico City Grand Prix,44.0,VER,42.085
Mexico City Grand Prix,44.0,MAG,49.193
Mexico City Grand Prix,44.0,PIA,60.408
Mexico City Grand Prix,44.0,HUL,53.203
Mexico City Grand Prix,44.0,GAS,62.498
Mexico City Grand Prix,44.0,STR,70.731
Mexico City Grand Prix,44.0,COL,55.982
Mexico City Grand Prix,44.0,OCO,67.655
Mexico City Grand Prix,44.0,BOT,64.61
Mexico City Grand Prix,44.0,ZHO,99.077
Mexico City Grand Prix,44.0,LAW,72.068
Mexico City Grand Prix,44.0,PER,100.42
Mexico City Grand Prix,45.0,SAI,0.0
Mexico City Grand Prix,45.0,NOR,10.951
Mexico City Grand Prix,45.0,LEC,6.36
Mexico City Grand Prix,45.0,HAM,33.051
Mexico City Grand Prix,45.0,RUS,30.448
Mexico City Grand Prix,45.0,VER,42.769
Mexico City Grand Prix,45.0,MAG,50.231
Mexico City Grand Prix,45.0,PIA,60.894
Mexico City Grand Prix,45.0,HUL,54.352
Mexico City Grand Prix,45.0,GAS,64.144
Mexico City Grand Prix,45.0,STR,72.209
Mexico City Grand Prix,45.0,COL,58.232
Mexico City Grand Prix,45.0,OCO,70.306
Mexico City Grand Prix,45.0,BOT,67.1
Mexico City Grand Prix,45.0,ZHO,100.859
Mexico City Grand Prix,45.0,LAW,73.273
Mexico City Grand Prix,45.0,PER,101.427
Mexico City Grand Prix,46.0,SAI,0.0
Mexico City Grand Prix,46.0,NOR,10.58
Mexico City Grand Prix,46.0,LEC,6.31
Mexico City Grand Prix,46.0,HAM,33.02
Mexico City Grand Prix,46.0,RUS,30.682
Mexico City Grand Prix,46.0,VER,43.461
Mexico City Grand Prix,46.0,MAG,51.049
Mexico City Grand Prix,46.0,PIA,61.466
Mexico City Grand Prix,46.0,HUL,55.599
Mexico City Grand Prix,46.0,GAS,65.812
Mexico City Grand Prix,46.0,STR,73.645
Mexico City Grand Prix,46.0,COL,60.265
Mexico City Grand Prix,46.0,OCO,72.752
Mexico City Grand Prix,46.0,BOT,69.547
Mexico City Grand Prix,46.0,ZHO,103.331
Mexico City Grand Prix,46.0,LAW,74.282
Mexico City Grand Prix,46.0,PER,101.805
Mexico City Grand Prix,47.0,SAI,0.0
Mexico City Grand Prix,47.0,NOR,10.766
Mexico City Grand Prix,47.0,LEC,6.504
Mexico City Grand Prix,47.0,HAM,33.11
Mexico City Grand Prix,47.0,RUS,31.708
Mexico City Grand Prix,47.0,VER,44.243
Mexico City Grand Prix,47.0,MAG,52.111
Mexico City Grand Prix,47.0,PIA,64.996
Mexico City Grand Prix,47.0,HUL,56.766
Mexico City Grand Prix,47.0,GAS,67.787
Mexico City Grand Prix,47.0,STR,75.995
Mexico City Grand Prix,47.0,COL,67.199
Mexico City Grand Prix,47.0,OCO,75.466
Mexico City Grand Prix,47.0,BOT,72.18
Mexico City Grand Prix,47.0,ZHO,104.936
Mexico City Grand Prix,47.0,LAW,76.688
Mexico City Grand Prix,47.0,PER,102.946
Mexico City Grand Prix,48.0,SAI,0.0
Mexico City Grand Prix,48.0,NOR,10.462
Mexico City Grand Prix,48.0,LEC,6.438
Mexico City Grand Prix,48.0,HAM,33.26
Mexico City Grand Prix,48.0,RUS,32.105
Mexico City Grand Prix,48.0,VER,44.612
Mexico City Grand Prix,48.0,MAG,52.491
Mexico City Grand Prix,48.0,PIA,64.683
Mexico City Grand Prix,48.0,HUL,57.783
Mexico City Grand Prix,48.0,GAS,69.005
Mexico City Grand Prix,48.0,STR,76.818
Mexico City Grand Prix,48.0,COL,89.012
Mexico City Grand Prix,48.0,OCO,83.059
Mexico City Grand Prix,48.0,BOT,74.312
Mexico City Grand Prix,48.0,ZHO,106.023
Mexico City Grand Prix,48.0,LAW,77.948
Mexico City Grand Prix,48.0,PER,103.389
Mexico City Grand Prix,49.0,SAI,0.0
Mexico City Grand Prix,49.0,NOR,10.285
Mexico City Grand Prix,49.0,LEC,6.47
Mexico City Grand Prix,49.0,HAM,33.193
Mexico City Grand Prix,49.0,RUS,32.205
Mexico City Grand Prix,49.0,VER,44.849
Mexico City Grand Prix,49.0,MAG,53.142
Mexico City Grand Prix,49.0,PIA,64.667
Mexico City Grand Prix,49.0,HUL,58.636
Mexico City Grand Prix,49.0,GAS,70.062
Mexico City Grand Prix,49.0,STR,77.899
Mexico City Grand Prix,49.0,COL,88.545
Mexico City Grand Prix,49.0,OCO,103.127
Mexico City Grand Prix,49.0,BOT,79.319
Mexico City Grand Prix,49.0,ZHO,106.897
Mexico City Grand Prix,49.0,LAW,78.828
Mexico City Grand Prix,49.0,PER,104.647
Mexico City Grand Prix,50.0,SAI,0.0
Mexico City Grand Prix,50.0,NOR,10.097
Mexico City Grand Prix,50.0,LEC,6.364
Mexico City Grand Prix,50.0,HAM,33.378
Mexico City Grand Prix,50.0,RUS,32.558
Mexico City Grand Prix,50.0,VER,45.139
Mexico City Grand Prix,50.0,MAG,53.475
Mexico City Grand Prix,50.0,PIA,64.503
Mexico City Grand Prix,50.0,HUL,59.219
Mexico City Grand Prix,50.0,GAS,71.042
Mexico City Grand Prix,50.0,STR,78.752
Mexico City Grand Prix,50.0,COL,87.902
Mexico City Grand Prix,50.0,OCO,103.512
Mexico City Grand Prix,50.0,BOT,100.524
Mexico City Grand Prix,50.0,ZHO,107.94
Mexico City Grand Prix,50.0,LAW,79.533
Mexico City Grand Prix,50.0,PER,105.451
Mexico City Grand Prix,51.0,SAI,0.0
Mexico City Grand Prix,51.0,NOR,9.677
Mexico City Grand Prix,51.0,LEC,5.86
Mexico City Grand Prix,51.0,HAM,33.691
Mexico City Grand Prix,51.0,RUS,32.829
Mexico City Grand Prix,51.0,VER,45.474
Mexico City Grand Prix,51.0,MAG,53.683
Mexico City Grand Prix,51.0,PIA,64.111
Mexico City Grand Prix,51.0,HUL,59.758
Mexico City Grand Prix,51.0,GAS,71.756
Mexico City Grand Prix,51.0,STR,79.469
Mexico City Grand Prix,51.0,COL,87.633
Mexico City Grand Prix,51.0,OCO,103.894
Mexico City Grand Prix,51.0,BOT,101.554
Mexico City Grand Prix,51.0,ZHO,108.887
Mexico City Grand Prix,51.0,LAW,81.888
Mexico City Grand Prix,51.0,PER,105.914
Mexico City Grand Prix,52.0,SAI,0.0
Mexico City Grand Prix,52.0,NOR,9.186
Mexico City Grand Prix,52.0,LEC,5.264
Mexico City Grand Prix,52.0,HAM,33.626
Mexico City Grand Prix,52.0,RUS,32.654
Mexico City Grand Prix,52.0,VER,45.628
Mexico City Grand Prix,52.0,MAG,53.804
Mexico City Grand Prix,52.0,PIA,63.38
Mexico City Grand Prix,52.0,HUL,60.341
Mexico City Grand Prix,52.0,GAS,72.509
Mexico City Grand Prix,52.0,STR,81.522
Mexico City Grand Prix,52.0,COL,87.555
Mexico City Grand Prix,52.0,OCO,104.361
Mexico City Grand Prix,52.0,BOT,102.031
Mexico City Grand Prix,52.0,ZHO,109.702
Mexico City Grand Prix,52.0,LAW,82.535
Mexico City Grand Prix,52.0,PER,106.341
Mexico City Grand Prix,53.0,SAI,0.0
Mexico City Grand Prix,53.0,NOR,8.938
Mexico City Grand Prix,53.0,LEC,5.227
Mexico City Grand Prix,53.0,HAM,33.891
Mexico City Grand Prix,53.0,RUS,33.102
Mexico City Grand Prix,53.0,VER,45.781
Mexico City Grand Prix,53.0,MAG,54.085
Mexico City Grand Prix,53.0,PIA,62.931
Mexico City Grand Prix,53.0,HUL,61.299
Mexico City Grand Prix,53.0,GAS,73.564
Mexico City Grand Prix,53.0,STR,82.371
Mexico City Grand Prix,53.0,COL,87.762
Mexico City Grand Prix,53.0,OCO,104.964
Mexico City Grand Prix,53.0,BOT,102.562
Mexico City Grand Prix,53.0,ZHO,110.769
Mexico City Grand Prix,53.0,LAW,83.663
Mexico City Grand Prix,53.0,PER,106.872
Mexico City Grand Prix,54.0,SAI,0.0
Mexico City Grand Prix,54.0,NOR,8.955
Mexico City Grand Prix,54.0,LEC,5.304
Mexico City Grand Prix,54.0,HAM,34.369
Mexico City Grand Prix,54.0,RUS,33.554
Mexico City Grand Prix,54.0,VER,46.349
Mexico City Grand Prix,54.0,MAG,54.32
Mexico City Grand Prix,54.0,PIA,62.886
Mexico City Grand Prix,54.0,HUL,61.874
Mexico City Grand Prix,54.0,GAS,74.637
Mexico City Grand Prix,54.0,STR,83.405
Mexico City Grand Prix,54.0,COL,87.907
Mexico City Grand Prix,54.0,OCO,105.473
Mexico City Grand Prix,54.0,BOT,103.151
Mexico City Grand Prix,54.0,ZHO,111.832
Mexico City Grand Prix,54.0,LAW,84.552
Mexico City Grand Prix,54.0,PER,107.591
Mexico City Grand Prix,55.0,SAI,0.0
Mexico City Grand Prix,55.0,NOR,9.047
Mexico City Grand Prix,55.0,LEC,5.858
Mexico City Grand Prix,55.0,HAM,35.537
Mexico City Grand Prix,55.0,RUS,34.683
Mexico City Grand Prix,55.0,VER,47.038
Mexico City Grand Prix,55.0,MAG,55.158
Mexico City Grand Prix,55.0,PIA,63.58
Mexico City Grand Prix,55.0,HUL,62.929
Mexico City Grand Prix,55.0,GAS,75.964
Mexico City Grand Prix,55.0,STR,84.41
Mexico City Grand Prix,55.0,COL,88.91
Mexico City Grand Prix,55.0,OCO,106.424
Mexico City Grand Prix,55.0,BOT,104.01
Mexico City Grand Prix,55.0,ZHO,113.112
Mexico City Grand Prix,55.0,LAW,87.64
Mexico City Grand Prix,55.0,PER,108.77
Mexico City Grand Prix,56.0,SAI,0.0
Mexico City Grand Prix,56.0,NOR,9.3
Mexico City Grand Prix,56.0,LEC,6.662
Mexico City Grand Prix,56.0,HAM,36.216
Mexico City Grand Prix,56.0,RUS,35.315
Mexico City Grand Prix,56.0,VER,47.795
Mexico City Grand Prix,56.0,MAG,55.794
Mexico City Grand Prix,56.0,PIA,63.53
Mexico City Grand Prix,56.0,HUL,65.263
Mexico City Grand Prix,56.0,GAS,77.273
Mexico City Grand Prix,56.0,STR,85.616
Mexico City Grand Prix,56.0,COL,91.052
Mexico City Grand Prix,56.0,OCO,107.446
Mexico City Grand Prix,56.0,BOT,105.029
Mexico City Grand Prix,56.0,ZHO,114.409
Mexico City Grand Prix,56.0,LAW,88.686
Mexico City Grand Prix,56.0,PER,110.433
Mexico City Grand Prix,57.0,SAI,0.0
Mexico City Grand Prix,57.0,NOR,9.256
Mexico City Grand Prix,57.0,LEC,6.871
Mexico City Grand Prix,57.0,HAM,36.711
Mexico City Grand Prix,57.0,RUS,35.903
Mexico City Grand Prix,57.0,VER,48.382
Mexico City Grand Prix,57.0,MAG,56.253
Mexico City Grand Prix,57.0,PIA,63.659
Mexico City Grand Prix,57.0,HUL,66.199
Mexico City Grand Prix,57.0,GAS,78.378
Mexico City Grand Prix,57.0,STR,88.841
Mexico City Grand Prix,57.0,COL,92.17
Mexico City Grand Prix,57.0,OCO,108.622
Mexico City Grand Prix,57.0,BOT,105.799
Mexico City Grand Prix,57.0,ZHO,115.958
Mexico City Grand Prix,57.0,LAW,91.148
Mexico City Grand Prix,57.0,PER,111.597
Mexico City Grand Prix,58.0,SAI,0.0
Mexico City Grand Prix,58.0,NOR,9.32
Mexico City Grand Prix,58.0,LEC,7.827
Mexico City Grand Prix,58.0,HAM,37.651
Mexico City Grand Prix,58.0,RUS,36.935
Mexico City Grand Prix,58.0,VER,49.036
Mexico City Grand Prix,58.0,MAG,56.603
Mexico City Grand Prix,58.0,PIA,63.586
Mexico City Grand Prix,58.0,HUL,67.395
Mexico City Grand Prix,58.0,GAS,81.678
Mexico City Grand Prix,58.0,STR,91.208
Mexico City Grand Prix,58.0,COL,93.38
Mexico City Grand Prix,58.0,OCO,109.775
Mexico City Grand Prix,58.0,BOT,106.6
Mexico City Grand Prix,58.0,ZHO,120.288
Mexico City Grand Prix,58.0,LAW,92.533
Mexico City Grand Prix,58.0,PER,112.783
Mexico City Grand Prix,59.0,SAI,0.0
Mexico City Grand Prix,59.0,NOR,8.753
Mexico City Grand Prix,59.0,LEC,7.519
Mexico City Grand Prix,59.0,HAM,38.357
Mexico City Grand Prix,59.0,RUS,37.609
Mexico City Grand Prix,59.0,VER,49.397
Mexico City Grand Prix,59.0,MAG,56.694
Mexico City Grand Prix,59.0,PIA,63.215
Mexico City Grand Prix,59.0,HUL,68.373
Mexico City Grand Prix,59.0,GAS,82.472
Mexico City Grand Prix,59.0,STR,91.859
Mexico City Grand Prix,59.0,COL,94.529
Mexico City Grand Prix,59.0,OCO,110.233
Mexico City Grand Prix,59.0,BOT,106.959
Mexico City Grand Prix,59.0,ZHO,121.774
Mexico City Grand Prix,59.0,LAW,93.298
Mexico City Grand Prix,59.0,PER,113.735
Mexico City Grand Prix,60.0,SAI,0.0
Mexico City Grand Prix,60.0,NOR,8.699
Mexico City Grand Prix,60.0,LEC,7.6530000000000005
Mexico City Grand Prix,60.0,HAM,39.755
Mexico City Grand Prix,60.0,RUS,38.842
Mexico City Grand Prix,60.0,VER,50.123
Mexico City Grand Prix,60.0,MAG,57.097
Mexico City Grand Prix,60.0,PIA,63.274
Mexico City Grand Prix,60.0,HUL,69.466
Mexico City Grand Prix,60.0,GAS,83.603
Mexico City Grand Prix,60.0,STR,93.118
Mexico City Grand Prix,60.0,COL,95.782
Mexico City Grand Prix,60.0,OCO,111.029
Mexico City Grand Prix,60.0,BOT,107.894
Mexico City Grand Prix,60.0,ZHO,123.861
Mexico City Grand Prix,60.0,LAW,94.388
Mexico City Grand Prix,60.0,PER,114.995
Mexico City Grand Prix,61.0,SAI,0.0
Mexico City Grand Prix,61.0,NOR,8.529
Mexico City Grand Prix,61.0,LEC,7.594
Mexico City Grand Prix,61.0,HAM,40.608
Mexico City Grand Prix,61.0,RUS,39.519
Mexico City Grand Prix,61.0,VER,51.24
Mexico City Grand Prix,61.0,MAG,57.519
Mexico City Grand Prix,61.0,PIA,63.589
Mexico City Grand Prix,61.0,HUL,70.629
Mexico City Grand Prix,61.0,GAS,84.781
Mexico City Grand Prix,61.0,STR,94.48
Mexico City Grand Prix,61.0,COL,96.583
Mexico City Grand Prix,61.0,OCO,111.986
Mexico City Grand Prix,61.0,BOT,109.072
Mexico City Grand Prix,61.0,ZHO,126.088
Mexico City Grand Prix,61.0,LAW,95.602
Mexico City Grand Prix,61.0,PER,116.422
Mexico City Grand Prix,62.0,SAI,0.0
Mexico City Grand Prix,62.0,NOR,8.533
Mexico City Grand Prix,62.0,LEC,8.423
Mexico City Grand Prix,62.0,HAM,41.209
Mexico City Grand Prix,62.0,RUS,40.173
Mexico City Grand Prix,62.0,VER,52.053
Mexico City Grand Prix,62.0,MAG,58.217
Mexico City Grand Prix,62.0,PIA,63.924
Mexico City Grand Prix,62.0,HUL,71.852
Mexico City Grand Prix,62.0,GAS,86.181
Mexico City Grand Prix,62.0,STR,96.194
Mexico City Grand Prix,62.0,COL,98.212
Mexico City Grand Prix,62.0,OCO,113.205
Mexico City Grand Prix,62.0,BOT,110.318
Mexico City Grand Prix,62.0,ZHO,128.27
Mexico City Grand Prix,62.0,LAW,97.168
Mexico City Grand Prix,62.0,PER,118.2
Mexico City Grand Prix,63.0,SAI,0.0
Mexico City Grand Prix,63.0,NOR,7.835
Mexico City Grand Prix,63.0,LEC,10.755
Mexico City Grand Prix,63.0,HAM,41.135
Mexico City Grand Prix,63.0,RUS,40.348
Mexico City Grand Prix,63.0,VER,52.789
Mexico City Grand Prix,63.0,MAG,58.446
Mexico City Grand Prix,63.0,PIA,64.384
Mexico City Grand Prix,63.0,HUL,72.649
Mexico City Grand Prix,63.0,GAS,87.327
Mexico City Grand Prix,63.0,STR,97.271
Mexico City Grand Prix,63.0,COL,99.141
Mexico City Grand Prix,63.0,OCO,114.078
Mexico City Grand Prix,63.0,BOT,111.391
Mexico City Grand Prix,63.0,ZHO,129.534
Mexico City Grand Prix,63.0,LAW,98.385
Mexico City Grand Prix,63.0,PER,119.501
Mexico City Grand Prix,64.0,SAI,0.0
Mexico City Grand Prix,64.0,NOR,7.836
Mexico City Grand Prix,64.0,LEC,11.231
Mexico City Grand Prix,64.0,HAM,41.655
Mexico City Grand Prix,64.0,RUS,40.984
Mexico City Grand Prix,64.0,VER,53.456
Mexico City Grand Prix,64.0,MAG,58.817
Mexico City Grand Prix,64.0,PIA,64.053
Mexico City Grand Prix,64.0,HUL,73.68
Mexico City Grand Prix,64.0,GAS,90.256
Mexico City Grand Prix,64.0,STR,98.531
Mexico City Grand Prix,64.0,COL,100.273
Mexico City Grand Prix,64.0,OCO,114.894
Mexico City Grand Prix,64.0,BOT,112.612
Mexico City Grand Prix,64.0,ZHO,131.003
Mexico City Grand Prix,64.0,LAW,99.796
Mexico City Grand Prix,64.0,PER,120.687
Mexico City Grand Prix,65.0,SAI,0.0
Mexico City Grand Prix,65.0,NOR,7.507
Mexico City Grand Prix,65.0,LEC,11.523
Mexico City Grand Prix,65.0,HAM,43.067
Mexico City Grand Prix,65.0,RUS,42.498
Mexico City Grand Prix,65.0,VER,54.18
Mexico City Grand Prix,65.0,MAG,59.081
Mexico City Grand Prix,65.0,PIA,63.594
Mexico City Grand Prix,65.0,HUL,74.504
Mexico City Grand Prix,65.0,GAS,91.19
Mexico City Grand Prix,65.0,STR,99.623
Mexico City Grand Prix,65.0,COL,103.064
Mexico City Grand Prix,65.0,OCO,115.875
Mexico City Grand Prix,65.0,BOT,114.042
Mexico City Grand Prix,65.0,ZHO,132.415
Mexico City Grand Prix,65.0,LAW,110.375
Mexico City Grand Prix,65.0,PER,122.317
Mexico City Grand Prix,66.0,SAI,0.0
Mexico City Grand Prix,66.0,NOR,7.48
Mexico City Grand Prix,66.0,LEC,12.372
Mexico City Grand Prix,66.0,HAM,43.312
Mexico City Grand Prix,66.0,RUS,44.385
Mexico City Grand Prix,66.0,VER,55.136
Mexico City Grand Prix,66.0,MAG,59.799
Mexico City Grand Prix,66.0,PIA,63.557
Mexico City Grand Prix,66.0,HUL,75.72
Mexico City Grand Prix,66.0,GAS,94.432
Mexico City Grand Prix,66.0,STR,101.239
Mexico City Grand Prix,66.0,COL,104.61
Mexico City Grand Prix,66.0,OCO,116.958
Mexico City Grand Prix,66.0,BOT,115.455
Mexico City Grand Prix,66.0,ZHO,133.949
Mexico City Grand Prix,66.0,LAW,138.99
Mexico City Grand Prix,66.0,PER,127.981
Mexico City Grand Prix,67.0,SAI,0.0
Mexico City Grand Prix,67.0,NOR,6.801
Mexico City Grand Prix,67.0,LEC,12.894
Mexico City Grand Prix,67.0,HAM,43.31
Mexico City Grand Prix,67.0,RUS,45.424
Mexico City Grand Prix,67.0,VER,55.682
Mexico City Grand Prix,67.0,MAG,60.317
Mexico City Grand Prix,67.0,PIA,63.478
Mexico City Grand Prix,67.0,HUL,76.828
Mexico City Grand Prix,67.0,GAS,95.055
Mexico City Grand Prix,67.0,STR,102.422
Mexico City Grand Prix,67.0,COL,105.44
Mexico City Grand Prix,67.0,OCO,117.53
Mexico City Grand Prix,67.0,BOT,116.22
Mexico City Grand Prix,67.0,ZHO,135.354
Mexico City Grand Prix,67.0,LAW,137.841
Mexico City Grand Prix,67.0,PER,129.726
Mexico City Grand Prix,68.0,SAI,0.0
Mexico City Grand Prix,68.0,NOR,6.117
Mexico City Grand Prix,68.0,LEC,13.528
Mexico City Grand Prix,68.0,HAM,43.58
Mexico City Grand Prix,68.0,RUS,46.085
Mexico City Grand Prix,68.0,VER,56.618
Mexico City Grand Prix,68.0,MAG,60.981
Mexico City Grand Prix,68.0,PIA,63.374
Mexico City Grand Prix,68.0,HUL,77.516
Mexico City Grand Prix,68.0,GAS,96.663
Mexico City Grand Prix,68.0,STR,103.515
Mexico City Grand Prix,68.0,COL,106.329
Mexico City Grand Prix,68.0,OCO,118.311
Mexico City Grand Prix,68.0,BOT,117.309
Mexico City Grand Prix,68.0,ZHO,136.805
Mexico City Grand Prix,68.0,LAW,139.011
Mexico City Grand Prix,68.0,PER,135.276
Mexico City Grand Prix,69.0,SAI,0.0
Mexico City Grand Prix,69.0,NOR,5.641
Mexico City Grand Prix,69.0,LEC,17.929
Mexico City Grand Prix,69.0,HAM,43.571
Mexico City Grand Prix,69.0,RUS,46.931
Mexico City Grand Prix,69.0,VER,57.755
Mexico City Grand Prix,69.0,MAG,61.752
Mexico City Grand Prix,69.0,PIA,63.867
Mexico City Grand Prix,69.0,HUL,77.866
Mexico City Grand Prix,69.0,GAS,98.034
Mexico City Grand Prix,69.0,STR,104.523
Mexico City Grand Prix,69.0,COL,107.279
Mexico City Grand Prix,69.0,OCO,120.024
Mexico City Grand Prix,69.0,BOT,119.496
Mexico City Grand Prix,69.0,ZHO,140.011
Mexico City Grand Prix,69.0,LAW,140.47
Mexico City Grand Prix,69.0,PER,155.095
Mexico City Grand Prix,70.0,SAI,0.0
Mexico City Grand Prix,70.0,NOR,4.927
Mexico City Grand Prix,70.0,LEC,36.636
Mexico City Grand Prix,70.0,HAM,44.423
Mexico City Grand Prix,70.0,RUS,47.762
Mexico City Grand Prix,70.0,VER,58.573
Mexico City Grand Prix,70.0,MAG,62.322
Mexico City Grand Prix,70.0,PIA,63.982
Mexico City Grand Prix,70.0,HUL,83.305
Mexico City Grand Prix,70.0,GAS,99.172
Mexico City Grand Prix,70.0,STR,105.657
Mexico City Grand Prix,70.0,COL,108.082
Mexico City Grand Prix,70.0,OCO,120.248
Mexico City Grand Prix,70.0,BOT,122.812
Mexico City Grand Prix,70.0,ZHO,142.307
Mexico City Grand Prix,70.0,LAW,145.051
Mexico City Grand Prix,70.0,PER,153.869
Mexico City Grand Prix,71.0,SAI,0.0
Mexico City Grand Prix,71.0,NOR,4.705
Mexico City Grand Prix,71.0,LEC,34.387
Mexico City Grand Prix,71.0,HAM,44.78
Mexico City Grand Prix,71.0,RUS,48.536
Mexico City Grand Prix,71.0,VER,59.558
Mexico City Grand Prix,71.0,MAG,63.642
Mexico City Grand Prix,71.0,PIA,64.928
São Paulo Grand Prix,1.0,VER,8.645
São Paulo Grand Prix,1.0,GAS,7.536
São Paulo Grand Prix,1.0,PER,18.871
São Paulo Grand Prix,1.0,ALO,6.802
São Paulo Grand Prix,1.0,LEC,4.452
São Paulo Grand Prix,1.0,TSU,3.233
São Paulo Grand Prix,1.0,ZHO,12.234
São Paulo Grand Prix,1.0,HUL,11.066
São Paulo Grand Prix,1.0,LAW,5.476
São Paulo Grand Prix,1.0,OCO,3.951
São Paulo Grand Prix,1.0,NOR,1.287
São Paulo Grand Prix,1.0,COL,9.427
São Paulo Grand Prix,1.0,HAM,8.358
São Paulo Grand Prix,1.0,BEA,9.975
São Paulo Grand Prix,1.0,SAI,12.918
São Paulo Grand Prix,1.0,RUS,0.0
São Paulo Grand Prix,1.0,BOT,11.134
São Paulo Grand Prix,1.0,PIA,6.128
São Paulo Grand Prix,2.0,VER,9.975
São Paulo Grand Prix,2.0,GAS,9.062
São Paulo Grand Prix,2.0,PER,20.114
São Paulo Grand Prix,2.0,ALO,8.114
São Paulo Grand Prix,2.0,LEC,5.169
São Paulo Grand Prix,2.0,TSU,3.7800000000000002
São Paulo Grand Prix,2.0,ZHO,15.452
São Paulo Grand Prix,2.0,HUL,12.838
São Paulo Grand Prix,2.0,LAW,6.479
São Paulo Grand Prix,2.0,OCO,4.523
São Paulo Grand Prix,2.0,NOR,1.69
São Paulo Grand Prix,2.0,COL,11.606
São Paulo Grand Prix,2.0,HAM,10.386
São Paulo Grand Prix,2.0,BEA,12.547
São Paulo Grand Prix,2.0,SAI,16.135
São Paulo Grand Prix,2.0,RUS,0.0
São Paulo Grand Prix,2.0,BOT,14.253
São Paulo Grand Prix,2.0,PIA,7.518
São Paulo Grand Prix,3.0,VER,10.617
São Paulo Grand Prix,3.0,GAS,10.132
São Paulo Grand Prix,3.0,PER,20.407
São Paulo Grand Prix,3.0,ALO,9.482
São Paulo Grand Prix,3.0,LEC,5.776
São Paulo Grand Prix,3.0,TSU,4.2
São Paulo Grand Prix,3.0,ZHO,17.368
São Paulo Grand Prix,3.0,HUL,14.42
São Paulo Grand Prix,3.0,LAW,7.229
São Paulo Grand Prix,3.0,OCO,5.263
São Paulo Grand Prix,3.0,NOR,1.494
São Paulo Grand Prix,3.0,COL,13.148
São Paulo Grand Prix,3.0,HAM,11.641
São Paulo Grand Prix,3.0,BEA,13.747
São Paulo Grand Prix,3.0,SAI,17.421
São Paulo Grand Prix,3.0,RUS,0.0
São Paulo Grand Prix,3.0,BOT,16.39
São Paulo Grand Prix,3.0,PIA,8.153
São Paulo Grand Prix,4.0,VER,11.677
São Paulo Grand Prix,4.0,GAS,11.354
São Paulo Grand Prix,4.0,PER,21.039
São Paulo Grand Prix,4.0,ALO,10.56
São Paulo Grand Prix,4.0,LEC,6.299
São Paulo Grand Prix,4.0,TSU,3.983
São Paulo Grand Prix,4.0,ZHO,19.898
São Paulo Grand Prix,4.0,HUL,16.737
São Paulo Grand Prix,4.0,LAW,7.804
São Paulo Grand Prix,4.0,OCO,5.324
São Paulo Grand Prix,4.0,NOR,1.017
São Paulo Grand Prix,4.0,COL,15.191
São Paulo Grand Prix,4.0,HAM,12.658
São Paulo Grand Prix,4.0,BEA,20.26
São Paulo Grand Prix,4.0,SAI,18.319
São Paulo Grand Prix,4.0,RUS,0.0
São Paulo Grand Prix,4.0,BOT,17.819
São Paulo Grand Prix,4.0,PIA,8.424
São Paulo Grand Prix,5.0,VER,11.754
São Paulo Grand Prix,5.0,GAS,12.841
São Paulo Grand Prix,5.0,PER,21.784
São Paulo Grand Prix,5.0,ALO,11.287
São Paulo Grand Prix,5.0,LEC,6.0
São Paulo Grand Prix,5.0,TSU,4.095
São Paulo Grand Prix,5.0,ZHO,24.258
São Paulo Grand Prix,5.0,HUL,16.951999999999998
São Paulo Grand Prix,5.0,LAW,7.853
São Paulo Grand Prix,5.0,OCO,5.424
São Paulo Grand Prix,5.0,NOR,0.712
São Paulo Grand Prix,5.0,COL,16.558
São Paulo Grand Prix,5.0,HAM,13.333
São Paulo Grand Prix,5.0,BEA,21.428
São Paulo Grand Prix,5.0,SAI,19.187
São Paulo Grand Prix,5.0,RUS,0.0
São Paulo Grand Prix,5.0,BOT,19.032
São Paulo Grand Prix,5.0,PIA,8.654
São Paulo Grand Prix,6.0,VER,11.39
São Paulo Grand Prix,6.0,GAS,13.77
São Paulo Grand Prix,6.0,PER,23.413
São Paulo Grand Prix,6.0,ALO,13.057
São Paulo Grand Prix,6.0,LEC,6.412
São Paulo Grand Prix,6.0,TSU,4.323
São Paulo Grand Prix,6.0,ZHO,26.14
São Paulo Grand Prix,6.0,HUL,17.432
São Paulo Grand Prix,6.0,LAW,8.25
São Paulo Grand Prix,6.0,OCO,5.76
São Paulo Grand Prix,6.0,NOR,0.959
São Paulo Grand Prix,6.0,COL,19.026
São Paulo Grand Prix,6.0,HAM,14.759
São Paulo Grand Prix,6.0,BEA,22.481
São Paulo Grand Prix,6.0,SAI,21.427
São Paulo Grand Prix,6.0,RUS,0.0
São Paulo Grand Prix,6.0,BOT,20.5
São Paulo Grand Prix,6.0,PIA,9.179
São Paulo Grand Prix,7.0,VER,10.878
São Paulo Grand Prix,7.0,GAS,14.239
São Paulo Grand Prix,7.0,PER,24.389
São Paulo Grand Prix,7.0,ALO,13.467
São Paulo Grand Prix,7.0,LEC,6.911
São Paulo Grand Prix,7.0,TSU,4.493
São Paulo Grand Prix,7.0,ZHO,28.227
São Paulo Grand Prix,7.0,HUL,18.104
São Paulo Grand Prix,7.0,LAW,8.807
São Paulo Grand Prix,7.0,OCO,6.286
São Paulo Grand Prix,7.0,NOR,1.106
São Paulo Grand Prix,7.0,COL,20.009
São Paulo Grand Prix,7.0,HAM,15.159
São Paulo Grand Prix,7.0,BEA,23.039
São Paulo Grand Prix,7.0,SAI,21.992
São Paulo Grand Prix,7.0,RUS,0.0
São Paulo Grand Prix,7.0,BOT,21.469
São Paulo Grand Prix,7.0,PIA,9.692
São Paulo Grand Prix,8.0,VER,10.947
São Paulo Grand Prix,8.0,GAS,14.878
São Paulo Grand Prix,8.0,PER,24.903
São Paulo Grand Prix,8.0,ALO,13.586
São Paulo Grand Prix,8.0,LEC,7.399
São Paulo Grand Prix,8.0,TSU,5.185
São Paulo Grand Prix,8.0,ZHO,29.803
São Paulo Grand Prix,8.0,HUL,18.217
São Paulo Grand Prix,8.0,LAW,9.456
São Paulo Grand Prix,8.0,OCO,6.652
São Paulo Grand Prix,8.0,NOR,0.972
São Paulo Grand Prix,8.0,COL,21.183
São Paulo Grand Prix,8.0,HAM,15.724
São Paulo Grand Prix,8.0,BEA,23.872
São Paulo Grand Prix,8.0,SAI,22.858
São Paulo Grand Prix,8.0,RUS,0.0
São Paulo Grand Prix,8.0,BOT,22.365
São Paulo Grand Prix,8.0,PIA,10.426
São Paulo Grand Prix,9.0,VER,11.487
São Paulo Grand Prix,9.0,GAS,15.745
São Paulo Grand Prix,9.0,PER,25.918
São Paulo Grand Prix,9.0,ALO,14.05
São Paulo Grand Prix,9.0,LEC,7.835
São Paulo Grand Prix,9.0,TSU,5.779
São Paulo Grand Prix,9.0,ZHO,31.48
São Paulo Grand Prix,9.0,HUL,18.404
São Paulo Grand Prix,9.0,LAW,9.9
São Paulo Grand Prix,9.0,OCO,7.068
São Paulo Grand Prix,9.0,NOR,1.116
São Paulo Grand Prix,9.0,COL,21.993
São Paulo Grand Prix,9.0,HAM,16.132
São Paulo Grand Prix,9.0,BEA,24.798000000000002
São Paulo Grand Prix,9.0,SAI,23.811
São Paulo Grand Prix,9.0,RUS,0.0
São Paulo Grand Prix,9.0,BOT,22.978
São Paulo Grand Prix,9.0,PIA,11.057
São Paulo Grand Prix,10.0,VER,11.207
São Paulo Grand Prix,10.0,GAS,16.471
São Paulo Grand Prix,10.0,PER,26.534
São Paulo Grand Prix,10.0,ALO,15.227
São Paulo Grand Prix,10.0,LEC,8.212
São Paulo Grand Prix,10.0,TSU,6.076
São Paulo Grand Prix,10.0,ZHO,32.897
São Paulo Grand Prix,10.0,HUL,19.193
São Paulo Grand Prix,10.0,LAW,10.581
São Paulo Grand Prix,10.0,OCO,7.266
São Paulo Grand Prix,10.0,NOR,0.909
São Paulo Grand Prix,10.0,COL,23.673000000000002
São Paulo Grand Prix,10.0,HAM,17.167
São Paulo Grand Prix,10.0,BEA,25.618
São Paulo Grand Prix,10.0,SAI,24.922
São Paulo Grand Prix,10.0,RUS,0.0
São Paulo Grand Prix,10.0,BOT,24.534
São Paulo Grand Prix,10.0,PIA,12.524000000000001
São Paulo Grand Prix,11.0,VER,11.435
São Paulo Grand Prix,11.0,GAS,17.372
São Paulo Grand Prix,11.0,PER,28.631
São Paulo Grand Prix,11.0,ALO,15.991
São Paulo Grand Prix,11.0,LEC,8.716
São Paulo Grand Prix,11.0,TSU,7.101
São Paulo Grand Prix,11.0,ZHO,34.513
São Paulo Grand Prix,11.0,HUL,20.27
São Paulo Grand Prix,11.0,LAW,12.673
São Paulo Grand Prix,11.0,OCO,8.12
São Paulo Grand Prix,11.0,NOR,1.091
São Paulo Grand Prix,11.0,COL,25.294
São Paulo Grand Prix,11.0,HAM,25.097
São Paulo Grand Prix,11.0,BEA,27.906
São Paulo Grand Prix,11.0,SAI,27.197
São Paulo Grand Prix,11.0,RUS,0.0
São Paulo Grand Prix,11.0,BOT,26.852
São Paulo Grand Prix,11.0,PIA,13.388
São Paulo Grand Prix,12.0,VER,10.649000000000001
São Paulo Grand Prix,12.0,GAS,19.307
São Paulo Grand Prix,12.0,PER,30.408
São Paulo Grand Prix,12.0,ALO,16.432
São Paulo Grand Prix,12.0,LEC,9.255
São Paulo Grand Prix,12.0,TSU,7.7620000000000005
São Paulo Grand Prix,12.0,ZHO,36.84
São Paulo Grand Prix,12.0,HUL,20.426
São Paulo Grand Prix,12.0,LAW,13.291
São Paulo Grand Prix,12.0,OCO,8.545
São Paulo Grand Prix,12.0,NOR,0.947
São Paulo Grand Prix,12.0,COL,26.496
São Paulo Grand Prix,12.0,HAM,27.314
São Paulo Grand Prix,12.0,BEA,29.682
São Paulo Grand Prix,12.0,SAI,28.614
São Paulo Grand Prix,12.0,RUS,0.0
São Paulo Grand Prix,12.0,BOT,31.893
São Paulo Grand Prix,12.0,PIA,14.002
São Paulo Grand Prix,13.0,VER,10.489
São Paulo Grand Prix,13.0,GAS,19.572
São Paulo Grand Prix,13.0,PER,31.377
São Paulo Grand Prix,13.0,ALO,16.646
São Paulo Grand Prix,13.0,LEC,9.526
São Paulo Grand Prix,13.0,TSU,8.262
São Paulo Grand Prix,13.0,ZHO,39.997
São Paulo Grand Prix,13.0,HUL,20.55
São Paulo Grand Prix,13.0,LAW,13.829
São Paulo Grand Prix,13.0,OCO,8.799
São Paulo Grand Prix,13.0,NOR,1.0
São Paulo Grand Prix,13.0,COL,26.389
São Paulo Grand Prix,13.0,HAM,27.201
São Paulo Grand Prix,13.0,BEA,30.225
São Paulo Grand Prix,13.0,SAI,28.235
São Paulo Grand Prix,13.0,RUS,0.0
São Paulo Grand Prix,13.0,BOT,33.859
São Paulo Grand Prix,13.0,PIA,14.517
São Paulo Grand Prix,14.0,VER,10.818
São Paulo Grand Prix,14.0,GAS,19.908
São Paulo Grand Prix,14.0,PER,32.67
São Paulo Grand Prix,14.0,ALO,16.977
São Paulo Grand Prix,14.0,LEC,10.012
São Paulo Grand Prix,14.0,TSU,8.627
São Paulo Grand Prix,14.0,ZHO,42.681
São Paulo Grand Prix,14.0,HUL,20.998
São Paulo Grand Prix,14.0,LAW,14.18
São Paulo Grand Prix,14.0,OCO,9.381
São Paulo Grand Prix,14.0,NOR,0.975
São Paulo Grand Prix,14.0,COL,26.677
São Paulo Grand Prix,14.0,HAM,27.249
São Paulo Grand Prix,14.0,BEA,30.128
São Paulo Grand Prix,14.0,SAI,28.085
São Paulo Grand Prix,14.0,RUS,0.0
São Paulo Grand Prix,14.0,BOT,34.712
São Paulo Grand Prix,14.0,PIA,15.362
São Paulo Grand Prix,15.0,VER,11.104
São Paulo Grand Prix,15.0,GAS,20.185
São Paulo Grand Prix,15.0,PER,33.566
São Paulo Grand Prix,15.0,ALO,17.173
São Paulo Grand Prix,15.0,LEC,10.281
São Paulo Grand Prix,15.0,TSU,8.879
São Paulo Grand Prix,15.0,ZHO,44.678
São Paulo Grand Prix,15.0,HUL,21.46
São Paulo Grand Prix,15.0,LAW,14.951
São Paulo Grand Prix,15.0,OCO,9.894
São Paulo Grand Prix,15.0,NOR,1.053
São Paulo Grand Prix,15.0,COL,27.949
São Paulo Grand Prix,15.0,HAM,28.659
São Paulo Grand Prix,15.0,BEA,30.475
São Paulo Grand Prix,15.0,SAI,29.136
São Paulo Grand Prix,15.0,RUS,0.0
São Paulo Grand Prix,15.0,BOT,35.76
São Paulo Grand Prix,15.0,PIA,15.903
São Paulo Grand Prix,16.0,VER,12.251
São Paulo Grand Prix,16.0,GAS,20.552
São Paulo Grand Prix,16.0,PER,34.051
São Paulo Grand Prix,16.0,ALO,21.815
São Paulo Grand Prix,16.0,LEC,11.546
São Paulo Grand Prix,16.0,TSU,9.657
São Paulo Grand Prix,16.0,ZHO,46.819
São Paulo Grand Prix,16.0,HUL,23.122
São Paulo Grand Prix,16.0,LAW,15.951
São Paulo Grand Prix,16.0,OCO,10.955
São Paulo Grand Prix,16.0,NOR,1.553
São Paulo Grand Prix,16.0,COL,29.303
São Paulo Grand Prix,16.0,HAM,30.123
São Paulo Grand Prix,16.0,BEA,31.546
São Paulo Grand Prix,16.0,SAI,30.944
São Paulo Grand Prix,16.0,RUS,0.0
São Paulo Grand Prix,16.0,BOT,36.672
São Paulo Grand Prix,16.0,PIA,16.815
São Paulo Grand Prix,17.0,VER,11.869
São Paulo Grand Prix,17.0,GAS,20.079
São Paulo Grand Prix,17.0,PER,33.736
São Paulo Grand Prix,17.0,ALO,21.615
São Paulo Grand Prix,17.0,LEC,11.107
São Paulo Grand Prix,17.0,TSU,9.671
São Paulo Grand Prix,17.0,ZHO,47.964
São Paulo Grand Prix,17.0,HUL,22.809
São Paulo Grand Prix,17.0,LAW,15.766
São Paulo Grand Prix,17.0,OCO,10.488
São Paulo Grand Prix,17.0,NOR,0.816
São Paulo Grand Prix,17.0,COL,29.56
São Paulo Grand Prix,17.0,HAM,30.145
São Paulo Grand Prix,17.0,BEA,31.777
São Paulo Grand Prix,17.0,SAI,30.901
São Paulo Grand Prix,17.0,RUS,0.0
São Paulo Grand Prix,17.0,BOT,36.889
São Paulo Grand Prix,17.0,PIA,16.66
São Paulo Grand Prix,18.0,VER,11.693999999999999
São Paulo Grand Prix,18.0,GAS,19.855
São Paulo Grand Prix,18.0,PER,35.163
São Paulo Grand Prix,18.0,ALO,21.227
São Paulo Grand Prix,18.0,LEC,11.035
São Paulo Grand Prix,18.0,TSU,9.795
São Paulo Grand Prix,18.0,ZHO,49.12
São Paulo Grand Prix,18.0,HUL,23.48
São Paulo Grand Prix,18.0,LAW,16.025
São Paulo Grand Prix,18.0,OCO,10.488
São Paulo Grand Prix,18.0,NOR,0.898
São Paulo Grand Prix,18.0,COL,29.973
São Paulo Grand Prix,18.0,HAM,31.757
São Paulo Grand Prix,18.0,BEA,32.237
São Paulo Grand Prix,18.0,SAI,31.352
São Paulo Grand Prix,18.0,RUS,0.0
São Paulo Grand Prix,18.0,BOT,37.655
São Paulo Grand Prix,18.0,PIA,16.763
São Paulo Grand Prix,19.0,VER,11.849
São Paulo Grand Prix,19.0,GAS,19.731
São Paulo Grand Prix,19.0,PER,35.239
São Paulo Grand Prix,19.0,ALO,21.676
São Paulo Grand Prix,19.0,LEC,10.94
São Paulo Grand Prix,19.0,TSU,9.732
São Paulo Grand Prix,19.0,ZHO,50.158
São Paulo Grand Prix,19.0,HUL,23.557
São Paulo Grand Prix,19.0,LAW,16.294
São Paulo Grand Prix,19.0,OCO,10.372
São Paulo Grand Prix,19.0,NOR,1.025
São Paulo Grand Prix,19.0,COL,30.663
São Paulo Grand Prix,19.0,HAM,34.291
São Paulo Grand Prix,19.0,BEA,33.5
São Paulo Grand Prix,19.0,SAI,31.215
São Paulo Grand Prix,19.0,RUS,0.0
São Paulo Grand Prix,19.0,BOT,38.406
São Paulo Grand Prix,19.0,PIA,16.988
São Paulo Grand Prix,20.0,VER,12.013
São Paulo Grand Prix,20.0,GAS,20.361
São Paulo Grand Prix,20.0,PER,36.01
São Paulo Grand Prix,20.0,ALO,21.874
São Paulo Grand Prix,20.0,LEC,11.42
São Paulo Grand Prix,20.0,TSU,10.144
São Paulo Grand Prix,20.0,ZHO,51.46
São Paulo Grand Prix,20.0,HUL,24.16
São Paulo Grand Prix,20.0,LAW,16.576999999999998
São Paulo Grand Prix,20.0,OCO,10.903
São Paulo Grand Prix,20.0,NOR,1.471
São Paulo Grand Prix,20.0,COL,32.278
São Paulo Grand Prix,20.0,HAM,34.855
São Paulo Grand Prix,20.0,BEA,34.163
São Paulo Grand Prix,20.0,SAI,32.765
São Paulo Grand Prix,20.0,RUS,0.0
São Paulo Grand Prix,20.0,BOT,39.639
São Paulo Grand Prix,20.0,PIA,17.515
São Paulo Grand Prix,21.0,VER,12.765
São Paulo Grand Prix,21.0,GAS,20.764
São Paulo Grand Prix,21.0,PER,36.901
São Paulo Grand Prix,21.0,ALO,22.447
São Paulo Grand Prix,21.0,LEC,12.705
São Paulo Grand Prix,21.0,TSU,10.806000000000001
São Paulo Grand Prix,21.0,ZHO,53.953
São Paulo Grand Prix,21.0,HUL,24.407
São Paulo Grand Prix,21.0,LAW,17.23
São Paulo Grand Prix,21.0,OCO,11.423
São Paulo Grand Prix,21.0,NOR,1.7309999999999999
São Paulo Grand Prix,21.0,COL,33.057
São Paulo Grand Prix,21.0,HAM,35.723
São Paulo Grand Prix,21.0,BEA,35.128
São Paulo Grand Prix,21.0,SAI,33.879
São Paulo Grand Prix,21.0,RUS,0.0
São Paulo Grand Prix,21.0,BOT,40.848
São Paulo Grand Prix,21.0,PIA,18.096
São Paulo Grand Prix,22.0,VER,13.937
São Paulo Grand Prix,22.0,GAS,20.877
São Paulo Grand Prix,22.0,PER,38.4
São Paulo Grand Prix,22.0,ALO,22.948
São Paulo Grand Prix,22.0,LEC,13.131
São Paulo Grand Prix,22.0,TSU,11.313
São Paulo Grand Prix,22.0,ZHO,55.707
São Paulo Grand Prix,22.0,HUL,24.586
São Paulo Grand Prix,22.0,LAW,17.712
São Paulo Grand Prix,22.0,OCO,11.91
São Paulo Grand Prix,22.0,NOR,1.44
São Paulo Grand Prix,22.0,COL,34.052
São Paulo Grand Prix,22.0,HAM,36.346
São Paulo Grand Prix,22.0,BEA,35.762
São Paulo Grand Prix,22.0,SAI,37.77
São Paulo Grand Prix,22.0,RUS,0.0
São Paulo Grand Prix,22.0,BOT,42.109
São Paulo Grand Prix,22.0,PIA,18.438
São Paulo Grand Prix,23.0,VER,14.077
São Paulo Grand Prix,23.0,GAS,21.494
São Paulo Grand Prix,23.0,PER,39.431
São Paulo Grand Prix,23.0,ALO,23.025
São Paulo Grand Prix,23.0,LEC,13.141
São Paulo Grand Prix,23.0,TSU,11.729
São Paulo Grand Prix,23.0,ZHO,58.018
São Paulo Grand Prix,23.0,HUL,25.042
São Paulo Grand Prix,23.0,LAW,18.585
São Paulo Grand Prix,23.0,OCO,12.389
São Paulo Grand Prix,23.0,NOR,1.045
São Paulo Grand Prix,23.0,COL,38.216
São Paulo Grand Prix,23.0,HAM,36.774
São Paulo Grand Prix,23.0,BEA,35.941
São Paulo Grand Prix,23.0,SAI,38.83
São Paulo Grand Prix,23.0,RUS,0.0
São Paulo Grand Prix,23.0,BOT,42.948
São Paulo Grand Prix,23.0,PIA,19.085
São Paulo Grand Prix,24.0,VER,14.2
São Paulo Grand Prix,24.0,GAS,21.486
São Paulo Grand Prix,24.0,PER,40.895
São Paulo Grand Prix,24.0,ALO,22.888
São Paulo Grand Prix,24.0,LEC,17.731
São Paulo Grand Prix,24.0,TSU,11.939
São Paulo Grand Prix,24.0,ZHO,59.697
São Paulo Grand Prix,24.0,HUL,25.391
São Paulo Grand Prix,24.0,LAW,18.935
São Paulo Grand Prix,24.0,OCO,12.498
São Paulo Grand Prix,24.0,NOR,0.62
São Paulo Grand Prix,24.0,COL,38.925
São Paulo Grand Prix,24.0,HAM,36.34
São Paulo Grand Prix,24.0,BEA,35.963
São Paulo Grand Prix,24.0,SAI,40.107
São Paulo Grand Prix,24.0,RUS,0.0
São Paulo Grand Prix,24.0,BOT,43.744
São Paulo Grand Prix,24.0,PIA,19.467
São Paulo Grand Prix,25.0,VER,13.886
São Paulo Grand Prix,25.0,GAS,21.426
São Paulo Grand Prix,25.0,PER,42.682
São Paulo Grand Prix,25.0,ALO,22.861
São Paulo Grand Prix,25.0,LEC,38.343
São Paulo Grand Prix,25.0,TSU,12.379
São Paulo Grand Prix,25.0,ZHO,62.563
São Paulo Grand Prix,25.0,HUL,31.331
São Paulo Grand Prix,25.0,LAW,19.38
São Paulo Grand Prix,25.0,OCO,13.089
São Paulo Grand Prix,25.0,NOR,1.027
São Paulo Grand Prix,25.0,COL,40.29
São Paulo Grand Prix,25.0,HAM,37.035
São Paulo Grand Prix,25.0,BEA,36.23
São Paulo Grand Prix,25.0,SAI,41.033
São Paulo Grand Prix,25.0,RUS,0.0
São Paulo Grand Prix,25.0,BOT,44.799
São Paulo Grand Prix,25.0,PIA,19.915
São Paulo Grand Prix,26.0,VER,13.734
São Paulo Grand Prix,26.0,GAS,21.267
São Paulo Grand Prix,26.0,PER,43.85
São Paulo Grand Prix,26.0,ALO,24.417
São Paulo Grand Prix,26.0,LEC,37.418
São Paulo Grand Prix,26.0,TSU,12.399000000000001
São Paulo Grand Prix,26.0,ZHO,65.379
São Paulo Grand Prix,26.0,HUL,52.57
São Paulo Grand Prix,26.0,LAW,26.222
São Paulo Grand Prix,26.0,OCO,13.155
São Paulo Grand Prix,26.0,NOR,0.737
São Paulo Grand Prix,26.0,COL,44.771
São Paulo Grand Prix,26.0,HAM,36.614
São Paulo Grand Prix,26.0,BEA,35.853
São Paulo Grand Prix,26.0,SAI,41.796
São Paulo Grand Prix,26.0,RUS,0.0
São Paulo Grand Prix,26.0,BOT,46.527
São Paulo Grand Prix,26.0,PIA,22.543
São Paulo Grand Prix,27.0,VER,15.25
São Paulo Grand Prix,27.0,GAS,24.056
São Paulo Grand Prix,27.0,PER,59.128
São Paulo Grand Prix,27.0,ALO,35.629
São Paulo Grand Prix,27.0,LEC,45.815
São Paulo Grand Prix,27.0,TSU,14.355
São Paulo Grand Prix,27.0,ZHO,86.856
São Paulo Grand Prix,27.0,HUL,196.025
São Paulo Grand Prix,27.0,LAW,37.009
São Paulo Grand Prix,27.0,OCO,12.898
São Paulo Grand Prix,27.0,NOR,0.739
São Paulo Grand Prix,27.0,COL,80.035
São Paulo Grand Prix,27.0,HAM,49.804
São Paulo Grand Prix,27.0,BEA,47.407
São Paulo Grand Prix,27.0,SAI,56.114
São Paulo Grand Prix,27.0,RUS,0.0
São Paulo Grand Prix,27.0,BOT,60.616
São Paulo Grand Prix,27.0,PIA,32.153
São Paulo Grand Prix,28.0,VER,12.539
São Paulo Grand Prix,28.0,GAS,18.715
São Paulo Grand Prix,28.0,PER,65.367
São Paulo Grand Prix,28.0,ALO,42.126
São Paulo Grand Prix,28.0,LEC,37.908
São Paulo Grand Prix,28.0,TSU,16.961
São Paulo Grand Prix,28.0,ZHO,98.804
São Paulo Grand Prix,28.0,HUL,250.249
São Paulo Grand Prix,28.0,LAW,35.626
São Paulo Grand Prix,28.0,OCO,9.184
São Paulo Grand Prix,28.0,NOR,1.5230000000000001
São Paulo Grand Prix,28.0,COL,68.411
São Paulo Grand Prix,28.0,HAM,55.214
São Paulo Grand Prix,28.0,BEA,64.532
São Paulo Grand Prix,28.0,SAI,64.506
São Paulo Grand Prix,28.0,RUS,0.0
São Paulo Grand Prix,28.0,BOT,52.95
São Paulo Grand Prix,28.0,PIA,39.085
São Paulo Grand Prix,29.0,VER,7.546
São Paulo Grand Prix,29.0,GAS,10.972
São Paulo Grand Prix,29.0,PER,57.022
São Paulo Grand Prix,29.0,ALO,37.541
São Paulo Grand Prix,29.0,LEC,27.271
São Paulo Grand Prix,29.0,TSU,22.367
São Paulo Grand Prix,29.0,ZHO,127.524
São Paulo Grand Prix,29.0,HUL,267.784
São Paulo Grand Prix,29.0,LAW,50.941
São Paulo Grand Prix,29.0,OCO,0.0
São Paulo Grand Prix,29.0,NOR,13.974
São Paulo Grand Prix,29.0,COL,61.873
São Paulo Grand Prix,29.0,HAM,50.523
São Paulo Grand Prix,29.0,BEA,58.511
São Paulo Grand Prix,29.0,SAI,56.63
São Paulo Grand Prix,29.0,RUS,12.972
São Paulo Grand Prix,29.0,BOT,53.057
São Paulo Grand Prix,29.0,PIA,30.156
São Paulo Grand Prix,30.0,VER,8.718
São Paulo Grand Prix,30.0,GAS,11.225
São Paulo Grand Prix,30.0,PER,67.348
São Paulo Grand Prix,30.0,ALO,38.439
São Paulo Grand Prix,30.0,LEC,25.131
São Paulo Grand Prix,30.0,TSU,19.017
São Paulo Grand Prix,30.0,ZHO,134.74
São Paulo Grand Prix,30.0,HUL,324.319
São Paulo Grand Prix,30.0,LAW,47.716
São Paulo Grand Prix,30.0,OCO,0.0
São Paulo Grand Prix,30.0,NOR,13.063
São Paulo Grand Prix,30.0,COL,74.6
São Paulo Grand Prix,30.0,HAM,48.38
São Paulo Grand Prix,30.0,BEA,68.507
São Paulo Grand Prix,30.0,SAI,65.791
São Paulo Grand Prix,30.0,RUS,16.906
São Paulo Grand Prix,30.0,BOT,63.275
São Paulo Grand Prix,30.0,PIA,29.593
São Paulo Grand Prix,31.0,VER,1.575
São Paulo Grand Prix,31.0,GAS,5.888
São Paulo Grand Prix,31.0,PER,46.253
São Paulo Grand Prix,31.0,ALO,22.972
São Paulo Grand Prix,31.0,LEC,13.978
São Paulo Grand Prix,31.0,TSU,12.105
São Paulo Grand Prix,31.0,ZHO,163.269
São Paulo Grand Prix,31.0,LAW,27.667
São Paulo Grand Prix,31.0,OCO,0.0
São Paulo Grand Prix,31.0,NOR,7.917
São Paulo Grand Prix,31.0,HAM,28.301
São Paulo Grand Prix,31.0,BEA,48.398
São Paulo Grand Prix,31.0,SAI,45.097
São Paulo Grand Prix,31.0,RUS,10.281
São Paulo Grand Prix,31.0,BOT,43.423
São Paulo Grand Prix,31.0,PIA,16.84
São Paulo Grand Prix,32.0,VER,2.042
São Paulo Grand Prix,32.0,GAS,8.624
São Paulo Grand Prix,32.0,PER,44.82
São Paulo Grand Prix,32.0,ALO,25.789
São Paulo Grand Prix,32.0,LEC,19.575
São Paulo Grand Prix,32.0,TSU,17.002
São Paulo Grand Prix,32.0,ZHO,1397.275
São Paulo Grand Prix,32.0,LAW,28.256
São Paulo Grand Prix,32.0,OCO,0.0
São Paulo Grand Prix,32.0,NOR,9.683
São Paulo Grand Prix,32.0,HAM,31.163
São Paulo Grand Prix,32.0,BEA,49.03
São Paulo Grand Prix,32.0,SAI,41.211
São Paulo Grand Prix,32.0,RUS,14.953
São Paulo Grand Prix,32.0,BOT,37.073
São Paulo Grand Prix,32.0,PIA,23.174
São Paulo Grand Prix,33.0,VER,0.63
São Paulo Grand Prix,33.0,GAS,1.21
São Paulo Grand Prix,33.0,PER,7.537
São Paulo Grand Prix,33.0,ALO,4.049
São Paulo Grand Prix,33.0,LEC,2.906
São Paulo Grand Prix,33.0,TSU,2.8689999999999998
São Paulo Grand Prix,33.0,ZHO,13.186
São Paulo Grand Prix,33.0,LAW,4.814
São Paulo Grand Prix,33.0,OCO,0.0
São Paulo Grand Prix,33.0,NOR,1.514
São Paulo Grand Prix,33.0,HAM,5.692
São Paulo Grand Prix,33.0,BEA,15.998
São Paulo Grand Prix,33.0,SAI,7.59
São Paulo Grand Prix,33.0,RUS,1.938
São Paulo Grand Prix,33.0,BOT,6.677
São Paulo Grand Prix,33.0,PIA,3.143
São Paulo Grand Prix,34.0,VER,1.599
São Paulo Grand Prix,34.0,GAS,5.323
São Paulo Grand Prix,34.0,PER,15.967
São Paulo Grand Prix,34.0,ALO,14.187
São Paulo Grand Prix,34.0,LEC,10.613
São Paulo Grand Prix,34.0,TSU,12.896
São Paulo Grand Prix,34.0,ZHO,22.378
São Paulo Grand Prix,34.0,LAW,14.791
São Paulo Grand Prix,34.0,OCO,0.0
São Paulo Grand Prix,34.0,NOR,9.01
São Paulo Grand Prix,34.0,HAM,13.992
São Paulo Grand Prix,34.0,BEA,19.337
São Paulo Grand Prix,34.0,SAI,18.512
São Paulo Grand Prix,34.0,RUS,7.614
São Paulo Grand Prix,34.0,BOT,18.268
São Paulo Grand Prix,34.0,PIA,12.0
São Paulo Grand Prix,35.0,VER,2.692
São Paulo Grand Prix,35.0,GAS,7.151
São Paulo Grand Prix,35.0,PER,21.588
São Paulo Grand Prix,35.0,ALO,19.884
São Paulo Grand Prix,35.0,LEC,12.846
São Paulo Grand Prix,35.0,TSU,17.866
São Paulo Grand Prix,35.0,ZHO,30.479
São Paulo Grand Prix,35.0,LAW,20.512
São Paulo Grand Prix,35.0,OCO,0.0
São Paulo Grand Prix,35.0,NOR,11.434
São Paulo Grand Prix,35.0,HAM,18.536
São Paulo Grand Prix,35.0,BEA,24.002
São Paulo Grand Prix,35.0,SAI,23.378
São Paulo Grand Prix,35.0,RUS,9.378
São Paulo Grand Prix,35.0,BOT,26.725
São Paulo Grand Prix,35.0,PIA,14.969
São Paulo Grand Prix,36.0,VER,3.428
São Paulo Grand Prix,36.0,GAS,8.036
São Paulo Grand Prix,36.0,PER,24.908
São Paulo Grand Prix,36.0,ALO,23.029
São Paulo Grand Prix,36.0,LEC,14.54
São Paulo Grand Prix,36.0,TSU,21.155
São Paulo Grand Prix,36.0,ZHO,38.062
São Paulo Grand Prix,36.0,LAW,24.04
São Paulo Grand Prix,36.0,OCO,0.0
São Paulo Grand Prix,36.0,NOR,12.896
São Paulo Grand Prix,36.0,HAM,21.526
São Paulo Grand Prix,36.0,BEA,46.166
São Paulo Grand Prix,36.0,SAI,26.491
São Paulo Grand Prix,36.0,RUS,10.49
São Paulo Grand Prix,36.0,BOT,33.007
São Paulo Grand Prix,36.0,PIA,17.074
São Paulo Grand Prix,37.0,VER,3.443
São Paulo Grand Prix,37.0,GAS,8.049
São Paulo Grand Prix,37.0,PER,27.523
São Paulo Grand Prix,37.0,ALO,25.901
São Paulo Grand Prix,37.0,LEC,15.324
São Paulo Grand Prix,37.0,TSU,22.8
São Paulo Grand Prix,37.0,ZHO,42.263
São Paulo Grand Prix,37.0,LAW,26.815
São Paulo Grand Prix,37.0,OCO,0.0
São Paulo Grand Prix,37.0,NOR,12.962
São Paulo Grand Prix,37.0,HAM,23.781
São Paulo Grand Prix,37.0,BEA,52.632
São Paulo Grand Prix,37.0,SAI,28.321
São Paulo Grand Prix,37.0,RUS,11.105
São Paulo Grand Prix,37.0,BOT,35.797
São Paulo Grand Prix,37.0,PIA,17.855
São Paulo Grand Prix,38.0,VER,3.232
São Paulo Grand Prix,38.0,GAS,8.683
São Paulo Grand Prix,38.0,PER,30.165
São Paulo Grand Prix,38.0,ALO,27.86
São Paulo Grand Prix,38.0,LEC,15.602
São Paulo Grand Prix,38.0,TSU,23.986
São Paulo Grand Prix,38.0,ZHO,45.644
São Paulo Grand Prix,38.0,LAW,29.086
São Paulo Grand Prix,38.0,OCO,0.0
São Paulo Grand Prix,38.0,NOR,13.642
São Paulo Grand Prix,38.0,HAM,25.549
São Paulo Grand Prix,38.0,BEA,55.171
São Paulo Grand Prix,38.0,SAI,30.49
São Paulo Grand Prix,38.0,RUS,11.393
São Paulo Grand Prix,38.0,BOT,38.538
São Paulo Grand Prix,38.0,PIA,18.435
São Paulo Grand Prix,39.0,VER,4.108
São Paulo Grand Prix,39.0,GAS,14.496
São Paulo Grand Prix,39.0,PER,46.953
São Paulo Grand Prix,39.0,ALO,42.019
São Paulo Grand Prix,39.0,LEC,27.028
São Paulo Grand Prix,39.0,TSU,36.57
São Paulo Grand Prix,39.0,ZHO,63.542
São Paulo Grand Prix,39.0,LAW,44.269
São Paulo Grand Prix,39.0,OCO,0.0
São Paulo Grand Prix,39.0,NOR,22.94
São Paulo Grand Prix,39.0,HAM,39.87
São Paulo Grand Prix,39.0,BEA,75.271
São Paulo Grand Prix,39.0,SAI,96.07
São Paulo Grand Prix,39.0,RUS,20.006
São Paulo Grand Prix,39.0,BOT,54.06
São Paulo Grand Prix,39.0,PIA,30.353
São Paulo Grand Prix,40.0,VER,1.393
São Paulo Grand Prix,40.0,GAS,3.082
São Paulo Grand Prix,40.0,PER,23.639
São Paulo Grand Prix,40.0,ALO,20.796
São Paulo Grand Prix,40.0,LEC,10.492
São Paulo Grand Prix,40.0,TSU,15.95
São Paulo Grand Prix,40.0,ZHO,41.975
São Paulo Grand Prix,40.0,LAW,22.457
São Paulo Grand Prix,40.0,OCO,0.0
São Paulo Grand Prix,40.0,NOR,7.382
São Paulo Grand Prix,40.0,HAM,17.58
São Paulo Grand Prix,40.0,BEA,55.394
São Paulo Grand Prix,40.0,RUS,5.111
São Paulo Grand Prix,40.0,BOT,33.465
São Paulo Grand Prix,40.0,PIA,11.717
São Paulo Grand Prix,41.0,VER,0.975
São Paulo Grand Prix,41.0,GAS,3.54
São Paulo Grand Prix,41.0,PER,23.143
São Paulo Grand Prix,41.0,ALO,18.829
São Paulo Grand Prix,41.0,LEC,10.583
São Paulo Grand Prix,41.0,TSU,15.768
São Paulo Grand Prix,41.0,ZHO,26.988
São Paulo Grand Prix,41.0,LAW,21.299
São Paulo Grand Prix,41.0,OCO,0.0
São Paulo Grand Prix,41.0,NOR,7.008
São Paulo Grand Prix,41.0,HAM,17.364
São Paulo Grand Prix,41.0,BEA,28.307
São Paulo Grand Prix,41.0,RUS,5.421
São Paulo Grand Prix,41.0,BOT,25.041
São Paulo Grand Prix,41.0,PIA,12.107
São Paulo Grand Prix,42.0,VER,0.387
São Paulo Grand Prix,42.0,GAS,0.916
São Paulo Grand Prix,42.0,PER,3.645
São Paulo Grand Prix,42.0,ALO,2.349
São Paulo Grand Prix,42.0,LEC,1.314
São Paulo Grand Prix,42.0,TSU,1.603
São Paulo Grand Prix,42.0,ZHO,4.424
São Paulo Grand Prix,42.0,LAW,3.6
São Paulo Grand Prix,42.0,OCO,0.0
São Paulo Grand Prix,42.0,NOR,1.148
São Paulo Grand Prix,42.0,HAM,1.923
São Paulo Grand Prix,42.0,BEA,4.689
São Paulo Grand Prix,42.0,RUS,0.92
São Paulo Grand Prix,42.0,BOT,4.048
São Paulo Grand Prix,42.0,PIA,1.454
São Paulo Grand Prix,43.0,VER,0.0
São Paulo Grand Prix,43.0,GAS,2.383
São Paulo Grand Prix,43.0,PER,9.788
São Paulo Grand Prix,43.0,ALO,29.752
São Paulo Grand Prix,43.0,LEC,4.048
São Paulo Grand Prix,43.0,TSU,7.149
São Paulo Grand Prix,43.0,ZHO,12.841
São Paulo Grand Prix,43.0,LAW,8.095
São Paulo Grand Prix,43.0,OCO,1.291
São Paulo Grand Prix,43.0,NOR,6.124
São Paulo Grand Prix,43.0,HAM,10.497
São Paulo Grand Prix,43.0,BEA,10.816
São Paulo Grand Prix,43.0,RUS,4.541
São Paulo Grand Prix,43.0,BOT,11.782
São Paulo Grand Prix,43.0,PIA,5.227
São Paulo Grand Prix,44.0,VER,0.0
São Paulo Grand Prix,44.0,GAS,3.385
São Paulo Grand Prix,44.0,PER,11.137
São Paulo Grand Prix,44.0,ALO,31.714
São Paulo Grand Prix,44.0,LEC,5.359
São Paulo Grand Prix,44.0,TSU,9.812
São Paulo Grand Prix,44.0,ZHO,16.91
São Paulo Grand Prix,44.0,LAW,10.586
São Paulo Grand Prix,44.0,OCO,1.911
São Paulo Grand Prix,44.0,NOR,7.845
São Paulo Grand Prix,44.0,HAM,12.39
São Paulo Grand Prix,44.0,BEA,13.948
São Paulo Grand Prix,44.0,RUS,6.003
São Paulo Grand Prix,44.0,BOT,14.915
São Paulo Grand Prix,44.0,PIA,7.04
São Paulo Grand Prix,45.0,VER,0.0
São Paulo Grand Prix,45.0,GAS,4.596
São Paulo Grand Prix,45.0,PER,13.417
São Paulo Grand Prix,45.0,ALO,32.699
São Paulo Grand Prix,45.0,LEC,6.873
São Paulo Grand Prix,45.0,TSU,11.921
São Paulo Grand Prix,45.0,ZHO,20.236
São Paulo Grand Prix,45.0,LAW,12.83
São Paulo Grand Prix,45.0,OCO,2.806
São Paulo Grand Prix,45.0,NOR,9.415
São Paulo Grand Prix,45.0,HAM,14.339
São Paulo Grand Prix,45.0,BEA,16.379
São Paulo Grand Prix,45.0,RUS,7.578
São Paulo Grand Prix,45.0,BOT,18.089
São Paulo Grand Prix,45.0,PIA,8.454
São Paulo Grand Prix,46.0,VER,0.0
São Paulo Grand Prix,46.0,GAS,5.001
São Paulo Grand Prix,46.0,PER,15.169
São Paulo Grand Prix,46.0,ALO,34.687
São Paulo Grand Prix,46.0,LEC,10.799
São Paulo Grand Prix,46.0,TSU,13.602
São Paulo Grand Prix,46.0,ZHO,22.526
São Paulo Grand Prix,46.0,LAW,14.538
São Paulo Grand Prix,46.0,OCO,3.095
São Paulo Grand Prix,46.0,NOR,11.188
São Paulo Grand Prix,46.0,HAM,15.855
São Paulo Grand Prix,46.0,BEA,17.851
São Paulo Grand Prix,46.0,RUS,8.857
São Paulo Grand Prix,46.0,BOT,19.946
São Paulo Grand Prix,46.0,PIA,11.959
São Paulo Grand Prix,47.0,VER,0.0
São Paulo Grand Prix,47.0,GAS,6.046
São Paulo Grand Prix,47.0,PER,17.372
São Paulo Grand Prix,47.0,ALO,35.931
São Paulo Grand Prix,47.0,LEC,12.491
São Paulo Grand Prix,47.0,TSU,15.551
São Paulo Grand Prix,47.0,ZHO,25.104
São Paulo Grand Prix,47.0,LAW,16.489
São Paulo Grand Prix,47.0,OCO,3.588
São Paulo Grand Prix,47.0,NOR,13.21
São Paulo Grand Prix,47.0,HAM,18.196
São Paulo Grand Prix,47.0,BEA,20.014
São Paulo Grand Prix,47.0,RUS,9.247
São Paulo Grand Prix,47.0,BOT,22.215
São Paulo Grand Prix,47.0,PIA,14.124
São Paulo Grand Prix,48.0,VER,0.0
São Paulo Grand Prix,48.0,GAS,7.286
São Paulo Grand Prix,48.0,PER,18.993
São Paulo Grand Prix,48.0,ALO,37.02
São Paulo Grand Prix,48.0,LEC,13.737
São Paulo Grand Prix,48.0,TSU,17.554
São Paulo Grand Prix,48.0,ZHO,27.542
São Paulo Grand Prix,48.0,LAW,18.523
São Paulo Grand Prix,48.0,OCO,4.228
São Paulo Grand Prix,48.0,NOR,14.91
São Paulo Grand Prix,48.0,HAM,20.152
São Paulo Grand Prix,48.0,BEA,21.669
São Paulo Grand Prix,48.0,RUS,9.701
São Paulo Grand Prix,48.0,BOT,24.209
São Paulo Grand Prix,48.0,PIA,16.008
São Paulo Grand Prix,49.0,VER,0.0
São Paulo Grand Prix,49.0,GAS,8.228
São Paulo Grand Prix,49.0,PER,20.894
São Paulo Grand Prix,49.0,ALO,38.352
São Paulo Grand Prix,49.0,LEC,14.82
São Paulo Grand Prix,49.0,TSU,19.256
São Paulo Grand Prix,49.0,ZHO,29.716
São Paulo Grand Prix,49.0,LAW,20.331
São Paulo Grand Prix,49.0,OCO,4.985
São Paulo Grand Prix,49.0,NOR,15.941
São Paulo Grand Prix,49.0,HAM,21.931
São Paulo Grand Prix,49.0,BEA,23.463
São Paulo Grand Prix,49.0,RUS,10.012
São Paulo Grand Prix,49.0,BOT,26.08
São Paulo Grand Prix,49.0,PIA,16.803
São Paulo Grand Prix,50.0,VER,0.0
São Paulo Grand Prix,50.0,GAS,9.218
São Paulo Grand Prix,50.0,PER,22.537
São Paulo Grand Prix,50.0,ALO,40.021
São Paulo Grand Prix,50.0,LEC,16.497
São Paulo Grand Prix,50.0,TSU,20.809
São Paulo Grand Prix,50.0,ZHO,32.043
São Paulo Grand Prix,50.0,LAW,21.975
São Paulo Grand Prix,50.0,OCO,5.63
São Paulo Grand Prix,50.0,NOR,17.271
São Paulo Grand Prix,50.0,HAM,23.586
São Paulo Grand Prix,50.0,BEA,25.592
São Paulo Grand Prix,50.0,RUS,10.667
São Paulo Grand Prix,50.0,BOT,27.962
São Paulo Grand Prix,50.0,PIA,18.233
São Paulo Grand Prix,51.0,VER,0.0
São Paulo Grand Prix,51.0,GAS,9.913
São Paulo Grand Prix,51.0,PER,24.316
São Paulo Grand Prix,51.0,ALO,41.199
São Paulo Grand Prix,51.0,LEC,17.691
São Paulo Grand Prix,51.0,TSU,22.22
São Paulo Grand Prix,51.0,ZHO,34.549
São Paulo Grand Prix,51.0,LAW,23.759
São Paulo Grand Prix,51.0,OCO,6.491
São Paulo Grand Prix,51.0,NOR,18.408
São Paulo Grand Prix,51.0,HAM,25.243
São Paulo Grand Prix,51.0,BEA,28.371
São Paulo Grand Prix,51.0,RUS,11.022
São Paulo Grand Prix,51.0,BOT,30.163
São Paulo Grand Prix,51.0,PIA,22.194
São Paulo Grand Prix,52.0,VER,0.0
São Paulo Grand Prix,52.0,GAS,10.445
São Paulo Grand Prix,52.0,PER,26.022
São Paulo Grand Prix,52.0,ALO,41.897
São Paulo Grand Prix,52.0,LEC,18.453
São Paulo Grand Prix,52.0,TSU,24.376
São Paulo Grand Prix,52.0,ZHO,36.859
São Paulo Grand Prix,52.0,LAW,25.578
São Paulo Grand Prix,52.0,OCO,6.68
São Paulo Grand Prix,52.0,NOR,19.377
São Paulo Grand Prix,52.0,HAM,27.139
São Paulo Grand Prix,52.0,BEA,29.9
São Paulo Grand Prix,52.0,RUS,11.595
São Paulo Grand Prix,52.0,BOT,32.143
São Paulo Grand Prix,52.0,PIA,22.747
São Paulo Grand Prix,53.0,VER,0.0
São Paulo Grand Prix,53.0,GAS,10.706
São Paulo Grand Prix,53.0,PER,27.794
São Paulo Grand Prix,53.0,ALO,42.911
São Paulo Grand Prix,53.0,LEC,19.32
São Paulo Grand Prix,53.0,TSU,25.67
São Paulo Grand Prix,53.0,ZHO,39.335
São Paulo Grand Prix,53.0,LAW,27.375
São Paulo Grand Prix,53.0,OCO,6.9879999999999995
São Paulo Grand Prix,53.0,NOR,20.741
São Paulo Grand Prix,53.0,HAM,28.728
São Paulo Grand Prix,53.0,BEA,31.618
São Paulo Grand Prix,53.0,RUS,11.771
São Paulo Grand Prix,53.0,BOT,34.252
São Paulo Grand Prix,53.0,PIA,23.226
São Paulo Grand Prix,54.0,VER,0.0
São Paulo Grand Prix,54.0,GAS,11.199
São Paulo Grand Prix,54.0,PER,29.292
São Paulo Grand Prix,54.0,ALO,43.456
São Paulo Grand Prix,54.0,LEC,20.031
São Paulo Grand Prix,54.0,TSU,26.936
São Paulo Grand Prix,54.0,ZHO,42.014
São Paulo Grand Prix,54.0,LAW,29.071
São Paulo Grand Prix,54.0,OCO,7.557
São Paulo Grand Prix,54.0,NOR,21.312
São Paulo Grand Prix,54.0,HAM,30.01
São Paulo Grand Prix,54.0,BEA,32.973
São Paulo Grand Prix,54.0,RUS,12.302
São Paulo Grand Prix,54.0,BOT,36.45
São Paulo Grand Prix,54.0,PIA,23.888
São Paulo Grand Prix,55.0,VER,0.0
São Paulo Grand Prix,55.0,GAS,11.658
São Paulo Grand Prix,55.0,PER,32.534
São Paulo Grand Prix,55.0,ALO,44.848
São Paulo Grand Prix,55.0,LEC,20.447
São Paulo Grand Prix,55.0,TSU,27.763
São Paulo Grand Prix,55.0,ZHO,44.622
São Paulo Grand Prix,55.0,LAW,30.477
São Paulo Grand Prix,55.0,OCO,7.936
São Paulo Grand Prix,55.0,NOR,21.731
São Paulo Grand Prix,55.0,HAM,31.378
São Paulo Grand Prix,55.0,BEA,34.497
São Paulo Grand Prix,55.0,RUS,12.538
São Paulo Grand Prix,55.0,BOT,38.116
São Paulo Grand Prix,55.0,PIA,24.118
São Paulo Grand Prix,56.0,VER,0.0
São Paulo Grand Prix,56.0,GAS,12.4
São Paulo Grand Prix,56.0,PER,33.286
São Paulo Grand Prix,56.0,ALO,47.563
São Paulo Grand Prix,56.0,LEC,21.17
São Paulo Grand Prix,56.0,TSU,28.819
São Paulo Grand Prix,56.0,ZHO,47.275
São Paulo Grand Prix,56.0,LAW,31.857
São Paulo Grand Prix,56.0,OCO,8.735
São Paulo Grand Prix,56.0,NOR,22.711
São Paulo Grand Prix,56.0,HAM,32.318
São Paulo Grand Prix,56.0,BEA,35.632
São Paulo Grand Prix,56.0,RUS,13.029
São Paulo Grand Prix,56.0,BOT,39.619
São Paulo Grand Prix,56.0,PIA,24.757
São Paulo Grand Prix,57.0,VER,0.0
São Paulo Grand Prix,57.0,GAS,13.006
São Paulo Grand Prix,57.0,PER,34.201
São Paulo Grand Prix,57.0,ALO,49.876
São Paulo Grand Prix,57.0,LEC,21.82
São Paulo Grand Prix,57.0,TSU,29.723
São Paulo Grand Prix,57.0,ZHO,49.715
São Paulo Grand Prix,57.0,LAW,32.948
São Paulo Grand Prix,57.0,OCO,9.335
São Paulo Grand Prix,57.0,NOR,23.26
São Paulo Grand Prix,57.0,HAM,33.357
São Paulo Grand Prix,57.0,BEA,37.165
São Paulo Grand Prix,57.0,RUS,13.982
São Paulo Grand Prix,57.0,BOT,41.208
São Paulo Grand Prix,57.0,PIA,25.419
São Paulo Grand Prix,58.0,VER,0.0
São Paulo Grand Prix,58.0,GAS,13.609
São Paulo Grand Prix,58.0,PER,36.133
São Paulo Grand Prix,58.0,ALO,51.062
São Paulo Grand Prix,58.0,LEC,22.055
São Paulo Grand Prix,58.0,TSU,30.941
São Paulo Grand Prix,58.0,ZHO,53.951
São Paulo Grand Prix,58.0,LAW,34.935
São Paulo Grand Prix,58.0,OCO,9.946
São Paulo Grand Prix,58.0,NOR,23.898
São Paulo Grand Prix,58.0,HAM,35.463
São Paulo Grand Prix,58.0,BEA,38.375
São Paulo Grand Prix,58.0,RUS,14.63
São Paulo Grand Prix,58.0,BOT,42.611
São Paulo Grand Prix,58.0,PIA,25.957
São Paulo Grand Prix,59.0,VER,0.0
São Paulo Grand Prix,59.0,GAS,14.466
São Paulo Grand Prix,59.0,PER,37.668
São Paulo Grand Prix,59.0,ALO,51.804
São Paulo Grand Prix,59.0,LEC,22.397
São Paulo Grand Prix,59.0,TSU,32.262
São Paulo Grand Prix,59.0,ZHO,56.206
São Paulo Grand Prix,59.0,LAW,36.536
São Paulo Grand Prix,59.0,OCO,10.555
São Paulo Grand Prix,59.0,NOR,24.484
São Paulo Grand Prix,59.0,HAM,36.94
São Paulo Grand Prix,59.0,BEA,39.721
São Paulo Grand Prix,59.0,RUS,15.242
São Paulo Grand Prix,59.0,BOT,44.478
São Paulo Grand Prix,59.0,PIA,26.586
São Paulo Grand Prix,60.0,VER,0.0
São Paulo Grand Prix,60.0,GAS,15.228
São Paulo Grand Prix,60.0,PER,39.449
São Paulo Grand Prix,60.0,ALO,55.299
São Paulo Grand Prix,60.0,LEC,22.697
São Paulo Grand Prix,60.0,TSU,33.595
São Paulo Grand Prix,60.0,ZHO,58.346
São Paulo Grand Prix,60.0,LAW,38.305
São Paulo Grand Prix,60.0,OCO,11.335
São Paulo Grand Prix,60.0,NOR,24.912
São Paulo Grand Prix,60.0,HAM,38.731
São Paulo Grand Prix,60.0,BEA,41.334
São Paulo Grand Prix,60.0,RUS,15.968
São Paulo Grand Prix,60.0,BOT,46.058
São Paulo Grand Prix,60.0,PIA,27.361
São Paulo Grand Prix,61.0,VER,0.0
São Paulo Grand Prix,61.0,GAS,16.112
São Paulo Grand Prix,61.0,PER,40.828
São Paulo Grand Prix,61.0,ALO,56.673
São Paulo Grand Prix,61.0,LEC,23.271
São Paulo Grand Prix,61.0,TSU,34.664
São Paulo Grand Prix,61.0,ZHO,60.483
São Paulo Grand Prix,61.0,LAW,39.622
São Paulo Grand Prix,61.0,OCO,12.284
São Paulo Grand Prix,61.0,NOR,25.332
São Paulo Grand Prix,61.0,HAM,40.142
São Paulo Grand Prix,61.0,BEA,44.19
São Paulo Grand Prix,61.0,RUS,16.793
São Paulo Grand Prix,61.0,BOT,47.899
São Paulo Grand Prix,61.0,PIA,28.15
São Paulo Grand Prix,62.0,VER,0.0
São Paulo Grand Prix,62.0,GAS,17.14
São Paulo Grand Prix,62.0,PER,42.651
São Paulo Grand Prix,62.0,ALO,58.991
São Paulo Grand Prix,62.0,LEC,23.991
São Paulo Grand Prix,62.0,TSU,35.831
São Paulo Grand Prix,62.0,ZHO,63.126
São Paulo Grand Prix,62.0,LAW,41.282
São Paulo Grand Prix,62.0,OCO,13.251
São Paulo Grand Prix,62.0,NOR,26.804
São Paulo Grand Prix,62.0,HAM,41.656
São Paulo Grand Prix,62.0,BEA,45.937
São Paulo Grand Prix,62.0,RUS,17.863
São Paulo Grand Prix,62.0,BOT,50.071
São Paulo Grand Prix,62.0,PIA,29.303
São Paulo Grand Prix,63.0,VER,0.0
São Paulo Grand Prix,63.0,GAS,17.736
São Paulo Grand Prix,63.0,PER,43.792
São Paulo Grand Prix,63.0,ALO,61.69
São Paulo Grand Prix,63.0,LEC,24.434
São Paulo Grand Prix,63.0,TSU,36.646
São Paulo Grand Prix,63.0,ZHO,65.347
São Paulo Grand Prix,63.0,LAW,42.342
São Paulo Grand Prix,63.0,OCO,14.039
São Paulo Grand Prix,63.0,NOR,27.363
São Paulo Grand Prix,63.0,HAM,43.035
São Paulo Grand Prix,63.0,BEA,47.542
São Paulo Grand Prix,63.0,RUS,18.539
São Paulo Grand Prix,63.0,BOT,51.854
São Paulo Grand Prix,63.0,PIA,30.287
São Paulo Grand Prix,64.0,VER,0.0
São Paulo Grand Prix,64.0,GAS,18.414
São Paulo Grand Prix,64.0,PER,45.085
São Paulo Grand Prix,64.0,ALO,63.974
São Paulo Grand Prix,64.0,LEC,25.087
São Paulo Grand Prix,64.0,TSU,37.652
São Paulo Grand Prix,64.0,ZHO,67.833
São Paulo Grand Prix,64.0,LAW,43.74
São Paulo Grand Prix,64.0,OCO,14.781
São Paulo Grand Prix,64.0,NOR,27.872
São Paulo Grand Prix,64.0,HAM,44.203
São Paulo Grand Prix,64.0,BEA,49.007
São Paulo Grand Prix,64.0,RUS,19.29
São Paulo Grand Prix,64.0,BOT,53.821
São Paulo Grand Prix,64.0,PIA,31.096
São Paulo Grand Prix,65.0,VER,0.0
São Paulo Grand Prix,65.0,GAS,19.248
São Paulo Grand Prix,65.0,PER,46.315
São Paulo Grand Prix,65.0,ALO,66.66
São Paulo Grand Prix,65.0,LEC,25.849
São Paulo Grand Prix,65.0,TSU,38.617
São Paulo Grand Prix,65.0,ZHO,69.901
São Paulo Grand Prix,65.0,LAW,45.265
São Paulo Grand Prix,65.0,OCO,15.616
São Paulo Grand Prix,65.0,NOR,28.522
São Paulo Grand Prix,65.0,HAM,45.635
São Paulo Grand Prix,65.0,BEA,50.998
São Paulo Grand Prix,65.0,RUS,20.151
São Paulo Grand Prix,65.0,BOT,55.734
São Paulo Grand Prix,65.0,PIA,31.946
São Paulo Grand Prix,66.0,VER,0.0
São Paulo Grand Prix,66.0,GAS,19.782
São Paulo Grand Prix,66.0,PER,48.182
São Paulo Grand Prix,66.0,ALO,69.168
São Paulo Grand Prix,66.0,LEC,26.869
São Paulo Grand Prix,66.0,TSU,39.665
São Paulo Grand Prix,66.0,ZHO,71.916
São Paulo Grand Prix,66.0,LAW,46.806
São Paulo Grand Prix,66.0,OCO,16.419
São Paulo Grand Prix,66.0,NOR,29.429
São Paulo Grand Prix,66.0,HAM,47.255
São Paulo Grand Prix,66.0,BEA,52.397
São Paulo Grand Prix,66.0,RUS,20.685
São Paulo Grand Prix,66.0,BOT,57.958
São Paulo Grand Prix,66.0,PIA,32.719
São Paulo Grand Prix,67.0,VER,0.0
São Paulo Grand Prix,67.0,GAS,21.093
São Paulo Grand Prix,67.0,PER,49.853
São Paulo Grand Prix,67.0,ALO,73.171
São Paulo Grand Prix,67.0,LEC,28.37
São Paulo Grand Prix,67.0,TSU,41.087
São Paulo Grand Prix,67.0,ZHO,75.435
São Paulo Grand Prix,67.0,LAW,48.457
São Paulo Grand Prix,67.0,OCO,18.055
São Paulo Grand Prix,67.0,NOR,30.474
São Paulo Grand Prix,67.0,HAM,49.397
São Paulo Grand Prix,67.0,BEA,54.458
São Paulo Grand Prix,67.0,RUS,22.099
São Paulo Grand Prix,67.0,BOT,60.363
São Paulo Grand Prix,67.0,PIA,34.533
São Paulo Grand Prix,68.0,VER,0.0
São Paulo Grand Prix,68.0,GAS,21.416
São Paulo Grand Prix,68.0,PER,50.562
São Paulo Grand Prix,68.0,ALO,75.334
São Paulo Grand Prix,68.0,LEC,28.48
São Paulo Grand Prix,68.0,TSU,41.512
São Paulo Grand Prix,68.0,ZHO,77.211
São Paulo Grand Prix,68.0,LAW,49.194
São Paulo Grand Prix,68.0,OCO,18.465
São Paulo Grand Prix,68.0,NOR,30.806
São Paulo Grand Prix,68.0,HAM,49.947
São Paulo Grand Prix,68.0,BEA,55.574
São Paulo Grand Prix,68.0,RUS,22.348
São Paulo Grand Prix,68.0,BOT,61.843
São Paulo Grand Prix,68.0,PIA,34.698
São Paulo Grand Prix,69.0,VER,0.0
São Paulo Grand Prix,69.0,GAS,22.53
São Paulo Grand Prix,69.0,PER,51.462
São Paulo Grand Prix,69.0,ALO,77.931
São Paulo Grand Prix,69.0,LEC,30.152
São Paulo Grand Prix,69.0,TSU,42.018
São Paulo Grand Prix,69.0,ZHO,79.59
São Paulo Grand Prix,69.0,LAW,50.405
São Paulo Grand Prix,69.0,OCO,19.407
São Paulo Grand Prix,69.0,NOR,31.303
São Paulo Grand Prix,69.0,HAM,50.666
São Paulo Grand Prix,69.0,BEA,57.091
São Paulo Grand Prix,69.0,RUS,23.215
São Paulo Grand Prix,69.0,BOT,63.524
São Paulo Grand Prix,69.0,PIA,34.908
Las Vegas Grand Prix,1.0,RUS,0.0
Las Vegas Grand Prix,1.0,HAM,5.849
Las Vegas Grand Prix,1.0,SAI,1.545
Las Vegas Grand Prix,1.0,LEC,0.615
Las Vegas Grand Prix,1.0,VER,2.65
Las Vegas Grand Prix,1.0,NOR,3.525
Las Vegas Grand Prix,1.0,PIA,5.166
Las Vegas Grand Prix,1.0,HUL,5.408
Las Vegas Grand Prix,1.0,TSU,4.073
Las Vegas Grand Prix,1.0,PER,10.025
Las Vegas Grand Prix,1.0,ALO,9.556000000000001
Las Vegas Grand Prix,1.0,MAG,9.347
Las Vegas Grand Prix,1.0,ZHO,7.411
Las Vegas Grand Prix,1.0,COL,12.357
Las Vegas Grand Prix,1.0,STR,10.46
Las Vegas Grand Prix,1.0,LAW,9.125
Las Vegas Grand Prix,1.0,OCO,6.734
Las Vegas Grand Prix,1.0,BOT,11.342
Las Vegas Grand Prix,1.0,ALB,9.88
Las Vegas Grand Prix,1.0,GAS,2.063
Las Vegas Grand Prix,2.0,RUS,0.0
Las Vegas Grand Prix,2.0,HAM,6.805
Las Vegas Grand Prix,2.0,SAI,1.9340000000000002
Las Vegas Grand Prix,2.0,LEC,0.871
Las Vegas Grand Prix,2.0,VER,3.434
Las Vegas Grand Prix,2.0,NOR,4.355
Las Vegas Grand Prix,2.0,PIA,6.584
Las Vegas Grand Prix,2.0,HUL,6.091
Las Vegas Grand Prix,2.0,TSU,5.022
Las Vegas Grand Prix,2.0,PER,13.054
Las Vegas Grand Prix,2.0,ALO,11.071
Las Vegas Grand Prix,2.0,MAG,12.65
Las Vegas Grand Prix,2.0,ZHO,8.7
Las Vegas Grand Prix,2.0,COL,15.461
Las Vegas Grand Prix,2.0,STR,14.135
Las Vegas Grand Prix,2.0,LAW,10.495
Las Vegas Grand Prix,2.0,OCO,7.7940000000000005
Las Vegas Grand Prix,2.0,BOT,14.821
Las Vegas Grand Prix,2.0,ALB,13.579
Las Vegas Grand Prix,2.0,GAS,2.942
Las Vegas Grand Prix,3.0,RUS,0.0
Las Vegas Grand Prix,3.0,HAM,7.344
Las Vegas Grand Prix,3.0,SAI,1.651
Las Vegas Grand Prix,3.0,LEC,0.336
Las Vegas Grand Prix,3.0,VER,3.915
Las Vegas Grand Prix,3.0,NOR,4.688
Las Vegas Grand Prix,3.0,PIA,6.864
Las Vegas Grand Prix,3.0,HUL,6.3
Las Vegas Grand Prix,3.0,TSU,5.5649999999999995
Las Vegas Grand Prix,3.0,PER,14.64
Las Vegas Grand Prix,3.0,ALO,12.372
Las Vegas Grand Prix,3.0,MAG,13.955
Las Vegas Grand Prix,3.0,ZHO,9.235
Las Vegas Grand Prix,3.0,COL,17.795
Las Vegas Grand Prix,3.0,STR,15.754
Las Vegas Grand Prix,3.0,LAW,11.36
Las Vegas Grand Prix,3.0,OCO,8.515
Las Vegas Grand Prix,3.0,BOT,16.626
Las Vegas Grand Prix,3.0,ALB,15.25
Las Vegas Grand Prix,3.0,GAS,3.312
Las Vegas Grand Prix,4.0,RUS,0.0
Las Vegas Grand Prix,4.0,HAM,7.753
Las Vegas Grand Prix,4.0,SAI,1.44
Las Vegas Grand Prix,4.0,LEC,0.089
Las Vegas Grand Prix,4.0,VER,3.88
Las Vegas Grand Prix,4.0,NOR,5.034
Las Vegas Grand Prix,4.0,PIA,7.342
Las Vegas Grand Prix,4.0,HUL,6.55
Las Vegas Grand Prix,4.0,TSU,5.888
Las Vegas Grand Prix,4.0,PER,16.174
Las Vegas Grand Prix,4.0,ALO,18.753
Las Vegas Grand Prix,4.0,MAG,15.629
Las Vegas Grand Prix,4.0,ZHO,9.794
Las Vegas Grand Prix,4.0,COL,18.899
Las Vegas Grand Prix,4.0,STR,17.508
Las Vegas Grand Prix,4.0,LAW,12.451
Las Vegas Grand Prix,4.0,OCO,9.134
Las Vegas Grand Prix,4.0,BOT,18.337
Las Vegas Grand Prix,4.0,ALB,16.853
Las Vegas Grand Prix,4.0,GAS,4.199
Las Vegas Grand Prix,5.0,RUS,0.0
Las Vegas Grand Prix,5.0,HAM,8.824
Las Vegas Grand Prix,5.0,SAI,1.698
Las Vegas Grand Prix,5.0,LEC,1.13
Las Vegas Grand Prix,5.0,VER,4.216
Las Vegas Grand Prix,5.0,NOR,6.388
Las Vegas Grand Prix,5.0,PIA,8.216
Las Vegas Grand Prix,5.0,HUL,8.506
Las Vegas Grand Prix,5.0,TSU,7.118
Las Vegas Grand Prix,5.0,PER,17.315
Las Vegas Grand Prix,5.0,ALO,36.227
Las Vegas Grand Prix,5.0,MAG,16.807
Las Vegas Grand Prix,5.0,ZHO,11.056
Las Vegas Grand Prix,5.0,COL,20.6
Las Vegas Grand Prix,5.0,STR,18.819
Las Vegas Grand Prix,5.0,LAW,14.013
Las Vegas Grand Prix,5.0,OCO,10.386
Las Vegas Grand Prix,5.0,BOT,19.699
Las Vegas Grand Prix,5.0,ALB,18.254
Las Vegas Grand Prix,5.0,GAS,5.303
Las Vegas Grand Prix,6.0,RUS,0.0
Las Vegas Grand Prix,6.0,HAM,9.142
Las Vegas Grand Prix,6.0,SAI,2.076
Las Vegas Grand Prix,6.0,LEC,1.452
Las Vegas Grand Prix,6.0,VER,4.547
Las Vegas Grand Prix,6.0,NOR,6.906
Las Vegas Grand Prix,6.0,PIA,8.983
Las Vegas Grand Prix,6.0,HUL,10.791
Las Vegas Grand Prix,6.0,TSU,8.216
Las Vegas Grand Prix,6.0,PER,17.97
Las Vegas Grand Prix,6.0,ALO,37.674
Las Vegas Grand Prix,6.0,MAG,17.4
Las Vegas Grand Prix,6.0,ZHO,12.495
Las Vegas Grand Prix,6.0,COL,21.474
Las Vegas Grand Prix,6.0,STR,19.495
Las Vegas Grand Prix,6.0,LAW,15.393
Las Vegas Grand Prix,6.0,OCO,11.653
Las Vegas Grand Prix,6.0,BOT,21.119
Las Vegas Grand Prix,6.0,ALB,18.727
Las Vegas Grand Prix,6.0,GAS,6.381
Las Vegas Grand Prix,7.0,RUS,0.0
Las Vegas Grand Prix,7.0,HAM,10.879
Las Vegas Grand Prix,7.0,SAI,2.62
Las Vegas Grand Prix,7.0,LEC,2.96
Las Vegas Grand Prix,7.0,VER,4.955
Las Vegas Grand Prix,7.0,NOR,8.124
Las Vegas Grand Prix,7.0,PIA,10.603
Las Vegas Grand Prix,7.0,HUL,11.98
Las Vegas Grand Prix,7.0,TSU,9.225
Las Vegas Grand Prix,7.0,PER,18.84
Las Vegas Grand Prix,7.0,ALO,38.409
Las Vegas Grand Prix,7.0,MAG,19.525
Las Vegas Grand Prix,7.0,ZHO,13.908
Las Vegas Grand Prix,7.0,COL,23.546
Las Vegas Grand Prix,7.0,STR,20.299
Las Vegas Grand Prix,7.0,LAW,16.299
Las Vegas Grand Prix,7.0,OCO,13.053
Las Vegas Grand Prix,7.0,BOT,22.202
Las Vegas Grand Prix,7.0,ALB,19.826
Las Vegas Grand Prix,7.0,GAS,7.551
Las Vegas Grand Prix,8.0,RUS,0.0
Las Vegas Grand Prix,8.0,HAM,11.621
Las Vegas Grand Prix,8.0,SAI,3.851
Las Vegas Grand Prix,8.0,LEC,6.448
Las Vegas Grand Prix,8.0,VER,5.649
Las Vegas Grand Prix,8.0,NOR,10.344
Las Vegas Grand Prix,8.0,PIA,12.600999999999999
Las Vegas Grand Prix,8.0,HUL,14.204
Las Vegas Grand Prix,8.0,TSU,10.845
Las Vegas Grand Prix,8.0,PER,19.369
Las Vegas Grand Prix,8.0,ALO,39.67
Las Vegas Grand Prix,8.0,MAG,20.767
Las Vegas Grand Prix,8.0,ZHO,15.723
Las Vegas Grand Prix,8.0,COL,24.59
Las Vegas Grand Prix,8.0,STR,22.114
Las Vegas Grand Prix,8.0,LAW,18.041
Las Vegas Grand Prix,8.0,OCO,15.198
Las Vegas Grand Prix,8.0,BOT,23.779
Las Vegas Grand Prix,8.0,ALB,21.187
Las Vegas Grand Prix,8.0,GAS,10.456
Las Vegas Grand Prix,9.0,RUS,0.0
Las Vegas Grand Prix,9.0,HAM,13.796
Las Vegas Grand Prix,9.0,SAI,5.612
Las Vegas Grand Prix,9.0,LEC,15.243
Las Vegas Grand Prix,9.0,VER,6.688
Las Vegas Grand Prix,9.0,NOR,16.833
Las Vegas Grand Prix,9.0,PIA,15.836
Las Vegas Grand Prix,9.0,HUL,16.378
Las Vegas Grand Prix,9.0,TSU,14.512
Las Vegas Grand Prix,9.0,PER,20.141
Las Vegas Grand Prix,9.0,ALO,40.044
Las Vegas Grand Prix,9.0,MAG,22.167
Las Vegas Grand Prix,9.0,ZHO,17.791
Las Vegas Grand Prix,9.0,COL,25.413
Las Vegas Grand Prix,9.0,STR,28.645
Las Vegas Grand Prix,9.0,LAW,20.759
Las Vegas Grand Prix,9.0,OCO,17.299
Las Vegas Grand Prix,9.0,BOT,24.594
Las Vegas Grand Prix,9.0,ALB,27.319
Las Vegas Grand Prix,9.0,GAS,13.567
Las Vegas Grand Prix,10.0,RUS,0.0
Las Vegas Grand Prix,10.0,HAM,15.315
Las Vegas Grand Prix,10.0,SAI,13.493
Las Vegas Grand Prix,10.0,LEC,30.861
Las Vegas Grand Prix,10.0,VER,8.071
Las Vegas Grand Prix,10.0,NOR,32.399
Las Vegas Grand Prix,10.0,PIA,22.585
Las Vegas Grand Prix,10.0,HUL,18.631
Las Vegas Grand Prix,10.0,TSU,21.804
Las Vegas Grand Prix,10.0,PER,20.689
Las Vegas Grand Prix,10.0,ALO,40.298
Las Vegas Grand Prix,10.0,MAG,24.854
Las Vegas Grand Prix,10.0,ZHO,20.391
Las Vegas Grand Prix,10.0,COL,26.067
Las Vegas Grand Prix,10.0,STR,59.19
Las Vegas Grand Prix,10.0,LAW,23.045
Las Vegas Grand Prix,10.0,OCO,19.713
Las Vegas Grand Prix,10.0,BOT,25.669
Las Vegas Grand Prix,10.0,ALB,45.411
Las Vegas Grand Prix,10.0,GAS,21.149
Las Vegas Grand Prix,11.0,RUS,0.0
Las Vegas Grand Prix,11.0,HAM,15.633
Las Vegas Grand Prix,11.0,SAI,29.463
Las Vegas Grand Prix,11.0,LEC,30.99
Las Vegas Grand Prix,11.0,VER,13.733
Las Vegas Grand Prix,11.0,NOR,31.505
Las Vegas Grand Prix,11.0,PIA,44.914
Las Vegas Grand Prix,11.0,HUL,20.807
Las Vegas Grand Prix,11.0,TSU,38.97
Las Vegas Grand Prix,11.0,PER,22.706
Las Vegas Grand Prix,11.0,ALO,40.187
Las Vegas Grand Prix,11.0,MAG,27.432
Las Vegas Grand Prix,11.0,ZHO,28.171
Las Vegas Grand Prix,11.0,COL,28.351
Las Vegas Grand Prix,11.0,STR,59.192
Las Vegas Grand Prix,11.0,LAW,31.063
Las Vegas Grand Prix,11.0,OCO,26.856
Las Vegas Grand Prix,11.0,BOT,27.896
Las Vegas Grand Prix,11.0,ALB,45.788
Las Vegas Grand Prix,11.0,GAS,39.174
Las Vegas Grand Prix,12.0,RUS,0.0
Las Vegas Grand Prix,12.0,HAM,11.189
Las Vegas Grand Prix,12.0,SAI,26.735
Las Vegas Grand Prix,12.0,LEC,27.43
Las Vegas Grand Prix,12.0,VER,25.229
Las Vegas Grand Prix,12.0,NOR,27.892
Las Vegas Grand Prix,12.0,PIA,39.529
Las Vegas Grand Prix,12.0,HUL,18.257
Las Vegas Grand Prix,12.0,TSU,33.625
Las Vegas Grand Prix,12.0,PER,18.847
Las Vegas Grand Prix,12.0,ALO,35.28
Las Vegas Grand Prix,12.0,MAG,25.845
Las Vegas Grand Prix,12.0,ZHO,43.716
Las Vegas Grand Prix,12.0,COL,27.265
Las Vegas Grand Prix,12.0,STR,55.646
Las Vegas Grand Prix,12.0,LAW,44.987
Las Vegas Grand Prix,12.0,OCO,38.221
Las Vegas Grand Prix,12.0,BOT,26.219
Las Vegas Grand Prix,12.0,ALB,41.477
Las Vegas Grand Prix,12.0,GAS,34.273
Las Vegas Grand Prix,13.0,RUS,0.375
Las Vegas Grand Prix,13.0,HAM,0.0
Las Vegas Grand Prix,13.0,SAI,11.983
Las Vegas Grand Prix,13.0,LEC,12.999
Las Vegas Grand Prix,13.0,VER,9.157
Las Vegas Grand Prix,13.0,NOR,13.878
Las Vegas Grand Prix,13.0,PIA,23.092
Las Vegas Grand Prix,13.0,HUL,5.049
Las Vegas Grand Prix,13.0,TSU,17.55
Las Vegas Grand Prix,13.0,PER,4.575
Las Vegas Grand Prix,13.0,ALO,19.338
Las Vegas Grand Prix,13.0,MAG,13.661
Las Vegas Grand Prix,13.0,ZHO,29.265
Las Vegas Grand Prix,13.0,COL,15.195
Las Vegas Grand Prix,13.0,STR,41.157
Las Vegas Grand Prix,13.0,LAW,30.845
Las Vegas Grand Prix,13.0,OCO,39.872
Las Vegas Grand Prix,13.0,BOT,14.53
Las Vegas Grand Prix,13.0,ALB,25.698
Las Vegas Grand Prix,13.0,GAS,18.208
Las Vegas Grand Prix,14.0,RUS,0.0
Las Vegas Grand Prix,14.0,HAM,16.257
Las Vegas Grand Prix,14.0,SAI,11.233
Las Vegas Grand Prix,14.0,LEC,13.221
Las Vegas Grand Prix,14.0,VER,8.862
Las Vegas Grand Prix,14.0,NOR,15.005
Las Vegas Grand Prix,14.0,PIA,23.271
Las Vegas Grand Prix,14.0,HUL,12.818999999999999
Las Vegas Grand Prix,14.0,TSU,19.069
Las Vegas Grand Prix,14.0,PER,6.801
Las Vegas Grand Prix,14.0,ALO,20.035
Las Vegas Grand Prix,14.0,MAG,17.429
Las Vegas Grand Prix,14.0,ZHO,29.943
Las Vegas Grand Prix,14.0,COL,18.659
Las Vegas Grand Prix,14.0,STR,41.773
Las Vegas Grand Prix,14.0,LAW,31.393
Las Vegas Grand Prix,14.0,OCO,40.132
Las Vegas Grand Prix,14.0,BOT,18.115
Las Vegas Grand Prix,14.0,ALB,25.795
Las Vegas Grand Prix,14.0,GAS,19.785
Las Vegas Grand Prix,15.0,RUS,0.0
Las Vegas Grand Prix,15.0,HAM,15.698
Las Vegas Grand Prix,15.0,SAI,11.122
Las Vegas Grand Prix,15.0,LEC,13.127
Las Vegas Grand Prix,15.0,VER,9.179
Las Vegas Grand Prix,15.0,NOR,14.91
Las Vegas Grand Prix,15.0,PIA,23.496
Las Vegas Grand Prix,15.0,HUL,30.011
Las Vegas Grand Prix,15.0,TSU,21.483
Las Vegas Grand Prix,15.0,PER,10.035
Las Vegas Grand Prix,15.0,ALO,23.936
Las Vegas Grand Prix,15.0,MAG,21.06
Las Vegas Grand Prix,15.0,ZHO,30.59
Las Vegas Grand Prix,15.0,COL,22.725
Las Vegas Grand Prix,15.0,STR,42.15
Las Vegas Grand Prix,15.0,LAW,32.05
Las Vegas Grand Prix,15.0,OCO,40.446
Las Vegas Grand Prix,15.0,BOT,22.017
Las Vegas Grand Prix,15.0,ALB,26.33
Las Vegas Grand Prix,15.0,GAS,32.676
Las Vegas Grand Prix,16.0,RUS,0.0
Las Vegas Grand Prix,16.0,HAM,14.876
Las Vegas Grand Prix,16.0,SAI,12.077
Las Vegas Grand Prix,16.0,LEC,13.53
Las Vegas Grand Prix,16.0,VER,9.829
Las Vegas Grand Prix,16.0,NOR,15.162
Las Vegas Grand Prix,16.0,PIA,25.274
Las Vegas Grand Prix,16.0,HUL,31.084
Las Vegas Grand Prix,16.0,TSU,24.278
Las Vegas Grand Prix,16.0,PER,13.061
Las Vegas Grand Prix,16.0,ALO,27.618
Las Vegas Grand Prix,16.0,MAG,24.997
Las Vegas Grand Prix,16.0,ZHO,31.889
Las Vegas Grand Prix,16.0,COL,31.013
Las Vegas Grand Prix,16.0,STR,43.276
Las Vegas Grand Prix,16.0,LAW,33.076
Las Vegas Grand Prix,16.0,OCO,41.488
Las Vegas Grand Prix,16.0,BOT,27.462
Las Vegas Grand Prix,16.0,ALB,27.923000000000002
Las Vegas Grand Prix,17.0,RUS,0.0
Las Vegas Grand Prix,17.0,HAM,16.361
Las Vegas Grand Prix,17.0,SAI,12.175
Las Vegas Grand Prix,17.0,LEC,15.148
Las Vegas Grand Prix,17.0,VER,10.015
Las Vegas Grand Prix,17.0,NOR,17.221
Las Vegas Grand Prix,17.0,PIA,26.685
Las Vegas Grand Prix,17.0,HUL,31.755
Las Vegas Grand Prix,17.0,TSU,24.958
Las Vegas Grand Prix,17.0,PER,23.519
Las Vegas Grand Prix,17.0,ALO,30.115
Las Vegas Grand Prix,17.0,MAG,34.434
Las Vegas Grand Prix,17.0,ZHO,33.164
Las Vegas Grand Prix,17.0,COL,48.799
Las Vegas Grand Prix,17.0,STR,44.005
Las Vegas Grand Prix,17.0,LAW,34.456
Las Vegas Grand Prix,17.0,OCO,42.49
Las Vegas Grand Prix,17.0,BOT,37.521
Las Vegas Grand Prix,17.0,ALB,30.564
Las Vegas Grand Prix,18.0,RUS,0.0
Las Vegas Grand Prix,18.0,HAM,16.065
Las Vegas Grand Prix,18.0,SAI,12.287
Las Vegas Grand Prix,18.0,LEC,15.435
Las Vegas Grand Prix,18.0,VER,10.007
Las Vegas Grand Prix,18.0,NOR,17.409
Las Vegas Grand Prix,18.0,PIA,26.848
Las Vegas Grand Prix,18.0,HUL,32.272
Las Vegas Grand Prix,18.0,TSU,25.57
Las Vegas Grand Prix,18.0,PER,41.995
Las Vegas Grand Prix,18.0,ALO,31.583
Las Vegas Grand Prix,18.0,MAG,54.217
Las Vegas Grand Prix,18.0,ZHO,34.102
Las Vegas Grand Prix,18.0,COL,50.052
Las Vegas Grand Prix,18.0,STR,44.729
Las Vegas Grand Prix,18.0,LAW,35.908
Las Vegas Grand Prix,18.0,OCO,43.292
Las Vegas Grand Prix,18.0,BOT,55.043
Las Vegas Grand Prix,18.0,ALB,31.125
Las Vegas Grand Prix,19.0,RUS,0.0
Las Vegas Grand Prix,19.0,HAM,16.202
Las Vegas Grand Prix,19.0,SAI,12.047
Las Vegas Grand Prix,19.0,LEC,15.41
Las Vegas Grand Prix,19.0,VER,9.682
Las Vegas Grand Prix,19.0,NOR,17.638
Las Vegas Grand Prix,19.0,PIA,27.284
Las Vegas Grand Prix,19.0,HUL,32.641
Las Vegas Grand Prix,19.0,TSU,26.057
Las Vegas Grand Prix,19.0,PER,42.945
Las Vegas Grand Prix,19.0,ALO,33.341
Las Vegas Grand Prix,19.0,MAG,56.132
Las Vegas Grand Prix,19.0,ZHO,35.08
Las Vegas Grand Prix,19.0,COL,50.854
Las Vegas Grand Prix,19.0,STR,45.288
Las Vegas Grand Prix,19.0,LAW,37.131
Las Vegas Grand Prix,19.0,OCO,43.918
Las Vegas Grand Prix,19.0,BOT,56.737
Las Vegas Grand Prix,19.0,ALB,31.782
Las Vegas Grand Prix,20.0,RUS,0.0
Las Vegas Grand Prix,20.0,HAM,15.744
Las Vegas Grand Prix,20.0,SAI,12.088
Las Vegas Grand Prix,20.0,LEC,14.972
Las Vegas Grand Prix,20.0,VER,9.795
Las Vegas Grand Prix,20.0,NOR,18.071
Las Vegas Grand Prix,20.0,PIA,27.852
Las Vegas Grand Prix,20.0,HUL,32.542
Las Vegas Grand Prix,20.0,TSU,26.582
Las Vegas Grand Prix,20.0,PER,43.462
Las Vegas Grand Prix,20.0,ALO,34.22
Las Vegas Grand Prix,20.0,MAG,57.632
Las Vegas Grand Prix,20.0,ZHO,36.122
Las Vegas Grand Prix,20.0,COL,51.437
Las Vegas Grand Prix,20.0,STR,45.979
Las Vegas Grand Prix,20.0,LAW,38.783
Las Vegas Grand Prix,20.0,OCO,44.68
Las Vegas Grand Prix,20.0,BOT,58.353
Las Vegas Grand Prix,20.0,ALB,32.095
Las Vegas Grand Prix,21.0,RUS,0.0
Las Vegas Grand Prix,21.0,HAM,15.74
Las Vegas Grand Prix,21.0,SAI,12.275
Las Vegas Grand Prix,21.0,LEC,15.061
Las Vegas Grand Prix,21.0,VER,10.026
Las Vegas Grand Prix,21.0,NOR,18.852
Las Vegas Grand Prix,21.0,PIA,28.951
Las Vegas Grand Prix,21.0,HUL,33.163
Las Vegas Grand Prix,21.0,TSU,27.61
Las Vegas Grand Prix,21.0,PER,44.212
Las Vegas Grand Prix,21.0,ALO,35.85
Las Vegas Grand Prix,21.0,MAG,59.776
Las Vegas Grand Prix,21.0,ZHO,37.609
Las Vegas Grand Prix,21.0,COL,52.056
Las Vegas Grand Prix,21.0,STR,47.072
Las Vegas Grand Prix,21.0,LAW,40.721
Las Vegas Grand Prix,21.0,OCO,45.627
Las Vegas Grand Prix,21.0,BOT,60.336
Las Vegas Grand Prix,21.0,ALB,32.744
Las Vegas Grand Prix,22.0,RUS,0.0
Las Vegas Grand Prix,22.0,HAM,15.27
Las Vegas Grand Prix,22.0,SAI,12.233
Las Vegas Grand Prix,22.0,LEC,14.635
Las Vegas Grand Prix,22.0,VER,10.149
Las Vegas Grand Prix,22.0,NOR,19.74
Las Vegas Grand Prix,22.0,PIA,30.445
Las Vegas Grand Prix,22.0,HUL,33.555
Las Vegas Grand Prix,22.0,TSU,28.885
Las Vegas Grand Prix,22.0,PER,44.768
Las Vegas Grand Prix,22.0,ALO,37.809
Las Vegas Grand Prix,22.0,MAG,61.25
Las Vegas Grand Prix,22.0,ZHO,38.899
Las Vegas Grand Prix,22.0,COL,52.675
Las Vegas Grand Prix,22.0,STR,48.061
Las Vegas Grand Prix,22.0,LAW,42.859
Las Vegas Grand Prix,22.0,OCO,46.744
Las Vegas Grand Prix,22.0,BOT,61.957
Las Vegas Grand Prix,22.0,ALB,34.335
Las Vegas Grand Prix,23.0,RUS,0.0
Las Vegas Grand Prix,23.0,HAM,14.661
Las Vegas Grand Prix,23.0,SAI,11.98
Las Vegas Grand Prix,23.0,LEC,14.082
Las Vegas Grand Prix,23.0,VER,9.943
Las Vegas Grand Prix,23.0,NOR,20.293
Las Vegas Grand Prix,23.0,PIA,31.564
Las Vegas Grand Prix,23.0,HUL,34.089
Las Vegas Grand Prix,23.0,TSU,30.08
Las Vegas Grand Prix,23.0,PER,45.045
Las Vegas Grand Prix,23.0,ALO,41.144
Las Vegas Grand Prix,23.0,MAG,62.702
Las Vegas Grand Prix,23.0,ZHO,40.86
Las Vegas Grand Prix,23.0,COL,53.04
Las Vegas Grand Prix,23.0,STR,48.945
Las Vegas Grand Prix,23.0,LAW,44.169
Las Vegas Grand Prix,23.0,OCO,47.449
Las Vegas Grand Prix,23.0,BOT,63.42
Las Vegas Grand Prix,23.0,ALB,36.318
Las Vegas Grand Prix,24.0,RUS,0.0
Las Vegas Grand Prix,24.0,HAM,14.408
Las Vegas Grand Prix,24.0,SAI,12.323
Las Vegas Grand Prix,24.0,LEC,13.762
Las Vegas Grand Prix,24.0,VER,10.062
Las Vegas Grand Prix,24.0,NOR,21.151
Las Vegas Grand Prix,24.0,PIA,33.156
Las Vegas Grand Prix,24.0,HUL,34.679
Las Vegas Grand Prix,24.0,TSU,32.542
Las Vegas Grand Prix,24.0,PER,45.795
Las Vegas Grand Prix,24.0,ALO,48.553
Las Vegas Grand Prix,24.0,MAG,63.822
Las Vegas Grand Prix,24.0,ZHO,42.666
Las Vegas Grand Prix,24.0,COL,53.411
Las Vegas Grand Prix,24.0,STR,49.9
Las Vegas Grand Prix,24.0,LAW,46.251
Las Vegas Grand Prix,24.0,OCO,48.08
Las Vegas Grand Prix,24.0,BOT,64.475
Las Vegas Grand Prix,24.0,ALB,38.916
Las Vegas Grand Prix,25.0,RUS,0.0
Las Vegas Grand Prix,25.0,HAM,14.897
Las Vegas Grand Prix,25.0,SAI,12.543
Las Vegas Grand Prix,25.0,LEC,13.329
Las Vegas Grand Prix,25.0,VER,10.376
Las Vegas Grand Prix,25.0,NOR,21.956
Las Vegas Grand Prix,25.0,PIA,39.361
Las Vegas Grand Prix,25.0,HUL,35.66
Las Vegas Grand Prix,25.0,TSU,33.803
Las Vegas Grand Prix,25.0,PER,46.171
Las Vegas Grand Prix,25.0,ALO,64.903
Las Vegas Grand Prix,25.0,MAG,65.185
Las Vegas Grand Prix,25.0,ZHO,44.742
Las Vegas Grand Prix,25.0,COL,53.553
Las Vegas Grand Prix,25.0,STR,51.664
Las Vegas Grand Prix,25.0,LAW,48.203
Las Vegas Grand Prix,25.0,OCO,49.181
Las Vegas Grand Prix,25.0,BOT,66.448
Las Vegas Grand Prix,25.0,ALB,50.297
Las Vegas Grand Prix,26.0,RUS,0.0
Las Vegas Grand Prix,26.0,HAM,14.485
Las Vegas Grand Prix,26.0,SAI,13.397
Las Vegas Grand Prix,26.0,LEC,13.795
Las Vegas Grand Prix,26.0,VER,11.271
Las Vegas Grand Prix,26.0,NOR,23.308
Las Vegas Grand Prix,26.0,PIA,56.04
Las Vegas Grand Prix,26.0,HUL,36.732
Las Vegas Grand Prix,26.0,TSU,35.268
Las Vegas Grand Prix,26.0,PER,46.635
Las Vegas Grand Prix,26.0,ALO,65.36
Las Vegas Grand Prix,26.0,MAG,66.013
Las Vegas Grand Prix,26.0,ZHO,47.373
Las Vegas Grand Prix,26.0,COL,58.81
Las Vegas Grand Prix,26.0,STR,53.581
Las Vegas Grand Prix,26.0,LAW,49.473
Las Vegas Grand Prix,26.0,OCO,49.985
Las Vegas Grand Prix,26.0,BOT,67.674
Las Vegas Grand Prix,27.0,RUS,0.0
Las Vegas Grand Prix,27.0,HAM,20.706
Las Vegas Grand Prix,27.0,SAI,17.399
Las Vegas Grand Prix,27.0,LEC,14.884
Las Vegas Grand Prix,27.0,VER,16.77
Las Vegas Grand Prix,27.0,NOR,24.494
Las Vegas Grand Prix,27.0,PIA,56.337
Las Vegas Grand Prix,27.0,HUL,37.829
Las Vegas Grand Prix,27.0,TSU,36.486
Las Vegas Grand Prix,27.0,PER,47.386
Las Vegas Grand Prix,27.0,ALO,66.173
Las Vegas Grand Prix,27.0,MAG,67.816
Las Vegas Grand Prix,27.0,ZHO,49.407
Las Vegas Grand Prix,27.0,COL,73.503
Las Vegas Grand Prix,27.0,STR,55.75
Las Vegas Grand Prix,27.0,LAW,51.844
Las Vegas Grand Prix,27.0,OCO,51.965
Las Vegas Grand Prix,27.0,BOT,68.741
Las Vegas Grand Prix,28.0,RUS,0.0
Las Vegas Grand Prix,28.0,HAM,35.712
Las Vegas Grand Prix,28.0,SAI,23.158
Las Vegas Grand Prix,28.0,LEC,15.058
Las Vegas Grand Prix,28.0,VER,33.62
Las Vegas Grand Prix,28.0,NOR,25.49
Las Vegas Grand Prix,28.0,PIA,56.549
Las Vegas Grand Prix,28.0,HUL,38.919
Las Vegas Grand Prix,28.0,TSU,37.803
Las Vegas Grand Prix,28.0,PER,47.487
Las Vegas Grand Prix,28.0,ALO,66.932
Las Vegas Grand Prix,28.0,MAG,68.547
Las Vegas Grand Prix,28.0,ZHO,51.155
Las Vegas Grand Prix,28.0,COL,73.566
Las Vegas Grand Prix,28.0,STR,64.379
Las Vegas Grand Prix,28.0,LAW,54.585
Las Vegas Grand Prix,28.0,OCO,53.704
Las Vegas Grand Prix,28.0,BOT,69.439
Las Vegas Grand Prix,29.0,RUS,0.0
Las Vegas Grand Prix,29.0,HAM,35.107
Las Vegas Grand Prix,29.0,SAI,38.69
Las Vegas Grand Prix,29.0,LEC,15.452
Las Vegas Grand Prix,29.0,VER,33.45
Las Vegas Grand Prix,29.0,NOR,26.984
Las Vegas Grand Prix,29.0,PIA,56.575
Las Vegas Grand Prix,29.0,HUL,40.832
Las Vegas Grand Prix,29.0,TSU,44.829
Las Vegas Grand Prix,29.0,PER,47.814
Las Vegas Grand Prix,29.0,ALO,67.41
Las Vegas Grand Prix,29.0,MAG,69.421
Las Vegas Grand Prix,29.0,ZHO,52.912
Las Vegas Grand Prix,29.0,COL,74.343
Las Vegas Grand Prix,29.0,STR,81.973
Las Vegas Grand Prix,29.0,LAW,55.89
Las Vegas Grand Prix,29.0,OCO,55.048
Las Vegas Grand Prix,29.0,BOT,70.639
Las Vegas Grand Prix,30.0,RUS,0.0
Las Vegas Grand Prix,30.0,HAM,34.311
Las Vegas Grand Prix,30.0,SAI,38.499
Las Vegas Grand Prix,30.0,LEC,16.366
Las Vegas Grand Prix,30.0,VER,33.455
Las Vegas Grand Prix,30.0,NOR,34.086
Las Vegas Grand Prix,30.0,PIA,57.141
Las Vegas Grand Prix,30.0,HUL,42.105
Las Vegas Grand Prix,30.0,TSU,62.641
Las Vegas Grand Prix,30.0,PER,48.587
Las Vegas Grand Prix,30.0,ALO,67.684
Las Vegas Grand Prix,30.0,MAG,70.138
Las Vegas Grand Prix,30.0,ZHO,55.031
Las Vegas Grand Prix,30.0,COL,75.018
Las Vegas Grand Prix,30.0,STR,83.177
Las Vegas Grand Prix,30.0,LAW,57.589
Las Vegas Grand Prix,30.0,OCO,56.533
Las Vegas Grand Prix,30.0,BOT,72.547
Las Vegas Grand Prix,31.0,RUS,0.0
Las Vegas Grand Prix,31.0,HAM,32.922
Las Vegas Grand Prix,31.0,SAI,37.671
Las Vegas Grand Prix,31.0,LEC,21.533
Las Vegas Grand Prix,31.0,VER,33.65
Las Vegas Grand Prix,31.0,NOR,49.546
Las Vegas Grand Prix,31.0,PIA,57.696
Las Vegas Grand Prix,31.0,HUL,42.904
Las Vegas Grand Prix,31.0,TSU,63.56
Las Vegas Grand Prix,31.0,PER,50.682
Las Vegas Grand Prix,31.0,ALO,67.936
Las Vegas Grand Prix,31.0,MAG,70.41
Las Vegas Grand Prix,31.0,ZHO,56.904
Las Vegas Grand Prix,31.0,COL,75.584
Las Vegas Grand Prix,31.0,STR,83.728
Las Vegas Grand Prix,31.0,LAW,59.641
Las Vegas Grand Prix,31.0,OCO,58.999
Las Vegas Grand Prix,31.0,BOT,74.831
Las Vegas Grand Prix,32.0,RUS,0.0
Las Vegas Grand Prix,32.0,HAM,27.653
Las Vegas Grand Prix,32.0,SAI,32.839
Las Vegas Grand Prix,32.0,LEC,34.318
Las Vegas Grand Prix,32.0,VER,29.135
Las Vegas Grand Prix,32.0,NOR,44.966
Las Vegas Grand Prix,32.0,PIA,53.962
Las Vegas Grand Prix,32.0,HUL,39.416
Las Vegas Grand Prix,32.0,TSU,59.505
Las Vegas Grand Prix,32.0,PER,52.105
Las Vegas Grand Prix,32.0,ALO,63.238
Las Vegas Grand Prix,32.0,MAG,66.129
Las Vegas Grand Prix,32.0,ZHO,54.691
Las Vegas Grand Prix,32.0,COL,72.256
Las Vegas Grand Prix,32.0,STR,79.392
Las Vegas Grand Prix,32.0,LAW,56.546
Las Vegas Grand Prix,32.0,OCO,55.952
Las Vegas Grand Prix,32.0,BOT,73.191
Las Vegas Grand Prix,33.0,RUS,0.0
Las Vegas Grand Prix,33.0,HAM,11.243
Las Vegas Grand Prix,33.0,SAI,16.66
Las Vegas Grand Prix,33.0,LEC,18.632
Las Vegas Grand Prix,33.0,VER,13.011
Las Vegas Grand Prix,33.0,NOR,29.149
Las Vegas Grand Prix,33.0,PIA,38.948
Las Vegas Grand Prix,33.0,HUL,29.17
Las Vegas Grand Prix,33.0,TSU,43.846
Las Vegas Grand Prix,33.0,PER,52.975
Las Vegas Grand Prix,33.0,ALO,47.169
Las Vegas Grand Prix,33.0,MAG,50.157
Las Vegas Grand Prix,33.0,ZHO,40.436
Las Vegas Grand Prix,33.0,COL,56.443
Las Vegas Grand Prix,33.0,STR,63.607
Las Vegas Grand Prix,33.0,LAW,42.426
Las Vegas Grand Prix,33.0,OCO,41.685
Las Vegas Grand Prix,33.0,BOT,59.683
Las Vegas Grand Prix,34.0,RUS,0.0
Las Vegas Grand Prix,34.0,HAM,10.307
Las Vegas Grand Prix,34.0,SAI,16.185
Las Vegas Grand Prix,34.0,LEC,18.092
Las Vegas Grand Prix,34.0,VER,12.874
Las Vegas Grand Prix,34.0,NOR,29.115
Las Vegas Grand Prix,34.0,PIA,39.168
Las Vegas Grand Prix,34.0,HUL,46.685
Las Vegas Grand Prix,34.0,TSU,44.313
Las Vegas Grand Prix,34.0,PER,52.616
Las Vegas Grand Prix,34.0,ALO,47.48
Las Vegas Grand Prix,34.0,MAG,50.216
Las Vegas Grand Prix,34.0,ZHO,46.959
Las Vegas Grand Prix,34.0,COL,56.241
Las Vegas Grand Prix,34.0,STR,63.814
Las Vegas Grand Prix,34.0,LAW,45.33
Las Vegas Grand Prix,34.0,OCO,43.302
Las Vegas Grand Prix,34.0,BOT,62.89
Las Vegas Grand Prix,35.0,RUS,0.0
Las Vegas Grand Prix,35.0,HAM,9.458
Las Vegas Grand Prix,35.0,SAI,15.58
Las Vegas Grand Prix,35.0,LEC,17.327
Las Vegas Grand Prix,35.0,VER,12.871
Las Vegas Grand Prix,35.0,NOR,29.224
Las Vegas Grand Prix,35.0,PIA,39.353
Las Vegas Grand Prix,35.0,HUL,47.484
Las Vegas Grand Prix,35.0,TSU,45.24
Las Vegas Grand Prix,35.0,PER,52.482
Las Vegas Grand Prix,35.0,ALO,48.117
Las Vegas Grand Prix,35.0,MAG,50.341
Las Vegas Grand Prix,35.0,ZHO,65.295
Las Vegas Grand Prix,35.0,COL,55.976
Las Vegas Grand Prix,35.0,STR,66.002
Las Vegas Grand Prix,35.0,LAW,47.129
Las Vegas Grand Prix,35.0,OCO,45.696
Las Vegas Grand Prix,35.0,BOT,73.239
Las Vegas Grand Prix,36.0,RUS,0.0
Las Vegas Grand Prix,36.0,HAM,8.725
Las Vegas Grand Prix,36.0,SAI,15.078
Las Vegas Grand Prix,36.0,LEC,16.591
Las Vegas Grand Prix,36.0,VER,12.850999999999999
Las Vegas Grand Prix,36.0,NOR,29.048
Las Vegas Grand Prix,36.0,PIA,39.533
Las Vegas Grand Prix,36.0,HUL,48.193
Las Vegas Grand Prix,36.0,TSU,46.733
Las Vegas Grand Prix,36.0,PER,52.444
Las Vegas Grand Prix,36.0,ALO,49.949
Las Vegas Grand Prix,36.0,MAG,51.363
Las Vegas Grand Prix,36.0,ZHO,66.224
Las Vegas Grand Prix,36.0,COL,56.329
Las Vegas Grand Prix,36.0,STR,67.587
Las Vegas Grand Prix,36.0,LAW,50.639
Las Vegas Grand Prix,36.0,OCO,49.009
Las Vegas Grand Prix,36.0,BOT,93.287
Las Vegas Grand Prix,37.0,RUS,0.0
Las Vegas Grand Prix,37.0,HAM,8.058
Las Vegas Grand Prix,37.0,SAI,14.743
Las Vegas Grand Prix,37.0,LEC,15.924
Las Vegas Grand Prix,37.0,VER,12.727
Las Vegas Grand Prix,37.0,NOR,28.677
Las Vegas Grand Prix,37.0,PIA,39.429
Las Vegas Grand Prix,37.0,HUL,48.875
Las Vegas Grand Prix,37.0,TSU,47.489
Las Vegas Grand Prix,37.0,PER,54.207
Las Vegas Grand Prix,37.0,ALO,50.925
Las Vegas Grand Prix,37.0,MAG,55.066
Las Vegas Grand Prix,37.0,ZHO,66.933
Las Vegas Grand Prix,37.0,COL,56.352
Las Vegas Grand Prix,37.0,STR,68.445
Las Vegas Grand Prix,37.0,LAW,54.515
Las Vegas Grand Prix,37.0,OCO,51.673
Las Vegas Grand Prix,37.0,BOT,93.949
Las Vegas Grand Prix,38.0,RUS,0.0
Las Vegas Grand Prix,38.0,HAM,7.799
Las Vegas Grand Prix,38.0,SAI,14.461
Las Vegas Grand Prix,38.0,LEC,15.596
Las Vegas Grand Prix,38.0,VER,13.299
Las Vegas Grand Prix,38.0,NOR,28.717
Las Vegas Grand Prix,38.0,PIA,40.629
Las Vegas Grand Prix,38.0,HUL,49.996
Las Vegas Grand Prix,38.0,TSU,49.228
Las Vegas Grand Prix,38.0,PER,55.342
Las Vegas Grand Prix,38.0,ALO,52.083
Las Vegas Grand Prix,38.0,MAG,58.099
Las Vegas Grand Prix,38.0,ZHO,68.041
Las Vegas Grand Prix,38.0,COL,58.495
Las Vegas Grand Prix,38.0,STR,69.993
Las Vegas Grand Prix,38.0,LAW,63.37
Las Vegas Grand Prix,38.0,OCO,54.871
Las Vegas Grand Prix,38.0,BOT,94.634
Las Vegas Grand Prix,39.0,RUS,0.0
Las Vegas Grand Prix,39.0,HAM,7.404
Las Vegas Grand Prix,39.0,SAI,14.382
Las Vegas Grand Prix,39.0,LEC,15.423
Las Vegas Grand Prix,39.0,VER,13.368
Las Vegas Grand Prix,39.0,NOR,28.679
Las Vegas Grand Prix,39.0,PIA,41.498
Las Vegas Grand Prix,39.0,HUL,50.949
Las Vegas Grand Prix,39.0,TSU,50.755
Las Vegas Grand Prix,39.0,PER,57.68
Las Vegas Grand Prix,39.0,ALO,52.361
Las Vegas Grand Prix,39.0,MAG,59.681
Las Vegas Grand Prix,39.0,ZHO,68.955
Las Vegas Grand Prix,39.0,COL,60.194
Las Vegas Grand Prix,39.0,STR,71.745
Las Vegas Grand Prix,39.0,LAW,81.582
Las Vegas Grand Prix,39.0,OCO,58.172
Las Vegas Grand Prix,39.0,BOT,95.249
Las Vegas Grand Prix,40.0,RUS,0.0
Las Vegas Grand Prix,40.0,HAM,6.974
Las Vegas Grand Prix,40.0,SAI,14.067
Las Vegas Grand Prix,40.0,LEC,14.739
Las Vegas Grand Prix,40.0,VER,13.505
Las Vegas Grand Prix,40.0,NOR,28.164
Las Vegas Grand Prix,40.0,PIA,42.726
Las Vegas Grand Prix,40.0,HUL,52.278
Las Vegas Grand Prix,40.0,TSU,52.021
Las Vegas Grand Prix,40.0,PER,58.858
Las Vegas Grand Prix,40.0,ALO,53.177
Las Vegas Grand Prix,40.0,MAG,61.154
Las Vegas Grand Prix,40.0,ZHO,69.51
Las Vegas Grand Prix,40.0,COL,62.405
Las Vegas Grand Prix,40.0,STR,72.86
Las Vegas Grand Prix,40.0,LAW,83.39
Las Vegas Grand Prix,40.0,OCO,61.637
Las Vegas Grand Prix,40.0,BOT,98.499
Las Vegas Grand Prix,41.0,RUS,0.0
Las Vegas Grand Prix,41.0,HAM,5.895
Las Vegas Grand Prix,41.0,SAI,14.015
Las Vegas Grand Prix,41.0,LEC,14.649000000000001
Las Vegas Grand Prix,41.0,VER,14.468
Las Vegas Grand Prix,41.0,NOR,27.588
Las Vegas Grand Prix,41.0,PIA,43.355
Las Vegas Grand Prix,41.0,HUL,53.945
Las Vegas Grand Prix,41.0,TSU,53.685
Las Vegas Grand Prix,41.0,PER,58.878
Las Vegas Grand Prix,41.0,ALO,54.299
Las Vegas Grand Prix,41.0,MAG,62.54
Las Vegas Grand Prix,41.0,ZHO,69.954
Las Vegas Grand Prix,41.0,COL,64.32
Las Vegas Grand Prix,41.0,STR,73.771
Las Vegas Grand Prix,41.0,LAW,84.294
Las Vegas Grand Prix,41.0,OCO,64.997
Las Vegas Grand Prix,41.0,BOT,100.24
Las Vegas Grand Prix,42.0,RUS,0.0
Las Vegas Grand Prix,42.0,HAM,5.435
Las Vegas Grand Prix,42.0,SAI,13.894
Las Vegas Grand Prix,42.0,LEC,15.178
Las Vegas Grand Prix,42.0,VER,14.613
Las Vegas Grand Prix,42.0,NOR,26.845
Las Vegas Grand Prix,42.0,PIA,44.306
Las Vegas Grand Prix,42.0,HUL,55.6
Las Vegas Grand Prix,42.0,TSU,55.062
Las Vegas Grand Prix,42.0,PER,58.86
Las Vegas Grand Prix,42.0,ALO,56.033
Las Vegas Grand Prix,42.0,MAG,63.751
Las Vegas Grand Prix,42.0,ZHO,70.793
Las Vegas Grand Prix,42.0,COL,65.163
Las Vegas Grand Prix,42.0,STR,74.797
Las Vegas Grand Prix,42.0,LAW,85.268
Las Vegas Grand Prix,42.0,OCO,67.452
Las Vegas Grand Prix,42.0,BOT,102.237
Las Vegas Grand Prix,43.0,RUS,0.0
Las Vegas Grand Prix,43.0,HAM,5.3469999999999995
Las Vegas Grand Prix,43.0,SAI,14.245
Las Vegas Grand Prix,43.0,LEC,15.282
Las Vegas Grand Prix,43.0,VER,14.91
Las Vegas Grand Prix,43.0,NOR,26.77
Las Vegas Grand Prix,43.0,PIA,45.452
Las Vegas Grand Prix,43.0,HUL,57.205
Las Vegas Grand Prix,43.0,TSU,56.589
Las Vegas Grand Prix,43.0,PER,59.4
Las Vegas Grand Prix,43.0,ALO,57.857
Las Vegas Grand Prix,43.0,MAG,65.681
Las Vegas Grand Prix,43.0,ZHO,71.608
Las Vegas Grand Prix,43.0,COL,66.141
Las Vegas Grand Prix,43.0,STR,76.025
Las Vegas Grand Prix,43.0,LAW,86.512
Las Vegas Grand Prix,43.0,OCO,70.284
Las Vegas Grand Prix,43.0,BOT,103.348
Las Vegas Grand Prix,44.0,RUS,0.0
Las Vegas Grand Prix,44.0,HAM,5.063
Las Vegas Grand Prix,44.0,SAI,14.174
Las Vegas Grand Prix,44.0,LEC,15.879
Las Vegas Grand Prix,44.0,VER,15.243
Las Vegas Grand Prix,44.0,NOR,26.351
Las Vegas Grand Prix,44.0,PIA,46.104
Las Vegas Grand Prix,44.0,HUL,58.152
Las Vegas Grand Prix,44.0,TSU,58.619
Las Vegas Grand Prix,44.0,PER,60.491
Las Vegas Grand Prix,44.0,ALO,59.665
Las Vegas Grand Prix,44.0,MAG,67.519
Las Vegas Grand Prix,44.0,ZHO,72.744
Las Vegas Grand Prix,44.0,COL,67.969
Las Vegas Grand Prix,44.0,STR,78.999
Las Vegas Grand Prix,44.0,LAW,87.668
Las Vegas Grand Prix,44.0,OCO,73.266
Las Vegas Grand Prix,44.0,BOT,104.023
Las Vegas Grand Prix,45.0,RUS,0.0
Las Vegas Grand Prix,45.0,HAM,4.994
Las Vegas Grand Prix,45.0,SAI,14.457
Las Vegas Grand Prix,45.0,LEC,15.853
Las Vegas Grand Prix,45.0,VER,15.58
Las Vegas Grand Prix,45.0,NOR,26.657
Las Vegas Grand Prix,45.0,PIA,47.136
Las Vegas Grand Prix,45.0,HUL,58.775
Las Vegas Grand Prix,45.0,TSU,59.943
Las Vegas Grand Prix,45.0,PER,61.83
Las Vegas Grand Prix,45.0,ALO,62.135
Las Vegas Grand Prix,45.0,MAG,68.933
Las Vegas Grand Prix,45.0,ZHO,73.229
Las Vegas Grand Prix,45.0,COL,69.968
Las Vegas Grand Prix,45.0,STR,80.583
Las Vegas Grand Prix,45.0,LAW,88.591
Las Vegas Grand Prix,45.0,OCO,80.663
Las Vegas Grand Prix,45.0,BOT,104.728
Las Vegas Grand Prix,46.0,RUS,0.0
Las Vegas Grand Prix,46.0,HAM,5.154
Las Vegas Grand Prix,46.0,SAI,14.879
Las Vegas Grand Prix,46.0,LEC,16.469
Las Vegas Grand Prix,46.0,VER,16.792
Las Vegas Grand Prix,46.0,NOR,26.946
Las Vegas Grand Prix,46.0,PIA,48.466
Las Vegas Grand Prix,46.0,HUL,60.044
Las Vegas Grand Prix,46.0,TSU,61.549
Las Vegas Grand Prix,46.0,PER,63.063
Las Vegas Grand Prix,46.0,ALO,64.931
Las Vegas Grand Prix,46.0,MAG,70.444
Las Vegas Grand Prix,46.0,ZHO,73.836
Las Vegas Grand Prix,46.0,COL,72.258
Las Vegas Grand Prix,46.0,STR,82.179
Las Vegas Grand Prix,46.0,LAW,89.98
Las Vegas Grand Prix,46.0,OCO,99.431
Las Vegas Grand Prix,46.0,BOT,105.612
Las Vegas Grand Prix,47.0,RUS,0.0
Las Vegas Grand Prix,47.0,HAM,5.88
Las Vegas Grand Prix,47.0,SAI,14.399000000000001
Las Vegas Grand Prix,47.0,LEC,16.163
Las Vegas Grand Prix,47.0,VER,17.168
Las Vegas Grand Prix,47.0,NOR,27.031
Las Vegas Grand Prix,47.0,PIA,49.228
Las Vegas Grand Prix,47.0,HUL,60.678
Las Vegas Grand Prix,47.0,TSU,62.217
Las Vegas Grand Prix,47.0,PER,63.176
Las Vegas Grand Prix,47.0,ALO,66.707
Las Vegas Grand Prix,47.0,MAG,70.859
Las Vegas Grand Prix,47.0,ZHO,73.836
Las Vegas Grand Prix,47.0,COL,72.916
Las Vegas Grand Prix,47.0,STR,83.058
Las Vegas Grand Prix,47.0,LAW,90.908
Las Vegas Grand Prix,47.0,OCO,99.582
Las Vegas Grand Prix,47.0,BOT,105.98
Las Vegas Grand Prix,48.0,RUS,0.0
Las Vegas Grand Prix,48.0,HAM,6.674
Las Vegas Grand Prix,48.0,SAI,13.751
Las Vegas Grand Prix,48.0,LEC,15.565
Las Vegas Grand Prix,48.0,VER,17.427
Las Vegas Grand Prix,48.0,NOR,31.268
Las Vegas Grand Prix,48.0,PIA,50.412
Las Vegas Grand Prix,48.0,HUL,60.6
Las Vegas Grand Prix,48.0,TSU,62.511
Las Vegas Grand Prix,48.0,PER,63.229
Las Vegas Grand Prix,48.0,ALO,68.382
Las Vegas Grand Prix,48.0,MAG,71.012
Las Vegas Grand Prix,48.0,ZHO,73.782
Las Vegas Grand Prix,48.0,COL,73.273
Las Vegas Grand Prix,48.0,STR,83.783
Las Vegas Grand Prix,48.0,LAW,91.278
Las Vegas Grand Prix,48.0,OCO,99.568
Las Vegas Grand Prix,48.0,BOT,107.618
Las Vegas Grand Prix,49.0,RUS,0.0
Las Vegas Grand Prix,49.0,HAM,7.063
Las Vegas Grand Prix,49.0,SAI,13.014
Las Vegas Grand Prix,49.0,LEC,14.932
Las Vegas Grand Prix,49.0,VER,17.239
Las Vegas Grand Prix,49.0,NOR,46.376
Las Vegas Grand Prix,49.0,PIA,50.96
Las Vegas Grand Prix,49.0,HUL,60.1
Las Vegas Grand Prix,49.0,TSU,62.611
Las Vegas Grand Prix,49.0,PER,62.964
Las Vegas Grand Prix,49.0,ALO,69.082
Las Vegas Grand Prix,49.0,MAG,70.365
Las Vegas Grand Prix,49.0,ZHO,73.553
Las Vegas Grand Prix,49.0,COL,73.308
Las Vegas Grand Prix,49.0,STR,84.03
Las Vegas Grand Prix,49.0,LAW,91.353
Las Vegas Grand Prix,49.0,OCO,99.927
Las Vegas Grand Prix,49.0,BOT,109.152
Las Vegas Grand Prix,50.0,RUS,0.0
Las Vegas Grand Prix,50.0,HAM,7.313
Las Vegas Grand Prix,50.0,SAI,11.906
Las Vegas Grand Prix,50.0,LEC,14.283
Las Vegas Grand Prix,50.0,VER,16.582
Las Vegas Grand Prix,50.0,NOR,43.385
Las Vegas Grand Prix,50.0,PIA,51.365
Las Vegas Grand Prix,50.0,HUL,59.808
Las Vegas Grand Prix,50.0,TSU,62.808
Las Vegas Grand Prix,50.0,PER,63.114
Las Vegas Grand Prix,50.0,ALO,69.195
Las Vegas Grand Prix,50.0,MAG,69.803
Las Vegas Grand Prix,50.0,ZHO,74.085
Las Vegas Grand Prix,50.0,COL,75.172
Las Vegas Grand Prix,50.0,STR,84.102
Las Vegas Grand Prix,50.0,LAW,91.005
Qatar Grand Prix,1.0,VER,0.0
Qatar Grand Prix,1.0,GAS,19.568
Qatar Grand Prix,1.0,PER,8.86
Qatar Grand Prix,1.0,ALO,11.828
Qatar Grand Prix,1.0,LEC,6.095
Qatar Grand Prix,1.0,STR,25.449
Qatar Grand Prix,1.0,MAG,18.576
Qatar Grand Prix,1.0,TSU,16.406
Qatar Grand Prix,1.0,ALB,24.04
Qatar Grand Prix,1.0,ZHO,22.7
Qatar Grand Prix,1.0,HUL,53.927
Qatar Grand Prix,1.0,LAW,21.987
Qatar Grand Prix,1.0,OCO,0.0
Qatar Grand Prix,1.0,NOR,2.291
Qatar Grand Prix,1.0,COL,0.0
Qatar Grand Prix,1.0,HAM,12.935
Qatar Grand Prix,1.0,SAI,8.05
Qatar Grand Prix,1.0,RUS,4.287
Qatar Grand Prix,1.0,BOT,20.738
Qatar Grand Prix,1.0,PIA,7.169
Qatar Grand Prix,2.0,VER,0.0
Qatar Grand Prix,2.0,GAS,22.118
Qatar Grand Prix,2.0,PER,11.311
Qatar Grand Prix,2.0,ALO,13.054
Qatar Grand Prix,2.0,LEC,6.913
Qatar Grand Prix,2.0,STR,31.291
Qatar Grand Prix,2.0,MAG,20.662
Qatar Grand Prix,2.0,TSU,18.5
Qatar Grand Prix,2.0,ALB,29.079
Qatar Grand Prix,2.0,ZHO,27.304
Qatar Grand Prix,2.0,HUL,39.742
Qatar Grand Prix,2.0,LAW,26.027
Qatar Grand Prix,2.0,NOR,2.314
Qatar Grand Prix,2.0,HAM,15.708
Qatar Grand Prix,2.0,SAI,10.1
Qatar Grand Prix,2.0,RUS,4.405
Qatar Grand Prix,2.0,BOT,23.893
Qatar Grand Prix,2.0,PIA,8.825
Qatar Grand Prix,3.0,VER,0.0
Qatar Grand Prix,3.0,GAS,24.237
Qatar Grand Prix,3.0,PER,12.188
Qatar Grand Prix,3.0,ALO,13.879
Qatar Grand Prix,3.0,LEC,7.011
Qatar Grand Prix,3.0,STR,30.821
Qatar Grand Prix,3.0,MAG,21.969
Qatar Grand Prix,3.0,TSU,19.607
Qatar Grand Prix,3.0,ALB,29.159
Qatar Grand Prix,3.0,ZHO,28.245
Qatar Grand Prix,3.0,HUL,33.991
Qatar Grand Prix,3.0,LAW,27.033
Qatar Grand Prix,3.0,NOR,2.5460000000000003
Qatar Grand Prix,3.0,HAM,17.248
Qatar Grand Prix,3.0,SAI,10.704
Qatar Grand Prix,3.0,RUS,4.741
Qatar Grand Prix,3.0,BOT,25.321
Qatar Grand Prix,3.0,PIA,9.142
Qatar Grand Prix,4.0,VER,0.0
Qatar Grand Prix,4.0,GAS,4.233
Qatar Grand Prix,4.0,PER,2.669
Qatar Grand Prix,4.0,ALO,3.128
Qatar Grand Prix,4.0,LEC,1.4769999999999999
Qatar Grand Prix,4.0,STR,6.829
Qatar Grand Prix,4.0,MAG,3.8
Qatar Grand Prix,4.0,TSU,3.484
Qatar Grand Prix,4.0,ALB,5.894
Qatar Grand Prix,4.0,ZHO,5.448
Qatar Grand Prix,4.0,HUL,6.979
Qatar Grand Prix,4.0,LAW,4.791
Qatar Grand Prix,4.0,NOR,0.445
Qatar Grand Prix,4.0,HAM,3.173
Qatar Grand Prix,4.0,SAI,2.099
Qatar Grand Prix,4.0,RUS,0.84
Qatar Grand Prix,4.0,BOT,4.676
Qatar Grand Prix,4.0,PIA,1.6760000000000002
Qatar Grand Prix,5.0,VER,0.0
Qatar Grand Prix,5.0,GAS,8.934
Qatar Grand Prix,5.0,PER,5.495
Qatar Grand Prix,5.0,ALO,8.79
Qatar Grand Prix,5.0,LEC,3.955
Qatar Grand Prix,5.0,STR,13.628
Qatar Grand Prix,5.0,MAG,7.966
Qatar Grand Prix,5.0,TSU,6.8
Qatar Grand Prix,5.0,ALB,10.316
Qatar Grand Prix,5.0,ZHO,9.241
Qatar Grand Prix,5.0,HUL,11.812
Qatar Grand Prix,5.0,LAW,15.417
Qatar Grand Prix,5.0,NOR,0.896
Qatar Grand Prix,5.0,HAM,5.922
Qatar Grand Prix,5.0,SAI,4.73
Qatar Grand Prix,5.0,RUS,2.064
Qatar Grand Prix,5.0,BOT,9.975999999999999
Qatar Grand Prix,5.0,PIA,2.555
Qatar Grand Prix,6.0,VER,0.0
Qatar Grand Prix,6.0,GAS,10.85
Qatar Grand Prix,6.0,PER,6.82
Qatar Grand Prix,6.0,ALO,11.332
Qatar Grand Prix,6.0,LEC,5.009
Qatar Grand Prix,6.0,STR,18.061
Qatar Grand Prix,6.0,MAG,9.997
Qatar Grand Prix,6.0,TSU,8.977
Qatar Grand Prix,6.0,ALB,13.735
Qatar Grand Prix,6.0,ZHO,11.997
Qatar Grand Prix,6.0,HUL,15.992
Qatar Grand Prix,6.0,LAW,18.463
Qatar Grand Prix,6.0,NOR,1.077
Qatar Grand Prix,6.0,HAM,7.504
Qatar Grand Prix,6.0,SAI,5.862
Qatar Grand Prix,6.0,RUS,2.359
Qatar Grand Prix,6.0,BOT,12.874
Qatar Grand Prix,6.0,PIA,3.073
Qatar Grand Prix,7.0,VER,0.0
Qatar Grand Prix,7.0,GAS,12.212
Qatar Grand Prix,7.0,PER,7.724
Qatar Grand Prix,7.0,ALO,13.013
Qatar Grand Prix,7.0,LEC,5.52
Qatar Grand Prix,7.0,STR,28.015
Qatar Grand Prix,7.0,MAG,11.696
Qatar Grand Prix,7.0,TSU,10.818
Qatar Grand Prix,7.0,ALB,15.887
Qatar Grand Prix,7.0,ZHO,13.677
Qatar Grand Prix,7.0,HUL,18.268
Qatar Grand Prix,7.0,LAW,20.252
Qatar Grand Prix,7.0,NOR,1.201
Qatar Grand Prix,7.0,HAM,9.0
Qatar Grand Prix,7.0,SAI,6.675
Qatar Grand Prix,7.0,RUS,2.544
Qatar Grand Prix,7.0,BOT,14.748
Qatar Grand Prix,7.0,PIA,3.548
Qatar Grand Prix,8.0,VER,0.0
Qatar Grand Prix,8.0,GAS,13.813
Qatar Grand Prix,8.0,PER,8.847
Qatar Grand Prix,8.0,ALO,14.761
Qatar Grand Prix,8.0,LEC,6.43
Qatar Grand Prix,8.0,STR,82.597
Qatar Grand Prix,8.0,MAG,13.123
Qatar Grand Prix,8.0,TSU,12.275
Qatar Grand Prix,8.0,ALB,18.106
Qatar Grand Prix,8.0,ZHO,15.766
Qatar Grand Prix,8.0,HUL,20.406
Qatar Grand Prix,8.0,LAW,22.131
Qatar Grand Prix,8.0,NOR,1.589
Qatar Grand Prix,8.0,HAM,9.763
Qatar Grand Prix,8.0,SAI,7.537
Qatar Grand Prix,8.0,RUS,2.697
Qatar Grand Prix,8.0,BOT,16.969
Qatar Grand Prix,8.0,PIA,3.59
Qatar Grand Prix,9.0,VER,0.0
Qatar Grand Prix,9.0,GAS,15.193
Qatar Grand Prix,9.0,PER,9.771
Qatar Grand Prix,9.0,ALO,16.205
Qatar Grand Prix,9.0,LEC,7.144
Qatar Grand Prix,9.0,MAG,14.318
Qatar Grand Prix,9.0,TSU,13.736
Qatar Grand Prix,9.0,ALB,19.944
Qatar Grand Prix,9.0,ZHO,17.644
Qatar Grand Prix,9.0,HUL,22.018
Qatar Grand Prix,9.0,LAW,23.591
Qatar Grand Prix,9.0,NOR,1.733
Qatar Grand Prix,9.0,HAM,10.546
Qatar Grand Prix,9.0,SAI,8.131
Qatar Grand Prix,9.0,RUS,2.995
Qatar Grand Prix,9.0,BOT,18.624
Qatar Grand Prix,9.0,PIA,3.854
Qatar Grand Prix,10.0,VER,0.0
Qatar Grand Prix,10.0,GAS,17.492
Qatar Grand Prix,10.0,PER,10.682
Qatar Grand Prix,10.0,ALO,18.388
Qatar Grand Prix,10.0,LEC,7.606
Qatar Grand Prix,10.0,MAG,15.946
Qatar Grand Prix,10.0,TSU,16.969
Qatar Grand Prix,10.0,ALB,21.752
Qatar Grand Prix,10.0,ZHO,19.314
Qatar Grand Prix,10.0,HUL,24.331
Qatar Grand Prix,10.0,LAW,25.826999999999998
Qatar Grand Prix,10.0,NOR,1.732
Qatar Grand Prix,10.0,HAM,11.727
Qatar Grand Prix,10.0,SAI,8.624
Qatar Grand Prix,10.0,RUS,3.296
Qatar Grand Prix,10.0,BOT,20.368
Qatar Grand Prix,10.0,PIA,4.05
Qatar Grand Prix,11.0,VER,0.0
Qatar Grand Prix,11.0,GAS,19.865
Qatar Grand Prix,11.0,PER,11.662
Qatar Grand Prix,11.0,ALO,20.833
Qatar Grand Prix,11.0,LEC,8.179
Qatar Grand Prix,11.0,MAG,18.637
Qatar Grand Prix,11.0,TSU,19.335
Qatar Grand Prix,11.0,ALB,25.196
Qatar Grand Prix,11.0,ZHO,21.67
Qatar Grand Prix,11.0,HUL,26.554
Qatar Grand Prix,11.0,LAW,28.056
Qatar Grand Prix,11.0,NOR,1.909
Qatar Grand Prix,11.0,HAM,12.735
Qatar Grand Prix,11.0,SAI,9.194
Qatar Grand Prix,11.0,RUS,3.702
Qatar Grand Prix,11.0,BOT,22.701
Qatar Grand Prix,11.0,PIA,4.624
Qatar Grand Prix,12.0,VER,0.0
Qatar Grand Prix,12.0,GAS,21.789
Qatar Grand Prix,12.0,PER,12.488
Qatar Grand Prix,12.0,ALO,22.836
Qatar Grand Prix,12.0,LEC,8.303
Qatar Grand Prix,12.0,MAG,20.247
Qatar Grand Prix,12.0,TSU,21.342
Qatar Grand Prix,12.0,ALB,26.592
Qatar Grand Prix,12.0,ZHO,23.74
Qatar Grand Prix,12.0,HUL,28.88
Qatar Grand Prix,12.0,LAW,30.263
Qatar Grand Prix,12.0,NOR,1.819
Qatar Grand Prix,12.0,HAM,13.364
Qatar Grand Prix,12.0,SAI,9.514
Qatar Grand Prix,12.0,RUS,3.7880000000000003
Qatar Grand Prix,12.0,BOT,24.64
Qatar Grand Prix,12.0,PIA,5.009
Qatar Grand Prix,13.0,VER,0.0
Qatar Grand Prix,13.0,GAS,22.932
Qatar Grand Prix,13.0,PER,13.276
Qatar Grand Prix,13.0,ALO,24.714
Qatar Grand Prix,13.0,LEC,8.732
Qatar Grand Prix,13.0,MAG,21.725
Qatar Grand Prix,13.0,TSU,24.199
Qatar Grand Prix,13.0,ALB,28.52
Qatar Grand Prix,13.0,ZHO,25.556
Qatar Grand Prix,13.0,HUL,30.945
Qatar Grand Prix,13.0,LAW,32.695
Qatar Grand Prix,13.0,NOR,1.77
Qatar Grand Prix,13.0,HAM,14.035
Qatar Grand Prix,13.0,SAI,9.797
Qatar Grand Prix,13.0,RUS,4.127
Qatar Grand Prix,13.0,BOT,26.55
Qatar Grand Prix,13.0,PIA,5.201
Qatar Grand Prix,14.0,VER,0.0
Qatar Grand Prix,14.0,GAS,24.131
Qatar Grand Prix,14.0,PER,13.947
Qatar Grand Prix,14.0,ALO,25.704
Qatar Grand Prix,14.0,LEC,8.58
Qatar Grand Prix,14.0,MAG,22.902
Qatar Grand Prix,14.0,TSU,27.219
Qatar Grand Prix,14.0,ALB,30.233
Qatar Grand Prix,14.0,ZHO,27.653
Qatar Grand Prix,14.0,HUL,32.575
Qatar Grand Prix,14.0,LAW,34.586
Qatar Grand Prix,14.0,NOR,1.8820000000000001
Qatar Grand Prix,14.0,HAM,14.781
Qatar Grand Prix,14.0,SAI,10.175
Qatar Grand Prix,14.0,RUS,4.555
Qatar Grand Prix,14.0,BOT,28.528
Qatar Grand Prix,14.0,PIA,5.445
Qatar Grand Prix,15.0,VER,0.0
Qatar Grand Prix,15.0,GAS,25.17
Qatar Grand Prix,15.0,PER,14.658
Qatar Grand Prix,15.0,ALO,26.706
Qatar Grand Prix,15.0,LEC,8.687
Qatar Grand Prix,15.0,MAG,24.115
Qatar Grand Prix,15.0,TSU,30.169
Qatar Grand Prix,15.0,ALB,32.328
Qatar Grand Prix,15.0,ZHO,28.979
Qatar Grand Prix,15.0,HUL,34.109
Qatar Grand Prix,15.0,LAW,36.58
Qatar Grand Prix,15.0,NOR,1.7189999999999999
Qatar Grand Prix,15.0,HAM,15.883
Qatar Grand Prix,15.0,SAI,10.589
Qatar Grand Prix,15.0,RUS,4.8149999999999995
Qatar Grand Prix,15.0,BOT,30.859
Qatar Grand Prix,15.0,PIA,5.55
Qatar Grand Prix,16.0,VER,0.0
Qatar Grand Prix,16.0,GAS,26.265
Qatar Grand Prix,16.0,PER,15.412
Qatar Grand Prix,16.0,ALO,27.968
Qatar Grand Prix,16.0,LEC,9.012
Qatar Grand Prix,16.0,MAG,25.307
Qatar Grand Prix,16.0,TSU,32.199
Qatar Grand Prix,16.0,ALB,34.323
Qatar Grand Prix,16.0,ZHO,30.539
Qatar Grand Prix,16.0,HUL,35.401
Qatar Grand Prix,16.0,LAW,38.489
Qatar Grand Prix,16.0,NOR,1.6219999999999999
Qatar Grand Prix,16.0,HAM,16.863
Qatar Grand Prix,16.0,SAI,10.871
Qatar Grand Prix,16.0,RUS,5.232
Qatar Grand Prix,16.0,BOT,33.214
Qatar Grand Prix,16.0,PIA,6.419
Qatar Grand Prix,17.0,VER,0.0
Qatar Grand Prix,17.0,GAS,27.319
Qatar Grand Prix,17.0,PER,15.881
Qatar Grand Prix,17.0,ALO,29.195
Qatar Grand Prix,17.0,LEC,9.387
Qatar Grand Prix,17.0,MAG,26.497
Qatar Grand Prix,17.0,TSU,34.172
Qatar Grand Prix,17.0,ALB,36.419
Qatar Grand Prix,17.0,ZHO,32.326
Qatar Grand Prix,17.0,HUL,37.422
Qatar Grand Prix,17.0,LAW,40.44
Qatar Grand Prix,17.0,NOR,1.552
Qatar Grand Prix,17.0,HAM,17.679
Qatar Grand Prix,17.0,SAI,11.284
Qatar Grand Prix,17.0,RUS,5.521
Qatar Grand Prix,17.0,BOT,35.093
Qatar Grand Prix,17.0,PIA,6.99
Qatar Grand Prix,18.0,VER,0.0
Qatar Grand Prix,18.0,GAS,28.934
Qatar Grand Prix,18.0,PER,17.257
Qatar Grand Prix,18.0,ALO,30.86
Qatar Grand Prix,18.0,LEC,9.804
Qatar Grand Prix,18.0,MAG,28.181
Qatar Grand Prix,18.0,TSU,36.667
Qatar Grand Prix,18.0,ALB,38.661
Qatar Grand Prix,18.0,ZHO,34.267
Qatar Grand Prix,18.0,HUL,40.151
Qatar Grand Prix,18.0,LAW,42.723
Qatar Grand Prix,18.0,NOR,1.726
Qatar Grand Prix,18.0,HAM,19.07
Qatar Grand Prix,18.0,SAI,11.773
Qatar Grand Prix,18.0,RUS,6.002
Qatar Grand Prix,18.0,BOT,37.503
Qatar Grand Prix,18.0,PIA,7.614
Qatar Grand Prix,19.0,VER,0.0
Qatar Grand Prix,19.0,GAS,30.321
Qatar Grand Prix,19.0,PER,18.1
Qatar Grand Prix,19.0,ALO,32.18
Qatar Grand Prix,19.0,LEC,10.142
Qatar Grand Prix,19.0,MAG,29.479
Qatar Grand Prix,19.0,TSU,38.895
Qatar Grand Prix,19.0,ALB,40.78
Qatar Grand Prix,19.0,ZHO,35.846
Qatar Grand Prix,19.0,HUL,42.069
Qatar Grand Prix,19.0,LAW,44.702
Qatar Grand Prix,19.0,NOR,1.693
Qatar Grand Prix,19.0,HAM,20.084
Qatar Grand Prix,19.0,SAI,12.316
Qatar Grand Prix,19.0,RUS,6.239
Qatar Grand Prix,19.0,BOT,39.354
Qatar Grand Prix,19.0,PIA,7.799
Qatar Grand Prix,20.0,VER,0.0
Qatar Grand Prix,20.0,GAS,31.794
Qatar Grand Prix,20.0,PER,19.253
Qatar Grand Prix,20.0,ALO,34.139
Qatar Grand Prix,20.0,LEC,10.713
Qatar Grand Prix,20.0,MAG,31.163
Qatar Grand Prix,20.0,TSU,42.246
Qatar Grand Prix,20.0,ALB,43.231
Qatar Grand Prix,20.0,ZHO,37.559
Qatar Grand Prix,20.0,HUL,44.41
Qatar Grand Prix,20.0,LAW,46.917
Qatar Grand Prix,20.0,NOR,1.814
Qatar Grand Prix,20.0,HAM,21.571
Qatar Grand Prix,20.0,SAI,12.979
Qatar Grand Prix,20.0,RUS,7.103
Qatar Grand Prix,20.0,BOT,40.753
Qatar Grand Prix,20.0,PIA,8.42
Qatar Grand Prix,21.0,VER,0.0
Qatar Grand Prix,21.0,GAS,33.77
Qatar Grand Prix,21.0,PER,19.997
Qatar Grand Prix,21.0,ALO,35.539
Qatar Grand Prix,21.0,LEC,11.066
Qatar Grand Prix,21.0,MAG,32.653
Qatar Grand Prix,21.0,TSU,44.577
Qatar Grand Prix,21.0,ALB,45.681
Qatar Grand Prix,21.0,ZHO,39.183
Qatar Grand Prix,21.0,HUL,46.767
Qatar Grand Prix,21.0,LAW,49.09
Qatar Grand Prix,21.0,NOR,1.841
Qatar Grand Prix,21.0,HAM,22.627
Qatar Grand Prix,21.0,SAI,13.378
Qatar Grand Prix,21.0,RUS,7.854
Qatar Grand Prix,21.0,BOT,42.741
Qatar Grand Prix,21.0,PIA,8.816
Qatar Grand Prix,22.0,VER,0.0
Qatar Grand Prix,22.0,GAS,35.315
Qatar Grand Prix,22.0,PER,21.062
Qatar Grand Prix,22.0,ALO,37.112
Qatar Grand Prix,22.0,LEC,11.194
Qatar Grand Prix,22.0,MAG,34.122
Qatar Grand Prix,22.0,TSU,46.831
Qatar Grand Prix,22.0,ALB,47.906
Qatar Grand Prix,22.0,ZHO,40.703
Qatar Grand Prix,22.0,HUL,49.073
Qatar Grand Prix,22.0,LAW,51.289
Qatar Grand Prix,22.0,NOR,1.798
Qatar Grand Prix,22.0,HAM,23.908
Qatar Grand Prix,22.0,SAI,13.823
Qatar Grand Prix,22.0,RUS,8.522
Qatar Grand Prix,22.0,BOT,44.676
Qatar Grand Prix,22.0,PIA,9.126
Qatar Grand Prix,23.0,VER,0.0
Qatar Grand Prix,23.0,GAS,36.757
Qatar Grand Prix,23.0,PER,22.056
Qatar Grand Prix,23.0,ALO,38.524
Qatar Grand Prix,23.0,LEC,11.527
Qatar Grand Prix,23.0,MAG,35.503
Qatar Grand Prix,23.0,TSU,49.114
Qatar Grand Prix,23.0,ALB,50.001
Qatar Grand Prix,23.0,ZHO,41.973
Qatar Grand Prix,23.0,HUL,51.517
Qatar Grand Prix,23.0,LAW,53.319
Qatar Grand Prix,23.0,NOR,1.919
Qatar Grand Prix,23.0,HAM,24.67
Qatar Grand Prix,23.0,SAI,14.34
Qatar Grand Prix,23.0,RUS,13.257
Qatar Grand Prix,23.0,BOT,46.119
Qatar Grand Prix,23.0,PIA,9.904
Qatar Grand Prix,24.0,VER,0.0
Qatar Grand Prix,24.0,GAS,38.167
Qatar Grand Prix,24.0,PER,22.873
Qatar Grand Prix,24.0,ALO,40.076
Qatar Grand Prix,24.0,LEC,11.835
Qatar Grand Prix,24.0,MAG,36.982
Qatar Grand Prix,24.0,TSU,51.325
Qatar Grand Prix,24.0,ALB,52.144
Qatar Grand Prix,24.0,ZHO,43.545
Qatar Grand Prix,24.0,HUL,53.713
Qatar Grand Prix,24.0,LAW,55.513
Qatar Grand Prix,24.0,NOR,1.764
Qatar Grand Prix,24.0,HAM,25.579
Qatar Grand Prix,24.0,SAI,14.794
Qatar Grand Prix,24.0,RUS,41.726
Qatar Grand Prix,24.0,BOT,51.836
Qatar Grand Prix,24.0,PIA,9.829
Qatar Grand Prix,25.0,VER,0.0
Qatar Grand Prix,25.0,GAS,39.639
Qatar Grand Prix,25.0,PER,23.669
Qatar Grand Prix,25.0,ALO,41.619
Qatar Grand Prix,25.0,LEC,11.934
Qatar Grand Prix,25.0,MAG,38.386
Qatar Grand Prix,25.0,TSU,53.598
Qatar Grand Prix,25.0,ALB,54.44
Qatar Grand Prix,25.0,ZHO,45.034
Qatar Grand Prix,25.0,HUL,55.658
Qatar Grand Prix,25.0,LAW,57.856
Qatar Grand Prix,25.0,NOR,1.783
Qatar Grand Prix,25.0,HAM,26.255
Qatar Grand Prix,25.0,SAI,15.423
Qatar Grand Prix,25.0,RUS,42.538
Qatar Grand Prix,25.0,BOT,78.628
Qatar Grand Prix,25.0,PIA,10.024
Qatar Grand Prix,26.0,VER,0.0
Qatar Grand Prix,26.0,GAS,40.984
Qatar Grand Prix,26.0,PER,24.352
Qatar Grand Prix,26.0,ALO,43.144
Qatar Grand Prix,26.0,LEC,12.258
Qatar Grand Prix,26.0,MAG,39.759
Qatar Grand Prix,26.0,TSU,55.548
Qatar Grand Prix,26.0,ALB,56.439
Qatar Grand Prix,26.0,ZHO,46.187
Qatar Grand Prix,26.0,HUL,57.451
Qatar Grand Prix,26.0,LAW,59.996
Qatar Grand Prix,26.0,NOR,1.545
Qatar Grand Prix,26.0,HAM,26.806
Qatar Grand Prix,26.0,SAI,15.778
Qatar Grand Prix,26.0,RUS,43.736
Qatar Grand Prix,26.0,BOT,80.932
Qatar Grand Prix,26.0,PIA,10.147
Qatar Grand Prix,27.0,VER,0.0
Qatar Grand Prix,27.0,GAS,42.233
Qatar Grand Prix,27.0,PER,25.208
Qatar Grand Prix,27.0,ALO,44.509
Qatar Grand Prix,27.0,LEC,12.287
Qatar Grand Prix,27.0,MAG,45.089
Qatar Grand Prix,27.0,TSU,57.333
Qatar Grand Prix,27.0,ALB,58.382
Qatar Grand Prix,27.0,ZHO,47.379
Qatar Grand Prix,27.0,HUL,59.468
Qatar Grand Prix,27.0,LAW,61.836
Qatar Grand Prix,27.0,NOR,1.686
Qatar Grand Prix,27.0,HAM,27.313
Qatar Grand Prix,27.0,SAI,15.917
Qatar Grand Prix,27.0,RUS,45.171
Qatar Grand Prix,27.0,BOT,82.902
Qatar Grand Prix,27.0,PIA,10.154
Qatar Grand Prix,28.0,VER,0.0
Qatar Grand Prix,28.0,GAS,43.047
Qatar Grand Prix,28.0,PER,26.044
Qatar Grand Prix,28.0,ALO,45.731
Qatar Grand Prix,28.0,LEC,12.477
Qatar Grand Prix,28.0,MAG,69.223
Qatar Grand Prix,28.0,TSU,59.074
Qatar Grand Prix,28.0,ALB,60.216
Qatar Grand Prix,28.0,ZHO,48.576
Qatar Grand Prix,28.0,HUL,60.984
Qatar Grand Prix,28.0,LAW,63.65
Qatar Grand Prix,28.0,NOR,1.718
Qatar Grand Prix,28.0,HAM,29.192
Qatar Grand Prix,28.0,SAI,16.342
Qatar Grand Prix,28.0,RUS,46.319
Qatar Grand Prix,28.0,BOT,87.589
Qatar Grand Prix,28.0,PIA,10.145
Qatar Grand Prix,29.0,VER,0.0
Qatar Grand Prix,29.0,GAS,43.774
Qatar Grand Prix,29.0,PER,26.69
Qatar Grand Prix,29.0,ALO,46.827
Qatar Grand Prix,29.0,LEC,12.269
Qatar Grand Prix,29.0,MAG,70.044
Qatar Grand Prix,29.0,TSU,60.718
Qatar Grand Prix,29.0,ALB,61.75
Qatar Grand Prix,29.0,ZHO,49.694
Qatar Grand Prix,29.0,HUL,62.457
Qatar Grand Prix,29.0,LAW,65.235
Qatar Grand Prix,29.0,NOR,1.772
Qatar Grand Prix,29.0,HAM,29.581
Qatar Grand Prix,29.0,SAI,16.463
Qatar Grand Prix,29.0,RUS,47.374
Qatar Grand Prix,29.0,BOT,89.658
Qatar Grand Prix,29.0,PIA,10.045
Qatar Grand Prix,30.0,VER,0.0
Qatar Grand Prix,30.0,GAS,43.991
Qatar Grand Prix,30.0,PER,26.972
Qatar Grand Prix,30.0,ALO,47.593
Qatar Grand Prix,30.0,LEC,12.31
Qatar Grand Prix,30.0,MAG,70.519
Qatar Grand Prix,30.0,TSU,62.503
Qatar Grand Prix,30.0,ALB,63.331
Qatar Grand Prix,30.0,ZHO,50.416
Qatar Grand Prix,30.0,HUL,63.925
Qatar Grand Prix,30.0,LAW,66.75
Qatar Grand Prix,30.0,NOR,1.201
Qatar Grand Prix,30.0,HAM,29.85
Qatar Grand Prix,30.0,SAI,16.571
Qatar Grand Prix,30.0,RUS,48.392
Qatar Grand Prix,30.0,BOT,90.992
Qatar Grand Prix,30.0,PIA,10.047
Qatar Grand Prix,31.0,VER,0.0
Qatar Grand Prix,31.0,GAS,44.913
Qatar Grand Prix,31.0,PER,27.847
Qatar Grand Prix,31.0,ALO,48.904
Qatar Grand Prix,31.0,LEC,12.607
Qatar Grand Prix,31.0,MAG,71.413
Qatar Grand Prix,31.0,TSU,64.459
Qatar Grand Prix,31.0,ALB,65.308
Qatar Grand Prix,31.0,ZHO,51.902
Qatar Grand Prix,31.0,HUL,70.279
Qatar Grand Prix,31.0,LAW,68.579
Qatar Grand Prix,31.0,NOR,1.5819999999999999
Qatar Grand Prix,31.0,HAM,30.709
Qatar Grand Prix,31.0,SAI,16.96
Qatar Grand Prix,31.0,RUS,49.79
Qatar Grand Prix,31.0,BOT,92.867
Qatar Grand Prix,31.0,PIA,10.517
Qatar Grand Prix,32.0,VER,0.0
Qatar Grand Prix,32.0,GAS,45.817
Qatar Grand Prix,32.0,PER,28.81
Qatar Grand Prix,32.0,ALO,50.126
Qatar Grand Prix,32.0,LEC,12.859
Qatar Grand Prix,32.0,MAG,72.863
Qatar Grand Prix,32.0,TSU,66.488
Qatar Grand Prix,32.0,ALB,67.453
Qatar Grand Prix,32.0,ZHO,53.324
Qatar Grand Prix,32.0,HUL,92.693
Qatar Grand Prix,32.0,LAW,70.416
Qatar Grand Prix,32.0,NOR,1.8050000000000002
Qatar Grand Prix,32.0,HAM,31.535
Qatar Grand Prix,32.0,SAI,17.418
Qatar Grand Prix,32.0,RUS,50.946
Qatar Grand Prix,32.0,BOT,97.087
Qatar Grand Prix,32.0,PIA,10.984
Qatar Grand Prix,33.0,VER,0.0
Qatar Grand Prix,33.0,GAS,46.589
Qatar Grand Prix,33.0,PER,29.842
Qatar Grand Prix,33.0,ALO,51.573
Qatar Grand Prix,33.0,LEC,13.409
Qatar Grand Prix,33.0,MAG,74.093
Qatar Grand Prix,33.0,TSU,68.657
Qatar Grand Prix,33.0,ALB,69.406
Qatar Grand Prix,33.0,ZHO,54.633
Qatar Grand Prix,33.0,HUL,94.11
Qatar Grand Prix,33.0,LAW,72.285
Qatar Grand Prix,33.0,NOR,2.415
Qatar Grand Prix,33.0,HAM,32.898
Qatar Grand Prix,33.0,SAI,18.172
Qatar Grand Prix,33.0,RUS,52.094
Qatar Grand Prix,33.0,BOT,101.198
Qatar Grand Prix,33.0,PIA,11.918
Qatar Grand Prix,34.0,VER,0.0
Qatar Grand Prix,34.0,GAS,47.743
Qatar Grand Prix,34.0,PER,31.874
Qatar Grand Prix,34.0,ALO,54.623
Qatar Grand Prix,34.0,LEC,13.695
Qatar Grand Prix,34.0,MAG,75.762
Qatar Grand Prix,34.0,TSU,70.519
Qatar Grand Prix,34.0,ALB,72.646
Qatar Grand Prix,34.0,ZHO,56.102
Qatar Grand Prix,34.0,HUL,104.331
Qatar Grand Prix,34.0,LAW,74.011
Qatar Grand Prix,34.0,NOR,2.509
Qatar Grand Prix,34.0,HAM,85.211
Qatar Grand Prix,34.0,SAI,41.4
Qatar Grand Prix,34.0,RUS,53.598
Qatar Grand Prix,34.0,BOT,114.245
Qatar Grand Prix,34.0,PIA,16.79
Qatar Grand Prix,35.0,VER,0.0
Qatar Grand Prix,35.0,GAS,66.933
Qatar Grand Prix,35.0,PER,46.203
Qatar Grand Prix,35.0,ALO,77.413
Qatar Grand Prix,35.0,LEC,19.903
Qatar Grand Prix,35.0,MAG,104.106
Qatar Grand Prix,35.0,TSU,100.074
Qatar Grand Prix,35.0,ALB,102.256
Qatar Grand Prix,35.0,ZHO,79.687
Qatar Grand Prix,35.0,HUL,130.813
Qatar Grand Prix,35.0,LAW,104.909
Qatar Grand Prix,35.0,NOR,3.856
Qatar Grand Prix,35.0,HAM,170.674
Qatar Grand Prix,35.0,SAI,97.457
Qatar Grand Prix,35.0,RUS,76.043
Qatar Grand Prix,35.0,BOT,172.117
Qatar Grand Prix,35.0,PIA,52.107
Qatar Grand Prix,36.0,VER,0.0
Qatar Grand Prix,36.0,GAS,39.826
Qatar Grand Prix,36.0,PER,20.578
Qatar Grand Prix,36.0,ALO,54.508
Qatar Grand Prix,36.0,LEC,8.382
Qatar Grand Prix,36.0,MAG,60.365
Qatar Grand Prix,36.0,TSU,74.049
Qatar Grand Prix,36.0,ALB,75.728
Qatar Grand Prix,36.0,ZHO,56.81
Qatar Grand Prix,36.0,HUL,77.681
Qatar Grand Prix,36.0,LAW,95.073
Qatar Grand Prix,36.0,NOR,5.028
Qatar Grand Prix,36.0,HAM,171.341
Qatar Grand Prix,36.0,SAI,51.499
Qatar Grand Prix,36.0,RUS,48.964
Qatar Grand Prix,36.0,BOT,173.881
Qatar Grand Prix,36.0,PIA,10.98
Qatar Grand Prix,37.0,VER,0.0
Qatar Grand Prix,37.0,GAS,12.555
Qatar Grand Prix,37.0,PER,10.32
Qatar Grand Prix,37.0,ALO,21.475
Qatar Grand Prix,37.0,LEC,6.748
Qatar Grand Prix,37.0,MAG,21.864
Qatar Grand Prix,37.0,TSU,24.47
Qatar Grand Prix,37.0,ALB,25.756
Qatar Grand Prix,37.0,ZHO,17.899
Qatar Grand Prix,37.0,HUL,28.733
Qatar Grand Prix,37.0,LAW,42.237
Qatar Grand Prix,37.0,NOR,3.703
Qatar Grand Prix,37.0,HAM,123.647
Qatar Grand Prix,37.0,SAI,16.326
Qatar Grand Prix,37.0,RUS,15.173
Qatar Grand Prix,37.0,BOT,125.339
Qatar Grand Prix,37.0,PIA,7.969
Qatar Grand Prix,38.0,VER,0.0
Qatar Grand Prix,38.0,GAS,8.084
Qatar Grand Prix,38.0,PER,6.324
Qatar Grand Prix,38.0,ALO,14.886
Qatar Grand Prix,38.0,LEC,4.039
Qatar Grand Prix,38.0,MAG,17.581
Qatar Grand Prix,38.0,TSU,20.193
Qatar Grand Prix,38.0,ALB,20.998
Qatar Grand Prix,38.0,ZHO,13.272
Qatar Grand Prix,38.0,HUL,22.646
Qatar Grand Prix,38.0,LAW,25.475
Qatar Grand Prix,38.0,NOR,1.806
Qatar Grand Prix,38.0,HAM,59.541
Qatar Grand Prix,38.0,SAI,11.997
Qatar Grand Prix,38.0,RUS,10.494
Qatar Grand Prix,38.0,BOT,62.479
Qatar Grand Prix,38.0,PIA,5.19
Qatar Grand Prix,39.0,VER,0.0
Qatar Grand Prix,39.0,GAS,1.21
Qatar Grand Prix,39.0,PER,10.171
Qatar Grand Prix,39.0,ALO,2.738
Qatar Grand Prix,39.0,LEC,0.704
Qatar Grand Prix,39.0,MAG,3.449
Qatar Grand Prix,39.0,TSU,3.787
Qatar Grand Prix,39.0,ALB,3.903
Qatar Grand Prix,39.0,ZHO,2.625
Qatar Grand Prix,39.0,HUL,4.475
Qatar Grand Prix,39.0,LAW,5.025
Qatar Grand Prix,39.0,NOR,0.1
Qatar Grand Prix,39.0,HAM,5.207
Qatar Grand Prix,39.0,SAI,1.619
Qatar Grand Prix,39.0,RUS,1.37
Qatar Grand Prix,39.0,BOT,6.118
Qatar Grand Prix,39.0,PIA,0.909
Qatar Grand Prix,40.0,VER,0.0
Qatar Grand Prix,40.0,GAS,10.25
Qatar Grand Prix,40.0,ALO,14.571
Qatar Grand Prix,40.0,LEC,3.239
Qatar Grand Prix,40.0,MAG,17.054
Qatar Grand Prix,40.0,TSU,23.592
Qatar Grand Prix,40.0,ALB,18.501
Qatar Grand Prix,40.0,ZHO,16.107
Qatar Grand Prix,40.0,HUL,55.039
Qatar Grand Prix,40.0,LAW,26.236
Qatar Grand Prix,40.0,NOR,0.472
Qatar Grand Prix,40.0,HAM,20.122
Qatar Grand Prix,40.0,SAI,12.481
Qatar Grand Prix,40.0,RUS,8.209
Qatar Grand Prix,40.0,BOT,23.968
Qatar Grand Prix,40.0,PIA,4.851
Qatar Grand Prix,41.0,VER,0.0
Qatar Grand Prix,41.0,GAS,7.275
Qatar Grand Prix,41.0,ALO,11.074
Qatar Grand Prix,41.0,LEC,2.777
Qatar Grand Prix,41.0,MAG,14.518
Qatar Grand Prix,41.0,TSU,22.494
Qatar Grand Prix,41.0,ALB,16.49
Qatar Grand Prix,41.0,ZHO,12.434
Qatar Grand Prix,41.0,LAW,26.077
Qatar Grand Prix,41.0,NOR,1.5859999999999999
Qatar Grand Prix,41.0,HAM,18.632
Qatar Grand Prix,41.0,SAI,9.458
Qatar Grand Prix,41.0,RUS,6.254
Qatar Grand Prix,41.0,BOT,20.613
Qatar Grand Prix,41.0,PIA,4.585
Qatar Grand Prix,42.0,VER,0.0
Qatar Grand Prix,42.0,GAS,2.137
Qatar Grand Prix,42.0,ALO,2.823
Qatar Grand Prix,42.0,LEC,0.819
Qatar Grand Prix,42.0,MAG,3.811
Qatar Grand Prix,42.0,TSU,5.112
Qatar Grand Prix,42.0,ALB,3.89
Qatar Grand Prix,42.0,ZHO,3.334
Qatar Grand Prix,42.0,LAW,5.753
Qatar Grand Prix,42.0,NOR,0.515
Qatar Grand Prix,42.0,HAM,4.573
Qatar Grand Prix,42.0,SAI,2.425
Qatar Grand Prix,42.0,RUS,1.887
Qatar Grand Prix,42.0,BOT,4.774
Qatar Grand Prix,42.0,PIA,1.38
Qatar Grand Prix,43.0,VER,0.0
Qatar Grand Prix,43.0,GAS,4.913
Qatar Grand Prix,43.0,ALO,6.085
Qatar Grand Prix,43.0,LEC,2.164
Qatar Grand Prix,43.0,MAG,8.316
Qatar Grand Prix,43.0,TSU,9.292
Qatar Grand Prix,43.0,ALB,7.349
Qatar Grand Prix,43.0,ZHO,6.836
Qatar Grand Prix,43.0,LAW,10.314
Qatar Grand Prix,43.0,NOR,0.633
Qatar Grand Prix,43.0,HAM,9.718
Qatar Grand Prix,43.0,SAI,5.602
Qatar Grand Prix,43.0,RUS,3.749
Qatar Grand Prix,43.0,BOT,8.651
Qatar Grand Prix,43.0,PIA,2.987
Qatar Grand Prix,44.0,VER,0.0
Qatar Grand Prix,44.0,GAS,6.801
Qatar Grand Prix,44.0,ALO,8.029
Qatar Grand Prix,44.0,LEC,2.643
Qatar Grand Prix,44.0,MAG,11.043
Qatar Grand Prix,44.0,TSU,12.947
Qatar Grand Prix,44.0,ALB,10.34
Qatar Grand Prix,44.0,ZHO,9.602
Qatar Grand Prix,44.0,LAW,14.381
Qatar Grand Prix,44.0,NOR,0.573
Qatar Grand Prix,44.0,HAM,13.278
Qatar Grand Prix,44.0,SAI,7.305
Qatar Grand Prix,44.0,RUS,4.86
Qatar Grand Prix,44.0,BOT,11.897
Qatar Grand Prix,44.0,PIA,3.755
Qatar Grand Prix,45.0,VER,0.0
Qatar Grand Prix,45.0,GAS,7.916
Qatar Grand Prix,45.0,ALO,9.636
Qatar Grand Prix,45.0,LEC,3.187
Qatar Grand Prix,45.0,MAG,13.434
Qatar Grand Prix,45.0,TSU,16.352
Qatar Grand Prix,45.0,ALB,12.791
Qatar Grand Prix,45.0,ZHO,11.35
Qatar Grand Prix,45.0,LAW,17.195
Qatar Grand Prix,45.0,NOR,4.846
Qatar Grand Prix,45.0,HAM,15.165
Qatar Grand Prix,45.0,SAI,8.519
Qatar Grand Prix,45.0,RUS,5.477
Qatar Grand Prix,45.0,BOT,14.8
Qatar Grand Prix,45.0,PIA,4.342
Qatar Grand Prix,46.0,VER,0.0
Qatar Grand Prix,46.0,GAS,8.784
Qatar Grand Prix,46.0,ALO,10.706
Qatar Grand Prix,46.0,LEC,3.482
Qatar Grand Prix,46.0,MAG,15.887
Qatar Grand Prix,46.0,TSU,19.349
Qatar Grand Prix,46.0,ALB,15.122
Qatar Grand Prix,46.0,ZHO,13.047
Qatar Grand Prix,46.0,LAW,19.901
Qatar Grand Prix,46.0,NOR,34.153
Qatar Grand Prix,46.0,HAM,16.521
Qatar Grand Prix,46.0,SAI,9.319
Qatar Grand Prix,46.0,RUS,5.721
Qatar Grand Prix,46.0,BOT,18.409
Qatar Grand Prix,46.0,PIA,4.881
Qatar Grand Prix,47.0,VER,0.0
Qatar Grand Prix,47.0,GAS,9.578
Qatar Grand Prix,47.0,ALO,11.786
Qatar Grand Prix,47.0,LEC,3.901
Qatar Grand Prix,47.0,MAG,18.126
Qatar Grand Prix,47.0,TSU,22.19
Qatar Grand Prix,47.0,ALB,17.378
Qatar Grand Prix,47.0,ZHO,14.68
Qatar Grand Prix,47.0,LAW,23.022
Qatar Grand Prix,47.0,NOR,33.786
Qatar Grand Prix,47.0,HAM,23.172
Qatar Grand Prix,47.0,SAI,10.461
Qatar Grand Prix,47.0,RUS,6.307
Qatar Grand Prix,47.0,BOT,21.026
Qatar Grand Prix,47.0,PIA,5.146
Qatar Grand Prix,48.0,VER,0.0
Qatar Grand Prix,48.0,GAS,10.311
Qatar Grand Prix,48.0,ALO,12.835
Qatar Grand Prix,48.0,LEC,4.158
Qatar Grand Prix,48.0,MAG,20.263
Qatar Grand Prix,48.0,TSU,24.921
Qatar Grand Prix,48.0,ALB,19.706
Qatar Grand Prix,48.0,ZHO,16.163
Qatar Grand Prix,48.0,LAW,25.968
Qatar Grand Prix,48.0,NOR,33.003
Qatar Grand Prix,48.0,HAM,42.159
Qatar Grand Prix,48.0,SAI,11.132
Qatar Grand Prix,48.0,RUS,6.68
Qatar Grand Prix,48.0,BOT,23.151
Qatar Grand Prix,48.0,PIA,5.3469999999999995
Qatar Grand Prix,49.0,VER,0.0
Qatar Grand Prix,49.0,GAS,10.785
Qatar Grand Prix,49.0,ALO,13.762
Qatar Grand Prix,49.0,LEC,4.16
Qatar Grand Prix,49.0,MAG,21.398
Qatar Grand Prix,49.0,TSU,27.733
Qatar Grand Prix,49.0,ALB,23.46
Qatar Grand Prix,49.0,ZHO,17.362
Qatar Grand Prix,49.0,LAW,29.253
Qatar Grand Prix,49.0,NOR,32.357
Qatar Grand Prix,49.0,HAM,43.787
Qatar Grand Prix,49.0,SAI,11.554
Qatar Grand Prix,49.0,RUS,6.9559999999999995
Qatar Grand Prix,49.0,BOT,25.322
Qatar Grand Prix,49.0,PIA,5.502
Qatar Grand Prix,50.0,VER,0.0
Qatar Grand Prix,50.0,GAS,11.33
Qatar Grand Prix,50.0,ALO,14.498
Qatar Grand Prix,50.0,LEC,4.244
Qatar Grand Prix,50.0,MAG,22.661
Qatar Grand Prix,50.0,TSU,31.442
Qatar Grand Prix,50.0,ALB,26.92
Qatar Grand Prix,50.0,ZHO,18.469
Qatar Grand Prix,50.0,LAW,33.569
Qatar Grand Prix,50.0,NOR,33.728
Qatar Grand Prix,50.0,HAM,45.272
Qatar Grand Prix,50.0,SAI,12.091
Qatar Grand Prix,50.0,RUS,6.99
Qatar Grand Prix,50.0,BOT,27.882
Qatar Grand Prix,50.0,PIA,5.806
Qatar Grand Prix,51.0,VER,0.0
Qatar Grand Prix,51.0,GAS,12.191
Qatar Grand Prix,51.0,ALO,15.509
Qatar Grand Prix,51.0,LEC,4.533
Qatar Grand Prix,51.0,MAG,24.176
Qatar Grand Prix,51.0,TSU,35.7
Qatar Grand Prix,51.0,ALB,30.537
Qatar Grand Prix,51.0,ZHO,19.851
Qatar Grand Prix,51.0,LAW,38.771
Qatar Grand Prix,51.0,NOR,35.882
Qatar Grand Prix,51.0,HAM,46.691
Qatar Grand Prix,51.0,SAI,13.97
Qatar Grand Prix,51.0,RUS,7.442
Qatar Grand Prix,51.0,BOT,31.191
Qatar Grand Prix,51.0,PIA,5.981
Qatar Grand Prix,52.0,VER,0.0
Qatar Grand Prix,52.0,GAS,13.086
Qatar Grand Prix,52.0,ALO,16.543
Qatar Grand Prix,52.0,LEC,5.091
Qatar Grand Prix,52.0,MAG,25.607
Qatar Grand Prix,52.0,TSU,40.318
Qatar Grand Prix,52.0,ALB,34.885
Qatar Grand Prix,52.0,ZHO,21.092
Qatar Grand Prix,52.0,LAW,43.221
Qatar Grand Prix,52.0,NOR,35.648
Qatar Grand Prix,52.0,HAM,47.394
Qatar Grand Prix,52.0,SAI,14.273
Qatar Grand Prix,52.0,RUS,7.829
Qatar Grand Prix,52.0,BOT,34.956
Qatar Grand Prix,52.0,PIA,6.297
Qatar Grand Prix,53.0,VER,0.0
Qatar Grand Prix,53.0,GAS,13.938
Qatar Grand Prix,53.0,ALO,17.404
Qatar Grand Prix,53.0,LEC,5.201
Qatar Grand Prix,53.0,MAG,26.957
Qatar Grand Prix,53.0,TSU,44.569
Qatar Grand Prix,53.0,ALB,42.074
Qatar Grand Prix,53.0,ZHO,22.254
Qatar Grand Prix,53.0,LAW,47.61
Qatar Grand Prix,53.0,NOR,37.605
Qatar Grand Prix,53.0,HAM,48.306
Qatar Grand Prix,53.0,SAI,14.761
Qatar Grand Prix,53.0,RUS,8.378
Qatar Grand Prix,53.0,BOT,37.357
Qatar Grand Prix,53.0,PIA,6.688
Qatar Grand Prix,54.0,VER,0.0
Qatar Grand Prix,54.0,GAS,15.014
Qatar Grand Prix,54.0,ALO,18.269
Qatar Grand Prix,54.0,LEC,5.649
Qatar Grand Prix,54.0,MAG,28.382
Qatar Grand Prix,54.0,TSU,48.9
Qatar Grand Prix,54.0,ALB,47.235
Qatar Grand Prix,54.0,ZHO,23.487
Qatar Grand Prix,54.0,LAW,52.294
Qatar Grand Prix,54.0,NOR,37.07
Qatar Grand Prix,54.0,HAM,52.379
Qatar Grand Prix,54.0,SAI,15.5
Qatar Grand Prix,54.0,RUS,8.932
Qatar Grand Prix,54.0,BOT,40.919
Qatar Grand Prix,54.0,PIA,7.052
Qatar Grand Prix,55.0,VER,0.0
Qatar Grand Prix,55.0,GAS,16.267
Qatar Grand Prix,55.0,ALO,19.442
Qatar Grand Prix,55.0,LEC,6.242
Qatar Grand Prix,55.0,MAG,29.736
Qatar Grand Prix,55.0,TSU,53.428
Qatar Grand Prix,55.0,ALB,56.553
Qatar Grand Prix,55.0,ZHO,24.62
Qatar Grand Prix,55.0,LAW,56.929
Qatar Grand Prix,55.0,NOR,37.159
Qatar Grand Prix,55.0,HAM,53.724
Qatar Grand Prix,55.0,SAI,17.154
Qatar Grand Prix,55.0,RUS,9.388
Qatar Grand Prix,55.0,BOT,44.065
Qatar Grand Prix,55.0,PIA,7.416
Qatar Grand Prix,56.0,VER,0.0
Qatar Grand Prix,56.0,GAS,16.603
Qatar Grand Prix,56.0,ALO,19.958
Qatar Grand Prix,56.0,LEC,6.229
Qatar Grand Prix,56.0,MAG,31.108
Qatar Grand Prix,56.0,TSU,57.733
Qatar Grand Prix,56.0,ALB,96.727
Qatar Grand Prix,56.0,ZHO,25.229
Qatar Grand Prix,56.0,LAW,59.887
Qatar Grand Prix,56.0,NOR,36.174
Qatar Grand Prix,56.0,HAM,54.767
Qatar Grand Prix,56.0,SAI,17.329
Qatar Grand Prix,56.0,RUS,9.385
Qatar Grand Prix,56.0,BOT,47.007
Qatar Grand Prix,56.0,PIA,7.36
Qatar Grand Prix,57.0,VER,0.0
Qatar Grand Prix,57.0,GAS,16.764
Qatar Grand Prix,57.0,ALO,19.849
Qatar Grand Prix,57.0,LEC,6.012
Qatar Grand Prix,57.0,MAG,32.159
Qatar Grand Prix,57.0,TSU,61.082
Qatar Grand Prix,57.0,ZHO,25.342
Qatar Grand Prix,57.0,LAW,62.633
Qatar Grand Prix,57.0,NOR,35.669
Qatar Grand Prix,57.0,HAM,56.077
Qatar Grand Prix,57.0,SAI,17.458
Qatar Grand Prix,57.0,RUS,9.086
Qatar Grand Prix,57.0,BOT,50.245
Qatar Grand Prix,57.0,PIA,6.825
Abu Dhabi Grand Prix,1.0,VER,8.368
Abu Dhabi Grand Prix,1.0,GAS,2.842
Abu Dhabi Grand Prix,1.0,PER,0.0
Abu Dhabi Grand Prix,1.0,ALO,5.024
Abu Dhabi Grand Prix,1.0,LEC,6.502
Abu Dhabi Grand Prix,1.0,STR,7.182
Abu Dhabi Grand Prix,1.0,MAG,5.807
Abu Dhabi Grand Prix,1.0,TSU,10.865
Abu Dhabi Grand Prix,1.0,ALB,10.048
Abu Dhabi Grand Prix,1.0,ZHO,9.576
Abu Dhabi Grand Prix,1.0,HUL,4.356
Abu Dhabi Grand Prix,1.0,LAW,7.875
Abu Dhabi Grand Prix,1.0,NOR,0.0
Abu Dhabi Grand Prix,1.0,COL,11.364
Abu Dhabi Grand Prix,1.0,HAM,8.742
Abu Dhabi Grand Prix,1.0,SAI,1.857
Abu Dhabi Grand Prix,1.0,DOO,10.422
Abu Dhabi Grand Prix,1.0,RUS,3.537
Abu Dhabi Grand Prix,1.0,BOT,9.041
Abu Dhabi Grand Prix,1.0,PIA,12.615
Abu Dhabi Grand Prix,2.0,VER,14.957
Abu Dhabi Grand Prix,2.0,GAS,4.253
Abu Dhabi Grand Prix,2.0,ALO,6.8309999999999995
Abu Dhabi Grand Prix,2.0,LEC,11.166
Abu Dhabi Grand Prix,2.0,STR,12.189
Abu Dhabi Grand Prix,2.0,MAG,7.655
Abu Dhabi Grand Prix,2.0,TSU,24.108
Abu Dhabi Grand Prix,2.0,ALB,21.89
Abu Dhabi Grand Prix,2.0,ZHO,21.054
Abu Dhabi Grand Prix,2.0,HUL,5.894
Abu Dhabi Grand Prix,2.0,LAW,13.674
Abu Dhabi Grand Prix,2.0,NOR,0.0
Abu Dhabi Grand Prix,2.0,COL,25.043
Abu Dhabi Grand Prix,2.0,HAM,17.124
Abu Dhabi Grand Prix,2.0,SAI,3.278
Abu Dhabi Grand Prix,2.0,DOO,22.887
Abu Dhabi Grand Prix,2.0,RUS,5.026
Abu Dhabi Grand Prix,2.0,BOT,18.236
Abu Dhabi Grand Prix,2.0,PIA,26.182
Abu Dhabi Grand Prix,3.0,VER,9.695
Abu Dhabi Grand Prix,3.0,GAS,3.777
Abu Dhabi Grand Prix,3.0,ALO,5.758
Abu Dhabi Grand Prix,3.0,LEC,7.509
Abu Dhabi Grand Prix,3.0,STR,8.401
Abu Dhabi Grand Prix,3.0,MAG,6.625
Abu Dhabi Grand Prix,3.0,TSU,15.616
Abu Dhabi Grand Prix,3.0,ALB,14.353
Abu Dhabi Grand Prix,3.0,ZHO,13.668
Abu Dhabi Grand Prix,3.0,HUL,5.27
Abu Dhabi Grand Prix,3.0,LAW,10.685
Abu Dhabi Grand Prix,3.0,NOR,0.0
Abu Dhabi Grand Prix,3.0,COL,52.44
Abu Dhabi Grand Prix,3.0,HAM,11.547
Abu Dhabi Grand Prix,3.0,SAI,2.76
Abu Dhabi Grand Prix,3.0,DOO,16.376
Abu Dhabi Grand Prix,3.0,RUS,4.524
Abu Dhabi Grand Prix,3.0,BOT,13.024
Abu Dhabi Grand Prix,3.0,PIA,17.729
Abu Dhabi Grand Prix,4.0,VER,10.189
Abu Dhabi Grand Prix,4.0,GAS,4.173
Abu Dhabi Grand Prix,4.0,ALO,6.182
Abu Dhabi Grand Prix,4.0,LEC,7.772
Abu Dhabi Grand Prix,4.0,STR,9.076
Abu Dhabi Grand Prix,4.0,MAG,6.817
Abu Dhabi Grand Prix,4.0,TSU,16.721
Abu Dhabi Grand Prix,4.0,ALB,15.403
Abu Dhabi Grand Prix,4.0,ZHO,14.624
Abu Dhabi Grand Prix,4.0,HUL,5.608
Abu Dhabi Grand Prix,4.0,LAW,11.413
Abu Dhabi Grand Prix,4.0,NOR,0.0
Abu Dhabi Grand Prix,4.0,COL,78.576
Abu Dhabi Grand Prix,4.0,HAM,12.203
Abu Dhabi Grand Prix,4.0,SAI,2.745
Abu Dhabi Grand Prix,4.0,DOO,17.564
Abu Dhabi Grand Prix,4.0,RUS,5.002
Abu Dhabi Grand Prix,4.0,BOT,13.958
Abu Dhabi Grand Prix,4.0,PIA,20.92
Abu Dhabi Grand Prix,5.0,VER,10.898
Abu Dhabi Grand Prix,5.0,GAS,4.68
Abu Dhabi Grand Prix,5.0,ALO,7.162
Abu Dhabi Grand Prix,5.0,LEC,8.421
Abu Dhabi Grand Prix,5.0,STR,10.022
Abu Dhabi Grand Prix,5.0,MAG,7.753
Abu Dhabi Grand Prix,5.0,TSU,17.96
Abu Dhabi Grand Prix,5.0,ALB,16.668
Abu Dhabi Grand Prix,5.0,ZHO,15.982
Abu Dhabi Grand Prix,5.0,HUL,6.4719999999999995
Abu Dhabi Grand Prix,5.0,LAW,12.178
Abu Dhabi Grand Prix,5.0,NOR,0.0
Abu Dhabi Grand Prix,5.0,COL,78.883
Abu Dhabi Grand Prix,5.0,HAM,12.832
Abu Dhabi Grand Prix,5.0,SAI,2.891
Abu Dhabi Grand Prix,5.0,DOO,18.917
Abu Dhabi Grand Prix,5.0,RUS,5.694
Abu Dhabi Grand Prix,5.0,BOT,15.328
Abu Dhabi Grand Prix,5.0,PIA,42.703
Abu Dhabi Grand Prix,6.0,VER,10.949
Abu Dhabi Grand Prix,6.0,GAS,5.333
Abu Dhabi Grand Prix,6.0,ALO,7.63
Abu Dhabi Grand Prix,6.0,LEC,9.057
Abu Dhabi Grand Prix,6.0,STR,11.78
Abu Dhabi Grand Prix,6.0,MAG,8.578
Abu Dhabi Grand Prix,6.0,TSU,19.346
Abu Dhabi Grand Prix,6.0,ALB,18.122
Abu Dhabi Grand Prix,6.0,ZHO,16.535
Abu Dhabi Grand Prix,6.0,HUL,6.898
Abu Dhabi Grand Prix,6.0,LAW,13.38
Abu Dhabi Grand Prix,6.0,NOR,0.0
Abu Dhabi Grand Prix,6.0,COL,79.383
Abu Dhabi Grand Prix,6.0,HAM,14.164
Abu Dhabi Grand Prix,6.0,SAI,2.783
Abu Dhabi Grand Prix,6.0,DOO,20.059
Abu Dhabi Grand Prix,6.0,RUS,6.124
Abu Dhabi Grand Prix,6.0,BOT,19.355
Abu Dhabi Grand Prix,6.0,PIA,42.292
Abu Dhabi Grand Prix,7.0,VER,11.81
Abu Dhabi Grand Prix,7.0,GAS,6.053
Abu Dhabi Grand Prix,7.0,ALO,8.391
Abu Dhabi Grand Prix,7.0,LEC,9.571
Abu Dhabi Grand Prix,7.0,STR,12.946
Abu Dhabi Grand Prix,7.0,MAG,10.632
Abu Dhabi Grand Prix,7.0,TSU,20.758
Abu Dhabi Grand Prix,7.0,ALB,19.415
Abu Dhabi Grand Prix,7.0,ZHO,18.052
Abu Dhabi Grand Prix,7.0,HUL,7.634
Abu Dhabi Grand Prix,7.0,LAW,14.62
Abu Dhabi Grand Prix,7.0,NOR,0.0
Abu Dhabi Grand Prix,7.0,COL,80.393
Abu Dhabi Grand Prix,7.0,HAM,15.495
Abu Dhabi Grand Prix,7.0,SAI,2.822
Abu Dhabi Grand Prix,7.0,DOO,21.81
Abu Dhabi Grand Prix,7.0,RUS,6.838
Abu Dhabi Grand Prix,7.0,BOT,60.463
Abu Dhabi Grand Prix,7.0,PIA,42.42
Abu Dhabi Grand Prix,8.0,VER,12.774000000000001
Abu Dhabi Grand Prix,8.0,GAS,6.925
Abu Dhabi Grand Prix,8.0,ALO,9.563
Abu Dhabi Grand Prix,8.0,LEC,10.495
Abu Dhabi Grand Prix,8.0,STR,14.553
Abu Dhabi Grand Prix,8.0,MAG,12.195
Abu Dhabi Grand Prix,8.0,TSU,22.29
Abu Dhabi Grand Prix,8.0,ALB,21.26
Abu Dhabi Grand Prix,8.0,ZHO,19.49
Abu Dhabi Grand Prix,8.0,HUL,8.863
Abu Dhabi Grand Prix,8.0,LAW,16.105
Abu Dhabi Grand Prix,8.0,NOR,0.0
Abu Dhabi Grand Prix,8.0,COL,81.803
Abu Dhabi Grand Prix,8.0,HAM,16.853
Abu Dhabi Grand Prix,8.0,SAI,3.164
Abu Dhabi Grand Prix,8.0,DOO,23.902
Abu Dhabi Grand Prix,8.0,RUS,7.966
Abu Dhabi Grand Prix,8.0,BOT,61.2
Abu Dhabi Grand Prix,8.0,PIA,43.042
Abu Dhabi Grand Prix,9.0,VER,13.212
Abu Dhabi Grand Prix,9.0,GAS,7.549
Abu Dhabi Grand Prix,9.0,ALO,10.641
Abu Dhabi Grand Prix,9.0,LEC,11.401
Abu Dhabi Grand Prix,9.0,STR,16.051
Abu Dhabi Grand Prix,9.0,MAG,14.277
Abu Dhabi Grand Prix,9.0,TSU,23.939
Abu Dhabi Grand Prix,9.0,ALB,22.722
Abu Dhabi Grand Prix,9.0,ZHO,20.903
Abu Dhabi Grand Prix,9.0,HUL,9.815
Abu Dhabi Grand Prix,9.0,LAW,17.401
Abu Dhabi Grand Prix,9.0,NOR,0.0
Abu Dhabi Grand Prix,9.0,COL,82.734
Abu Dhabi Grand Prix,9.0,HAM,18.142
Abu Dhabi Grand Prix,9.0,SAI,3.344
Abu Dhabi Grand Prix,9.0,DOO,25.855
Abu Dhabi Grand Prix,9.0,RUS,8.775
Abu Dhabi Grand Prix,9.0,BOT,62.096
Abu Dhabi Grand Prix,9.0,PIA,43.588
Abu Dhabi Grand Prix,10.0,VER,14.417
Abu Dhabi Grand Prix,10.0,GAS,8.432
Abu Dhabi Grand Prix,10.0,ALO,13.105
Abu Dhabi Grand Prix,10.0,LEC,12.165
Abu Dhabi Grand Prix,10.0,STR,17.643
Abu Dhabi Grand Prix,10.0,MAG,16.068
Abu Dhabi Grand Prix,10.0,TSU,25.485
Abu Dhabi Grand Prix,10.0,ALB,24.226
Abu Dhabi Grand Prix,10.0,ZHO,22.182
Abu Dhabi Grand Prix,10.0,HUL,10.972
Abu Dhabi Grand Prix,10.0,LAW,18.916
Abu Dhabi Grand Prix,10.0,NOR,0.0
Abu Dhabi Grand Prix,10.0,COL,83.89
Abu Dhabi Grand Prix,10.0,HAM,19.553
Abu Dhabi Grand Prix,10.0,SAI,3.42
Abu Dhabi Grand Prix,10.0,DOO,27.665
Abu Dhabi Grand Prix,10.0,RUS,9.587
Abu Dhabi Grand Prix,10.0,BOT,62.69
Abu Dhabi Grand Prix,10.0,PIA,44.013
Abu Dhabi Grand Prix,11.0,VER,15.684
Abu Dhabi Grand Prix,11.0,GAS,9.376
Abu Dhabi Grand Prix,11.0,ALO,15.065
Abu Dhabi Grand Prix,11.0,LEC,13.305
Abu Dhabi Grand Prix,11.0,STR,21.369
Abu Dhabi Grand Prix,11.0,MAG,17.883
Abu Dhabi Grand Prix,11.0,TSU,27.192
Abu Dhabi Grand Prix,11.0,ALB,25.856
Abu Dhabi Grand Prix,11.0,ZHO,23.862
Abu Dhabi Grand Prix,11.0,HUL,12.588
Abu Dhabi Grand Prix,11.0,LAW,20.777
Abu Dhabi Grand Prix,11.0,NOR,0.0
Abu Dhabi Grand Prix,11.0,COL,85.221
Abu Dhabi Grand Prix,11.0,HAM,21.491
Abu Dhabi Grand Prix,11.0,SAI,3.5380000000000003
Abu Dhabi Grand Prix,11.0,DOO,29.362
Abu Dhabi Grand Prix,11.0,RUS,10.514
Abu Dhabi Grand Prix,11.0,BOT,63.455
Abu Dhabi Grand Prix,11.0,PIA,44.202
Abu Dhabi Grand Prix,12.0,VER,16.764
Abu Dhabi Grand Prix,12.0,GAS,10.466
Abu Dhabi Grand Prix,12.0,ALO,17.802
Abu Dhabi Grand Prix,12.0,LEC,13.728
Abu Dhabi Grand Prix,12.0,STR,43.97
Abu Dhabi Grand Prix,12.0,MAG,21.364
Abu Dhabi Grand Prix,12.0,TSU,28.783
Abu Dhabi Grand Prix,12.0,ALB,28.973
Abu Dhabi Grand Prix,12.0,ZHO,27.641
Abu Dhabi Grand Prix,12.0,HUL,14.792
Abu Dhabi Grand Prix,12.0,LAW,23.58
Abu Dhabi Grand Prix,12.0,NOR,0.0
Abu Dhabi Grand Prix,12.0,COL,86.345
Abu Dhabi Grand Prix,12.0,HAM,22.362
Abu Dhabi Grand Prix,12.0,SAI,3.604
Abu Dhabi Grand Prix,12.0,DOO,31.137
Abu Dhabi Grand Prix,12.0,RUS,11.468
Abu Dhabi Grand Prix,12.0,BOT,64.254
Abu Dhabi Grand Prix,12.0,PIA,44.959
Abu Dhabi Grand Prix,13.0,VER,17.67
Abu Dhabi Grand Prix,13.0,GAS,11.367
Abu Dhabi Grand Prix,13.0,ALO,21.774
Abu Dhabi Grand Prix,13.0,LEC,14.29
Abu Dhabi Grand Prix,13.0,STR,44.578
Abu Dhabi Grand Prix,13.0,MAG,45.965
Abu Dhabi Grand Prix,13.0,TSU,30.238
Abu Dhabi Grand Prix,13.0,ALB,49.674
Abu Dhabi Grand Prix,13.0,ZHO,50.698
Abu Dhabi Grand Prix,13.0,HUL,18.01
Abu Dhabi Grand Prix,13.0,LAW,25.542
Abu Dhabi Grand Prix,13.0,NOR,0.0
Abu Dhabi Grand Prix,13.0,COL,87.333
Abu Dhabi Grand Prix,13.0,HAM,23.37
Abu Dhabi Grand Prix,13.0,SAI,3.524
Abu Dhabi Grand Prix,13.0,DOO,32.449
Abu Dhabi Grand Prix,13.0,RUS,12.276
Abu Dhabi Grand Prix,13.0,BOT,64.794
Abu Dhabi Grand Prix,13.0,PIA,45.254
Abu Dhabi Grand Prix,14.0,VER,18.759
Abu Dhabi Grand Prix,14.0,GAS,14.568999999999999
Abu Dhabi Grand Prix,14.0,ALO,44.527
Abu Dhabi Grand Prix,14.0,LEC,14.767
Abu Dhabi Grand Prix,14.0,STR,46.083
Abu Dhabi Grand Prix,14.0,MAG,46.752
Abu Dhabi Grand Prix,14.0,TSU,32.115
Abu Dhabi Grand Prix,14.0,ALB,50.532
Abu Dhabi Grand Prix,14.0,ZHO,51.787
Abu Dhabi Grand Prix,14.0,HUL,38.62
Abu Dhabi Grand Prix,14.0,LAW,27.298
Abu Dhabi Grand Prix,14.0,NOR,0.0
Abu Dhabi Grand Prix,14.0,COL,91.025
Abu Dhabi Grand Prix,14.0,HAM,24.369
Abu Dhabi Grand Prix,14.0,SAI,3.625
Abu Dhabi Grand Prix,14.0,DOO,34.02
Abu Dhabi Grand Prix,14.0,RUS,13.204
Abu Dhabi Grand Prix,14.0,BOT,65.237
Abu Dhabi Grand Prix,14.0,PIA,45.534
Abu Dhabi Grand Prix,15.0,VER,19.565
Abu Dhabi Grand Prix,15.0,GAS,35.283
Abu Dhabi Grand Prix,15.0,ALO,45.213
Abu Dhabi Grand Prix,15.0,LEC,15.372
Abu Dhabi Grand Prix,15.0,STR,46.976
Abu Dhabi Grand Prix,15.0,MAG,47.581
Abu Dhabi Grand Prix,15.0,TSU,33.731
Abu Dhabi Grand Prix,15.0,ALB,51.456
Abu Dhabi Grand Prix,15.0,ZHO,52.803
Abu Dhabi Grand Prix,15.0,HUL,39.336
Abu Dhabi Grand Prix,15.0,LAW,28.688
Abu Dhabi Grand Prix,15.0,NOR,0.0
Abu Dhabi Grand Prix,15.0,COL,94.847
Abu Dhabi Grand Prix,15.0,HAM,25.171
Abu Dhabi Grand Prix,15.0,SAI,3.777
Abu Dhabi Grand Prix,15.0,DOO,37.069
Abu Dhabi Grand Prix,15.0,RUS,14.228
Abu Dhabi Grand Prix,15.0,BOT,65.739
Abu Dhabi Grand Prix,15.0,PIA,46.359
Abu Dhabi Grand Prix,16.0,VER,20.661
Abu Dhabi Grand Prix,16.0,GAS,36.259
Abu Dhabi Grand Prix,16.0,ALO,46.169
Abu Dhabi Grand Prix,16.0,LEC,16.241
Abu Dhabi Grand Prix,16.0,STR,48.057
Abu Dhabi Grand Prix,16.0,MAG,48.644
Abu Dhabi Grand Prix,16.0,TSU,35.494
Abu Dhabi Grand Prix,16.0,ALB,52.432
Abu Dhabi Grand Prix,16.0,ZHO,53.988
Abu Dhabi Grand Prix,16.0,HUL,40.37
Abu Dhabi Grand Prix,16.0,LAW,30.357
Abu Dhabi Grand Prix,16.0,NOR,0.0
Abu Dhabi Grand Prix,16.0,COL,96.36
Abu Dhabi Grand Prix,16.0,HAM,26.186
Abu Dhabi Grand Prix,16.0,SAI,4.05
Abu Dhabi Grand Prix,16.0,DOO,39.218
Abu Dhabi Grand Prix,16.0,RUS,15.072
Abu Dhabi Grand Prix,16.0,BOT,66.37
Abu Dhabi Grand Prix,16.0,PIA,47.312
Abu Dhabi Grand Prix,17.0,VER,21.615
Abu Dhabi Grand Prix,17.0,GAS,37.29
Abu Dhabi Grand Prix,17.0,ALO,47.106
Abu Dhabi Grand Prix,17.0,LEC,16.856
Abu Dhabi Grand Prix,17.0,STR,48.874
Abu Dhabi Grand Prix,17.0,MAG,49.63
Abu Dhabi Grand Prix,17.0,TSU,38.542
Abu Dhabi Grand Prix,17.0,ALB,53.188
Abu Dhabi Grand Prix,17.0,ZHO,55.297
Abu Dhabi Grand Prix,17.0,HUL,40.567
Abu Dhabi Grand Prix,17.0,LAW,31.958
Abu Dhabi Grand Prix,17.0,NOR,0.0
Abu Dhabi Grand Prix,17.0,COL,97.602
Abu Dhabi Grand Prix,17.0,HAM,26.868
Abu Dhabi Grand Prix,17.0,SAI,4.282
Abu Dhabi Grand Prix,17.0,DOO,41.826
Abu Dhabi Grand Prix,17.0,RUS,15.883
Abu Dhabi Grand Prix,17.0,BOT,67.234
Abu Dhabi Grand Prix,17.0,PIA,48.016
Abu Dhabi Grand Prix,18.0,VER,22.219
Abu Dhabi Grand Prix,18.0,GAS,38.191
Abu Dhabi Grand Prix,18.0,ALO,47.449
Abu Dhabi Grand Prix,18.0,LEC,17.475
Abu Dhabi Grand Prix,18.0,STR,49.396
Abu Dhabi Grand Prix,18.0,MAG,50.245
Abu Dhabi Grand Prix,18.0,TSU,40.516
Abu Dhabi Grand Prix,18.0,ALB,53.82
Abu Dhabi Grand Prix,18.0,ZHO,56.115
Abu Dhabi Grand Prix,18.0,HUL,41.151
Abu Dhabi Grand Prix,18.0,LAW,33.459
Abu Dhabi Grand Prix,18.0,NOR,0.0
Abu Dhabi Grand Prix,18.0,COL,98.639
Abu Dhabi Grand Prix,18.0,HAM,27.402
Abu Dhabi Grand Prix,18.0,SAI,4.07
Abu Dhabi Grand Prix,18.0,DOO,43.568
Abu Dhabi Grand Prix,18.0,RUS,16.58
Abu Dhabi Grand Prix,18.0,BOT,67.692
Abu Dhabi Grand Prix,18.0,PIA,48.401
Abu Dhabi Grand Prix,19.0,VER,23.156
Abu Dhabi Grand Prix,19.0,GAS,38.619
Abu Dhabi Grand Prix,19.0,ALO,48.018
Abu Dhabi Grand Prix,19.0,LEC,18.418
Abu Dhabi Grand Prix,19.0,STR,50.331
Abu Dhabi Grand Prix,19.0,MAG,51.147
Abu Dhabi Grand Prix,19.0,TSU,43.058
Abu Dhabi Grand Prix,19.0,ALB,54.693
Abu Dhabi Grand Prix,19.0,ZHO,56.993
Abu Dhabi Grand Prix,19.0,HUL,41.508
Abu Dhabi Grand Prix,19.0,LAW,35.216
Abu Dhabi Grand Prix,19.0,NOR,0.0
Abu Dhabi Grand Prix,19.0,COL,99.941
Abu Dhabi Grand Prix,19.0,HAM,28.112
Abu Dhabi Grand Prix,19.0,SAI,4.251
Abu Dhabi Grand Prix,19.0,DOO,45.331
Abu Dhabi Grand Prix,19.0,RUS,17.298
Abu Dhabi Grand Prix,19.0,BOT,68.599
Abu Dhabi Grand Prix,19.0,PIA,49.32
Abu Dhabi Grand Prix,20.0,VER,23.947
Abu Dhabi Grand Prix,20.0,GAS,38.968
Abu Dhabi Grand Prix,20.0,ALO,48.892
Abu Dhabi Grand Prix,20.0,LEC,21.394
Abu Dhabi Grand Prix,20.0,STR,51.493
Abu Dhabi Grand Prix,20.0,MAG,52.753
Abu Dhabi Grand Prix,20.0,TSU,45.11
Abu Dhabi Grand Prix,20.0,ALB,55.663
Abu Dhabi Grand Prix,20.0,ZHO,57.764
Abu Dhabi Grand Prix,20.0,HUL,42.167
Abu Dhabi Grand Prix,20.0,LAW,36.728
Abu Dhabi Grand Prix,20.0,NOR,0.0
Abu Dhabi Grand Prix,20.0,COL,100.794
Abu Dhabi Grand Prix,20.0,HAM,28.706
Abu Dhabi Grand Prix,20.0,SAI,4.246
Abu Dhabi Grand Prix,20.0,DOO,47.058
Abu Dhabi Grand Prix,20.0,RUS,17.988
Abu Dhabi Grand Prix,20.0,BOT,69.489
Abu Dhabi Grand Prix,20.0,PIA,50.298
Abu Dhabi Grand Prix,21.0,VER,24.509
Abu Dhabi Grand Prix,21.0,GAS,39.56
Abu Dhabi Grand Prix,21.0,ALO,49.892
Abu Dhabi Grand Prix,21.0,LEC,40.923
Abu Dhabi Grand Prix,21.0,STR,52.708
Abu Dhabi Grand Prix,21.0,MAG,53.645
Abu Dhabi Grand Prix,21.0,TSU,47.195
Abu Dhabi Grand Prix,21.0,ALB,56.76
Abu Dhabi Grand Prix,21.0,ZHO,58.559
Abu Dhabi Grand Prix,21.0,HUL,42.925
Abu Dhabi Grand Prix,21.0,LAW,38.391
Abu Dhabi Grand Prix,21.0,NOR,0.0
Abu Dhabi Grand Prix,21.0,COL,101.81
Abu Dhabi Grand Prix,21.0,HAM,29.292
Abu Dhabi Grand Prix,21.0,SAI,4.304
Abu Dhabi Grand Prix,21.0,DOO,48.845
Abu Dhabi Grand Prix,21.0,RUS,19.223
Abu Dhabi Grand Prix,21.0,BOT,70.179
Abu Dhabi Grand Prix,21.0,PIA,51.442
Abu Dhabi Grand Prix,22.0,VER,25.209
Abu Dhabi Grand Prix,22.0,GAS,40.998
Abu Dhabi Grand Prix,22.0,ALO,50.881
Abu Dhabi Grand Prix,22.0,LEC,41.536
Abu Dhabi Grand Prix,22.0,STR,53.895
Abu Dhabi Grand Prix,22.0,MAG,54.706
Abu Dhabi Grand Prix,22.0,TSU,50.603
Abu Dhabi Grand Prix,22.0,ALB,57.754
Abu Dhabi Grand Prix,22.0,ZHO,59.668
Abu Dhabi Grand Prix,22.0,HUL,43.836
Abu Dhabi Grand Prix,22.0,LAW,40.369
Abu Dhabi Grand Prix,22.0,NOR,0.0
Abu Dhabi Grand Prix,22.0,COL,102.938
Abu Dhabi Grand Prix,22.0,HAM,29.758
Abu Dhabi Grand Prix,22.0,SAI,4.024
Abu Dhabi Grand Prix,22.0,DOO,52.693
Abu Dhabi Grand Prix,22.0,RUS,19.93
Abu Dhabi Grand Prix,22.0,BOT,71.466
Abu Dhabi Grand Prix,22.0,PIA,52.426
Abu Dhabi Grand Prix,23.0,VER,25.886
Abu Dhabi Grand Prix,23.0,GAS,41.873
Abu Dhabi Grand Prix,23.0,ALO,51.482
Abu Dhabi Grand Prix,23.0,LEC,42.711
Abu Dhabi Grand Prix,23.0,STR,54.93
Abu Dhabi Grand Prix,23.0,MAG,55.737
Abu Dhabi Grand Prix,23.0,TSU,71.664
Abu Dhabi Grand Prix,23.0,ALB,58.479
Abu Dhabi Grand Prix,23.0,ZHO,60.352
Abu Dhabi Grand Prix,23.0,HUL,44.561
Abu Dhabi Grand Prix,23.0,LAW,45.604
Abu Dhabi Grand Prix,23.0,NOR,0.0
Abu Dhabi Grand Prix,23.0,COL,104.063
Abu Dhabi Grand Prix,23.0,HAM,30.283
Abu Dhabi Grand Prix,23.0,SAI,3.919
Abu Dhabi Grand Prix,23.0,DOO,74.425
Abu Dhabi Grand Prix,23.0,RUS,20.963
Abu Dhabi Grand Prix,23.0,BOT,73.003
Abu Dhabi Grand Prix,23.0,PIA,52.825
Abu Dhabi Grand Prix,24.0,VER,26.152
Abu Dhabi Grand Prix,24.0,GAS,43.533
Abu Dhabi Grand Prix,24.0,ALO,51.65
Abu Dhabi Grand Prix,24.0,LEC,42.412
Abu Dhabi Grand Prix,24.0,STR,55.871
Abu Dhabi Grand Prix,24.0,MAG,56.605
Abu Dhabi Grand Prix,24.0,TSU,72.085
Abu Dhabi Grand Prix,24.0,ALB,58.985
Abu Dhabi Grand Prix,24.0,ZHO,60.803
Abu Dhabi Grand Prix,24.0,HUL,45.083
Abu Dhabi Grand Prix,24.0,LAW,72.587
Abu Dhabi Grand Prix,24.0,NOR,0.0
Abu Dhabi Grand Prix,24.0,COL,105.107
Abu Dhabi Grand Prix,24.0,HAM,30.497
Abu Dhabi Grand Prix,24.0,SAI,3.807
Abu Dhabi Grand Prix,24.0,DOO,74.756
Abu Dhabi Grand Prix,24.0,RUS,21.401
Abu Dhabi Grand Prix,24.0,BOT,74.192
Abu Dhabi Grand Prix,24.0,PIA,53.131
Abu Dhabi Grand Prix,25.0,VER,26.794
Abu Dhabi Grand Prix,25.0,GAS,44.073
Abu Dhabi Grand Prix,25.0,ALO,52.242
Abu Dhabi Grand Prix,25.0,LEC,42.114
Abu Dhabi Grand Prix,25.0,STR,56.901
Abu Dhabi Grand Prix,25.0,MAG,57.813
Abu Dhabi Grand Prix,25.0,TSU,72.786
Abu Dhabi Grand Prix,25.0,ALB,59.87
Abu Dhabi Grand Prix,25.0,ZHO,61.903
Abu Dhabi Grand Prix,25.0,HUL,45.986
Abu Dhabi Grand Prix,25.0,LAW,93.909
Abu Dhabi Grand Prix,25.0,NOR,0.0
Abu Dhabi Grand Prix,25.0,COL,106.151
Abu Dhabi Grand Prix,25.0,HAM,30.903
Abu Dhabi Grand Prix,25.0,SAI,5.439
Abu Dhabi Grand Prix,25.0,DOO,75.495
Abu Dhabi Grand Prix,25.0,RUS,22.136
Abu Dhabi Grand Prix,25.0,BOT,76.502
Abu Dhabi Grand Prix,25.0,PIA,53.815
Abu Dhabi Grand Prix,26.0,VER,25.495
Abu Dhabi Grand Prix,26.0,GAS,42.194
Abu Dhabi Grand Prix,26.0,ALO,50.43
Abu Dhabi Grand Prix,26.0,LEC,39.631
Abu Dhabi Grand Prix,26.0,STR,55.519
Abu Dhabi Grand Prix,26.0,MAG,56.76
Abu Dhabi Grand Prix,26.0,TSU,71.082
Abu Dhabi Grand Prix,26.0,ALB,58.5
Abu Dhabi Grand Prix,26.0,ZHO,60.462
Abu Dhabi Grand Prix,26.0,HUL,44.134
Abu Dhabi Grand Prix,26.0,LAW,91.953
Abu Dhabi Grand Prix,26.0,NOR,0.0
Abu Dhabi Grand Prix,26.0,COL,115.098
Abu Dhabi Grand Prix,26.0,HAM,29.169
Abu Dhabi Grand Prix,26.0,SAI,21.429
Abu Dhabi Grand Prix,26.0,DOO,74.339
Abu Dhabi Grand Prix,26.0,RUS,22.626
Abu Dhabi Grand Prix,26.0,BOT,76.187
Abu Dhabi Grand Prix,26.0,PIA,51.917
Abu Dhabi Grand Prix,27.0,VER,7.879
Abu Dhabi Grand Prix,27.0,GAS,25.062
Abu Dhabi Grand Prix,27.0,ALO,32.635
Abu Dhabi Grand Prix,27.0,LEC,20.991
Abu Dhabi Grand Prix,27.0,STR,38.169
Abu Dhabi Grand Prix,27.0,MAG,39.87
Abu Dhabi Grand Prix,27.0,TSU,53.272
Abu Dhabi Grand Prix,27.0,ALB,41.313
Abu Dhabi Grand Prix,27.0,ZHO,43.187
Abu Dhabi Grand Prix,27.0,HUL,26.429
Abu Dhabi Grand Prix,27.0,LAW,74.077
Abu Dhabi Grand Prix,27.0,NOR,0.0
Abu Dhabi Grand Prix,27.0,HAM,11.5
Abu Dhabi Grand Prix,27.0,SAI,2.093
Abu Dhabi Grand Prix,27.0,DOO,56.999
Abu Dhabi Grand Prix,27.0,RUS,23.966
Abu Dhabi Grand Prix,27.0,BOT,59.488
Abu Dhabi Grand Prix,27.0,PIA,34.035
Abu Dhabi Grand Prix,28.0,VER,9.828
Abu Dhabi Grand Prix,28.0,GAS,26.333
Abu Dhabi Grand Prix,28.0,ALO,33.982
Abu Dhabi Grand Prix,28.0,LEC,21.109
Abu Dhabi Grand Prix,28.0,STR,40.164
Abu Dhabi Grand Prix,28.0,MAG,41.965
Abu Dhabi Grand Prix,28.0,TSU,54.722
Abu Dhabi Grand Prix,28.0,ALB,43.046
Abu Dhabi Grand Prix,28.0,ZHO,45.01
Abu Dhabi Grand Prix,28.0,HUL,27.676
Abu Dhabi Grand Prix,28.0,LAW,75.337
Abu Dhabi Grand Prix,28.0,NOR,0.0
Abu Dhabi Grand Prix,28.0,HAM,12.656
Abu Dhabi Grand Prix,28.0,SAI,2.25
Abu Dhabi Grand Prix,28.0,DOO,58.763
Abu Dhabi Grand Prix,28.0,RUS,24.111
Abu Dhabi Grand Prix,28.0,BOT,61.865
Abu Dhabi Grand Prix,28.0,PIA,35.746
Abu Dhabi Grand Prix,29.0,VER,13.246
Abu Dhabi Grand Prix,29.0,GAS,27.303
Abu Dhabi Grand Prix,29.0,ALO,35.371
Abu Dhabi Grand Prix,29.0,LEC,21.23
Abu Dhabi Grand Prix,29.0,STR,41.887
Abu Dhabi Grand Prix,29.0,MAG,45.375
Abu Dhabi Grand Prix,29.0,TSU,55.865
Abu Dhabi Grand Prix,29.0,ALB,44.689
Abu Dhabi Grand Prix,29.0,ZHO,46.815
Abu Dhabi Grand Prix,29.0,HUL,29.021
Abu Dhabi Grand Prix,29.0,LAW,79.22
Abu Dhabi Grand Prix,29.0,NOR,0.0
Abu Dhabi Grand Prix,29.0,HAM,13.973
Abu Dhabi Grand Prix,29.0,SAI,2.21
Abu Dhabi Grand Prix,29.0,DOO,60.536
Abu Dhabi Grand Prix,29.0,RUS,24.152
Abu Dhabi Grand Prix,29.0,BOT,64.117
Abu Dhabi Grand Prix,29.0,PIA,37.042
Abu Dhabi Grand Prix,30.0,VER,44.506
Abu Dhabi Grand Prix,30.0,GAS,28.319
Abu Dhabi Grand Prix,30.0,ALO,37.036
Abu Dhabi Grand Prix,30.0,LEC,21.604
Abu Dhabi Grand Prix,30.0,STR,43.782
Abu Dhabi Grand Prix,30.0,MAG,79.12
Abu Dhabi Grand Prix,30.0,TSU,57.141
Abu Dhabi Grand Prix,30.0,ALB,46.289
Abu Dhabi Grand Prix,30.0,ZHO,48.821
Abu Dhabi Grand Prix,30.0,HUL,30.108
Abu Dhabi Grand Prix,30.0,LAW,114.398
Abu Dhabi Grand Prix,30.0,NOR,0.0
Abu Dhabi Grand Prix,30.0,HAM,15.224
Abu Dhabi Grand Prix,30.0,SAI,2.159
Abu Dhabi Grand Prix,30.0,DOO,62.42
Abu Dhabi Grand Prix,30.0,RUS,24.267
Abu Dhabi Grand Prix,30.0,BOT,119.436
Abu Dhabi Grand Prix,30.0,PIA,38.714
Abu Dhabi Grand Prix,31.0,VER,44.232
Abu Dhabi Grand Prix,31.0,GAS,29.52
Abu Dhabi Grand Prix,31.0,ALO,38.548
Abu Dhabi Grand Prix,31.0,LEC,21.727
Abu Dhabi Grand Prix,31.0,STR,46.116
Abu Dhabi Grand Prix,31.0,MAG,103.126
Abu Dhabi Grand Prix,31.0,TSU,58.536
Abu Dhabi Grand Prix,31.0,ALB,48.035
Abu Dhabi Grand Prix,31.0,ZHO,51.068
Abu Dhabi Grand Prix,31.0,HUL,31.473
Abu Dhabi Grand Prix,31.0,LAW,115.635
Abu Dhabi Grand Prix,31.0,NOR,0.0
Abu Dhabi Grand Prix,31.0,HAM,16.576
Abu Dhabi Grand Prix,31.0,SAI,2.185
Abu Dhabi Grand Prix,31.0,DOO,64.13
Abu Dhabi Grand Prix,31.0,RUS,24.886
Abu Dhabi Grand Prix,31.0,PIA,40.521
Abu Dhabi Grand Prix,32.0,VER,44.346
Abu Dhabi Grand Prix,32.0,GAS,30.753
Abu Dhabi Grand Prix,32.0,ALO,40.12
Abu Dhabi Grand Prix,32.0,LEC,21.849
Abu Dhabi Grand Prix,32.0,STR,49.93
Abu Dhabi Grand Prix,32.0,MAG,101.947
Abu Dhabi Grand Prix,32.0,TSU,60.026
Abu Dhabi Grand Prix,32.0,ALB,49.458
Abu Dhabi Grand Prix,32.0,ZHO,52.866
Abu Dhabi Grand Prix,32.0,HUL,32.735
Abu Dhabi Grand Prix,32.0,LAW,116.655
Abu Dhabi Grand Prix,32.0,NOR,0.0
Abu Dhabi Grand Prix,32.0,HAM,17.964
Abu Dhabi Grand Prix,32.0,SAI,2.104
Abu Dhabi Grand Prix,32.0,DOO,66.12
Abu Dhabi Grand Prix,32.0,RUS,24.919
Abu Dhabi Grand Prix,32.0,PIA,43.734
Abu Dhabi Grand Prix,33.0,VER,44.553
Abu Dhabi Grand Prix,33.0,GAS,32.143
Abu Dhabi Grand Prix,33.0,ALO,41.833
Abu Dhabi Grand Prix,33.0,LEC,22.241
Abu Dhabi Grand Prix,33.0,STR,71.851
Abu Dhabi Grand Prix,33.0,MAG,102.996
Abu Dhabi Grand Prix,33.0,TSU,61.641
Abu Dhabi Grand Prix,33.0,ALB,51.044
Abu Dhabi Grand Prix,33.0,ZHO,54.754
Abu Dhabi Grand Prix,33.0,HUL,33.94
Abu Dhabi Grand Prix,33.0,LAW,117.779
Abu Dhabi Grand Prix,33.0,NOR,0.0
Abu Dhabi Grand Prix,33.0,HAM,19.427
Abu Dhabi Grand Prix,33.0,SAI,2.348
Abu Dhabi Grand Prix,33.0,DOO,68.125
Abu Dhabi Grand Prix,33.0,RUS,25.404
Abu Dhabi Grand Prix,33.0,PIA,76.056
Abu Dhabi Grand Prix,34.0,VER,44.854
Abu Dhabi Grand Prix,34.0,GAS,33.466
Abu Dhabi Grand Prix,34.0,ALO,43.375
Abu Dhabi Grand Prix,34.0,LEC,22.669
Abu Dhabi Grand Prix,34.0,STR,73.332
Abu Dhabi Grand Prix,34.0,MAG,104.345
Abu Dhabi Grand Prix,34.0,TSU,63.099
Abu Dhabi Grand Prix,34.0,ALB,52.704
Abu Dhabi Grand Prix,34.0,ZHO,56.558
Abu Dhabi Grand Prix,34.0,HUL,35.367
Abu Dhabi Grand Prix,34.0,LAW,118.986
Abu Dhabi Grand Prix,34.0,NOR,0.0
Abu Dhabi Grand Prix,34.0,HAM,23.111
Abu Dhabi Grand Prix,34.0,SAI,2.491
Abu Dhabi Grand Prix,34.0,DOO,70.042
Abu Dhabi Grand Prix,34.0,RUS,25.669
Abu Dhabi Grand Prix,34.0,PIA,76.524
Abu Dhabi Grand Prix,35.0,VER,45.991
Abu Dhabi Grand Prix,35.0,GAS,34.992
Abu Dhabi Grand Prix,35.0,ALO,45.626
Abu Dhabi Grand Prix,35.0,LEC,23.007
Abu Dhabi Grand Prix,35.0,STR,74.756
Abu Dhabi Grand Prix,35.0,MAG,105.753
Abu Dhabi Grand Prix,35.0,TSU,64.615
Abu Dhabi Grand Prix,35.0,ALB,54.413
Abu Dhabi Grand Prix,35.0,ZHO,58.418
Abu Dhabi Grand Prix,35.0,HUL,36.751
Abu Dhabi Grand Prix,35.0,LAW,120.155
Abu Dhabi Grand Prix,35.0,NOR,0.0
Abu Dhabi Grand Prix,35.0,HAM,43.859
Abu Dhabi Grand Prix,35.0,SAI,2.737
Abu Dhabi Grand Prix,35.0,DOO,71.781
Abu Dhabi Grand Prix,35.0,RUS,26.168
Abu Dhabi Grand Prix,35.0,PIA,76.743
Abu Dhabi Grand Prix,36.0,VER,46.673
Abu Dhabi Grand Prix,36.0,GAS,36.438
Abu Dhabi Grand Prix,36.0,ALO,48.17
Abu Dhabi Grand Prix,36.0,LEC,23.222
Abu Dhabi Grand Prix,36.0,STR,75.734
Abu Dhabi Grand Prix,36.0,MAG,107.054
Abu Dhabi Grand Prix,36.0,TSU,66.075
Abu Dhabi Grand Prix,36.0,ALB,56.077
Abu Dhabi Grand Prix,36.0,ZHO,60.296
Abu Dhabi Grand Prix,36.0,HUL,38.333
Abu Dhabi Grand Prix,36.0,LAW,121.587
Abu Dhabi Grand Prix,36.0,NOR,0.0
Abu Dhabi Grand Prix,36.0,HAM,43.787
Abu Dhabi Grand Prix,36.0,SAI,3.229
Abu Dhabi Grand Prix,36.0,DOO,73.355
Abu Dhabi Grand Prix,36.0,RUS,26.794
Abu Dhabi Grand Prix,36.0,PIA,76.799
Abu Dhabi Grand Prix,37.0,VER,47.01
Abu Dhabi Grand Prix,37.0,GAS,37.574
Abu Dhabi Grand Prix,37.0,ALO,52.093
Abu Dhabi Grand Prix,37.0,LEC,23.451
Abu Dhabi Grand Prix,37.0,STR,76.456
Abu Dhabi Grand Prix,37.0,MAG,107.974
Abu Dhabi Grand Prix,37.0,TSU,67.625
Abu Dhabi Grand Prix,37.0,ALB,57.577
Abu Dhabi Grand Prix,37.0,ZHO,61.928
Abu Dhabi Grand Prix,37.0,HUL,39.534
Abu Dhabi Grand Prix,37.0,LAW,123.073
Abu Dhabi Grand Prix,37.0,NOR,0.0
Abu Dhabi Grand Prix,37.0,HAM,43.452
Abu Dhabi Grand Prix,37.0,SAI,3.355
Abu Dhabi Grand Prix,37.0,DOO,74.774
Abu Dhabi Grand Prix,37.0,RUS,27.216
Abu Dhabi Grand Prix,37.0,PIA,77.192
Abu Dhabi Grand Prix,38.0,VER,47.463
Abu Dhabi Grand Prix,38.0,GAS,39.173
Abu Dhabi Grand Prix,38.0,ALO,73.815
Abu Dhabi Grand Prix,38.0,LEC,23.733
Abu Dhabi Grand Prix,38.0,STR,78.426
Abu Dhabi Grand Prix,38.0,MAG,108.722
Abu Dhabi Grand Prix,38.0,TSU,69.18
Abu Dhabi Grand Prix,38.0,ALB,59.259
Abu Dhabi Grand Prix,38.0,ZHO,63.757
Abu Dhabi Grand Prix,38.0,HUL,41.309
Abu Dhabi Grand Prix,38.0,LAW,124.658
Abu Dhabi Grand Prix,38.0,NOR,0.0
Abu Dhabi Grand Prix,38.0,HAM,43.606
Abu Dhabi Grand Prix,38.0,SAI,3.551
Abu Dhabi Grand Prix,38.0,DOO,76.368
Abu Dhabi Grand Prix,38.0,RUS,27.772
Abu Dhabi Grand Prix,38.0,PIA,77.523
Abu Dhabi Grand Prix,39.0,VER,47.999
Abu Dhabi Grand Prix,39.0,GAS,40.734
Abu Dhabi Grand Prix,39.0,ALO,74.79
Abu Dhabi Grand Prix,39.0,LEC,24.108
Abu Dhabi Grand Prix,39.0,STR,80.119
Abu Dhabi Grand Prix,39.0,MAG,109.804
Abu Dhabi Grand Prix,39.0,TSU,70.68
Abu Dhabi Grand Prix,39.0,ALB,61.035
Abu Dhabi Grand Prix,39.0,ZHO,67.747
Abu Dhabi Grand Prix,39.0,HUL,42.783
Abu Dhabi Grand Prix,39.0,LAW,126.357
Abu Dhabi Grand Prix,39.0,NOR,0.0
Abu Dhabi Grand Prix,39.0,HAM,43.847
Abu Dhabi Grand Prix,39.0,SAI,3.715
Abu Dhabi Grand Prix,39.0,DOO,79.271
Abu Dhabi Grand Prix,39.0,RUS,28.341
Abu Dhabi Grand Prix,39.0,PIA,77.969
Abu Dhabi Grand Prix,40.0,VER,48.637
Abu Dhabi Grand Prix,40.0,GAS,42.399
Abu Dhabi Grand Prix,40.0,ALO,76.02
Abu Dhabi Grand Prix,40.0,LEC,24.966
Abu Dhabi Grand Prix,40.0,STR,81.449
Abu Dhabi Grand Prix,40.0,MAG,111.014
Abu Dhabi Grand Prix,40.0,TSU,72.54
Abu Dhabi Grand Prix,40.0,ALB,62.877
Abu Dhabi Grand Prix,40.0,ZHO,96.536
Abu Dhabi Grand Prix,40.0,HUL,45.48
Abu Dhabi Grand Prix,40.0,LAW,127.845
Abu Dhabi Grand Prix,40.0,NOR,0.0
Abu Dhabi Grand Prix,40.0,HAM,43.866
Abu Dhabi Grand Prix,40.0,SAI,4.67
Abu Dhabi Grand Prix,40.0,DOO,82.551
Abu Dhabi Grand Prix,40.0,RUS,29.088
Abu Dhabi Grand Prix,40.0,PIA,78.587
Abu Dhabi Grand Prix,41.0,VER,49.219
Abu Dhabi Grand Prix,41.0,GAS,44.046
Abu Dhabi Grand Prix,41.0,ALO,76.565
Abu Dhabi Grand Prix,41.0,LEC,25.512
Abu Dhabi Grand Prix,41.0,STR,82.587
Abu Dhabi Grand Prix,41.0,MAG,111.794
Abu Dhabi Grand Prix,41.0,TSU,73.883
Abu Dhabi Grand Prix,41.0,ALB,64.491
Abu Dhabi Grand Prix,41.0,ZHO,96.934
Abu Dhabi Grand Prix,41.0,HUL,47.039
Abu Dhabi Grand Prix,41.0,LAW,129.067
Abu Dhabi Grand Prix,41.0,NOR,0.0
Abu Dhabi Grand Prix,41.0,HAM,44.662
Abu Dhabi Grand Prix,41.0,SAI,4.845
Abu Dhabi Grand Prix,41.0,DOO,84.717
Abu Dhabi Grand Prix,41.0,RUS,29.908
Abu Dhabi Grand Prix,41.0,PIA,78.842
Abu Dhabi Grand Prix,42.0,VER,49.17
Abu Dhabi Grand Prix,42.0,GAS,45.882
Abu Dhabi Grand Prix,42.0,ALO,76.782
Abu Dhabi Grand Prix,42.0,LEC,25.84
Abu Dhabi Grand Prix,42.0,STR,83.029
Abu Dhabi Grand Prix,42.0,MAG,112.718
Abu Dhabi Grand Prix,42.0,TSU,75.069
Abu Dhabi Grand Prix,42.0,ALB,65.944
Abu Dhabi Grand Prix,42.0,ZHO,97.075
Abu Dhabi Grand Prix,42.0,HUL,48.256
Abu Dhabi Grand Prix,42.0,LAW,129.899
Abu Dhabi Grand Prix,42.0,NOR,0.0
Abu Dhabi Grand Prix,42.0,HAM,44.192
Abu Dhabi Grand Prix,42.0,SAI,4.938
Abu Dhabi Grand Prix,42.0,DOO,86.147
Abu Dhabi Grand Prix,42.0,RUS,30.184
Abu Dhabi Grand Prix,42.0,PIA,78.747
Abu Dhabi Grand Prix,43.0,VER,49.257
Abu Dhabi Grand Prix,43.0,GAS,47.333
Abu Dhabi Grand Prix,43.0,ALO,77.509
Abu Dhabi Grand Prix,43.0,LEC,26.409
Abu Dhabi Grand Prix,43.0,STR,83.831
Abu Dhabi Grand Prix,43.0,MAG,113.606
Abu Dhabi Grand Prix,43.0,TSU,76.479
Abu Dhabi Grand Prix,43.0,ALB,67.638
Abu Dhabi Grand Prix,43.0,ZHO,97.763
Abu Dhabi Grand Prix,43.0,HUL,50.724
Abu Dhabi Grand Prix,43.0,LAW,133.313
Abu Dhabi Grand Prix,43.0,NOR,0.0
Abu Dhabi Grand Prix,43.0,HAM,43.746
Abu Dhabi Grand Prix,43.0,SAI,4.79
Abu Dhabi Grand Prix,43.0,DOO,89.377
Abu Dhabi Grand Prix,43.0,RUS,30.511
Abu Dhabi Grand Prix,43.0,PIA,78.797
Abu Dhabi Grand Prix,44.0,VER,49.796
Abu Dhabi Grand Prix,44.0,GAS,48.75
Abu Dhabi Grand Prix,44.0,ALO,78.613
Abu Dhabi Grand Prix,44.0,LEC,27.19
Abu Dhabi Grand Prix,44.0,STR,84.6
Abu Dhabi Grand Prix,44.0,MAG,116.775
Abu Dhabi Grand Prix,44.0,TSU,77.949
Abu Dhabi Grand Prix,44.0,ALB,69.298
Abu Dhabi Grand Prix,44.0,ZHO,98.479
Abu Dhabi Grand Prix,44.0,HUL,52.357
Abu Dhabi Grand Prix,44.0,LAW,134.648
Abu Dhabi Grand Prix,44.0,NOR,0.0
Abu Dhabi Grand Prix,44.0,HAM,43.062
Abu Dhabi Grand Prix,44.0,SAI,4.976
Abu Dhabi Grand Prix,44.0,DOO,91.168
Abu Dhabi Grand Prix,44.0,RUS,30.985
Abu Dhabi Grand Prix,44.0,PIA,79.332
Abu Dhabi Grand Prix,45.0,VER,49.808
Abu Dhabi Grand Prix,45.0,GAS,51.096
Abu Dhabi Grand Prix,45.0,ALO,78.796
Abu Dhabi Grand Prix,45.0,LEC,27.447
Abu Dhabi Grand Prix,45.0,STR,85.322
Abu Dhabi Grand Prix,45.0,MAG,118.352
Abu Dhabi Grand Prix,45.0,TSU,80.451
Abu Dhabi Grand Prix,45.0,ALB,70.718
Abu Dhabi Grand Prix,45.0,ZHO,99.113
Abu Dhabi Grand Prix,45.0,HUL,54.058
Abu Dhabi Grand Prix,45.0,LAW,135.781
Abu Dhabi Grand Prix,45.0,NOR,0.0
Abu Dhabi Grand Prix,45.0,HAM,42.636
Abu Dhabi Grand Prix,45.0,SAI,5.252
Abu Dhabi Grand Prix,45.0,DOO,92.606
Abu Dhabi Grand Prix,45.0,RUS,31.639
Abu Dhabi Grand Prix,45.0,PIA,81.292
Abu Dhabi Grand Prix,46.0,VER,49.961
Abu Dhabi Grand Prix,46.0,GAS,52.668
Abu Dhabi Grand Prix,46.0,ALO,79.301
Abu Dhabi Grand Prix,46.0,LEC,27.672
Abu Dhabi Grand Prix,46.0,STR,86.25
Abu Dhabi Grand Prix,46.0,MAG,119.934
Abu Dhabi Grand Prix,46.0,TSU,82.173
Abu Dhabi Grand Prix,46.0,ALB,72.078
Abu Dhabi Grand Prix,46.0,ZHO,99.897
Abu Dhabi Grand Prix,46.0,HUL,55.572
Abu Dhabi Grand Prix,46.0,LAW,136.751
Abu Dhabi Grand Prix,46.0,NOR,0.0
Abu Dhabi Grand Prix,46.0,HAM,42.129
Abu Dhabi Grand Prix,46.0,SAI,5.856
Abu Dhabi Grand Prix,46.0,DOO,96.664
Abu Dhabi Grand Prix,46.0,RUS,32.11
Abu Dhabi Grand Prix,46.0,PIA,82.891
Abu Dhabi Grand Prix,47.0,VER,50.028
Abu Dhabi Grand Prix,47.0,GAS,53.954
Abu Dhabi Grand Prix,47.0,ALO,79.295
Abu Dhabi Grand Prix,47.0,LEC,27.687
Abu Dhabi Grand Prix,47.0,STR,86.807
Abu Dhabi Grand Prix,47.0,MAG,122.538
Abu Dhabi Grand Prix,47.0,TSU,83.441
Abu Dhabi Grand Prix,47.0,ALB,73.312
Abu Dhabi Grand Prix,47.0,ZHO,100.342
Abu Dhabi Grand Prix,47.0,HUL,56.666
Abu Dhabi Grand Prix,47.0,LAW,139.93
Abu Dhabi Grand Prix,47.0,NOR,0.0
Abu Dhabi Grand Prix,47.0,HAM,41.478
Abu Dhabi Grand Prix,47.0,SAI,6.023
Abu Dhabi Grand Prix,47.0,DOO,98.18
Abu Dhabi Grand Prix,47.0,RUS,32.709
Abu Dhabi Grand Prix,47.0,PIA,84.325
Abu Dhabi Grand Prix,48.0,VER,49.716
Abu Dhabi Grand Prix,48.0,GAS,55.183
Abu Dhabi Grand Prix,48.0,ALO,79.087
Abu Dhabi Grand Prix,48.0,LEC,27.653
Abu Dhabi Grand Prix,48.0,STR,87.433
Abu Dhabi Grand Prix,48.0,MAG,124.362
Abu Dhabi Grand Prix,48.0,TSU,85.675
Abu Dhabi Grand Prix,48.0,ALB,75.165
Abu Dhabi Grand Prix,48.0,ZHO,100.756
Abu Dhabi Grand Prix,48.0,HUL,58.034
Abu Dhabi Grand Prix,48.0,LAW,141.312
Abu Dhabi Grand Prix,48.0,NOR,0.0
Abu Dhabi Grand Prix,48.0,HAM,41.0
Abu Dhabi Grand Prix,48.0,SAI,5.962
Abu Dhabi Grand Prix,48.0,DOO,99.429
Abu Dhabi Grand Prix,48.0,RUS,33.009
Abu Dhabi Grand Prix,48.0,PIA,84.527
Abu Dhabi Grand Prix,49.0,VER,49.272
Abu Dhabi Grand Prix,49.0,GAS,56.305
Abu Dhabi Grand Prix,49.0,ALO,79.088
Abu Dhabi Grand Prix,49.0,LEC,27.642
Abu Dhabi Grand Prix,49.0,STR,89.475
Abu Dhabi Grand Prix,49.0,MAG,126.323
Abu Dhabi Grand Prix,49.0,TSU,86.975
Abu Dhabi Grand Prix,49.0,ALB,76.738
Abu Dhabi Grand Prix,49.0,ZHO,101.481
Abu Dhabi Grand Prix,49.0,HUL,59.022
Abu Dhabi Grand Prix,49.0,LAW,142.499
Abu Dhabi Grand Prix,49.0,NOR,0.0
Abu Dhabi Grand Prix,49.0,HAM,40.119
Abu Dhabi Grand Prix,49.0,SAI,5.462
Abu Dhabi Grand Prix,49.0,DOO,100.675
Abu Dhabi Grand Prix,49.0,RUS,33.058
Abu Dhabi Grand Prix,49.0,PIA,84.084
Abu Dhabi Grand Prix,50.0,VER,49.105
Abu Dhabi Grand Prix,50.0,GAS,57.783
Abu Dhabi Grand Prix,50.0,ALO,79.669
Abu Dhabi Grand Prix,50.0,LEC,27.727
Abu Dhabi Grand Prix,50.0,STR,90.591
Abu Dhabi Grand Prix,50.0,MAG,129.305
Abu Dhabi Grand Prix,50.0,TSU,89.938
Abu Dhabi Grand Prix,50.0,ALB,78.309
Abu Dhabi Grand Prix,50.0,ZHO,103.515
Abu Dhabi Grand Prix,50.0,HUL,60.489
Abu Dhabi Grand Prix,50.0,LAW,143.222
Abu Dhabi Grand Prix,50.0,NOR,0.0
Abu Dhabi Grand Prix,50.0,HAM,39.726
Abu Dhabi Grand Prix,50.0,SAI,5.219
Abu Dhabi Grand Prix,50.0,DOO,103.084
Abu Dhabi Grand Prix,50.0,RUS,33.553
Abu Dhabi Grand Prix,50.0,PIA,83.661
Abu Dhabi Grand Prix,51.0,VER,49.058
Abu Dhabi Grand Prix,51.0,GAS,59.487
Abu Dhabi Grand Prix,51.0,ALO,79.75
Abu Dhabi Grand Prix,51.0,LEC,27.878
Abu Dhabi Grand Prix,51.0,STR,92.571
Abu Dhabi Grand Prix,51.0,MAG,131.481
Abu Dhabi Grand Prix,51.0,TSU,91.843
Abu Dhabi Grand Prix,51.0,ALB,81.415
Abu Dhabi Grand Prix,51.0,ZHO,104.38
Abu Dhabi Grand Prix,51.0,HUL,62.07
Abu Dhabi Grand Prix,51.0,LAW,144.315
Abu Dhabi Grand Prix,51.0,NOR,0.0
Abu Dhabi Grand Prix,51.0,HAM,39.178
Abu Dhabi Grand Prix,51.0,SAI,5.828
Abu Dhabi Grand Prix,51.0,DOO,105.597
Abu Dhabi Grand Prix,51.0,RUS,33.936
Abu Dhabi Grand Prix,51.0,PIA,83.484
Abu Dhabi Grand Prix,52.0,VER,49.667
Abu Dhabi Grand Prix,52.0,GAS,61.699
Abu Dhabi Grand Prix,52.0,ALO,80.589
Abu Dhabi Grand Prix,52.0,LEC,28.895
Abu Dhabi Grand Prix,52.0,STR,96.078
Abu Dhabi Grand Prix,52.0,MAG,134.365
Abu Dhabi Grand Prix,52.0,TSU,93.713
Abu Dhabi Grand Prix,52.0,ALB,84.113
Abu Dhabi Grand Prix,52.0,ZHO,105.172
Abu Dhabi Grand Prix,52.0,HUL,64.15
Abu Dhabi Grand Prix,52.0,LAW,145.628
Abu Dhabi Grand Prix,52.0,NOR,0.0
Abu Dhabi Grand Prix,52.0,HAM,39.539
Abu Dhabi Grand Prix,52.0,SAI,6.656
Abu Dhabi Grand Prix,52.0,DOO,107.741
Abu Dhabi Grand Prix,52.0,RUS,34.892
Abu Dhabi Grand Prix,52.0,PIA,84.537
Abu Dhabi Grand Prix,53.0,VER,50.211
Abu Dhabi Grand Prix,53.0,GAS,63.855
Abu Dhabi Grand Prix,53.0,ALO,81.3
Abu Dhabi Grand Prix,53.0,LEC,29.893
Abu Dhabi Grand Prix,53.0,STR,98.083
Abu Dhabi Grand Prix,53.0,MAG,137.06
Abu Dhabi Grand Prix,53.0,TSU,97.236
Abu Dhabi Grand Prix,53.0,ALB,87.805
Abu Dhabi Grand Prix,53.0,ZHO,106.135
Abu Dhabi Grand Prix,53.0,HUL,66.737
Abu Dhabi Grand Prix,53.0,LAW,146.911
Abu Dhabi Grand Prix,53.0,NOR,0.0
Abu Dhabi Grand Prix,53.0,HAM,39.726
Abu Dhabi Grand Prix,53.0,SAI,7.433
Abu Dhabi Grand Prix,53.0,DOO,109.938
Abu Dhabi Grand Prix,53.0,RUS,36.059
Abu Dhabi Grand Prix,53.0,PIA,85.185
Abu Dhabi Grand Prix,54.0,VER,50.439
Abu Dhabi Grand Prix,54.0,GAS,65.178
Abu Dhabi Grand Prix,54.0,ALO,81.39
Abu Dhabi Grand Prix,54.0,LEC,30.239
Abu Dhabi Grand Prix,54.0,STR,99.527
Abu Dhabi Grand Prix,54.0,MAG,140.14
Abu Dhabi Grand Prix,54.0,TSU,98.655
Abu Dhabi Grand Prix,54.0,ALB,91.21
Abu Dhabi Grand Prix,54.0,ZHO,106.033
Abu Dhabi Grand Prix,54.0,HUL,68.432
Abu Dhabi Grand Prix,54.0,LAW,147.606
Abu Dhabi Grand Prix,54.0,NOR,0.0
Abu Dhabi Grand Prix,54.0,HAM,38.944
Abu Dhabi Grand Prix,54.0,SAI,7.492
Abu Dhabi Grand Prix,54.0,DOO,111.353
Abu Dhabi Grand Prix,54.0,RUS,36.315
Abu Dhabi Grand Prix,54.0,PIA,84.792
Abu Dhabi Grand Prix,55.0,VER,50.613
Abu Dhabi Grand Prix,55.0,GAS,67.703
Abu Dhabi Grand Prix,55.0,ALO,82.024
Abu Dhabi Grand Prix,55.0,LEC,30.979
Abu Dhabi Grand Prix,55.0,STR,100.498
Abu Dhabi Grand Prix,55.0,MAG,144.451
Abu Dhabi Grand Prix,55.0,TSU,101.263
Abu Dhabi Grand Prix,55.0,ALB,93.969
Abu Dhabi Grand Prix,55.0,ZHO,106.433
Abu Dhabi Grand Prix,55.0,HUL,70.724
Abu Dhabi Grand Prix,55.0,LAW,149.143
Abu Dhabi Grand Prix,55.0,NOR,0.0
Abu Dhabi Grand Prix,55.0,HAM,38.695
Abu Dhabi Grand Prix,55.0,SAI,7.61
Abu Dhabi Grand Prix,55.0,DOO,113.353
Abu Dhabi Grand Prix,55.0,RUS,37.029
Abu Dhabi Grand Prix,55.0,PIA,84.926
Abu Dhabi Grand Prix,56.0,VER,50.68
Abu Dhabi Grand Prix,56.0,GAS,69.546
Abu Dhabi Grand Prix,56.0,ALO,82.602
Abu Dhabi Grand Prix,56.0,LEC,31.501
Abu Dhabi Grand Prix,56.0,STR,101.926
Abu Dhabi Grand Prix,56.0,MAG,169.747
Abu Dhabi Grand Prix,56.0,TSU,102.994
Abu Dhabi Grand Prix,56.0,ALB,98.18
Abu Dhabi Grand Prix,56.0,ZHO,106.717
Abu Dhabi Grand Prix,56.0,HUL,73.017
Abu Dhabi Grand Prix,56.0,LAW,211.445
Abu Dhabi Grand Prix,56.0,NOR,0.0
Abu Dhabi Grand Prix,56.0,HAM,38.735
Abu Dhabi Grand Prix,56.0,SAI,7.737
Abu Dhabi Grand Prix,56.0,DOO,114.776
Abu Dhabi Grand Prix,56.0,RUS,37.526
Abu Dhabi Grand Prix,56.0,PIA,85.044
Abu Dhabi Grand Prix,57.0,VER,50.925
Abu Dhabi Grand Prix,57.0,GAS,71.553
Abu Dhabi Grand Prix,57.0,ALO,83.61
Abu Dhabi Grand Prix,57.0,LEC,31.868
Abu Dhabi Grand Prix,57.0,STR,103.331
Abu Dhabi Grand Prix,57.0,MAG,167.455
Abu Dhabi Grand Prix,57.0,TSU,104.596
Abu Dhabi Grand Prix,57.0,ALB,101.109
Abu Dhabi Grand Prix,57.0,ZHO,107.162
Abu Dhabi Grand Prix,57.0,HUL,75.372
Abu Dhabi Grand Prix,57.0,NOR,0.0
Abu Dhabi Grand Prix,57.0,HAM,38.557
Abu Dhabi Grand Prix,57.0,SAI,7.659
Abu Dhabi Grand Prix,57.0,DOO,116.413
Abu Dhabi Grand Prix,57.0,RUS,37.804
Abu Dhabi Grand Prix,57.0,PIA,85.669
Abu Dhabi Grand Prix,58.0,VER,49.847
Abu Dhabi Grand Prix,58.0,GAS,72.56
Abu Dhabi Grand Prix,58.0,ALO,82.373
Abu Dhabi Grand Prix,58.0,LEC,31.928
Abu Dhabi Grand Prix,58.0,HUL,75.554
Abu Dhabi Grand Prix,58.0,NOR,0.0
Abu Dhabi Grand Prix,58.0,HAM,36.483
Abu Dhabi Grand Prix,58.0,SAI,5.832
Abu Dhabi Grand Prix,58.0,RUS,37.538
Abu Dhabi Grand Prix,58.0,PIA,83.821
