EventName,Lap,Driver,GapToLeader_Secs
Bahrain Grand Prix,1.0,VER,0.0
Bahrain Grand Prix,1.0,GAS,10.63
Bahrain Grand Prix,1.0,PER,2.044
Bahrain Grand Prix,1.0,ALO,4.589
Bahrain Grand Prix,1.0,LEC,1.211
Bahrain Grand Prix,1.0,STR,5.651
Bahrain Grand Prix,1.0,SAR,7.836
Bahrain Grand Prix,1.0,MAG,10.311
Bahrain Grand Prix,1.0,DEV,10.94
Bahrain Grand Prix,1.0,TSU,8.772
Bahrain Grand Prix,1.0,ALB,7.434
Bahrain Grand Prix,1.0,ZHO,9.448
Bahrain Grand Prix,1.0,HUL,8.32
Bahrain Grand Prix,1.0,OCO,6.948
Bahrain Grand Prix,1.0,NOR,6.345
Bahrain Grand Prix,1.0,HAM,3.269
Bahrain Grand Prix,1.0,SAI,2.64
Bahrain Grand Prix,1.0,RUS,3.643
Bahrain Grand Prix,1.0,BOT,5.135
Bahrain Grand Prix,1.0,PIA,9.195
Bahrain Grand Prix,2.0,VER,0.0
Bahrain Grand Prix,2.0,GAS,13.094
Bahrain Grand Prix,2.0,PER,2.932
Bahrain Grand Prix,2.0,ALO,6.407
Bahrain Grand Prix,2.0,LEC,1.987
Bahrain Grand Prix,2.0,STR,7.569
Bahrain Grand Prix,2.0,SAR,10.329
Bahrain Grand Prix,2.0,MAG,13.858
Bahrain Grand Prix,2.0,DEV,14.255
Bahrain Grand Prix,2.0,TSU,11.635
Bahrain Grand Prix,2.0,ALB,9.89
Bahrain Grand Prix,2.0,ZHO,12.565
Bahrain Grand Prix,2.0,HUL,11.066
Bahrain Grand Prix,2.0,OCO,9.382
Bahrain Grand Prix,2.0,NOR,8.804
Bahrain Grand Prix,2.0,HAM,4.461
Bahrain Grand Prix,2.0,SAI,3.599
Bahrain Grand Prix,2.0,RUS,5.259
Bahrain Grand Prix,2.0,BOT,7.117
Bahrain Grand Prix,2.0,PIA,12.051
Bahrain Grand Prix,3.0,VER,0.0
Bahrain Grand Prix,3.0,GAS,15.731
Bahrain Grand Prix,3.0,PER,3.7560000000000002
Bahrain Grand Prix,3.0,ALO,7.501
Bahrain Grand Prix,3.0,LEC,2.6390000000000002
Bahrain Grand Prix,3.0,STR,9.188
Bahrain Grand Prix,3.0,SAR,12.672
Bahrain Grand Prix,3.0,MAG,17.83
Bahrain Grand Prix,3.0,DEV,17.163
Bahrain Grand Prix,3.0,TSU,13.872
Bahrain Grand Prix,3.0,ALB,12.027
Bahrain Grand Prix,3.0,ZHO,15.155
Bahrain Grand Prix,3.0,HUL,13.544
Bahrain Grand Prix,3.0,OCO,11.324
Bahrain Grand Prix,3.0,NOR,10.575
Bahrain Grand Prix,3.0,HAM,5.675
Bahrain Grand Prix,3.0,SAI,4.635
Bahrain Grand Prix,3.0,RUS,6.346
Bahrain Grand Prix,3.0,BOT,8.508
Bahrain Grand Prix,3.0,PIA,14.736
Bahrain Grand Prix,4.0,VER,0.0
Bahrain Grand Prix,4.0,GAS,18.649
Bahrain Grand Prix,4.0,PER,4.538
Bahrain Grand Prix,4.0,ALO,9.073
Bahrain Grand Prix,4.0,LEC,3.488
Bahrain Grand Prix,4.0,STR,10.957
Bahrain Grand Prix,4.0,SAR,15.34
Bahrain Grand Prix,4.0,MAG,20.627
Bahrain Grand Prix,4.0,DEV,19.56
Bahrain Grand Prix,4.0,TSU,15.846
Bahrain Grand Prix,4.0,ALB,13.812
Bahrain Grand Prix,4.0,ZHO,18.032
Bahrain Grand Prix,4.0,HUL,16.572
Bahrain Grand Prix,4.0,OCO,12.891
Bahrain Grand Prix,4.0,NOR,14.866
Bahrain Grand Prix,4.0,HAM,6.897
Bahrain Grand Prix,4.0,SAI,5.644
Bahrain Grand Prix,4.0,RUS,7.631
Bahrain Grand Prix,4.0,BOT,10.355
Bahrain Grand Prix,4.0,PIA,17.478
Bahrain Grand Prix,5.0,VER,0.0
Bahrain Grand Prix,5.0,GAS,21.432
Bahrain Grand Prix,5.0,PER,4.907
Bahrain Grand Prix,5.0,ALO,10.7
Bahrain Grand Prix,5.0,LEC,4.117
Bahrain Grand Prix,5.0,STR,12.066
Bahrain Grand Prix,5.0,SAR,18.207
Bahrain Grand Prix,5.0,MAG,23.932
Bahrain Grand Prix,5.0,DEV,22.155
Bahrain Grand Prix,5.0,TSU,18.942
Bahrain Grand Prix,5.0,ALB,16.383
Bahrain Grand Prix,5.0,ZHO,20.811
Bahrain Grand Prix,5.0,HUL,19.539
Bahrain Grand Prix,5.0,OCO,15.137
Bahrain Grand Prix,5.0,NOR,17.495
Bahrain Grand Prix,5.0,HAM,8.197
Bahrain Grand Prix,5.0,SAI,6.737
Bahrain Grand Prix,5.0,RUS,9.145
Bahrain Grand Prix,5.0,BOT,13.353
Bahrain Grand Prix,5.0,PIA,20.305
Bahrain Grand Prix,6.0,VER,0.0
Bahrain Grand Prix,6.0,GAS,24.556
Bahrain Grand Prix,6.0,PER,5.639
Bahrain Grand Prix,6.0,ALO,12.388
Bahrain Grand Prix,6.0,LEC,4.703
Bahrain Grand Prix,6.0,STR,13.794
Bahrain Grand Prix,6.0,SAR,21.012
Bahrain Grand Prix,6.0,MAG,27.071
Bahrain Grand Prix,6.0,DEV,25.294
Bahrain Grand Prix,6.0,TSU,21.842
Bahrain Grand Prix,6.0,ALB,19.141
Bahrain Grand Prix,6.0,ZHO,23.981
Bahrain Grand Prix,6.0,HUL,22.555
Bahrain Grand Prix,6.0,OCO,17.482
Bahrain Grand Prix,6.0,NOR,20.323
Bahrain Grand Prix,6.0,HAM,9.967
Bahrain Grand Prix,6.0,SAI,8.225
Bahrain Grand Prix,6.0,RUS,10.652
Bahrain Grand Prix,6.0,BOT,15.632
Bahrain Grand Prix,6.0,PIA,23.43
Bahrain Grand Prix,7.0,VER,0.0
Bahrain Grand Prix,7.0,GAS,27.669
Bahrain Grand Prix,7.0,PER,6.422
Bahrain Grand Prix,7.0,ALO,14.096
Bahrain Grand Prix,7.0,LEC,5.373
Bahrain Grand Prix,7.0,STR,15.718
Bahrain Grand Prix,7.0,SAR,23.883
Bahrain Grand Prix,7.0,MAG,30.576
Bahrain Grand Prix,7.0,DEV,28.439
Bahrain Grand Prix,7.0,TSU,24.773
Bahrain Grand Prix,7.0,ALB,21.766
Bahrain Grand Prix,7.0,ZHO,27.157
Bahrain Grand Prix,7.0,HUL,25.682
Bahrain Grand Prix,7.0,OCO,19.949
Bahrain Grand Prix,7.0,NOR,23.028
Bahrain Grand Prix,7.0,HAM,11.703
Bahrain Grand Prix,7.0,SAI,9.706
Bahrain Grand Prix,7.0,RUS,12.687
Bahrain Grand Prix,7.0,BOT,18.175
Bahrain Grand Prix,7.0,PIA,26.576
Bahrain Grand Prix,8.0,VER,0.0
Bahrain Grand Prix,8.0,GAS,30.688
Bahrain Grand Prix,8.0,PER,7.44
Bahrain Grand Prix,8.0,ALO,15.901
Bahrain Grand Prix,8.0,LEC,5.833
Bahrain Grand Prix,8.0,STR,17.365
Bahrain Grand Prix,8.0,SAR,26.597
Bahrain Grand Prix,8.0,MAG,33.705
Bahrain Grand Prix,8.0,DEV,31.515
Bahrain Grand Prix,8.0,TSU,27.465
Bahrain Grand Prix,8.0,ALB,24.53
Bahrain Grand Prix,8.0,ZHO,30.187
Bahrain Grand Prix,8.0,HUL,28.777
Bahrain Grand Prix,8.0,OCO,22.357
Bahrain Grand Prix,8.0,NOR,25.731
Bahrain Grand Prix,8.0,HAM,13.816
Bahrain Grand Prix,8.0,SAI,11.331
Bahrain Grand Prix,8.0,RUS,14.843
Bahrain Grand Prix,8.0,BOT,20.408
Bahrain Grand Prix,8.0,PIA,29.717
Bahrain Grand Prix,9.0,VER,0.0
Bahrain Grand Prix,9.0,GAS,36.611
Bahrain Grand Prix,9.0,PER,8.076
Bahrain Grand Prix,9.0,ALO,17.898
Bahrain Grand Prix,9.0,LEC,6.383
Bahrain Grand Prix,9.0,STR,19.193
Bahrain Grand Prix,9.0,SAR,29.227
Bahrain Grand Prix,9.0,MAG,36.705
Bahrain Grand Prix,9.0,DEV,34.81
Bahrain Grand Prix,9.0,TSU,30.197
Bahrain Grand Prix,9.0,ALB,27.221
Bahrain Grand Prix,9.0,ZHO,33.435
Bahrain Grand Prix,9.0,HUL,32.114
Bahrain Grand Prix,9.0,OCO,24.945
Bahrain Grand Prix,9.0,NOR,28.236
Bahrain Grand Prix,9.0,HAM,15.861
Bahrain Grand Prix,9.0,SAI,12.797
Bahrain Grand Prix,9.0,RUS,16.985
Bahrain Grand Prix,9.0,BOT,22.405
Bahrain Grand Prix,9.0,PIA,32.973
Bahrain Grand Prix,10.0,VER,0.0
Bahrain Grand Prix,10.0,GAS,59.504
Bahrain Grand Prix,10.0,PER,8.792
Bahrain Grand Prix,10.0,ALO,19.732
Bahrain Grand Prix,10.0,LEC,7.087
Bahrain Grand Prix,10.0,STR,21.016
Bahrain Grand Prix,10.0,SAR,31.991
Bahrain Grand Prix,10.0,MAG,40.055
Bahrain Grand Prix,10.0,DEV,38.107
Bahrain Grand Prix,10.0,TSU,35.577
Bahrain Grand Prix,10.0,ALB,29.971
Bahrain Grand Prix,10.0,ZHO,36.809
Bahrain Grand Prix,10.0,HUL,35.997
Bahrain Grand Prix,10.0,OCO,27.434
Bahrain Grand Prix,10.0,NOR,33.388
Bahrain Grand Prix,10.0,HAM,17.781
Bahrain Grand Prix,10.0,SAI,14.53
Bahrain Grand Prix,10.0,RUS,19.148
Bahrain Grand Prix,10.0,BOT,24.712
Bahrain Grand Prix,10.0,PIA,36.188
Bahrain Grand Prix,11.0,VER,0.0
Bahrain Grand Prix,11.0,GAS,59.783
Bahrain Grand Prix,11.0,PER,9.558
Bahrain Grand Prix,11.0,ALO,22.396
Bahrain Grand Prix,11.0,LEC,7.816
Bahrain Grand Prix,11.0,STR,23.456
Bahrain Grand Prix,11.0,SAR,35.04
Bahrain Grand Prix,11.0,MAG,43.621
Bahrain Grand Prix,11.0,DEV,45.084
Bahrain Grand Prix,11.0,TSU,56.937
Bahrain Grand Prix,11.0,ALB,35.436
Bahrain Grand Prix,11.0,ZHO,40.434
Bahrain Grand Prix,11.0,HUL,44.304
Bahrain Grand Prix,11.0,OCO,29.986
Bahrain Grand Prix,11.0,NOR,64.791
Bahrain Grand Prix,11.0,HAM,20.05
Bahrain Grand Prix,11.0,SAI,16.554
Bahrain Grand Prix,11.0,RUS,21.75
Bahrain Grand Prix,11.0,BOT,29.498
Bahrain Grand Prix,11.0,PIA,39.057
Bahrain Grand Prix,12.0,VER,0.0
Bahrain Grand Prix,12.0,GAS,60.12
Bahrain Grand Prix,12.0,PER,10.164
Bahrain Grand Prix,12.0,ALO,24.739
Bahrain Grand Prix,12.0,LEC,8.714
Bahrain Grand Prix,12.0,STR,25.904
Bahrain Grand Prix,12.0,SAR,40.329
Bahrain Grand Prix,12.0,MAG,46.375
Bahrain Grand Prix,12.0,DEV,67.677
Bahrain Grand Prix,12.0,TSU,57.489
Bahrain Grand Prix,12.0,ALB,56.29
Bahrain Grand Prix,12.0,ZHO,45.713
Bahrain Grand Prix,12.0,HUL,68.292
Bahrain Grand Prix,12.0,OCO,35.182
Bahrain Grand Prix,12.0,NOR,65.514
Bahrain Grand Prix,12.0,HAM,24.795
Bahrain Grand Prix,12.0,SAI,18.483
Bahrain Grand Prix,12.0,RUS,24.271
Bahrain Grand Prix,12.0,BOT,50.357
Bahrain Grand Prix,12.0,PIA,41.622
Bahrain Grand Prix,13.0,VER,0.0
Bahrain Grand Prix,13.0,GAS,60.987
Bahrain Grand Prix,13.0,PER,11.018
Bahrain Grand Prix,13.0,ALO,26.598
Bahrain Grand Prix,13.0,LEC,12.3
Bahrain Grand Prix,13.0,STR,28.542
Bahrain Grand Prix,13.0,SAR,62.102
Bahrain Grand Prix,13.0,MAG,49.547
Bahrain Grand Prix,13.0,DEV,68.119
Bahrain Grand Prix,13.0,TSU,58.478
Bahrain Grand Prix,13.0,ALB,56.457
Bahrain Grand Prix,13.0,ZHO,69.332
Bahrain Grand Prix,13.0,HUL,69.216
Bahrain Grand Prix,13.0,OCO,57.081
Bahrain Grand Prix,13.0,NOR,66.542
Bahrain Grand Prix,13.0,HAM,45.492
Bahrain Grand Prix,13.0,SAI,23.311
Bahrain Grand Prix,13.0,RUS,30.48
Bahrain Grand Prix,13.0,BOT,49.905
Bahrain Grand Prix,13.0,PIA,65.211
Bahrain Grand Prix,14.0,VER,0.0
Bahrain Grand Prix,14.0,GAS,58.551
Bahrain Grand Prix,14.0,PER,8.462
Bahrain Grand Prix,14.0,ALO,27.515
Bahrain Grand Prix,14.0,LEC,29.775
Bahrain Grand Prix,14.0,STR,27.249
Bahrain Grand Prix,14.0,SAR,59.22
Bahrain Grand Prix,14.0,MAG,49.991
Bahrain Grand Prix,14.0,DEV,65.653
Bahrain Grand Prix,14.0,TSU,55.925
Bahrain Grand Prix,14.0,ALB,53.634
Bahrain Grand Prix,14.0,ZHO,67.367
Bahrain Grand Prix,14.0,HUL,66.768
Bahrain Grand Prix,14.0,OCO,54.435
Bahrain Grand Prix,14.0,NOR,64.49
Bahrain Grand Prix,14.0,HAM,42.505
Bahrain Grand Prix,14.0,SAI,41.022
Bahrain Grand Prix,14.0,RUS,50.454
Bahrain Grand Prix,14.0,BOT,46.708
Bahrain Grand Prix,15.0,VER,11.308
Bahrain Grand Prix,15.0,GAS,50.466
Bahrain Grand Prix,15.0,PER,0.0
Bahrain Grand Prix,15.0,ALO,40.137
Bahrain Grand Prix,15.0,LEC,21.182
Bahrain Grand Prix,15.0,STR,23.02
Bahrain Grand Prix,15.0,SAR,51.183
Bahrain Grand Prix,15.0,MAG,47.82
Bahrain Grand Prix,15.0,DEV,57.451
Bahrain Grand Prix,15.0,TSU,47.83
Bahrain Grand Prix,15.0,ALB,45.722
Bahrain Grand Prix,15.0,ZHO,59.526
Bahrain Grand Prix,15.0,HUL,58.67
Bahrain Grand Prix,15.0,OCO,49.228
Bahrain Grand Prix,15.0,NOR,56.29
Bahrain Grand Prix,15.0,HAM,33.962
Bahrain Grand Prix,15.0,SAI,31.937
Bahrain Grand Prix,15.0,RUS,40.844
Bahrain Grand Prix,15.0,BOT,38.489
Bahrain Grand Prix,16.0,VER,10.339
Bahrain Grand Prix,16.0,GAS,50.641
Bahrain Grand Prix,16.0,PER,0.0
Bahrain Grand Prix,16.0,ALO,38.909
Bahrain Grand Prix,16.0,LEC,20.365
Bahrain Grand Prix,16.0,STR,44.126
Bahrain Grand Prix,16.0,SAR,51.401
Bahrain Grand Prix,16.0,MAG,69.637
Bahrain Grand Prix,16.0,DEV,57.808
Bahrain Grand Prix,16.0,TSU,48.121
Bahrain Grand Prix,16.0,ALB,46.205
Bahrain Grand Prix,16.0,ZHO,59.754
Bahrain Grand Prix,16.0,HUL,59.036
Bahrain Grand Prix,16.0,OCO,86.166
Bahrain Grand Prix,16.0,NOR,56.38
Bahrain Grand Prix,16.0,HAM,33.809
Bahrain Grand Prix,16.0,SAI,31.6
Bahrain Grand Prix,16.0,RUS,39.907
Bahrain Grand Prix,16.0,BOT,38.213
Bahrain Grand Prix,17.0,VER,6.627
Bahrain Grand Prix,17.0,GAS,48.292
Bahrain Grand Prix,17.0,PER,0.0
Bahrain Grand Prix,17.0,ALO,35.688
Bahrain Grand Prix,17.0,LEC,17.036
Bahrain Grand Prix,17.0,STR,40.273
Bahrain Grand Prix,17.0,SAR,49.48
Bahrain Grand Prix,17.0,MAG,66.596
Bahrain Grand Prix,17.0,DEV,55.444
Bahrain Grand Prix,17.0,TSU,45.782
Bahrain Grand Prix,17.0,ALB,43.939
Bahrain Grand Prix,17.0,ZHO,57.537
Bahrain Grand Prix,17.0,HUL,57.072
Bahrain Grand Prix,17.0,OCO,83.586
Bahrain Grand Prix,17.0,NOR,56.521
Bahrain Grand Prix,17.0,HAM,31.153
Bahrain Grand Prix,17.0,SAI,28.401
Bahrain Grand Prix,17.0,RUS,37.151
Bahrain Grand Prix,17.0,BOT,36.826
Bahrain Grand Prix,18.0,VER,0.0
Bahrain Grand Prix,18.0,GAS,43.08
Bahrain Grand Prix,18.0,PER,14.556000000000001
Bahrain Grand Prix,18.0,ALO,29.571
Bahrain Grand Prix,18.0,LEC,10.593
Bahrain Grand Prix,18.0,STR,34.159
Bahrain Grand Prix,18.0,SAR,44.638
Bahrain Grand Prix,18.0,MAG,60.629
Bahrain Grand Prix,18.0,DEV,50.257
Bahrain Grand Prix,18.0,TSU,40.843
Bahrain Grand Prix,18.0,ALB,38.747
Bahrain Grand Prix,18.0,ZHO,52.169
Bahrain Grand Prix,18.0,HUL,53.154
Bahrain Grand Prix,18.0,OCO,78.231
Bahrain Grand Prix,18.0,NOR,80.887
Bahrain Grand Prix,18.0,HAM,25.602
Bahrain Grand Prix,18.0,SAI,22.447
Bahrain Grand Prix,18.0,RUS,31.337
Bahrain Grand Prix,18.0,BOT,32.825
Bahrain Grand Prix,19.0,VER,0.0
Bahrain Grand Prix,19.0,GAS,44.434
Bahrain Grand Prix,19.0,PER,14.503
Bahrain Grand Prix,19.0,ALO,30.22
Bahrain Grand Prix,19.0,LEC,10.739
Bahrain Grand Prix,19.0,STR,35.034
Bahrain Grand Prix,19.0,SAR,46.146
Bahrain Grand Prix,19.0,MAG,61.72
Bahrain Grand Prix,19.0,DEV,51.623
Bahrain Grand Prix,19.0,TSU,42.301
Bahrain Grand Prix,19.0,ALB,40.307
Bahrain Grand Prix,19.0,ZHO,53.251
Bahrain Grand Prix,19.0,HUL,55.075
Bahrain Grand Prix,19.0,OCO,79.336
Bahrain Grand Prix,19.0,NOR,81.141
Bahrain Grand Prix,19.0,HAM,26.574
Bahrain Grand Prix,19.0,SAI,22.945
Bahrain Grand Prix,19.0,RUS,32.137
Bahrain Grand Prix,19.0,BOT,34.61
Bahrain Grand Prix,20.0,VER,0.0
Bahrain Grand Prix,20.0,GAS,45.663
Bahrain Grand Prix,20.0,PER,14.163
Bahrain Grand Prix,20.0,ALO,30.75
Bahrain Grand Prix,20.0,LEC,10.582
Bahrain Grand Prix,20.0,STR,35.284
Bahrain Grand Prix,20.0,SAR,47.544
Bahrain Grand Prix,20.0,MAG,63.015
Bahrain Grand Prix,20.0,DEV,53.017
Bahrain Grand Prix,20.0,TSU,43.795
Bahrain Grand Prix,20.0,ALB,41.818
Bahrain Grand Prix,20.0,ZHO,54.359
Bahrain Grand Prix,20.0,HUL,56.782
Bahrain Grand Prix,20.0,OCO,80.357
Bahrain Grand Prix,20.0,NOR,81.698
Bahrain Grand Prix,20.0,HAM,27.264
Bahrain Grand Prix,20.0,SAI,23.253
Bahrain Grand Prix,20.0,RUS,32.927
Bahrain Grand Prix,20.0,BOT,37.264
Bahrain Grand Prix,21.0,VER,0.0
Bahrain Grand Prix,21.0,GAS,47.408
Bahrain Grand Prix,21.0,PER,13.821
Bahrain Grand Prix,21.0,ALO,31.575
Bahrain Grand Prix,21.0,LEC,10.753
Bahrain Grand Prix,21.0,STR,35.975
Bahrain Grand Prix,21.0,SAR,49.574
Bahrain Grand Prix,21.0,MAG,64.519
Bahrain Grand Prix,21.0,DEV,54.617
Bahrain Grand Prix,21.0,TSU,45.538
Bahrain Grand Prix,21.0,ALB,43.827
Bahrain Grand Prix,21.0,ZHO,55.665
Bahrain Grand Prix,21.0,HUL,58.903
Bahrain Grand Prix,21.0,OCO,81.751
Bahrain Grand Prix,21.0,NOR,82.413
Bahrain Grand Prix,21.0,HAM,28.263
Bahrain Grand Prix,21.0,SAI,23.911
Bahrain Grand Prix,21.0,RUS,33.9
Bahrain Grand Prix,21.0,BOT,39.037
Bahrain Grand Prix,22.0,VER,0.0
Bahrain Grand Prix,22.0,GAS,49.242
Bahrain Grand Prix,22.0,PER,13.339
Bahrain Grand Prix,22.0,ALO,32.124
Bahrain Grand Prix,22.0,LEC,11.264
Bahrain Grand Prix,22.0,STR,37.054
Bahrain Grand Prix,22.0,SAR,51.285
Bahrain Grand Prix,22.0,MAG,65.781
Bahrain Grand Prix,22.0,DEV,56.262
Bahrain Grand Prix,22.0,TSU,47.326
Bahrain Grand Prix,22.0,ALB,45.764
Bahrain Grand Prix,22.0,ZHO,57.129
Bahrain Grand Prix,22.0,HUL,61.186
Bahrain Grand Prix,22.0,OCO,83.128
Bahrain Grand Prix,22.0,NOR,83.67
Bahrain Grand Prix,22.0,HAM,29.072
Bahrain Grand Prix,22.0,SAI,24.713
Bahrain Grand Prix,22.0,RUS,34.687
Bahrain Grand Prix,22.0,BOT,40.742
Bahrain Grand Prix,23.0,VER,0.0
Bahrain Grand Prix,23.0,GAS,50.953
Bahrain Grand Prix,23.0,PER,13.091
Bahrain Grand Prix,23.0,ALO,32.425
Bahrain Grand Prix,23.0,LEC,11.766
Bahrain Grand Prix,23.0,STR,37.797
Bahrain Grand Prix,23.0,SAR,53.425
Bahrain Grand Prix,23.0,MAG,67.256
Bahrain Grand Prix,23.0,DEV,58.252
Bahrain Grand Prix,23.0,TSU,49.406
Bahrain Grand Prix,23.0,ALB,48.014
Bahrain Grand Prix,23.0,ZHO,59.039
Bahrain Grand Prix,23.0,HUL,63.5
Bahrain Grand Prix,23.0,OCO,85.628
Bahrain Grand Prix,23.0,NOR,84.409
Bahrain Grand Prix,23.0,HAM,29.904
Bahrain Grand Prix,23.0,SAI,25.758
Bahrain Grand Prix,23.0,RUS,35.908
Bahrain Grand Prix,23.0,BOT,42.501
Bahrain Grand Prix,24.0,VER,0.0
Bahrain Grand Prix,24.0,GAS,53.327
Bahrain Grand Prix,24.0,PER,13.056
Bahrain Grand Prix,24.0,ALO,32.916
Bahrain Grand Prix,24.0,LEC,12.350999999999999
Bahrain Grand Prix,24.0,STR,38.888
Bahrain Grand Prix,24.0,SAR,55.91
Bahrain Grand Prix,24.0,MAG,68.816
Bahrain Grand Prix,24.0,DEV,60.672
Bahrain Grand Prix,24.0,TSU,52.128
Bahrain Grand Prix,24.0,ALB,50.517
Bahrain Grand Prix,24.0,ZHO,61.155
Bahrain Grand Prix,24.0,HUL,65.968
Bahrain Grand Prix,24.0,OCO,87.623
Bahrain Grand Prix,24.0,NOR,85.718
Bahrain Grand Prix,24.0,HAM,30.884
Bahrain Grand Prix,24.0,SAI,26.685
Bahrain Grand Prix,24.0,RUS,37.164
Bahrain Grand Prix,24.0,BOT,44.541
Bahrain Grand Prix,25.0,VER,0.0
Bahrain Grand Prix,25.0,GAS,58.243
Bahrain Grand Prix,25.0,PER,14.102
Bahrain Grand Prix,25.0,ALO,33.683
Bahrain Grand Prix,25.0,LEC,13.52
Bahrain Grand Prix,25.0,STR,39.766
Bahrain Grand Prix,25.0,SAR,58.372
Bahrain Grand Prix,25.0,MAG,70.92
Bahrain Grand Prix,25.0,DEV,64.26
Bahrain Grand Prix,25.0,TSU,54.502
Bahrain Grand Prix,25.0,ALB,52.977
Bahrain Grand Prix,25.0,ZHO,62.849
Bahrain Grand Prix,25.0,HUL,68.891
Bahrain Grand Prix,25.0,OCO,89.686
Bahrain Grand Prix,25.0,NOR,86.793
Bahrain Grand Prix,25.0,HAM,31.802
Bahrain Grand Prix,25.0,SAI,27.884
Bahrain Grand Prix,25.0,RUS,38.279
Bahrain Grand Prix,25.0,BOT,46.659
Bahrain Grand Prix,26.0,VER,0.0
Bahrain Grand Prix,26.0,GAS,79.965
Bahrain Grand Prix,26.0,PER,13.874
Bahrain Grand Prix,26.0,ALO,34.128
Bahrain Grand Prix,26.0,LEC,15.506
Bahrain Grand Prix,26.0,STR,40.566
Bahrain Grand Prix,26.0,SAR,60.696
Bahrain Grand Prix,26.0,MAG,72.839
Bahrain Grand Prix,26.0,DEV,66.548
Bahrain Grand Prix,26.0,TSU,59.047
Bahrain Grand Prix,26.0,ALB,57.905
Bahrain Grand Prix,26.0,ZHO,64.594
Bahrain Grand Prix,26.0,HUL,74.14
Bahrain Grand Prix,26.0,OCO,91.525
Bahrain Grand Prix,26.0,NOR,87.551
Bahrain Grand Prix,26.0,HAM,32.459
Bahrain Grand Prix,26.0,SAI,28.533
Bahrain Grand Prix,26.0,RUS,39.059
Bahrain Grand Prix,26.0,BOT,48.477
Bahrain Grand Prix,27.0,VER,0.0
Bahrain Grand Prix,27.0,GAS,81.315
Bahrain Grand Prix,27.0,PER,13.882
Bahrain Grand Prix,27.0,ALO,35.361
Bahrain Grand Prix,27.0,LEC,16.941
Bahrain Grand Prix,27.0,STR,42.208
Bahrain Grand Prix,27.0,SAR,62.919
Bahrain Grand Prix,27.0,MAG,74.758
Bahrain Grand Prix,27.0,DEV,71.478
Bahrain Grand Prix,27.0,TSU,81.968
Bahrain Grand Prix,27.0,ALB,80.396
Bahrain Grand Prix,27.0,ZHO,66.45
Bahrain Grand Prix,27.0,HUL,108.798
Bahrain Grand Prix,27.0,OCO,93.74
Bahrain Grand Prix,27.0,NOR,91.145
Bahrain Grand Prix,27.0,HAM,33.449
Bahrain Grand Prix,27.0,SAI,29.576999999999998
Bahrain Grand Prix,27.0,RUS,40.305
Bahrain Grand Prix,27.0,BOT,50.385
Bahrain Grand Prix,28.0,VER,0.0
Bahrain Grand Prix,28.0,GAS,81.425
Bahrain Grand Prix,28.0,PER,13.442
Bahrain Grand Prix,28.0,ALO,35.909
Bahrain Grand Prix,28.0,LEC,17.908
Bahrain Grand Prix,28.0,STR,43.28
Bahrain Grand Prix,28.0,SAR,64.888
Bahrain Grand Prix,28.0,MAG,76.423
Bahrain Grand Prix,28.0,DEV,93.91
Bahrain Grand Prix,28.0,TSU,82.141
Bahrain Grand Prix,28.0,ALB,80.248
Bahrain Grand Prix,28.0,ZHO,68.211
Bahrain Grand Prix,28.0,HUL,108.128
Bahrain Grand Prix,28.0,OCO,96.115
Bahrain Grand Prix,28.0,NOR,121.157
Bahrain Grand Prix,28.0,HAM,34.063
Bahrain Grand Prix,28.0,SAI,30.4
Bahrain Grand Prix,28.0,RUS,41.102
Bahrain Grand Prix,28.0,BOT,51.75
Bahrain Grand Prix,29.0,VER,0.0
Bahrain Grand Prix,29.0,GAS,81.866
Bahrain Grand Prix,29.0,PER,13.604
Bahrain Grand Prix,29.0,ALO,36.923
Bahrain Grand Prix,29.0,LEC,18.784
Bahrain Grand Prix,29.0,STR,44.419
Bahrain Grand Prix,29.0,SAR,66.99
Bahrain Grand Prix,29.0,MAG,80.831
Bahrain Grand Prix,29.0,DEV,94.46
Bahrain Grand Prix,29.0,TSU,82.349
Bahrain Grand Prix,29.0,ALB,80.804
Bahrain Grand Prix,29.0,ZHO,70.001
Bahrain Grand Prix,29.0,HUL,107.955
Bahrain Grand Prix,29.0,OCO,99.725
Bahrain Grand Prix,29.0,NOR,120.846
Bahrain Grand Prix,29.0,HAM,34.872
Bahrain Grand Prix,29.0,SAI,31.379
Bahrain Grand Prix,29.0,RUS,42.323
Bahrain Grand Prix,29.0,BOT,56.399
Bahrain Grand Prix,30.0,VER,0.0
Bahrain Grand Prix,30.0,GAS,82.077
Bahrain Grand Prix,30.0,PER,13.455
Bahrain Grand Prix,30.0,ALO,37.656
Bahrain Grand Prix,30.0,LEC,19.625
Bahrain Grand Prix,30.0,STR,48.337
Bahrain Grand Prix,30.0,SAR,71.85
Bahrain Grand Prix,30.0,MAG,104.215
Bahrain Grand Prix,30.0,DEV,94.62
Bahrain Grand Prix,30.0,TSU,82.947
Bahrain Grand Prix,30.0,ALB,81.186
Bahrain Grand Prix,30.0,ZHO,71.834
Bahrain Grand Prix,30.0,HUL,108.023
Bahrain Grand Prix,30.0,OCO,101.933
Bahrain Grand Prix,30.0,NOR,120.902
Bahrain Grand Prix,30.0,HAM,38.498
Bahrain Grand Prix,30.0,SAI,32.431
Bahrain Grand Prix,30.0,RUS,43.315
Bahrain Grand Prix,30.0,BOT,77.736
Bahrain Grand Prix,31.0,VER,0.0
Bahrain Grand Prix,31.0,GAS,82.614
Bahrain Grand Prix,31.0,PER,13.943
Bahrain Grand Prix,31.0,ALO,38.234
Bahrain Grand Prix,31.0,LEC,20.94
Bahrain Grand Prix,31.0,STR,67.969
Bahrain Grand Prix,31.0,SAR,93.722
Bahrain Grand Prix,31.0,MAG,105.377
Bahrain Grand Prix,31.0,DEV,95.098
Bahrain Grand Prix,31.0,TSU,83.329
Bahrain Grand Prix,31.0,ALB,81.859
Bahrain Grand Prix,31.0,ZHO,74.073
Bahrain Grand Prix,31.0,HUL,108.483
Bahrain Grand Prix,31.0,OCO,104.25
Bahrain Grand Prix,31.0,NOR,121.239
Bahrain Grand Prix,31.0,HAM,60.57
Bahrain Grand Prix,31.0,SAI,36.274
Bahrain Grand Prix,31.0,RUS,46.919
Bahrain Grand Prix,31.0,BOT,77.684
Bahrain Grand Prix,32.0,VER,0.0
Bahrain Grand Prix,32.0,GAS,82.935
Bahrain Grand Prix,32.0,PER,13.974
Bahrain Grand Prix,32.0,ALO,38.414
Bahrain Grand Prix,32.0,LEC,22.197
Bahrain Grand Prix,32.0,STR,66.824
Bahrain Grand Prix,32.0,SAR,93.644
Bahrain Grand Prix,32.0,MAG,105.33
Bahrain Grand Prix,32.0,DEV,95.309
Bahrain Grand Prix,32.0,TSU,83.655
Bahrain Grand Prix,32.0,ALB,82.087
Bahrain Grand Prix,32.0,ZHO,78.478
Bahrain Grand Prix,32.0,HUL,108.598
Bahrain Grand Prix,32.0,OCO,110.855
Bahrain Grand Prix,32.0,NOR,121.659
Bahrain Grand Prix,32.0,HAM,60.442
Bahrain Grand Prix,32.0,SAI,57.075
Bahrain Grand Prix,32.0,RUS,67.922
Bahrain Grand Prix,32.0,BOT,77.668
Bahrain Grand Prix,33.0,VER,0.0
Bahrain Grand Prix,33.0,GAS,83.223
Bahrain Grand Prix,33.0,PER,14.157
Bahrain Grand Prix,33.0,ALO,38.497
Bahrain Grand Prix,33.0,LEC,25.834
Bahrain Grand Prix,33.0,STR,66.348
Bahrain Grand Prix,33.0,SAR,93.82
Bahrain Grand Prix,33.0,MAG,104.741
Bahrain Grand Prix,33.0,DEV,95.556
Bahrain Grand Prix,33.0,TSU,84.063
Bahrain Grand Prix,33.0,ALB,82.505
Bahrain Grand Prix,33.0,ZHO,100.451
Bahrain Grand Prix,33.0,HUL,108.673
Bahrain Grand Prix,33.0,OCO,151.863
Bahrain Grand Prix,33.0,NOR,121.493
Bahrain Grand Prix,33.0,HAM,60.305
Bahrain Grand Prix,33.0,SAI,56.937
Bahrain Grand Prix,33.0,RUS,67.457
Bahrain Grand Prix,33.0,BOT,77.757
Bahrain Grand Prix,34.0,VER,0.0
Bahrain Grand Prix,34.0,GAS,83.406
Bahrain Grand Prix,34.0,PER,17.004
Bahrain Grand Prix,34.0,ALO,41.011
Bahrain Grand Prix,34.0,LEC,47.472
Bahrain Grand Prix,34.0,STR,65.677
Bahrain Grand Prix,34.0,SAR,93.883
Bahrain Grand Prix,34.0,MAG,104.43
Bahrain Grand Prix,34.0,DEV,95.983
Bahrain Grand Prix,34.0,TSU,84.354
Bahrain Grand Prix,34.0,ALB,82.627
Bahrain Grand Prix,34.0,ZHO,99.649
Bahrain Grand Prix,34.0,HUL,108.729
Bahrain Grand Prix,34.0,OCO,150.821
Bahrain Grand Prix,34.0,NOR,121.641
Bahrain Grand Prix,34.0,HAM,60.601
Bahrain Grand Prix,34.0,SAI,56.573
Bahrain Grand Prix,34.0,RUS,66.929
Bahrain Grand Prix,34.0,BOT,77.692
Bahrain Grand Prix,35.0,VER,0.0
Bahrain Grand Prix,35.0,GAS,83.644
Bahrain Grand Prix,35.0,PER,37.939
Bahrain Grand Prix,35.0,ALO,60.55
Bahrain Grand Prix,35.0,LEC,47.695
Bahrain Grand Prix,35.0,STR,65.348
Bahrain Grand Prix,35.0,SAR,94.062
Bahrain Grand Prix,35.0,MAG,104.04
Bahrain Grand Prix,35.0,DEV,96.256
Bahrain Grand Prix,35.0,TSU,84.667
Bahrain Grand Prix,35.0,ALB,82.761
Bahrain Grand Prix,35.0,ZHO,99.349
Bahrain Grand Prix,35.0,HUL,108.972
Bahrain Grand Prix,35.0,OCO,149.935
Bahrain Grand Prix,35.0,NOR,121.661
Bahrain Grand Prix,35.0,HAM,59.582
Bahrain Grand Prix,35.0,SAI,56.164
Bahrain Grand Prix,35.0,RUS,66.671
Bahrain Grand Prix,35.0,BOT,77.659
Bahrain Grand Prix,36.0,VER,0.0
Bahrain Grand Prix,36.0,GAS,80.864
Bahrain Grand Prix,36.0,PER,33.795
Bahrain Grand Prix,36.0,ALO,55.742
Bahrain Grand Prix,36.0,LEC,44.044
Bahrain Grand Prix,36.0,STR,62.104
Bahrain Grand Prix,36.0,SAR,90.815
Bahrain Grand Prix,36.0,MAG,100.83
Bahrain Grand Prix,36.0,DEV,93.498
Bahrain Grand Prix,36.0,TSU,81.762
Bahrain Grand Prix,36.0,ALB,79.973
Bahrain Grand Prix,36.0,ZHO,96.342
Bahrain Grand Prix,36.0,HUL,106.253
Bahrain Grand Prix,36.0,OCO,146.335
Bahrain Grand Prix,36.0,NOR,120.583
Bahrain Grand Prix,36.0,HAM,55.164
Bahrain Grand Prix,36.0,SAI,52.906
Bahrain Grand Prix,36.0,RUS,63.314
Bahrain Grand Prix,36.0,BOT,74.522
Bahrain Grand Prix,37.0,VER,0.0
Bahrain Grand Prix,37.0,GAS,60.507
Bahrain Grand Prix,37.0,PER,11.649000000000001
Bahrain Grand Prix,37.0,ALO,34.683
Bahrain Grand Prix,37.0,LEC,22.724
Bahrain Grand Prix,37.0,STR,41.294
Bahrain Grand Prix,37.0,SAR,70.156
Bahrain Grand Prix,37.0,MAG,80.338
Bahrain Grand Prix,37.0,DEV,73.431
Bahrain Grand Prix,37.0,TSU,61.347
Bahrain Grand Prix,37.0,ALB,59.521
Bahrain Grand Prix,37.0,ZHO,75.855
Bahrain Grand Prix,37.0,HUL,85.871
Bahrain Grand Prix,37.0,OCO,125.183
Bahrain Grand Prix,37.0,NOR,102.29
Bahrain Grand Prix,37.0,HAM,34.062
Bahrain Grand Prix,37.0,SAI,31.546
Bahrain Grand Prix,37.0,RUS,42.646
Bahrain Grand Prix,37.0,BOT,53.806
Bahrain Grand Prix,38.0,VER,0.0
Bahrain Grand Prix,38.0,GAS,62.318
Bahrain Grand Prix,38.0,PER,11.783
Bahrain Grand Prix,38.0,ALO,35.388
Bahrain Grand Prix,38.0,LEC,23.597
Bahrain Grand Prix,38.0,STR,42.271
Bahrain Grand Prix,38.0,SAR,71.874
Bahrain Grand Prix,38.0,MAG,82.344
Bahrain Grand Prix,38.0,DEV,75.513
Bahrain Grand Prix,38.0,TSU,63.134
Bahrain Grand Prix,38.0,ALB,61.554
Bahrain Grand Prix,38.0,ZHO,77.98
Bahrain Grand Prix,38.0,HUL,87.765
Bahrain Grand Prix,38.0,OCO,126.102
Bahrain Grand Prix,38.0,NOR,134.675
Bahrain Grand Prix,38.0,HAM,36.069
Bahrain Grand Prix,38.0,SAI,32.693
Bahrain Grand Prix,38.0,RUS,44.009
Bahrain Grand Prix,38.0,BOT,55.167
Bahrain Grand Prix,39.0,VER,0.0
Bahrain Grand Prix,39.0,GAS,64.409
Bahrain Grand Prix,39.0,PER,11.766
Bahrain Grand Prix,39.0,ALO,36.185
Bahrain Grand Prix,39.0,LEC,24.438
Bahrain Grand Prix,39.0,STR,43.281
Bahrain Grand Prix,39.0,SAR,73.399
Bahrain Grand Prix,39.0,MAG,84.485
Bahrain Grand Prix,39.0,DEV,77.602
Bahrain Grand Prix,39.0,TSU,65.107
Bahrain Grand Prix,39.0,ALB,63.454
Bahrain Grand Prix,39.0,ZHO,79.902
Bahrain Grand Prix,39.0,HUL,89.503
Bahrain Grand Prix,39.0,OCO,127.179
Bahrain Grand Prix,39.0,NOR,136.576
Bahrain Grand Prix,39.0,HAM,37.101
Bahrain Grand Prix,39.0,SAI,33.65
Bahrain Grand Prix,39.0,RUS,45.058
Bahrain Grand Prix,39.0,BOT,56.505
Bahrain Grand Prix,40.0,VER,0.0
Bahrain Grand Prix,40.0,GAS,77.174
Bahrain Grand Prix,40.0,PER,11.938
Bahrain Grand Prix,40.0,ALO,36.451
Bahrain Grand Prix,40.0,LEC,77.496
Bahrain Grand Prix,40.0,STR,44.255
Bahrain Grand Prix,40.0,SAR,90.21
Bahrain Grand Prix,40.0,MAG,105.34
Bahrain Grand Prix,40.0,DEV,94.204
Bahrain Grand Prix,40.0,TSU,78.515
Bahrain Grand Prix,40.0,ALB,76.689
Bahrain Grand Prix,40.0,ZHO,96.416
Bahrain Grand Prix,40.0,HUL,111.25
Bahrain Grand Prix,40.0,OCO,158.26
Bahrain Grand Prix,40.0,NOR,167.604
Bahrain Grand Prix,40.0,HAM,37.653
Bahrain Grand Prix,40.0,SAI,34.295
Bahrain Grand Prix,40.0,RUS,46.201
Bahrain Grand Prix,40.0,BOT,69.939
Bahrain Grand Prix,41.0,VER,0.0
Bahrain Grand Prix,41.0,GAS,85.223
Bahrain Grand Prix,41.0,PER,14.965
Bahrain Grand Prix,41.0,ALO,42.669
Bahrain Grand Prix,41.0,STR,50.569
Bahrain Grand Prix,41.0,SAR,95.329
Bahrain Grand Prix,41.0,MAG,107.392
Bahrain Grand Prix,41.0,DEV,88.068
Bahrain Grand Prix,41.0,TSU,88.802
Bahrain Grand Prix,41.0,ALB,84.853
Bahrain Grand Prix,41.0,ZHO,88.421
Bahrain Grand Prix,41.0,HUL,116.03
Bahrain Grand Prix,41.0,OCO,140.449
Bahrain Grand Prix,41.0,NOR,143.814
Bahrain Grand Prix,41.0,HAM,43.649
Bahrain Grand Prix,41.0,SAI,40.236
Bahrain Grand Prix,41.0,RUS,51.999
Bahrain Grand Prix,41.0,BOT,64.725
Bahrain Grand Prix,42.0,VER,0.0
Bahrain Grand Prix,42.0,GAS,75.467
Bahrain Grand Prix,42.0,PER,9.798
Bahrain Grand Prix,42.0,ALO,34.179
Bahrain Grand Prix,42.0,STR,43.043
Bahrain Grand Prix,42.0,SAR,86.542
Bahrain Grand Prix,42.0,MAG,99.039
Bahrain Grand Prix,42.0,DEV,83.117
Bahrain Grand Prix,42.0,TSU,80.615
Bahrain Grand Prix,42.0,ALB,77.24
Bahrain Grand Prix,42.0,ZHO,83.501
Bahrain Grand Prix,42.0,HUL,107.822
Bahrain Grand Prix,42.0,NOR,135.658
Bahrain Grand Prix,42.0,HAM,35.886
Bahrain Grand Prix,42.0,SAI,32.787
Bahrain Grand Prix,42.0,RUS,44.21
Bahrain Grand Prix,42.0,BOT,57.637
Bahrain Grand Prix,43.0,VER,0.0
Bahrain Grand Prix,43.0,GAS,74.519
Bahrain Grand Prix,43.0,PER,9.462
Bahrain Grand Prix,43.0,ALO,34.2
Bahrain Grand Prix,43.0,STR,43.457
Bahrain Grand Prix,43.0,SAR,86.453
Bahrain Grand Prix,43.0,MAG,99.091
Bahrain Grand Prix,43.0,DEV,86.404
Bahrain Grand Prix,43.0,TSU,80.753
Bahrain Grand Prix,43.0,ALB,77.494
Bahrain Grand Prix,43.0,ZHO,84.922
Bahrain Grand Prix,43.0,HUL,107.725
Bahrain Grand Prix,43.0,NOR,135.455
Bahrain Grand Prix,43.0,HAM,36.107
Bahrain Grand Prix,43.0,SAI,33.191
Bahrain Grand Prix,43.0,RUS,44.8
Bahrain Grand Prix,43.0,BOT,58.56
Bahrain Grand Prix,44.0,VER,0.0
Bahrain Grand Prix,44.0,GAS,74.075
Bahrain Grand Prix,44.0,PER,10.204
Bahrain Grand Prix,44.0,ALO,34.986
Bahrain Grand Prix,44.0,STR,44.52
Bahrain Grand Prix,44.0,SAR,87.624
Bahrain Grand Prix,44.0,MAG,99.443
Bahrain Grand Prix,44.0,DEV,89.756
Bahrain Grand Prix,44.0,TSU,81.527
Bahrain Grand Prix,44.0,ALB,78.585
Bahrain Grand Prix,44.0,ZHO,86.66
Bahrain Grand Prix,44.0,HUL,108.565
Bahrain Grand Prix,44.0,NOR,136.438
Bahrain Grand Prix,44.0,HAM,36.919
Bahrain Grand Prix,44.0,SAI,34.344
Bahrain Grand Prix,44.0,RUS,46.161
Bahrain Grand Prix,44.0,BOT,60.192
Bahrain Grand Prix,45.0,VER,0.0
Bahrain Grand Prix,45.0,GAS,73.246
Bahrain Grand Prix,45.0,PER,10.117
Bahrain Grand Prix,45.0,ALO,35.902
Bahrain Grand Prix,45.0,STR,44.727
Bahrain Grand Prix,45.0,SAR,88.071
Bahrain Grand Prix,45.0,MAG,99.554
Bahrain Grand Prix,45.0,DEV,91.63
Bahrain Grand Prix,45.0,TSU,81.533
Bahrain Grand Prix,45.0,ALB,79.073
Bahrain Grand Prix,45.0,ZHO,87.595
Bahrain Grand Prix,45.0,HUL,108.864
Bahrain Grand Prix,45.0,NOR,136.849
Bahrain Grand Prix,45.0,HAM,37.565
Bahrain Grand Prix,45.0,SAI,36.89
Bahrain Grand Prix,45.0,RUS,46.462
Bahrain Grand Prix,45.0,BOT,60.865
Bahrain Grand Prix,46.0,VER,0.0
Bahrain Grand Prix,46.0,GAS,72.586
Bahrain Grand Prix,46.0,PER,10.673
Bahrain Grand Prix,46.0,ALO,36.288
Bahrain Grand Prix,46.0,STR,45.588
Bahrain Grand Prix,46.0,SAR,89.811
Bahrain Grand Prix,46.0,MAG,100.442
Bahrain Grand Prix,46.0,DEV,93.8
Bahrain Grand Prix,46.0,TSU,82.09
Bahrain Grand Prix,46.0,ALB,79.949
Bahrain Grand Prix,46.0,ZHO,89.23
Bahrain Grand Prix,46.0,HUL,112.135
Bahrain Grand Prix,46.0,NOR,137.804
Bahrain Grand Prix,46.0,HAM,38.643
Bahrain Grand Prix,46.0,SAI,38.033
Bahrain Grand Prix,46.0,RUS,47.332
Bahrain Grand Prix,46.0,BOT,61.994
Bahrain Grand Prix,47.0,VER,0.0
Bahrain Grand Prix,47.0,GAS,71.697
Bahrain Grand Prix,47.0,PER,10.325
Bahrain Grand Prix,47.0,ALO,36.605
Bahrain Grand Prix,47.0,STR,45.836
Bahrain Grand Prix,47.0,SAR,90.029
Bahrain Grand Prix,47.0,MAG,101.062
Bahrain Grand Prix,47.0,DEV,95.712
Bahrain Grand Prix,47.0,TSU,82.44
Bahrain Grand Prix,47.0,ALB,80.485
Bahrain Grand Prix,47.0,ZHO,91.774
Bahrain Grand Prix,47.0,HUL,111.932
Bahrain Grand Prix,47.0,NOR,141.228
Bahrain Grand Prix,47.0,HAM,40.151
Bahrain Grand Prix,47.0,SAI,39.246
Bahrain Grand Prix,47.0,RUS,47.755
Bahrain Grand Prix,47.0,BOT,62.8
Bahrain Grand Prix,48.0,VER,0.0
Bahrain Grand Prix,48.0,GAS,71.147
Bahrain Grand Prix,48.0,PER,10.266
Bahrain Grand Prix,48.0,ALO,36.47
Bahrain Grand Prix,48.0,STR,46.366
Bahrain Grand Prix,48.0,SAR,90.179
Bahrain Grand Prix,48.0,MAG,101.751
Bahrain Grand Prix,48.0,DEV,99.235
Bahrain Grand Prix,48.0,TSU,82.76
Bahrain Grand Prix,48.0,ALB,81.251
Bahrain Grand Prix,48.0,ZHO,93.452
Bahrain Grand Prix,48.0,HUL,112.1
Bahrain Grand Prix,48.0,NOR,171.215
Bahrain Grand Prix,48.0,HAM,41.077
Bahrain Grand Prix,48.0,SAI,40.225
Bahrain Grand Prix,48.0,RUS,48.357
Bahrain Grand Prix,48.0,BOT,63.382
Bahrain Grand Prix,49.0,VER,0.0
Bahrain Grand Prix,49.0,GAS,70.988
Bahrain Grand Prix,49.0,PER,10.353
Bahrain Grand Prix,49.0,ALO,36.234
Bahrain Grand Prix,49.0,STR,46.955
Bahrain Grand Prix,49.0,SAR,90.442
Bahrain Grand Prix,49.0,MAG,102.528
Bahrain Grand Prix,49.0,DEV,101.258
Bahrain Grand Prix,49.0,TSU,83.326
Bahrain Grand Prix,49.0,ALB,81.898
Bahrain Grand Prix,49.0,ZHO,95.118
Bahrain Grand Prix,49.0,HUL,112.215
Bahrain Grand Prix,49.0,NOR,173.333
Bahrain Grand Prix,49.0,HAM,42.069
Bahrain Grand Prix,49.0,SAI,41.028
Bahrain Grand Prix,49.0,RUS,49.113
Bahrain Grand Prix,49.0,BOT,64.27
Bahrain Grand Prix,50.0,VER,0.0
Bahrain Grand Prix,50.0,GAS,70.289
Bahrain Grand Prix,50.0,PER,10.834
Bahrain Grand Prix,50.0,ALO,35.315
Bahrain Grand Prix,50.0,STR,47.093
Bahrain Grand Prix,50.0,SAR,90.482
Bahrain Grand Prix,50.0,MAG,103.593
Bahrain Grand Prix,50.0,DEV,103.097
Bahrain Grand Prix,50.0,TSU,83.7
Bahrain Grand Prix,50.0,ALB,82.343
Bahrain Grand Prix,50.0,ZHO,97.761
Bahrain Grand Prix,50.0,HUL,112.207
Bahrain Grand Prix,50.0,NOR,171.34
Bahrain Grand Prix,50.0,HAM,42.589
Bahrain Grand Prix,50.0,SAI,41.382
Bahrain Grand Prix,50.0,RUS,49.246
Bahrain Grand Prix,50.0,BOT,64.73
Bahrain Grand Prix,51.0,VER,0.0
Bahrain Grand Prix,51.0,GAS,69.497
Bahrain Grand Prix,51.0,PER,10.456
Bahrain Grand Prix,51.0,ALO,34.848
Bahrain Grand Prix,51.0,STR,47.532
Bahrain Grand Prix,51.0,SAR,90.527
Bahrain Grand Prix,51.0,MAG,104.323
Bahrain Grand Prix,51.0,DEV,106.145
Bahrain Grand Prix,51.0,TSU,83.979
Bahrain Grand Prix,51.0,ALB,82.643
Bahrain Grand Prix,51.0,ZHO,99.053
Bahrain Grand Prix,51.0,HUL,112.086
Bahrain Grand Prix,51.0,NOR,169.735
Bahrain Grand Prix,51.0,HAM,43.176
Bahrain Grand Prix,51.0,SAI,41.627
Bahrain Grand Prix,51.0,RUS,49.644
Bahrain Grand Prix,51.0,BOT,65.119
Bahrain Grand Prix,52.0,VER,0.0
Bahrain Grand Prix,52.0,GAS,69.469
Bahrain Grand Prix,52.0,PER,10.599
Bahrain Grand Prix,52.0,ALO,34.939
Bahrain Grand Prix,52.0,STR,48.192
Bahrain Grand Prix,52.0,SAR,91.064
Bahrain Grand Prix,52.0,MAG,105.367
Bahrain Grand Prix,52.0,DEV,109.556
Bahrain Grand Prix,52.0,TSU,84.65
Bahrain Grand Prix,52.0,ALB,83.585
Bahrain Grand Prix,52.0,ZHO,100.847
Bahrain Grand Prix,52.0,HUL,113.084
Bahrain Grand Prix,52.0,NOR,168.968
Bahrain Grand Prix,52.0,HAM,44.06
Bahrain Grand Prix,52.0,SAI,42.198
Bahrain Grand Prix,52.0,RUS,50.314
Bahrain Grand Prix,52.0,BOT,66.147
Bahrain Grand Prix,53.0,VER,0.0
Bahrain Grand Prix,53.0,GAS,69.558
Bahrain Grand Prix,53.0,PER,11.054
Bahrain Grand Prix,53.0,ALO,35.059
Bahrain Grand Prix,53.0,STR,49.681
Bahrain Grand Prix,53.0,SAR,91.836
Bahrain Grand Prix,53.0,MAG,106.459
Bahrain Grand Prix,53.0,DEV,111.816
Bahrain Grand Prix,53.0,TSU,85.435
Bahrain Grand Prix,53.0,ALB,84.473
Bahrain Grand Prix,53.0,ZHO,102.591
Bahrain Grand Prix,53.0,HUL,114.261
Bahrain Grand Prix,53.0,NOR,168.578
Bahrain Grand Prix,53.0,HAM,45.158
Bahrain Grand Prix,53.0,SAI,42.968
Bahrain Grand Prix,53.0,RUS,51.265
Bahrain Grand Prix,53.0,BOT,67.113
Bahrain Grand Prix,54.0,VER,0.0
Bahrain Grand Prix,54.0,GAS,70.102
Bahrain Grand Prix,54.0,PER,11.672
Bahrain Grand Prix,54.0,ALO,35.98
Bahrain Grand Prix,54.0,STR,50.6
Bahrain Grand Prix,54.0,SAR,93.094
Bahrain Grand Prix,54.0,MAG,109.432
Bahrain Grand Prix,54.0,DEV,114.023
Bahrain Grand Prix,54.0,TSU,86.477
Bahrain Grand Prix,54.0,ALB,85.575
Bahrain Grand Prix,54.0,ZHO,107.88
Bahrain Grand Prix,54.0,HUL,116.041
Bahrain Grand Prix,54.0,NOR,171.689
Bahrain Grand Prix,54.0,HAM,46.556
Bahrain Grand Prix,54.0,SAI,43.984
Bahrain Grand Prix,54.0,RUS,52.51
Bahrain Grand Prix,54.0,BOT,68.173
Bahrain Grand Prix,55.0,VER,0.0
Bahrain Grand Prix,55.0,GAS,71.339
Bahrain Grand Prix,55.0,PER,12.442
Bahrain Grand Prix,55.0,ALO,37.32
Bahrain Grand Prix,55.0,STR,51.979
Bahrain Grand Prix,55.0,SAR,95.088
Bahrain Grand Prix,55.0,MAG,111.556
Bahrain Grand Prix,55.0,DEV,116.94
Bahrain Grand Prix,55.0,TSU,88.1
Bahrain Grand Prix,55.0,ALB,87.056
Bahrain Grand Prix,55.0,ZHO,139.231
Bahrain Grand Prix,55.0,HUL,118.283
Bahrain Grand Prix,55.0,NOR,200.214
Bahrain Grand Prix,55.0,HAM,48.189
Bahrain Grand Prix,55.0,SAI,45.483
Bahrain Grand Prix,55.0,RUS,54.048
Bahrain Grand Prix,55.0,BOT,69.658
Bahrain Grand Prix,56.0,VER,0.0
Bahrain Grand Prix,56.0,GAS,71.979
Bahrain Grand Prix,56.0,PER,11.802
Bahrain Grand Prix,56.0,ALO,37.588
Bahrain Grand Prix,56.0,STR,52.884
Bahrain Grand Prix,56.0,SAR,97.509
Bahrain Grand Prix,56.0,MAG,113.13
Bahrain Grand Prix,56.0,DEV,118.896
Bahrain Grand Prix,56.0,TSU,88.997
Bahrain Grand Prix,56.0,ALB,88.01
Bahrain Grand Prix,56.0,ZHO,136.022
Bahrain Grand Prix,56.0,HUL,120.284
Bahrain Grand Prix,56.0,HAM,49.095
Bahrain Grand Prix,56.0,SAI,46.404
Bahrain Grand Prix,56.0,RUS,54.479
Bahrain Grand Prix,56.0,BOT,70.613
Bahrain Grand Prix,57.0,VER,0.0
Bahrain Grand Prix,57.0,GAS,73.753
Bahrain Grand Prix,57.0,PER,11.987
Bahrain Grand Prix,57.0,ALO,38.637
Bahrain Grand Prix,57.0,STR,54.502
Bahrain Grand Prix,57.0,TSU,90.87
Bahrain Grand Prix,57.0,ALB,89.774
Bahrain Grand Prix,57.0,HAM,50.977
Bahrain Grand Prix,57.0,SAI,48.052
Bahrain Grand Prix,57.0,RUS,55.873
Bahrain Grand Prix,57.0,BOT,72.647
Saudi Arabian Grand Prix,1.0,VER,8.371
Saudi Arabian Grand Prix,1.0,GAS,5.321
Saudi Arabian Grand Prix,1.0,PER,0.406
Saudi Arabian Grand Prix,1.0,ALO,0.0
Saudi Arabian Grand Prix,1.0,LEC,6.455
Saudi Arabian Grand Prix,1.0,STR,2.242
Saudi Arabian Grand Prix,1.0,SAR,10.501
Saudi Arabian Grand Prix,1.0,MAG,7.843
Saudi Arabian Grand Prix,1.0,DEV,9.889
Saudi Arabian Grand Prix,1.0,TSU,8.738
Saudi Arabian Grand Prix,1.0,ALB,9.134
Saudi Arabian Grand Prix,1.0,ZHO,7.713
Saudi Arabian Grand Prix,1.0,HUL,7.902
Saudi Arabian Grand Prix,1.0,OCO,3.394
Saudi Arabian Grand Prix,1.0,NOR,9.472
Saudi Arabian Grand Prix,1.0,HAM,4.187
Saudi Arabian Grand Prix,1.0,SAI,2.5620000000000003
Saudi Arabian Grand Prix,1.0,RUS,1.8010000000000002
Saudi Arabian Grand Prix,1.0,BOT,8.761
Saudi Arabian Grand Prix,1.0,PIA,10.403
Saudi Arabian Grand Prix,2.0,VER,10.484
Saudi Arabian Grand Prix,2.0,GAS,6.8100000000000005
Saudi Arabian Grand Prix,2.0,PER,0.745
Saudi Arabian Grand Prix,2.0,ALO,0.0
Saudi Arabian Grand Prix,2.0,LEC,7.795
Saudi Arabian Grand Prix,2.0,STR,2.999
Saudi Arabian Grand Prix,2.0,SAR,14.36
Saudi Arabian Grand Prix,2.0,MAG,9.495
Saudi Arabian Grand Prix,2.0,DEV,15.07
Saudi Arabian Grand Prix,2.0,TSU,11.342
Saudi Arabian Grand Prix,2.0,ALB,12.483
Saudi Arabian Grand Prix,2.0,ZHO,8.761
Saudi Arabian Grand Prix,2.0,HUL,10.005
Saudi Arabian Grand Prix,2.0,OCO,4.833
Saudi Arabian Grand Prix,2.0,NOR,16.975
Saudi Arabian Grand Prix,2.0,HAM,5.808
Saudi Arabian Grand Prix,2.0,SAI,3.578
Saudi Arabian Grand Prix,2.0,RUS,2.348
Saudi Arabian Grand Prix,2.0,BOT,11.957
Saudi Arabian Grand Prix,2.0,PIA,39.641
Saudi Arabian Grand Prix,3.0,VER,11.87
Saudi Arabian Grand Prix,3.0,GAS,7.714
Saudi Arabian Grand Prix,3.0,PER,0.434
Saudi Arabian Grand Prix,3.0,ALO,0.0
Saudi Arabian Grand Prix,3.0,LEC,8.48
Saudi Arabian Grand Prix,3.0,STR,3.098
Saudi Arabian Grand Prix,3.0,SAR,16.217
Saudi Arabian Grand Prix,3.0,MAG,11.151
Saudi Arabian Grand Prix,3.0,DEV,16.875
Saudi Arabian Grand Prix,3.0,TSU,13.352
Saudi Arabian Grand Prix,3.0,ALB,14.408
Saudi Arabian Grand Prix,3.0,ZHO,9.881
Saudi Arabian Grand Prix,3.0,HUL,11.403
Saudi Arabian Grand Prix,3.0,OCO,5.759
Saudi Arabian Grand Prix,3.0,NOR,45.369
Saudi Arabian Grand Prix,3.0,HAM,7.296
Saudi Arabian Grand Prix,3.0,SAI,3.792
Saudi Arabian Grand Prix,3.0,RUS,2.508
Saudi Arabian Grand Prix,3.0,BOT,13.773
Saudi Arabian Grand Prix,3.0,PIA,40.135
Saudi Arabian Grand Prix,4.0,VER,12.288
Saudi Arabian Grand Prix,4.0,GAS,7.92
Saudi Arabian Grand Prix,4.0,PER,0.0
Saudi Arabian Grand Prix,4.0,ALO,0.579
Saudi Arabian Grand Prix,4.0,LEC,8.266
Saudi Arabian Grand Prix,4.0,STR,2.573
Saudi Arabian Grand Prix,4.0,SAR,16.976
Saudi Arabian Grand Prix,4.0,MAG,12.164
Saudi Arabian Grand Prix,4.0,DEV,17.637
Saudi Arabian Grand Prix,4.0,TSU,14.273
Saudi Arabian Grand Prix,4.0,ALB,15.236
Saudi Arabian Grand Prix,4.0,ZHO,10.155
Saudi Arabian Grand Prix,4.0,HUL,12.911
Saudi Arabian Grand Prix,4.0,OCO,5.4030000000000005
Saudi Arabian Grand Prix,4.0,NOR,45.911
Saudi Arabian Grand Prix,4.0,HAM,7.474
Saudi Arabian Grand Prix,4.0,SAI,3.135
Saudi Arabian Grand Prix,4.0,RUS,2.019
Saudi Arabian Grand Prix,4.0,BOT,14.899000000000001
Saudi Arabian Grand Prix,4.0,PIA,39.562
Saudi Arabian Grand Prix,5.0,VER,12.774000000000001
Saudi Arabian Grand Prix,5.0,GAS,9.02
Saudi Arabian Grand Prix,5.0,PER,0.0
Saudi Arabian Grand Prix,5.0,ALO,0.626
Saudi Arabian Grand Prix,5.0,LEC,9.668
Saudi Arabian Grand Prix,5.0,STR,3.171
Saudi Arabian Grand Prix,5.0,SAR,18.984
Saudi Arabian Grand Prix,5.0,MAG,14.589
Saudi Arabian Grand Prix,5.0,DEV,19.756
Saudi Arabian Grand Prix,5.0,TSU,16.105
Saudi Arabian Grand Prix,5.0,ALB,17.471
Saudi Arabian Grand Prix,5.0,ZHO,11.596
Saudi Arabian Grand Prix,5.0,HUL,14.791
Saudi Arabian Grand Prix,5.0,OCO,6.379
Saudi Arabian Grand Prix,5.0,NOR,46.967
Saudi Arabian Grand Prix,5.0,HAM,8.468
Saudi Arabian Grand Prix,5.0,SAI,3.695
Saudi Arabian Grand Prix,5.0,RUS,2.569
Saudi Arabian Grand Prix,5.0,BOT,16.623
Saudi Arabian Grand Prix,5.0,PIA,40.351
Saudi Arabian Grand Prix,6.0,VER,13.993
Saudi Arabian Grand Prix,6.0,GAS,10.236
Saudi Arabian Grand Prix,6.0,PER,0.0
Saudi Arabian Grand Prix,6.0,ALO,0.663
Saudi Arabian Grand Prix,6.0,LEC,10.394
Saudi Arabian Grand Prix,6.0,STR,4.101
Saudi Arabian Grand Prix,6.0,SAR,21.406
Saudi Arabian Grand Prix,6.0,MAG,16.978
Saudi Arabian Grand Prix,6.0,DEV,21.997
Saudi Arabian Grand Prix,6.0,TSU,18.272
Saudi Arabian Grand Prix,6.0,ALB,19.854
Saudi Arabian Grand Prix,6.0,ZHO,12.903
Saudi Arabian Grand Prix,6.0,HUL,16.265
Saudi Arabian Grand Prix,6.0,OCO,7.552
Saudi Arabian Grand Prix,6.0,NOR,48.309
Saudi Arabian Grand Prix,6.0,HAM,9.82
Saudi Arabian Grand Prix,6.0,SAI,4.741
Saudi Arabian Grand Prix,6.0,RUS,3.425
Saudi Arabian Grand Prix,6.0,BOT,19.42
Saudi Arabian Grand Prix,6.0,PIA,41.089
Saudi Arabian Grand Prix,7.0,VER,15.403
Saudi Arabian Grand Prix,7.0,GAS,13.096
Saudi Arabian Grand Prix,7.0,PER,0.0
Saudi Arabian Grand Prix,7.0,ALO,0.808
Saudi Arabian Grand Prix,7.0,LEC,12.234
Saudi Arabian Grand Prix,7.0,STR,4.964
Saudi Arabian Grand Prix,7.0,SAR,24.411
Saudi Arabian Grand Prix,7.0,MAG,19.005
Saudi Arabian Grand Prix,7.0,DEV,24.807
Saudi Arabian Grand Prix,7.0,TSU,20.65
Saudi Arabian Grand Prix,7.0,ALB,23.154
Saudi Arabian Grand Prix,7.0,ZHO,15.132
Saudi Arabian Grand Prix,7.0,HUL,18.386
Saudi Arabian Grand Prix,7.0,OCO,9.122
Saudi Arabian Grand Prix,7.0,NOR,49.803
Saudi Arabian Grand Prix,7.0,HAM,11.636
Saudi Arabian Grand Prix,7.0,SAI,5.68
Saudi Arabian Grand Prix,7.0,RUS,4.404
Saudi Arabian Grand Prix,7.0,BOT,22.817
Saudi Arabian Grand Prix,7.0,PIA,42.448
Saudi Arabian Grand Prix,8.0,VER,16.055
Saudi Arabian Grand Prix,8.0,GAS,15.264
Saudi Arabian Grand Prix,8.0,PER,0.0
Saudi Arabian Grand Prix,8.0,ALO,0.729
Saudi Arabian Grand Prix,8.0,LEC,13.615
Saudi Arabian Grand Prix,8.0,STR,6.103
Saudi Arabian Grand Prix,8.0,SAR,28.193
Saudi Arabian Grand Prix,8.0,MAG,23.715
Saudi Arabian Grand Prix,8.0,DEV,27.55
Saudi Arabian Grand Prix,8.0,TSU,22.742
Saudi Arabian Grand Prix,8.0,ALB,25.73
Saudi Arabian Grand Prix,8.0,ZHO,17.789
Saudi Arabian Grand Prix,8.0,HUL,20.191
Saudi Arabian Grand Prix,8.0,OCO,10.857
Saudi Arabian Grand Prix,8.0,NOR,50.849
Saudi Arabian Grand Prix,8.0,HAM,13.281
Saudi Arabian Grand Prix,8.0,SAI,6.524
Saudi Arabian Grand Prix,8.0,RUS,5.084
Saudi Arabian Grand Prix,8.0,BOT,27.171
Saudi Arabian Grand Prix,8.0,PIA,43.597
Saudi Arabian Grand Prix,9.0,VER,17.361
Saudi Arabian Grand Prix,9.0,GAS,17.558
Saudi Arabian Grand Prix,9.0,PER,0.0
Saudi Arabian Grand Prix,9.0,ALO,0.874
Saudi Arabian Grand Prix,9.0,LEC,14.724
Saudi Arabian Grand Prix,9.0,STR,7.966
Saudi Arabian Grand Prix,9.0,SAR,31.097
Saudi Arabian Grand Prix,9.0,MAG,42.424
Saudi Arabian Grand Prix,9.0,DEV,30.544
Saudi Arabian Grand Prix,9.0,TSU,24.772
Saudi Arabian Grand Prix,9.0,ALB,27.601
Saudi Arabian Grand Prix,9.0,ZHO,19.985
Saudi Arabian Grand Prix,9.0,HUL,22.549
Saudi Arabian Grand Prix,9.0,OCO,12.526
Saudi Arabian Grand Prix,9.0,NOR,52.315
Saudi Arabian Grand Prix,9.0,HAM,16.004
Saudi Arabian Grand Prix,9.0,SAI,8.647
Saudi Arabian Grand Prix,9.0,RUS,6.719
Saudi Arabian Grand Prix,9.0,BOT,32.533
Saudi Arabian Grand Prix,9.0,PIA,45.242
Saudi Arabian Grand Prix,10.0,VER,18.698
Saudi Arabian Grand Prix,10.0,GAS,19.714
Saudi Arabian Grand Prix,10.0,PER,0.0
Saudi Arabian Grand Prix,10.0,ALO,1.603
Saudi Arabian Grand Prix,10.0,LEC,16.23
Saudi Arabian Grand Prix,10.0,STR,9.303
Saudi Arabian Grand Prix,10.0,SAR,33.748
Saudi Arabian Grand Prix,10.0,MAG,44.152
Saudi Arabian Grand Prix,10.0,DEV,33.03
Saudi Arabian Grand Prix,10.0,TSU,26.853
Saudi Arabian Grand Prix,10.0,ALB,29.806
Saudi Arabian Grand Prix,10.0,ZHO,22.132
Saudi Arabian Grand Prix,10.0,HUL,24.609
Saudi Arabian Grand Prix,10.0,OCO,14.375
Saudi Arabian Grand Prix,10.0,NOR,54.35
Saudi Arabian Grand Prix,10.0,HAM,17.874
Saudi Arabian Grand Prix,10.0,SAI,10.597
Saudi Arabian Grand Prix,10.0,RUS,7.878
Saudi Arabian Grand Prix,10.0,BOT,52.916
Saudi Arabian Grand Prix,10.0,PIA,46.918
Saudi Arabian Grand Prix,11.0,VER,19.929
Saudi Arabian Grand Prix,11.0,GAS,21.661
Saudi Arabian Grand Prix,11.0,PER,0.0
Saudi Arabian Grand Prix,11.0,ALO,2.51
Saudi Arabian Grand Prix,11.0,LEC,17.28
Saudi Arabian Grand Prix,11.0,STR,10.74
Saudi Arabian Grand Prix,11.0,SAR,36.408
Saudi Arabian Grand Prix,11.0,MAG,45.833
Saudi Arabian Grand Prix,11.0,DEV,35.475
Saudi Arabian Grand Prix,11.0,TSU,28.978
Saudi Arabian Grand Prix,11.0,ALB,31.642
Saudi Arabian Grand Prix,11.0,ZHO,27.304
Saudi Arabian Grand Prix,11.0,HUL,29.6
Saudi Arabian Grand Prix,11.0,OCO,16.201
Saudi Arabian Grand Prix,11.0,NOR,56.375
Saudi Arabian Grand Prix,11.0,HAM,19.708
Saudi Arabian Grand Prix,11.0,SAI,12.364
Saudi Arabian Grand Prix,11.0,RUS,9.203
Saudi Arabian Grand Prix,11.0,BOT,55.059
Saudi Arabian Grand Prix,11.0,PIA,48.742
Saudi Arabian Grand Prix,12.0,VER,20.617
Saudi Arabian Grand Prix,12.0,GAS,23.629
Saudi Arabian Grand Prix,12.0,PER,0.0
Saudi Arabian Grand Prix,12.0,ALO,3.277
Saudi Arabian Grand Prix,12.0,LEC,18.558
Saudi Arabian Grand Prix,12.0,STR,13.102
Saudi Arabian Grand Prix,12.0,SAR,38.893
Saudi Arabian Grand Prix,12.0,MAG,47.478
Saudi Arabian Grand Prix,12.0,DEV,37.597
Saudi Arabian Grand Prix,12.0,TSU,30.657
Saudi Arabian Grand Prix,12.0,ALB,33.548
Saudi Arabian Grand Prix,12.0,ZHO,49.018
Saudi Arabian Grand Prix,12.0,HUL,48.893
Saudi Arabian Grand Prix,12.0,OCO,18.307
Saudi Arabian Grand Prix,12.0,NOR,58.5
Saudi Arabian Grand Prix,12.0,HAM,22.116
Saudi Arabian Grand Prix,12.0,SAI,14.148
Saudi Arabian Grand Prix,12.0,RUS,10.326
Saudi Arabian Grand Prix,12.0,BOT,56.826
Saudi Arabian Grand Prix,12.0,PIA,50.946
Saudi Arabian Grand Prix,13.0,VER,21.537
Saudi Arabian Grand Prix,13.0,GAS,25.536
Saudi Arabian Grand Prix,13.0,PER,0.0
Saudi Arabian Grand Prix,13.0,ALO,3.932
Saudi Arabian Grand Prix,13.0,LEC,19.521
Saudi Arabian Grand Prix,13.0,STR,17.382
Saudi Arabian Grand Prix,13.0,SAR,40.756
Saudi Arabian Grand Prix,13.0,MAG,48.767
Saudi Arabian Grand Prix,13.0,DEV,39.348
Saudi Arabian Grand Prix,13.0,TSU,32.481
Saudi Arabian Grand Prix,13.0,ALB,35.311
Saudi Arabian Grand Prix,13.0,ZHO,50.018
Saudi Arabian Grand Prix,13.0,HUL,50.522
Saudi Arabian Grand Prix,13.0,OCO,21.2
Saudi Arabian Grand Prix,13.0,NOR,60.506
Saudi Arabian Grand Prix,13.0,HAM,23.675
Saudi Arabian Grand Prix,13.0,SAI,15.141
Saudi Arabian Grand Prix,13.0,RUS,11.106
Saudi Arabian Grand Prix,13.0,BOT,59.058
Saudi Arabian Grand Prix,13.0,PIA,53.337
Saudi Arabian Grand Prix,14.0,VER,21.328
Saudi Arabian Grand Prix,14.0,GAS,29.678
Saudi Arabian Grand Prix,14.0,PER,0.0
Saudi Arabian Grand Prix,14.0,ALO,4.36
Saudi Arabian Grand Prix,14.0,LEC,19.721
Saudi Arabian Grand Prix,14.0,STR,37.278
Saudi Arabian Grand Prix,14.0,SAR,42.781
Saudi Arabian Grand Prix,14.0,MAG,49.557
Saudi Arabian Grand Prix,14.0,DEV,41.388
Saudi Arabian Grand Prix,14.0,TSU,34.01
Saudi Arabian Grand Prix,14.0,ALB,37.78
Saudi Arabian Grand Prix,14.0,ZHO,51.156
Saudi Arabian Grand Prix,14.0,HUL,52.934
Saudi Arabian Grand Prix,14.0,OCO,23.37
Saudi Arabian Grand Prix,14.0,NOR,62.386
Saudi Arabian Grand Prix,14.0,HAM,24.974
Saudi Arabian Grand Prix,14.0,SAI,15.733
Saudi Arabian Grand Prix,14.0,RUS,11.637
Saudi Arabian Grand Prix,14.0,BOT,60.856
Saudi Arabian Grand Prix,14.0,PIA,55.203
Saudi Arabian Grand Prix,15.0,VER,21.435
Saudi Arabian Grand Prix,15.0,GAS,48.414
Saudi Arabian Grand Prix,15.0,PER,0.0
Saudi Arabian Grand Prix,15.0,ALO,4.6850000000000005
Saudi Arabian Grand Prix,15.0,LEC,20.4
Saudi Arabian Grand Prix,15.0,STR,39.148
Saudi Arabian Grand Prix,15.0,SAR,44.579
Saudi Arabian Grand Prix,15.0,MAG,50.344
Saudi Arabian Grand Prix,15.0,DEV,43.013
Saudi Arabian Grand Prix,15.0,TSU,35.234
Saudi Arabian Grand Prix,15.0,ALB,40.01
Saudi Arabian Grand Prix,15.0,ZHO,52.382
Saudi Arabian Grand Prix,15.0,HUL,54.546
Saudi Arabian Grand Prix,15.0,OCO,25.187
Saudi Arabian Grand Prix,15.0,NOR,64.222
Saudi Arabian Grand Prix,15.0,HAM,26.275
Saudi Arabian Grand Prix,15.0,SAI,18.864
Saudi Arabian Grand Prix,15.0,RUS,12.191
Saudi Arabian Grand Prix,15.0,BOT,62.723
Saudi Arabian Grand Prix,15.0,PIA,56.893
Saudi Arabian Grand Prix,16.0,VER,21.688
Saudi Arabian Grand Prix,16.0,GAS,49.76
Saudi Arabian Grand Prix,16.0,PER,0.0
Saudi Arabian Grand Prix,16.0,ALO,5.337
Saudi Arabian Grand Prix,16.0,LEC,23.891
Saudi Arabian Grand Prix,16.0,STR,41.443
Saudi Arabian Grand Prix,16.0,SAR,46.543
Saudi Arabian Grand Prix,16.0,MAG,51.715
Saudi Arabian Grand Prix,16.0,DEV,44.949
Saudi Arabian Grand Prix,16.0,TSU,36.682
Saudi Arabian Grand Prix,16.0,ALB,42.65
Saudi Arabian Grand Prix,16.0,ZHO,54.172
Saudi Arabian Grand Prix,16.0,HUL,56.288
Saudi Arabian Grand Prix,16.0,OCO,29.564
Saudi Arabian Grand Prix,16.0,NOR,66.478
Saudi Arabian Grand Prix,16.0,HAM,27.313
Saudi Arabian Grand Prix,16.0,SAI,38.073
Saudi Arabian Grand Prix,16.0,RUS,13.121
Saudi Arabian Grand Prix,16.0,BOT,64.686
Saudi Arabian Grand Prix,16.0,PIA,59.007
Saudi Arabian Grand Prix,17.0,VER,21.517
Saudi Arabian Grand Prix,17.0,GAS,63.534
Saudi Arabian Grand Prix,17.0,PER,0.0
Saudi Arabian Grand Prix,17.0,ALO,5.971
Saudi Arabian Grand Prix,17.0,LEC,49.364
Saudi Arabian Grand Prix,17.0,STR,97.482
Saudi Arabian Grand Prix,17.0,SAR,59.861
Saudi Arabian Grand Prix,17.0,MAG,66.024
Saudi Arabian Grand Prix,17.0,DEV,60.31
Saudi Arabian Grand Prix,17.0,TSU,45.131
Saudi Arabian Grand Prix,17.0,ALB,53.324
Saudi Arabian Grand Prix,17.0,ZHO,69.537
Saudi Arabian Grand Prix,17.0,HUL,72.088
Saudi Arabian Grand Prix,17.0,OCO,61.571
Saudi Arabian Grand Prix,17.0,NOR,88.525
Saudi Arabian Grand Prix,17.0,HAM,28.399
Saudi Arabian Grand Prix,17.0,SAI,46.223
Saudi Arabian Grand Prix,17.0,RUS,14.052
Saudi Arabian Grand Prix,17.0,BOT,89.686
Saudi Arabian Grand Prix,17.0,PIA,76.316
Saudi Arabian Grand Prix,18.0,VER,28.508
Saudi Arabian Grand Prix,18.0,GAS,71.389
Saudi Arabian Grand Prix,18.0,PER,0.0
Saudi Arabian Grand Prix,18.0,ALO,8.237
Saudi Arabian Grand Prix,18.0,LEC,56.274
Saudi Arabian Grand Prix,18.0,SAR,68.729
Saudi Arabian Grand Prix,18.0,MAG,74.872
Saudi Arabian Grand Prix,18.0,DEV,82.46
Saudi Arabian Grand Prix,18.0,TSU,67.063
Saudi Arabian Grand Prix,18.0,ALB,76.385
Saudi Arabian Grand Prix,18.0,ZHO,79.893
Saudi Arabian Grand Prix,18.0,HUL,81.586
Saudi Arabian Grand Prix,18.0,OCO,68.389
Saudi Arabian Grand Prix,18.0,NOR,98.879
Saudi Arabian Grand Prix,18.0,HAM,37.802
Saudi Arabian Grand Prix,18.0,SAI,51.762
Saudi Arabian Grand Prix,18.0,RUS,18.912
Saudi Arabian Grand Prix,18.0,BOT,113.459
Saudi Arabian Grand Prix,18.0,PIA,85.386
Saudi Arabian Grand Prix,19.0,VER,5.514
Saudi Arabian Grand Prix,19.0,GAS,13.789
Saudi Arabian Grand Prix,19.0,PER,0.0
Saudi Arabian Grand Prix,19.0,ALO,2.107
Saudi Arabian Grand Prix,19.0,LEC,9.828
Saudi Arabian Grand Prix,19.0,SAR,21.055
Saudi Arabian Grand Prix,19.0,MAG,15.646
Saudi Arabian Grand Prix,19.0,DEV,19.791
Saudi Arabian Grand Prix,19.0,TSU,11.408
Saudi Arabian Grand Prix,19.0,ALB,16.761
Saudi Arabian Grand Prix,19.0,ZHO,24.879
Saudi Arabian Grand Prix,19.0,HUL,18.424
Saudi Arabian Grand Prix,19.0,OCO,12.292
Saudi Arabian Grand Prix,19.0,NOR,29.055
Saudi Arabian Grand Prix,19.0,HAM,7.948
Saudi Arabian Grand Prix,19.0,SAI,6.773
Saudi Arabian Grand Prix,19.0,RUS,4.129
Saudi Arabian Grand Prix,19.0,BOT,38.917
Saudi Arabian Grand Prix,19.0,PIA,22.662
Saudi Arabian Grand Prix,20.0,VER,1.152
Saudi Arabian Grand Prix,20.0,GAS,3.67
Saudi Arabian Grand Prix,20.0,PER,0.0
Saudi Arabian Grand Prix,20.0,ALO,0.63
Saudi Arabian Grand Prix,20.0,LEC,2.231
Saudi Arabian Grand Prix,20.0,SAR,5.163
Saudi Arabian Grand Prix,20.0,MAG,3.909
Saudi Arabian Grand Prix,20.0,DEV,5.01
Saudi Arabian Grand Prix,20.0,TSU,3.056
Saudi Arabian Grand Prix,20.0,ALB,4.409
Saudi Arabian Grand Prix,20.0,ZHO,5.684
Saudi Arabian Grand Prix,20.0,HUL,4.438
Saudi Arabian Grand Prix,20.0,OCO,3.412
Saudi Arabian Grand Prix,20.0,NOR,6.591
Saudi Arabian Grand Prix,20.0,HAM,1.7770000000000001
Saudi Arabian Grand Prix,20.0,SAI,1.496
Saudi Arabian Grand Prix,20.0,RUS,0.848
Saudi Arabian Grand Prix,20.0,BOT,6.21
Saudi Arabian Grand Prix,20.0,PIA,5.554
Saudi Arabian Grand Prix,21.0,VER,3.541
Saudi Arabian Grand Prix,21.0,GAS,7.487
Saudi Arabian Grand Prix,21.0,PER,0.0
Saudi Arabian Grand Prix,21.0,ALO,2.106
Saudi Arabian Grand Prix,21.0,LEC,5.705
Saudi Arabian Grand Prix,21.0,SAR,9.305
Saudi Arabian Grand Prix,21.0,MAG,8.001
Saudi Arabian Grand Prix,21.0,DEV,9.841
Saudi Arabian Grand Prix,21.0,TSU,6.651
Saudi Arabian Grand Prix,21.0,ALB,8.863
Saudi Arabian Grand Prix,21.0,ZHO,9.896
Saudi Arabian Grand Prix,21.0,HUL,8.301
Saudi Arabian Grand Prix,21.0,OCO,6.888
Saudi Arabian Grand Prix,21.0,NOR,11.334
Saudi Arabian Grand Prix,21.0,HAM,4.454
Saudi Arabian Grand Prix,21.0,SAI,4.309
Saudi Arabian Grand Prix,21.0,RUS,3.093
Saudi Arabian Grand Prix,21.0,BOT,10.718
Saudi Arabian Grand Prix,21.0,PIA,10.66
Saudi Arabian Grand Prix,22.0,VER,4.619
Saudi Arabian Grand Prix,22.0,GAS,10.168
Saudi Arabian Grand Prix,22.0,PER,0.0
Saudi Arabian Grand Prix,22.0,ALO,2.949
Saudi Arabian Grand Prix,22.0,LEC,7.51
Saudi Arabian Grand Prix,22.0,SAR,12.52
Saudi Arabian Grand Prix,22.0,MAG,10.986
Saudi Arabian Grand Prix,22.0,DEV,13.37
Saudi Arabian Grand Prix,22.0,TSU,8.953
Saudi Arabian Grand Prix,22.0,ALB,11.932
Saudi Arabian Grand Prix,22.0,ZHO,13.392
Saudi Arabian Grand Prix,22.0,HUL,11.357
Saudi Arabian Grand Prix,22.0,OCO,9.551
Saudi Arabian Grand Prix,22.0,NOR,15.139
Saudi Arabian Grand Prix,22.0,HAM,5.741
Saudi Arabian Grand Prix,22.0,SAI,6.727
Saudi Arabian Grand Prix,22.0,RUS,4.268
Saudi Arabian Grand Prix,22.0,BOT,15.189
Saudi Arabian Grand Prix,22.0,PIA,14.391
Saudi Arabian Grand Prix,23.0,VER,5.27
Saudi Arabian Grand Prix,23.0,GAS,12.622
Saudi Arabian Grand Prix,23.0,PER,0.0
Saudi Arabian Grand Prix,23.0,ALO,4.256
Saudi Arabian Grand Prix,23.0,LEC,8.899000000000001
Saudi Arabian Grand Prix,23.0,SAR,14.878
Saudi Arabian Grand Prix,23.0,MAG,13.224
Saudi Arabian Grand Prix,23.0,DEV,17.009
Saudi Arabian Grand Prix,23.0,TSU,11.206
Saudi Arabian Grand Prix,23.0,ALB,14.124
Saudi Arabian Grand Prix,23.0,ZHO,16.274
Saudi Arabian Grand Prix,23.0,HUL,13.426
Saudi Arabian Grand Prix,23.0,OCO,11.299
Saudi Arabian Grand Prix,23.0,NOR,17.928
Saudi Arabian Grand Prix,23.0,HAM,6.992
Saudi Arabian Grand Prix,23.0,SAI,8.304
Saudi Arabian Grand Prix,23.0,RUS,5.7620000000000005
Saudi Arabian Grand Prix,23.0,BOT,19.943
Saudi Arabian Grand Prix,23.0,PIA,17.489
Saudi Arabian Grand Prix,24.0,VER,5.976
Saudi Arabian Grand Prix,24.0,GAS,14.504
Saudi Arabian Grand Prix,24.0,PER,0.0
Saudi Arabian Grand Prix,24.0,ALO,5.652
Saudi Arabian Grand Prix,24.0,LEC,10.862
Saudi Arabian Grand Prix,24.0,SAR,16.995
Saudi Arabian Grand Prix,24.0,MAG,15.063
Saudi Arabian Grand Prix,24.0,DEV,18.955
Saudi Arabian Grand Prix,24.0,TSU,14.191
Saudi Arabian Grand Prix,24.0,ALB,16.251
Saudi Arabian Grand Prix,24.0,ZHO,18.286
Saudi Arabian Grand Prix,24.0,HUL,15.768
Saudi Arabian Grand Prix,24.0,OCO,12.741
Saudi Arabian Grand Prix,24.0,NOR,20.739
Saudi Arabian Grand Prix,24.0,HAM,7.8870000000000005
Saudi Arabian Grand Prix,24.0,SAI,9.52
Saudi Arabian Grand Prix,24.0,RUS,7.385
Saudi Arabian Grand Prix,24.0,BOT,22.742
Saudi Arabian Grand Prix,24.0,PIA,20.454
Saudi Arabian Grand Prix,25.0,VER,5.483
Saudi Arabian Grand Prix,25.0,GAS,16.348
Saudi Arabian Grand Prix,25.0,PER,0.0
Saudi Arabian Grand Prix,25.0,ALO,6.362
Saudi Arabian Grand Prix,25.0,LEC,12.178
Saudi Arabian Grand Prix,25.0,SAR,19.307
Saudi Arabian Grand Prix,25.0,MAG,17.954
Saudi Arabian Grand Prix,25.0,DEV,21.215
Saudi Arabian Grand Prix,25.0,TSU,17.598
Saudi Arabian Grand Prix,25.0,ALB,18.832
Saudi Arabian Grand Prix,25.0,ZHO,20.42
Saudi Arabian Grand Prix,25.0,HUL,18.233
Saudi Arabian Grand Prix,25.0,OCO,14.446
Saudi Arabian Grand Prix,25.0,NOR,22.828
Saudi Arabian Grand Prix,25.0,HAM,9.195
Saudi Arabian Grand Prix,25.0,SAI,10.908
Saudi Arabian Grand Prix,25.0,RUS,8.065
Saudi Arabian Grand Prix,25.0,BOT,25.728
Saudi Arabian Grand Prix,25.0,PIA,23.763
Saudi Arabian Grand Prix,26.0,VER,5.351
Saudi Arabian Grand Prix,26.0,GAS,18.381
Saudi Arabian Grand Prix,26.0,PER,0.0
Saudi Arabian Grand Prix,26.0,ALO,7.409
Saudi Arabian Grand Prix,26.0,LEC,13.538
Saudi Arabian Grand Prix,26.0,SAR,23.147
Saudi Arabian Grand Prix,26.0,MAG,20.426
Saudi Arabian Grand Prix,26.0,DEV,24.217
Saudi Arabian Grand Prix,26.0,TSU,20.039
Saudi Arabian Grand Prix,26.0,ALB,23.989
Saudi Arabian Grand Prix,26.0,ZHO,23.686
Saudi Arabian Grand Prix,26.0,HUL,21.204
Saudi Arabian Grand Prix,26.0,OCO,15.983
Saudi Arabian Grand Prix,26.0,NOR,25.071
Saudi Arabian Grand Prix,26.0,HAM,10.121
Saudi Arabian Grand Prix,26.0,SAI,12.251
Saudi Arabian Grand Prix,26.0,RUS,9.486
Saudi Arabian Grand Prix,26.0,BOT,28.999
Saudi Arabian Grand Prix,26.0,PIA,26.443
Saudi Arabian Grand Prix,27.0,VER,5.298
Saudi Arabian Grand Prix,27.0,GAS,20.49
Saudi Arabian Grand Prix,27.0,PER,0.0
Saudi Arabian Grand Prix,27.0,ALO,8.764
Saudi Arabian Grand Prix,27.0,LEC,15.328
Saudi Arabian Grand Prix,27.0,SAR,25.86
Saudi Arabian Grand Prix,27.0,MAG,23.036
Saudi Arabian Grand Prix,27.0,DEV,27.092
Saudi Arabian Grand Prix,27.0,TSU,22.54
Saudi Arabian Grand Prix,27.0,ALB,83.079
Saudi Arabian Grand Prix,27.0,ZHO,26.424
Saudi Arabian Grand Prix,27.0,HUL,24.551
Saudi Arabian Grand Prix,27.0,OCO,17.995
Saudi Arabian Grand Prix,27.0,NOR,27.754
Saudi Arabian Grand Prix,27.0,HAM,11.215
Saudi Arabian Grand Prix,27.0,SAI,13.899000000000001
Saudi Arabian Grand Prix,27.0,RUS,10.713
Saudi Arabian Grand Prix,27.0,BOT,33.101
Saudi Arabian Grand Prix,27.0,PIA,29.525
Saudi Arabian Grand Prix,28.0,VER,5.142
Saudi Arabian Grand Prix,28.0,GAS,22.115
Saudi Arabian Grand Prix,28.0,PER,0.0
Saudi Arabian Grand Prix,28.0,ALO,9.801
Saudi Arabian Grand Prix,28.0,LEC,17.189
Saudi Arabian Grand Prix,28.0,SAR,28.043
Saudi Arabian Grand Prix,28.0,MAG,25.575
Saudi Arabian Grand Prix,28.0,DEV,29.575
Saudi Arabian Grand Prix,28.0,TSU,24.67
Saudi Arabian Grand Prix,28.0,ZHO,28.799
Saudi Arabian Grand Prix,28.0,HUL,27.146
Saudi Arabian Grand Prix,28.0,OCO,19.888
Saudi Arabian Grand Prix,28.0,NOR,30.453
Saudi Arabian Grand Prix,28.0,HAM,12.424
Saudi Arabian Grand Prix,28.0,SAI,15.636
Saudi Arabian Grand Prix,28.0,RUS,11.779
Saudi Arabian Grand Prix,28.0,BOT,36.204
Saudi Arabian Grand Prix,28.0,PIA,32.043
Saudi Arabian Grand Prix,29.0,VER,5.086
Saudi Arabian Grand Prix,29.0,GAS,23.99
Saudi Arabian Grand Prix,29.0,PER,0.0
Saudi Arabian Grand Prix,29.0,ALO,11.063
Saudi Arabian Grand Prix,29.0,LEC,18.784
Saudi Arabian Grand Prix,29.0,SAR,30.055
Saudi Arabian Grand Prix,29.0,MAG,27.85
Saudi Arabian Grand Prix,29.0,DEV,32.608
Saudi Arabian Grand Prix,29.0,TSU,26.735
Saudi Arabian Grand Prix,29.0,ZHO,30.884
Saudi Arabian Grand Prix,29.0,HUL,29.596
Saudi Arabian Grand Prix,29.0,OCO,21.744
Saudi Arabian Grand Prix,29.0,NOR,33.456
Saudi Arabian Grand Prix,29.0,HAM,13.884
Saudi Arabian Grand Prix,29.0,SAI,17.241
Saudi Arabian Grand Prix,29.0,RUS,12.741
Saudi Arabian Grand Prix,29.0,BOT,39.644
Saudi Arabian Grand Prix,29.0,PIA,35.266
Saudi Arabian Grand Prix,30.0,VER,5.237
Saudi Arabian Grand Prix,30.0,GAS,26.133
Saudi Arabian Grand Prix,30.0,PER,0.0
Saudi Arabian Grand Prix,30.0,ALO,11.991
Saudi Arabian Grand Prix,30.0,LEC,20.392
Saudi Arabian Grand Prix,30.0,SAR,33.736
Saudi Arabian Grand Prix,30.0,MAG,30.263
Saudi Arabian Grand Prix,30.0,DEV,35.66
Saudi Arabian Grand Prix,30.0,TSU,29.122
Saudi Arabian Grand Prix,30.0,ZHO,34.311
Saudi Arabian Grand Prix,30.0,HUL,33.133
Saudi Arabian Grand Prix,30.0,OCO,23.996
Saudi Arabian Grand Prix,30.0,NOR,36.176
Saudi Arabian Grand Prix,30.0,HAM,15.605
Saudi Arabian Grand Prix,30.0,SAI,19.013
Saudi Arabian Grand Prix,30.0,RUS,14.18
Saudi Arabian Grand Prix,30.0,BOT,42.764
Saudi Arabian Grand Prix,30.0,PIA,38.213
Saudi Arabian Grand Prix,31.0,VER,5.065
Saudi Arabian Grand Prix,31.0,GAS,28.314
Saudi Arabian Grand Prix,31.0,PER,0.0
Saudi Arabian Grand Prix,31.0,ALO,13.042
Saudi Arabian Grand Prix,31.0,LEC,21.92
Saudi Arabian Grand Prix,31.0,SAR,36.221
Saudi Arabian Grand Prix,31.0,MAG,32.766
Saudi Arabian Grand Prix,31.0,DEV,38.746
Saudi Arabian Grand Prix,31.0,TSU,31.497
Saudi Arabian Grand Prix,31.0,ZHO,37.025
Saudi Arabian Grand Prix,31.0,HUL,35.617
Saudi Arabian Grand Prix,31.0,OCO,26.232
Saudi Arabian Grand Prix,31.0,NOR,39.316
Saudi Arabian Grand Prix,31.0,HAM,16.897
Saudi Arabian Grand Prix,31.0,SAI,20.563
Saudi Arabian Grand Prix,31.0,RUS,15.059
Saudi Arabian Grand Prix,31.0,BOT,46.458
Saudi Arabian Grand Prix,31.0,PIA,41.105
Saudi Arabian Grand Prix,32.0,VER,4.967
Saudi Arabian Grand Prix,32.0,GAS,30.442
Saudi Arabian Grand Prix,32.0,PER,0.0
Saudi Arabian Grand Prix,32.0,ALO,13.945
Saudi Arabian Grand Prix,32.0,LEC,24.123
Saudi Arabian Grand Prix,32.0,SAR,39.037
Saudi Arabian Grand Prix,32.0,MAG,35.227
Saudi Arabian Grand Prix,32.0,DEV,41.389
Saudi Arabian Grand Prix,32.0,TSU,34.245
Saudi Arabian Grand Prix,32.0,ZHO,39.663
Saudi Arabian Grand Prix,32.0,HUL,38.487
Saudi Arabian Grand Prix,32.0,OCO,28.375
Saudi Arabian Grand Prix,32.0,NOR,42.296
Saudi Arabian Grand Prix,32.0,HAM,18.47
Saudi Arabian Grand Prix,32.0,SAI,21.932
Saudi Arabian Grand Prix,32.0,RUS,16.194
Saudi Arabian Grand Prix,32.0,BOT,50.102
Saudi Arabian Grand Prix,32.0,PIA,43.831
Saudi Arabian Grand Prix,33.0,VER,4.804
Saudi Arabian Grand Prix,33.0,GAS,32.408
Saudi Arabian Grand Prix,33.0,PER,0.0
Saudi Arabian Grand Prix,33.0,ALO,14.732
Saudi Arabian Grand Prix,33.0,LEC,25.36
Saudi Arabian Grand Prix,33.0,SAR,41.812
Saudi Arabian Grand Prix,33.0,MAG,37.079
Saudi Arabian Grand Prix,33.0,DEV,44.027
Saudi Arabian Grand Prix,33.0,TSU,36.492
Saudi Arabian Grand Prix,33.0,ZHO,42.51
Saudi Arabian Grand Prix,33.0,HUL,40.965
Saudi Arabian Grand Prix,33.0,OCO,30.219
Saudi Arabian Grand Prix,33.0,NOR,45.236
Saudi Arabian Grand Prix,33.0,HAM,19.794
Saudi Arabian Grand Prix,33.0,SAI,23.371
Saudi Arabian Grand Prix,33.0,RUS,17.164
Saudi Arabian Grand Prix,33.0,BOT,53.549
Saudi Arabian Grand Prix,33.0,PIA,46.925
Saudi Arabian Grand Prix,34.0,VER,4.851
Saudi Arabian Grand Prix,34.0,GAS,34.508
Saudi Arabian Grand Prix,34.0,PER,0.0
Saudi Arabian Grand Prix,34.0,ALO,15.658
Saudi Arabian Grand Prix,34.0,LEC,26.782
Saudi Arabian Grand Prix,34.0,SAR,44.587
Saudi Arabian Grand Prix,34.0,MAG,39.637
Saudi Arabian Grand Prix,34.0,DEV,46.983
Saudi Arabian Grand Prix,34.0,TSU,39.123
Saudi Arabian Grand Prix,34.0,ZHO,45.577
Saudi Arabian Grand Prix,34.0,HUL,44.149
Saudi Arabian Grand Prix,34.0,OCO,32.623
Saudi Arabian Grand Prix,34.0,NOR,48.423
Saudi Arabian Grand Prix,34.0,HAM,21.364
Saudi Arabian Grand Prix,34.0,SAI,24.938
Saudi Arabian Grand Prix,34.0,RUS,18.628
Saudi Arabian Grand Prix,34.0,BOT,57.403
Saudi Arabian Grand Prix,34.0,PIA,50.101
Saudi Arabian Grand Prix,35.0,VER,4.42
Saudi Arabian Grand Prix,35.0,GAS,36.328
Saudi Arabian Grand Prix,35.0,PER,0.0
Saudi Arabian Grand Prix,35.0,ALO,16.492
Saudi Arabian Grand Prix,35.0,LEC,28.443
Saudi Arabian Grand Prix,35.0,SAR,47.43
Saudi Arabian Grand Prix,35.0,MAG,42.616
Saudi Arabian Grand Prix,35.0,DEV,49.33
Saudi Arabian Grand Prix,35.0,TSU,41.321
Saudi Arabian Grand Prix,35.0,ZHO,48.061
Saudi Arabian Grand Prix,35.0,HUL,46.482
Saudi Arabian Grand Prix,35.0,OCO,34.587
Saudi Arabian Grand Prix,35.0,NOR,51.004
Saudi Arabian Grand Prix,35.0,HAM,22.571
Saudi Arabian Grand Prix,35.0,SAI,26.12
Saudi Arabian Grand Prix,35.0,RUS,19.704
Saudi Arabian Grand Prix,35.0,BOT,63.557
Saudi Arabian Grand Prix,35.0,PIA,52.698
Saudi Arabian Grand Prix,36.0,VER,4.5120000000000005
Saudi Arabian Grand Prix,36.0,GAS,38.472
Saudi Arabian Grand Prix,36.0,PER,0.0
Saudi Arabian Grand Prix,36.0,ALO,17.523
Saudi Arabian Grand Prix,36.0,LEC,29.9
Saudi Arabian Grand Prix,36.0,SAR,50.672
Saudi Arabian Grand Prix,36.0,MAG,44.986
Saudi Arabian Grand Prix,36.0,DEV,51.801
Saudi Arabian Grand Prix,36.0,TSU,43.639
Saudi Arabian Grand Prix,36.0,ZHO,51.002
Saudi Arabian Grand Prix,36.0,HUL,49.147
Saudi Arabian Grand Prix,36.0,OCO,36.581
Saudi Arabian Grand Prix,36.0,NOR,53.87
Saudi Arabian Grand Prix,36.0,HAM,23.669
Saudi Arabian Grand Prix,36.0,SAI,27.367
Saudi Arabian Grand Prix,36.0,RUS,21.037
Saudi Arabian Grand Prix,36.0,BOT,85.374
Saudi Arabian Grand Prix,36.0,PIA,55.411
Saudi Arabian Grand Prix,37.0,VER,4.37
Saudi Arabian Grand Prix,37.0,GAS,40.123
Saudi Arabian Grand Prix,37.0,PER,0.0
Saudi Arabian Grand Prix,37.0,ALO,18.06
Saudi Arabian Grand Prix,37.0,LEC,31.101
Saudi Arabian Grand Prix,37.0,SAR,53.471
Saudi Arabian Grand Prix,37.0,MAG,46.705
Saudi Arabian Grand Prix,37.0,DEV,54.29
Saudi Arabian Grand Prix,37.0,TSU,45.716
Saudi Arabian Grand Prix,37.0,ZHO,53.755
Saudi Arabian Grand Prix,37.0,HUL,51.318
Saudi Arabian Grand Prix,37.0,OCO,38.079
Saudi Arabian Grand Prix,37.0,NOR,56.237
Saudi Arabian Grand Prix,37.0,HAM,24.656
Saudi Arabian Grand Prix,37.0,SAI,28.532
Saudi Arabian Grand Prix,37.0,RUS,21.923000000000002
Saudi Arabian Grand Prix,37.0,BOT,87.12
Saudi Arabian Grand Prix,37.0,PIA,57.632
Saudi Arabian Grand Prix,38.0,VER,5.305
Saudi Arabian Grand Prix,38.0,GAS,42.29
Saudi Arabian Grand Prix,38.0,PER,0.0
Saudi Arabian Grand Prix,38.0,ALO,19.046
Saudi Arabian Grand Prix,38.0,LEC,32.626
Saudi Arabian Grand Prix,38.0,SAR,57.427
Saudi Arabian Grand Prix,38.0,MAG,48.564
Saudi Arabian Grand Prix,38.0,DEV,57.693
Saudi Arabian Grand Prix,38.0,TSU,48.016
Saudi Arabian Grand Prix,38.0,ZHO,56.725
Saudi Arabian Grand Prix,38.0,HUL,53.16
Saudi Arabian Grand Prix,38.0,OCO,40.107
Saudi Arabian Grand Prix,38.0,NOR,58.707
Saudi Arabian Grand Prix,38.0,HAM,26.121
Saudi Arabian Grand Prix,38.0,SAI,30.257
Saudi Arabian Grand Prix,38.0,RUS,23.155
Saudi Arabian Grand Prix,38.0,BOT,89.908
Saudi Arabian Grand Prix,38.0,PIA,60.271
Saudi Arabian Grand Prix,39.0,VER,4.547
Saudi Arabian Grand Prix,39.0,GAS,43.029
Saudi Arabian Grand Prix,39.0,PER,0.0
Saudi Arabian Grand Prix,39.0,ALO,19.105
Saudi Arabian Grand Prix,39.0,LEC,32.915
Saudi Arabian Grand Prix,39.0,SAR,59.955
Saudi Arabian Grand Prix,39.0,MAG,49.563
Saudi Arabian Grand Prix,39.0,DEV,60.272
Saudi Arabian Grand Prix,39.0,TSU,49.179
Saudi Arabian Grand Prix,39.0,ZHO,58.181
Saudi Arabian Grand Prix,39.0,HUL,54.233
Saudi Arabian Grand Prix,39.0,OCO,40.956
Saudi Arabian Grand Prix,39.0,NOR,60.574
Saudi Arabian Grand Prix,39.0,HAM,26.314
Saudi Arabian Grand Prix,39.0,SAI,30.532
Saudi Arabian Grand Prix,39.0,RUS,23.52
Saudi Arabian Grand Prix,39.0,BOT,92.066
Saudi Arabian Grand Prix,39.0,PIA,62.03
Saudi Arabian Grand Prix,40.0,VER,4.323
Saudi Arabian Grand Prix,40.0,GAS,44.309
Saudi Arabian Grand Prix,40.0,PER,0.0
Saudi Arabian Grand Prix,40.0,ALO,19.043
Saudi Arabian Grand Prix,40.0,LEC,33.654
Saudi Arabian Grand Prix,40.0,SAR,62.305
Saudi Arabian Grand Prix,40.0,MAG,52.182
Saudi Arabian Grand Prix,40.0,DEV,62.533
Saudi Arabian Grand Prix,40.0,TSU,50.722
Saudi Arabian Grand Prix,40.0,ZHO,60.115
Saudi Arabian Grand Prix,40.0,HUL,55.768
Saudi Arabian Grand Prix,40.0,OCO,41.952
Saudi Arabian Grand Prix,40.0,NOR,63.293
Saudi Arabian Grand Prix,40.0,HAM,26.991
Saudi Arabian Grand Prix,40.0,SAI,31.105
Saudi Arabian Grand Prix,40.0,RUS,24.149
Saudi Arabian Grand Prix,40.0,BOT,95.71
Saudi Arabian Grand Prix,40.0,PIA,63.629
Saudi Arabian Grand Prix,41.0,VER,4.324
Saudi Arabian Grand Prix,41.0,GAS,45.501
Saudi Arabian Grand Prix,41.0,PER,0.0
Saudi Arabian Grand Prix,41.0,ALO,19.533
Saudi Arabian Grand Prix,41.0,LEC,34.172
Saudi Arabian Grand Prix,41.0,SAR,65.642
Saudi Arabian Grand Prix,41.0,MAG,53.815
Saudi Arabian Grand Prix,41.0,DEV,65.215
Saudi Arabian Grand Prix,41.0,TSU,52.401
Saudi Arabian Grand Prix,41.0,ZHO,61.841
Saudi Arabian Grand Prix,41.0,HUL,57.178
Saudi Arabian Grand Prix,41.0,OCO,43.23
Saudi Arabian Grand Prix,41.0,NOR,65.625
Saudi Arabian Grand Prix,41.0,HAM,27.574
Saudi Arabian Grand Prix,41.0,SAI,31.879
Saudi Arabian Grand Prix,41.0,RUS,24.51
Saudi Arabian Grand Prix,41.0,BOT,99.773
Saudi Arabian Grand Prix,41.0,PIA,66.293
Saudi Arabian Grand Prix,42.0,VER,4.3629999999999995
Saudi Arabian Grand Prix,42.0,GAS,47.226
Saudi Arabian Grand Prix,42.0,PER,0.0
Saudi Arabian Grand Prix,42.0,ALO,20.454
Saudi Arabian Grand Prix,42.0,LEC,35.321
Saudi Arabian Grand Prix,42.0,SAR,69.327
Saudi Arabian Grand Prix,42.0,MAG,55.333
Saudi Arabian Grand Prix,42.0,DEV,67.948
Saudi Arabian Grand Prix,42.0,TSU,54.222
Saudi Arabian Grand Prix,42.0,ZHO,64.431
Saudi Arabian Grand Prix,42.0,HUL,59.294
Saudi Arabian Grand Prix,42.0,OCO,44.959
Saudi Arabian Grand Prix,42.0,NOR,69.573
Saudi Arabian Grand Prix,42.0,HAM,28.653
Saudi Arabian Grand Prix,42.0,SAI,33.076
Saudi Arabian Grand Prix,42.0,RUS,25.316
Saudi Arabian Grand Prix,42.0,BOT,102.863
Saudi Arabian Grand Prix,42.0,PIA,70.009
Saudi Arabian Grand Prix,43.0,VER,4.398
Saudi Arabian Grand Prix,43.0,GAS,48.944
Saudi Arabian Grand Prix,43.0,PER,0.0
Saudi Arabian Grand Prix,43.0,ALO,21.353
Saudi Arabian Grand Prix,43.0,LEC,36.46
Saudi Arabian Grand Prix,43.0,SAR,72.248
Saudi Arabian Grand Prix,43.0,MAG,57.133
Saudi Arabian Grand Prix,43.0,DEV,69.86
Saudi Arabian Grand Prix,43.0,TSU,55.903
Saudi Arabian Grand Prix,43.0,ZHO,66.637
Saudi Arabian Grand Prix,43.0,HUL,61.374
Saudi Arabian Grand Prix,43.0,OCO,46.548
Saudi Arabian Grand Prix,43.0,NOR,72.493
Saudi Arabian Grand Prix,43.0,HAM,29.356
Saudi Arabian Grand Prix,43.0,SAI,34.056
Saudi Arabian Grand Prix,43.0,RUS,26.091
Saudi Arabian Grand Prix,43.0,BOT,105.843
Saudi Arabian Grand Prix,43.0,PIA,72.958
Saudi Arabian Grand Prix,44.0,VER,4.979
Saudi Arabian Grand Prix,44.0,GAS,50.808
Saudi Arabian Grand Prix,44.0,PER,0.0
Saudi Arabian Grand Prix,44.0,ALO,22.275
Saudi Arabian Grand Prix,44.0,LEC,37.515
Saudi Arabian Grand Prix,44.0,SAR,74.886
Saudi Arabian Grand Prix,44.0,MAG,58.24
Saudi Arabian Grand Prix,44.0,DEV,71.629
Saudi Arabian Grand Prix,44.0,TSU,57.825
Saudi Arabian Grand Prix,44.0,ZHO,68.992
Saudi Arabian Grand Prix,44.0,HUL,63.275
Saudi Arabian Grand Prix,44.0,OCO,48.122
Saudi Arabian Grand Prix,44.0,NOR,75.745
Saudi Arabian Grand Prix,44.0,HAM,30.188
Saudi Arabian Grand Prix,44.0,SAI,35.147
Saudi Arabian Grand Prix,44.0,RUS,27.067
Saudi Arabian Grand Prix,44.0,BOT,108.58
Saudi Arabian Grand Prix,44.0,PIA,75.552
Saudi Arabian Grand Prix,45.0,VER,5.5280000000000005
Saudi Arabian Grand Prix,45.0,GAS,52.209
Saudi Arabian Grand Prix,45.0,PER,0.0
Saudi Arabian Grand Prix,45.0,ALO,22.931
Saudi Arabian Grand Prix,45.0,LEC,38.334
Saudi Arabian Grand Prix,45.0,SAR,77.597
Saudi Arabian Grand Prix,45.0,MAG,59.955
Saudi Arabian Grand Prix,45.0,DEV,73.336
Saudi Arabian Grand Prix,45.0,TSU,60.005
Saudi Arabian Grand Prix,45.0,ZHO,71.114
Saudi Arabian Grand Prix,45.0,HUL,65.678
Saudi Arabian Grand Prix,45.0,OCO,49.518
Saudi Arabian Grand Prix,45.0,NOR,78.197
Saudi Arabian Grand Prix,45.0,HAM,30.823
Saudi Arabian Grand Prix,45.0,SAI,36.24
Saudi Arabian Grand Prix,45.0,RUS,27.565
Saudi Arabian Grand Prix,45.0,BOT,111.388
Saudi Arabian Grand Prix,45.0,PIA,78.758
Saudi Arabian Grand Prix,46.0,VER,5.743
Saudi Arabian Grand Prix,46.0,GAS,53.344
Saudi Arabian Grand Prix,46.0,PER,0.0
Saudi Arabian Grand Prix,46.0,ALO,22.977
Saudi Arabian Grand Prix,46.0,LEC,38.82
Saudi Arabian Grand Prix,46.0,SAR,79.233
Saudi Arabian Grand Prix,46.0,MAG,62.351
Saudi Arabian Grand Prix,46.0,DEV,74.538
Saudi Arabian Grand Prix,46.0,TSU,64.074
Saudi Arabian Grand Prix,46.0,ZHO,72.719
Saudi Arabian Grand Prix,46.0,HUL,67.226
Saudi Arabian Grand Prix,46.0,OCO,50.561
Saudi Arabian Grand Prix,46.0,NOR,79.796
Saudi Arabian Grand Prix,46.0,HAM,31.206
Saudi Arabian Grand Prix,46.0,SAI,36.456
Saudi Arabian Grand Prix,46.0,RUS,27.614
Saudi Arabian Grand Prix,46.0,BOT,113.738
Saudi Arabian Grand Prix,46.0,PIA,80.292
Saudi Arabian Grand Prix,47.0,VER,6.086
Saudi Arabian Grand Prix,47.0,GAS,54.259
Saudi Arabian Grand Prix,47.0,PER,0.0
Saudi Arabian Grand Prix,47.0,ALO,22.969
Saudi Arabian Grand Prix,47.0,LEC,38.981
Saudi Arabian Grand Prix,47.0,SAR,81.234
Saudi Arabian Grand Prix,47.0,MAG,63.289
Saudi Arabian Grand Prix,47.0,DEV,75.826
Saudi Arabian Grand Prix,47.0,TSU,65.461
Saudi Arabian Grand Prix,47.0,ZHO,74.004
Saudi Arabian Grand Prix,47.0,HUL,68.757
Saudi Arabian Grand Prix,47.0,OCO,51.664
Saudi Arabian Grand Prix,47.0,NOR,81.719
Saudi Arabian Grand Prix,47.0,HAM,31.252
Saudi Arabian Grand Prix,47.0,SAI,36.689
Saudi Arabian Grand Prix,47.0,RUS,27.62
Saudi Arabian Grand Prix,47.0,BOT,117.537
Saudi Arabian Grand Prix,47.0,PIA,81.906
Saudi Arabian Grand Prix,48.0,VER,6.618
Saudi Arabian Grand Prix,48.0,GAS,54.808
Saudi Arabian Grand Prix,48.0,PER,0.0
Saudi Arabian Grand Prix,48.0,ALO,22.696
Saudi Arabian Grand Prix,48.0,LEC,40.025
Saudi Arabian Grand Prix,48.0,SAR,82.743
Saudi Arabian Grand Prix,48.0,MAG,64.043
Saudi Arabian Grand Prix,48.0,DEV,76.95
Saudi Arabian Grand Prix,48.0,TSU,66.511
Saudi Arabian Grand Prix,48.0,ZHO,75.067
Saudi Arabian Grand Prix,48.0,HUL,69.708
Saudi Arabian Grand Prix,48.0,OCO,52.312
Saudi Arabian Grand Prix,48.0,NOR,84.022
Saudi Arabian Grand Prix,48.0,HAM,31.544
Saudi Arabian Grand Prix,48.0,SAI,36.534
Saudi Arabian Grand Prix,48.0,RUS,27.301
Saudi Arabian Grand Prix,48.0,BOT,121.069
Saudi Arabian Grand Prix,48.0,PIA,83.118
Saudi Arabian Grand Prix,49.0,VER,7.147
Saudi Arabian Grand Prix,49.0,GAS,55.116
Saudi Arabian Grand Prix,49.0,PER,0.0
Saudi Arabian Grand Prix,49.0,ALO,22.205
Saudi Arabian Grand Prix,49.0,LEC,40.661
Saudi Arabian Grand Prix,49.0,SAR,83.906
Saudi Arabian Grand Prix,49.0,MAG,64.483
Saudi Arabian Grand Prix,49.0,DEV,77.253
Saudi Arabian Grand Prix,49.0,TSU,67.322
Saudi Arabian Grand Prix,49.0,ZHO,75.655
Saudi Arabian Grand Prix,49.0,HUL,70.508
Saudi Arabian Grand Prix,49.0,OCO,52.228
Saudi Arabian Grand Prix,49.0,NOR,84.838
Saudi Arabian Grand Prix,49.0,HAM,31.775
Saudi Arabian Grand Prix,49.0,SAI,36.792
Saudi Arabian Grand Prix,49.0,RUS,27.13
Saudi Arabian Grand Prix,49.0,BOT,123.264
Saudi Arabian Grand Prix,49.0,PIA,84.103
Saudi Arabian Grand Prix,50.0,VER,5.362
Saudi Arabian Grand Prix,50.0,GAS,54.817
Saudi Arabian Grand Prix,50.0,PER,0.0
Saudi Arabian Grand Prix,50.0,ALO,20.754
Saudi Arabian Grand Prix,50.0,LEC,43.237
Saudi Arabian Grand Prix,50.0,SAR,86.39
Saudi Arabian Grand Prix,50.0,MAG,64.835
Saudi Arabian Grand Prix,50.0,DEV,77.487
Saudi Arabian Grand Prix,50.0,TSU,67.562
Saudi Arabian Grand Prix,50.0,ZHO,76.069
Saudi Arabian Grand Prix,50.0,HUL,70.597
Saudi Arabian Grand Prix,50.0,OCO,52.849
Saudi Arabian Grand Prix,50.0,NOR,86.454
Saudi Arabian Grand Prix,50.0,HAM,31.108
Saudi Arabian Grand Prix,50.0,SAI,35.923
Saudi Arabian Grand Prix,50.0,RUS,25.872
Saudi Arabian Grand Prix,50.0,PIA,85.03
Australian Grand Prix,1.0,VER,3.717
Australian Grand Prix,1.0,GAS,12.439
Australian Grand Prix,1.0,PER,34.242
Australian Grand Prix,1.0,ALO,7.689
Australian Grand Prix,1.0,LEC,0.0
Australian Grand Prix,1.0,STR,10.198
Australian Grand Prix,1.0,SAR,33.6
Australian Grand Prix,1.0,MAG,20.172
Australian Grand Prix,1.0,DEV,22.033
Australian Grand Prix,1.0,TSU,15.922
Australian Grand Prix,1.0,ALB,8.519
Australian Grand Prix,1.0,ZHO,32.113
Australian Grand Prix,1.0,HUL,13.554
Australian Grand Prix,1.0,OCO,24.45
Australian Grand Prix,1.0,NOR,18.712
Australian Grand Prix,1.0,HAM,2.375
Australian Grand Prix,1.0,SAI,6.012
Australian Grand Prix,1.0,RUS,0.0
Australian Grand Prix,1.0,BOT,39.302
Australian Grand Prix,1.0,PIA,21.061
Australian Grand Prix,2.0,VER,2.524
Australian Grand Prix,2.0,GAS,10.464
Australian Grand Prix,2.0,PER,32.733
Australian Grand Prix,2.0,ALO,5.119
Australian Grand Prix,2.0,STR,8.042
Australian Grand Prix,2.0,SAR,33.402
Australian Grand Prix,2.0,MAG,14.471
Australian Grand Prix,2.0,DEV,16.235
Australian Grand Prix,2.0,TSU,12.825
Australian Grand Prix,2.0,ALB,6.019
Australian Grand Prix,2.0,ZHO,18.678
Australian Grand Prix,2.0,HUL,11.572
Australian Grand Prix,2.0,OCO,17.438
Australian Grand Prix,2.0,NOR,13.227
Australian Grand Prix,2.0,HAM,1.3639999999999999
Australian Grand Prix,2.0,SAI,4.125
Australian Grand Prix,2.0,RUS,0.0
Australian Grand Prix,2.0,BOT,20.151
Australian Grand Prix,2.0,PIA,14.913
Australian Grand Prix,3.0,VER,1.164
Australian Grand Prix,3.0,GAS,4.279
Australian Grand Prix,3.0,PER,11.365
Australian Grand Prix,3.0,ALO,2.604
Australian Grand Prix,3.0,STR,3.782
Australian Grand Prix,3.0,SAR,12.192
Australian Grand Prix,3.0,MAG,6.479
Australian Grand Prix,3.0,DEV,8.17
Australian Grand Prix,3.0,TSU,5.604
Australian Grand Prix,3.0,ALB,3.357
Australian Grand Prix,3.0,ZHO,10.371
Australian Grand Prix,3.0,HUL,4.759
Australian Grand Prix,3.0,OCO,8.71
Australian Grand Prix,3.0,NOR,6.007
Australian Grand Prix,3.0,HAM,0.709
Australian Grand Prix,3.0,SAI,2.066
Australian Grand Prix,3.0,RUS,0.0
Australian Grand Prix,3.0,BOT,10.979
Australian Grand Prix,3.0,PIA,7.065
Australian Grand Prix,4.0,VER,1.421
Australian Grand Prix,4.0,GAS,5.816
Australian Grand Prix,4.0,PER,13.339
Australian Grand Prix,4.0,ALO,3.763
Australian Grand Prix,4.0,STR,5.033
Australian Grand Prix,4.0,SAR,14.862
Australian Grand Prix,4.0,MAG,8.751
Australian Grand Prix,4.0,DEV,10.295
Australian Grand Prix,4.0,TSU,7.769
Australian Grand Prix,4.0,ALB,4.55
Australian Grand Prix,4.0,ZHO,12.441
Australian Grand Prix,4.0,HUL,6.458
Australian Grand Prix,4.0,OCO,11.179
Australian Grand Prix,4.0,NOR,8.317
Australian Grand Prix,4.0,HAM,0.87
Australian Grand Prix,4.0,SAI,2.8209999999999997
Australian Grand Prix,4.0,RUS,0.0
Australian Grand Prix,4.0,BOT,14.201
Australian Grand Prix,4.0,PIA,9.359
Australian Grand Prix,5.0,VER,1.391
Australian Grand Prix,5.0,GAS,6.9719999999999995
Australian Grand Prix,5.0,PER,14.706
Australian Grand Prix,5.0,ALO,3.919
Australian Grand Prix,5.0,STR,5.836
Australian Grand Prix,5.0,SAR,16.864
Australian Grand Prix,5.0,MAG,10.671
Australian Grand Prix,5.0,DEV,12.186
Australian Grand Prix,5.0,TSU,9.255
Australian Grand Prix,5.0,ALB,5.055
Australian Grand Prix,5.0,ZHO,14.154
Australian Grand Prix,5.0,HUL,7.619
Australian Grand Prix,5.0,OCO,13.019
Australian Grand Prix,5.0,NOR,9.915
Australian Grand Prix,5.0,HAM,0.906
Australian Grand Prix,5.0,SAI,2.904
Australian Grand Prix,5.0,RUS,0.0
Australian Grand Prix,5.0,BOT,15.916
Australian Grand Prix,5.0,PIA,11.221
Australian Grand Prix,6.0,VER,1.075
Australian Grand Prix,6.0,GAS,7.342
Australian Grand Prix,6.0,PER,15.131
Australian Grand Prix,6.0,ALO,3.363
Australian Grand Prix,6.0,STR,5.753
Australian Grand Prix,6.0,SAR,18.024
Australian Grand Prix,6.0,MAG,11.468
Australian Grand Prix,6.0,DEV,13.207
Australian Grand Prix,6.0,TSU,10.206
Australian Grand Prix,6.0,ALB,5.245
Australian Grand Prix,6.0,ZHO,15.850999999999999
Australian Grand Prix,6.0,HUL,7.999
Australian Grand Prix,6.0,OCO,13.823
Australian Grand Prix,6.0,NOR,10.614
Australian Grand Prix,6.0,HAM,0.637
Australian Grand Prix,6.0,SAI,2.5540000000000003
Australian Grand Prix,6.0,RUS,0.0
Australian Grand Prix,6.0,BOT,17.088
Australian Grand Prix,6.0,PIA,12.114
Australian Grand Prix,7.0,VER,1.3639999999999999
Australian Grand Prix,7.0,GAS,9.132
Australian Grand Prix,7.0,PER,21.46
Australian Grand Prix,7.0,ALO,3.9370000000000003
Australian Grand Prix,7.0,STR,9.002
Australian Grand Prix,7.0,SAR,25.937
Australian Grand Prix,7.0,MAG,34.477
Australian Grand Prix,7.0,DEV,20.253
Australian Grand Prix,7.0,TSU,17.264
Australian Grand Prix,7.0,ALB,116.22
Australian Grand Prix,7.0,ZHO,22.338
Australian Grand Prix,7.0,HUL,12.384
Australian Grand Prix,7.0,OCO,20.583
Australian Grand Prix,7.0,NOR,18.226
Australian Grand Prix,7.0,HAM,0.0
Australian Grand Prix,7.0,SAI,15.975
Australian Grand Prix,7.0,RUS,12.756
Australian Grand Prix,7.0,BOT,25.476
Australian Grand Prix,7.0,PIA,18.889
Australian Grand Prix,8.0,VER,909.932
Australian Grand Prix,8.0,GAS,919.95
Australian Grand Prix,8.0,PER,952.492
Australian Grand Prix,8.0,ALO,914.193
Australian Grand Prix,8.0,STR,917.695
Australian Grand Prix,8.0,SAR,960.513
Australian Grand Prix,8.0,MAG,967.31
Australian Grand Prix,8.0,DEV,946.776
Australian Grand Prix,8.0,TSU,933.085
Australian Grand Prix,8.0,ZHO,956.218
Australian Grand Prix,8.0,HUL,922.014
Australian Grand Prix,8.0,OCO,949.393
Australian Grand Prix,8.0,NOR,936.985
Australian Grand Prix,8.0,HAM,0.0
Australian Grand Prix,8.0,SAI,943.386
Australian Grand Prix,8.0,RUS,929.259
Australian Grand Prix,8.0,BOT,958.372
Australian Grand Prix,8.0,PIA,939.224
Australian Grand Prix,9.0,VER,36.634
Australian Grand Prix,9.0,GAS,37.733
Australian Grand Prix,9.0,PER,39.595
Australian Grand Prix,9.0,ALO,37.106
Australian Grand Prix,9.0,STR,37.52
Australian Grand Prix,9.0,SAR,40.073
Australian Grand Prix,9.0,MAG,40.435
Australian Grand Prix,9.0,DEV,39.432
Australian Grand Prix,9.0,TSU,38.728
Australian Grand Prix,9.0,ZHO,39.977
Australian Grand Prix,9.0,HUL,38.238
Australian Grand Prix,9.0,OCO,39.57
Australian Grand Prix,9.0,NOR,38.873
Australian Grand Prix,9.0,HAM,0.0
Australian Grand Prix,9.0,SAI,39.283
Australian Grand Prix,9.0,RUS,38.236
Australian Grand Prix,9.0,BOT,40.083
Australian Grand Prix,9.0,PIA,39.212
Australian Grand Prix,10.0,VER,0.841
Australian Grand Prix,10.0,GAS,3.15
Australian Grand Prix,10.0,PER,9.411
Australian Grand Prix,10.0,ALO,2.154
Australian Grand Prix,10.0,STR,4.399
Australian Grand Prix,10.0,SAR,9.086
Australian Grand Prix,10.0,MAG,8.977
Australian Grand Prix,10.0,DEV,10.099
Australian Grand Prix,10.0,TSU,5.772
Australian Grand Prix,10.0,ZHO,8.014
Australian Grand Prix,10.0,HUL,4.882
Australian Grand Prix,10.0,OCO,8.517
Australian Grand Prix,10.0,NOR,6.179
Australian Grand Prix,10.0,HAM,0.0
Australian Grand Prix,10.0,SAI,6.527
Australian Grand Prix,10.0,RUS,3.834
Australian Grand Prix,10.0,BOT,10.665
Australian Grand Prix,10.0,PIA,7.413
Australian Grand Prix,11.0,VER,0.511
Australian Grand Prix,11.0,GAS,3.819
Australian Grand Prix,11.0,PER,11.624
Australian Grand Prix,11.0,ALO,3.008
Australian Grand Prix,11.0,STR,5.3469999999999995
Australian Grand Prix,11.0,SAR,11.056
Australian Grand Prix,11.0,MAG,10.576
Australian Grand Prix,11.0,DEV,12.2
Australian Grand Prix,11.0,TSU,6.86
Australian Grand Prix,11.0,ZHO,9.454
Australian Grand Prix,11.0,HUL,5.915
Australian Grand Prix,11.0,OCO,9.993
Australian Grand Prix,11.0,NOR,8.206
Australian Grand Prix,11.0,HAM,0.0
Australian Grand Prix,11.0,SAI,7.17
Australian Grand Prix,11.0,RUS,4.661
Australian Grand Prix,11.0,BOT,12.764
Australian Grand Prix,11.0,PIA,8.844
Australian Grand Prix,12.0,VER,0.0
Australian Grand Prix,12.0,GAS,4.961
Australian Grand Prix,12.0,PER,13.101
Australian Grand Prix,12.0,ALO,3.824
Australian Grand Prix,12.0,STR,6.119
Australian Grand Prix,12.0,SAR,12.631
Australian Grand Prix,12.0,MAG,11.934
Australian Grand Prix,12.0,DEV,13.813
Australian Grand Prix,12.0,TSU,8.951
Australian Grand Prix,12.0,ZHO,10.818
Australian Grand Prix,12.0,HUL,6.671
Australian Grand Prix,12.0,OCO,11.329
Australian Grand Prix,12.0,NOR,9.475999999999999
Australian Grand Prix,12.0,HAM,2.111
Australian Grand Prix,12.0,SAI,7.864
Australian Grand Prix,12.0,RUS,5.325
Australian Grand Prix,12.0,BOT,14.656
Australian Grand Prix,12.0,PIA,10.098
Australian Grand Prix,13.0,VER,0.0
Australian Grand Prix,13.0,GAS,6.243
Australian Grand Prix,13.0,PER,12.867
Australian Grand Prix,13.0,ALO,4.172
Australian Grand Prix,13.0,STR,6.635
Australian Grand Prix,13.0,SAR,13.59
Australian Grand Prix,13.0,MAG,12.186
Australian Grand Prix,13.0,DEV,14.106
Australian Grand Prix,13.0,TSU,9.294
Australian Grand Prix,13.0,ZHO,10.943
Australian Grand Prix,13.0,HUL,7.104
Australian Grand Prix,13.0,OCO,11.529
Australian Grand Prix,13.0,NOR,9.73
Australian Grand Prix,13.0,HAM,2.596
Australian Grand Prix,13.0,SAI,7.44
Australian Grand Prix,13.0,RUS,5.744
Australian Grand Prix,13.0,BOT,14.764
Australian Grand Prix,13.0,PIA,10.308
Australian Grand Prix,14.0,VER,0.0
Australian Grand Prix,14.0,GAS,6.642
Australian Grand Prix,14.0,PER,13.328
Australian Grand Prix,14.0,ALO,4.727
Australian Grand Prix,14.0,STR,7.037
Australian Grand Prix,14.0,SAR,14.22
Australian Grand Prix,14.0,MAG,12.836
Australian Grand Prix,14.0,DEV,14.899000000000001
Australian Grand Prix,14.0,TSU,10.794
Australian Grand Prix,14.0,ZHO,11.655
Australian Grand Prix,14.0,HUL,8.364
Australian Grand Prix,14.0,OCO,12.15
Australian Grand Prix,14.0,NOR,10.168
Australian Grand Prix,14.0,HAM,3.3449999999999998
Australian Grand Prix,14.0,SAI,7.529
Australian Grand Prix,14.0,RUS,5.948
Australian Grand Prix,14.0,BOT,15.493
Australian Grand Prix,14.0,PIA,10.999
Australian Grand Prix,15.0,VER,0.0
Australian Grand Prix,15.0,GAS,6.9030000000000005
Australian Grand Prix,15.0,PER,14.678
Australian Grand Prix,15.0,ALO,4.918
Australian Grand Prix,15.0,STR,7.867
Australian Grand Prix,15.0,SAR,15.589
Australian Grand Prix,15.0,MAG,15.177
Australian Grand Prix,15.0,DEV,16.066
Australian Grand Prix,15.0,TSU,11.922
Australian Grand Prix,15.0,ZHO,13.866
Australian Grand Prix,15.0,HUL,8.557
Australian Grand Prix,15.0,OCO,14.217
Australian Grand Prix,15.0,NOR,10.919
Australian Grand Prix,15.0,HAM,3.526
Australian Grand Prix,15.0,SAI,7.299
Australian Grand Prix,15.0,RUS,6.21
Australian Grand Prix,15.0,BOT,16.615
Australian Grand Prix,15.0,PIA,13.418
Australian Grand Prix,16.0,VER,0.0
Australian Grand Prix,16.0,GAS,7.081
Australian Grand Prix,16.0,PER,16.378
Australian Grand Prix,16.0,ALO,4.579
Australian Grand Prix,16.0,STR,8.345
Australian Grand Prix,16.0,SAR,17.666
Australian Grand Prix,16.0,MAG,17.265
Australian Grand Prix,16.0,DEV,18.156
Australian Grand Prix,16.0,TSU,13.327
Australian Grand Prix,16.0,ZHO,16.812
Australian Grand Prix,16.0,HUL,8.782
Australian Grand Prix,16.0,OCO,15.065
Australian Grand Prix,16.0,NOR,11.431
Australian Grand Prix,16.0,HAM,3.8609999999999998
Australian Grand Prix,16.0,SAI,7.925
Australian Grand Prix,16.0,RUS,6.291
Australian Grand Prix,16.0,BOT,18.472
Australian Grand Prix,16.0,PIA,14.377
Australian Grand Prix,17.0,VER,0.0
Australian Grand Prix,17.0,GAS,7.729
Australian Grand Prix,17.0,PER,16.128
Australian Grand Prix,17.0,ALO,4.245
Australian Grand Prix,17.0,STR,9.067
Australian Grand Prix,17.0,SAR,19.176
Australian Grand Prix,17.0,MAG,18.244
Australian Grand Prix,17.0,DEV,19.571
Australian Grand Prix,17.0,TSU,14.436
Australian Grand Prix,17.0,ZHO,17.591
Australian Grand Prix,17.0,HUL,9.887
Australian Grand Prix,17.0,OCO,15.478
Australian Grand Prix,17.0,NOR,11.822
Australian Grand Prix,17.0,HAM,3.387
Australian Grand Prix,17.0,SAI,8.275
Australian Grand Prix,17.0,RUS,18.184
Australian Grand Prix,17.0,BOT,19.98
Australian Grand Prix,17.0,PIA,15.011
Australian Grand Prix,18.0,VER,0.0
Australian Grand Prix,18.0,GAS,10.5
Australian Grand Prix,18.0,PER,24.296
Australian Grand Prix,18.0,ALO,5.151
Australian Grand Prix,18.0,STR,14.092
Australian Grand Prix,18.0,SAR,27.913
Australian Grand Prix,18.0,MAG,27.083
Australian Grand Prix,18.0,DEV,31.098
Australian Grand Prix,18.0,TSU,20.596
Australian Grand Prix,18.0,ZHO,24.92
Australian Grand Prix,18.0,HUL,14.715
Australian Grand Prix,18.0,OCO,23.067
Australian Grand Prix,18.0,NOR,17.464
Australian Grand Prix,18.0,HAM,3.56
Australian Grand Prix,18.0,SAI,12.541
Australian Grand Prix,18.0,RUS,3089.81
Australian Grand Prix,18.0,BOT,29.567
Australian Grand Prix,18.0,PIA,21.555
Australian Grand Prix,19.0,VER,0.0
Australian Grand Prix,19.0,GAS,7.158
Australian Grand Prix,19.0,PER,17.111
Australian Grand Prix,19.0,ALO,3.787
Australian Grand Prix,19.0,STR,9.05
Australian Grand Prix,19.0,SAR,21.079
Australian Grand Prix,19.0,MAG,20.278
Australian Grand Prix,19.0,DEV,23.29
Australian Grand Prix,19.0,TSU,15.195
Australian Grand Prix,19.0,ZHO,18.976
Australian Grand Prix,19.0,HUL,10.206
Australian Grand Prix,19.0,OCO,16.603
Australian Grand Prix,19.0,NOR,12.164
Australian Grand Prix,19.0,HAM,2.851
Australian Grand Prix,19.0,SAI,8.324
Australian Grand Prix,19.0,BOT,22.514
Australian Grand Prix,19.0,PIA,15.886
Australian Grand Prix,20.0,VER,0.0
Australian Grand Prix,20.0,GAS,7.368
Australian Grand Prix,20.0,PER,17.479
Australian Grand Prix,20.0,ALO,4.311
Australian Grand Prix,20.0,STR,8.816
Australian Grand Prix,20.0,SAR,22.456
Australian Grand Prix,20.0,MAG,21.473
Australian Grand Prix,20.0,DEV,25.062
Australian Grand Prix,20.0,TSU,16.073
Australian Grand Prix,20.0,ZHO,20.253
Australian Grand Prix,20.0,HUL,10.43
Australian Grand Prix,20.0,OCO,16.984
Australian Grand Prix,20.0,NOR,12.516
Australian Grand Prix,20.0,HAM,2.582
Australian Grand Prix,20.0,SAI,8.037
Australian Grand Prix,20.0,BOT,25.923000000000002
Australian Grand Prix,20.0,PIA,16.548000000000002
Australian Grand Prix,21.0,VER,0.0
Australian Grand Prix,21.0,GAS,7.708
Australian Grand Prix,21.0,PER,18.906
Australian Grand Prix,21.0,ALO,5.122
Australian Grand Prix,21.0,STR,8.893
Australian Grand Prix,21.0,SAR,24.224
Australian Grand Prix,21.0,MAG,22.788
Australian Grand Prix,21.0,DEV,26.744
Australian Grand Prix,21.0,TSU,17.869
Australian Grand Prix,21.0,ZHO,21.411
Australian Grand Prix,21.0,HUL,11.001
Australian Grand Prix,21.0,OCO,19.215
Australian Grand Prix,21.0,NOR,13.234
Australian Grand Prix,21.0,HAM,3.176
Australian Grand Prix,21.0,SAI,8.077
Australian Grand Prix,21.0,BOT,28.317
Australian Grand Prix,21.0,PIA,18.434
Australian Grand Prix,22.0,VER,0.0
Australian Grand Prix,22.0,GAS,8.289
Australian Grand Prix,22.0,PER,19.374
Australian Grand Prix,22.0,ALO,5.907
Australian Grand Prix,22.0,STR,9.355
Australian Grand Prix,22.0,SAR,26.014
Australian Grand Prix,22.0,MAG,23.906
Australian Grand Prix,22.0,DEV,28.824
Australian Grand Prix,22.0,TSU,18.822
Australian Grand Prix,22.0,ZHO,22.347
Australian Grand Prix,22.0,HUL,11.357
Australian Grand Prix,22.0,OCO,20.464
Australian Grand Prix,22.0,NOR,13.497
Australian Grand Prix,22.0,HAM,3.627
Australian Grand Prix,22.0,SAI,8.711
Australian Grand Prix,22.0,BOT,29.801
Australian Grand Prix,22.0,PIA,20.019
Australian Grand Prix,23.0,VER,0.0
Australian Grand Prix,23.0,GAS,8.627
Australian Grand Prix,23.0,PER,19.367
Australian Grand Prix,23.0,ALO,6.801
Australian Grand Prix,23.0,STR,9.861
Australian Grand Prix,23.0,SAR,27.803
Australian Grand Prix,23.0,MAG,25.026
Australian Grand Prix,23.0,DEV,30.65
Australian Grand Prix,23.0,TSU,20.475
Australian Grand Prix,23.0,ZHO,23.572
Australian Grand Prix,23.0,HUL,11.754
Australian Grand Prix,23.0,OCO,21.856
Australian Grand Prix,23.0,NOR,13.954
Australian Grand Prix,23.0,HAM,4.405
Australian Grand Prix,23.0,SAI,9.041
Australian Grand Prix,23.0,BOT,31.093
Australian Grand Prix,23.0,PIA,21.026
Australian Grand Prix,24.0,VER,0.0
Australian Grand Prix,24.0,GAS,9.282
Australian Grand Prix,24.0,PER,20.202
Australian Grand Prix,24.0,ALO,7.843
Australian Grand Prix,24.0,STR,10.561
Australian Grand Prix,24.0,SAR,30.009
Australian Grand Prix,24.0,MAG,26.226
Australian Grand Prix,24.0,DEV,33.036
Australian Grand Prix,24.0,TSU,22.392
Australian Grand Prix,24.0,ZHO,24.85
Australian Grand Prix,24.0,HUL,12.55
Australian Grand Prix,24.0,OCO,23.417
Australian Grand Prix,24.0,NOR,14.647
Australian Grand Prix,24.0,HAM,5.736
Australian Grand Prix,24.0,SAI,9.623
Australian Grand Prix,24.0,BOT,33.405
Australian Grand Prix,24.0,PIA,22.979
Australian Grand Prix,25.0,VER,0.0
Australian Grand Prix,25.0,GAS,11.423
Australian Grand Prix,25.0,PER,20.162
Australian Grand Prix,25.0,ALO,8.673
Australian Grand Prix,25.0,STR,11.828
Australian Grand Prix,25.0,SAR,31.898
Australian Grand Prix,25.0,MAG,27.338
Australian Grand Prix,25.0,DEV,35.385
Australian Grand Prix,25.0,TSU,23.9
Australian Grand Prix,25.0,ZHO,26.206
Australian Grand Prix,25.0,HUL,13.513
Australian Grand Prix,25.0,OCO,24.945
Australian Grand Prix,25.0,NOR,15.103
Australian Grand Prix,25.0,HAM,6.088
Australian Grand Prix,25.0,SAI,10.513
Australian Grand Prix,25.0,BOT,35.782
Australian Grand Prix,25.0,PIA,24.353
Australian Grand Prix,26.0,VER,0.0
Australian Grand Prix,26.0,GAS,11.764
Australian Grand Prix,26.0,PER,20.414
Australian Grand Prix,26.0,ALO,9.026
Australian Grand Prix,26.0,STR,12.358
Australian Grand Prix,26.0,SAR,34.131
Australian Grand Prix,26.0,MAG,28.601
Australian Grand Prix,26.0,DEV,37.766
Australian Grand Prix,26.0,TSU,25.359
Australian Grand Prix,26.0,ZHO,27.722
Australian Grand Prix,26.0,HUL,14.02
Australian Grand Prix,26.0,OCO,25.886
Australian Grand Prix,26.0,NOR,15.589
Australian Grand Prix,26.0,HAM,6.711
Australian Grand Prix,26.0,SAI,10.979
Australian Grand Prix,26.0,BOT,37.959
Australian Grand Prix,26.0,PIA,26.708
Australian Grand Prix,27.0,VER,0.0
Australian Grand Prix,27.0,GAS,11.955
Australian Grand Prix,27.0,PER,20.56
Australian Grand Prix,27.0,ALO,9.456
Australian Grand Prix,27.0,STR,12.538
Australian Grand Prix,27.0,SAR,35.965
Australian Grand Prix,27.0,MAG,29.231
Australian Grand Prix,27.0,DEV,41.856
Australian Grand Prix,27.0,TSU,27.128
Australian Grand Prix,27.0,ZHO,28.429
Australian Grand Prix,27.0,HUL,14.317
Australian Grand Prix,27.0,OCO,26.009
Australian Grand Prix,27.0,NOR,16.08
Australian Grand Prix,27.0,HAM,6.918
Australian Grand Prix,27.0,SAI,11.154
Australian Grand Prix,27.0,BOT,40.563
Australian Grand Prix,27.0,PIA,27.779
Australian Grand Prix,28.0,VER,0.0
Australian Grand Prix,28.0,GAS,12.055
Australian Grand Prix,28.0,PER,20.878
Australian Grand Prix,28.0,ALO,9.431
Australian Grand Prix,28.0,STR,12.799
Australian Grand Prix,28.0,SAR,37.774
Australian Grand Prix,28.0,MAG,30.747
Australian Grand Prix,28.0,DEV,44.336
Australian Grand Prix,28.0,TSU,28.332
Australian Grand Prix,28.0,ZHO,29.407
Australian Grand Prix,28.0,HUL,14.724
Australian Grand Prix,28.0,OCO,26.339
Australian Grand Prix,28.0,NOR,16.58
Australian Grand Prix,28.0,HAM,7.0
Australian Grand Prix,28.0,SAI,11.147
Australian Grand Prix,28.0,BOT,41.935
Australian Grand Prix,28.0,PIA,28.678
Australian Grand Prix,29.0,VER,0.0
Australian Grand Prix,29.0,GAS,12.52
Australian Grand Prix,29.0,PER,21.014
Australian Grand Prix,29.0,ALO,9.688
Australian Grand Prix,29.0,STR,13.032
Australian Grand Prix,29.0,SAR,40.124
Australian Grand Prix,29.0,MAG,31.562
Australian Grand Prix,29.0,DEV,47.091
Australian Grand Prix,29.0,TSU,30.453
Australian Grand Prix,29.0,ZHO,30.885
Australian Grand Prix,29.0,HUL,15.175
Australian Grand Prix,29.0,OCO,26.705
Australian Grand Prix,29.0,NOR,17.042
Australian Grand Prix,29.0,HAM,7.943
Australian Grand Prix,29.0,SAI,11.787
Australian Grand Prix,29.0,BOT,43.177
Australian Grand Prix,29.0,PIA,29.541
Australian Grand Prix,30.0,VER,0.0
Australian Grand Prix,30.0,GAS,12.706
Australian Grand Prix,30.0,PER,20.93
Australian Grand Prix,30.0,ALO,9.618
Australian Grand Prix,30.0,STR,13.217
Australian Grand Prix,30.0,SAR,42.404
Australian Grand Prix,30.0,MAG,33.036
Australian Grand Prix,30.0,DEV,49.373
Australian Grand Prix,30.0,TSU,32.009
Australian Grand Prix,30.0,ZHO,32.446
Australian Grand Prix,30.0,HUL,15.844
Australian Grand Prix,30.0,OCO,26.701
Australian Grand Prix,30.0,NOR,17.268
Australian Grand Prix,30.0,HAM,8.146
Australian Grand Prix,30.0,SAI,11.94
Australian Grand Prix,30.0,BOT,44.66
Australian Grand Prix,30.0,PIA,30.622
Australian Grand Prix,31.0,VER,0.0
Australian Grand Prix,31.0,GAS,12.646
Australian Grand Prix,31.0,PER,20.718
Australian Grand Prix,31.0,ALO,10.05
Australian Grand Prix,31.0,STR,13.262
Australian Grand Prix,31.0,SAR,44.54
Australian Grand Prix,31.0,MAG,35.158
Australian Grand Prix,31.0,DEV,51.682
Australian Grand Prix,31.0,TSU,33.816
Australian Grand Prix,31.0,ZHO,34.89
Australian Grand Prix,31.0,HUL,16.217
Australian Grand Prix,31.0,OCO,26.704
Australian Grand Prix,31.0,NOR,17.583
Australian Grand Prix,31.0,HAM,8.342
Australian Grand Prix,31.0,SAI,11.77
Australian Grand Prix,31.0,BOT,46.002
Australian Grand Prix,31.0,PIA,31.26
Australian Grand Prix,32.0,VER,0.0
Australian Grand Prix,32.0,GAS,12.581
Australian Grand Prix,32.0,PER,20.162
Australian Grand Prix,32.0,ALO,10.136
Australian Grand Prix,32.0,STR,13.424
Australian Grand Prix,32.0,SAR,46.524
Australian Grand Prix,32.0,MAG,36.68
Australian Grand Prix,32.0,DEV,54.027
Australian Grand Prix,32.0,TSU,35.05
Australian Grand Prix,32.0,ZHO,35.903
Australian Grand Prix,32.0,HUL,16.293
Australian Grand Prix,32.0,OCO,26.733
Australian Grand Prix,32.0,NOR,17.731
Australian Grand Prix,32.0,HAM,8.881
Australian Grand Prix,32.0,SAI,11.744
Australian Grand Prix,32.0,BOT,47.583
Australian Grand Prix,32.0,PIA,32.103
Australian Grand Prix,33.0,VER,0.0
Australian Grand Prix,33.0,GAS,12.568
Australian Grand Prix,33.0,PER,20.15
Australian Grand Prix,33.0,ALO,10.308
Australian Grand Prix,33.0,STR,13.581
Australian Grand Prix,33.0,SAR,49.082
Australian Grand Prix,33.0,MAG,37.453
Australian Grand Prix,33.0,DEV,56.2
Australian Grand Prix,33.0,TSU,36.299
Australian Grand Prix,33.0,ZHO,36.861
Australian Grand Prix,33.0,HUL,16.218
Australian Grand Prix,33.0,OCO,27.002
Australian Grand Prix,33.0,NOR,18.192
Australian Grand Prix,33.0,HAM,8.716
Australian Grand Prix,33.0,SAI,11.695
Australian Grand Prix,33.0,BOT,49.48
Australian Grand Prix,33.0,PIA,32.715
Australian Grand Prix,34.0,VER,0.0
Australian Grand Prix,34.0,GAS,12.45
Australian Grand Prix,34.0,PER,20.163
Australian Grand Prix,34.0,ALO,10.435
Australian Grand Prix,34.0,STR,13.918
Australian Grand Prix,34.0,SAR,51.036
Australian Grand Prix,34.0,MAG,38.854
Australian Grand Prix,34.0,DEV,58.44
Australian Grand Prix,34.0,TSU,38.339
Australian Grand Prix,34.0,ZHO,38.46
Australian Grand Prix,34.0,HUL,16.516
Australian Grand Prix,34.0,OCO,26.896
Australian Grand Prix,34.0,NOR,18.592
Australian Grand Prix,34.0,HAM,8.795
Australian Grand Prix,34.0,SAI,11.678
Australian Grand Prix,34.0,BOT,51.351
Australian Grand Prix,34.0,PIA,33.325
Australian Grand Prix,35.0,VER,0.0
Australian Grand Prix,35.0,GAS,12.611
Australian Grand Prix,35.0,PER,20.718
Australian Grand Prix,35.0,ALO,10.482
Australian Grand Prix,35.0,STR,14.302
Australian Grand Prix,35.0,SAR,54.229
Australian Grand Prix,35.0,MAG,41.332
Australian Grand Prix,35.0,DEV,61.387
Australian Grand Prix,35.0,TSU,42.135
Australian Grand Prix,35.0,ZHO,40.446
Australian Grand Prix,35.0,HUL,17.076
Australian Grand Prix,35.0,OCO,27.286
Australian Grand Prix,35.0,NOR,19.058
Australian Grand Prix,35.0,HAM,8.946
Australian Grand Prix,35.0,SAI,11.689
Australian Grand Prix,35.0,BOT,52.719
Australian Grand Prix,35.0,PIA,34.115
Australian Grand Prix,36.0,VER,0.0
Australian Grand Prix,36.0,GAS,12.563
Australian Grand Prix,36.0,PER,21.045
Australian Grand Prix,36.0,ALO,10.437
Australian Grand Prix,36.0,STR,14.618
Australian Grand Prix,36.0,SAR,71.81
Australian Grand Prix,36.0,MAG,42.407
Australian Grand Prix,36.0,DEV,64.053
Australian Grand Prix,36.0,TSU,43.713
Australian Grand Prix,36.0,ZHO,42.831
Australian Grand Prix,36.0,HUL,17.485
Australian Grand Prix,36.0,OCO,28.326
Australian Grand Prix,36.0,NOR,19.416
Australian Grand Prix,36.0,HAM,9.294
Australian Grand Prix,36.0,SAI,11.652
Australian Grand Prix,36.0,BOT,53.818
Australian Grand Prix,36.0,PIA,34.856
Australian Grand Prix,37.0,VER,0.0
Australian Grand Prix,37.0,GAS,12.908
Australian Grand Prix,37.0,PER,21.456
Australian Grand Prix,37.0,ALO,10.607
Australian Grand Prix,37.0,STR,15.513
Australian Grand Prix,37.0,SAR,80.064
Australian Grand Prix,37.0,MAG,44.216
Australian Grand Prix,37.0,DEV,66.805
Australian Grand Prix,37.0,TSU,45.394
Australian Grand Prix,37.0,ZHO,44.65
Australian Grand Prix,37.0,HUL,18.051
Australian Grand Prix,37.0,OCO,28.877
Australian Grand Prix,37.0,NOR,20.168
Australian Grand Prix,37.0,HAM,9.291
Australian Grand Prix,37.0,SAI,11.908
Australian Grand Prix,37.0,BOT,55.435
Australian Grand Prix,37.0,PIA,35.799
Australian Grand Prix,38.0,VER,0.0
Australian Grand Prix,38.0,GAS,13.014
Australian Grand Prix,38.0,PER,21.838
Australian Grand Prix,38.0,ALO,11.004
Australian Grand Prix,38.0,STR,15.645
Australian Grand Prix,38.0,SAR,83.141
Australian Grand Prix,38.0,MAG,45.544
Australian Grand Prix,38.0,DEV,69.617
Australian Grand Prix,38.0,TSU,47.132
Australian Grand Prix,38.0,ZHO,46.248
Australian Grand Prix,38.0,HUL,18.929
Australian Grand Prix,38.0,OCO,29.427
Australian Grand Prix,38.0,NOR,20.705
Australian Grand Prix,38.0,HAM,9.665
Australian Grand Prix,38.0,SAI,12.141
Australian Grand Prix,38.0,BOT,56.889
Australian Grand Prix,38.0,PIA,36.796
Australian Grand Prix,39.0,VER,0.0
Australian Grand Prix,39.0,GAS,13.259
Australian Grand Prix,39.0,PER,21.978
Australian Grand Prix,39.0,ALO,11.08
Australian Grand Prix,39.0,STR,15.758
Australian Grand Prix,39.0,SAR,84.45
Australian Grand Prix,39.0,MAG,46.45
Australian Grand Prix,39.0,DEV,71.986
Australian Grand Prix,39.0,TSU,48.747
Australian Grand Prix,39.0,ZHO,47.134
Australian Grand Prix,39.0,HUL,19.203
Australian Grand Prix,39.0,OCO,29.599
Australian Grand Prix,39.0,NOR,20.784
Australian Grand Prix,39.0,HAM,9.402
Australian Grand Prix,39.0,SAI,12.415
Australian Grand Prix,39.0,BOT,58.33
Australian Grand Prix,39.0,PIA,37.73
Australian Grand Prix,40.0,VER,0.0
Australian Grand Prix,40.0,GAS,13.982
Australian Grand Prix,40.0,PER,22.502
Australian Grand Prix,40.0,ALO,11.696
Australian Grand Prix,40.0,STR,16.186
Australian Grand Prix,40.0,SAR,86.046
Australian Grand Prix,40.0,MAG,47.513
Australian Grand Prix,40.0,DEV,74.841
Australian Grand Prix,40.0,TSU,50.57
Australian Grand Prix,40.0,ZHO,48.299
Australian Grand Prix,40.0,HUL,19.718
Australian Grand Prix,40.0,OCO,30.423
Australian Grand Prix,40.0,NOR,21.349
Australian Grand Prix,40.0,HAM,9.887
Australian Grand Prix,40.0,SAI,13.279
Australian Grand Prix,40.0,BOT,59.947
Australian Grand Prix,40.0,PIA,38.655
Australian Grand Prix,41.0,VER,0.0
Australian Grand Prix,41.0,GAS,14.582
Australian Grand Prix,41.0,PER,23.26
Australian Grand Prix,41.0,ALO,12.08
Australian Grand Prix,41.0,STR,16.925
Australian Grand Prix,41.0,SAR,87.034
Australian Grand Prix,41.0,MAG,49.301
Australian Grand Prix,41.0,DEV,77.551
Australian Grand Prix,41.0,TSU,52.494
Australian Grand Prix,41.0,ZHO,49.559
Australian Grand Prix,41.0,HUL,20.725
Australian Grand Prix,41.0,OCO,31.112
Australian Grand Prix,41.0,NOR,22.037
Australian Grand Prix,41.0,HAM,10.168
Australian Grand Prix,41.0,SAI,13.705
Australian Grand Prix,41.0,BOT,62.046
Australian Grand Prix,41.0,PIA,39.6
Australian Grand Prix,42.0,VER,0.0
Australian Grand Prix,42.0,GAS,14.856
Australian Grand Prix,42.0,PER,23.091
Australian Grand Prix,42.0,ALO,12.216
Australian Grand Prix,42.0,STR,17.36
Australian Grand Prix,42.0,SAR,87.831
Australian Grand Prix,42.0,MAG,50.683
Australian Grand Prix,42.0,DEV,80.587
Australian Grand Prix,42.0,TSU,54.227
Australian Grand Prix,42.0,ZHO,51.143
Australian Grand Prix,42.0,HUL,21.015
Australian Grand Prix,42.0,OCO,31.503
Australian Grand Prix,42.0,NOR,22.385
Australian Grand Prix,42.0,HAM,10.399000000000001
Australian Grand Prix,42.0,SAI,13.897
Australian Grand Prix,42.0,BOT,63.842
Australian Grand Prix,42.0,PIA,40.553
Australian Grand Prix,43.0,VER,0.0
Australian Grand Prix,43.0,GAS,14.793
Australian Grand Prix,43.0,PER,22.622
Australian Grand Prix,43.0,ALO,12.256
Australian Grand Prix,43.0,STR,17.383
Australian Grand Prix,43.0,SAR,88.546
Australian Grand Prix,43.0,MAG,51.726
Australian Grand Prix,43.0,DEV,84.456
Australian Grand Prix,43.0,TSU,55.867
Australian Grand Prix,43.0,ZHO,52.325
Australian Grand Prix,43.0,HUL,21.379
Australian Grand Prix,43.0,OCO,31.61
Australian Grand Prix,43.0,NOR,23.438
Australian Grand Prix,43.0,HAM,10.306
Australian Grand Prix,43.0,SAI,13.805
Australian Grand Prix,43.0,BOT,65.239
Australian Grand Prix,43.0,PIA,41.605
Australian Grand Prix,44.0,VER,0.0
Australian Grand Prix,44.0,GAS,14.881
Australian Grand Prix,44.0,PER,22.765
Australian Grand Prix,44.0,ALO,12.126
Australian Grand Prix,44.0,STR,18.333
Australian Grand Prix,44.0,SAR,89.027
Australian Grand Prix,44.0,MAG,52.801
Australian Grand Prix,44.0,DEV,87.004
Australian Grand Prix,44.0,TSU,57.165
Australian Grand Prix,44.0,ZHO,53.351
Australian Grand Prix,44.0,HUL,23.324
Australian Grand Prix,44.0,OCO,31.724
Australian Grand Prix,44.0,NOR,23.621
Australian Grand Prix,44.0,HAM,10.198
Australian Grand Prix,44.0,SAI,14.053
Australian Grand Prix,44.0,BOT,66.673
Australian Grand Prix,44.0,PIA,42.213
Australian Grand Prix,45.0,VER,0.0
Australian Grand Prix,45.0,GAS,15.529
Australian Grand Prix,45.0,PER,23.105
Australian Grand Prix,45.0,ALO,12.382
Australian Grand Prix,45.0,STR,18.843
Australian Grand Prix,45.0,SAR,90.132
Australian Grand Prix,45.0,MAG,53.957
Australian Grand Prix,45.0,DEV,104.741
Australian Grand Prix,45.0,TSU,58.469
Australian Grand Prix,45.0,ZHO,54.593
Australian Grand Prix,45.0,HUL,23.923000000000002
Australian Grand Prix,45.0,OCO,32.393
Australian Grand Prix,45.0,NOR,24.332
Australian Grand Prix,45.0,HAM,10.813
Australian Grand Prix,45.0,SAI,14.549
Australian Grand Prix,45.0,BOT,68.257
Australian Grand Prix,45.0,PIA,43.113
Australian Grand Prix,46.0,VER,0.0
Australian Grand Prix,46.0,GAS,16.066
Australian Grand Prix,46.0,PER,23.406
Australian Grand Prix,46.0,ALO,12.369
Australian Grand Prix,46.0,STR,19.413
Australian Grand Prix,46.0,SAR,90.992
Australian Grand Prix,46.0,MAG,55.046
Australian Grand Prix,46.0,DEV,112.568
Australian Grand Prix,46.0,TSU,60.065
Australian Grand Prix,46.0,ZHO,55.826
Australian Grand Prix,46.0,HUL,24.344
Australian Grand Prix,46.0,OCO,33.198
Australian Grand Prix,46.0,NOR,24.802
Australian Grand Prix,46.0,HAM,11.139
Australian Grand Prix,46.0,SAI,15.154
Australian Grand Prix,46.0,BOT,69.787
Australian Grand Prix,46.0,PIA,44.062
Australian Grand Prix,47.0,VER,0.0
Australian Grand Prix,47.0,GAS,12.954
Australian Grand Prix,47.0,PER,19.942
Australian Grand Prix,47.0,ALO,9.293
Australian Grand Prix,47.0,STR,16.741
Australian Grand Prix,47.0,SAR,92.572
Australian Grand Prix,47.0,MAG,52.858
Australian Grand Prix,47.0,DEV,110.305
Australian Grand Prix,47.0,TSU,57.967
Australian Grand Prix,47.0,ZHO,53.581
Australian Grand Prix,47.0,HUL,21.781
Australian Grand Prix,47.0,OCO,30.473
Australian Grand Prix,47.0,NOR,22.177
Australian Grand Prix,47.0,HAM,7.848
Australian Grand Prix,47.0,SAI,12.08
Australian Grand Prix,47.0,BOT,68.05
Australian Grand Prix,47.0,PIA,41.624
Australian Grand Prix,48.0,VER,0.0
Australian Grand Prix,48.0,GAS,13.123
Australian Grand Prix,48.0,PER,19.601
Australian Grand Prix,48.0,ALO,9.338
Australian Grand Prix,48.0,STR,16.693
Australian Grand Prix,48.0,SAR,96.62
Australian Grand Prix,48.0,MAG,53.757
Australian Grand Prix,48.0,DEV,110.925
Australian Grand Prix,48.0,TSU,58.934
Australian Grand Prix,48.0,ZHO,54.327
Australian Grand Prix,48.0,HUL,22.574
Australian Grand Prix,48.0,OCO,30.87
Australian Grand Prix,48.0,NOR,22.888
Australian Grand Prix,48.0,HAM,7.625
Australian Grand Prix,48.0,SAI,12.242
Australian Grand Prix,48.0,BOT,69.413
Australian Grand Prix,48.0,PIA,42.237
Australian Grand Prix,49.0,VER,0.0
Australian Grand Prix,49.0,GAS,13.933
Australian Grand Prix,49.0,PER,20.006
Australian Grand Prix,49.0,ALO,9.73
Australian Grand Prix,49.0,STR,17.484
Australian Grand Prix,49.0,SAR,99.602
Australian Grand Prix,49.0,MAG,55.378
Australian Grand Prix,49.0,DEV,111.871
Australian Grand Prix,49.0,TSU,60.886
Australian Grand Prix,49.0,ZHO,55.968
Australian Grand Prix,49.0,HUL,24.174
Australian Grand Prix,49.0,OCO,32.196
Australian Grand Prix,49.0,NOR,24.887
Australian Grand Prix,49.0,HAM,7.896
Australian Grand Prix,49.0,SAI,13.002
Australian Grand Prix,49.0,BOT,71.544
Australian Grand Prix,49.0,PIA,43.42
Australian Grand Prix,50.0,VER,0.0
Australian Grand Prix,50.0,GAS,15.066
Australian Grand Prix,50.0,PER,20.554
Australian Grand Prix,50.0,ALO,9.982
Australian Grand Prix,50.0,STR,17.947
Australian Grand Prix,50.0,SAR,100.587
Australian Grand Prix,50.0,MAG,56.885
Australian Grand Prix,50.0,DEV,112.583
Australian Grand Prix,50.0,TSU,62.426
Australian Grand Prix,50.0,ZHO,57.333
Australian Grand Prix,50.0,HUL,25.575
Australian Grand Prix,50.0,OCO,32.929
Australian Grand Prix,50.0,NOR,26.13
Australian Grand Prix,50.0,HAM,8.334
Australian Grand Prix,50.0,SAI,13.501
Australian Grand Prix,50.0,BOT,73.478
Australian Grand Prix,50.0,PIA,44.701
Australian Grand Prix,51.0,VER,0.0
Australian Grand Prix,51.0,GAS,16.05
Australian Grand Prix,51.0,PER,21.232
Australian Grand Prix,51.0,ALO,10.254
Australian Grand Prix,51.0,STR,18.47
Australian Grand Prix,51.0,SAR,103.358
Australian Grand Prix,51.0,MAG,58.828
Australian Grand Prix,51.0,DEV,113.282
Australian Grand Prix,51.0,TSU,63.621
Australian Grand Prix,51.0,ZHO,59.482
Australian Grand Prix,51.0,HUL,29.423
Australian Grand Prix,51.0,OCO,33.749
Australian Grand Prix,51.0,NOR,27.53
Australian Grand Prix,51.0,HAM,8.384
Australian Grand Prix,51.0,SAI,13.695
Australian Grand Prix,51.0,BOT,75.319
Australian Grand Prix,51.0,PIA,45.806
Australian Grand Prix,52.0,VER,0.0
Australian Grand Prix,52.0,GAS,16.932
Australian Grand Prix,52.0,PER,21.349
Australian Grand Prix,52.0,ALO,10.032
Australian Grand Prix,52.0,STR,18.863
Australian Grand Prix,52.0,SAR,104.134
Australian Grand Prix,52.0,MAG,59.775
Australian Grand Prix,52.0,DEV,113.733
Australian Grand Prix,52.0,TSU,64.672
Australian Grand Prix,52.0,ZHO,60.794
Australian Grand Prix,52.0,HUL,31.278
Australian Grand Prix,52.0,OCO,34.447
Australian Grand Prix,52.0,NOR,28.144
Australian Grand Prix,52.0,HAM,8.387
Australian Grand Prix,52.0,SAI,13.676
Australian Grand Prix,52.0,BOT,77.242
Australian Grand Prix,52.0,PIA,46.751
Australian Grand Prix,53.0,VER,0.0
Australian Grand Prix,53.0,GAS,17.359
Australian Grand Prix,53.0,PER,20.913
Australian Grand Prix,53.0,ALO,9.837
Australian Grand Prix,53.0,STR,19.149
Australian Grand Prix,53.0,SAR,124.644
Australian Grand Prix,53.0,MAG,213.083
Australian Grand Prix,53.0,DEV,138.6
Australian Grand Prix,53.0,TSU,75.02
Australian Grand Prix,53.0,ZHO,66.889
Australian Grand Prix,53.0,HUL,32.333
Australian Grand Prix,53.0,OCO,35.114
Australian Grand Prix,53.0,NOR,28.732
Australian Grand Prix,53.0,HAM,8.368
Australian Grand Prix,53.0,SAI,13.472
Australian Grand Prix,53.0,BOT,107.214
Australian Grand Prix,53.0,PIA,47.415
Australian Grand Prix,54.0,VER,0.0
Australian Grand Prix,54.0,GAS,25.174
Australian Grand Prix,54.0,PER,30.235
Australian Grand Prix,54.0,ALO,13.725
Australian Grand Prix,54.0,STR,27.146
Australian Grand Prix,54.0,SAR,427.657
Australian Grand Prix,54.0,DEV,606.356
Australian Grand Prix,54.0,TSU,107.3
Australian Grand Prix,54.0,ZHO,106.168
Australian Grand Prix,54.0,HUL,45.703
Australian Grand Prix,54.0,OCO,50.265
Australian Grand Prix,54.0,NOR,42.176
Australian Grand Prix,54.0,HAM,12.793
Australian Grand Prix,54.0,SAI,20.508
Australian Grand Prix,54.0,BOT,411.641
Australian Grand Prix,54.0,PIA,79.169
Australian Grand Prix,55.0,VER,0.0
Australian Grand Prix,55.0,GAS,864.81
Australian Grand Prix,55.0,PER,873.071
Australian Grand Prix,55.0,ALO,859.037
Australian Grand Prix,55.0,STR,868.023
Australian Grand Prix,55.0,SAR,903.076
Australian Grand Prix,55.0,DEV,905.417
Australian Grand Prix,55.0,TSU,897.852
Australian Grand Prix,55.0,ZHO,893.234
Australian Grand Prix,55.0,HUL,882.686
Australian Grand Prix,55.0,OCO,886.456
Australian Grand Prix,55.0,NOR,880.782
Australian Grand Prix,55.0,HAM,3.529
Australian Grand Prix,55.0,SAI,862.231
Australian Grand Prix,55.0,BOT,901.076
Australian Grand Prix,55.0,PIA,889.068
Australian Grand Prix,56.0,VER,0.0
Australian Grand Prix,56.0,GAS,39.46
Australian Grand Prix,56.0,PER,40.096
Australian Grand Prix,56.0,ALO,38.718
Australian Grand Prix,56.0,STR,39.72
Australian Grand Prix,56.0,SAR,41.769
Australian Grand Prix,56.0,DEV,41.602
Australian Grand Prix,56.0,TSU,41.082
Australian Grand Prix,56.0,ZHO,41.494
Australian Grand Prix,56.0,HUL,40.539
Australian Grand Prix,56.0,OCO,40.684
Australian Grand Prix,56.0,NOR,40.323
Australian Grand Prix,56.0,HAM,38.244
Australian Grand Prix,56.0,SAI,39.271
Australian Grand Prix,56.0,BOT,41.271
Australian Grand Prix,56.0,PIA,41.077
Australian Grand Prix,57.0,VER,0.0
Australian Grand Prix,57.0,GAS,-116.063
Australian Grand Prix,57.0,PER,1854.836
Australian Grand Prix,57.0,ALO,1846.818
Australian Grand Prix,57.0,STR,1850.726
Australian Grand Prix,57.0,SAR,-116.063
Australian Grand Prix,57.0,DEV,-116.063
Australian Grand Prix,57.0,TSU,1863.726
Australian Grand Prix,57.0,ZHO,1862.968
Australian Grand Prix,57.0,HUL,1859.576
Australian Grand Prix,57.0,OCO,-116.063
Australian Grand Prix,57.0,NOR,1857.438
Australian Grand Prix,57.0,HAM,3.15
Australian Grand Prix,57.0,SAI,1849.339
Australian Grand Prix,57.0,BOT,1866.372
Australian Grand Prix,57.0,PIA,1861.88
Australian Grand Prix,58.0,VER,0.0
Australian Grand Prix,58.0,PER,3.419
Australian Grand Prix,58.0,ALO,0.855
Australian Grand Prix,58.0,STR,3.081
Australian Grand Prix,58.0,TSU,6.029
Australian Grand Prix,58.0,ZHO,5.725
Australian Grand Prix,58.0,HUL,4.997
Australian Grand Prix,58.0,NOR,3.743
Australian Grand Prix,58.0,HAM,0.22
Australian Grand Prix,58.0,SAI,1.5819999999999999
Australian Grand Prix,58.0,BOT,6.566
Australian Grand Prix,58.0,PIA,5.355
Azerbaijan Grand Prix,1.0,VER,0.347
Azerbaijan Grand Prix,1.0,GAS,9.676
Azerbaijan Grand Prix,1.0,PER,1.264
Azerbaijan Grand Prix,1.0,ALO,3.893
Azerbaijan Grand Prix,1.0,LEC,0.0
Azerbaijan Grand Prix,1.0,STR,4.459
Azerbaijan Grand Prix,1.0,SAR,8.871
Azerbaijan Grand Prix,1.0,MAG,8.606
Azerbaijan Grand Prix,1.0,DEV,10.948
Azerbaijan Grand Prix,1.0,TSU,7.061
Azerbaijan Grand Prix,1.0,ALB,8.076
Azerbaijan Grand Prix,1.0,ZHO,10.382
Azerbaijan Grand Prix,1.0,HUL,12.514
Azerbaijan Grand Prix,1.0,OCO,12.392
Azerbaijan Grand Prix,1.0,NOR,5.304
Azerbaijan Grand Prix,1.0,HAM,3.297
Azerbaijan Grand Prix,1.0,SAI,2.536
Azerbaijan Grand Prix,1.0,RUS,6.285
Azerbaijan Grand Prix,1.0,BOT,11.95
Azerbaijan Grand Prix,1.0,PIA,7.407
Azerbaijan Grand Prix,2.0,VER,0.398
Azerbaijan Grand Prix,2.0,GAS,12.01
Azerbaijan Grand Prix,2.0,PER,1.325
Azerbaijan Grand Prix,2.0,ALO,4.301
Azerbaijan Grand Prix,2.0,LEC,0.0
Azerbaijan Grand Prix,2.0,STR,5.212
Azerbaijan Grand Prix,2.0,SAR,11.362
Azerbaijan Grand Prix,2.0,MAG,11.118
Azerbaijan Grand Prix,2.0,DEV,13.723
Azerbaijan Grand Prix,2.0,TSU,8.586
Azerbaijan Grand Prix,2.0,ALB,10.148
Azerbaijan Grand Prix,2.0,ZHO,12.87
Azerbaijan Grand Prix,2.0,HUL,15.085
Azerbaijan Grand Prix,2.0,OCO,14.759
Azerbaijan Grand Prix,2.0,NOR,6.3870000000000005
Azerbaijan Grand Prix,2.0,HAM,3.806
Azerbaijan Grand Prix,2.0,SAI,2.654
Azerbaijan Grand Prix,2.0,RUS,7.447
Azerbaijan Grand Prix,2.0,BOT,14.358
Azerbaijan Grand Prix,2.0,PIA,9.278
Azerbaijan Grand Prix,3.0,VER,0.0
Azerbaijan Grand Prix,3.0,GAS,13.01
Azerbaijan Grand Prix,3.0,PER,0.907
Azerbaijan Grand Prix,3.0,ALO,4.008
Azerbaijan Grand Prix,3.0,LEC,0.076
Azerbaijan Grand Prix,3.0,STR,4.89
Azerbaijan Grand Prix,3.0,SAR,12.385
Azerbaijan Grand Prix,3.0,MAG,11.672
Azerbaijan Grand Prix,3.0,DEV,15.013
Azerbaijan Grand Prix,3.0,TSU,9.04
Azerbaijan Grand Prix,3.0,ALB,10.888
Azerbaijan Grand Prix,3.0,ZHO,14.108
Azerbaijan Grand Prix,3.0,HUL,17.107
Azerbaijan Grand Prix,3.0,OCO,16.169
Azerbaijan Grand Prix,3.0,NOR,6.406
Azerbaijan Grand Prix,3.0,HAM,3.333
Azerbaijan Grand Prix,3.0,SAI,2.507
Azerbaijan Grand Prix,3.0,RUS,7.28
Azerbaijan Grand Prix,3.0,BOT,15.722
Azerbaijan Grand Prix,3.0,PIA,9.655
Azerbaijan Grand Prix,4.0,VER,0.0
Azerbaijan Grand Prix,4.0,GAS,14.775
Azerbaijan Grand Prix,4.0,PER,1.203
Azerbaijan Grand Prix,4.0,ALO,4.812
Azerbaijan Grand Prix,4.0,LEC,0.934
Azerbaijan Grand Prix,4.0,STR,5.696
Azerbaijan Grand Prix,4.0,SAR,14.127
Azerbaijan Grand Prix,4.0,MAG,13.479
Azerbaijan Grand Prix,4.0,DEV,16.686
Azerbaijan Grand Prix,4.0,TSU,10.409
Azerbaijan Grand Prix,4.0,ALB,12.784
Azerbaijan Grand Prix,4.0,ZHO,16.096
Azerbaijan Grand Prix,4.0,HUL,18.73
Azerbaijan Grand Prix,4.0,OCO,18.084
Azerbaijan Grand Prix,4.0,NOR,7.394
Azerbaijan Grand Prix,4.0,HAM,3.985
Azerbaijan Grand Prix,4.0,SAI,3.297
Azerbaijan Grand Prix,4.0,RUS,8.424
Azerbaijan Grand Prix,4.0,BOT,17.606
Azerbaijan Grand Prix,4.0,PIA,11.549
Azerbaijan Grand Prix,5.0,VER,0.0
Azerbaijan Grand Prix,5.0,GAS,20.451
Azerbaijan Grand Prix,5.0,PER,1.342
Azerbaijan Grand Prix,5.0,ALO,5.235
Azerbaijan Grand Prix,5.0,LEC,1.215
Azerbaijan Grand Prix,5.0,STR,5.909
Azerbaijan Grand Prix,5.0,SAR,15.526
Azerbaijan Grand Prix,5.0,MAG,15.031
Azerbaijan Grand Prix,5.0,DEV,18.158
Azerbaijan Grand Prix,5.0,TSU,11.532
Azerbaijan Grand Prix,5.0,ALB,13.997
Azerbaijan Grand Prix,5.0,ZHO,17.772
Azerbaijan Grand Prix,5.0,HUL,20.585
Azerbaijan Grand Prix,5.0,OCO,19.613
Azerbaijan Grand Prix,5.0,NOR,7.998
Azerbaijan Grand Prix,5.0,HAM,4.3
Azerbaijan Grand Prix,5.0,SAI,3.698
Azerbaijan Grand Prix,5.0,RUS,9.391
Azerbaijan Grand Prix,5.0,BOT,19.149
Azerbaijan Grand Prix,5.0,PIA,12.371
Azerbaijan Grand Prix,6.0,VER,0.0
Azerbaijan Grand Prix,6.0,GAS,38.114
Azerbaijan Grand Prix,6.0,PER,1.213
Azerbaijan Grand Prix,6.0,ALO,6.4
Azerbaijan Grand Prix,6.0,LEC,2.08
Azerbaijan Grand Prix,6.0,STR,6.975
Azerbaijan Grand Prix,6.0,SAR,17.609
Azerbaijan Grand Prix,6.0,MAG,16.78
Azerbaijan Grand Prix,6.0,DEV,20.293
Azerbaijan Grand Prix,6.0,TSU,12.558
Azerbaijan Grand Prix,6.0,ALB,15.325
Azerbaijan Grand Prix,6.0,ZHO,19.877
Azerbaijan Grand Prix,6.0,HUL,22.416
Azerbaijan Grand Prix,6.0,OCO,21.528
Azerbaijan Grand Prix,6.0,NOR,9.012
Azerbaijan Grand Prix,6.0,HAM,5.014
Azerbaijan Grand Prix,6.0,SAI,4.145
Azerbaijan Grand Prix,6.0,RUS,10.363
Azerbaijan Grand Prix,6.0,BOT,25.151
Azerbaijan Grand Prix,6.0,PIA,13.654
Azerbaijan Grand Prix,7.0,VER,0.0
Azerbaijan Grand Prix,7.0,GAS,38.841
Azerbaijan Grand Prix,7.0,PER,1.103
Azerbaijan Grand Prix,7.0,ALO,7.36
Azerbaijan Grand Prix,7.0,LEC,2.242
Azerbaijan Grand Prix,7.0,STR,8.153
Azerbaijan Grand Prix,7.0,SAR,20.345
Azerbaijan Grand Prix,7.0,MAG,18.43
Azerbaijan Grand Prix,7.0,DEV,22.416
Azerbaijan Grand Prix,7.0,TSU,13.823
Azerbaijan Grand Prix,7.0,ALB,21.323
Azerbaijan Grand Prix,7.0,ZHO,21.994
Azerbaijan Grand Prix,7.0,HUL,23.978
Azerbaijan Grand Prix,7.0,OCO,23.104
Azerbaijan Grand Prix,7.0,NOR,10.265
Azerbaijan Grand Prix,7.0,HAM,5.835
Azerbaijan Grand Prix,7.0,SAI,4.412
Azerbaijan Grand Prix,7.0,RUS,11.682
Azerbaijan Grand Prix,7.0,BOT,43.111
Azerbaijan Grand Prix,7.0,PIA,15.761
Azerbaijan Grand Prix,8.0,VER,0.0
Azerbaijan Grand Prix,8.0,GAS,41.097
Azerbaijan Grand Prix,8.0,PER,1.109
Azerbaijan Grand Prix,8.0,ALO,7.621
Azerbaijan Grand Prix,8.0,LEC,3.148
Azerbaijan Grand Prix,8.0,STR,9.296
Azerbaijan Grand Prix,8.0,SAR,27.674
Azerbaijan Grand Prix,8.0,MAG,20.601
Azerbaijan Grand Prix,8.0,DEV,24.968
Azerbaijan Grand Prix,8.0,TSU,19.871
Azerbaijan Grand Prix,8.0,ALB,40.689
Azerbaijan Grand Prix,8.0,ZHO,24.444
Azerbaijan Grand Prix,8.0,HUL,25.844
Azerbaijan Grand Prix,8.0,OCO,25.499
Azerbaijan Grand Prix,8.0,NOR,11.8
Azerbaijan Grand Prix,8.0,HAM,6.963
Azerbaijan Grand Prix,8.0,SAI,5.202
Azerbaijan Grand Prix,8.0,RUS,12.969
Azerbaijan Grand Prix,8.0,BOT,44.607
Azerbaijan Grand Prix,8.0,PIA,21.205
Azerbaijan Grand Prix,9.0,VER,0.0
Azerbaijan Grand Prix,9.0,GAS,42.004
Azerbaijan Grand Prix,9.0,PER,0.613
Azerbaijan Grand Prix,9.0,ALO,9.507
Azerbaijan Grand Prix,9.0,LEC,3.625
Azerbaijan Grand Prix,9.0,STR,10.375
Azerbaijan Grand Prix,9.0,SAR,46.472
Azerbaijan Grand Prix,9.0,MAG,22.708
Azerbaijan Grand Prix,9.0,DEV,27.277
Azerbaijan Grand Prix,9.0,TSU,38.505
Azerbaijan Grand Prix,9.0,ALB,41.713
Azerbaijan Grand Prix,9.0,ZHO,26.863
Azerbaijan Grand Prix,9.0,HUL,28.203
Azerbaijan Grand Prix,9.0,OCO,27.636
Azerbaijan Grand Prix,9.0,NOR,17.199
Azerbaijan Grand Prix,9.0,HAM,13.197
Azerbaijan Grand Prix,9.0,SAI,6.061
Azerbaijan Grand Prix,9.0,RUS,13.782
Azerbaijan Grand Prix,9.0,BOT,47.402
Azerbaijan Grand Prix,9.0,PIA,39.736
Azerbaijan Grand Prix,10.0,VER,3.26
Azerbaijan Grand Prix,10.0,GAS,56.514
Azerbaijan Grand Prix,10.0,PER,0.0
Azerbaijan Grand Prix,10.0,ALO,9.405
Azerbaijan Grand Prix,10.0,LEC,3.141
Azerbaijan Grand Prix,10.0,STR,10.75
Azerbaijan Grand Prix,10.0,SAR,60.852
Azerbaijan Grand Prix,10.0,MAG,38.009
Azerbaijan Grand Prix,10.0,DEV,69.759
Azerbaijan Grand Prix,10.0,TSU,49.837
Azerbaijan Grand Prix,10.0,ALB,55.154
Azerbaijan Grand Prix,10.0,ZHO,28.877
Azerbaijan Grand Prix,10.0,HUL,36.053
Azerbaijan Grand Prix,10.0,OCO,35.221
Azerbaijan Grand Prix,10.0,NOR,45.401
Azerbaijan Grand Prix,10.0,HAM,37.148
Azerbaijan Grand Prix,10.0,SAI,5.955
Azerbaijan Grand Prix,10.0,RUS,13.926
Azerbaijan Grand Prix,10.0,BOT,64.525
Azerbaijan Grand Prix,10.0,PIA,52.947
Azerbaijan Grand Prix,11.0,VER,23.676
Azerbaijan Grand Prix,11.0,GAS,62.117
Azerbaijan Grand Prix,11.0,PER,0.0
Azerbaijan Grand Prix,11.0,ALO,14.968
Azerbaijan Grand Prix,11.0,LEC,5.107
Azerbaijan Grand Prix,11.0,STR,21.608
Azerbaijan Grand Prix,11.0,SAR,72.256
Azerbaijan Grand Prix,11.0,MAG,71.01
Azerbaijan Grand Prix,11.0,TSU,56.172
Azerbaijan Grand Prix,11.0,ALB,61.162
Azerbaijan Grand Prix,11.0,ZHO,41.331
Azerbaijan Grand Prix,11.0,HUL,43.686
Azerbaijan Grand Prix,11.0,OCO,42.271
Azerbaijan Grand Prix,11.0,NOR,49.57
Azerbaijan Grand Prix,11.0,HAM,44.139
Azerbaijan Grand Prix,11.0,SAI,12.935
Azerbaijan Grand Prix,11.0,RUS,21.523
Azerbaijan Grand Prix,11.0,BOT,74.155
Azerbaijan Grand Prix,11.0,PIA,58.267
Azerbaijan Grand Prix,12.0,VER,2.5460000000000003
Azerbaijan Grand Prix,12.0,GAS,23.256
Azerbaijan Grand Prix,12.0,PER,0.0
Azerbaijan Grand Prix,12.0,ALO,4.9719999999999995
Azerbaijan Grand Prix,12.0,LEC,1.3940000000000001
Azerbaijan Grand Prix,12.0,STR,9.584
Azerbaijan Grand Prix,12.0,SAR,26.17
Azerbaijan Grand Prix,12.0,MAG,25.404
Azerbaijan Grand Prix,12.0,TSU,16.93
Azerbaijan Grand Prix,12.0,ALB,20.903
Azerbaijan Grand Prix,12.0,ZHO,20.088
Azerbaijan Grand Prix,12.0,HUL,12.693999999999999
Azerbaijan Grand Prix,12.0,OCO,11.401
Azerbaijan Grand Prix,12.0,NOR,15.075
Azerbaijan Grand Prix,12.0,HAM,13.943
Azerbaijan Grand Prix,12.0,SAI,3.386
Azerbaijan Grand Prix,12.0,RUS,7.558
Azerbaijan Grand Prix,12.0,BOT,31.812
Azerbaijan Grand Prix,12.0,PIA,18.466
Azerbaijan Grand Prix,13.0,VER,0.352
Azerbaijan Grand Prix,13.0,GAS,3.406
Azerbaijan Grand Prix,13.0,PER,0.0
Azerbaijan Grand Prix,13.0,ALO,0.896
Azerbaijan Grand Prix,13.0,LEC,0.208
Azerbaijan Grand Prix,13.0,STR,1.455
Azerbaijan Grand Prix,13.0,SAR,4.766
Azerbaijan Grand Prix,13.0,MAG,4.6530000000000005
Azerbaijan Grand Prix,13.0,TSU,2.457
Azerbaijan Grand Prix,13.0,ALB,3.072
Azerbaijan Grand Prix,13.0,ZHO,2.8209999999999997
Azerbaijan Grand Prix,13.0,HUL,1.8940000000000001
Azerbaijan Grand Prix,13.0,OCO,1.5979999999999999
Azerbaijan Grand Prix,13.0,NOR,2.046
Azerbaijan Grand Prix,13.0,HAM,1.94
Azerbaijan Grand Prix,13.0,SAI,0.559
Azerbaijan Grand Prix,13.0,RUS,1.211
Azerbaijan Grand Prix,13.0,BOT,5.532
Azerbaijan Grand Prix,13.0,PIA,2.66
Azerbaijan Grand Prix,14.0,VER,1.49
Azerbaijan Grand Prix,14.0,GAS,10.48
Azerbaijan Grand Prix,14.0,PER,0.0
Azerbaijan Grand Prix,14.0,ALO,4.005
Azerbaijan Grand Prix,14.0,LEC,2.9210000000000003
Azerbaijan Grand Prix,14.0,STR,4.98
Azerbaijan Grand Prix,14.0,SAR,12.07
Azerbaijan Grand Prix,14.0,MAG,11.497
Azerbaijan Grand Prix,14.0,TSU,8.884
Azerbaijan Grand Prix,14.0,ALB,9.852
Azerbaijan Grand Prix,14.0,ZHO,11.06
Azerbaijan Grand Prix,14.0,HUL,7.38
Azerbaijan Grand Prix,14.0,OCO,7.069
Azerbaijan Grand Prix,14.0,NOR,8.059
Azerbaijan Grand Prix,14.0,HAM,6.019
Azerbaijan Grand Prix,14.0,SAI,4.269
Azerbaijan Grand Prix,14.0,RUS,5.899
Azerbaijan Grand Prix,14.0,BOT,12.862
Azerbaijan Grand Prix,14.0,PIA,9.466
Azerbaijan Grand Prix,15.0,VER,1.374
Azerbaijan Grand Prix,15.0,GAS,13.628
Azerbaijan Grand Prix,15.0,PER,0.0
Azerbaijan Grand Prix,15.0,ALO,5.131
Azerbaijan Grand Prix,15.0,LEC,3.859
Azerbaijan Grand Prix,15.0,STR,6.698
Azerbaijan Grand Prix,15.0,SAR,15.715
Azerbaijan Grand Prix,15.0,MAG,14.802
Azerbaijan Grand Prix,15.0,TSU,11.602
Azerbaijan Grand Prix,15.0,ALB,12.977
Azerbaijan Grand Prix,15.0,ZHO,14.279
Azerbaijan Grand Prix,15.0,HUL,9.843
Azerbaijan Grand Prix,15.0,OCO,9.422
Azerbaijan Grand Prix,15.0,NOR,10.745
Azerbaijan Grand Prix,15.0,HAM,7.475
Azerbaijan Grand Prix,15.0,SAI,5.745
Azerbaijan Grand Prix,15.0,RUS,8.452
Azerbaijan Grand Prix,15.0,BOT,16.738
Azerbaijan Grand Prix,15.0,PIA,12.281
Azerbaijan Grand Prix,16.0,VER,1.353
Azerbaijan Grand Prix,16.0,GAS,16.182
Azerbaijan Grand Prix,16.0,PER,0.0
Azerbaijan Grand Prix,16.0,ALO,6.017
Azerbaijan Grand Prix,16.0,LEC,4.686
Azerbaijan Grand Prix,16.0,STR,8.258
Azerbaijan Grand Prix,16.0,SAR,18.658
Azerbaijan Grand Prix,16.0,MAG,17.236
Azerbaijan Grand Prix,16.0,TSU,13.952
Azerbaijan Grand Prix,16.0,ALB,15.57
Azerbaijan Grand Prix,16.0,ZHO,17.035
Azerbaijan Grand Prix,16.0,HUL,12.149
Azerbaijan Grand Prix,16.0,OCO,11.537
Azerbaijan Grand Prix,16.0,NOR,13.059
Azerbaijan Grand Prix,16.0,HAM,8.666
Azerbaijan Grand Prix,16.0,SAI,6.977
Azerbaijan Grand Prix,16.0,RUS,10.335
Azerbaijan Grand Prix,16.0,BOT,19.733
Azerbaijan Grand Prix,16.0,PIA,14.938
Azerbaijan Grand Prix,17.0,VER,1.328
Azerbaijan Grand Prix,17.0,GAS,18.574
Azerbaijan Grand Prix,17.0,PER,0.0
Azerbaijan Grand Prix,17.0,ALO,7.3629999999999995
Azerbaijan Grand Prix,17.0,LEC,5.555
Azerbaijan Grand Prix,17.0,STR,9.786
Azerbaijan Grand Prix,17.0,SAR,21.846
Azerbaijan Grand Prix,17.0,MAG,20.584
Azerbaijan Grand Prix,17.0,TSU,16.038
Azerbaijan Grand Prix,17.0,ALB,17.774
Azerbaijan Grand Prix,17.0,ZHO,19.956
Azerbaijan Grand Prix,17.0,HUL,14.155
Azerbaijan Grand Prix,17.0,OCO,13.695
Azerbaijan Grand Prix,17.0,NOR,15.503
Azerbaijan Grand Prix,17.0,HAM,10.526
Azerbaijan Grand Prix,17.0,SAI,8.807
Azerbaijan Grand Prix,17.0,RUS,12.208
Azerbaijan Grand Prix,17.0,BOT,22.979
Azerbaijan Grand Prix,17.0,PIA,17.04
Azerbaijan Grand Prix,18.0,VER,1.249
Azerbaijan Grand Prix,18.0,GAS,20.64
Azerbaijan Grand Prix,18.0,PER,0.0
Azerbaijan Grand Prix,18.0,ALO,9.058
Azerbaijan Grand Prix,18.0,LEC,6.7780000000000005
Azerbaijan Grand Prix,18.0,STR,11.117
Azerbaijan Grand Prix,18.0,SAR,24.234
Azerbaijan Grand Prix,18.0,MAG,22.564
Azerbaijan Grand Prix,18.0,TSU,18.224
Azerbaijan Grand Prix,18.0,ALB,20.252
Azerbaijan Grand Prix,18.0,ZHO,22.282
Azerbaijan Grand Prix,18.0,HUL,16.179
Azerbaijan Grand Prix,18.0,OCO,15.645
Azerbaijan Grand Prix,18.0,NOR,17.515
Azerbaijan Grand Prix,18.0,HAM,12.226
Azerbaijan Grand Prix,18.0,SAI,10.274000000000001
Azerbaijan Grand Prix,18.0,RUS,13.881
Azerbaijan Grand Prix,18.0,BOT,25.935
Azerbaijan Grand Prix,18.0,PIA,19.259
Azerbaijan Grand Prix,19.0,VER,1.438
Azerbaijan Grand Prix,19.0,GAS,23.2
Azerbaijan Grand Prix,19.0,PER,0.0
Azerbaijan Grand Prix,19.0,ALO,10.443
Azerbaijan Grand Prix,19.0,LEC,7.995
Azerbaijan Grand Prix,19.0,STR,13.654
Azerbaijan Grand Prix,19.0,SAR,26.851
Azerbaijan Grand Prix,19.0,MAG,24.845
Azerbaijan Grand Prix,19.0,TSU,20.309
Azerbaijan Grand Prix,19.0,ALB,22.557
Azerbaijan Grand Prix,19.0,ZHO,26.281
Azerbaijan Grand Prix,19.0,HUL,18.429
Azerbaijan Grand Prix,19.0,OCO,17.83
Azerbaijan Grand Prix,19.0,NOR,19.398
Azerbaijan Grand Prix,19.0,HAM,13.502
Azerbaijan Grand Prix,19.0,SAI,11.759
Azerbaijan Grand Prix,19.0,RUS,14.973
Azerbaijan Grand Prix,19.0,BOT,29.317
Azerbaijan Grand Prix,19.0,PIA,21.524
Azerbaijan Grand Prix,20.0,VER,1.207
Azerbaijan Grand Prix,20.0,GAS,25.319
Azerbaijan Grand Prix,20.0,PER,0.0
Azerbaijan Grand Prix,20.0,ALO,11.791
Azerbaijan Grand Prix,20.0,LEC,9.07
Azerbaijan Grand Prix,20.0,STR,15.852
Azerbaijan Grand Prix,20.0,SAR,29.896
Azerbaijan Grand Prix,20.0,MAG,26.933
Azerbaijan Grand Prix,20.0,TSU,22.653
Azerbaijan Grand Prix,20.0,ALB,24.573
Azerbaijan Grand Prix,20.0,ZHO,28.998
Azerbaijan Grand Prix,20.0,HUL,20.719
Azerbaijan Grand Prix,20.0,OCO,19.739
Azerbaijan Grand Prix,20.0,NOR,21.064
Azerbaijan Grand Prix,20.0,HAM,14.559
Azerbaijan Grand Prix,20.0,SAI,13.319
Azerbaijan Grand Prix,20.0,RUS,16.183
Azerbaijan Grand Prix,20.0,BOT,31.92
Azerbaijan Grand Prix,20.0,PIA,23.208
Azerbaijan Grand Prix,21.0,VER,1.162
Azerbaijan Grand Prix,21.0,GAS,27.354
Azerbaijan Grand Prix,21.0,PER,0.0
Azerbaijan Grand Prix,21.0,ALO,12.813
Azerbaijan Grand Prix,21.0,LEC,9.929
Azerbaijan Grand Prix,21.0,STR,17.178
Azerbaijan Grand Prix,21.0,SAR,32.626
Azerbaijan Grand Prix,21.0,MAG,28.662
Azerbaijan Grand Prix,21.0,TSU,24.633
Azerbaijan Grand Prix,21.0,ALB,26.886
Azerbaijan Grand Prix,21.0,ZHO,31.44
Azerbaijan Grand Prix,21.0,HUL,22.52
Azerbaijan Grand Prix,21.0,OCO,21.454
Azerbaijan Grand Prix,21.0,NOR,23.592
Azerbaijan Grand Prix,21.0,HAM,15.53
Azerbaijan Grand Prix,21.0,SAI,14.382
Azerbaijan Grand Prix,21.0,RUS,17.922
Azerbaijan Grand Prix,21.0,BOT,34.401
Azerbaijan Grand Prix,21.0,PIA,25.541
Azerbaijan Grand Prix,22.0,VER,1.137
Azerbaijan Grand Prix,22.0,GAS,29.713
Azerbaijan Grand Prix,22.0,PER,0.0
Azerbaijan Grand Prix,22.0,ALO,13.347
Azerbaijan Grand Prix,22.0,LEC,10.715
Azerbaijan Grand Prix,22.0,STR,18.481
Azerbaijan Grand Prix,22.0,SAR,35.224
Azerbaijan Grand Prix,22.0,MAG,30.642
Azerbaijan Grand Prix,22.0,TSU,26.58
Azerbaijan Grand Prix,22.0,ALB,29.177
Azerbaijan Grand Prix,22.0,ZHO,34.116
Azerbaijan Grand Prix,22.0,HUL,24.435
Azerbaijan Grand Prix,22.0,OCO,23.931
Azerbaijan Grand Prix,22.0,NOR,25.573
Azerbaijan Grand Prix,22.0,HAM,16.635
Azerbaijan Grand Prix,22.0,SAI,15.605
Azerbaijan Grand Prix,22.0,RUS,19.267
Azerbaijan Grand Prix,22.0,BOT,37.022
Azerbaijan Grand Prix,22.0,PIA,27.722
Azerbaijan Grand Prix,23.0,VER,1.26
Azerbaijan Grand Prix,23.0,GAS,36.142
Azerbaijan Grand Prix,23.0,PER,0.0
Azerbaijan Grand Prix,23.0,ALO,14.214
Azerbaijan Grand Prix,23.0,LEC,11.49
Azerbaijan Grand Prix,23.0,STR,19.806
Azerbaijan Grand Prix,23.0,SAR,37.823
Azerbaijan Grand Prix,23.0,MAG,32.769
Azerbaijan Grand Prix,23.0,TSU,28.842
Azerbaijan Grand Prix,23.0,ALB,31.347
Azerbaijan Grand Prix,23.0,ZHO,36.939
Azerbaijan Grand Prix,23.0,HUL,27.481
Azerbaijan Grand Prix,23.0,OCO,27.13
Azerbaijan Grand Prix,23.0,NOR,28.137
Azerbaijan Grand Prix,23.0,HAM,17.534
Azerbaijan Grand Prix,23.0,SAI,16.914
Azerbaijan Grand Prix,23.0,RUS,20.103
Azerbaijan Grand Prix,23.0,BOT,39.34
Azerbaijan Grand Prix,23.0,PIA,30.268
Azerbaijan Grand Prix,24.0,VER,1.264
Azerbaijan Grand Prix,24.0,GAS,55.121
Azerbaijan Grand Prix,24.0,PER,0.0
Azerbaijan Grand Prix,24.0,ALO,14.642
Azerbaijan Grand Prix,24.0,LEC,12.266
Azerbaijan Grand Prix,24.0,STR,20.835
Azerbaijan Grand Prix,24.0,SAR,40.603
Azerbaijan Grand Prix,24.0,MAG,34.757
Azerbaijan Grand Prix,24.0,TSU,31.307
Azerbaijan Grand Prix,24.0,ALB,33.689
Azerbaijan Grand Prix,24.0,ZHO,39.579
Azerbaijan Grand Prix,24.0,HUL,29.848
Azerbaijan Grand Prix,24.0,OCO,29.276
Azerbaijan Grand Prix,24.0,NOR,30.721
Azerbaijan Grand Prix,24.0,HAM,18.428
Azerbaijan Grand Prix,24.0,SAI,17.74
Azerbaijan Grand Prix,24.0,RUS,21.771
Azerbaijan Grand Prix,24.0,BOT,41.926
Azerbaijan Grand Prix,24.0,PIA,32.463
Azerbaijan Grand Prix,25.0,VER,1.255
Azerbaijan Grand Prix,25.0,GAS,56.016
Azerbaijan Grand Prix,25.0,PER,0.0
Azerbaijan Grand Prix,25.0,ALO,15.596
Azerbaijan Grand Prix,25.0,LEC,13.03
Azerbaijan Grand Prix,25.0,STR,21.891
Azerbaijan Grand Prix,25.0,SAR,43.026
Azerbaijan Grand Prix,25.0,MAG,36.953
Azerbaijan Grand Prix,25.0,TSU,33.541
Azerbaijan Grand Prix,25.0,ALB,36.137
Azerbaijan Grand Prix,25.0,ZHO,42.018
Azerbaijan Grand Prix,25.0,HUL,32.152
Azerbaijan Grand Prix,25.0,OCO,31.665
Azerbaijan Grand Prix,25.0,NOR,32.837
Azerbaijan Grand Prix,25.0,HAM,19.939
Azerbaijan Grand Prix,25.0,SAI,19.037
Azerbaijan Grand Prix,25.0,RUS,23.187
Azerbaijan Grand Prix,25.0,BOT,44.299
Azerbaijan Grand Prix,25.0,PIA,35.049
Azerbaijan Grand Prix,26.0,VER,1.3780000000000001
Azerbaijan Grand Prix,26.0,GAS,56.457
Azerbaijan Grand Prix,26.0,PER,0.0
Azerbaijan Grand Prix,26.0,ALO,16.245
Azerbaijan Grand Prix,26.0,LEC,14.009
Azerbaijan Grand Prix,26.0,STR,23.262
Azerbaijan Grand Prix,26.0,SAR,45.096
Azerbaijan Grand Prix,26.0,MAG,39.082
Azerbaijan Grand Prix,26.0,TSU,35.505
Azerbaijan Grand Prix,26.0,ALB,38.316
Azerbaijan Grand Prix,26.0,ZHO,44.238
Azerbaijan Grand Prix,26.0,HUL,34.097
Azerbaijan Grand Prix,26.0,OCO,33.537
Azerbaijan Grand Prix,26.0,NOR,34.987
Azerbaijan Grand Prix,26.0,HAM,22.208
Azerbaijan Grand Prix,26.0,SAI,20.597
Azerbaijan Grand Prix,26.0,RUS,24.408
Azerbaijan Grand Prix,26.0,BOT,47.119
Azerbaijan Grand Prix,26.0,PIA,37.342
Azerbaijan Grand Prix,27.0,VER,1.482
Azerbaijan Grand Prix,27.0,GAS,57.398
Azerbaijan Grand Prix,27.0,PER,0.0
Azerbaijan Grand Prix,27.0,ALO,16.788
Azerbaijan Grand Prix,27.0,LEC,14.887
Azerbaijan Grand Prix,27.0,STR,24.682
Azerbaijan Grand Prix,27.0,SAR,47.619
Azerbaijan Grand Prix,27.0,MAG,41.918
Azerbaijan Grand Prix,27.0,TSU,38.189
Azerbaijan Grand Prix,27.0,ALB,40.565
Azerbaijan Grand Prix,27.0,ZHO,46.783
Azerbaijan Grand Prix,27.0,HUL,37.073
Azerbaijan Grand Prix,27.0,OCO,35.798
Azerbaijan Grand Prix,27.0,NOR,37.487
Azerbaijan Grand Prix,27.0,HAM,23.415
Azerbaijan Grand Prix,27.0,SAI,21.991
Azerbaijan Grand Prix,27.0,RUS,25.986
Azerbaijan Grand Prix,27.0,BOT,49.931
Azerbaijan Grand Prix,27.0,PIA,39.384
Azerbaijan Grand Prix,28.0,VER,1.638
Azerbaijan Grand Prix,28.0,GAS,58.29
Azerbaijan Grand Prix,28.0,PER,0.0
Azerbaijan Grand Prix,28.0,ALO,17.341
Azerbaijan Grand Prix,28.0,LEC,15.223
Azerbaijan Grand Prix,28.0,STR,26.283
Azerbaijan Grand Prix,28.0,SAR,50.436
Azerbaijan Grand Prix,28.0,MAG,44.409
Azerbaijan Grand Prix,28.0,TSU,40.553
Azerbaijan Grand Prix,28.0,ALB,43.084
Azerbaijan Grand Prix,28.0,ZHO,49.3
Azerbaijan Grand Prix,28.0,HUL,39.241
Azerbaijan Grand Prix,28.0,OCO,37.925
Azerbaijan Grand Prix,28.0,NOR,39.943
Azerbaijan Grand Prix,28.0,HAM,24.781
Azerbaijan Grand Prix,28.0,SAI,23.142
Azerbaijan Grand Prix,28.0,RUS,27.421
Azerbaijan Grand Prix,28.0,BOT,53.969
Azerbaijan Grand Prix,28.0,PIA,42.073
Azerbaijan Grand Prix,29.0,VER,2.258
Azerbaijan Grand Prix,29.0,GAS,59.092
Azerbaijan Grand Prix,29.0,PER,0.0
Azerbaijan Grand Prix,29.0,ALO,17.443
Azerbaijan Grand Prix,29.0,LEC,15.416
Azerbaijan Grand Prix,29.0,STR,27.357
Azerbaijan Grand Prix,29.0,SAR,52.888
Azerbaijan Grand Prix,29.0,MAG,46.652
Azerbaijan Grand Prix,29.0,TSU,42.475
Azerbaijan Grand Prix,29.0,ALB,45.197
Azerbaijan Grand Prix,29.0,ZHO,51.489
Azerbaijan Grand Prix,29.0,HUL,40.643
Azerbaijan Grand Prix,29.0,OCO,40.014
Azerbaijan Grand Prix,29.0,NOR,41.643
Azerbaijan Grand Prix,29.0,HAM,25.647
Azerbaijan Grand Prix,29.0,SAI,24.14
Azerbaijan Grand Prix,29.0,RUS,28.505
Azerbaijan Grand Prix,29.0,BOT,56.289
Azerbaijan Grand Prix,29.0,PIA,44.194
Azerbaijan Grand Prix,30.0,VER,2.439
Azerbaijan Grand Prix,30.0,GAS,60.299
Azerbaijan Grand Prix,30.0,PER,0.0
Azerbaijan Grand Prix,30.0,ALO,17.74
Azerbaijan Grand Prix,30.0,LEC,16.397
Azerbaijan Grand Prix,30.0,STR,28.539
Azerbaijan Grand Prix,30.0,SAR,55.469
Azerbaijan Grand Prix,30.0,MAG,48.248
Azerbaijan Grand Prix,30.0,TSU,44.415
Azerbaijan Grand Prix,30.0,ALB,47.183
Azerbaijan Grand Prix,30.0,ZHO,54.166
Azerbaijan Grand Prix,30.0,HUL,42.927
Azerbaijan Grand Prix,30.0,OCO,42.071
Azerbaijan Grand Prix,30.0,NOR,43.698
Azerbaijan Grand Prix,30.0,HAM,26.942
Azerbaijan Grand Prix,30.0,SAI,25.365
Azerbaijan Grand Prix,30.0,RUS,29.443
Azerbaijan Grand Prix,30.0,BOT,58.744
Azerbaijan Grand Prix,30.0,PIA,46.454
Azerbaijan Grand Prix,31.0,VER,2.302
Azerbaijan Grand Prix,31.0,GAS,61.46
Azerbaijan Grand Prix,31.0,PER,0.0
Azerbaijan Grand Prix,31.0,ALO,18.036
Azerbaijan Grand Prix,31.0,LEC,16.93
Azerbaijan Grand Prix,31.0,STR,29.449
Azerbaijan Grand Prix,31.0,SAR,57.647
Azerbaijan Grand Prix,31.0,MAG,50.076
Azerbaijan Grand Prix,31.0,TSU,46.238
Azerbaijan Grand Prix,31.0,ALB,49.068
Azerbaijan Grand Prix,31.0,ZHO,56.234
Azerbaijan Grand Prix,31.0,HUL,44.87
Azerbaijan Grand Prix,31.0,OCO,43.91
Azerbaijan Grand Prix,31.0,NOR,45.601
Azerbaijan Grand Prix,31.0,HAM,28.015
Azerbaijan Grand Prix,31.0,SAI,26.681
Azerbaijan Grand Prix,31.0,RUS,30.575
Azerbaijan Grand Prix,31.0,BOT,61.23
Azerbaijan Grand Prix,31.0,PIA,48.007
Azerbaijan Grand Prix,32.0,VER,2.3449999999999998
Azerbaijan Grand Prix,32.0,GAS,64.1
Azerbaijan Grand Prix,32.0,PER,0.0
Azerbaijan Grand Prix,32.0,ALO,18.919
Azerbaijan Grand Prix,32.0,LEC,17.246
Azerbaijan Grand Prix,32.0,STR,30.585
Azerbaijan Grand Prix,32.0,SAR,59.857
Azerbaijan Grand Prix,32.0,MAG,51.906
Azerbaijan Grand Prix,32.0,TSU,48.282
Azerbaijan Grand Prix,32.0,ALB,51.397
Azerbaijan Grand Prix,32.0,ZHO,58.54
Azerbaijan Grand Prix,32.0,HUL,46.767
Azerbaijan Grand Prix,32.0,OCO,45.831
Azerbaijan Grand Prix,32.0,NOR,47.46
Azerbaijan Grand Prix,32.0,HAM,29.287
Azerbaijan Grand Prix,32.0,SAI,27.915
Azerbaijan Grand Prix,32.0,RUS,32.22
Azerbaijan Grand Prix,32.0,BOT,63.965
Azerbaijan Grand Prix,32.0,PIA,50.052
Azerbaijan Grand Prix,33.0,VER,2.293
Azerbaijan Grand Prix,33.0,GAS,65.608
Azerbaijan Grand Prix,33.0,PER,0.0
Azerbaijan Grand Prix,33.0,ALO,19.874
Azerbaijan Grand Prix,33.0,LEC,17.576999999999998
Azerbaijan Grand Prix,33.0,STR,31.726
Azerbaijan Grand Prix,33.0,SAR,61.826
Azerbaijan Grand Prix,33.0,MAG,53.893
Azerbaijan Grand Prix,33.0,TSU,50.106
Azerbaijan Grand Prix,33.0,ALB,53.286
Azerbaijan Grand Prix,33.0,ZHO,60.807
Azerbaijan Grand Prix,33.0,HUL,48.713
Azerbaijan Grand Prix,33.0,OCO,47.526
Azerbaijan Grand Prix,33.0,NOR,49.306
Azerbaijan Grand Prix,33.0,HAM,30.11
Azerbaijan Grand Prix,33.0,SAI,28.91
Azerbaijan Grand Prix,33.0,RUS,33.716
Azerbaijan Grand Prix,33.0,BOT,67.931
Azerbaijan Grand Prix,33.0,PIA,52.039
Azerbaijan Grand Prix,34.0,VER,2.249
Azerbaijan Grand Prix,34.0,GAS,66.827
Azerbaijan Grand Prix,34.0,PER,0.0
Azerbaijan Grand Prix,34.0,ALO,20.764
Azerbaijan Grand Prix,34.0,LEC,18.188
Azerbaijan Grand Prix,34.0,STR,32.992
Azerbaijan Grand Prix,34.0,SAR,64.103
Azerbaijan Grand Prix,34.0,MAG,56.051
Azerbaijan Grand Prix,34.0,TSU,51.766
Azerbaijan Grand Prix,34.0,ALB,55.51
Azerbaijan Grand Prix,34.0,ZHO,63.172
Azerbaijan Grand Prix,34.0,HUL,50.182
Azerbaijan Grand Prix,34.0,OCO,49.338
Azerbaijan Grand Prix,34.0,NOR,51.144
Azerbaijan Grand Prix,34.0,HAM,31.118
Azerbaijan Grand Prix,34.0,SAI,29.937
Azerbaijan Grand Prix,34.0,RUS,34.992
Azerbaijan Grand Prix,34.0,BOT,74.667
Azerbaijan Grand Prix,34.0,PIA,54.322
Azerbaijan Grand Prix,35.0,VER,2.501
Azerbaijan Grand Prix,35.0,GAS,68.597
Azerbaijan Grand Prix,35.0,PER,0.0
Azerbaijan Grand Prix,35.0,ALO,21.711
Azerbaijan Grand Prix,35.0,LEC,18.908
Azerbaijan Grand Prix,35.0,STR,34.7
Azerbaijan Grand Prix,35.0,SAR,66.69
Azerbaijan Grand Prix,35.0,MAG,58.669
Azerbaijan Grand Prix,35.0,TSU,53.758
Azerbaijan Grand Prix,35.0,ALB,57.918
Azerbaijan Grand Prix,35.0,ZHO,65.89
Azerbaijan Grand Prix,35.0,HUL,52.451
Azerbaijan Grand Prix,35.0,OCO,51.497
Azerbaijan Grand Prix,35.0,NOR,53.016
Azerbaijan Grand Prix,35.0,HAM,32.083
Azerbaijan Grand Prix,35.0,SAI,31.438
Azerbaijan Grand Prix,35.0,RUS,36.668
Azerbaijan Grand Prix,35.0,BOT,94.582
Azerbaijan Grand Prix,35.0,PIA,56.61
Azerbaijan Grand Prix,36.0,VER,2.653
Azerbaijan Grand Prix,36.0,GAS,70.239
Azerbaijan Grand Prix,36.0,PER,0.0
Azerbaijan Grand Prix,36.0,ALO,22.892
Azerbaijan Grand Prix,36.0,LEC,19.456
Azerbaijan Grand Prix,36.0,STR,36.158
Azerbaijan Grand Prix,36.0,SAR,69.406
Azerbaijan Grand Prix,36.0,MAG,61.119
Azerbaijan Grand Prix,36.0,TSU,56.121
Azerbaijan Grand Prix,36.0,ALB,60.783
Azerbaijan Grand Prix,36.0,ZHO,74.653
Azerbaijan Grand Prix,36.0,HUL,54.716
Azerbaijan Grand Prix,36.0,OCO,53.892
Azerbaijan Grand Prix,36.0,NOR,55.472
Azerbaijan Grand Prix,36.0,HAM,33.391
Azerbaijan Grand Prix,36.0,SAI,32.858
Azerbaijan Grand Prix,36.0,RUS,37.915
Azerbaijan Grand Prix,36.0,BOT,95.988
Azerbaijan Grand Prix,36.0,PIA,58.637
Azerbaijan Grand Prix,37.0,VER,3.002
Azerbaijan Grand Prix,37.0,GAS,71.76
Azerbaijan Grand Prix,37.0,PER,0.0
Azerbaijan Grand Prix,37.0,ALO,23.266
Azerbaijan Grand Prix,37.0,LEC,19.818
Azerbaijan Grand Prix,37.0,STR,37.483
Azerbaijan Grand Prix,37.0,SAR,71.28
Azerbaijan Grand Prix,37.0,MAG,63.738
Azerbaijan Grand Prix,37.0,TSU,58.291
Azerbaijan Grand Prix,37.0,ALB,63.083
Azerbaijan Grand Prix,37.0,HUL,56.612
Azerbaijan Grand Prix,37.0,OCO,55.641
Azerbaijan Grand Prix,37.0,NOR,57.398
Azerbaijan Grand Prix,37.0,HAM,34.711
Azerbaijan Grand Prix,37.0,SAI,34.077
Azerbaijan Grand Prix,37.0,RUS,39.179
Azerbaijan Grand Prix,37.0,BOT,97.74
Azerbaijan Grand Prix,37.0,PIA,60.681
Azerbaijan Grand Prix,38.0,VER,3.459
Azerbaijan Grand Prix,38.0,GAS,73.818
Azerbaijan Grand Prix,38.0,PER,0.0
Azerbaijan Grand Prix,38.0,ALO,24.204
Azerbaijan Grand Prix,38.0,LEC,20.067
Azerbaijan Grand Prix,38.0,STR,38.678
Azerbaijan Grand Prix,38.0,SAR,73.424
Azerbaijan Grand Prix,38.0,MAG,65.982
Azerbaijan Grand Prix,38.0,TSU,59.966
Azerbaijan Grand Prix,38.0,ALB,65.221
Azerbaijan Grand Prix,38.0,HUL,58.443
Azerbaijan Grand Prix,38.0,OCO,57.231
Azerbaijan Grand Prix,38.0,NOR,59.066
Azerbaijan Grand Prix,38.0,HAM,35.8
Azerbaijan Grand Prix,38.0,SAI,34.864
Azerbaijan Grand Prix,38.0,RUS,40.097
Azerbaijan Grand Prix,38.0,BOT,99.546
Azerbaijan Grand Prix,38.0,PIA,62.532
Azerbaijan Grand Prix,39.0,VER,3.517
Azerbaijan Grand Prix,39.0,GAS,75.941
Azerbaijan Grand Prix,39.0,PER,0.0
Azerbaijan Grand Prix,39.0,ALO,24.754
Azerbaijan Grand Prix,39.0,LEC,20.24
Azerbaijan Grand Prix,39.0,STR,39.558
Azerbaijan Grand Prix,39.0,SAR,75.655
Azerbaijan Grand Prix,39.0,MAG,67.911
Azerbaijan Grand Prix,39.0,TSU,61.728
Azerbaijan Grand Prix,39.0,ALB,67.101
Azerbaijan Grand Prix,39.0,HUL,60.093
Azerbaijan Grand Prix,39.0,OCO,59.036
Azerbaijan Grand Prix,39.0,NOR,60.872
Azerbaijan Grand Prix,39.0,HAM,36.541
Azerbaijan Grand Prix,39.0,SAI,35.967
Azerbaijan Grand Prix,39.0,RUS,40.894
Azerbaijan Grand Prix,39.0,BOT,101.667
Azerbaijan Grand Prix,39.0,PIA,64.313
Azerbaijan Grand Prix,40.0,VER,3.593
Azerbaijan Grand Prix,40.0,GAS,78.518
Azerbaijan Grand Prix,40.0,PER,0.0
Azerbaijan Grand Prix,40.0,ALO,24.784
Azerbaijan Grand Prix,40.0,LEC,20.261
Azerbaijan Grand Prix,40.0,STR,40.419
Azerbaijan Grand Prix,40.0,SAR,78.038
Azerbaijan Grand Prix,40.0,MAG,69.222
Azerbaijan Grand Prix,40.0,TSU,63.263
Azerbaijan Grand Prix,40.0,ALB,68.808
Azerbaijan Grand Prix,40.0,HUL,61.677
Azerbaijan Grand Prix,40.0,OCO,60.587
Azerbaijan Grand Prix,40.0,NOR,62.467
Azerbaijan Grand Prix,40.0,HAM,37.483
Azerbaijan Grand Prix,40.0,SAI,37.152
Azerbaijan Grand Prix,40.0,RUS,41.529
Azerbaijan Grand Prix,40.0,BOT,103.166
Azerbaijan Grand Prix,40.0,PIA,66.21
Azerbaijan Grand Prix,41.0,VER,3.04
Azerbaijan Grand Prix,41.0,GAS,80.048
Azerbaijan Grand Prix,41.0,PER,0.0
Azerbaijan Grand Prix,41.0,ALO,24.106
Azerbaijan Grand Prix,41.0,LEC,19.968
Azerbaijan Grand Prix,41.0,STR,40.84
Azerbaijan Grand Prix,41.0,SAR,79.562
Azerbaijan Grand Prix,41.0,MAG,70.897
Azerbaijan Grand Prix,41.0,TSU,64.328
Azerbaijan Grand Prix,41.0,ALB,69.985
Azerbaijan Grand Prix,41.0,HUL,62.946
Azerbaijan Grand Prix,41.0,OCO,61.737
Azerbaijan Grand Prix,41.0,NOR,63.654
Azerbaijan Grand Prix,41.0,HAM,38.538
Azerbaijan Grand Prix,41.0,SAI,38.07
Azerbaijan Grand Prix,41.0,RUS,41.876
Azerbaijan Grand Prix,41.0,BOT,104.689
Azerbaijan Grand Prix,41.0,PIA,67.631
Azerbaijan Grand Prix,42.0,VER,3.094
Azerbaijan Grand Prix,42.0,GAS,82.028
Azerbaijan Grand Prix,42.0,PER,0.0
Azerbaijan Grand Prix,42.0,ALO,23.943
Azerbaijan Grand Prix,42.0,LEC,19.878
Azerbaijan Grand Prix,42.0,STR,41.629
Azerbaijan Grand Prix,42.0,SAR,81.844
Azerbaijan Grand Prix,42.0,MAG,72.386
Azerbaijan Grand Prix,42.0,TSU,65.997
Azerbaijan Grand Prix,42.0,ALB,71.734
Azerbaijan Grand Prix,42.0,HUL,64.711
Azerbaijan Grand Prix,42.0,OCO,63.341
Azerbaijan Grand Prix,42.0,NOR,65.199
Azerbaijan Grand Prix,42.0,HAM,39.648
Azerbaijan Grand Prix,42.0,SAI,38.976
Azerbaijan Grand Prix,42.0,RUS,42.516
Azerbaijan Grand Prix,42.0,BOT,107.619
Azerbaijan Grand Prix,42.0,PIA,69.424
Azerbaijan Grand Prix,43.0,VER,3.062
Azerbaijan Grand Prix,43.0,GAS,84.016
Azerbaijan Grand Prix,43.0,PER,0.0
Azerbaijan Grand Prix,43.0,ALO,23.741
Azerbaijan Grand Prix,43.0,LEC,19.673000000000002
Azerbaijan Grand Prix,43.0,STR,42.711
Azerbaijan Grand Prix,43.0,SAR,85.618
Azerbaijan Grand Prix,43.0,MAG,74.074
Azerbaijan Grand Prix,43.0,TSU,68.133
Azerbaijan Grand Prix,43.0,ALB,73.466
Azerbaijan Grand Prix,43.0,HUL,66.991
Azerbaijan Grand Prix,43.0,OCO,65.25
Azerbaijan Grand Prix,43.0,NOR,67.256
Azerbaijan Grand Prix,43.0,HAM,40.487
Azerbaijan Grand Prix,43.0,SAI,39.884
Azerbaijan Grand Prix,43.0,RUS,43.542
Azerbaijan Grand Prix,43.0,BOT,110.803
Azerbaijan Grand Prix,43.0,PIA,71.478
Azerbaijan Grand Prix,44.0,VER,3.5869999999999997
Azerbaijan Grand Prix,44.0,GAS,85.314
Azerbaijan Grand Prix,44.0,PER,0.0
Azerbaijan Grand Prix,44.0,ALO,23.773
Azerbaijan Grand Prix,44.0,LEC,20.246
Azerbaijan Grand Prix,44.0,STR,43.817
Azerbaijan Grand Prix,44.0,SAR,87.915
Azerbaijan Grand Prix,44.0,MAG,76.099
Azerbaijan Grand Prix,44.0,TSU,70.62
Azerbaijan Grand Prix,44.0,ALB,75.549
Azerbaijan Grand Prix,44.0,HUL,69.364
Azerbaijan Grand Prix,44.0,OCO,67.169
Azerbaijan Grand Prix,44.0,NOR,69.776
Azerbaijan Grand Prix,44.0,HAM,41.277
Azerbaijan Grand Prix,44.0,SAI,40.632
Azerbaijan Grand Prix,44.0,RUS,44.881
Azerbaijan Grand Prix,44.0,BOT,112.917
Azerbaijan Grand Prix,44.0,PIA,73.588
Azerbaijan Grand Prix,45.0,VER,3.767
Azerbaijan Grand Prix,45.0,GAS,86.269
Azerbaijan Grand Prix,45.0,PER,0.0
Azerbaijan Grand Prix,45.0,ALO,23.78
Azerbaijan Grand Prix,45.0,LEC,20.172
Azerbaijan Grand Prix,45.0,STR,44.484
Azerbaijan Grand Prix,45.0,SAR,89.925
Azerbaijan Grand Prix,45.0,MAG,77.941
Azerbaijan Grand Prix,45.0,TSU,74.271
Azerbaijan Grand Prix,45.0,ALB,77.448
Azerbaijan Grand Prix,45.0,HUL,74.105
Azerbaijan Grand Prix,45.0,OCO,69.08
Azerbaijan Grand Prix,45.0,NOR,72.557
Azerbaijan Grand Prix,45.0,HAM,41.888
Azerbaijan Grand Prix,45.0,SAI,41.335
Azerbaijan Grand Prix,45.0,RUS,45.661
Azerbaijan Grand Prix,45.0,BOT,114.656
Azerbaijan Grand Prix,45.0,PIA,75.824
Azerbaijan Grand Prix,46.0,VER,3.722
Azerbaijan Grand Prix,46.0,GAS,87.314
Azerbaijan Grand Prix,46.0,PER,0.0
Azerbaijan Grand Prix,46.0,ALO,23.852
Azerbaijan Grand Prix,46.0,LEC,20.368
Azerbaijan Grand Prix,46.0,STR,45.468
Azerbaijan Grand Prix,46.0,SAR,92.013
Azerbaijan Grand Prix,46.0,MAG,79.887
Azerbaijan Grand Prix,46.0,TSU,76.833
Azerbaijan Grand Prix,46.0,ALB,79.331
Azerbaijan Grand Prix,46.0,HUL,77.024
Azerbaijan Grand Prix,46.0,OCO,70.955
Azerbaijan Grand Prix,46.0,NOR,73.96
Azerbaijan Grand Prix,46.0,HAM,43.108
Azerbaijan Grand Prix,46.0,SAI,42.111
Azerbaijan Grand Prix,46.0,RUS,46.683
Azerbaijan Grand Prix,46.0,BOT,116.524
Azerbaijan Grand Prix,46.0,PIA,78.286
Azerbaijan Grand Prix,47.0,VER,3.317
Azerbaijan Grand Prix,47.0,GAS,87.715
Azerbaijan Grand Prix,47.0,PER,0.0
Azerbaijan Grand Prix,47.0,ALO,23.592
Azerbaijan Grand Prix,47.0,LEC,20.277
Azerbaijan Grand Prix,47.0,STR,46.143
Azerbaijan Grand Prix,47.0,SAR,93.515
Azerbaijan Grand Prix,47.0,MAG,81.694
Azerbaijan Grand Prix,47.0,TSU,78.337
Azerbaijan Grand Prix,47.0,ALB,80.813
Azerbaijan Grand Prix,47.0,HUL,80.259
Azerbaijan Grand Prix,47.0,OCO,72.343
Azerbaijan Grand Prix,47.0,NOR,75.009
Azerbaijan Grand Prix,47.0,HAM,43.552
Azerbaijan Grand Prix,47.0,SAI,42.58
Azerbaijan Grand Prix,47.0,RUS,47.206
Azerbaijan Grand Prix,47.0,BOT,118.073
Azerbaijan Grand Prix,47.0,PIA,80.305
Azerbaijan Grand Prix,48.0,VER,2.991
Azerbaijan Grand Prix,48.0,GAS,88.379
Azerbaijan Grand Prix,48.0,PER,0.0
Azerbaijan Grand Prix,48.0,ALO,23.241
Azerbaijan Grand Prix,48.0,LEC,20.43
Azerbaijan Grand Prix,48.0,STR,47.03
Azerbaijan Grand Prix,48.0,SAR,95.377
Azerbaijan Grand Prix,48.0,MAG,84.728
Azerbaijan Grand Prix,48.0,TSU,79.924
Azerbaijan Grand Prix,48.0,ALB,84.192
Azerbaijan Grand Prix,48.0,HUL,84.375
Azerbaijan Grand Prix,48.0,OCO,73.865
Azerbaijan Grand Prix,48.0,NOR,76.314
Azerbaijan Grand Prix,48.0,HAM,44.006
Azerbaijan Grand Prix,48.0,SAI,42.863
Azerbaijan Grand Prix,48.0,RUS,48.048
Azerbaijan Grand Prix,48.0,BOT,119.935
Azerbaijan Grand Prix,48.0,PIA,82.473
Azerbaijan Grand Prix,49.0,VER,2.854
Azerbaijan Grand Prix,49.0,GAS,89.35
Azerbaijan Grand Prix,49.0,PER,0.0
Azerbaijan Grand Prix,49.0,ALO,22.871
Azerbaijan Grand Prix,49.0,LEC,20.38
Azerbaijan Grand Prix,49.0,STR,48.305
Azerbaijan Grand Prix,49.0,SAR,97.267
Azerbaijan Grand Prix,49.0,MAG,87.334
Azerbaijan Grand Prix,49.0,TSU,81.518
Azerbaijan Grand Prix,49.0,ALB,85.924
Azerbaijan Grand Prix,49.0,HUL,92.946
Azerbaijan Grand Prix,49.0,OCO,75.162
Azerbaijan Grand Prix,49.0,NOR,77.441
Azerbaijan Grand Prix,49.0,HAM,44.834
Azerbaijan Grand Prix,49.0,SAI,43.723
Azerbaijan Grand Prix,49.0,RUS,55.589
Azerbaijan Grand Prix,49.0,BOT,121.973
Azerbaijan Grand Prix,49.0,PIA,84.292
Azerbaijan Grand Prix,50.0,VER,2.819
Azerbaijan Grand Prix,50.0,GAS,90.36
Azerbaijan Grand Prix,50.0,PER,0.0
Azerbaijan Grand Prix,50.0,ALO,22.721
Azerbaijan Grand Prix,50.0,LEC,20.768
Azerbaijan Grand Prix,50.0,STR,49.994
Azerbaijan Grand Prix,50.0,SAR,99.185
Azerbaijan Grand Prix,50.0,MAG,88.847
Azerbaijan Grand Prix,50.0,TSU,83.07
Azerbaijan Grand Prix,50.0,ALB,87.625
Azerbaijan Grand Prix,50.0,HUL,114.903
Azerbaijan Grand Prix,50.0,OCO,81.505
Azerbaijan Grand Prix,50.0,NOR,78.908
Azerbaijan Grand Prix,50.0,HAM,45.63
Azerbaijan Grand Prix,50.0,SAI,44.667
Azerbaijan Grand Prix,50.0,RUS,75.793
Azerbaijan Grand Prix,50.0,BOT,124.036
Azerbaijan Grand Prix,50.0,PIA,85.816
Azerbaijan Grand Prix,51.0,VER,2.125
Azerbaijan Grand Prix,51.0,GAS,91.333
Azerbaijan Grand Prix,51.0,PER,0.0
Azerbaijan Grand Prix,51.0,ALO,22.068
Azerbaijan Grand Prix,51.0,LEC,21.251
Azerbaijan Grand Prix,51.0,STR,51.648
Azerbaijan Grand Prix,51.0,SAR,100.897
Azerbaijan Grand Prix,51.0,MAG,89.771
Azerbaijan Grand Prix,51.0,TSU,83.871
Azerbaijan Grand Prix,51.0,ALB,88.624
Azerbaijan Grand Prix,51.0,OCO,97.828
Azerbaijan Grand Prix,51.0,NOR,80.379
Azerbaijan Grand Prix,51.0,HAM,46.124
Azerbaijan Grand Prix,51.0,SAI,45.494
Azerbaijan Grand Prix,51.0,RUS,74.237
Azerbaijan Grand Prix,51.0,PIA,86.521
Miami Grand Prix,1.0,VER,5.533
Miami Grand Prix,1.0,PER,0.0
Miami Grand Prix,1.0,ALO,1.057
Miami Grand Prix,1.0,RUS,3.276
Miami Grand Prix,1.0,SAI,1.887
Miami Grand Prix,1.0,HAM,8.172
Miami Grand Prix,1.0,LEC,4.211
Miami Grand Prix,1.0,GAS,2.573
Miami Grand Prix,1.0,OCO,5.993
Miami Grand Prix,1.0,MAG,4.6690000000000005
Miami Grand Prix,1.0,TSU,9.545
Miami Grand Prix,1.0,STR,10.098
Miami Grand Prix,1.0,BOT,5.123
Miami Grand Prix,1.0,ALB,7.155
Miami Grand Prix,1.0,HUL,6.532
Miami Grand Prix,1.0,ZHO,9.715
Miami Grand Prix,1.0,NOR,11.584
Miami Grand Prix,1.0,DEV,12.029
Miami Grand Prix,1.0,PIA,8.567
Miami Grand Prix,1.0,SAR,10.65
Miami Grand Prix,2.0,VER,5.83
Miami Grand Prix,2.0,PER,0.0
Miami Grand Prix,2.0,ALO,1.2690000000000001
Miami Grand Prix,2.0,RUS,3.468
Miami Grand Prix,2.0,SAI,2.1390000000000002
Miami Grand Prix,2.0,HAM,9.124
Miami Grand Prix,2.0,LEC,4.868
Miami Grand Prix,2.0,GAS,2.776
Miami Grand Prix,2.0,OCO,7.237
Miami Grand Prix,2.0,MAG,5.263
Miami Grand Prix,2.0,TSU,10.895
Miami Grand Prix,2.0,STR,11.885
Miami Grand Prix,2.0,BOT,6.783
Miami Grand Prix,2.0,ALB,8.369
Miami Grand Prix,2.0,HUL,7.882
Miami Grand Prix,2.0,ZHO,11.349
Miami Grand Prix,2.0,NOR,13.303
Miami Grand Prix,2.0,DEV,13.795
Miami Grand Prix,2.0,PIA,10.178
Miami Grand Prix,2.0,SAR,17.78
Miami Grand Prix,3.0,VER,6.441
Miami Grand Prix,3.0,PER,0.0
Miami Grand Prix,3.0,ALO,1.011
Miami Grand Prix,3.0,RUS,3.6470000000000002
Miami Grand Prix,3.0,SAI,2.105
Miami Grand Prix,3.0,HAM,9.665
Miami Grand Prix,3.0,LEC,6.258
Miami Grand Prix,3.0,GAS,2.79
Miami Grand Prix,3.0,OCO,7.6690000000000005
Miami Grand Prix,3.0,MAG,6.327
Miami Grand Prix,3.0,TSU,11.657
Miami Grand Prix,3.0,STR,12.696
Miami Grand Prix,3.0,BOT,7.2
Miami Grand Prix,3.0,ALB,9.011
Miami Grand Prix,3.0,HUL,8.224
Miami Grand Prix,3.0,ZHO,12.202
Miami Grand Prix,3.0,NOR,13.656
Miami Grand Prix,3.0,DEV,14.949
Miami Grand Prix,3.0,PIA,10.614
Miami Grand Prix,3.0,SAR,59.889
Miami Grand Prix,4.0,VER,6.297
Miami Grand Prix,4.0,PER,0.0
Miami Grand Prix,4.0,ALO,1.404
Miami Grand Prix,4.0,RUS,4.208
Miami Grand Prix,4.0,SAI,2.593
Miami Grand Prix,4.0,HAM,10.701
Miami Grand Prix,4.0,LEC,8.009
Miami Grand Prix,4.0,GAS,3.242
Miami Grand Prix,4.0,OCO,8.934
Miami Grand Prix,4.0,MAG,7.327
Miami Grand Prix,4.0,TSU,12.382
Miami Grand Prix,4.0,STR,13.564
Miami Grand Prix,4.0,BOT,8.614
Miami Grand Prix,4.0,ALB,10.201
Miami Grand Prix,4.0,HUL,9.608
Miami Grand Prix,4.0,ZHO,12.957
Miami Grand Prix,4.0,NOR,19.403
Miami Grand Prix,4.0,DEV,15.996
Miami Grand Prix,4.0,PIA,11.494
Miami Grand Prix,4.0,SAR,60.397
Miami Grand Prix,5.0,VER,5.914
Miami Grand Prix,5.0,PER,0.0
Miami Grand Prix,5.0,ALO,1.9020000000000001
Miami Grand Prix,5.0,RUS,4.698
Miami Grand Prix,5.0,SAI,2.584
Miami Grand Prix,5.0,HAM,11.246
Miami Grand Prix,5.0,LEC,8.177
Miami Grand Prix,5.0,GAS,3.356
Miami Grand Prix,5.0,OCO,9.031
Miami Grand Prix,5.0,MAG,7.35
Miami Grand Prix,5.0,TSU,12.822
Miami Grand Prix,5.0,STR,13.943
Miami Grand Prix,5.0,BOT,9.533
Miami Grand Prix,5.0,ALB,10.785
Miami Grand Prix,5.0,HUL,10.058
Miami Grand Prix,5.0,ZHO,13.312
Miami Grand Prix,5.0,NOR,36.623
Miami Grand Prix,5.0,DEV,17.052
Miami Grand Prix,5.0,PIA,17.203
Miami Grand Prix,5.0,SAR,61.072
Miami Grand Prix,6.0,VER,5.305
Miami Grand Prix,6.0,PER,0.0
Miami Grand Prix,6.0,ALO,1.482
Miami Grand Prix,6.0,RUS,4.641
Miami Grand Prix,6.0,SAI,2.071
Miami Grand Prix,6.0,HAM,11.8
Miami Grand Prix,6.0,LEC,8.434
Miami Grand Prix,6.0,GAS,3.398
Miami Grand Prix,6.0,OCO,9.19
Miami Grand Prix,6.0,MAG,7.583
Miami Grand Prix,6.0,TSU,13.051
Miami Grand Prix,6.0,STR,14.415
Miami Grand Prix,6.0,BOT,9.992
Miami Grand Prix,6.0,ALB,11.112
Miami Grand Prix,6.0,HUL,10.531
Miami Grand Prix,6.0,ZHO,13.704
Miami Grand Prix,6.0,NOR,36.177
Miami Grand Prix,6.0,DEV,17.925
Miami Grand Prix,6.0,PIA,31.86
Miami Grand Prix,6.0,SAR,61.104
Miami Grand Prix,7.0,VER,4.995
Miami Grand Prix,7.0,PER,0.0
Miami Grand Prix,7.0,ALO,1.6840000000000002
Miami Grand Prix,7.0,RUS,4.668
Miami Grand Prix,7.0,SAI,2.425
Miami Grand Prix,7.0,HAM,12.295
Miami Grand Prix,7.0,LEC,8.843
Miami Grand Prix,7.0,GAS,3.902
Miami Grand Prix,7.0,OCO,9.682
Miami Grand Prix,7.0,MAG,7.881
Miami Grand Prix,7.0,TSU,13.445
Miami Grand Prix,7.0,STR,15.143
Miami Grand Prix,7.0,BOT,10.797
Miami Grand Prix,7.0,ALB,11.791
Miami Grand Prix,7.0,HUL,11.088
Miami Grand Prix,7.0,ZHO,14.377
Miami Grand Prix,7.0,NOR,36.379
Miami Grand Prix,7.0,DEV,19.102
Miami Grand Prix,7.0,PIA,32.091
Miami Grand Prix,7.0,SAR,61.909
Miami Grand Prix,8.0,VER,4.8
Miami Grand Prix,8.0,PER,0.0
Miami Grand Prix,8.0,ALO,1.5390000000000001
Miami Grand Prix,8.0,RUS,5.117
Miami Grand Prix,8.0,SAI,2.276
Miami Grand Prix,8.0,HAM,13.596
Miami Grand Prix,8.0,LEC,9.001
Miami Grand Prix,8.0,GAS,3.974
Miami Grand Prix,8.0,OCO,9.857
Miami Grand Prix,8.0,MAG,7.875
Miami Grand Prix,8.0,TSU,14.271
Miami Grand Prix,8.0,STR,15.664
Miami Grand Prix,8.0,BOT,11.511
Miami Grand Prix,8.0,ALB,12.916
Miami Grand Prix,8.0,HUL,12.298
Miami Grand Prix,8.0,ZHO,14.842
Miami Grand Prix,8.0,NOR,36.402
Miami Grand Prix,8.0,DEV,19.816
Miami Grand Prix,8.0,PIA,32.306
Miami Grand Prix,8.0,SAR,62.556
Miami Grand Prix,9.0,VER,4.692
Miami Grand Prix,9.0,PER,0.0
Miami Grand Prix,9.0,ALO,1.3940000000000001
Miami Grand Prix,9.0,RUS,5.372
Miami Grand Prix,9.0,SAI,2.287
Miami Grand Prix,9.0,HAM,13.87
Miami Grand Prix,9.0,LEC,9.22
Miami Grand Prix,9.0,GAS,5.15
Miami Grand Prix,9.0,OCO,10.059
Miami Grand Prix,9.0,MAG,8.072
Miami Grand Prix,9.0,TSU,14.622
Miami Grand Prix,9.0,STR,16.346
Miami Grand Prix,9.0,BOT,12.142
Miami Grand Prix,9.0,ALB,13.413
Miami Grand Prix,9.0,HUL,12.676
Miami Grand Prix,9.0,ZHO,15.334
Miami Grand Prix,9.0,NOR,36.543
Miami Grand Prix,9.0,DEV,20.984
Miami Grand Prix,9.0,PIA,32.409
Miami Grand Prix,9.0,SAR,63.186
Miami Grand Prix,10.0,VER,4.833
Miami Grand Prix,10.0,PER,0.0
Miami Grand Prix,10.0,ALO,1.8599999999999999
Miami Grand Prix,10.0,RUS,6.325
Miami Grand Prix,10.0,SAI,2.81
Miami Grand Prix,10.0,HAM,15.226
Miami Grand Prix,10.0,LEC,9.943
Miami Grand Prix,10.0,GAS,7.37
Miami Grand Prix,10.0,OCO,10.701
Miami Grand Prix,10.0,MAG,9.024
Miami Grand Prix,10.0,TSU,15.782
Miami Grand Prix,10.0,STR,17.192
Miami Grand Prix,10.0,BOT,13.305
Miami Grand Prix,10.0,ALB,14.716
Miami Grand Prix,10.0,HUL,14.015
Miami Grand Prix,10.0,ZHO,16.517
Miami Grand Prix,10.0,NOR,37.112
Miami Grand Prix,10.0,DEV,22.374
Miami Grand Prix,10.0,PIA,33.705
Miami Grand Prix,10.0,SAR,63.981
Miami Grand Prix,11.0,VER,4.606
Miami Grand Prix,11.0,PER,0.0
Miami Grand Prix,11.0,ALO,2.3810000000000002
Miami Grand Prix,11.0,RUS,6.8309999999999995
Miami Grand Prix,11.0,SAI,3.303
Miami Grand Prix,11.0,HAM,16.087
Miami Grand Prix,11.0,LEC,10.341
Miami Grand Prix,11.0,GAS,8.037
Miami Grand Prix,11.0,OCO,11.318
Miami Grand Prix,11.0,MAG,9.977
Miami Grand Prix,11.0,TSU,16.869
Miami Grand Prix,11.0,STR,18.728
Miami Grand Prix,11.0,BOT,14.204
Miami Grand Prix,11.0,ALB,15.693
Miami Grand Prix,11.0,HUL,14.979
Miami Grand Prix,11.0,ZHO,17.476
Miami Grand Prix,11.0,NOR,38.154
Miami Grand Prix,11.0,DEV,23.694
Miami Grand Prix,11.0,PIA,36.321
Miami Grand Prix,11.0,SAR,65.17
Miami Grand Prix,12.0,VER,4.54
Miami Grand Prix,12.0,PER,0.0
Miami Grand Prix,12.0,ALO,2.739
Miami Grand Prix,12.0,RUS,7.088
Miami Grand Prix,12.0,SAI,3.511
Miami Grand Prix,12.0,HAM,17.089
Miami Grand Prix,12.0,LEC,11.034
Miami Grand Prix,12.0,GAS,8.996
Miami Grand Prix,12.0,OCO,12.055
Miami Grand Prix,12.0,MAG,10.755
Miami Grand Prix,12.0,TSU,17.685
Miami Grand Prix,12.0,STR,20.076
Miami Grand Prix,12.0,BOT,14.985
Miami Grand Prix,12.0,ALB,16.615
Miami Grand Prix,12.0,HUL,15.992
Miami Grand Prix,12.0,ZHO,18.408
Miami Grand Prix,12.0,NOR,39.136
Miami Grand Prix,12.0,DEV,25.185
Miami Grand Prix,12.0,PIA,38.844
Miami Grand Prix,12.0,SAR,66.617
Miami Grand Prix,13.0,VER,4.36
Miami Grand Prix,13.0,PER,0.0
Miami Grand Prix,13.0,ALO,3.222
Miami Grand Prix,13.0,RUS,8.152
Miami Grand Prix,13.0,SAI,4.009
Miami Grand Prix,13.0,HAM,18.756
Miami Grand Prix,13.0,LEC,13.711
Miami Grand Prix,13.0,GAS,10.339
Miami Grand Prix,13.0,OCO,14.452
Miami Grand Prix,13.0,MAG,13.385
Miami Grand Prix,13.0,TSU,19.331
Miami Grand Prix,13.0,STR,21.926
Miami Grand Prix,13.0,BOT,16.421
Miami Grand Prix,13.0,ALB,18.304
Miami Grand Prix,13.0,HUL,17.621
Miami Grand Prix,13.0,ZHO,20.189
Miami Grand Prix,13.0,NOR,40.365
Miami Grand Prix,13.0,DEV,27.023
Miami Grand Prix,13.0,PIA,42.001
Miami Grand Prix,13.0,SAR,68.382
Miami Grand Prix,14.0,VER,3.9290000000000003
Miami Grand Prix,14.0,PER,0.0
Miami Grand Prix,14.0,ALO,3.372
Miami Grand Prix,14.0,RUS,8.523
Miami Grand Prix,14.0,SAI,4.704
Miami Grand Prix,14.0,HAM,19.954
Miami Grand Prix,14.0,LEC,14.834
Miami Grand Prix,14.0,GAS,11.458
Miami Grand Prix,14.0,OCO,15.761
Miami Grand Prix,14.0,MAG,19.489
Miami Grand Prix,14.0,TSU,20.584
Miami Grand Prix,14.0,STR,23.06
Miami Grand Prix,14.0,BOT,17.691
Miami Grand Prix,14.0,ALB,19.384
Miami Grand Prix,14.0,HUL,18.431
Miami Grand Prix,14.0,ZHO,21.429
Miami Grand Prix,14.0,NOR,40.913
Miami Grand Prix,14.0,DEV,28.394
Miami Grand Prix,14.0,PIA,42.908
Miami Grand Prix,14.0,SAR,69.695
Miami Grand Prix,15.0,VER,3.759
Miami Grand Prix,15.0,PER,0.0
Miami Grand Prix,15.0,ALO,4.487
Miami Grand Prix,15.0,RUS,8.751
Miami Grand Prix,15.0,SAI,5.161
Miami Grand Prix,15.0,HAM,20.705
Miami Grand Prix,15.0,LEC,15.666
Miami Grand Prix,15.0,GAS,17.261
Miami Grand Prix,15.0,OCO,16.416
Miami Grand Prix,15.0,MAG,34.249
Miami Grand Prix,15.0,TSU,21.694
Miami Grand Prix,15.0,STR,23.863
Miami Grand Prix,15.0,BOT,24.719
Miami Grand Prix,15.0,ALB,21.193
Miami Grand Prix,15.0,HUL,20.301
Miami Grand Prix,15.0,ZHO,22.575
Miami Grand Prix,15.0,NOR,41.708
Miami Grand Prix,15.0,DEV,34.599
Miami Grand Prix,15.0,PIA,43.72
Miami Grand Prix,15.0,SAR,71.315
Miami Grand Prix,16.0,VER,3.029
Miami Grand Prix,16.0,PER,0.0
Miami Grand Prix,16.0,ALO,4.263
Miami Grand Prix,16.0,RUS,8.51
Miami Grand Prix,16.0,SAI,5.061
Miami Grand Prix,16.0,HAM,21.021
Miami Grand Prix,16.0,LEC,15.953
Miami Grand Prix,16.0,GAS,32.247
Miami Grand Prix,16.0,OCO,16.574
Miami Grand Prix,16.0,MAG,33.32
Miami Grand Prix,16.0,TSU,22.375
Miami Grand Prix,16.0,STR,24.242
Miami Grand Prix,16.0,BOT,40.131
Miami Grand Prix,16.0,ALB,22.04
Miami Grand Prix,16.0,HUL,20.504
Miami Grand Prix,16.0,ZHO,23.522
Miami Grand Prix,16.0,NOR,42.148
Miami Grand Prix,16.0,DEV,51.667
Miami Grand Prix,16.0,PIA,44.201
Miami Grand Prix,16.0,SAR,72.0
Miami Grand Prix,17.0,VER,2.581
Miami Grand Prix,17.0,PER,0.0
Miami Grand Prix,17.0,ALO,4.298
Miami Grand Prix,17.0,RUS,13.216
Miami Grand Prix,17.0,SAI,4.906
Miami Grand Prix,17.0,HAM,21.231
Miami Grand Prix,17.0,LEC,20.695
Miami Grand Prix,17.0,GAS,31.645
Miami Grand Prix,17.0,OCO,16.819
Miami Grand Prix,17.0,MAG,33.062
Miami Grand Prix,17.0,TSU,23.766
Miami Grand Prix,17.0,STR,24.783
Miami Grand Prix,17.0,BOT,39.771
Miami Grand Prix,17.0,ALB,22.829
Miami Grand Prix,17.0,HUL,21.006
Miami Grand Prix,17.0,ZHO,24.179
Miami Grand Prix,17.0,NOR,42.385
Miami Grand Prix,17.0,DEV,51.643
Miami Grand Prix,17.0,PIA,44.628
Miami Grand Prix,17.0,SAR,72.603
Miami Grand Prix,18.0,VER,2.214
Miami Grand Prix,18.0,PER,0.0
Miami Grand Prix,18.0,ALO,4.658
Miami Grand Prix,18.0,RUS,28.615
Miami Grand Prix,18.0,SAI,9.725999999999999
Miami Grand Prix,18.0,HAM,22.724
Miami Grand Prix,18.0,LEC,36.433
Miami Grand Prix,18.0,GAS,31.59
Miami Grand Prix,18.0,OCO,17.266
Miami Grand Prix,18.0,MAG,32.989
Miami Grand Prix,18.0,TSU,24.681
Miami Grand Prix,18.0,STR,25.693
Miami Grand Prix,18.0,BOT,41.173
Miami Grand Prix,18.0,ALB,24.196
Miami Grand Prix,18.0,HUL,22.341
Miami Grand Prix,18.0,ZHO,25.406
Miami Grand Prix,18.0,NOR,42.991
Miami Grand Prix,18.0,DEV,52.256
Miami Grand Prix,18.0,PIA,45.506
Miami Grand Prix,18.0,SAR,73.633
Miami Grand Prix,19.0,VER,1.587
Miami Grand Prix,19.0,PER,0.0
Miami Grand Prix,19.0,ALO,4.906
Miami Grand Prix,19.0,RUS,28.72
Miami Grand Prix,19.0,SAI,23.56
Miami Grand Prix,19.0,HAM,23.34
Miami Grand Prix,19.0,LEC,37.124
Miami Grand Prix,19.0,GAS,31.368
Miami Grand Prix,19.0,OCO,17.809
Miami Grand Prix,19.0,MAG,33.122
Miami Grand Prix,19.0,TSU,25.886
Miami Grand Prix,19.0,STR,26.598
Miami Grand Prix,19.0,BOT,41.799
Miami Grand Prix,19.0,ALB,25.511
Miami Grand Prix,19.0,HUL,22.746
Miami Grand Prix,19.0,ZHO,27.507
Miami Grand Prix,19.0,NOR,43.562
Miami Grand Prix,19.0,DEV,52.576
Miami Grand Prix,19.0,PIA,46.224
Miami Grand Prix,19.0,SAR,74.54
Miami Grand Prix,20.0,VER,0.0
Miami Grand Prix,20.0,PER,4.073
Miami Grand Prix,20.0,ALO,3.577
Miami Grand Prix,20.0,RUS,27.386
Miami Grand Prix,20.0,SAI,21.979
Miami Grand Prix,20.0,HAM,22.94
Miami Grand Prix,20.0,LEC,36.16
Miami Grand Prix,20.0,GAS,30.393
Miami Grand Prix,20.0,OCO,16.859
Miami Grand Prix,20.0,MAG,32.945
Miami Grand Prix,20.0,TSU,25.48
Miami Grand Prix,20.0,STR,26.069
Miami Grand Prix,20.0,BOT,40.99
Miami Grand Prix,20.0,ALB,25.112
Miami Grand Prix,20.0,HUL,21.796
Miami Grand Prix,20.0,ZHO,27.962
Miami Grand Prix,20.0,NOR,43.21
Miami Grand Prix,20.0,DEV,51.804
Miami Grand Prix,20.0,PIA,46.49
Miami Grand Prix,20.0,SAR,74.324
Miami Grand Prix,21.0,VER,0.0
Miami Grand Prix,21.0,PER,18.548000000000002
Miami Grand Prix,21.0,ALO,3.652
Miami Grand Prix,21.0,RUS,27.735
Miami Grand Prix,21.0,SAI,21.974
Miami Grand Prix,21.0,HAM,23.786
Miami Grand Prix,21.0,LEC,36.843
Miami Grand Prix,21.0,GAS,31.047
Miami Grand Prix,21.0,OCO,17.672
Miami Grand Prix,21.0,MAG,32.928
Miami Grand Prix,21.0,TSU,26.804
Miami Grand Prix,21.0,STR,27.269
Miami Grand Prix,21.0,BOT,41.751
Miami Grand Prix,21.0,ALB,27.085
Miami Grand Prix,21.0,HUL,23.369
Miami Grand Prix,21.0,ZHO,30.264
Miami Grand Prix,21.0,NOR,44.006
Miami Grand Prix,21.0,DEV,52.551
Miami Grand Prix,21.0,PIA,47.667
Miami Grand Prix,21.0,SAR,75.526
Miami Grand Prix,22.0,VER,0.0
Miami Grand Prix,22.0,PER,17.814
Miami Grand Prix,22.0,ALO,3.899
Miami Grand Prix,22.0,RUS,29.588
Miami Grand Prix,22.0,SAI,22.326
Miami Grand Prix,22.0,HAM,24.56
Miami Grand Prix,22.0,LEC,37.368
Miami Grand Prix,22.0,GAS,31.295
Miami Grand Prix,22.0,OCO,19.086
Miami Grand Prix,22.0,MAG,33.183
Miami Grand Prix,22.0,TSU,27.514
Miami Grand Prix,22.0,STR,29.18
Miami Grand Prix,22.0,BOT,42.36
Miami Grand Prix,22.0,ALB,33.876
Miami Grand Prix,22.0,HUL,24.183
Miami Grand Prix,22.0,ZHO,32.268
Miami Grand Prix,22.0,NOR,44.945
Miami Grand Prix,22.0,DEV,53.15
Miami Grand Prix,22.0,PIA,49.192
Miami Grand Prix,22.0,SAR,76.643
Miami Grand Prix,23.0,VER,0.0
Miami Grand Prix,23.0,PER,17.772
Miami Grand Prix,23.0,ALO,4.259
Miami Grand Prix,23.0,RUS,30.449
Miami Grand Prix,23.0,SAI,22.774
Miami Grand Prix,23.0,HAM,25.653
Miami Grand Prix,23.0,LEC,38.044
Miami Grand Prix,23.0,GAS,32.139
Miami Grand Prix,23.0,OCO,20.284
Miami Grand Prix,23.0,MAG,34.555
Miami Grand Prix,23.0,TSU,28.789
Miami Grand Prix,23.0,STR,30.374
Miami Grand Prix,23.0,BOT,43.539
Miami Grand Prix,23.0,ALB,49.76
Miami Grand Prix,23.0,HUL,26.494
Miami Grand Prix,23.0,ZHO,34.15
Miami Grand Prix,23.0,NOR,46.486
Miami Grand Prix,23.0,DEV,54.398
Miami Grand Prix,23.0,PIA,52.248
Miami Grand Prix,23.0,SAR,78.238
Miami Grand Prix,24.0,VER,0.0
Miami Grand Prix,24.0,PER,17.092
Miami Grand Prix,24.0,ALO,9.415
Miami Grand Prix,24.0,RUS,30.925
Miami Grand Prix,24.0,SAI,23.035
Miami Grand Prix,24.0,HAM,26.465
Miami Grand Prix,24.0,LEC,38.956
Miami Grand Prix,24.0,GAS,32.779
Miami Grand Prix,24.0,OCO,21.062
Miami Grand Prix,24.0,MAG,35.632
Miami Grand Prix,24.0,TSU,29.756
Miami Grand Prix,24.0,STR,32.059
Miami Grand Prix,24.0,BOT,44.459
Miami Grand Prix,24.0,ALB,49.875
Miami Grand Prix,24.0,HUL,27.656
Miami Grand Prix,24.0,ZHO,36.314
Miami Grand Prix,24.0,NOR,47.661
Miami Grand Prix,24.0,DEV,55.426
Miami Grand Prix,24.0,PIA,54.238
Miami Grand Prix,24.0,SAR,79.428
Miami Grand Prix,25.0,VER,0.0
Miami Grand Prix,25.0,PER,16.617
Miami Grand Prix,25.0,ALO,24.547
Miami Grand Prix,25.0,RUS,31.428
Miami Grand Prix,25.0,SAI,23.809
Miami Grand Prix,25.0,HAM,27.559
Miami Grand Prix,25.0,LEC,39.649
Miami Grand Prix,25.0,GAS,33.153
Miami Grand Prix,25.0,OCO,22.127
Miami Grand Prix,25.0,MAG,36.447
Miami Grand Prix,25.0,TSU,30.673000000000002
Miami Grand Prix,25.0,STR,33.926
Miami Grand Prix,25.0,BOT,45.441
Miami Grand Prix,25.0,ALB,50.475
Miami Grand Prix,25.0,HUL,29.149
Miami Grand Prix,25.0,ZHO,38.053
Miami Grand Prix,25.0,NOR,48.825
Miami Grand Prix,25.0,DEV,57.092
Miami Grand Prix,25.0,PIA,56.337
Miami Grand Prix,25.0,SAR,81.087
Miami Grand Prix,26.0,VER,0.0
Miami Grand Prix,26.0,PER,16.282
Miami Grand Prix,26.0,ALO,24.76
Miami Grand Prix,26.0,RUS,31.613
Miami Grand Prix,26.0,SAI,24.443
Miami Grand Prix,26.0,HAM,28.27
Miami Grand Prix,26.0,LEC,40.397
Miami Grand Prix,26.0,GAS,34.068
Miami Grand Prix,26.0,OCO,23.366
Miami Grand Prix,26.0,MAG,37.564
Miami Grand Prix,26.0,TSU,32.469
Miami Grand Prix,26.0,STR,35.026
Miami Grand Prix,26.0,BOT,46.37
Miami Grand Prix,26.0,ALB,51.139
Miami Grand Prix,26.0,HUL,30.231
Miami Grand Prix,26.0,ZHO,39.791
Miami Grand Prix,26.0,NOR,50.281
Miami Grand Prix,26.0,DEV,58.993
Miami Grand Prix,26.0,PIA,58.501
Miami Grand Prix,26.0,SAR,82.667
Miami Grand Prix,27.0,VER,0.0
Miami Grand Prix,27.0,PER,16.305
Miami Grand Prix,27.0,ALO,25.652
Miami Grand Prix,27.0,RUS,31.939
Miami Grand Prix,27.0,SAI,26.061
Miami Grand Prix,27.0,HAM,29.319
Miami Grand Prix,27.0,LEC,41.047
Miami Grand Prix,27.0,GAS,35.008
Miami Grand Prix,27.0,OCO,24.394
Miami Grand Prix,27.0,MAG,38.589
Miami Grand Prix,27.0,TSU,33.667
Miami Grand Prix,27.0,STR,36.196
Miami Grand Prix,27.0,BOT,47.338
Miami Grand Prix,27.0,ALB,51.38
Miami Grand Prix,27.0,HUL,31.478
Miami Grand Prix,27.0,ZHO,41.99
Miami Grand Prix,27.0,NOR,52.205
Miami Grand Prix,27.0,DEV,61.026
Miami Grand Prix,27.0,PIA,60.739
Miami Grand Prix,27.0,SAR,83.984
Miami Grand Prix,28.0,VER,0.0
Miami Grand Prix,28.0,PER,16.126
Miami Grand Prix,28.0,ALO,26.104
Miami Grand Prix,28.0,RUS,32.971
Miami Grand Prix,28.0,SAI,27.034
Miami Grand Prix,28.0,HAM,30.453
Miami Grand Prix,28.0,LEC,41.755
Miami Grand Prix,28.0,GAS,36.253
Miami Grand Prix,28.0,OCO,25.5
Miami Grand Prix,28.0,MAG,39.398
Miami Grand Prix,28.0,TSU,34.701
Miami Grand Prix,28.0,STR,37.046
Miami Grand Prix,28.0,BOT,48.202
Miami Grand Prix,28.0,ALB,51.982
Miami Grand Prix,28.0,HUL,33.935
Miami Grand Prix,28.0,ZHO,43.742
Miami Grand Prix,28.0,NOR,53.335
Miami Grand Prix,28.0,DEV,63.623
Miami Grand Prix,28.0,PIA,63.178
Miami Grand Prix,28.0,SAR,85.569
Miami Grand Prix,29.0,VER,0.0
Miami Grand Prix,29.0,PER,15.889
Miami Grand Prix,29.0,ALO,26.678
Miami Grand Prix,29.0,RUS,33.107
Miami Grand Prix,29.0,SAI,27.929
Miami Grand Prix,29.0,HAM,31.216
Miami Grand Prix,29.0,LEC,42.445
Miami Grand Prix,29.0,GAS,36.976
Miami Grand Prix,29.0,OCO,27.337
Miami Grand Prix,29.0,MAG,40.004
Miami Grand Prix,29.0,TSU,35.723
Miami Grand Prix,29.0,STR,37.893
Miami Grand Prix,29.0,BOT,49.319
Miami Grand Prix,29.0,ALB,52.545
Miami Grand Prix,29.0,HUL,35.106
Miami Grand Prix,29.0,ZHO,45.089
Miami Grand Prix,29.0,NOR,54.428
Miami Grand Prix,29.0,DEV,66.249
Miami Grand Prix,29.0,PIA,65.802
Miami Grand Prix,29.0,SAR,87.087
Miami Grand Prix,30.0,VER,0.0
Miami Grand Prix,30.0,PER,14.895
Miami Grand Prix,30.0,ALO,26.887
Miami Grand Prix,30.0,RUS,32.662
Miami Grand Prix,30.0,SAI,28.161
Miami Grand Prix,30.0,HAM,31.381
Miami Grand Prix,30.0,LEC,42.199
Miami Grand Prix,30.0,GAS,37.01
Miami Grand Prix,30.0,OCO,28.67
Miami Grand Prix,30.0,MAG,39.953
Miami Grand Prix,30.0,TSU,36.131
Miami Grand Prix,30.0,STR,38.115
Miami Grand Prix,30.0,BOT,49.466
Miami Grand Prix,30.0,ALB,52.583
Miami Grand Prix,30.0,HUL,35.672
Miami Grand Prix,30.0,ZHO,45.678
Miami Grand Prix,30.0,NOR,54.771
Miami Grand Prix,30.0,DEV,67.87
Miami Grand Prix,30.0,PIA,68.899
Miami Grand Prix,30.0,SAR,88.017
Miami Grand Prix,31.0,VER,0.0
Miami Grand Prix,31.0,PER,15.379
Miami Grand Prix,31.0,ALO,27.851
Miami Grand Prix,31.0,RUS,33.316
Miami Grand Prix,31.0,SAI,29.261
Miami Grand Prix,31.0,HAM,32.368
Miami Grand Prix,31.0,LEC,42.483
Miami Grand Prix,31.0,GAS,37.956
Miami Grand Prix,31.0,OCO,30.341
Miami Grand Prix,31.0,MAG,40.582
Miami Grand Prix,31.0,TSU,37.54
Miami Grand Prix,31.0,STR,39.002
Miami Grand Prix,31.0,BOT,50.423
Miami Grand Prix,31.0,ALB,53.364
Miami Grand Prix,31.0,HUL,37.056
Miami Grand Prix,31.0,ZHO,51.661
Miami Grand Prix,31.0,NOR,56.516
Miami Grand Prix,31.0,DEV,69.191
Miami Grand Prix,31.0,PIA,71.847
Miami Grand Prix,31.0,SAR,89.28
Miami Grand Prix,32.0,VER,0.0
Miami Grand Prix,32.0,PER,15.469
Miami Grand Prix,32.0,ALO,28.86
Miami Grand Prix,32.0,RUS,33.838
Miami Grand Prix,32.0,SAI,30.289
Miami Grand Prix,32.0,HAM,34.648
Miami Grand Prix,32.0,LEC,43.252
Miami Grand Prix,32.0,GAS,39.827
Miami Grand Prix,32.0,OCO,31.823
Miami Grand Prix,32.0,MAG,41.881
Miami Grand Prix,32.0,TSU,39.206
Miami Grand Prix,32.0,STR,40.329
Miami Grand Prix,32.0,BOT,51.626
Miami Grand Prix,32.0,ALB,54.293
Miami Grand Prix,32.0,HUL,38.347
Miami Grand Prix,32.0,ZHO,68.265
Miami Grand Prix,32.0,NOR,57.967
Miami Grand Prix,32.0,DEV,70.654
Miami Grand Prix,32.0,PIA,74.866
Miami Grand Prix,32.0,SAR,92.498
Miami Grand Prix,33.0,VER,0.0
Miami Grand Prix,33.0,PER,15.779
Miami Grand Prix,33.0,ALO,29.734
Miami Grand Prix,33.0,RUS,34.767
Miami Grand Prix,33.0,SAI,33.248
Miami Grand Prix,33.0,HAM,35.589
Miami Grand Prix,33.0,LEC,44.356
Miami Grand Prix,33.0,GAS,42.805
Miami Grand Prix,33.0,OCO,32.645
Miami Grand Prix,33.0,MAG,43.8
Miami Grand Prix,33.0,TSU,40.586
Miami Grand Prix,33.0,STR,43.315
Miami Grand Prix,33.0,BOT,52.72
Miami Grand Prix,33.0,ALB,55.493
Miami Grand Prix,33.0,HUL,47.423
Miami Grand Prix,33.0,ZHO,69.048
Miami Grand Prix,33.0,NOR,59.417
Miami Grand Prix,33.0,DEV,72.027
Miami Grand Prix,33.0,PIA,77.485
Miami Grand Prix,33.0,SAR,94.195
Miami Grand Prix,34.0,VER,0.0
Miami Grand Prix,34.0,PER,15.759
Miami Grand Prix,34.0,ALO,30.708
Miami Grand Prix,34.0,RUS,35.754
Miami Grand Prix,34.0,SAI,33.771
Miami Grand Prix,34.0,HAM,36.634
Miami Grand Prix,34.0,LEC,45.476
Miami Grand Prix,34.0,GAS,43.429
Miami Grand Prix,34.0,OCO,34.426
Miami Grand Prix,34.0,MAG,44.97
Miami Grand Prix,34.0,TSU,41.568
Miami Grand Prix,34.0,STR,44.444
Miami Grand Prix,34.0,BOT,53.76
Miami Grand Prix,34.0,ALB,56.374
Miami Grand Prix,34.0,HUL,63.935
Miami Grand Prix,34.0,ZHO,69.512
Miami Grand Prix,34.0,NOR,60.622
Miami Grand Prix,34.0,DEV,73.321
Miami Grand Prix,34.0,PIA,79.37
Miami Grand Prix,34.0,SAR,95.868
Miami Grand Prix,35.0,VER,0.0
Miami Grand Prix,35.0,PER,15.86
Miami Grand Prix,35.0,ALO,31.427
Miami Grand Prix,35.0,RUS,36.394
Miami Grand Prix,35.0,SAI,34.852
Miami Grand Prix,35.0,HAM,38.038
Miami Grand Prix,35.0,LEC,46.985
Miami Grand Prix,35.0,GAS,44.79
Miami Grand Prix,35.0,OCO,36.091
Miami Grand Prix,35.0,MAG,46.703
Miami Grand Prix,35.0,TSU,42.619
Miami Grand Prix,35.0,STR,45.793
Miami Grand Prix,35.0,BOT,54.978
Miami Grand Prix,35.0,ALB,57.454
Miami Grand Prix,35.0,HUL,64.01
Miami Grand Prix,35.0,ZHO,70.185
Miami Grand Prix,35.0,NOR,62.093
Miami Grand Prix,35.0,DEV,74.897
Miami Grand Prix,35.0,PIA,81.548
Miami Grand Prix,35.0,SAR,97.523
Miami Grand Prix,36.0,VER,0.0
Miami Grand Prix,36.0,PER,15.668
Miami Grand Prix,36.0,ALO,32.05
Miami Grand Prix,36.0,RUS,37.029
Miami Grand Prix,36.0,SAI,36.382
Miami Grand Prix,36.0,HAM,39.363
Miami Grand Prix,36.0,LEC,48.434
Miami Grand Prix,36.0,GAS,45.726
Miami Grand Prix,36.0,OCO,37.906
Miami Grand Prix,36.0,MAG,48.648
Miami Grand Prix,36.0,TSU,48.242
Miami Grand Prix,36.0,STR,47.048
Miami Grand Prix,36.0,BOT,56.118
Miami Grand Prix,36.0,ALB,58.388
Miami Grand Prix,36.0,HUL,63.527
Miami Grand Prix,36.0,ZHO,70.706
Miami Grand Prix,36.0,NOR,63.395
Miami Grand Prix,36.0,DEV,76.397
Miami Grand Prix,36.0,PIA,83.447
Miami Grand Prix,36.0,SAR,99.155
Miami Grand Prix,37.0,VER,0.0
Miami Grand Prix,37.0,PER,15.835
Miami Grand Prix,37.0,ALO,32.248
Miami Grand Prix,37.0,RUS,38.018
Miami Grand Prix,37.0,SAI,38.636
Miami Grand Prix,37.0,HAM,45.914
Miami Grand Prix,37.0,LEC,50.818
Miami Grand Prix,37.0,GAS,46.717
Miami Grand Prix,37.0,OCO,39.312
Miami Grand Prix,37.0,MAG,50.715
Miami Grand Prix,37.0,TSU,63.489
Miami Grand Prix,37.0,STR,48.281
Miami Grand Prix,37.0,BOT,57.342
Miami Grand Prix,37.0,ALB,59.466
Miami Grand Prix,37.0,HUL,64.656
Miami Grand Prix,37.0,ZHO,71.687
Miami Grand Prix,37.0,NOR,65.925
Miami Grand Prix,37.0,DEV,78.074
Miami Grand Prix,37.0,PIA,85.395
Miami Grand Prix,37.0,SAR,101.204
Miami Grand Prix,38.0,VER,0.0
Miami Grand Prix,38.0,PER,16.95
Miami Grand Prix,38.0,ALO,32.396
Miami Grand Prix,38.0,RUS,38.424
Miami Grand Prix,38.0,SAI,39.944
Miami Grand Prix,38.0,HAM,59.804
Miami Grand Prix,38.0,LEC,51.881
Miami Grand Prix,38.0,GAS,47.87
Miami Grand Prix,38.0,OCO,40.693
Miami Grand Prix,38.0,MAG,53.094
Miami Grand Prix,38.0,TSU,63.851
Miami Grand Prix,38.0,STR,49.504
Miami Grand Prix,38.0,BOT,58.775
Miami Grand Prix,38.0,ALB,61.628
Miami Grand Prix,38.0,HUL,65.652
Miami Grand Prix,38.0,ZHO,72.947
Miami Grand Prix,38.0,NOR,67.898
Miami Grand Prix,38.0,DEV,79.684
Miami Grand Prix,38.0,PIA,87.63
Miami Grand Prix,38.0,SAR,102.98
Miami Grand Prix,39.0,VER,0.0
Miami Grand Prix,39.0,PER,17.261
Miami Grand Prix,39.0,ALO,32.356
Miami Grand Prix,39.0,RUS,38.996
Miami Grand Prix,39.0,SAI,40.708
Miami Grand Prix,39.0,HAM,60.13
Miami Grand Prix,39.0,LEC,52.823
Miami Grand Prix,39.0,GAS,48.68
Miami Grand Prix,39.0,OCO,46.756
Miami Grand Prix,39.0,MAG,54.279
Miami Grand Prix,39.0,TSU,64.351
Miami Grand Prix,39.0,STR,50.359
Miami Grand Prix,39.0,BOT,60.175
Miami Grand Prix,39.0,ALB,62.628
Miami Grand Prix,39.0,HUL,66.243
Miami Grand Prix,39.0,ZHO,73.854
Miami Grand Prix,39.0,NOR,69.645
Miami Grand Prix,39.0,DEV,80.802
Miami Grand Prix,39.0,PIA,90.607
Miami Grand Prix,39.0,SAR,104.64
Miami Grand Prix,40.0,VER,0.0
Miami Grand Prix,40.0,PER,17.613
Miami Grand Prix,40.0,ALO,32.582
Miami Grand Prix,40.0,RUS,39.466
Miami Grand Prix,40.0,SAI,41.287
Miami Grand Prix,40.0,HAM,60.536
Miami Grand Prix,40.0,LEC,53.64
Miami Grand Prix,40.0,GAS,49.517
Miami Grand Prix,40.0,OCO,61.198
Miami Grand Prix,40.0,MAG,55.723
Miami Grand Prix,40.0,TSU,65.337
Miami Grand Prix,40.0,STR,51.311
Miami Grand Prix,40.0,BOT,63.03
Miami Grand Prix,40.0,ALB,64.093
Miami Grand Prix,40.0,HUL,67.128
Miami Grand Prix,40.0,ZHO,74.745
Miami Grand Prix,40.0,NOR,71.031
Miami Grand Prix,40.0,DEV,82.172
Miami Grand Prix,40.0,PIA,94.227
Miami Grand Prix,40.0,SAR,106.533
Miami Grand Prix,41.0,VER,0.0
Miami Grand Prix,41.0,PER,18.115
Miami Grand Prix,41.0,ALO,32.868
Miami Grand Prix,41.0,RUS,40.242
Miami Grand Prix,41.0,SAI,42.132
Miami Grand Prix,41.0,HAM,60.901
Miami Grand Prix,41.0,LEC,54.613
Miami Grand Prix,41.0,GAS,50.671
Miami Grand Prix,41.0,OCO,62.004
Miami Grand Prix,41.0,MAG,57.397
Miami Grand Prix,41.0,TSU,66.627
Miami Grand Prix,41.0,STR,52.554
Miami Grand Prix,41.0,BOT,64.803
Miami Grand Prix,41.0,ALB,65.475
Miami Grand Prix,41.0,HUL,68.3
Miami Grand Prix,41.0,ZHO,75.985
Miami Grand Prix,41.0,NOR,72.824
Miami Grand Prix,41.0,DEV,83.826
Miami Grand Prix,41.0,PIA,96.225
Miami Grand Prix,41.0,SAR,109.605
Miami Grand Prix,42.0,VER,0.0
Miami Grand Prix,42.0,PER,18.307
Miami Grand Prix,42.0,ALO,33.008
Miami Grand Prix,42.0,RUS,40.601
Miami Grand Prix,42.0,SAI,42.952
Miami Grand Prix,42.0,HAM,61.508
Miami Grand Prix,42.0,LEC,55.259
Miami Grand Prix,42.0,GAS,51.738
Miami Grand Prix,42.0,OCO,62.59
Miami Grand Prix,42.0,MAG,58.731
Miami Grand Prix,42.0,TSU,67.866
Miami Grand Prix,42.0,STR,58.688
Miami Grand Prix,42.0,BOT,65.897
Miami Grand Prix,42.0,ALB,67.169
Miami Grand Prix,42.0,HUL,69.53
Miami Grand Prix,42.0,ZHO,77.206
Miami Grand Prix,42.0,NOR,74.682
Miami Grand Prix,42.0,DEV,85.344
Miami Grand Prix,42.0,PIA,97.963
Miami Grand Prix,42.0,SAR,112.006
Miami Grand Prix,43.0,VER,0.0
Miami Grand Prix,43.0,PER,18.533
Miami Grand Prix,43.0,ALO,33.232
Miami Grand Prix,43.0,RUS,41.169
Miami Grand Prix,43.0,SAI,43.691
Miami Grand Prix,43.0,HAM,62.237
Miami Grand Prix,43.0,LEC,55.848
Miami Grand Prix,43.0,GAS,52.898
Miami Grand Prix,43.0,OCO,63.356
Miami Grand Prix,43.0,MAG,60.259
Miami Grand Prix,43.0,TSU,69.138
Miami Grand Prix,43.0,STR,74.169
Miami Grand Prix,43.0,BOT,67.257
Miami Grand Prix,43.0,ALB,68.637
Miami Grand Prix,43.0,HUL,70.439
Miami Grand Prix,43.0,ZHO,78.305
Miami Grand Prix,43.0,NOR,76.421
Miami Grand Prix,43.0,DEV,86.705
Miami Grand Prix,43.0,PIA,99.61
Miami Grand Prix,43.0,SAR,114.396
Miami Grand Prix,44.0,VER,0.0
Miami Grand Prix,44.0,PER,18.374
Miami Grand Prix,44.0,ALO,33.936
Miami Grand Prix,44.0,RUS,41.814
Miami Grand Prix,44.0,SAI,44.269
Miami Grand Prix,44.0,HAM,62.572
Miami Grand Prix,44.0,LEC,56.623
Miami Grand Prix,44.0,GAS,53.985
Miami Grand Prix,44.0,OCO,63.754
Miami Grand Prix,44.0,MAG,61.495
Miami Grand Prix,44.0,TSU,70.165
Miami Grand Prix,44.0,STR,73.975
Miami Grand Prix,44.0,BOT,68.28
Miami Grand Prix,44.0,ALB,69.577
Miami Grand Prix,44.0,HUL,71.358
Miami Grand Prix,44.0,ZHO,79.651
Miami Grand Prix,44.0,NOR,78.171
Miami Grand Prix,44.0,DEV,88.555
Miami Grand Prix,44.0,PIA,101.821
Miami Grand Prix,44.0,SAR,115.93
Miami Grand Prix,45.0,VER,0.0
Miami Grand Prix,45.0,PER,13.809
Miami Grand Prix,45.0,ALO,29.681
Miami Grand Prix,45.0,RUS,38.0
Miami Grand Prix,45.0,SAI,40.132
Miami Grand Prix,45.0,HAM,58.109
Miami Grand Prix,45.0,LEC,52.45
Miami Grand Prix,45.0,GAS,50.349
Miami Grand Prix,45.0,OCO,59.464
Miami Grand Prix,45.0,MAG,57.759
Miami Grand Prix,45.0,TSU,66.502
Miami Grand Prix,45.0,STR,69.476
Miami Grand Prix,45.0,BOT,64.693
Miami Grand Prix,45.0,ALB,66.09
Miami Grand Prix,45.0,HUL,67.456
Miami Grand Prix,45.0,ZHO,76.105
Miami Grand Prix,45.0,NOR,74.871
Miami Grand Prix,45.0,DEV,85.598
Miami Grand Prix,45.0,PIA,99.402
Miami Grand Prix,45.0,SAR,112.775
Miami Grand Prix,46.0,VER,0.755
Miami Grand Prix,46.0,PER,0.0
Miami Grand Prix,46.0,ALO,16.23
Miami Grand Prix,46.0,RUS,24.568
Miami Grand Prix,46.0,SAI,26.565
Miami Grand Prix,46.0,HAM,44.205
Miami Grand Prix,46.0,LEC,39.187
Miami Grand Prix,46.0,GAS,37.501
Miami Grand Prix,46.0,OCO,46.064
Miami Grand Prix,46.0,MAG,45.6
Miami Grand Prix,46.0,TSU,53.514
Miami Grand Prix,46.0,STR,55.407
Miami Grand Prix,46.0,BOT,51.943
Miami Grand Prix,46.0,ALB,53.141
Miami Grand Prix,46.0,HUL,54.319
Miami Grand Prix,46.0,ZHO,62.94
Miami Grand Prix,46.0,NOR,62.374
Miami Grand Prix,46.0,DEV,72.908
Miami Grand Prix,46.0,PIA,87.351
Miami Grand Prix,46.0,SAR,100.197
Miami Grand Prix,47.0,VER,0.151
Miami Grand Prix,47.0,PER,0.0
Miami Grand Prix,47.0,ALO,16.06
Miami Grand Prix,47.0,RUS,24.534
Miami Grand Prix,47.0,SAI,26.524
Miami Grand Prix,47.0,HAM,43.539
Miami Grand Prix,47.0,LEC,39.391
Miami Grand Prix,47.0,GAS,37.888
Miami Grand Prix,47.0,OCO,46.503
Miami Grand Prix,47.0,MAG,47.204
Miami Grand Prix,47.0,TSU,53.855
Miami Grand Prix,47.0,STR,55.05
Miami Grand Prix,47.0,BOT,52.174
Miami Grand Prix,47.0,ALB,54.069
Miami Grand Prix,47.0,HUL,55.379
Miami Grand Prix,47.0,ZHO,63.39
Miami Grand Prix,47.0,NOR,62.992
Miami Grand Prix,47.0,DEV,73.579
Miami Grand Prix,47.0,PIA,88.532
Miami Grand Prix,47.0,SAR,101.016
Miami Grand Prix,48.0,VER,0.0
Miami Grand Prix,48.0,PER,1.546
Miami Grand Prix,48.0,ALO,16.857
Miami Grand Prix,48.0,RUS,25.352
Miami Grand Prix,48.0,SAI,27.352
Miami Grand Prix,48.0,HAM,43.853
Miami Grand Prix,48.0,LEC,40.335
Miami Grand Prix,48.0,GAS,39.091
Miami Grand Prix,48.0,OCO,47.439
Miami Grand Prix,48.0,MAG,49.007
Miami Grand Prix,48.0,TSU,55.058
Miami Grand Prix,48.0,STR,56.499
Miami Grand Prix,48.0,BOT,53.813
Miami Grand Prix,48.0,ALB,56.325
Miami Grand Prix,48.0,HUL,57.273
Miami Grand Prix,48.0,ZHO,64.598
Miami Grand Prix,48.0,NOR,65.836
Miami Grand Prix,48.0,DEV,74.891
Miami Grand Prix,48.0,PIA,93.78
Miami Grand Prix,48.0,SAR,102.84
Miami Grand Prix,49.0,VER,0.0
Miami Grand Prix,49.0,PER,1.633
Miami Grand Prix,49.0,ALO,17.637
Miami Grand Prix,49.0,RUS,25.837
Miami Grand Prix,49.0,SAI,27.874
Miami Grand Prix,49.0,HAM,44.305
Miami Grand Prix,49.0,LEC,41.316
Miami Grand Prix,49.0,GAS,40.248
Miami Grand Prix,49.0,OCO,48.738
Miami Grand Prix,49.0,MAG,50.499
Miami Grand Prix,49.0,TSU,55.755
Miami Grand Prix,49.0,STR,57.294
Miami Grand Prix,49.0,BOT,55.253
Miami Grand Prix,49.0,ALB,59.213
Miami Grand Prix,49.0,HUL,59.752
Miami Grand Prix,49.0,ZHO,65.896
Miami Grand Prix,49.0,NOR,67.637
Miami Grand Prix,49.0,DEV,76.412
Miami Grand Prix,49.0,PIA,96.251
Miami Grand Prix,49.0,SAR,104.657
Miami Grand Prix,50.0,VER,0.0
Miami Grand Prix,50.0,PER,1.8319999999999999
Miami Grand Prix,50.0,ALO,18.673000000000002
Miami Grand Prix,50.0,RUS,26.362
Miami Grand Prix,50.0,SAI,28.812
Miami Grand Prix,50.0,HAM,44.827
Miami Grand Prix,50.0,LEC,42.649
Miami Grand Prix,50.0,GAS,41.523
Miami Grand Prix,50.0,OCO,49.987
Miami Grand Prix,50.0,MAG,52.124
Miami Grand Prix,50.0,TSU,57.29
Miami Grand Prix,50.0,STR,58.19
Miami Grand Prix,50.0,BOT,57.49
Miami Grand Prix,50.0,ALB,60.833
Miami Grand Prix,50.0,HUL,61.426
Miami Grand Prix,50.0,ZHO,67.017
Miami Grand Prix,50.0,NOR,69.359
Miami Grand Prix,50.0,DEV,77.823
Miami Grand Prix,50.0,PIA,98.395
Miami Grand Prix,50.0,SAR,106.204
Miami Grand Prix,51.0,VER,0.0
Miami Grand Prix,51.0,PER,2.38
Miami Grand Prix,51.0,ALO,18.772
Miami Grand Prix,51.0,RUS,26.929
Miami Grand Prix,51.0,SAI,29.679
Miami Grand Prix,51.0,HAM,45.306
Miami Grand Prix,51.0,LEC,43.727
Miami Grand Prix,51.0,GAS,42.877
Miami Grand Prix,51.0,OCO,51.083
Miami Grand Prix,51.0,MAG,53.662
Miami Grand Prix,51.0,TSU,58.039
Miami Grand Prix,51.0,STR,59.521
Miami Grand Prix,51.0,BOT,59.788
Miami Grand Prix,51.0,ALB,62.262
Miami Grand Prix,51.0,HUL,62.925
Miami Grand Prix,51.0,ZHO,68.173
Miami Grand Prix,51.0,NOR,72.165
Miami Grand Prix,51.0,DEV,79.176
Miami Grand Prix,51.0,PIA,100.284
Miami Grand Prix,51.0,SAR,108.141
Miami Grand Prix,52.0,VER,0.0
Miami Grand Prix,52.0,PER,2.697
Miami Grand Prix,52.0,ALO,20.652
Miami Grand Prix,52.0,RUS,27.997
Miami Grand Prix,52.0,SAI,30.858
Miami Grand Prix,52.0,HAM,46.29
Miami Grand Prix,52.0,LEC,44.887
Miami Grand Prix,52.0,GAS,44.61
Miami Grand Prix,52.0,OCO,52.293
Miami Grand Prix,52.0,MAG,55.254
Miami Grand Prix,52.0,TSU,59.17
Miami Grand Prix,52.0,STR,60.662
Miami Grand Prix,52.0,BOT,62.209
Miami Grand Prix,52.0,ALB,64.034
Miami Grand Prix,52.0,HUL,64.697
Miami Grand Prix,52.0,ZHO,69.994
Miami Grand Prix,52.0,NOR,75.027
Miami Grand Prix,52.0,DEV,80.935
Miami Grand Prix,52.0,PIA,102.47
Miami Grand Prix,52.0,SAR,110.391
Miami Grand Prix,53.0,VER,0.0
Miami Grand Prix,53.0,PER,2.839
Miami Grand Prix,53.0,ALO,21.841
Miami Grand Prix,53.0,RUS,29.041
Miami Grand Prix,53.0,SAI,32.289
Miami Grand Prix,53.0,HAM,47.124
Miami Grand Prix,53.0,LEC,46.606
Miami Grand Prix,53.0,GAS,48.131
Miami Grand Prix,53.0,OCO,53.589
Miami Grand Prix,53.0,MAG,56.399
Miami Grand Prix,53.0,TSU,60.138
Miami Grand Prix,53.0,STR,61.637
Miami Grand Prix,53.0,BOT,64.518
Miami Grand Prix,53.0,ALB,65.564
Miami Grand Prix,53.0,HUL,66.216
Miami Grand Prix,53.0,ZHO,71.567
Miami Grand Prix,53.0,NOR,77.554
Miami Grand Prix,53.0,DEV,82.461
Miami Grand Prix,53.0,PIA,104.53
Miami Grand Prix,53.0,SAR,114.171
Miami Grand Prix,54.0,VER,0.0
Miami Grand Prix,54.0,PER,3.063
Miami Grand Prix,54.0,ALO,22.803
Miami Grand Prix,54.0,RUS,30.164
Miami Grand Prix,54.0,SAI,33.351
Miami Grand Prix,54.0,HAM,47.935
Miami Grand Prix,54.0,LEC,48.467
Miami Grand Prix,54.0,GAS,50.032
Miami Grand Prix,54.0,OCO,54.634
Miami Grand Prix,54.0,MAG,57.8
Miami Grand Prix,54.0,TSU,61.128
Miami Grand Prix,54.0,STR,62.221
Miami Grand Prix,54.0,BOT,66.214
Miami Grand Prix,54.0,ALB,67.176
Miami Grand Prix,54.0,HUL,68.009
Miami Grand Prix,54.0,ZHO,73.0
Miami Grand Prix,54.0,NOR,80.007
Miami Grand Prix,54.0,DEV,83.882
Miami Grand Prix,54.0,PIA,106.392
Miami Grand Prix,54.0,SAR,116.744
Miami Grand Prix,55.0,VER,0.0
Miami Grand Prix,55.0,PER,3.307
Miami Grand Prix,55.0,ALO,24.172
Miami Grand Prix,55.0,RUS,31.093
Miami Grand Prix,55.0,SAI,34.322
Miami Grand Prix,55.0,HAM,48.531
Miami Grand Prix,55.0,LEC,49.908
Miami Grand Prix,55.0,GAS,51.612
Miami Grand Prix,55.0,OCO,55.532
Miami Grand Prix,55.0,MAG,59.144
Miami Grand Prix,55.0,TSU,61.927
Miami Grand Prix,55.0,STR,62.808
Miami Grand Prix,55.0,BOT,67.886
Miami Grand Prix,55.0,ALB,68.637
Miami Grand Prix,55.0,HUL,69.706
Miami Grand Prix,55.0,ZHO,74.501
Miami Grand Prix,55.0,NOR,82.311
Miami Grand Prix,55.0,DEV,85.479
Miami Grand Prix,55.0,PIA,108.485
Miami Grand Prix,55.0,SAR,119.728
Miami Grand Prix,56.0,VER,0.0
Miami Grand Prix,56.0,PER,5.097
Miami Grand Prix,56.0,ALO,26.059
Miami Grand Prix,56.0,RUS,32.487
Miami Grand Prix,56.0,SAI,36.321
Miami Grand Prix,56.0,HAM,50.853
Miami Grand Prix,56.0,LEC,51.827
Miami Grand Prix,56.0,GAS,53.929
Miami Grand Prix,56.0,OCO,56.967
Miami Grand Prix,56.0,MAG,61.193
Miami Grand Prix,56.0,TSU,63.257
Miami Grand Prix,56.0,STR,63.98
Miami Grand Prix,56.0,BOT,70.016
Miami Grand Prix,56.0,ALB,71.076
Miami Grand Prix,56.0,HUL,72.199
Miami Grand Prix,56.0,ZHO,76.529
Miami Grand Prix,56.0,NOR,85.173
Miami Grand Prix,56.0,DEV,87.701
Miami Grand Prix,56.0,PIA,110.783
Miami Grand Prix,56.0,SAR,124.661
Miami Grand Prix,57.0,VER,0.0
Miami Grand Prix,57.0,PER,5.384
Miami Grand Prix,57.0,ALO,26.305
Miami Grand Prix,57.0,RUS,33.229
Miami Grand Prix,57.0,SAI,37.511
Miami Grand Prix,57.0,HAM,51.249
Miami Grand Prix,57.0,LEC,52.988
Miami Grand Prix,57.0,GAS,55.67
Miami Grand Prix,57.0,OCO,58.123
Miami Grand Prix,57.0,MAG,62.945
Miami Grand Prix,57.0,TSU,64.309
Miami Grand Prix,57.0,STR,64.754
Miami Grand Prix,57.0,BOT,71.637
Miami Grand Prix,57.0,ALB,72.861
Miami Grand Prix,57.0,HUL,74.95
Miami Grand Prix,57.0,ZHO,78.44
Miami Grand Prix,57.0,NOR,87.739
Miami Grand Prix,57.0,DEV,88.99
Monaco Grand Prix,1.0,VER,0.0
Monaco Grand Prix,1.0,GAS,5.463
Monaco Grand Prix,1.0,PER,33.952
Monaco Grand Prix,1.0,ALO,1.289
Monaco Grand Prix,1.0,LEC,4.87
Monaco Grand Prix,1.0,STR,15.324
Monaco Grand Prix,1.0,SAR,13.451
Monaco Grand Prix,1.0,MAG,14.187
Monaco Grand Prix,1.0,DEV,9.211
Monaco Grand Prix,1.0,TSU,7.079
Monaco Grand Prix,1.0,ALB,10.378
Monaco Grand Prix,1.0,ZHO,34.547
Monaco Grand Prix,1.0,HUL,35.854
Monaco Grand Prix,1.0,OCO,2.401
Monaco Grand Prix,1.0,NOR,7.796
Monaco Grand Prix,1.0,HAM,4.3469999999999995
Monaco Grand Prix,1.0,SAI,3.152
Monaco Grand Prix,1.0,RUS,6.149
Monaco Grand Prix,1.0,BOT,12.676
Monaco Grand Prix,1.0,PIA,8.832
Monaco Grand Prix,2.0,VER,0.0
Monaco Grand Prix,2.0,GAS,6.732
Monaco Grand Prix,2.0,PER,34.289
Monaco Grand Prix,2.0,ALO,1.568
Monaco Grand Prix,2.0,LEC,6.052
Monaco Grand Prix,2.0,STR,15.946
Monaco Grand Prix,2.0,SAR,13.742
Monaco Grand Prix,2.0,MAG,14.995
Monaco Grand Prix,2.0,DEV,11.608
Monaco Grand Prix,2.0,TSU,9.0
Monaco Grand Prix,2.0,ALB,11.988
Monaco Grand Prix,2.0,ZHO,35.937
Monaco Grand Prix,2.0,HUL,36.921
Monaco Grand Prix,2.0,OCO,3.335
Monaco Grand Prix,2.0,NOR,10.039
Monaco Grand Prix,2.0,HAM,5.507
Monaco Grand Prix,2.0,SAI,4.378
Monaco Grand Prix,2.0,RUS,7.937
Monaco Grand Prix,2.0,BOT,13.33
Monaco Grand Prix,2.0,PIA,11.269
Monaco Grand Prix,3.0,VER,0.0
Monaco Grand Prix,3.0,GAS,7.9399999999999995
Monaco Grand Prix,3.0,PER,31.602
Monaco Grand Prix,3.0,ALO,1.607
Monaco Grand Prix,3.0,LEC,6.999
Monaco Grand Prix,3.0,STR,16.8
Monaco Grand Prix,3.0,SAR,14.887
Monaco Grand Prix,3.0,MAG,15.85
Monaco Grand Prix,3.0,DEV,13.114
Monaco Grand Prix,3.0,TSU,10.207
Monaco Grand Prix,3.0,ALB,13.617
Monaco Grand Prix,3.0,ZHO,33.866
Monaco Grand Prix,3.0,HUL,35.068
Monaco Grand Prix,3.0,OCO,3.965
Monaco Grand Prix,3.0,NOR,11.361
Monaco Grand Prix,3.0,HAM,6.538
Monaco Grand Prix,3.0,SAI,5.2620000000000005
Monaco Grand Prix,3.0,RUS,9.154
Monaco Grand Prix,3.0,BOT,14.398
Monaco Grand Prix,3.0,PIA,12.727
Monaco Grand Prix,4.0,VER,0.0
Monaco Grand Prix,4.0,GAS,9.388
Monaco Grand Prix,4.0,PER,30.008
Monaco Grand Prix,4.0,ALO,2.254
Monaco Grand Prix,4.0,LEC,8.338
Monaco Grand Prix,4.0,STR,18.669
Monaco Grand Prix,4.0,SAR,17.004
Monaco Grand Prix,4.0,MAG,18.128
Monaco Grand Prix,4.0,DEV,15.361
Monaco Grand Prix,4.0,TSU,12.11
Monaco Grand Prix,4.0,ALB,15.764
Monaco Grand Prix,4.0,ZHO,32.683
Monaco Grand Prix,4.0,HUL,34.087
Monaco Grand Prix,4.0,OCO,5.15
Monaco Grand Prix,4.0,NOR,13.441
Monaco Grand Prix,4.0,HAM,7.765
Monaco Grand Prix,4.0,SAI,6.615
Monaco Grand Prix,4.0,RUS,11.055
Monaco Grand Prix,4.0,BOT,16.61
Monaco Grand Prix,4.0,PIA,15.006
Monaco Grand Prix,5.0,VER,0.0
Monaco Grand Prix,5.0,GAS,10.262
Monaco Grand Prix,5.0,PER,28.258
Monaco Grand Prix,5.0,ALO,2.174
Monaco Grand Prix,5.0,LEC,9.156
Monaco Grand Prix,5.0,STR,21.088
Monaco Grand Prix,5.0,SAR,19.199
Monaco Grand Prix,5.0,MAG,20.333
Monaco Grand Prix,5.0,DEV,17.132
Monaco Grand Prix,5.0,TSU,13.387
Monaco Grand Prix,5.0,ALB,17.712
Monaco Grand Prix,5.0,ZHO,31.59
Monaco Grand Prix,5.0,HUL,33.113
Monaco Grand Prix,5.0,OCO,6.172
Monaco Grand Prix,5.0,NOR,14.924
Monaco Grand Prix,5.0,HAM,8.482
Monaco Grand Prix,5.0,SAI,7.319
Monaco Grand Prix,5.0,RUS,11.876
Monaco Grand Prix,5.0,BOT,18.613
Monaco Grand Prix,5.0,PIA,16.694
Monaco Grand Prix,6.0,VER,0.0
Monaco Grand Prix,6.0,GAS,11.464
Monaco Grand Prix,6.0,PER,27.076
Monaco Grand Prix,6.0,ALO,2.4859999999999998
Monaco Grand Prix,6.0,LEC,10.345
Monaco Grand Prix,6.0,STR,23.233
Monaco Grand Prix,6.0,SAR,20.871
Monaco Grand Prix,6.0,MAG,22.045
Monaco Grand Prix,6.0,DEV,18.716
Monaco Grand Prix,6.0,TSU,14.477
Monaco Grand Prix,6.0,ALB,19.237
Monaco Grand Prix,6.0,ZHO,31.155
Monaco Grand Prix,6.0,HUL,32.464
Monaco Grand Prix,6.0,OCO,7.263
Monaco Grand Prix,6.0,NOR,16.329
Monaco Grand Prix,6.0,HAM,9.8
Monaco Grand Prix,6.0,SAI,8.443
Monaco Grand Prix,6.0,RUS,13.181
Monaco Grand Prix,6.0,BOT,20.138
Monaco Grand Prix,6.0,PIA,18.301
Monaco Grand Prix,7.0,VER,0.0
Monaco Grand Prix,7.0,GAS,12.435
Monaco Grand Prix,7.0,PER,26.842
Monaco Grand Prix,7.0,ALO,2.358
Monaco Grand Prix,7.0,LEC,11.357
Monaco Grand Prix,7.0,STR,25.017
Monaco Grand Prix,7.0,SAR,22.477
Monaco Grand Prix,7.0,MAG,23.924
Monaco Grand Prix,7.0,DEV,20.121
Monaco Grand Prix,7.0,TSU,15.556000000000001
Monaco Grand Prix,7.0,ALB,20.659
Monaco Grand Prix,7.0,ZHO,30.93
Monaco Grand Prix,7.0,HUL,32.164
Monaco Grand Prix,7.0,OCO,8.412
Monaco Grand Prix,7.0,NOR,17.348
Monaco Grand Prix,7.0,HAM,10.818
Monaco Grand Prix,7.0,SAI,9.507
Monaco Grand Prix,7.0,RUS,14.131
Monaco Grand Prix,7.0,BOT,21.672
Monaco Grand Prix,7.0,PIA,19.537
Monaco Grand Prix,8.0,VER,0.0
Monaco Grand Prix,8.0,GAS,14.355
Monaco Grand Prix,8.0,PER,27.382
Monaco Grand Prix,8.0,ALO,2.352
Monaco Grand Prix,8.0,LEC,13.125
Monaco Grand Prix,8.0,STR,26.353
Monaco Grand Prix,8.0,SAR,24.027
Monaco Grand Prix,8.0,MAG,25.579
Monaco Grand Prix,8.0,DEV,21.467
Monaco Grand Prix,8.0,TSU,17.11
Monaco Grand Prix,8.0,ALB,22.058
Monaco Grand Prix,8.0,ZHO,30.787
Monaco Grand Prix,8.0,HUL,32.004
Monaco Grand Prix,8.0,OCO,9.548
Monaco Grand Prix,8.0,NOR,18.602
Monaco Grand Prix,8.0,HAM,12.472
Monaco Grand Prix,8.0,SAI,10.747
Monaco Grand Prix,8.0,RUS,15.724
Monaco Grand Prix,8.0,BOT,23.049
Monaco Grand Prix,8.0,PIA,20.968
Monaco Grand Prix,9.0,VER,0.0
Monaco Grand Prix,9.0,GAS,16.112
Monaco Grand Prix,9.0,PER,28.605
Monaco Grand Prix,9.0,ALO,3.104
Monaco Grand Prix,9.0,LEC,14.903
Monaco Grand Prix,9.0,STR,27.981
Monaco Grand Prix,9.0,SAR,26.525
Monaco Grand Prix,9.0,MAG,27.462
Monaco Grand Prix,9.0,DEV,23.89
Monaco Grand Prix,9.0,TSU,18.938
Monaco Grand Prix,9.0,ALB,24.32
Monaco Grand Prix,9.0,ZHO,31.279
Monaco Grand Prix,9.0,HUL,32.406
Monaco Grand Prix,9.0,OCO,11.111
Monaco Grand Prix,9.0,NOR,20.636
Monaco Grand Prix,9.0,HAM,14.27
Monaco Grand Prix,9.0,SAI,12.022
Monaco Grand Prix,9.0,RUS,17.718
Monaco Grand Prix,9.0,BOT,25.025
Monaco Grand Prix,9.0,PIA,23.283
Monaco Grand Prix,10.0,VER,0.0
Monaco Grand Prix,10.0,GAS,17.338
Monaco Grand Prix,10.0,PER,31.308
Monaco Grand Prix,10.0,ALO,3.344
Monaco Grand Prix,10.0,LEC,16.038
Monaco Grand Prix,10.0,STR,30.79
Monaco Grand Prix,10.0,SAR,29.775
Monaco Grand Prix,10.0,MAG,30.307
Monaco Grand Prix,10.0,DEV,25.763
Monaco Grand Prix,10.0,TSU,20.551
Monaco Grand Prix,10.0,ALB,26.574
Monaco Grand Prix,10.0,ZHO,32.644
Monaco Grand Prix,10.0,HUL,33.35
Monaco Grand Prix,10.0,OCO,12.487
Monaco Grand Prix,10.0,NOR,22.605
Monaco Grand Prix,10.0,HAM,15.359
Monaco Grand Prix,10.0,SAI,13.008
Monaco Grand Prix,10.0,RUS,19.2
Monaco Grand Prix,10.0,BOT,27.468
Monaco Grand Prix,10.0,PIA,25.214
Monaco Grand Prix,11.0,VER,0.0
Monaco Grand Prix,11.0,GAS,18.847
Monaco Grand Prix,11.0,PER,34.298
Monaco Grand Prix,11.0,ALO,3.735
Monaco Grand Prix,11.0,LEC,17.342
Monaco Grand Prix,11.0,STR,33.69
Monaco Grand Prix,11.0,SAR,33.006
Monaco Grand Prix,11.0,MAG,33.273
Monaco Grand Prix,11.0,DEV,27.975
Monaco Grand Prix,11.0,TSU,22.99
Monaco Grand Prix,11.0,ALB,28.994
Monaco Grand Prix,11.0,ZHO,35.388
Monaco Grand Prix,11.0,HUL,36.088
Monaco Grand Prix,11.0,OCO,13.9
Monaco Grand Prix,11.0,NOR,24.895
Monaco Grand Prix,11.0,HAM,16.427
Monaco Grand Prix,11.0,SAI,14.415
Monaco Grand Prix,11.0,RUS,20.825
Monaco Grand Prix,11.0,BOT,29.99
Monaco Grand Prix,11.0,PIA,27.256
Monaco Grand Prix,12.0,VER,0.0
Monaco Grand Prix,12.0,GAS,20.436
Monaco Grand Prix,12.0,PER,37.738
Monaco Grand Prix,12.0,ALO,4.33
Monaco Grand Prix,12.0,LEC,18.499
Monaco Grand Prix,12.0,STR,37.336
Monaco Grand Prix,12.0,SAR,36.651
Monaco Grand Prix,12.0,MAG,36.767
Monaco Grand Prix,12.0,DEV,31.164
Monaco Grand Prix,12.0,TSU,25.624
Monaco Grand Prix,12.0,ALB,32.311
Monaco Grand Prix,12.0,ZHO,38.714
Monaco Grand Prix,12.0,HUL,39.259
Monaco Grand Prix,12.0,OCO,15.422
Monaco Grand Prix,12.0,NOR,28.179
Monaco Grand Prix,12.0,HAM,17.664
Monaco Grand Prix,12.0,SAI,16.369
Monaco Grand Prix,12.0,RUS,22.291
Monaco Grand Prix,12.0,BOT,33.203
Monaco Grand Prix,12.0,PIA,30.565
Monaco Grand Prix,13.0,VER,0.0
Monaco Grand Prix,13.0,GAS,20.715
Monaco Grand Prix,13.0,PER,41.101
Monaco Grand Prix,13.0,ALO,5.339
Monaco Grand Prix,13.0,LEC,19.083
Monaco Grand Prix,13.0,STR,40.749
Monaco Grand Prix,13.0,SAR,39.919
Monaco Grand Prix,13.0,MAG,40.219
Monaco Grand Prix,13.0,DEV,33.149
Monaco Grand Prix,13.0,TSU,26.99
Monaco Grand Prix,13.0,ALB,34.762
Monaco Grand Prix,13.0,ZHO,41.841
Monaco Grand Prix,13.0,HUL,42.649
Monaco Grand Prix,13.0,OCO,16.013
Monaco Grand Prix,13.0,NOR,29.723
Monaco Grand Prix,13.0,HAM,18.314
Monaco Grand Prix,13.0,SAI,17.221
Monaco Grand Prix,13.0,RUS,22.644
Monaco Grand Prix,13.0,BOT,35.28
Monaco Grand Prix,13.0,PIA,32.396
Monaco Grand Prix,14.0,VER,0.0
Monaco Grand Prix,14.0,GAS,22.214
Monaco Grand Prix,14.0,PER,44.319
Monaco Grand Prix,14.0,ALO,5.782
Monaco Grand Prix,14.0,LEC,20.412
Monaco Grand Prix,14.0,STR,43.979
Monaco Grand Prix,14.0,SAR,43.172
Monaco Grand Prix,14.0,MAG,43.482
Monaco Grand Prix,14.0,DEV,35.563
Monaco Grand Prix,14.0,TSU,28.406
Monaco Grand Prix,14.0,ALB,37.956
Monaco Grand Prix,14.0,ZHO,45.429
Monaco Grand Prix,14.0,HUL,46.838
Monaco Grand Prix,14.0,OCO,17.003
Monaco Grand Prix,14.0,NOR,31.514
Monaco Grand Prix,14.0,HAM,19.671
Monaco Grand Prix,14.0,SAI,18.263
Monaco Grand Prix,14.0,RUS,23.865
Monaco Grand Prix,14.0,BOT,38.282
Monaco Grand Prix,14.0,PIA,34.616
Monaco Grand Prix,15.0,VER,0.0
Monaco Grand Prix,15.0,GAS,23.419
Monaco Grand Prix,15.0,PER,47.658
Monaco Grand Prix,15.0,ALO,6.147
Monaco Grand Prix,15.0,LEC,21.645
Monaco Grand Prix,15.0,STR,47.103
Monaco Grand Prix,15.0,SAR,46.373
Monaco Grand Prix,15.0,MAG,46.69
Monaco Grand Prix,15.0,DEV,37.565
Monaco Grand Prix,15.0,TSU,29.766
Monaco Grand Prix,15.0,ALB,41.769
Monaco Grand Prix,15.0,ZHO,48.748
Monaco Grand Prix,15.0,HUL,50.731
Monaco Grand Prix,15.0,OCO,17.942
Monaco Grand Prix,15.0,NOR,33.29
Monaco Grand Prix,15.0,HAM,20.781
Monaco Grand Prix,15.0,SAI,19.067
Monaco Grand Prix,15.0,RUS,25.317
Monaco Grand Prix,15.0,BOT,42.115
Monaco Grand Prix,15.0,PIA,36.671
Monaco Grand Prix,16.0,VER,0.0
Monaco Grand Prix,16.0,GAS,24.893
Monaco Grand Prix,16.0,PER,51.321
Monaco Grand Prix,16.0,ALO,6.493
Monaco Grand Prix,16.0,LEC,23.137
Monaco Grand Prix,16.0,STR,50.824
Monaco Grand Prix,16.0,SAR,50.02
Monaco Grand Prix,16.0,MAG,50.33
Monaco Grand Prix,16.0,DEV,39.745
Monaco Grand Prix,16.0,TSU,31.188
Monaco Grand Prix,16.0,ALB,45.388
Monaco Grand Prix,16.0,ZHO,52.651
Monaco Grand Prix,16.0,HUL,54.188
Monaco Grand Prix,16.0,OCO,19.066
Monaco Grand Prix,16.0,NOR,35.454
Monaco Grand Prix,16.0,HAM,22.267
Monaco Grand Prix,16.0,SAI,20.482
Monaco Grand Prix,16.0,RUS,26.995
Monaco Grand Prix,16.0,BOT,45.771
Monaco Grand Prix,16.0,PIA,38.565
Monaco Grand Prix,17.0,VER,0.0
Monaco Grand Prix,17.0,GAS,26.023
Monaco Grand Prix,17.0,PER,55.776
Monaco Grand Prix,17.0,ALO,7.332
Monaco Grand Prix,17.0,LEC,24.511
Monaco Grand Prix,17.0,STR,55.134
Monaco Grand Prix,17.0,SAR,56.396
Monaco Grand Prix,17.0,MAG,52.676
Monaco Grand Prix,17.0,DEV,42.067
Monaco Grand Prix,17.0,TSU,32.696
Monaco Grand Prix,17.0,ALB,49.152
Monaco Grand Prix,17.0,ZHO,56.46
Monaco Grand Prix,17.0,HUL,57.499
Monaco Grand Prix,17.0,OCO,20.578
Monaco Grand Prix,17.0,NOR,37.531
Monaco Grand Prix,17.0,HAM,23.661
Monaco Grand Prix,17.0,SAI,21.982
Monaco Grand Prix,17.0,RUS,28.379
Monaco Grand Prix,17.0,BOT,49.488
Monaco Grand Prix,17.0,PIA,40.758
Monaco Grand Prix,18.0,VER,0.0
Monaco Grand Prix,18.0,GAS,27.764
Monaco Grand Prix,18.0,PER,57.156
Monaco Grand Prix,18.0,ALO,8.148
Monaco Grand Prix,18.0,LEC,26.16
Monaco Grand Prix,18.0,STR,56.191
Monaco Grand Prix,18.0,SAR,61.094
Monaco Grand Prix,18.0,MAG,54.691
Monaco Grand Prix,18.0,DEV,44.636
Monaco Grand Prix,18.0,TSU,35.01
Monaco Grand Prix,18.0,ALB,70.854
Monaco Grand Prix,18.0,ZHO,61.272
Monaco Grand Prix,18.0,HUL,61.953
Monaco Grand Prix,18.0,OCO,22.086
Monaco Grand Prix,18.0,NOR,39.829
Monaco Grand Prix,18.0,HAM,25.319
Monaco Grand Prix,18.0,SAI,23.448
Monaco Grand Prix,18.0,RUS,29.896
Monaco Grand Prix,18.0,BOT,51.54
Monaco Grand Prix,18.0,PIA,42.811
Monaco Grand Prix,19.0,VER,0.0
Monaco Grand Prix,19.0,GAS,29.05
Monaco Grand Prix,19.0,PER,58.2
Monaco Grand Prix,19.0,ALO,8.583
Monaco Grand Prix,19.0,LEC,27.527
Monaco Grand Prix,19.0,STR,57.283
Monaco Grand Prix,19.0,SAR,66.599
Monaco Grand Prix,19.0,MAG,56.313
Monaco Grand Prix,19.0,DEV,47.047
Monaco Grand Prix,19.0,TSU,36.754
Monaco Grand Prix,19.0,ALB,77.224
Monaco Grand Prix,19.0,ZHO,66.836
Monaco Grand Prix,19.0,HUL,64.966
Monaco Grand Prix,19.0,OCO,23.337
Monaco Grand Prix,19.0,NOR,42.51
Monaco Grand Prix,19.0,HAM,26.703
Monaco Grand Prix,19.0,SAI,24.624
Monaco Grand Prix,19.0,RUS,31.372
Monaco Grand Prix,19.0,BOT,52.541
Monaco Grand Prix,19.0,PIA,45.404
Monaco Grand Prix,20.0,VER,0.0
Monaco Grand Prix,20.0,GAS,30.423
Monaco Grand Prix,20.0,PER,58.965
Monaco Grand Prix,20.0,ALO,8.499
Monaco Grand Prix,20.0,LEC,28.678
Monaco Grand Prix,20.0,STR,58.13
Monaco Grand Prix,20.0,SAR,86.596
Monaco Grand Prix,20.0,MAG,57.453
Monaco Grand Prix,20.0,DEV,49.021
Monaco Grand Prix,20.0,TSU,38.671
Monaco Grand Prix,20.0,ALB,78.48
Monaco Grand Prix,20.0,ZHO,70.196
Monaco Grand Prix,20.0,HUL,65.394
Monaco Grand Prix,20.0,OCO,24.21
Monaco Grand Prix,20.0,NOR,44.281
Monaco Grand Prix,20.0,HAM,27.61
Monaco Grand Prix,20.0,SAI,25.442
Monaco Grand Prix,20.0,RUS,32.478
Monaco Grand Prix,20.0,BOT,53.351
Monaco Grand Prix,20.0,PIA,47.471
Monaco Grand Prix,21.0,VER,0.0
Monaco Grand Prix,21.0,GAS,31.43
Monaco Grand Prix,21.0,PER,60.685
Monaco Grand Prix,21.0,ALO,9.36
Monaco Grand Prix,21.0,LEC,30.002
Monaco Grand Prix,21.0,STR,59.921
Monaco Grand Prix,21.0,SAR,91.439
Monaco Grand Prix,21.0,MAG,59.45
Monaco Grand Prix,21.0,DEV,51.616
Monaco Grand Prix,21.0,TSU,41.128
Monaco Grand Prix,21.0,ALB,78.808
Monaco Grand Prix,21.0,ZHO,71.638
Monaco Grand Prix,21.0,HUL,65.792
Monaco Grand Prix,21.0,OCO,25.568
Monaco Grand Prix,21.0,NOR,46.552
Monaco Grand Prix,21.0,HAM,29.118
Monaco Grand Prix,21.0,SAI,26.645
Monaco Grand Prix,21.0,RUS,33.761
Monaco Grand Prix,21.0,BOT,54.572
Monaco Grand Prix,21.0,PIA,49.733
Monaco Grand Prix,22.0,VER,0.0
Monaco Grand Prix,22.0,GAS,32.984
Monaco Grand Prix,22.0,PER,62.829
Monaco Grand Prix,22.0,ALO,10.648
Monaco Grand Prix,22.0,LEC,31.229
Monaco Grand Prix,22.0,STR,61.81
Monaco Grand Prix,22.0,SAR,92.263
Monaco Grand Prix,22.0,MAG,61.558
Monaco Grand Prix,22.0,DEV,54.535
Monaco Grand Prix,22.0,TSU,43.621
Monaco Grand Prix,22.0,ALB,79.254
Monaco Grand Prix,22.0,ZHO,72.567
Monaco Grand Prix,22.0,HUL,66.978
Monaco Grand Prix,22.0,OCO,26.966
Monaco Grand Prix,22.0,NOR,48.775
Monaco Grand Prix,22.0,HAM,29.852
Monaco Grand Prix,22.0,SAI,27.993
Monaco Grand Prix,22.0,RUS,34.981
Monaco Grand Prix,22.0,BOT,56.173
Monaco Grand Prix,22.0,PIA,52.099
Monaco Grand Prix,23.0,VER,0.0
Monaco Grand Prix,23.0,GAS,34.322
Monaco Grand Prix,23.0,PER,64.829
Monaco Grand Prix,23.0,ALO,11.316
Monaco Grand Prix,23.0,LEC,32.547
Monaco Grand Prix,23.0,STR,64.133
Monaco Grand Prix,23.0,SAR,113.854
Monaco Grand Prix,23.0,MAG,63.88
Monaco Grand Prix,23.0,DEV,57.63
Monaco Grand Prix,23.0,TSU,46.256
Monaco Grand Prix,23.0,ALB,79.714
Monaco Grand Prix,23.0,ZHO,73.413
Monaco Grand Prix,23.0,HUL,68.383
Monaco Grand Prix,23.0,OCO,28.235
Monaco Grand Prix,23.0,NOR,50.828
Monaco Grand Prix,23.0,HAM,31.301
Monaco Grand Prix,23.0,SAI,29.395
Monaco Grand Prix,23.0,RUS,36.488
Monaco Grand Prix,23.0,BOT,58.306
Monaco Grand Prix,23.0,PIA,55.015
Monaco Grand Prix,24.0,VER,0.0
Monaco Grand Prix,24.0,GAS,35.101
Monaco Grand Prix,24.0,PER,66.655
Monaco Grand Prix,24.0,ALO,11.803
Monaco Grand Prix,24.0,LEC,33.335
Monaco Grand Prix,24.0,STR,65.774
Monaco Grand Prix,24.0,SAR,117.738
Monaco Grand Prix,24.0,MAG,65.579
Monaco Grand Prix,24.0,DEV,61.03
Monaco Grand Prix,24.0,TSU,48.772
Monaco Grand Prix,24.0,ALB,79.588
Monaco Grand Prix,24.0,ZHO,74.08
Monaco Grand Prix,24.0,HUL,69.948
Monaco Grand Prix,24.0,OCO,28.935
Monaco Grand Prix,24.0,NOR,52.711
Monaco Grand Prix,24.0,HAM,31.934
Monaco Grand Prix,24.0,SAI,30.509
Monaco Grand Prix,24.0,RUS,37.399
Monaco Grand Prix,24.0,BOT,61.576
Monaco Grand Prix,24.0,PIA,57.576
Monaco Grand Prix,25.0,VER,0.0
Monaco Grand Prix,25.0,GAS,35.458
Monaco Grand Prix,25.0,PER,68.013
Monaco Grand Prix,25.0,ALO,11.802
Monaco Grand Prix,25.0,LEC,33.771
Monaco Grand Prix,25.0,STR,67.649
Monaco Grand Prix,25.0,SAR,118.449
Monaco Grand Prix,25.0,MAG,67.09
Monaco Grand Prix,25.0,DEV,63.979
Monaco Grand Prix,25.0,TSU,50.924
Monaco Grand Prix,25.0,ALB,79.198
Monaco Grand Prix,25.0,ZHO,74.668
Monaco Grand Prix,25.0,HUL,70.995
Monaco Grand Prix,25.0,OCO,29.203
Monaco Grand Prix,25.0,NOR,54.308
Monaco Grand Prix,25.0,HAM,32.394
Monaco Grand Prix,25.0,SAI,30.79
Monaco Grand Prix,25.0,RUS,37.864
Monaco Grand Prix,25.0,BOT,64.596
Monaco Grand Prix,25.0,PIA,59.775
Monaco Grand Prix,26.0,VER,0.0
Monaco Grand Prix,26.0,GAS,36.158
Monaco Grand Prix,26.0,PER,70.678
Monaco Grand Prix,26.0,ALO,11.731
Monaco Grand Prix,26.0,LEC,34.438
Monaco Grand Prix,26.0,STR,69.363
Monaco Grand Prix,26.0,SAR,119.27
Monaco Grand Prix,26.0,MAG,68.901
Monaco Grand Prix,26.0,DEV,66.93
Monaco Grand Prix,26.0,TSU,52.984
Monaco Grand Prix,26.0,ALB,78.948
Monaco Grand Prix,26.0,ZHO,75.617
Monaco Grand Prix,26.0,HUL,72.447
Monaco Grand Prix,26.0,OCO,29.424
Monaco Grand Prix,26.0,NOR,56.163
Monaco Grand Prix,26.0,HAM,32.898
Monaco Grand Prix,26.0,SAI,30.944
Monaco Grand Prix,26.0,RUS,38.552
Monaco Grand Prix,26.0,BOT,67.606
Monaco Grand Prix,26.0,PIA,62.761
Monaco Grand Prix,27.0,VER,0.0
Monaco Grand Prix,27.0,GAS,36.911
Monaco Grand Prix,27.0,PER,72.738
Monaco Grand Prix,27.0,ALO,11.7
Monaco Grand Prix,27.0,LEC,34.781
Monaco Grand Prix,27.0,STR,71.876
Monaco Grand Prix,27.0,SAR,119.886
Monaco Grand Prix,27.0,MAG,71.491
Monaco Grand Prix,27.0,DEV,69.825
Monaco Grand Prix,27.0,TSU,54.19
Monaco Grand Prix,27.0,ALB,79.049
Monaco Grand Prix,27.0,ZHO,76.455
Monaco Grand Prix,27.0,HUL,74.144
Monaco Grand Prix,27.0,OCO,29.31
Monaco Grand Prix,27.0,NOR,58.013
Monaco Grand Prix,27.0,HAM,32.961
Monaco Grand Prix,27.0,SAI,31.003
Monaco Grand Prix,27.0,RUS,39.13
Monaco Grand Prix,27.0,BOT,70.509
Monaco Grand Prix,27.0,PIA,65.026
Monaco Grand Prix,28.0,VER,0.0
Monaco Grand Prix,28.0,GAS,36.426
Monaco Grand Prix,28.0,PER,74.579
Monaco Grand Prix,28.0,ALO,11.492
Monaco Grand Prix,28.0,LEC,34.491
Monaco Grand Prix,28.0,STR,73.966
Monaco Grand Prix,28.0,SAR,119.856
Monaco Grand Prix,28.0,MAG,73.489
Monaco Grand Prix,28.0,DEV,72.028
Monaco Grand Prix,28.0,TSU,54.789
Monaco Grand Prix,28.0,ALB,79.807
Monaco Grand Prix,28.0,ZHO,79.465
Monaco Grand Prix,28.0,HUL,75.963
Monaco Grand Prix,28.0,OCO,28.478
Monaco Grand Prix,28.0,NOR,59.014
Monaco Grand Prix,28.0,HAM,32.525
Monaco Grand Prix,28.0,SAI,30.549
Monaco Grand Prix,28.0,RUS,38.713
Monaco Grand Prix,28.0,BOT,72.592
Monaco Grand Prix,28.0,PIA,65.741
Monaco Grand Prix,29.0,VER,0.0
Monaco Grand Prix,29.0,GAS,35.798
Monaco Grand Prix,29.0,PER,76.564
Monaco Grand Prix,29.0,ALO,10.602
Monaco Grand Prix,29.0,LEC,33.555
Monaco Grand Prix,29.0,STR,75.796
Monaco Grand Prix,29.0,SAR,119.608
Monaco Grand Prix,29.0,MAG,75.398
Monaco Grand Prix,29.0,DEV,74.036
Monaco Grand Prix,29.0,TSU,54.988
Monaco Grand Prix,29.0,ALB,80.758
Monaco Grand Prix,29.0,ZHO,80.327
Monaco Grand Prix,29.0,HUL,79.374
Monaco Grand Prix,29.0,OCO,27.656
Monaco Grand Prix,29.0,NOR,59.919
Monaco Grand Prix,29.0,HAM,31.896
Monaco Grand Prix,29.0,SAI,29.719
Monaco Grand Prix,29.0,RUS,38.044
Monaco Grand Prix,29.0,BOT,74.799
Monaco Grand Prix,29.0,PIA,66.075
Monaco Grand Prix,30.0,VER,0.0
Monaco Grand Prix,30.0,GAS,34.721
Monaco Grand Prix,30.0,PER,79.175
Monaco Grand Prix,30.0,ALO,9.407
Monaco Grand Prix,30.0,LEC,32.954
Monaco Grand Prix,30.0,STR,77.496
Monaco Grand Prix,30.0,SAR,118.983
Monaco Grand Prix,30.0,MAG,76.991
Monaco Grand Prix,30.0,DEV,75.143
Monaco Grand Prix,30.0,TSU,55.163
Monaco Grand Prix,30.0,ALB,82.055
Monaco Grand Prix,30.0,ZHO,81.667
Monaco Grand Prix,30.0,HUL,80.134
Monaco Grand Prix,30.0,OCO,26.83
Monaco Grand Prix,30.0,NOR,60.327
Monaco Grand Prix,30.0,HAM,31.478
Monaco Grand Prix,30.0,SAI,28.779
Monaco Grand Prix,30.0,RUS,37.184
Monaco Grand Prix,30.0,BOT,76.032
Monaco Grand Prix,30.0,PIA,66.278
Monaco Grand Prix,31.0,VER,0.0
Monaco Grand Prix,31.0,GAS,33.995
Monaco Grand Prix,31.0,PER,79.726
Monaco Grand Prix,31.0,ALO,7.925
Monaco Grand Prix,31.0,LEC,32.089
Monaco Grand Prix,31.0,STR,80.508
Monaco Grand Prix,31.0,SAR,117.735
Monaco Grand Prix,31.0,MAG,77.526
Monaco Grand Prix,31.0,DEV,75.469
Monaco Grand Prix,31.0,TSU,54.885
Monaco Grand Prix,31.0,ALB,82.466
Monaco Grand Prix,31.0,ZHO,82.118
Monaco Grand Prix,31.0,HUL,81.149
Monaco Grand Prix,31.0,OCO,25.42
Monaco Grand Prix,31.0,NOR,60.04
Monaco Grand Prix,31.0,HAM,48.204
Monaco Grand Prix,31.0,SAI,27.503
Monaco Grand Prix,31.0,RUS,35.847
Monaco Grand Prix,31.0,BOT,76.312
Monaco Grand Prix,31.0,PIA,65.652
Monaco Grand Prix,32.0,VER,0.0
Monaco Grand Prix,32.0,GAS,32.563
Monaco Grand Prix,32.0,PER,80.517
Monaco Grand Prix,32.0,ALO,6.746
Monaco Grand Prix,32.0,LEC,30.555
Monaco Grand Prix,32.0,STR,81.079
Monaco Grand Prix,32.0,SAR,116.221
Monaco Grand Prix,32.0,MAG,80.253
Monaco Grand Prix,32.0,DEV,75.594
Monaco Grand Prix,32.0,TSU,54.588
Monaco Grand Prix,32.0,ALB,83.239
Monaco Grand Prix,32.0,ZHO,82.928
Monaco Grand Prix,32.0,HUL,82.041
Monaco Grand Prix,32.0,OCO,41.272
Monaco Grand Prix,32.0,NOR,59.138
Monaco Grand Prix,32.0,HAM,47.553
Monaco Grand Prix,32.0,SAI,25.867
Monaco Grand Prix,32.0,RUS,34.505
Monaco Grand Prix,32.0,BOT,76.966
Monaco Grand Prix,32.0,PIA,65.226
Monaco Grand Prix,33.0,VER,0.0
Monaco Grand Prix,33.0,GAS,31.067
Monaco Grand Prix,33.0,PER,83.654
Monaco Grand Prix,33.0,ALO,5.616
Monaco Grand Prix,33.0,LEC,28.772
Monaco Grand Prix,33.0,STR,82.579
Monaco Grand Prix,33.0,SAR,114.619
Monaco Grand Prix,33.0,MAG,82.189
Monaco Grand Prix,33.0,DEV,75.719
Monaco Grand Prix,33.0,TSU,54.099
Monaco Grand Prix,33.0,ALB,85.852
Monaco Grand Prix,33.0,ZHO,85.584
Monaco Grand Prix,33.0,HUL,84.443
Monaco Grand Prix,33.0,OCO,41.615
Monaco Grand Prix,33.0,NOR,58.234
Monaco Grand Prix,33.0,HAM,44.257
Monaco Grand Prix,33.0,SAI,40.533
Monaco Grand Prix,33.0,RUS,33.115
Monaco Grand Prix,33.0,BOT,76.675
Monaco Grand Prix,33.0,PIA,64.539
Monaco Grand Prix,34.0,VER,0.0
Monaco Grand Prix,34.0,GAS,30.23
Monaco Grand Prix,34.0,PER,112.061
Monaco Grand Prix,34.0,ALO,6.869
Monaco Grand Prix,34.0,LEC,28.189
Monaco Grand Prix,34.0,STR,83.118
Monaco Grand Prix,34.0,SAR,114.241
Monaco Grand Prix,34.0,MAG,82.892
Monaco Grand Prix,34.0,DEV,77.003
Monaco Grand Prix,34.0,TSU,54.094
Monaco Grand Prix,34.0,ALB,88.539
Monaco Grand Prix,34.0,ZHO,88.127
Monaco Grand Prix,34.0,HUL,87.355
Monaco Grand Prix,34.0,OCO,40.521
Monaco Grand Prix,34.0,NOR,58.216
Monaco Grand Prix,34.0,HAM,44.57
Monaco Grand Prix,34.0,SAI,43.256
Monaco Grand Prix,34.0,RUS,32.64
Monaco Grand Prix,34.0,BOT,78.857
Monaco Grand Prix,34.0,PIA,64.806
Monaco Grand Prix,35.0,VER,0.0
Monaco Grand Prix,35.0,GAS,29.627
Monaco Grand Prix,35.0,PER,113.618
Monaco Grand Prix,35.0,ALO,7.479
Monaco Grand Prix,35.0,LEC,27.632
Monaco Grand Prix,35.0,STR,86.166
Monaco Grand Prix,35.0,SAR,114.855
Monaco Grand Prix,35.0,MAG,84.142
Monaco Grand Prix,35.0,DEV,79.89
Monaco Grand Prix,35.0,TSU,53.82
Monaco Grand Prix,35.0,ALB,89.134
Monaco Grand Prix,35.0,ZHO,88.689
Monaco Grand Prix,35.0,HUL,87.658
Monaco Grand Prix,35.0,OCO,39.592
Monaco Grand Prix,35.0,NOR,58.384
Monaco Grand Prix,35.0,HAM,43.705
Monaco Grand Prix,35.0,SAI,41.86
Monaco Grand Prix,35.0,RUS,32.184
Monaco Grand Prix,35.0,BOT,80.722
Monaco Grand Prix,35.0,PIA,65.11
Monaco Grand Prix,36.0,VER,0.0
Monaco Grand Prix,36.0,GAS,29.321
Monaco Grand Prix,36.0,PER,112.526
Monaco Grand Prix,36.0,ALO,7.381
Monaco Grand Prix,36.0,LEC,27.149
Monaco Grand Prix,36.0,STR,87.736
Monaco Grand Prix,36.0,SAR,114.253
Monaco Grand Prix,36.0,MAG,87.11
Monaco Grand Prix,36.0,DEV,80.988
Monaco Grand Prix,36.0,TSU,53.526
Monaco Grand Prix,36.0,ALB,89.964
Monaco Grand Prix,36.0,ZHO,89.561
Monaco Grand Prix,36.0,HUL,88.832
Monaco Grand Prix,36.0,OCO,38.922
Monaco Grand Prix,36.0,NOR,58.46
Monaco Grand Prix,36.0,HAM,43.419
Monaco Grand Prix,36.0,SAI,41.865
Monaco Grand Prix,36.0,RUS,31.321
Monaco Grand Prix,36.0,BOT,81.887
Monaco Grand Prix,36.0,PIA,64.837
Monaco Grand Prix,37.0,VER,0.0
Monaco Grand Prix,37.0,GAS,29.26
Monaco Grand Prix,37.0,PER,111.959
Monaco Grand Prix,37.0,ALO,8.082
Monaco Grand Prix,37.0,LEC,27.237
Monaco Grand Prix,37.0,STR,89.223
Monaco Grand Prix,37.0,SAR,114.363
Monaco Grand Prix,37.0,MAG,88.686
Monaco Grand Prix,37.0,DEV,82.811
Monaco Grand Prix,37.0,TSU,54.245
Monaco Grand Prix,37.0,ALB,91.834
Monaco Grand Prix,37.0,ZHO,91.387
Monaco Grand Prix,37.0,HUL,90.568
Monaco Grand Prix,37.0,OCO,38.789
Monaco Grand Prix,37.0,NOR,59.49
Monaco Grand Prix,37.0,HAM,43.857
Monaco Grand Prix,37.0,SAI,42.157
Monaco Grand Prix,37.0,RUS,31.383
Monaco Grand Prix,37.0,BOT,83.726
Monaco Grand Prix,37.0,PIA,65.406
Monaco Grand Prix,38.0,VER,0.0
Monaco Grand Prix,38.0,GAS,29.694
Monaco Grand Prix,38.0,PER,111.19
Monaco Grand Prix,38.0,ALO,8.101
Monaco Grand Prix,38.0,LEC,27.598
Monaco Grand Prix,38.0,STR,90.525
Monaco Grand Prix,38.0,SAR,117.258
Monaco Grand Prix,38.0,MAG,90.062
Monaco Grand Prix,38.0,DEV,84.439
Monaco Grand Prix,38.0,TSU,55.318
Monaco Grand Prix,38.0,ALB,93.345
Monaco Grand Prix,38.0,ZHO,92.946
Monaco Grand Prix,38.0,HUL,92.048
Monaco Grand Prix,38.0,OCO,38.715
Monaco Grand Prix,38.0,NOR,60.582
Monaco Grand Prix,38.0,HAM,43.902
Monaco Grand Prix,38.0,SAI,41.821
Monaco Grand Prix,38.0,RUS,31.456
Monaco Grand Prix,38.0,BOT,86.674
Monaco Grand Prix,38.0,PIA,66.014
Monaco Grand Prix,39.0,VER,0.0
Monaco Grand Prix,39.0,GAS,29.83
Monaco Grand Prix,39.0,PER,110.669
Monaco Grand Prix,39.0,ALO,8.84
Monaco Grand Prix,39.0,LEC,27.845
Monaco Grand Prix,39.0,STR,92.057
Monaco Grand Prix,39.0,SAR,121.327
Monaco Grand Prix,39.0,MAG,91.73
Monaco Grand Prix,39.0,DEV,87.853
Monaco Grand Prix,39.0,TSU,56.69
Monaco Grand Prix,39.0,ALB,95.153
Monaco Grand Prix,39.0,ZHO,94.639
Monaco Grand Prix,39.0,HUL,93.639
Monaco Grand Prix,39.0,OCO,38.918
Monaco Grand Prix,39.0,NOR,61.767
Monaco Grand Prix,39.0,HAM,44.229
Monaco Grand Prix,39.0,SAI,42.03
Monaco Grand Prix,39.0,RUS,31.829
Monaco Grand Prix,39.0,BOT,88.584
Monaco Grand Prix,39.0,PIA,66.921
Monaco Grand Prix,40.0,VER,0.0
Monaco Grand Prix,40.0,GAS,29.89
Monaco Grand Prix,40.0,PER,110.263
Monaco Grand Prix,40.0,ALO,9.309
Monaco Grand Prix,40.0,LEC,27.921
Monaco Grand Prix,40.0,STR,93.394
Monaco Grand Prix,40.0,SAR,123.635
Monaco Grand Prix,40.0,MAG,93.077
Monaco Grand Prix,40.0,DEV,89.105
Monaco Grand Prix,40.0,TSU,57.857
Monaco Grand Prix,40.0,ALB,96.468
Monaco Grand Prix,40.0,ZHO,96.085
Monaco Grand Prix,40.0,HUL,95.17
Monaco Grand Prix,40.0,OCO,38.782
Monaco Grand Prix,40.0,NOR,63.135
Monaco Grand Prix,40.0,HAM,44.03
Monaco Grand Prix,40.0,SAI,41.892
Monaco Grand Prix,40.0,RUS,31.883
Monaco Grand Prix,40.0,BOT,90.391
Monaco Grand Prix,40.0,PIA,67.944
Monaco Grand Prix,41.0,VER,0.0
Monaco Grand Prix,41.0,GAS,30.6
Monaco Grand Prix,41.0,PER,111.278
Monaco Grand Prix,41.0,ALO,9.381
Monaco Grand Prix,41.0,LEC,29.305
Monaco Grand Prix,41.0,STR,95.024
Monaco Grand Prix,41.0,SAR,125.21
Monaco Grand Prix,41.0,MAG,94.484
Monaco Grand Prix,41.0,DEV,90.368
Monaco Grand Prix,41.0,TSU,58.987
Monaco Grand Prix,41.0,ALB,98.349
Monaco Grand Prix,41.0,ZHO,97.972
Monaco Grand Prix,41.0,HUL,96.832
Monaco Grand Prix,41.0,OCO,38.366
Monaco Grand Prix,41.0,NOR,64.6
Monaco Grand Prix,41.0,HAM,43.674
Monaco Grand Prix,41.0,SAI,41.599
Monaco Grand Prix,41.0,RUS,32.262
Monaco Grand Prix,41.0,BOT,92.153
Monaco Grand Prix,41.0,PIA,69.555
Monaco Grand Prix,42.0,VER,0.0
Monaco Grand Prix,42.0,GAS,32.359
Monaco Grand Prix,42.0,PER,111.938
Monaco Grand Prix,42.0,ALO,9.3
Monaco Grand Prix,42.0,LEC,30.306
Monaco Grand Prix,42.0,STR,96.956
Monaco Grand Prix,42.0,SAR,127.035
Monaco Grand Prix,42.0,MAG,96.314
Monaco Grand Prix,42.0,DEV,91.382
Monaco Grand Prix,42.0,TSU,60.376
Monaco Grand Prix,42.0,ALB,100.479
Monaco Grand Prix,42.0,ZHO,99.838
Monaco Grand Prix,42.0,HUL,98.87
Monaco Grand Prix,42.0,OCO,38.576
Monaco Grand Prix,42.0,NOR,65.949
Monaco Grand Prix,42.0,HAM,43.454
Monaco Grand Prix,42.0,SAI,41.266
Monaco Grand Prix,42.0,RUS,33.441
Monaco Grand Prix,42.0,BOT,93.788
Monaco Grand Prix,42.0,PIA,70.82
Monaco Grand Prix,43.0,VER,0.0
Monaco Grand Prix,43.0,GAS,33.095
Monaco Grand Prix,43.0,PER,112.822
Monaco Grand Prix,43.0,ALO,9.011
Monaco Grand Prix,43.0,LEC,31.794
Monaco Grand Prix,43.0,STR,98.891
Monaco Grand Prix,43.0,SAR,128.845
Monaco Grand Prix,43.0,MAG,97.873
Monaco Grand Prix,43.0,DEV,91.98
Monaco Grand Prix,43.0,TSU,61.459
Monaco Grand Prix,43.0,ALB,102.002
Monaco Grand Prix,43.0,ZHO,101.576
Monaco Grand Prix,43.0,HUL,100.898
Monaco Grand Prix,43.0,OCO,38.615
Monaco Grand Prix,43.0,NOR,67.031
Monaco Grand Prix,43.0,HAM,43.02
Monaco Grand Prix,43.0,SAI,40.752
Monaco Grand Prix,43.0,RUS,34.325
Monaco Grand Prix,43.0,BOT,95.51
Monaco Grand Prix,43.0,PIA,72.005
Monaco Grand Prix,44.0,VER,0.0
Monaco Grand Prix,44.0,GAS,34.415
Monaco Grand Prix,44.0,PER,113.716
Monaco Grand Prix,44.0,ALO,9.208
Monaco Grand Prix,44.0,LEC,50.514
Monaco Grand Prix,44.0,STR,100.702
Monaco Grand Prix,44.0,SAR,134.248
Monaco Grand Prix,44.0,MAG,99.598
Monaco Grand Prix,44.0,DEV,92.904
Monaco Grand Prix,44.0,TSU,62.737
Monaco Grand Prix,44.0,ALB,104.047
Monaco Grand Prix,44.0,ZHO,103.575
Monaco Grand Prix,44.0,HUL,102.643
Monaco Grand Prix,44.0,OCO,38.926
Monaco Grand Prix,44.0,NOR,68.3
Monaco Grand Prix,44.0,HAM,43.178
Monaco Grand Prix,44.0,SAI,41.79
Monaco Grand Prix,44.0,RUS,35.57
Monaco Grand Prix,44.0,BOT,97.394
Monaco Grand Prix,44.0,PIA,73.324
Monaco Grand Prix,45.0,VER,0.0
Monaco Grand Prix,45.0,GAS,34.553
Monaco Grand Prix,45.0,PER,114.143
Monaco Grand Prix,45.0,ALO,9.369
Monaco Grand Prix,45.0,LEC,53.376
Monaco Grand Prix,45.0,STR,102.375
Monaco Grand Prix,45.0,SAR,137.165
Monaco Grand Prix,45.0,MAG,101.817
Monaco Grand Prix,45.0,DEV,93.949
Monaco Grand Prix,45.0,TSU,63.915
Monaco Grand Prix,45.0,ALB,106.175
Monaco Grand Prix,45.0,ZHO,105.636
Monaco Grand Prix,45.0,HUL,104.693
Monaco Grand Prix,45.0,OCO,39.496
Monaco Grand Prix,45.0,NOR,69.461
Monaco Grand Prix,45.0,HAM,45.31
Monaco Grand Prix,45.0,SAI,42.235
Monaco Grand Prix,45.0,RUS,36.414
Monaco Grand Prix,45.0,BOT,98.895
Monaco Grand Prix,45.0,PIA,74.469
Monaco Grand Prix,46.0,VER,0.0
Monaco Grand Prix,46.0,GAS,34.475
Monaco Grand Prix,46.0,PER,114.115
Monaco Grand Prix,46.0,ALO,9.408
Monaco Grand Prix,46.0,LEC,52.074
Monaco Grand Prix,46.0,STR,104.023
Monaco Grand Prix,46.0,SAR,139.118
Monaco Grand Prix,46.0,MAG,103.126
Monaco Grand Prix,46.0,DEV,94.659
Monaco Grand Prix,46.0,TSU,64.796
Monaco Grand Prix,46.0,ALB,108.0
Monaco Grand Prix,46.0,ZHO,107.221
Monaco Grand Prix,46.0,HUL,106.226
Monaco Grand Prix,46.0,OCO,39.196
Monaco Grand Prix,46.0,NOR,70.23
Monaco Grand Prix,46.0,HAM,45.085
Monaco Grand Prix,46.0,SAI,42.38
Monaco Grand Prix,46.0,RUS,36.407
Monaco Grand Prix,46.0,BOT,99.973
Monaco Grand Prix,46.0,PIA,74.91
Monaco Grand Prix,47.0,VER,0.0
Monaco Grand Prix,47.0,GAS,50.582
Monaco Grand Prix,47.0,PER,113.814
Monaco Grand Prix,47.0,ALO,9.356
Monaco Grand Prix,47.0,LEC,51.272
Monaco Grand Prix,47.0,STR,105.896
Monaco Grand Prix,47.0,SAR,140.868
Monaco Grand Prix,47.0,MAG,104.651
Monaco Grand Prix,47.0,DEV,95.078
Monaco Grand Prix,47.0,TSU,65.805
Monaco Grand Prix,47.0,ALB,109.368
Monaco Grand Prix,47.0,ZHO,108.87
Monaco Grand Prix,47.0,HUL,107.923
Monaco Grand Prix,47.0,OCO,38.998
Monaco Grand Prix,47.0,NOR,71.304
Monaco Grand Prix,47.0,HAM,44.182
Monaco Grand Prix,47.0,SAI,41.952
Monaco Grand Prix,47.0,RUS,36.307
Monaco Grand Prix,47.0,BOT,101.156
Monaco Grand Prix,47.0,PIA,75.263
Monaco Grand Prix,48.0,VER,0.0
Monaco Grand Prix,48.0,GAS,53.401
Monaco Grand Prix,48.0,PER,113.729
Monaco Grand Prix,48.0,ALO,9.222
Monaco Grand Prix,48.0,LEC,51.178
Monaco Grand Prix,48.0,STR,107.404
Monaco Grand Prix,48.0,SAR,143.015
Monaco Grand Prix,48.0,MAG,106.331
Monaco Grand Prix,48.0,DEV,95.621
Monaco Grand Prix,48.0,TSU,66.838
Monaco Grand Prix,48.0,ALB,111.185
Monaco Grand Prix,48.0,ZHO,110.752
Monaco Grand Prix,48.0,HUL,109.647
Monaco Grand Prix,48.0,OCO,38.901
Monaco Grand Prix,48.0,NOR,72.536
Monaco Grand Prix,48.0,HAM,43.977
Monaco Grand Prix,48.0,SAI,41.448
Monaco Grand Prix,48.0,RUS,36.04
Monaco Grand Prix,48.0,BOT,102.242
Monaco Grand Prix,48.0,PIA,76.199
Monaco Grand Prix,49.0,VER,0.0
Monaco Grand Prix,49.0,GAS,51.804
Monaco Grand Prix,49.0,PER,114.825
Monaco Grand Prix,49.0,ALO,8.786
Monaco Grand Prix,49.0,LEC,50.033
Monaco Grand Prix,49.0,STR,108.394
Monaco Grand Prix,49.0,SAR,147.715
Monaco Grand Prix,49.0,MAG,107.757
Monaco Grand Prix,49.0,DEV,96.209
Monaco Grand Prix,49.0,TSU,67.73
Monaco Grand Prix,49.0,ALB,114.354
Monaco Grand Prix,49.0,ZHO,112.389
Monaco Grand Prix,49.0,HUL,111.255
Monaco Grand Prix,49.0,OCO,38.563
Monaco Grand Prix,49.0,NOR,73.26
Monaco Grand Prix,49.0,HAM,43.33
Monaco Grand Prix,49.0,SAI,41.034
Monaco Grand Prix,49.0,RUS,35.835
Monaco Grand Prix,49.0,BOT,103.197
Monaco Grand Prix,49.0,PIA,80.019
Monaco Grand Prix,50.0,VER,0.0
Monaco Grand Prix,50.0,GAS,50.445
Monaco Grand Prix,50.0,PER,122.367
Monaco Grand Prix,50.0,ALO,8.88
Monaco Grand Prix,50.0,LEC,48.675
Monaco Grand Prix,50.0,STR,111.298
Monaco Grand Prix,50.0,SAR,153.521
Monaco Grand Prix,50.0,MAG,110.744
Monaco Grand Prix,50.0,DEV,97.392
Monaco Grand Prix,50.0,TSU,69.056
Monaco Grand Prix,50.0,ALB,117.206
Monaco Grand Prix,50.0,ZHO,116.739
Monaco Grand Prix,50.0,HUL,114.179
Monaco Grand Prix,50.0,OCO,39.085
Monaco Grand Prix,50.0,NOR,91.92
Monaco Grand Prix,50.0,HAM,43.126
Monaco Grand Prix,50.0,SAI,40.637
Monaco Grand Prix,50.0,RUS,36.156
Monaco Grand Prix,50.0,BOT,105.587
Monaco Grand Prix,50.0,PIA,80.906
Monaco Grand Prix,51.0,VER,0.0
Monaco Grand Prix,51.0,GAS,49.729
Monaco Grand Prix,51.0,PER,130.585
Monaco Grand Prix,51.0,ALO,11.444
Monaco Grand Prix,51.0,LEC,48.265
Monaco Grand Prix,51.0,STR,138.372
Monaco Grand Prix,51.0,SAR,168.479
Monaco Grand Prix,51.0,MAG,118.912
Monaco Grand Prix,51.0,DEV,104.511
Monaco Grand Prix,51.0,TSU,75.433
Monaco Grand Prix,51.0,ALB,129.72
Monaco Grand Prix,51.0,ZHO,129.565
Monaco Grand Prix,51.0,HUL,125.044
Monaco Grand Prix,51.0,OCO,41.111
Monaco Grand Prix,51.0,NOR,102.199
Monaco Grand Prix,51.0,HAM,43.993
Monaco Grand Prix,51.0,SAI,42.223
Monaco Grand Prix,51.0,RUS,38.369
Monaco Grand Prix,51.0,BOT,137.746
Monaco Grand Prix,51.0,PIA,87.065
Monaco Grand Prix,52.0,VER,0.0
Monaco Grand Prix,52.0,GAS,48.032
Monaco Grand Prix,52.0,PER,144.739
Monaco Grand Prix,52.0,ALO,12.365
Monaco Grand Prix,52.0,LEC,47.462
Monaco Grand Prix,52.0,STR,146.515
Monaco Grand Prix,52.0,SAR,202.351
Monaco Grand Prix,52.0,MAG,125.562
Monaco Grand Prix,52.0,DEV,109.791
Monaco Grand Prix,52.0,TSU,83.655
Monaco Grand Prix,52.0,ALB,161.526
Monaco Grand Prix,52.0,ZHO,157.516
Monaco Grand Prix,52.0,HUL,132.147
Monaco Grand Prix,52.0,OCO,44.055
Monaco Grand Prix,52.0,NOR,106.828
Monaco Grand Prix,52.0,HAM,46.184
Monaco Grand Prix,52.0,SAI,44.378
Monaco Grand Prix,52.0,RUS,39.077
Monaco Grand Prix,52.0,BOT,145.854
Monaco Grand Prix,52.0,PIA,92.916
Monaco Grand Prix,53.0,VER,0.0
Monaco Grand Prix,53.0,GAS,53.894
Monaco Grand Prix,53.0,PER,170.364
Monaco Grand Prix,53.0,ALO,13.308
Monaco Grand Prix,53.0,LEC,50.802
Monaco Grand Prix,53.0,STR,152.917
Monaco Grand Prix,53.0,SAR,214.473
Monaco Grand Prix,53.0,MAG,134.598
Monaco Grand Prix,53.0,DEV,138.667
Monaco Grand Prix,53.0,TSU,119.423
Monaco Grand Prix,53.0,ALB,167.888
Monaco Grand Prix,53.0,ZHO,164.532
Monaco Grand Prix,53.0,HUL,143.109
Monaco Grand Prix,53.0,OCO,44.045
Monaco Grand Prix,53.0,NOR,109.071
Monaco Grand Prix,53.0,HAM,47.606
Monaco Grand Prix,53.0,SAI,44.527
Monaco Grand Prix,53.0,RUS,37.783
Monaco Grand Prix,53.0,BOT,148.655
Monaco Grand Prix,53.0,PIA,99.84
Monaco Grand Prix,54.0,VER,0.0
Monaco Grand Prix,54.0,GAS,76.045
Monaco Grand Prix,54.0,PER,173.75
Monaco Grand Prix,54.0,ALO,24.673000000000002
Monaco Grand Prix,54.0,LEC,47.581
Monaco Grand Prix,54.0,STR,203.971
Monaco Grand Prix,54.0,SAR,214.333
Monaco Grand Prix,54.0,MAG,146.428
Monaco Grand Prix,54.0,DEV,147.579
Monaco Grand Prix,54.0,TSU,121.487
Monaco Grand Prix,54.0,ALB,167.239
Monaco Grand Prix,54.0,ZHO,166.032
Monaco Grand Prix,54.0,HUL,183.806
Monaco Grand Prix,54.0,OCO,59.646
Monaco Grand Prix,54.0,NOR,142.128
Monaco Grand Prix,54.0,HAM,63.801
Monaco Grand Prix,54.0,SAI,42.896
Monaco Grand Prix,54.0,RUS,56.382
Monaco Grand Prix,54.0,BOT,148.456
Monaco Grand Prix,54.0,PIA,132.753
Monaco Grand Prix,55.0,VER,0.0
Monaco Grand Prix,55.0,GAS,48.698
Monaco Grand Prix,55.0,PER,143.629
Monaco Grand Prix,55.0,ALO,20.741
Monaco Grand Prix,55.0,LEC,46.26
Monaco Grand Prix,55.0,SAR,184.844
Monaco Grand Prix,55.0,MAG,142.916
Monaco Grand Prix,55.0,DEV,125.782
Monaco Grand Prix,55.0,TSU,92.754
Monaco Grand Prix,55.0,ALB,142.393
Monaco Grand Prix,55.0,ZHO,142.01
Monaco Grand Prix,55.0,HUL,157.459
Monaco Grand Prix,55.0,OCO,31.458
Monaco Grand Prix,55.0,NOR,114.941
Monaco Grand Prix,55.0,HAM,32.837
Monaco Grand Prix,55.0,SAI,51.71
Monaco Grand Prix,55.0,RUS,41.619
Monaco Grand Prix,55.0,BOT,121.516
Monaco Grand Prix,55.0,PIA,108.212
Monaco Grand Prix,56.0,VER,0.0
Monaco Grand Prix,56.0,GAS,44.045
Monaco Grand Prix,56.0,PER,142.553
Monaco Grand Prix,56.0,ALO,23.141
Monaco Grand Prix,56.0,LEC,43.137
Monaco Grand Prix,56.0,SAR,180.998
Monaco Grand Prix,56.0,MAG,228.887
Monaco Grand Prix,56.0,DEV,123.78
Monaco Grand Prix,56.0,TSU,89.102
Monaco Grand Prix,56.0,ALB,141.171
Monaco Grand Prix,56.0,ZHO,137.787
Monaco Grand Prix,56.0,HUL,155.118
Monaco Grand Prix,56.0,OCO,27.082
Monaco Grand Prix,56.0,NOR,109.194
Monaco Grand Prix,56.0,HAM,27.983
Monaco Grand Prix,56.0,SAI,47.899
Monaco Grand Prix,56.0,RUS,36.79
Monaco Grand Prix,56.0,BOT,115.413
Monaco Grand Prix,56.0,PIA,105.563
Monaco Grand Prix,57.0,VER,0.0
Monaco Grand Prix,57.0,GAS,44.077
Monaco Grand Prix,57.0,PER,164.928
Monaco Grand Prix,57.0,ALO,22.258
Monaco Grand Prix,57.0,LEC,43.046
Monaco Grand Prix,57.0,SAR,195.597
Monaco Grand Prix,57.0,MAG,233.441
Monaco Grand Prix,57.0,DEV,126.342
Monaco Grand Prix,57.0,TSU,88.583
Monaco Grand Prix,57.0,ALB,139.907
Monaco Grand Prix,57.0,ZHO,139.025
Monaco Grand Prix,57.0,HUL,154.252
Monaco Grand Prix,57.0,OCO,26.172
Monaco Grand Prix,57.0,NOR,106.151
Monaco Grand Prix,57.0,HAM,27.797
Monaco Grand Prix,57.0,SAI,45.627
Monaco Grand Prix,57.0,RUS,36.88
Monaco Grand Prix,57.0,BOT,112.351
Monaco Grand Prix,57.0,PIA,105.53
Monaco Grand Prix,58.0,VER,0.0
Monaco Grand Prix,58.0,GAS,44.507
Monaco Grand Prix,58.0,PER,168.109
Monaco Grand Prix,58.0,ALO,20.717
Monaco Grand Prix,58.0,LEC,43.711
Monaco Grand Prix,58.0,SAR,195.388
Monaco Grand Prix,58.0,MAG,277.281
Monaco Grand Prix,58.0,DEV,127.312
Monaco Grand Prix,58.0,TSU,91.673
Monaco Grand Prix,58.0,ALB,143.2
Monaco Grand Prix,58.0,ZHO,141.781
Monaco Grand Prix,58.0,HUL,153.632
Monaco Grand Prix,58.0,OCO,27.093
Monaco Grand Prix,58.0,NOR,105.473
Monaco Grand Prix,58.0,HAM,28.367
Monaco Grand Prix,58.0,SAI,46.281
Monaco Grand Prix,58.0,RUS,36.227
Monaco Grand Prix,58.0,BOT,112.495
Monaco Grand Prix,58.0,PIA,106.525
Monaco Grand Prix,59.0,VER,0.0
Monaco Grand Prix,59.0,GAS,44.193
Monaco Grand Prix,59.0,PER,164.913
Monaco Grand Prix,59.0,ALO,17.823
Monaco Grand Prix,59.0,LEC,42.225
Monaco Grand Prix,59.0,SAR,195.284
Monaco Grand Prix,59.0,MAG,277.245
Monaco Grand Prix,59.0,DEV,127.906
Monaco Grand Prix,59.0,TSU,90.49
Monaco Grand Prix,59.0,ALB,142.542
Monaco Grand Prix,59.0,ZHO,141.582
Monaco Grand Prix,59.0,HUL,169.304
Monaco Grand Prix,59.0,OCO,28.304
Monaco Grand Prix,59.0,NOR,102.898
Monaco Grand Prix,59.0,HAM,29.775
Monaco Grand Prix,59.0,SAI,45.31
Monaco Grand Prix,59.0,RUS,35.899
Monaco Grand Prix,59.0,BOT,111.326
Monaco Grand Prix,59.0,PIA,105.113
Monaco Grand Prix,60.0,VER,0.0
Monaco Grand Prix,60.0,GAS,45.576
Monaco Grand Prix,60.0,PER,164.455
Monaco Grand Prix,60.0,ALO,16.921
Monaco Grand Prix,60.0,LEC,43.537
Monaco Grand Prix,60.0,SAR,196.302
Monaco Grand Prix,60.0,MAG,276.264
Monaco Grand Prix,60.0,DEV,128.422
Monaco Grand Prix,60.0,TSU,92.543
Monaco Grand Prix,60.0,ALB,156.403
Monaco Grand Prix,60.0,ZHO,141.662
Monaco Grand Prix,60.0,HUL,170.546
Monaco Grand Prix,60.0,OCO,29.291
Monaco Grand Prix,60.0,NOR,103.147
Monaco Grand Prix,60.0,HAM,31.276
Monaco Grand Prix,60.0,SAI,46.811
Monaco Grand Prix,60.0,RUS,37.889
Monaco Grand Prix,60.0,BOT,111.712
Monaco Grand Prix,60.0,PIA,105.004
Monaco Grand Prix,61.0,VER,0.0
Monaco Grand Prix,61.0,GAS,47.042
Monaco Grand Prix,61.0,PER,164.878
Monaco Grand Prix,61.0,ALO,18.851
Monaco Grand Prix,61.0,LEC,45.002
Monaco Grand Prix,61.0,SAR,196.474
Monaco Grand Prix,61.0,MAG,276.686
Monaco Grand Prix,61.0,DEV,129.04
Monaco Grand Prix,61.0,TSU,93.98
Monaco Grand Prix,61.0,ALB,156.815
Monaco Grand Prix,61.0,ZHO,142.366
Monaco Grand Prix,61.0,HUL,169.314
Monaco Grand Prix,61.0,OCO,31.124
Monaco Grand Prix,61.0,NOR,101.895
Monaco Grand Prix,61.0,HAM,32.875
Monaco Grand Prix,61.0,SAI,48.647
Monaco Grand Prix,61.0,RUS,38.421
Monaco Grand Prix,61.0,BOT,111.011
Monaco Grand Prix,61.0,PIA,105.296
Monaco Grand Prix,62.0,VER,0.0
Monaco Grand Prix,62.0,GAS,48.634
Monaco Grand Prix,62.0,PER,165.237
Monaco Grand Prix,62.0,ALO,20.046
Monaco Grand Prix,62.0,LEC,46.874
Monaco Grand Prix,62.0,SAR,196.788
Monaco Grand Prix,62.0,MAG,277.203
Monaco Grand Prix,62.0,DEV,130.044
Monaco Grand Prix,62.0,TSU,95.548
Monaco Grand Prix,62.0,ALB,157.44
Monaco Grand Prix,62.0,ZHO,144.081
Monaco Grand Prix,62.0,HUL,168.333
Monaco Grand Prix,62.0,OCO,33.991
Monaco Grand Prix,62.0,NOR,101.516
Monaco Grand Prix,62.0,HAM,35.89
Monaco Grand Prix,62.0,SAI,50.155
Monaco Grand Prix,62.0,RUS,40.253
Monaco Grand Prix,62.0,BOT,111.316
Monaco Grand Prix,62.0,PIA,105.804
Monaco Grand Prix,63.0,VER,0.0
Monaco Grand Prix,63.0,GAS,49.304
Monaco Grand Prix,63.0,PER,165.032
Monaco Grand Prix,63.0,ALO,20.107
Monaco Grand Prix,63.0,LEC,47.66
Monaco Grand Prix,63.0,SAR,200.467
Monaco Grand Prix,63.0,MAG,277.609
Monaco Grand Prix,63.0,DEV,130.92
Monaco Grand Prix,63.0,TSU,95.87
Monaco Grand Prix,63.0,ALB,156.479
Monaco Grand Prix,63.0,ZHO,145.209
Monaco Grand Prix,63.0,HUL,166.696
Monaco Grand Prix,63.0,OCO,35.504
Monaco Grand Prix,63.0,NOR,100.417
Monaco Grand Prix,63.0,HAM,37.595
Monaco Grand Prix,63.0,SAI,50.444
Monaco Grand Prix,63.0,RUS,40.356
Monaco Grand Prix,63.0,BOT,110.943
Monaco Grand Prix,63.0,PIA,105.076
Monaco Grand Prix,64.0,VER,0.0
Monaco Grand Prix,64.0,GAS,50.314
Monaco Grand Prix,64.0,PER,163.78
Monaco Grand Prix,64.0,ALO,19.878
Monaco Grand Prix,64.0,LEC,48.519
Monaco Grand Prix,64.0,SAR,200.405
Monaco Grand Prix,64.0,MAG,279.24
Monaco Grand Prix,64.0,DEV,131.192
Monaco Grand Prix,64.0,TSU,100.61
Monaco Grand Prix,64.0,ALB,155.543
Monaco Grand Prix,64.0,ZHO,149.418
Monaco Grand Prix,64.0,HUL,165.96
Monaco Grand Prix,64.0,OCO,37.515
Monaco Grand Prix,64.0,NOR,100.803
Monaco Grand Prix,64.0,HAM,38.188
Monaco Grand Prix,64.0,SAI,51.386
Monaco Grand Prix,64.0,RUS,40.221
Monaco Grand Prix,64.0,BOT,110.038
Monaco Grand Prix,64.0,PIA,105.242
Monaco Grand Prix,65.0,VER,0.0
Monaco Grand Prix,65.0,GAS,51.323
Monaco Grand Prix,65.0,PER,164.295
Monaco Grand Prix,65.0,ALO,20.358
Monaco Grand Prix,65.0,LEC,49.84
Monaco Grand Prix,65.0,SAR,201.318
Monaco Grand Prix,65.0,MAG,282.783
Monaco Grand Prix,65.0,DEV,130.507
Monaco Grand Prix,65.0,TSU,101.947
Monaco Grand Prix,65.0,ALB,153.803
Monaco Grand Prix,65.0,ZHO,151.702
Monaco Grand Prix,65.0,HUL,165.447
Monaco Grand Prix,65.0,OCO,37.384
Monaco Grand Prix,65.0,NOR,102.461
Monaco Grand Prix,65.0,HAM,38.664
Monaco Grand Prix,65.0,SAI,52.064
Monaco Grand Prix,65.0,RUS,39.757
Monaco Grand Prix,65.0,BOT,109.318
Monaco Grand Prix,65.0,PIA,105.501
Monaco Grand Prix,66.0,VER,0.0
Monaco Grand Prix,66.0,GAS,53.54
Monaco Grand Prix,66.0,PER,166.711
Monaco Grand Prix,66.0,ALO,22.655
Monaco Grand Prix,66.0,LEC,50.855
Monaco Grand Prix,66.0,SAR,203.576
Monaco Grand Prix,66.0,MAG,286.526
Monaco Grand Prix,66.0,DEV,132.126
Monaco Grand Prix,66.0,TSU,105.339
Monaco Grand Prix,66.0,ALB,153.784
Monaco Grand Prix,66.0,ZHO,151.954
Monaco Grand Prix,66.0,HUL,167.713
Monaco Grand Prix,66.0,OCO,38.805
Monaco Grand Prix,66.0,NOR,105.407
Monaco Grand Prix,66.0,HAM,40.832
Monaco Grand Prix,66.0,SAI,54.267
Monaco Grand Prix,66.0,RUS,41.713
Monaco Grand Prix,66.0,BOT,110.331
Monaco Grand Prix,66.0,PIA,106.408
Monaco Grand Prix,67.0,VER,0.0
Monaco Grand Prix,67.0,GAS,55.231
Monaco Grand Prix,67.0,PER,169.747
Monaco Grand Prix,67.0,ALO,22.939
Monaco Grand Prix,67.0,LEC,52.449
Monaco Grand Prix,67.0,SAR,210.122
Monaco Grand Prix,67.0,MAG,293.693
Monaco Grand Prix,67.0,DEV,133.216
Monaco Grand Prix,67.0,TSU,110.041
Monaco Grand Prix,67.0,ALB,154.086
Monaco Grand Prix,67.0,ZHO,152.497
Monaco Grand Prix,67.0,HUL,170.448
Monaco Grand Prix,67.0,OCO,40.341
Monaco Grand Prix,67.0,NOR,104.903
Monaco Grand Prix,67.0,HAM,42.45
Monaco Grand Prix,67.0,SAI,56.345
Monaco Grand Prix,67.0,RUS,43.543
Monaco Grand Prix,67.0,BOT,112.487
Monaco Grand Prix,67.0,PIA,110.14
Monaco Grand Prix,68.0,VER,0.0
Monaco Grand Prix,68.0,GAS,54.89
Monaco Grand Prix,68.0,PER,172.385
Monaco Grand Prix,68.0,ALO,22.121
Monaco Grand Prix,68.0,LEC,52.693
Monaco Grand Prix,68.0,SAR,208.384
Monaco Grand Prix,68.0,MAG,303.959
Monaco Grand Prix,68.0,DEV,139.083
Monaco Grand Prix,68.0,TSU,153.394
Monaco Grand Prix,68.0,ALB,153.749
Monaco Grand Prix,68.0,ZHO,153.517
Monaco Grand Prix,68.0,HUL,173.444
Monaco Grand Prix,68.0,OCO,40.166
Monaco Grand Prix,68.0,NOR,102.281
Monaco Grand Prix,68.0,HAM,41.657
Monaco Grand Prix,68.0,SAI,56.008
Monaco Grand Prix,68.0,RUS,43.531
Monaco Grand Prix,68.0,BOT,112.866
Monaco Grand Prix,68.0,PIA,108.39
Monaco Grand Prix,69.0,VER,0.0
Monaco Grand Prix,69.0,GAS,59.38
Monaco Grand Prix,69.0,PER,176.486
Monaco Grand Prix,69.0,ALO,24.378
Monaco Grand Prix,69.0,LEC,56.173
Monaco Grand Prix,69.0,SAR,209.97
Monaco Grand Prix,69.0,MAG,311.759
Monaco Grand Prix,69.0,DEV,139.415
Monaco Grand Prix,69.0,TSU,162.227
Monaco Grand Prix,69.0,ALB,156.229
Monaco Grand Prix,69.0,ZHO,155.789
Monaco Grand Prix,69.0,HUL,177.134
Monaco Grand Prix,69.0,OCO,41.06
Monaco Grand Prix,69.0,NOR,100.8
Monaco Grand Prix,69.0,HAM,43.807
Monaco Grand Prix,69.0,SAI,59.795
Monaco Grand Prix,69.0,RUS,45.658
Monaco Grand Prix,69.0,BOT,112.025
Monaco Grand Prix,69.0,PIA,108.036
Monaco Grand Prix,70.0,VER,0.0
Monaco Grand Prix,70.0,GAS,59.234
Monaco Grand Prix,70.0,PER,203.308
Monaco Grand Prix,70.0,ALO,24.364
Monaco Grand Prix,70.0,LEC,57.238
Monaco Grand Prix,70.0,SAR,236.989
Monaco Grand Prix,70.0,MAG,322.368
Monaco Grand Prix,70.0,DEV,139.807
Monaco Grand Prix,70.0,TSU,164.906
Monaco Grand Prix,70.0,ALB,155.615
Monaco Grand Prix,70.0,ZHO,154.95
Monaco Grand Prix,70.0,HUL,186.837
Monaco Grand Prix,70.0,OCO,40.116
Monaco Grand Prix,70.0,NOR,98.068
Monaco Grand Prix,70.0,HAM,42.243
Monaco Grand Prix,70.0,SAI,60.681
Monaco Grand Prix,70.0,RUS,45.343
Monaco Grand Prix,70.0,BOT,113.276
Monaco Grand Prix,70.0,PIA,105.612
Monaco Grand Prix,71.0,VER,0.0
Monaco Grand Prix,71.0,GAS,58.969
Monaco Grand Prix,71.0,PER,209.689
Monaco Grand Prix,71.0,ALO,25.058
Monaco Grand Prix,71.0,LEC,57.073
Monaco Grand Prix,71.0,SAR,235.641
Monaco Grand Prix,71.0,MAG,329.013
Monaco Grand Prix,71.0,DEV,139.551
Monaco Grand Prix,71.0,TSU,166.3
Monaco Grand Prix,71.0,ALB,154.981
Monaco Grand Prix,71.0,ZHO,153.923
Monaco Grand Prix,71.0,HUL,190.218
Monaco Grand Prix,71.0,OCO,39.78
Monaco Grand Prix,71.0,NOR,96.078
Monaco Grand Prix,71.0,HAM,41.547
Monaco Grand Prix,71.0,SAI,60.238
Monaco Grand Prix,71.0,RUS,45.689
Monaco Grand Prix,71.0,BOT,114.88
Monaco Grand Prix,71.0,PIA,102.919
Monaco Grand Prix,72.0,VER,0.0
Monaco Grand Prix,72.0,GAS,58.483
Monaco Grand Prix,72.0,PER,208.824
Monaco Grand Prix,72.0,ALO,24.075
Monaco Grand Prix,72.0,LEC,55.348
Monaco Grand Prix,72.0,SAR,237.593
Monaco Grand Prix,72.0,DEV,139.234
Monaco Grand Prix,72.0,TSU,165.856
Monaco Grand Prix,72.0,ALB,153.796
Monaco Grand Prix,72.0,ZHO,151.485
Monaco Grand Prix,72.0,HUL,192.81
Monaco Grand Prix,72.0,OCO,38.919
Monaco Grand Prix,72.0,NOR,91.635
Monaco Grand Prix,72.0,HAM,40.56
Monaco Grand Prix,72.0,SAI,59.685
Monaco Grand Prix,72.0,RUS,45.299
Monaco Grand Prix,72.0,BOT,116.503
Monaco Grand Prix,72.0,PIA,100.533
Monaco Grand Prix,73.0,VER,0.0
Monaco Grand Prix,73.0,GAS,58.225
Monaco Grand Prix,73.0,PER,207.258
Monaco Grand Prix,73.0,ALO,26.035
Monaco Grand Prix,73.0,LEC,56.139
Monaco Grand Prix,73.0,SAR,236.344
Monaco Grand Prix,73.0,DEV,138.443
Monaco Grand Prix,73.0,TSU,165.608
Monaco Grand Prix,73.0,ALB,157.551
Monaco Grand Prix,73.0,ZHO,153.218
Monaco Grand Prix,73.0,HUL,197.535
Monaco Grand Prix,73.0,OCO,38.199
Monaco Grand Prix,73.0,NOR,89.016
Monaco Grand Prix,73.0,HAM,39.909
Monaco Grand Prix,73.0,SAI,59.139
Monaco Grand Prix,73.0,RUS,45.834
Monaco Grand Prix,73.0,BOT,115.347
Monaco Grand Prix,73.0,PIA,99.59
Monaco Grand Prix,74.0,VER,0.0
Monaco Grand Prix,74.0,GAS,59.217
Monaco Grand Prix,74.0,PER,206.098
Monaco Grand Prix,74.0,ALO,26.416
Monaco Grand Prix,74.0,LEC,57.123
Monaco Grand Prix,74.0,SAR,237.434
Monaco Grand Prix,74.0,DEV,138.057
Monaco Grand Prix,74.0,TSU,167.503
Monaco Grand Prix,74.0,ALB,158.928
Monaco Grand Prix,74.0,ZHO,154.403
Monaco Grand Prix,74.0,HUL,205.595
Monaco Grand Prix,74.0,OCO,38.047
Monaco Grand Prix,74.0,NOR,87.623
Monaco Grand Prix,74.0,HAM,39.349
Monaco Grand Prix,74.0,SAI,60.86
Monaco Grand Prix,74.0,RUS,46.757
Monaco Grand Prix,74.0,BOT,115.129
Monaco Grand Prix,74.0,PIA,98.911
Monaco Grand Prix,75.0,VER,0.0
Monaco Grand Prix,75.0,GAS,60.077
Monaco Grand Prix,75.0,PER,214.728
Monaco Grand Prix,75.0,ALO,26.598
Monaco Grand Prix,75.0,LEC,58.528
Monaco Grand Prix,75.0,SAR,239.884
Monaco Grand Prix,75.0,DEV,138.974
Monaco Grand Prix,75.0,TSU,169.317
Monaco Grand Prix,75.0,ALB,160.607
Monaco Grand Prix,75.0,ZHO,155.497
Monaco Grand Prix,75.0,HUL,214.223
Monaco Grand Prix,75.0,OCO,37.662
Monaco Grand Prix,75.0,NOR,87.383
Monaco Grand Prix,75.0,HAM,39.073
Monaco Grand Prix,75.0,SAI,61.73
Monaco Grand Prix,75.0,RUS,47.638
Monaco Grand Prix,75.0,BOT,116.164
Monaco Grand Prix,75.0,PIA,99.536
Monaco Grand Prix,76.0,VER,0.0
Monaco Grand Prix,76.0,GAS,60.838
Monaco Grand Prix,76.0,PER,219.685
Monaco Grand Prix,76.0,ALO,28.213
Monaco Grand Prix,76.0,LEC,59.647
Monaco Grand Prix,76.0,SAR,243.644
Monaco Grand Prix,76.0,DEV,139.94
Monaco Grand Prix,76.0,TSU,178.206
Monaco Grand Prix,76.0,ALB,162.055
Monaco Grand Prix,76.0,ZHO,155.898
Monaco Grand Prix,76.0,HUL,219.167
Monaco Grand Prix,76.0,OCO,37.18
Monaco Grand Prix,76.0,NOR,87.834
Monaco Grand Prix,76.0,HAM,38.408
Monaco Grand Prix,76.0,SAI,62.19
Monaco Grand Prix,76.0,RUS,47.758
Monaco Grand Prix,76.0,BOT,115.485
Monaco Grand Prix,76.0,PIA,99.835
Monaco Grand Prix,77.0,VER,0.0
Monaco Grand Prix,77.0,GAS,60.985
Monaco Grand Prix,77.0,ALO,27.454
Monaco Grand Prix,77.0,LEC,60.152
Monaco Grand Prix,77.0,DEV,142.518
Monaco Grand Prix,77.0,ALB,164.411
Monaco Grand Prix,77.0,ZHO,157.053
Monaco Grand Prix,77.0,OCO,37.96
Monaco Grand Prix,77.0,NOR,89.262
Monaco Grand Prix,77.0,HAM,39.158
Monaco Grand Prix,77.0,SAI,62.309
Monaco Grand Prix,77.0,RUS,49.276
Monaco Grand Prix,77.0,BOT,114.164
Monaco Grand Prix,77.0,PIA,99.16
Monaco Grand Prix,78.0,VER,0.0
Monaco Grand Prix,78.0,GAS,62.362
Monaco Grand Prix,78.0,ALO,27.921
Monaco Grand Prix,78.0,LEC,61.89
Monaco Grand Prix,78.0,OCO,36.99
Monaco Grand Prix,78.0,HAM,39.062
Monaco Grand Prix,78.0,SAI,63.391
Monaco Grand Prix,78.0,RUS,51.284
Spanish Grand Prix,1.0,VER,0.0
Spanish Grand Prix,1.0,HAM,2.441
Spanish Grand Prix,1.0,RUS,4.599
Spanish Grand Prix,1.0,PER,6.42
Spanish Grand Prix,1.0,SAI,1.079
Spanish Grand Prix,1.0,STR,1.804
Spanish Grand Prix,1.0,ALO,4.104
Spanish Grand Prix,1.0,OCO,3.194
Spanish Grand Prix,1.0,ZHO,5.547
Spanish Grand Prix,1.0,GAS,7.608
Spanish Grand Prix,1.0,LEC,11.855
Spanish Grand Prix,1.0,TSU,6.909
Spanish Grand Prix,1.0,PIA,6.14
Spanish Grand Prix,1.0,DEV,7.862
Spanish Grand Prix,1.0,HUL,5.198
Spanish Grand Prix,1.0,ALB,8.34
Spanish Grand Prix,1.0,NOR,7.493
Spanish Grand Prix,1.0,MAG,7.258
Spanish Grand Prix,1.0,BOT,8.725
Spanish Grand Prix,1.0,SAR,10.366
Spanish Grand Prix,2.0,VER,0.0
Spanish Grand Prix,2.0,HAM,3.717
Spanish Grand Prix,2.0,RUS,6.131
Spanish Grand Prix,2.0,PER,7.742
Spanish Grand Prix,2.0,SAI,1.529
Spanish Grand Prix,2.0,STR,2.3689999999999998
Spanish Grand Prix,2.0,ALO,5.494
Spanish Grand Prix,2.0,OCO,4.792
Spanish Grand Prix,2.0,ZHO,6.977
Spanish Grand Prix,2.0,GAS,10.08
Spanish Grand Prix,2.0,LEC,13.482
Spanish Grand Prix,2.0,TSU,8.966
Spanish Grand Prix,2.0,PIA,8.654
Spanish Grand Prix,2.0,DEV,10.528
Spanish Grand Prix,2.0,HUL,6.708
Spanish Grand Prix,2.0,ALB,10.994
Spanish Grand Prix,2.0,NOR,43.091
Spanish Grand Prix,2.0,MAG,9.581
Spanish Grand Prix,2.0,BOT,11.445
Spanish Grand Prix,2.0,SAR,12.39
Spanish Grand Prix,3.0,VER,0.0
Spanish Grand Prix,3.0,HAM,4.057
Spanish Grand Prix,3.0,RUS,7.269
Spanish Grand Prix,3.0,PER,9.196
Spanish Grand Prix,3.0,SAI,1.601
Spanish Grand Prix,3.0,STR,2.738
Spanish Grand Prix,3.0,ALO,6.569
Spanish Grand Prix,3.0,OCO,5.7379999999999995
Spanish Grand Prix,3.0,ZHO,8.475
Spanish Grand Prix,3.0,GAS,11.553
Spanish Grand Prix,3.0,LEC,14.452
Spanish Grand Prix,3.0,TSU,10.054
Spanish Grand Prix,3.0,PIA,10.559
Spanish Grand Prix,3.0,DEV,12.036
Spanish Grand Prix,3.0,HUL,8.101
Spanish Grand Prix,3.0,ALB,12.61
Spanish Grand Prix,3.0,NOR,42.664
Spanish Grand Prix,3.0,MAG,10.918
Spanish Grand Prix,3.0,BOT,12.979
Spanish Grand Prix,3.0,SAR,14.015
Spanish Grand Prix,4.0,VER,0.0
Spanish Grand Prix,4.0,HAM,4.673
Spanish Grand Prix,4.0,RUS,8.01
Spanish Grand Prix,4.0,PER,9.786
Spanish Grand Prix,4.0,SAI,2.07
Spanish Grand Prix,4.0,STR,3.388
Spanish Grand Prix,4.0,ALO,6.9399999999999995
Spanish Grand Prix,4.0,OCO,6.331
Spanish Grand Prix,4.0,ZHO,9.361
Spanish Grand Prix,4.0,GAS,13.091
Spanish Grand Prix,4.0,LEC,15.96
Spanish Grand Prix,4.0,TSU,10.738
Spanish Grand Prix,4.0,PIA,11.484
Spanish Grand Prix,4.0,DEV,13.407
Spanish Grand Prix,4.0,HUL,9.118
Spanish Grand Prix,4.0,ALB,14.104
Spanish Grand Prix,4.0,NOR,42.369
Spanish Grand Prix,4.0,MAG,12.669
Spanish Grand Prix,4.0,BOT,14.873
Spanish Grand Prix,4.0,SAR,17.158
Spanish Grand Prix,5.0,VER,0.0
Spanish Grand Prix,5.0,HAM,5.145
Spanish Grand Prix,5.0,RUS,8.702
Spanish Grand Prix,5.0,PER,11.327
Spanish Grand Prix,5.0,SAI,2.722
Spanish Grand Prix,5.0,STR,3.959
Spanish Grand Prix,5.0,ALO,7.946
Spanish Grand Prix,5.0,OCO,6.84
Spanish Grand Prix,5.0,ZHO,9.475
Spanish Grand Prix,5.0,GAS,14.261
Spanish Grand Prix,5.0,LEC,17.308
Spanish Grand Prix,5.0,TSU,12.102
Spanish Grand Prix,5.0,PIA,12.747
Spanish Grand Prix,5.0,DEV,14.724
Spanish Grand Prix,5.0,HUL,10.807
Spanish Grand Prix,5.0,ALB,15.666
Spanish Grand Prix,5.0,NOR,42.327
Spanish Grand Prix,5.0,MAG,13.68
Spanish Grand Prix,5.0,BOT,20.139
Spanish Grand Prix,5.0,SAR,18.886
Spanish Grand Prix,6.0,VER,0.0
Spanish Grand Prix,6.0,HAM,5.448
Spanish Grand Prix,6.0,RUS,9.63
Spanish Grand Prix,6.0,PER,11.833
Spanish Grand Prix,6.0,SAI,3.104
Spanish Grand Prix,6.0,STR,4.59
Spanish Grand Prix,6.0,ALO,9.175
Spanish Grand Prix,6.0,OCO,7.752
Spanish Grand Prix,6.0,ZHO,10.587
Spanish Grand Prix,6.0,GAS,15.291
Spanish Grand Prix,6.0,LEC,17.733
Spanish Grand Prix,6.0,TSU,13.542
Spanish Grand Prix,6.0,PIA,14.041
Spanish Grand Prix,6.0,DEV,15.894
Spanish Grand Prix,6.0,HUL,13.143
Spanish Grand Prix,6.0,ALB,17.16
Spanish Grand Prix,6.0,NOR,42.947
Spanish Grand Prix,6.0,MAG,14.871
Spanish Grand Prix,6.0,BOT,40.617
Spanish Grand Prix,6.0,SAR,20.149
Spanish Grand Prix,7.0,VER,0.0
Spanish Grand Prix,7.0,HAM,5.46
Spanish Grand Prix,7.0,RUS,9.67
Spanish Grand Prix,7.0,PER,12.602
Spanish Grand Prix,7.0,SAI,3.2720000000000002
Spanish Grand Prix,7.0,STR,4.997
Spanish Grand Prix,7.0,ALO,10.786
Spanish Grand Prix,7.0,OCO,8.239
Spanish Grand Prix,7.0,ZHO,11.605
Spanish Grand Prix,7.0,GAS,17.035
Spanish Grand Prix,7.0,LEC,18.66
Spanish Grand Prix,7.0,TSU,14.334
Spanish Grand Prix,7.0,PIA,15.811
Spanish Grand Prix,7.0,DEV,17.583
Spanish Grand Prix,7.0,HUL,15.442
Spanish Grand Prix,7.0,ALB,19.866
Spanish Grand Prix,7.0,NOR,43.289
Spanish Grand Prix,7.0,MAG,16.749
Spanish Grand Prix,7.0,BOT,40.329
Spanish Grand Prix,7.0,SAR,21.902
Spanish Grand Prix,8.0,VER,0.0
Spanish Grand Prix,8.0,HAM,6.044
Spanish Grand Prix,8.0,RUS,10.935
Spanish Grand Prix,8.0,PER,13.81
Spanish Grand Prix,8.0,SAI,4.208
Spanish Grand Prix,8.0,STR,7.485
Spanish Grand Prix,8.0,ALO,12.668
Spanish Grand Prix,8.0,OCO,9.742
Spanish Grand Prix,8.0,ZHO,13.416
Spanish Grand Prix,8.0,GAS,19.72
Spanish Grand Prix,8.0,LEC,20.948
Spanish Grand Prix,8.0,TSU,15.625
Spanish Grand Prix,8.0,PIA,17.747
Spanish Grand Prix,8.0,DEV,20.178
Spanish Grand Prix,8.0,HUL,22.482
Spanish Grand Prix,8.0,ALB,22.358
Spanish Grand Prix,8.0,NOR,44.202
Spanish Grand Prix,8.0,MAG,19.341
Spanish Grand Prix,8.0,BOT,40.39
Spanish Grand Prix,8.0,SAR,24.168
Spanish Grand Prix,9.0,VER,0.0
Spanish Grand Prix,9.0,HAM,6.574
Spanish Grand Prix,9.0,RUS,11.685
Spanish Grand Prix,9.0,PER,14.538
Spanish Grand Prix,9.0,SAI,4.66
Spanish Grand Prix,9.0,STR,8.563
Spanish Grand Prix,9.0,ALO,13.736
Spanish Grand Prix,9.0,OCO,10.838
Spanish Grand Prix,9.0,ZHO,19.297
Spanish Grand Prix,9.0,GAS,21.001
Spanish Grand Prix,9.0,LEC,22.405
Spanish Grand Prix,9.0,TSU,16.794
Spanish Grand Prix,9.0,PIA,19.155
Spanish Grand Prix,9.0,DEV,25.172
Spanish Grand Prix,9.0,HUL,40.928
Spanish Grand Prix,9.0,ALB,24.519
Spanish Grand Prix,9.0,NOR,45.09
Spanish Grand Prix,9.0,MAG,20.589
Spanish Grand Prix,9.0,BOT,40.593
Spanish Grand Prix,9.0,SAR,26.203
Spanish Grand Prix,10.0,VER,0.0
Spanish Grand Prix,10.0,HAM,6.95
Spanish Grand Prix,10.0,RUS,12.606
Spanish Grand Prix,10.0,PER,15.47
Spanish Grand Prix,10.0,SAI,5.259
Spanish Grand Prix,10.0,STR,9.492
Spanish Grand Prix,10.0,ALO,14.742
Spanish Grand Prix,10.0,OCO,11.979
Spanish Grand Prix,10.0,ZHO,40.078
Spanish Grand Prix,10.0,GAS,22.077
Spanish Grand Prix,10.0,LEC,23.899
Spanish Grand Prix,10.0,TSU,21.418
Spanish Grand Prix,10.0,PIA,20.229
Spanish Grand Prix,10.0,DEV,45.281
Spanish Grand Prix,10.0,HUL,40.695
Spanish Grand Prix,10.0,ALB,26.692
Spanish Grand Prix,10.0,NOR,46.892
Spanish Grand Prix,10.0,MAG,26.907
Spanish Grand Prix,10.0,BOT,42.892
Spanish Grand Prix,10.0,SAR,28.464
Spanish Grand Prix,11.0,VER,0.0
Spanish Grand Prix,11.0,HAM,7.076
Spanish Grand Prix,11.0,RUS,12.833
Spanish Grand Prix,11.0,PER,16.566
Spanish Grand Prix,11.0,SAI,5.469
Spanish Grand Prix,11.0,STR,10.343
Spanish Grand Prix,11.0,ALO,15.797
Spanish Grand Prix,11.0,OCO,14.222
Spanish Grand Prix,11.0,ZHO,40.732
Spanish Grand Prix,11.0,GAS,22.617
Spanish Grand Prix,11.0,LEC,24.219
Spanish Grand Prix,11.0,TSU,41.404
Spanish Grand Prix,11.0,PIA,20.734
Spanish Grand Prix,11.0,DEV,45.466
Spanish Grand Prix,11.0,HUL,39.702
Spanish Grand Prix,11.0,ALB,28.446
Spanish Grand Prix,11.0,NOR,48.328
Spanish Grand Prix,11.0,MAG,45.897
Spanish Grand Prix,11.0,BOT,43.932
Spanish Grand Prix,11.0,SAR,30.394
Spanish Grand Prix,12.0,VER,0.0
Spanish Grand Prix,12.0,HAM,7.138
Spanish Grand Prix,12.0,RUS,13.655
Spanish Grand Prix,12.0,PER,17.721
Spanish Grand Prix,12.0,SAI,5.878
Spanish Grand Prix,12.0,STR,11.211
Spanish Grand Prix,12.0,ALO,16.646
Spanish Grand Prix,12.0,OCO,15.475999999999999
Spanish Grand Prix,12.0,ZHO,40.245
Spanish Grand Prix,12.0,GAS,23.233
Spanish Grand Prix,12.0,LEC,25.281
Spanish Grand Prix,12.0,TSU,41.205
Spanish Grand Prix,12.0,PIA,21.289
Spanish Grand Prix,12.0,DEV,46.381
Spanish Grand Prix,12.0,HUL,39.374
Spanish Grand Prix,12.0,ALB,30.193
Spanish Grand Prix,12.0,NOR,49.527
Spanish Grand Prix,12.0,MAG,45.631
Spanish Grand Prix,12.0,BOT,44.68
Spanish Grand Prix,12.0,SAR,32.112
Spanish Grand Prix,13.0,VER,0.0
Spanish Grand Prix,13.0,HAM,7.5120000000000005
Spanish Grand Prix,13.0,RUS,14.349
Spanish Grand Prix,13.0,PER,19.135
Spanish Grand Prix,13.0,SAI,6.415
Spanish Grand Prix,13.0,STR,12.397
Spanish Grand Prix,13.0,ALO,17.793
Spanish Grand Prix,13.0,OCO,20.77
Spanish Grand Prix,13.0,ZHO,40.015
Spanish Grand Prix,13.0,GAS,24.373
Spanish Grand Prix,13.0,LEC,26.9
Spanish Grand Prix,13.0,TSU,40.794
Spanish Grand Prix,13.0,PIA,22.609
Spanish Grand Prix,13.0,DEV,46.756
Spanish Grand Prix,13.0,HUL,39.552
Spanish Grand Prix,13.0,ALB,32.096
Spanish Grand Prix,13.0,NOR,51.093
Spanish Grand Prix,13.0,MAG,45.957
Spanish Grand Prix,13.0,BOT,45.307
Spanish Grand Prix,13.0,SAR,33.902
Spanish Grand Prix,14.0,VER,0.0
Spanish Grand Prix,14.0,HAM,7.9190000000000005
Spanish Grand Prix,14.0,RUS,14.826
Spanish Grand Prix,14.0,PER,20.086
Spanish Grand Prix,14.0,SAI,7.091
Spanish Grand Prix,14.0,STR,17.713
Spanish Grand Prix,14.0,ALO,18.291
Spanish Grand Prix,14.0,OCO,39.32
Spanish Grand Prix,14.0,ZHO,42.16
Spanish Grand Prix,14.0,GAS,25.302
Spanish Grand Prix,14.0,LEC,28.254
Spanish Grand Prix,14.0,TSU,41.577
Spanish Grand Prix,14.0,PIA,23.521
Spanish Grand Prix,14.0,DEV,47.741
Spanish Grand Prix,14.0,HUL,41.293
Spanish Grand Prix,14.0,ALB,33.855
Spanish Grand Prix,14.0,NOR,51.808
Spanish Grand Prix,14.0,MAG,46.285
Spanish Grand Prix,14.0,BOT,47.29
Spanish Grand Prix,14.0,SAR,35.712
Spanish Grand Prix,15.0,VER,0.0
Spanish Grand Prix,15.0,HAM,8.502
Spanish Grand Prix,15.0,RUS,15.221
Spanish Grand Prix,15.0,PER,21.131
Spanish Grand Prix,15.0,SAI,11.79
Spanish Grand Prix,15.0,STR,37.171
Spanish Grand Prix,15.0,ALO,19.178
Spanish Grand Prix,15.0,OCO,39.561
Spanish Grand Prix,15.0,ZHO,43.063
Spanish Grand Prix,15.0,GAS,26.38
Spanish Grand Prix,15.0,LEC,29.517
Spanish Grand Prix,15.0,TSU,41.456
Spanish Grand Prix,15.0,PIA,24.608
Spanish Grand Prix,15.0,DEV,48.235
Spanish Grand Prix,15.0,HUL,42.688
Spanish Grand Prix,15.0,ALB,35.762
Spanish Grand Prix,15.0,NOR,52.885
Spanish Grand Prix,15.0,MAG,47.072
Spanish Grand Prix,15.0,BOT,49.942
Spanish Grand Prix,15.0,SAR,38.428
Spanish Grand Prix,16.0,VER,0.0
Spanish Grand Prix,16.0,HAM,8.049
Spanish Grand Prix,16.0,RUS,15.681000000000001
Spanish Grand Prix,16.0,PER,21.978
Spanish Grand Prix,16.0,SAI,30.683
Spanish Grand Prix,16.0,STR,37.892
Spanish Grand Prix,16.0,ALO,20.142
Spanish Grand Prix,16.0,OCO,40.24
Spanish Grand Prix,16.0,ZHO,43.783
Spanish Grand Prix,16.0,GAS,27.737
Spanish Grand Prix,16.0,LEC,35.608
Spanish Grand Prix,16.0,TSU,41.647
Spanish Grand Prix,16.0,PIA,26.137
Spanish Grand Prix,16.0,DEV,49.071
Spanish Grand Prix,16.0,HUL,45.741
Spanish Grand Prix,16.0,ALB,42.339
Spanish Grand Prix,16.0,NOR,54.481
Spanish Grand Prix,16.0,MAG,48.005
Spanish Grand Prix,16.0,BOT,51.678
Spanish Grand Prix,16.0,SAR,41.155
Spanish Grand Prix,17.0,VER,0.0
Spanish Grand Prix,17.0,HAM,7.958
Spanish Grand Prix,17.0,RUS,15.84
Spanish Grand Prix,17.0,PER,22.749
Spanish Grand Prix,17.0,SAI,30.504
Spanish Grand Prix,17.0,STR,37.831
Spanish Grand Prix,17.0,ALO,20.991
Spanish Grand Prix,17.0,OCO,40.452
Spanish Grand Prix,17.0,ZHO,44.254
Spanish Grand Prix,17.0,GAS,28.947
Spanish Grand Prix,17.0,LEC,55.128
Spanish Grand Prix,17.0,TSU,42.301
Spanish Grand Prix,17.0,PIA,30.697
Spanish Grand Prix,17.0,DEV,49.535
Spanish Grand Prix,17.0,HUL,46.864
Spanish Grand Prix,17.0,ALB,64.249
Spanish Grand Prix,17.0,NOR,56.673
Spanish Grand Prix,17.0,MAG,48.864
Spanish Grand Prix,17.0,BOT,53.123
Spanish Grand Prix,17.0,SAR,47.669
Spanish Grand Prix,18.0,VER,0.0
Spanish Grand Prix,18.0,HAM,7.872
Spanish Grand Prix,18.0,RUS,16.103
Spanish Grand Prix,18.0,PER,23.315
Spanish Grand Prix,18.0,SAI,30.227
Spanish Grand Prix,18.0,STR,37.965
Spanish Grand Prix,18.0,ALO,21.88
Spanish Grand Prix,18.0,OCO,40.57
Spanish Grand Prix,18.0,ZHO,44.564
Spanish Grand Prix,18.0,GAS,29.888
Spanish Grand Prix,18.0,LEC,55.81
Spanish Grand Prix,18.0,TSU,42.266
Spanish Grand Prix,18.0,PIA,50.762
Spanish Grand Prix,18.0,DEV,50.498
Spanish Grand Prix,18.0,HUL,47.941
Spanish Grand Prix,18.0,ALB,64.745
Spanish Grand Prix,18.0,NOR,58.109
Spanish Grand Prix,18.0,MAG,49.637
Spanish Grand Prix,18.0,BOT,54.284
Spanish Grand Prix,18.0,SAR,68.878
Spanish Grand Prix,19.0,VER,0.0
Spanish Grand Prix,19.0,HAM,8.128
Spanish Grand Prix,19.0,RUS,16.777
Spanish Grand Prix,19.0,PER,24.375
Spanish Grand Prix,19.0,SAI,29.991
Spanish Grand Prix,19.0,STR,38.227
Spanish Grand Prix,19.0,ALO,26.78
Spanish Grand Prix,19.0,OCO,40.897
Spanish Grand Prix,19.0,ZHO,44.986
Spanish Grand Prix,19.0,GAS,36.007
Spanish Grand Prix,19.0,LEC,56.295
Spanish Grand Prix,19.0,TSU,42.42
Spanish Grand Prix,19.0,PIA,50.479
Spanish Grand Prix,19.0,DEV,52.001
Spanish Grand Prix,19.0,HUL,49.037
Spanish Grand Prix,19.0,ALB,65.27
Spanish Grand Prix,19.0,NOR,59.787
Spanish Grand Prix,19.0,MAG,51.288
Spanish Grand Prix,19.0,BOT,55.794
Spanish Grand Prix,19.0,SAR,69.268
Spanish Grand Prix,20.0,VER,0.0
Spanish Grand Prix,20.0,HAM,8.667
Spanish Grand Prix,20.0,RUS,17.312
Spanish Grand Prix,20.0,PER,24.934
Spanish Grand Prix,20.0,SAI,30.252
Spanish Grand Prix,20.0,STR,38.735
Spanish Grand Prix,20.0,ALO,45.809
Spanish Grand Prix,20.0,OCO,41.532
Spanish Grand Prix,20.0,ZHO,45.477
Spanish Grand Prix,20.0,GAS,56.761
Spanish Grand Prix,20.0,LEC,56.373
Spanish Grand Prix,20.0,TSU,42.694
Spanish Grand Prix,20.0,PIA,50.606
Spanish Grand Prix,20.0,DEV,53.23
Spanish Grand Prix,20.0,HUL,50.315
Spanish Grand Prix,20.0,ALB,66.179
Spanish Grand Prix,20.0,NOR,61.227
Spanish Grand Prix,20.0,MAG,52.81
Spanish Grand Prix,20.0,BOT,59.255
Spanish Grand Prix,20.0,SAR,69.895
Spanish Grand Prix,21.0,VER,0.0
Spanish Grand Prix,21.0,HAM,9.261
Spanish Grand Prix,21.0,RUS,17.982
Spanish Grand Prix,21.0,PER,25.103
Spanish Grand Prix,21.0,SAI,30.329
Spanish Grand Prix,21.0,STR,39.105
Spanish Grand Prix,21.0,ALO,46.097
Spanish Grand Prix,21.0,OCO,42.091
Spanish Grand Prix,21.0,ZHO,47.009
Spanish Grand Prix,21.0,GAS,56.111
Spanish Grand Prix,21.0,LEC,57.611
Spanish Grand Prix,21.0,TSU,43.198
Spanish Grand Prix,21.0,PIA,50.899
Spanish Grand Prix,21.0,DEV,54.785
Spanish Grand Prix,21.0,HUL,52.192
Spanish Grand Prix,21.0,ALB,67.073
Spanish Grand Prix,21.0,NOR,62.729
Spanish Grand Prix,21.0,MAG,54.385
Spanish Grand Prix,21.0,BOT,60.895
Spanish Grand Prix,21.0,SAR,70.484
Spanish Grand Prix,22.0,VER,0.0
Spanish Grand Prix,22.0,HAM,9.954
Spanish Grand Prix,22.0,RUS,18.837
Spanish Grand Prix,22.0,PER,25.549
Spanish Grand Prix,22.0,SAI,30.732
Spanish Grand Prix,22.0,STR,39.742
Spanish Grand Prix,22.0,ALO,47.182
Spanish Grand Prix,22.0,OCO,42.461
Spanish Grand Prix,22.0,ZHO,48.367
Spanish Grand Prix,22.0,GAS,56.936
Spanish Grand Prix,22.0,LEC,58.593
Spanish Grand Prix,22.0,TSU,43.797
Spanish Grand Prix,22.0,PIA,51.742
Spanish Grand Prix,22.0,DEV,56.572
Spanish Grand Prix,22.0,HUL,53.314
Spanish Grand Prix,22.0,ALB,68.399
Spanish Grand Prix,22.0,NOR,68.194
Spanish Grand Prix,22.0,MAG,56.147
Spanish Grand Prix,22.0,BOT,62.833
Spanish Grand Prix,22.0,SAR,71.251
Spanish Grand Prix,23.0,VER,0.0
Spanish Grand Prix,23.0,HAM,10.642
Spanish Grand Prix,23.0,RUS,19.533
Spanish Grand Prix,23.0,PER,26.141
Spanish Grand Prix,23.0,SAI,31.113
Spanish Grand Prix,23.0,STR,40.041
Spanish Grand Prix,23.0,ALO,48.071
Spanish Grand Prix,23.0,OCO,42.902
Spanish Grand Prix,23.0,ZHO,49.762
Spanish Grand Prix,23.0,GAS,58.137
Spanish Grand Prix,23.0,LEC,59.396
Spanish Grand Prix,23.0,TSU,44.109
Spanish Grand Prix,23.0,PIA,52.382
Spanish Grand Prix,23.0,DEV,58.9
Spanish Grand Prix,23.0,HUL,54.345
Spanish Grand Prix,23.0,ALB,69.395
Spanish Grand Prix,23.0,NOR,88.532
Spanish Grand Prix,23.0,MAG,57.896
Spanish Grand Prix,23.0,BOT,64.408
Spanish Grand Prix,23.0,SAR,71.825
Spanish Grand Prix,24.0,VER,0.0
Spanish Grand Prix,24.0,HAM,15.368
Spanish Grand Prix,24.0,RUS,20.637
Spanish Grand Prix,24.0,PER,27.023
Spanish Grand Prix,24.0,SAI,31.644
Spanish Grand Prix,24.0,STR,40.535
Spanish Grand Prix,24.0,ALO,48.938
Spanish Grand Prix,24.0,OCO,43.592
Spanish Grand Prix,24.0,ZHO,51.215
Spanish Grand Prix,24.0,GAS,57.838
Spanish Grand Prix,24.0,LEC,61.038
Spanish Grand Prix,24.0,TSU,44.763
Spanish Grand Prix,24.0,PIA,53.409
Spanish Grand Prix,24.0,DEV,60.385
Spanish Grand Prix,24.0,HUL,55.729
Spanish Grand Prix,24.0,ALB,70.57
Spanish Grand Prix,24.0,NOR,88.291
Spanish Grand Prix,24.0,MAG,63.881
Spanish Grand Prix,24.0,BOT,66.021
Spanish Grand Prix,24.0,SAR,72.873
Spanish Grand Prix,25.0,VER,0.0
Spanish Grand Prix,25.0,HAM,34.708
Spanish Grand Prix,25.0,RUS,25.296
Spanish Grand Prix,25.0,PER,28.112
Spanish Grand Prix,25.0,SAI,32.364
Spanish Grand Prix,25.0,STR,41.293
Spanish Grand Prix,25.0,ALO,49.285
Spanish Grand Prix,25.0,OCO,44.153
Spanish Grand Prix,25.0,ZHO,52.356
Spanish Grand Prix,25.0,GAS,57.733
Spanish Grand Prix,25.0,LEC,61.479
Spanish Grand Prix,25.0,TSU,45.433
Spanish Grand Prix,25.0,PIA,54.206
Spanish Grand Prix,25.0,DEV,60.932
Spanish Grand Prix,25.0,HUL,56.9
Spanish Grand Prix,25.0,ALB,71.711
Spanish Grand Prix,25.0,NOR,88.374
Spanish Grand Prix,25.0,MAG,85.643
Spanish Grand Prix,25.0,BOT,67.267
Spanish Grand Prix,25.0,SAR,73.933
Spanish Grand Prix,26.0,VER,0.0
Spanish Grand Prix,26.0,HAM,30.494
Spanish Grand Prix,26.0,RUS,39.854
Spanish Grand Prix,26.0,PER,25.513
Spanish Grand Prix,26.0,SAI,28.836
Spanish Grand Prix,26.0,STR,37.983
Spanish Grand Prix,26.0,ALO,45.809
Spanish Grand Prix,26.0,OCO,41.721
Spanish Grand Prix,26.0,ZHO,49.408
Spanish Grand Prix,26.0,GAS,54.363
Spanish Grand Prix,26.0,LEC,57.714
Spanish Grand Prix,26.0,TSU,42.589
Spanish Grand Prix,26.0,PIA,51.191
Spanish Grand Prix,26.0,DEV,59.079
Spanish Grand Prix,26.0,HUL,57.807
Spanish Grand Prix,26.0,ALB,68.888
Spanish Grand Prix,26.0,NOR,84.506
Spanish Grand Prix,26.0,MAG,81.212
Spanish Grand Prix,26.0,BOT,64.629
Spanish Grand Prix,26.0,SAR,71.094
Spanish Grand Prix,27.0,VER,0.0
Spanish Grand Prix,27.0,HAM,11.253
Spanish Grand Prix,27.0,RUS,20.305
Spanish Grand Prix,27.0,PER,12.263
Spanish Grand Prix,27.0,SAI,10.742
Spanish Grand Prix,27.0,STR,20.011
Spanish Grand Prix,27.0,ALO,27.7
Spanish Grand Prix,27.0,OCO,23.684
Spanish Grand Prix,27.0,ZHO,31.531
Spanish Grand Prix,27.0,GAS,35.413
Spanish Grand Prix,27.0,LEC,39.559
Spanish Grand Prix,27.0,TSU,24.633
Spanish Grand Prix,27.0,PIA,33.382
Spanish Grand Prix,27.0,DEV,41.463
Spanish Grand Prix,27.0,HUL,59.223
Spanish Grand Prix,27.0,ALB,51.223
Spanish Grand Prix,27.0,NOR,65.959
Spanish Grand Prix,27.0,MAG,61.794
Spanish Grand Prix,27.0,BOT,47.352
Spanish Grand Prix,27.0,SAR,53.429
Spanish Grand Prix,28.0,VER,0.0
Spanish Grand Prix,28.0,HAM,11.707
Spanish Grand Prix,28.0,RUS,19.862
Spanish Grand Prix,28.0,PER,31.76
Spanish Grand Prix,28.0,SAI,13.485
Spanish Grand Prix,28.0,STR,22.504
Spanish Grand Prix,28.0,ALO,29.397
Spanish Grand Prix,28.0,OCO,25.295
Spanish Grand Prix,28.0,ZHO,33.77
Spanish Grand Prix,28.0,GAS,36.702
Spanish Grand Prix,28.0,LEC,41.347
Spanish Grand Prix,28.0,TSU,26.236
Spanish Grand Prix,28.0,PIA,35.342
Spanish Grand Prix,28.0,DEV,43.604
Spanish Grand Prix,28.0,HUL,59.475
Spanish Grand Prix,28.0,ALB,53.549
Spanish Grand Prix,28.0,NOR,67.343
Spanish Grand Prix,28.0,MAG,62.351
Spanish Grand Prix,28.0,BOT,49.898
Spanish Grand Prix,28.0,SAR,55.556
Spanish Grand Prix,29.0,VER,0.0
Spanish Grand Prix,29.0,HAM,12.647
Spanish Grand Prix,29.0,RUS,20.201
Spanish Grand Prix,29.0,PER,31.545
Spanish Grand Prix,29.0,SAI,15.312
Spanish Grand Prix,29.0,STR,24.219
Spanish Grand Prix,29.0,ALO,30.776
Spanish Grand Prix,29.0,OCO,26.776
Spanish Grand Prix,29.0,ZHO,35.418
Spanish Grand Prix,29.0,GAS,37.983
Spanish Grand Prix,29.0,LEC,42.835
Spanish Grand Prix,29.0,TSU,27.748
Spanish Grand Prix,29.0,PIA,36.834
Spanish Grand Prix,29.0,DEV,45.241
Spanish Grand Prix,29.0,HUL,59.596
Spanish Grand Prix,29.0,ALB,55.584
Spanish Grand Prix,29.0,NOR,68.559
Spanish Grand Prix,29.0,MAG,63.118
Spanish Grand Prix,29.0,BOT,52.179
Spanish Grand Prix,29.0,SAR,57.54
Spanish Grand Prix,30.0,VER,0.0
Spanish Grand Prix,30.0,HAM,12.963
Spanish Grand Prix,30.0,RUS,20.587
Spanish Grand Prix,30.0,PER,32.988
Spanish Grand Prix,30.0,SAI,16.593
Spanish Grand Prix,30.0,STR,25.985
Spanish Grand Prix,30.0,ALO,32.716
Spanish Grand Prix,30.0,OCO,28.113
Spanish Grand Prix,30.0,ZHO,36.847
Spanish Grand Prix,30.0,GAS,39.481
Spanish Grand Prix,30.0,LEC,44.184
Spanish Grand Prix,30.0,TSU,29.101
Spanish Grand Prix,30.0,PIA,38.519
Spanish Grand Prix,30.0,DEV,46.725
Spanish Grand Prix,30.0,HUL,59.934
Spanish Grand Prix,30.0,ALB,57.279
Spanish Grand Prix,30.0,NOR,69.708
Spanish Grand Prix,30.0,MAG,63.876
Spanish Grand Prix,30.0,BOT,54.069
Spanish Grand Prix,30.0,SAR,59.51
Spanish Grand Prix,31.0,VER,0.0
Spanish Grand Prix,31.0,HAM,13.281
Spanish Grand Prix,31.0,RUS,20.608
Spanish Grand Prix,31.0,PER,32.609
Spanish Grand Prix,31.0,SAI,17.685
Spanish Grand Prix,31.0,STR,27.378
Spanish Grand Prix,31.0,ALO,34.443
Spanish Grand Prix,31.0,OCO,29.45
Spanish Grand Prix,31.0,ZHO,38.355
Spanish Grand Prix,31.0,GAS,40.709
Spanish Grand Prix,31.0,LEC,45.315
Spanish Grand Prix,31.0,TSU,30.531
Spanish Grand Prix,31.0,PIA,39.823
Spanish Grand Prix,31.0,DEV,48.043
Spanish Grand Prix,31.0,HUL,59.733
Spanish Grand Prix,31.0,ALB,59.026
Spanish Grand Prix,31.0,NOR,70.66
Spanish Grand Prix,31.0,MAG,64.691
Spanish Grand Prix,31.0,BOT,55.832
Spanish Grand Prix,31.0,SAR,62.527
Spanish Grand Prix,32.0,VER,0.0
Spanish Grand Prix,32.0,HAM,13.618
Spanish Grand Prix,32.0,RUS,21.032
Spanish Grand Prix,32.0,PER,33.261
Spanish Grand Prix,32.0,SAI,18.897
Spanish Grand Prix,32.0,STR,29.014
Spanish Grand Prix,32.0,ALO,35.944
Spanish Grand Prix,32.0,OCO,31.115
Spanish Grand Prix,32.0,ZHO,40.156
Spanish Grand Prix,32.0,GAS,42.337
Spanish Grand Prix,32.0,LEC,46.753
Spanish Grand Prix,32.0,TSU,32.446
Spanish Grand Prix,32.0,PIA,41.617
Spanish Grand Prix,32.0,DEV,49.668
Spanish Grand Prix,32.0,HUL,60.348
Spanish Grand Prix,32.0,ALB,62.561
Spanish Grand Prix,32.0,NOR,71.724
Spanish Grand Prix,32.0,MAG,66.214
Spanish Grand Prix,32.0,BOT,58.035
Spanish Grand Prix,32.0,SAR,64.839
Spanish Grand Prix,33.0,VER,0.0
Spanish Grand Prix,33.0,HAM,13.628
Spanish Grand Prix,33.0,RUS,21.411
Spanish Grand Prix,33.0,PER,33.409
Spanish Grand Prix,33.0,SAI,20.024
Spanish Grand Prix,33.0,STR,30.682
Spanish Grand Prix,33.0,ALO,37.369
Spanish Grand Prix,33.0,OCO,32.746
Spanish Grand Prix,33.0,ZHO,41.749
Spanish Grand Prix,33.0,GAS,44.091
Spanish Grand Prix,33.0,LEC,47.811
Spanish Grand Prix,33.0,TSU,35.579
Spanish Grand Prix,33.0,PIA,43.296
Spanish Grand Prix,33.0,DEV,51.203
Spanish Grand Prix,33.0,HUL,61.081
Spanish Grand Prix,33.0,ALB,64.593
Spanish Grand Prix,33.0,NOR,72.338
Spanish Grand Prix,33.0,MAG,67.799
Spanish Grand Prix,33.0,BOT,60.271
Spanish Grand Prix,33.0,SAR,66.874
Spanish Grand Prix,34.0,VER,0.0
Spanish Grand Prix,34.0,HAM,13.85
Spanish Grand Prix,34.0,RUS,22.094
Spanish Grand Prix,34.0,PER,33.42
Spanish Grand Prix,34.0,SAI,21.561
Spanish Grand Prix,34.0,STR,37.076
Spanish Grand Prix,34.0,ALO,39.197
Spanish Grand Prix,34.0,OCO,35.456
Spanish Grand Prix,34.0,ZHO,43.389
Spanish Grand Prix,34.0,GAS,45.718
Spanish Grand Prix,34.0,LEC,49.379
Spanish Grand Prix,34.0,TSU,41.278
Spanish Grand Prix,34.0,PIA,44.939
Spanish Grand Prix,34.0,DEV,53.32
Spanish Grand Prix,34.0,HUL,61.452
Spanish Grand Prix,34.0,ALB,66.946
Spanish Grand Prix,34.0,NOR,73.78
Spanish Grand Prix,34.0,MAG,69.672
Spanish Grand Prix,34.0,BOT,64.466
Spanish Grand Prix,34.0,SAR,69.122
Spanish Grand Prix,35.0,VER,0.0
Spanish Grand Prix,35.0,HAM,13.887
Spanish Grand Prix,35.0,RUS,22.902
Spanish Grand Prix,35.0,PER,33.314
Spanish Grand Prix,35.0,SAI,24.978
Spanish Grand Prix,35.0,STR,58.296
Spanish Grand Prix,35.0,ALO,40.742
Spanish Grand Prix,35.0,OCO,40.921
Spanish Grand Prix,35.0,ZHO,44.87
Spanish Grand Prix,35.0,GAS,47.833
Spanish Grand Prix,35.0,LEC,50.85
Spanish Grand Prix,35.0,TSU,60.372
Spanish Grand Prix,35.0,PIA,46.498
Spanish Grand Prix,35.0,DEV,55.2
Spanish Grand Prix,35.0,HUL,62.436
Spanish Grand Prix,35.0,ALB,68.997
Spanish Grand Prix,35.0,NOR,75.178
Spanish Grand Prix,35.0,MAG,70.867
Spanish Grand Prix,35.0,BOT,67.182
Spanish Grand Prix,35.0,SAR,72.615
Spanish Grand Prix,36.0,VER,0.0
Spanish Grand Prix,36.0,HAM,14.225
Spanish Grand Prix,36.0,RUS,23.948
Spanish Grand Prix,36.0,PER,34.078
Spanish Grand Prix,36.0,SAI,26.901
Spanish Grand Prix,36.0,STR,59.253
Spanish Grand Prix,36.0,ALO,42.276
Spanish Grand Prix,36.0,OCO,62.81
Spanish Grand Prix,36.0,ZHO,50.431
Spanish Grand Prix,36.0,GAS,49.928
Spanish Grand Prix,36.0,LEC,52.615
Spanish Grand Prix,36.0,TSU,60.724
Spanish Grand Prix,36.0,PIA,48.62
Spanish Grand Prix,36.0,DEV,57.175
Spanish Grand Prix,36.0,HUL,64.461
Spanish Grand Prix,36.0,ALB,71.55
Spanish Grand Prix,36.0,NOR,76.888
Spanish Grand Prix,36.0,MAG,72.537
Spanish Grand Prix,36.0,BOT,70.182
Spanish Grand Prix,36.0,SAR,78.63
Spanish Grand Prix,37.0,VER,0.0
Spanish Grand Prix,37.0,HAM,15.034
Spanish Grand Prix,37.0,RUS,24.602
Spanish Grand Prix,37.0,PER,34.348
Spanish Grand Prix,37.0,SAI,28.008
Spanish Grand Prix,37.0,STR,60.175
Spanish Grand Prix,37.0,ALO,43.497
Spanish Grand Prix,37.0,OCO,63.463
Spanish Grand Prix,37.0,ZHO,71.261
Spanish Grand Prix,37.0,GAS,51.368
Spanish Grand Prix,37.0,LEC,54.265
Spanish Grand Prix,37.0,TSU,62.073
Spanish Grand Prix,37.0,PIA,50.091
Spanish Grand Prix,37.0,DEV,59.058
Spanish Grand Prix,37.0,HUL,65.476
Spanish Grand Prix,37.0,ALB,78.756
Spanish Grand Prix,37.0,NOR,78.323
Spanish Grand Prix,37.0,MAG,75.303
Spanish Grand Prix,37.0,BOT,74.445
Spanish Grand Prix,37.0,SAR,101.42
Spanish Grand Prix,38.0,VER,0.0
Spanish Grand Prix,38.0,HAM,15.349
Spanish Grand Prix,38.0,RUS,24.989
Spanish Grand Prix,38.0,PER,34.178
Spanish Grand Prix,38.0,SAI,28.981
Spanish Grand Prix,38.0,STR,60.782
Spanish Grand Prix,38.0,ALO,44.154
Spanish Grand Prix,38.0,OCO,63.073
Spanish Grand Prix,38.0,ZHO,70.597
Spanish Grand Prix,38.0,GAS,52.355
Spanish Grand Prix,38.0,LEC,55.306
Spanish Grand Prix,38.0,TSU,62.776
Spanish Grand Prix,38.0,PIA,51.281
Spanish Grand Prix,38.0,DEV,63.919
Spanish Grand Prix,38.0,HUL,66.092
Spanish Grand Prix,38.0,ALB,98.262
Spanish Grand Prix,38.0,NOR,81.041
Spanish Grand Prix,38.0,MAG,77.365
Spanish Grand Prix,38.0,BOT,76.976
Spanish Grand Prix,38.0,SAR,101.321
Spanish Grand Prix,39.0,VER,0.0
Spanish Grand Prix,39.0,HAM,15.621
Spanish Grand Prix,39.0,RUS,25.397
Spanish Grand Prix,39.0,PER,34.166
Spanish Grand Prix,39.0,SAI,29.81
Spanish Grand Prix,39.0,STR,60.527
Spanish Grand Prix,39.0,ALO,44.683
Spanish Grand Prix,39.0,OCO,63.119
Spanish Grand Prix,39.0,ZHO,70.257
Spanish Grand Prix,39.0,GAS,57.18
Spanish Grand Prix,39.0,LEC,56.542
Spanish Grand Prix,39.0,TSU,64.22
Spanish Grand Prix,39.0,PIA,56.071
Spanish Grand Prix,39.0,DEV,83.035
Spanish Grand Prix,39.0,HUL,67.08
Spanish Grand Prix,39.0,ALB,98.71
Spanish Grand Prix,39.0,NOR,82.188
Spanish Grand Prix,39.0,MAG,77.982
Spanish Grand Prix,39.0,BOT,85.207
Spanish Grand Prix,39.0,SAR,101.621
Spanish Grand Prix,40.0,VER,0.0
Spanish Grand Prix,40.0,HAM,15.701
Spanish Grand Prix,40.0,RUS,25.62
Spanish Grand Prix,40.0,PER,33.969
Spanish Grand Prix,40.0,SAI,30.475
Spanish Grand Prix,40.0,STR,60.669
Spanish Grand Prix,40.0,ALO,45.127
Spanish Grand Prix,40.0,OCO,63.46
Spanish Grand Prix,40.0,ZHO,69.988
Spanish Grand Prix,40.0,GAS,77.874
Spanish Grand Prix,40.0,LEC,57.373
Spanish Grand Prix,40.0,TSU,64.718
Spanish Grand Prix,40.0,PIA,75.588
Spanish Grand Prix,40.0,DEV,82.993
Spanish Grand Prix,40.0,HUL,67.723
Spanish Grand Prix,40.0,ALB,98.868
Spanish Grand Prix,40.0,NOR,82.681
Spanish Grand Prix,40.0,MAG,81.125
Spanish Grand Prix,40.0,BOT,108.854
Spanish Grand Prix,40.0,SAR,101.836
Spanish Grand Prix,41.0,VER,0.0
Spanish Grand Prix,41.0,HAM,15.693999999999999
Spanish Grand Prix,41.0,RUS,25.561
Spanish Grand Prix,41.0,PER,33.64
Spanish Grand Prix,41.0,SAI,35.225
Spanish Grand Prix,41.0,STR,60.958
Spanish Grand Prix,41.0,ALO,45.437
Spanish Grand Prix,41.0,OCO,63.633
Spanish Grand Prix,41.0,ZHO,69.523
Spanish Grand Prix,41.0,GAS,76.719
Spanish Grand Prix,41.0,LEC,61.569
Spanish Grand Prix,41.0,TSU,64.916
Spanish Grand Prix,41.0,PIA,74.737
Spanish Grand Prix,41.0,DEV,82.057
Spanish Grand Prix,41.0,HUL,68.232
Spanish Grand Prix,41.0,ALB,98.838
Spanish Grand Prix,41.0,NOR,84.143
Spanish Grand Prix,41.0,MAG,81.789
Spanish Grand Prix,41.0,BOT,109.796
Spanish Grand Prix,41.0,SAR,101.553
Spanish Grand Prix,42.0,VER,0.0
Spanish Grand Prix,42.0,HAM,15.789
Spanish Grand Prix,42.0,RUS,25.75
Spanish Grand Prix,42.0,PER,33.455
Spanish Grand Prix,42.0,SAI,55.285
Spanish Grand Prix,42.0,STR,61.408
Spanish Grand Prix,42.0,ALO,46.245
Spanish Grand Prix,42.0,OCO,64.237
Spanish Grand Prix,42.0,ZHO,69.475
Spanish Grand Prix,42.0,GAS,76.204
Spanish Grand Prix,42.0,LEC,81.839
Spanish Grand Prix,42.0,TSU,65.439
Spanish Grand Prix,42.0,PIA,74.632
Spanish Grand Prix,42.0,DEV,83.175
Spanish Grand Prix,42.0,HUL,69.141
Spanish Grand Prix,42.0,ALB,99.385
Spanish Grand Prix,42.0,NOR,85.758
Spanish Grand Prix,42.0,MAG,88.853
Spanish Grand Prix,42.0,BOT,110.41
Spanish Grand Prix,42.0,SAR,102.081
Spanish Grand Prix,43.0,VER,0.0
Spanish Grand Prix,43.0,HAM,15.955
Spanish Grand Prix,43.0,RUS,26.036
Spanish Grand Prix,43.0,PER,33.611
Spanish Grand Prix,43.0,SAI,55.704
Spanish Grand Prix,43.0,STR,62.004
Spanish Grand Prix,43.0,ALO,47.463
Spanish Grand Prix,43.0,OCO,65.025
Spanish Grand Prix,43.0,ZHO,69.636
Spanish Grand Prix,43.0,GAS,75.95
Spanish Grand Prix,43.0,LEC,81.387
Spanish Grand Prix,43.0,TSU,66.172
Spanish Grand Prix,43.0,PIA,74.584
Spanish Grand Prix,43.0,DEV,83.503
Spanish Grand Prix,43.0,HUL,75.308
Spanish Grand Prix,43.0,ALB,100.309
Spanish Grand Prix,43.0,NOR,86.422
Spanish Grand Prix,43.0,MAG,108.215
Spanish Grand Prix,43.0,BOT,111.656
Spanish Grand Prix,43.0,SAR,102.974
Spanish Grand Prix,44.0,VER,0.0
Spanish Grand Prix,44.0,HAM,16.106
Spanish Grand Prix,44.0,RUS,26.362
Spanish Grand Prix,44.0,PER,34.145
Spanish Grand Prix,44.0,SAI,55.975
Spanish Grand Prix,44.0,STR,63.155
Spanish Grand Prix,44.0,ALO,52.395
Spanish Grand Prix,44.0,OCO,65.917
Spanish Grand Prix,44.0,ZHO,70.002
Spanish Grand Prix,44.0,GAS,75.784
Spanish Grand Prix,44.0,LEC,81.074
Spanish Grand Prix,44.0,TSU,67.265
Spanish Grand Prix,44.0,PIA,74.468
Spanish Grand Prix,44.0,DEV,83.845
Spanish Grand Prix,44.0,HUL,97.177
Spanish Grand Prix,44.0,ALB,101.097
Spanish Grand Prix,44.0,NOR,87.317
Spanish Grand Prix,44.0,MAG,107.314
Spanish Grand Prix,44.0,BOT,114.75
Spanish Grand Prix,44.0,SAR,103.839
Spanish Grand Prix,45.0,VER,0.0
Spanish Grand Prix,45.0,HAM,16.203
Spanish Grand Prix,45.0,RUS,30.239
Spanish Grand Prix,45.0,PER,34.641
Spanish Grand Prix,45.0,SAI,56.196
Spanish Grand Prix,45.0,STR,63.722
Spanish Grand Prix,45.0,ALO,72.05
Spanish Grand Prix,45.0,OCO,66.656
Spanish Grand Prix,45.0,ZHO,70.224
Spanish Grand Prix,45.0,GAS,75.841
Spanish Grand Prix,45.0,LEC,80.604
Spanish Grand Prix,45.0,TSU,67.907
Spanish Grand Prix,45.0,PIA,74.444
Spanish Grand Prix,45.0,DEV,83.672
Spanish Grand Prix,45.0,HUL,96.985
Spanish Grand Prix,45.0,ALB,101.647
Spanish Grand Prix,45.0,NOR,88.138
Spanish Grand Prix,45.0,MAG,106.492
Spanish Grand Prix,45.0,BOT,114.938
Spanish Grand Prix,45.0,SAR,104.57
Spanish Grand Prix,46.0,VER,0.0
Spanish Grand Prix,46.0,HAM,16.328
Spanish Grand Prix,46.0,RUS,48.58
Spanish Grand Prix,46.0,PER,35.168
Spanish Grand Prix,46.0,SAI,56.054
Spanish Grand Prix,46.0,STR,64.475
Spanish Grand Prix,46.0,ALO,71.652
Spanish Grand Prix,46.0,OCO,67.47
Spanish Grand Prix,46.0,ZHO,70.506
Spanish Grand Prix,46.0,GAS,76.093
Spanish Grand Prix,46.0,LEC,80.513
Spanish Grand Prix,46.0,TSU,68.781
Spanish Grand Prix,46.0,PIA,75.074
Spanish Grand Prix,46.0,DEV,83.804
Spanish Grand Prix,46.0,HUL,96.986
Spanish Grand Prix,46.0,ALB,102.427
Spanish Grand Prix,46.0,NOR,89.194
Spanish Grand Prix,46.0,MAG,106.503
Spanish Grand Prix,46.0,BOT,114.983
Spanish Grand Prix,46.0,SAR,105.383
Spanish Grand Prix,47.0,VER,0.0
Spanish Grand Prix,47.0,HAM,16.152
Spanish Grand Prix,47.0,RUS,47.528
Spanish Grand Prix,47.0,PER,34.966
Spanish Grand Prix,47.0,SAI,55.507
Spanish Grand Prix,47.0,STR,64.843
Spanish Grand Prix,47.0,ALO,70.864
Spanish Grand Prix,47.0,OCO,68.03
Spanish Grand Prix,47.0,ZHO,70.611
Spanish Grand Prix,47.0,GAS,75.932
Spanish Grand Prix,47.0,LEC,80.113
Spanish Grand Prix,47.0,TSU,69.297
Spanish Grand Prix,47.0,PIA,75.362
Spanish Grand Prix,47.0,DEV,83.806
Spanish Grand Prix,47.0,HUL,96.998
Spanish Grand Prix,47.0,ALB,102.843
Spanish Grand Prix,47.0,NOR,90.231
Spanish Grand Prix,47.0,MAG,106.56
Spanish Grand Prix,47.0,BOT,114.83
Spanish Grand Prix,47.0,SAR,105.92
Spanish Grand Prix,48.0,VER,0.0
Spanish Grand Prix,48.0,HAM,16.382
Spanish Grand Prix,48.0,RUS,46.45
Spanish Grand Prix,48.0,PER,35.192
Spanish Grand Prix,48.0,SAI,55.075
Spanish Grand Prix,48.0,STR,65.019
Spanish Grand Prix,48.0,ALO,70.148
Spanish Grand Prix,48.0,OCO,68.695
Spanish Grand Prix,48.0,ZHO,71.407
Spanish Grand Prix,48.0,GAS,76.17
Spanish Grand Prix,48.0,LEC,79.923
Spanish Grand Prix,48.0,TSU,69.836
Spanish Grand Prix,48.0,PIA,78.076
Spanish Grand Prix,48.0,DEV,83.656
Spanish Grand Prix,48.0,HUL,96.992
Spanish Grand Prix,48.0,ALB,103.316
Spanish Grand Prix,48.0,NOR,91.141
Spanish Grand Prix,48.0,MAG,106.307
Spanish Grand Prix,48.0,BOT,115.375
Spanish Grand Prix,48.0,SAR,107.842
Spanish Grand Prix,49.0,VER,0.0
Spanish Grand Prix,49.0,HAM,16.257
Spanish Grand Prix,49.0,RUS,45.74
Spanish Grand Prix,49.0,PER,35.499
Spanish Grand Prix,49.0,SAI,54.617
Spanish Grand Prix,49.0,STR,65.339
Spanish Grand Prix,49.0,ALO,69.138
Spanish Grand Prix,49.0,OCO,68.567
Spanish Grand Prix,49.0,ZHO,71.59
Spanish Grand Prix,49.0,GAS,75.92
Spanish Grand Prix,49.0,LEC,80.748
Spanish Grand Prix,49.0,TSU,70.888
Spanish Grand Prix,49.0,PIA,80.072
Spanish Grand Prix,49.0,DEV,83.572
Spanish Grand Prix,49.0,HUL,97.171
Spanish Grand Prix,49.0,ALB,103.935
Spanish Grand Prix,49.0,NOR,91.874
Spanish Grand Prix,49.0,MAG,106.319
Spanish Grand Prix,49.0,BOT,115.49
Spanish Grand Prix,49.0,SAR,108.801
Spanish Grand Prix,50.0,VER,0.0
Spanish Grand Prix,50.0,HAM,19.737
Spanish Grand Prix,50.0,RUS,45.007
Spanish Grand Prix,50.0,PER,39.317
Spanish Grand Prix,50.0,SAI,53.914
Spanish Grand Prix,50.0,STR,65.401
Spanish Grand Prix,50.0,ALO,68.852
Spanish Grand Prix,50.0,OCO,68.509
Spanish Grand Prix,50.0,ZHO,71.83
Spanish Grand Prix,50.0,GAS,75.544
Spanish Grand Prix,50.0,LEC,80.692
Spanish Grand Prix,50.0,TSU,70.878
Spanish Grand Prix,50.0,PIA,80.078
Spanish Grand Prix,50.0,DEV,83.691
Spanish Grand Prix,50.0,HUL,96.805
Spanish Grand Prix,50.0,ALB,104.364
Spanish Grand Prix,50.0,NOR,96.587
Spanish Grand Prix,50.0,MAG,106.078
Spanish Grand Prix,50.0,BOT,114.511
Spanish Grand Prix,50.0,SAR,109.599
Spanish Grand Prix,51.0,VER,0.0
Spanish Grand Prix,51.0,HAM,39.657
Spanish Grand Prix,51.0,RUS,44.85
Spanish Grand Prix,51.0,PER,56.148
Spanish Grand Prix,51.0,SAI,53.708
Spanish Grand Prix,51.0,STR,65.797
Spanish Grand Prix,51.0,ALO,68.917
Spanish Grand Prix,51.0,OCO,70.953
Spanish Grand Prix,51.0,ZHO,72.761
Spanish Grand Prix,51.0,GAS,75.572
Spanish Grand Prix,51.0,LEC,80.541
Spanish Grand Prix,51.0,TSU,71.777
Spanish Grand Prix,51.0,PIA,82.212
Spanish Grand Prix,51.0,DEV,84.273
Spanish Grand Prix,51.0,HUL,96.898
Spanish Grand Prix,51.0,ALB,105.043
Spanish Grand Prix,51.0,NOR,115.836
Spanish Grand Prix,51.0,MAG,106.411
Spanish Grand Prix,51.0,BOT,114.974
Spanish Grand Prix,51.0,SAR,110.773
Spanish Grand Prix,52.0,VER,0.0
Spanish Grand Prix,52.0,HAM,35.429
Spanish Grand Prix,52.0,RUS,40.336
Spanish Grand Prix,52.0,PER,49.965
Spanish Grand Prix,52.0,SAI,49.454
Spanish Grand Prix,52.0,STR,61.966
Spanish Grand Prix,52.0,ALO,64.611
Spanish Grand Prix,52.0,OCO,67.317
Spanish Grand Prix,52.0,ZHO,68.952
Spanish Grand Prix,52.0,GAS,71.729
Spanish Grand Prix,52.0,LEC,76.049
Spanish Grand Prix,52.0,TSU,68.164
Spanish Grand Prix,52.0,PIA,78.87
Spanish Grand Prix,52.0,DEV,80.722
Spanish Grand Prix,52.0,HUL,93.011
Spanish Grand Prix,52.0,ALB,101.584
Spanish Grand Prix,52.0,NOR,111.796
Spanish Grand Prix,52.0,MAG,102.907
Spanish Grand Prix,52.0,BOT,111.656
Spanish Grand Prix,52.0,SAR,107.867
Spanish Grand Prix,53.0,VER,0.0
Spanish Grand Prix,53.0,HAM,16.762
Spanish Grand Prix,53.0,RUS,21.609
Spanish Grand Prix,53.0,PER,29.856
Spanish Grand Prix,53.0,SAI,31.961
Spanish Grand Prix,53.0,STR,43.733
Spanish Grand Prix,53.0,ALO,46.605
Spanish Grand Prix,53.0,OCO,49.263
Spanish Grand Prix,53.0,ZHO,50.807
Spanish Grand Prix,53.0,GAS,53.322
Spanish Grand Prix,53.0,LEC,57.376
Spanish Grand Prix,53.0,TSU,49.961
Spanish Grand Prix,53.0,PIA,60.997
Spanish Grand Prix,53.0,DEV,62.677
Spanish Grand Prix,53.0,HUL,74.556
Spanish Grand Prix,53.0,ALB,83.68
Spanish Grand Prix,53.0,NOR,91.852
Spanish Grand Prix,53.0,MAG,85.072
Spanish Grand Prix,53.0,BOT,95.806
Spanish Grand Prix,53.0,SAR,90.579
Spanish Grand Prix,54.0,VER,0.0
Spanish Grand Prix,54.0,HAM,16.818
Spanish Grand Prix,54.0,RUS,22.498
Spanish Grand Prix,54.0,PER,29.926
Spanish Grand Prix,54.0,SAI,33.374
Spanish Grand Prix,54.0,STR,45.328
Spanish Grand Prix,54.0,ALO,47.668
Spanish Grand Prix,54.0,OCO,50.736
Spanish Grand Prix,54.0,ZHO,52.391
Spanish Grand Prix,54.0,GAS,54.84
Spanish Grand Prix,54.0,LEC,58.61
Spanish Grand Prix,54.0,TSU,51.755
Spanish Grand Prix,54.0,PIA,62.904
Spanish Grand Prix,54.0,DEV,64.503
Spanish Grand Prix,54.0,HUL,76.034
Spanish Grand Prix,54.0,ALB,85.554
Spanish Grand Prix,54.0,NOR,93.125
Spanish Grand Prix,54.0,MAG,86.91
Spanish Grand Prix,54.0,BOT,98.437
Spanish Grand Prix,54.0,SAR,92.826
Spanish Grand Prix,55.0,VER,0.0
Spanish Grand Prix,55.0,HAM,16.627
Spanish Grand Prix,55.0,RUS,22.865
Spanish Grand Prix,55.0,PER,29.936
Spanish Grand Prix,55.0,SAI,34.121
Spanish Grand Prix,55.0,STR,46.495
Spanish Grand Prix,55.0,ALO,48.486
Spanish Grand Prix,55.0,OCO,52.027
Spanish Grand Prix,55.0,ZHO,53.772
Spanish Grand Prix,55.0,GAS,56.269
Spanish Grand Prix,55.0,LEC,59.697
Spanish Grand Prix,55.0,TSU,53.235
Spanish Grand Prix,55.0,PIA,64.591
Spanish Grand Prix,55.0,DEV,65.772
Spanish Grand Prix,55.0,HUL,78.75
Spanish Grand Prix,55.0,ALB,87.203
Spanish Grand Prix,55.0,NOR,92.541
Spanish Grand Prix,55.0,MAG,88.331
Spanish Grand Prix,55.0,BOT,100.194
Spanish Grand Prix,55.0,SAR,96.894
Spanish Grand Prix,56.0,VER,0.0
Spanish Grand Prix,56.0,HAM,17.318
Spanish Grand Prix,56.0,RUS,24.13
Spanish Grand Prix,56.0,PER,30.237
Spanish Grand Prix,56.0,SAI,35.497
Spanish Grand Prix,56.0,STR,48.034
Spanish Grand Prix,56.0,ALO,50.052
Spanish Grand Prix,56.0,OCO,53.941
Spanish Grand Prix,56.0,ZHO,56.924
Spanish Grand Prix,56.0,GAS,58.651
Spanish Grand Prix,56.0,LEC,61.411
Spanish Grand Prix,56.0,TSU,55.62
Spanish Grand Prix,56.0,PIA,66.773
Spanish Grand Prix,56.0,DEV,67.883
Spanish Grand Prix,56.0,HUL,81.288
Spanish Grand Prix,56.0,ALB,89.363
Spanish Grand Prix,56.0,NOR,93.297
Spanish Grand Prix,56.0,MAG,90.537
Spanish Grand Prix,56.0,BOT,104.446
Spanish Grand Prix,56.0,SAR,99.538
Spanish Grand Prix,57.0,VER,0.0
Spanish Grand Prix,57.0,HAM,17.737
Spanish Grand Prix,57.0,RUS,25.114
Spanish Grand Prix,57.0,PER,30.371
Spanish Grand Prix,57.0,SAI,36.916
Spanish Grand Prix,57.0,STR,49.769
Spanish Grand Prix,57.0,ALO,51.516
Spanish Grand Prix,57.0,OCO,56.0
Spanish Grand Prix,57.0,ZHO,59.043
Spanish Grand Prix,57.0,GAS,60.632
Spanish Grand Prix,57.0,LEC,62.976
Spanish Grand Prix,57.0,TSU,57.496
Spanish Grand Prix,57.0,PIA,68.863
Spanish Grand Prix,57.0,DEV,69.741
Spanish Grand Prix,57.0,HUL,83.11
Spanish Grand Prix,57.0,ALB,91.246
Spanish Grand Prix,57.0,NOR,94.151
Spanish Grand Prix,57.0,MAG,92.43
Spanish Grand Prix,57.0,BOT,107.062
Spanish Grand Prix,57.0,SAR,102.241
Spanish Grand Prix,58.0,VER,0.0
Spanish Grand Prix,58.0,HAM,18.083
Spanish Grand Prix,58.0,RUS,25.969
Spanish Grand Prix,58.0,PER,30.8
Spanish Grand Prix,58.0,SAI,38.037
Spanish Grand Prix,58.0,STR,51.518
Spanish Grand Prix,58.0,ALO,52.875
Spanish Grand Prix,58.0,OCO,57.705
Spanish Grand Prix,58.0,ZHO,60.664
Spanish Grand Prix,58.0,GAS,62.362
Spanish Grand Prix,58.0,LEC,64.337
Spanish Grand Prix,58.0,TSU,59.214
Spanish Grand Prix,58.0,PIA,70.465
Spanish Grand Prix,58.0,DEV,71.479
Spanish Grand Prix,58.0,HUL,84.759
Spanish Grand Prix,58.0,ALB,92.992
Spanish Grand Prix,58.0,NOR,95.061
Spanish Grand Prix,58.0,MAG,94.325
Spanish Grand Prix,58.0,BOT,110.912
Spanish Grand Prix,58.0,SAR,107.546
Spanish Grand Prix,59.0,VER,0.0
Spanish Grand Prix,59.0,HAM,18.46
Spanish Grand Prix,59.0,RUS,26.337
Spanish Grand Prix,59.0,PER,31.662
Spanish Grand Prix,59.0,SAI,39.075
Spanish Grand Prix,59.0,STR,52.95
Spanish Grand Prix,59.0,ALO,53.984
Spanish Grand Prix,59.0,OCO,59.133
Spanish Grand Prix,59.0,ZHO,61.876
Spanish Grand Prix,59.0,GAS,63.595
Spanish Grand Prix,59.0,LEC,65.416
Spanish Grand Prix,59.0,TSU,60.357
Spanish Grand Prix,59.0,PIA,71.8
Spanish Grand Prix,59.0,DEV,72.732
Spanish Grand Prix,59.0,HUL,85.983
Spanish Grand Prix,59.0,ALB,94.364
Spanish Grand Prix,59.0,NOR,97.834
Spanish Grand Prix,59.0,MAG,97.579
Spanish Grand Prix,59.0,BOT,112.51
Spanish Grand Prix,59.0,SAR,111.614
Spanish Grand Prix,60.0,VER,0.0
Spanish Grand Prix,60.0,HAM,18.73
Spanish Grand Prix,60.0,RUS,26.199
Spanish Grand Prix,60.0,PER,31.872
Spanish Grand Prix,60.0,SAI,39.273
Spanish Grand Prix,60.0,STR,53.712
Spanish Grand Prix,60.0,ALO,54.89
Spanish Grand Prix,60.0,OCO,59.898
Spanish Grand Prix,60.0,ZHO,62.741
Spanish Grand Prix,60.0,GAS,64.355
Spanish Grand Prix,60.0,LEC,65.83
Spanish Grand Prix,60.0,TSU,61.131
Spanish Grand Prix,60.0,PIA,72.426
Spanish Grand Prix,60.0,DEV,73.926
Spanish Grand Prix,60.0,HUL,86.775
Spanish Grand Prix,60.0,ALB,95.419
Spanish Grand Prix,60.0,NOR,100.161
Spanish Grand Prix,60.0,MAG,99.684
Spanish Grand Prix,60.0,BOT,114.009
Spanish Grand Prix,60.0,SAR,113.528
Spanish Grand Prix,61.0,VER,0.0
Spanish Grand Prix,61.0,HAM,20.027
Spanish Grand Prix,61.0,RUS,28.07
Spanish Grand Prix,61.0,PER,33.331
Spanish Grand Prix,61.0,SAI,41.657
Spanish Grand Prix,61.0,STR,56.37
Spanish Grand Prix,61.0,ALO,58.184
Spanish Grand Prix,61.0,OCO,62.743
Spanish Grand Prix,61.0,ZHO,65.365
Spanish Grand Prix,61.0,GAS,67.077
Spanish Grand Prix,61.0,LEC,68.182
Spanish Grand Prix,61.0,TSU,64.042
Spanish Grand Prix,61.0,PIA,75.174
Spanish Grand Prix,61.0,DEV,76.968
Spanish Grand Prix,61.0,HUL,89.394
Spanish Grand Prix,61.0,ALB,99.55
Spanish Grand Prix,61.0,NOR,103.334
Spanish Grand Prix,61.0,MAG,102.846
Spanish Grand Prix,61.0,BOT,116.638
Spanish Grand Prix,61.0,SAR,118.478
Spanish Grand Prix,62.0,VER,0.0
Spanish Grand Prix,62.0,HAM,18.689
Spanish Grand Prix,62.0,RUS,28.208
Spanish Grand Prix,62.0,PER,33.11
Spanish Grand Prix,62.0,SAI,42.355
Spanish Grand Prix,62.0,STR,57.437
Spanish Grand Prix,62.0,ALO,59.615
Spanish Grand Prix,62.0,OCO,63.786
Spanish Grand Prix,62.0,ZHO,66.72
Spanish Grand Prix,62.0,GAS,68.241
Spanish Grand Prix,62.0,LEC,69.203
Spanish Grand Prix,62.0,TSU,65.234
Spanish Grand Prix,62.0,PIA,76.36
Spanish Grand Prix,62.0,DEV,79.521
Spanish Grand Prix,62.0,HUL,90.612
Spanish Grand Prix,62.0,ALB,101.183
Spanish Grand Prix,62.0,NOR,104.75
Spanish Grand Prix,62.0,MAG,104.239
Spanish Grand Prix,62.0,BOT,118.344
Spanish Grand Prix,62.0,SAR,122.598
Spanish Grand Prix,63.0,VER,0.0
Spanish Grand Prix,63.0,HAM,19.959
Spanish Grand Prix,63.0,RUS,29.142
Spanish Grand Prix,63.0,PER,33.241
Spanish Grand Prix,63.0,SAI,43.657
Spanish Grand Prix,63.0,STR,58.824
Spanish Grand Prix,63.0,ALO,60.45
Spanish Grand Prix,63.0,OCO,65.263
Spanish Grand Prix,63.0,ZHO,68.254
Spanish Grand Prix,63.0,GAS,69.776
Spanish Grand Prix,63.0,LEC,70.602
Spanish Grand Prix,63.0,TSU,66.658
Spanish Grand Prix,63.0,PIA,79.66
Spanish Grand Prix,63.0,DEV,81.008
Spanish Grand Prix,63.0,HUL,92.439
Spanish Grand Prix,63.0,ALB,102.86
Spanish Grand Prix,63.0,NOR,106.413
Spanish Grand Prix,63.0,MAG,106.038
Spanish Grand Prix,63.0,BOT,120.421
Spanish Grand Prix,63.0,SAR,125.321
Spanish Grand Prix,64.0,VER,0.0
Spanish Grand Prix,64.0,HAM,19.979
Spanish Grand Prix,64.0,RUS,29.5
Spanish Grand Prix,64.0,PER,32.592
Spanish Grand Prix,64.0,SAI,43.785
Spanish Grand Prix,64.0,STR,59.678
Spanish Grand Prix,64.0,ALO,61.12
Spanish Grand Prix,64.0,OCO,65.932
Spanish Grand Prix,64.0,ZHO,68.952
Spanish Grand Prix,64.0,GAS,70.741
Spanish Grand Prix,64.0,LEC,71.545
Spanish Grand Prix,64.0,TSU,67.281
Spanish Grand Prix,64.0,PIA,80.494
Spanish Grand Prix,64.0,DEV,81.615
Spanish Grand Prix,64.0,HUL,93.2
Spanish Grand Prix,64.0,ALB,103.608
Spanish Grand Prix,64.0,NOR,106.876
Spanish Grand Prix,64.0,MAG,110.19
Spanish Grand Prix,64.0,BOT,124.481
Spanish Grand Prix,64.0,SAR,126.742
Spanish Grand Prix,65.0,VER,0.0
Spanish Grand Prix,65.0,HAM,22.678
Spanish Grand Prix,65.0,RUS,31.052
Spanish Grand Prix,65.0,PER,33.457
Spanish Grand Prix,65.0,SAI,44.959
Spanish Grand Prix,65.0,STR,61.262
Spanish Grand Prix,65.0,ALO,62.354
Spanish Grand Prix,65.0,OCO,67.495
Spanish Grand Prix,65.0,ZHO,70.478
Spanish Grand Prix,65.0,GAS,72.12
Spanish Grand Prix,65.0,LEC,72.856
Spanish Grand Prix,65.0,TSU,68.957
Spanish Grand Prix,65.0,PIA,81.983
Spanish Grand Prix,65.0,DEV,83.035
Spanish Grand Prix,65.0,HUL,95.005
Spanish Grand Prix,65.0,ALB,105.416
Spanish Grand Prix,65.0,NOR,108.098
Spanish Grand Prix,65.0,MAG,115.788
Spanish Grand Prix,65.0,BOT,127.651
Spanish Grand Prix,65.0,SAR,129.385
Spanish Grand Prix,66.0,VER,0.0
Spanish Grand Prix,66.0,HAM,24.09
Spanish Grand Prix,66.0,RUS,32.389
Spanish Grand Prix,66.0,PER,35.812
Spanish Grand Prix,66.0,SAI,45.698
Spanish Grand Prix,66.0,STR,63.32
Spanish Grand Prix,66.0,ALO,64.127
Spanish Grand Prix,66.0,OCO,69.242
Spanish Grand Prix,66.0,ZHO,71.878
Spanish Grand Prix,66.0,GAS,73.53
Spanish Grand Prix,66.0,LEC,74.419
Spanish Grand Prix,66.0,TSU,70.416
Canadian Grand Prix,1.0,VER,0.0
Canadian Grand Prix,1.0,GAS,8.191
Canadian Grand Prix,1.0,PER,7.654
Canadian Grand Prix,1.0,ALO,1.812
Canadian Grand Prix,1.0,LEC,5.516
Canadian Grand Prix,1.0,STR,8.641
Canadian Grand Prix,1.0,SAR,9.953
Canadian Grand Prix,1.0,MAG,8.946
Canadian Grand Prix,1.0,DEV,9.436
Canadian Grand Prix,1.0,TSU,26.196
Canadian Grand Prix,1.0,ALB,6.095
Canadian Grand Prix,1.0,ZHO,10.833
Canadian Grand Prix,1.0,HUL,4.025
Canadian Grand Prix,1.0,OCO,3.287
Canadian Grand Prix,1.0,NOR,5.019
Canadian Grand Prix,1.0,HAM,0.898
Canadian Grand Prix,1.0,SAI,7.202
Canadian Grand Prix,1.0,RUS,2.296
Canadian Grand Prix,1.0,BOT,9.04
Canadian Grand Prix,1.0,PIA,4.383
Canadian Grand Prix,2.0,VER,0.0
Canadian Grand Prix,2.0,GAS,9.456
Canadian Grand Prix,2.0,PER,8.852
Canadian Grand Prix,2.0,ALO,2.336
Canadian Grand Prix,2.0,LEC,7.218
Canadian Grand Prix,2.0,STR,10.175
Canadian Grand Prix,2.0,SAR,12.692
Canadian Grand Prix,2.0,MAG,11.225
Canadian Grand Prix,2.0,DEV,12.055
Canadian Grand Prix,2.0,TSU,30.528
Canadian Grand Prix,2.0,ALB,7.65
Canadian Grand Prix,2.0,ZHO,13.273
Canadian Grand Prix,2.0,HUL,5.46
Canadian Grand Prix,2.0,OCO,4.543
Canadian Grand Prix,2.0,NOR,6.86
Canadian Grand Prix,2.0,HAM,1.22
Canadian Grand Prix,2.0,SAI,8.071
Canadian Grand Prix,2.0,RUS,3.103
Canadian Grand Prix,2.0,BOT,11.553
Canadian Grand Prix,2.0,PIA,6.061
Canadian Grand Prix,3.0,VER,0.0
Canadian Grand Prix,3.0,GAS,10.389
Canadian Grand Prix,3.0,PER,9.595
Canadian Grand Prix,3.0,ALO,2.007
Canadian Grand Prix,3.0,LEC,7.979
Canadian Grand Prix,3.0,STR,10.793
Canadian Grand Prix,3.0,SAR,14.03
Canadian Grand Prix,3.0,MAG,12.2
Canadian Grand Prix,3.0,DEV,13.145
Canadian Grand Prix,3.0,TSU,30.878
Canadian Grand Prix,3.0,ALB,8.501
Canadian Grand Prix,3.0,ZHO,14.47
Canadian Grand Prix,3.0,HUL,6.396
Canadian Grand Prix,3.0,OCO,5.2379999999999995
Canadian Grand Prix,3.0,NOR,7.584
Canadian Grand Prix,3.0,HAM,1.185
Canadian Grand Prix,3.0,SAI,9.164
Canadian Grand Prix,3.0,RUS,3.332
Canadian Grand Prix,3.0,BOT,12.577
Canadian Grand Prix,3.0,PIA,6.783
Canadian Grand Prix,4.0,VER,0.0
Canadian Grand Prix,4.0,GAS,11.7
Canadian Grand Prix,4.0,PER,11.048
Canadian Grand Prix,4.0,ALO,2.13
Canadian Grand Prix,4.0,LEC,9.424
Canadian Grand Prix,4.0,STR,12.283
Canadian Grand Prix,4.0,SAR,15.264
Canadian Grand Prix,4.0,MAG,13.195
Canadian Grand Prix,4.0,DEV,15.094
Canadian Grand Prix,4.0,TSU,31.713
Canadian Grand Prix,4.0,ALB,10.078
Canadian Grand Prix,4.0,ZHO,16.016
Canadian Grand Prix,4.0,HUL,7.889
Canadian Grand Prix,4.0,OCO,6.529
Canadian Grand Prix,4.0,NOR,9.163
Canadian Grand Prix,4.0,HAM,1.54
Canadian Grand Prix,4.0,SAI,10.54
Canadian Grand Prix,4.0,RUS,3.723
Canadian Grand Prix,4.0,BOT,14.003
Canadian Grand Prix,4.0,PIA,8.52
Canadian Grand Prix,5.0,VER,0.0
Canadian Grand Prix,5.0,GAS,13.292
Canadian Grand Prix,5.0,PER,12.127
Canadian Grand Prix,5.0,ALO,2.3529999999999998
Canadian Grand Prix,5.0,LEC,10.761
Canadian Grand Prix,5.0,STR,13.741
Canadian Grand Prix,5.0,SAR,17.41
Canadian Grand Prix,5.0,MAG,14.29
Canadian Grand Prix,5.0,DEV,17.064
Canadian Grand Prix,5.0,TSU,32.393
Canadian Grand Prix,5.0,ALB,11.129
Canadian Grand Prix,5.0,ZHO,18.088
Canadian Grand Prix,5.0,HUL,8.989
Canadian Grand Prix,5.0,OCO,7.577
Canadian Grand Prix,5.0,NOR,10.122
Canadian Grand Prix,5.0,HAM,1.855
Canadian Grand Prix,5.0,SAI,11.708
Canadian Grand Prix,5.0,RUS,3.992
Canadian Grand Prix,5.0,BOT,16.08
Canadian Grand Prix,5.0,PIA,9.331
Canadian Grand Prix,6.0,VER,0.0
Canadian Grand Prix,6.0,GAS,13.983
Canadian Grand Prix,6.0,PER,13.254
Canadian Grand Prix,6.0,ALO,2.566
Canadian Grand Prix,6.0,LEC,11.715
Canadian Grand Prix,6.0,STR,14.517
Canadian Grand Prix,6.0,SAR,18.969
Canadian Grand Prix,6.0,MAG,15.367
Canadian Grand Prix,6.0,DEV,18.691
Canadian Grand Prix,6.0,TSU,33.187
Canadian Grand Prix,6.0,ALB,12.267
Canadian Grand Prix,6.0,ZHO,19.95
Canadian Grand Prix,6.0,HUL,10.108
Canadian Grand Prix,6.0,OCO,8.432
Canadian Grand Prix,6.0,NOR,11.228
Canadian Grand Prix,6.0,HAM,2.028
Canadian Grand Prix,6.0,SAI,12.7
Canadian Grand Prix,6.0,RUS,4.044
Canadian Grand Prix,6.0,BOT,17.248
Canadian Grand Prix,6.0,PIA,10.339
Canadian Grand Prix,7.0,VER,0.0
Canadian Grand Prix,7.0,GAS,15.525
Canadian Grand Prix,7.0,PER,14.917
Canadian Grand Prix,7.0,ALO,3.209
Canadian Grand Prix,7.0,LEC,13.636
Canadian Grand Prix,7.0,STR,15.945
Canadian Grand Prix,7.0,SAR,91.404
Canadian Grand Prix,7.0,MAG,17.178
Canadian Grand Prix,7.0,DEV,24.432
Canadian Grand Prix,7.0,TSU,47.376
Canadian Grand Prix,7.0,ALB,14.018
Canadian Grand Prix,7.0,ZHO,28.36
Canadian Grand Prix,7.0,HUL,13.137
Canadian Grand Prix,7.0,OCO,9.308
Canadian Grand Prix,7.0,NOR,13.36
Canadian Grand Prix,7.0,HAM,2.418
Canadian Grand Prix,7.0,SAI,14.456
Canadian Grand Prix,7.0,RUS,4.109
Canadian Grand Prix,7.0,BOT,20.035
Canadian Grand Prix,7.0,PIA,11.932
Canadian Grand Prix,8.0,VER,0.0
Canadian Grand Prix,8.0,GAS,16.712
Canadian Grand Prix,8.0,PER,15.969
Canadian Grand Prix,8.0,ALO,3.933
Canadian Grand Prix,8.0,LEC,14.376
Canadian Grand Prix,8.0,STR,17.041
Canadian Grand Prix,8.0,MAG,17.637
Canadian Grand Prix,8.0,DEV,18.941
Canadian Grand Prix,8.0,TSU,34.236
Canadian Grand Prix,8.0,ALB,15.05
Canadian Grand Prix,8.0,ZHO,22.158
Canadian Grand Prix,8.0,HUL,13.707
Canadian Grand Prix,8.0,OCO,9.294
Canadian Grand Prix,8.0,NOR,14.107
Canadian Grand Prix,8.0,HAM,3.225
Canadian Grand Prix,8.0,SAI,15.367
Canadian Grand Prix,8.0,RUS,4.743
Canadian Grand Prix,8.0,BOT,18.322
Canadian Grand Prix,8.0,PIA,12.202
Canadian Grand Prix,9.0,VER,0.0
Canadian Grand Prix,9.0,GAS,17.891
Canadian Grand Prix,9.0,PER,17.109
Canadian Grand Prix,9.0,ALO,4.118
Canadian Grand Prix,9.0,LEC,15.595
Canadian Grand Prix,9.0,STR,18.312
Canadian Grand Prix,9.0,MAG,18.902
Canadian Grand Prix,9.0,DEV,20.193
Canadian Grand Prix,9.0,TSU,34.95
Canadian Grand Prix,9.0,ALB,16.022
Canadian Grand Prix,9.0,ZHO,23.264
Canadian Grand Prix,9.0,HUL,15.078
Canadian Grand Prix,9.0,OCO,9.799
Canadian Grand Prix,9.0,NOR,15.192
Canadian Grand Prix,9.0,HAM,3.346
Canadian Grand Prix,9.0,SAI,16.621
Canadian Grand Prix,9.0,RUS,4.711
Canadian Grand Prix,9.0,BOT,19.503
Canadian Grand Prix,9.0,PIA,13.193
Canadian Grand Prix,10.0,VER,0.0
Canadian Grand Prix,10.0,GAS,40.648
Canadian Grand Prix,10.0,PER,19.029
Canadian Grand Prix,10.0,ALO,4.548
Canadian Grand Prix,10.0,LEC,17.557
Canadian Grand Prix,10.0,STR,20.06
Canadian Grand Prix,10.0,MAG,20.648
Canadian Grand Prix,10.0,DEV,21.842
Canadian Grand Prix,10.0,TSU,35.654
Canadian Grand Prix,10.0,ALB,17.982
Canadian Grand Prix,10.0,ZHO,24.846
Canadian Grand Prix,10.0,HUL,16.802
Canadian Grand Prix,10.0,OCO,10.84
Canadian Grand Prix,10.0,NOR,17.238
Canadian Grand Prix,10.0,HAM,3.584
Canadian Grand Prix,10.0,SAI,18.522
Canadian Grand Prix,10.0,RUS,5.32
Canadian Grand Prix,10.0,BOT,21.22
Canadian Grand Prix,10.0,PIA,14.345
Canadian Grand Prix,11.0,VER,0.0
Canadian Grand Prix,11.0,GAS,45.32
Canadian Grand Prix,11.0,PER,20.509
Canadian Grand Prix,11.0,ALO,4.673
Canadian Grand Prix,11.0,LEC,18.543
Canadian Grand Prix,11.0,STR,37.269
Canadian Grand Prix,11.0,MAG,21.981
Canadian Grand Prix,11.0,DEV,40.726
Canadian Grand Prix,11.0,TSU,36.431
Canadian Grand Prix,11.0,ALB,19.431
Canadian Grand Prix,11.0,ZHO,26.109
Canadian Grand Prix,11.0,HUL,35.466
Canadian Grand Prix,11.0,OCO,11.907
Canadian Grand Prix,11.0,NOR,18.461
Canadian Grand Prix,11.0,HAM,4.008
Canadian Grand Prix,11.0,SAI,19.977
Canadian Grand Prix,11.0,RUS,5.969
Canadian Grand Prix,11.0,BOT,22.674
Canadian Grand Prix,11.0,PIA,15.506
Canadian Grand Prix,12.0,VER,0.0
Canadian Grand Prix,12.0,GAS,53.942
Canadian Grand Prix,12.0,PER,21.357
Canadian Grand Prix,12.0,ALO,11.035
Canadian Grand Prix,12.0,LEC,19.031
Canadian Grand Prix,12.0,STR,46.421
Canadian Grand Prix,12.0,MAG,23.021
Canadian Grand Prix,12.0,DEV,52.341
Canadian Grand Prix,12.0,TSU,41.943
Canadian Grand Prix,12.0,ALB,36.726
Canadian Grand Prix,12.0,ZHO,41.64
Canadian Grand Prix,12.0,HUL,43.793
Canadian Grand Prix,12.0,OCO,23.683
Canadian Grand Prix,12.0,NOR,36.426
Canadian Grand Prix,12.0,HAM,10.563
Canadian Grand Prix,12.0,SAI,20.581
Canadian Grand Prix,12.0,RUS,131.187
Canadian Grand Prix,12.0,BOT,24.661
Canadian Grand Prix,12.0,PIA,27.743
Canadian Grand Prix,13.0,VER,0.0
Canadian Grand Prix,13.0,GAS,22.02
Canadian Grand Prix,13.0,PER,6.216
Canadian Grand Prix,13.0,ALO,3.039
Canadian Grand Prix,13.0,LEC,4.864
Canadian Grand Prix,13.0,STR,19.148
Canadian Grand Prix,13.0,MAG,7.449
Canadian Grand Prix,13.0,DEV,20.194
Canadian Grand Prix,13.0,TSU,14.968
Canadian Grand Prix,13.0,ALB,12.531
Canadian Grand Prix,13.0,ZHO,16.179
Canadian Grand Prix,13.0,HUL,17.956
Canadian Grand Prix,13.0,OCO,9.148
Canadian Grand Prix,13.0,NOR,11.595
Canadian Grand Prix,13.0,HAM,1.913
Canadian Grand Prix,13.0,SAI,5.651
Canadian Grand Prix,13.0,RUS,67.487
Canadian Grand Prix,13.0,BOT,8.275
Canadian Grand Prix,13.0,PIA,9.788
Canadian Grand Prix,14.0,VER,0.0
Canadian Grand Prix,14.0,GAS,23.823
Canadian Grand Prix,14.0,PER,6.12
Canadian Grand Prix,14.0,ALO,2.6879999999999997
Canadian Grand Prix,14.0,LEC,4.276
Canadian Grand Prix,14.0,STR,21.135
Canadian Grand Prix,14.0,MAG,8.375
Canadian Grand Prix,14.0,DEV,22.135
Canadian Grand Prix,14.0,TSU,17.528
Canadian Grand Prix,14.0,ALB,15.16
Canadian Grand Prix,14.0,ZHO,18.707
Canadian Grand Prix,14.0,HUL,19.706
Canadian Grand Prix,14.0,OCO,10.294
Canadian Grand Prix,14.0,NOR,13.356
Canadian Grand Prix,14.0,HAM,1.512
Canadian Grand Prix,14.0,SAI,5.573
Canadian Grand Prix,14.0,RUS,27.812
Canadian Grand Prix,14.0,BOT,9.421
Canadian Grand Prix,14.0,PIA,11.324
Canadian Grand Prix,15.0,VER,0.0
Canadian Grand Prix,15.0,GAS,26.472
Canadian Grand Prix,15.0,PER,5.6850000000000005
Canadian Grand Prix,15.0,ALO,2.691
Canadian Grand Prix,15.0,LEC,4.097
Canadian Grand Prix,15.0,STR,23.377
Canadian Grand Prix,15.0,MAG,7.852
Canadian Grand Prix,15.0,DEV,24.823
Canadian Grand Prix,15.0,TSU,17.844
Canadian Grand Prix,15.0,ALB,14.634
Canadian Grand Prix,15.0,ZHO,19.97
Canadian Grand Prix,15.0,HUL,21.899
Canadian Grand Prix,15.0,OCO,9.68
Canadian Grand Prix,15.0,NOR,13.047
Canadian Grand Prix,15.0,HAM,1.452
Canadian Grand Prix,15.0,SAI,5.254
Canadian Grand Prix,15.0,RUS,28.24
Canadian Grand Prix,15.0,BOT,8.633
Canadian Grand Prix,15.0,PIA,10.919
Canadian Grand Prix,16.0,VER,0.0
Canadian Grand Prix,16.0,GAS,7.999
Canadian Grand Prix,16.0,PER,2.195
Canadian Grand Prix,16.0,ALO,0.702
Canadian Grand Prix,16.0,LEC,1.258
Canadian Grand Prix,16.0,STR,6.995
Canadian Grand Prix,16.0,MAG,2.657
Canadian Grand Prix,16.0,DEV,7.388
Canadian Grand Prix,16.0,TSU,5.396
Canadian Grand Prix,16.0,ALB,4.715
Canadian Grand Prix,16.0,ZHO,5.974
Canadian Grand Prix,16.0,HUL,6.36
Canadian Grand Prix,16.0,OCO,3.277
Canadian Grand Prix,16.0,NOR,4.202
Canadian Grand Prix,16.0,HAM,0.443
Canadian Grand Prix,16.0,SAI,1.858
Canadian Grand Prix,16.0,RUS,8.363
Canadian Grand Prix,16.0,BOT,2.7439999999999998
Canadian Grand Prix,16.0,PIA,3.659
Canadian Grand Prix,17.0,VER,0.0
Canadian Grand Prix,17.0,GAS,10.682
Canadian Grand Prix,17.0,PER,4.141
Canadian Grand Prix,17.0,ALO,2.055
Canadian Grand Prix,17.0,LEC,2.661
Canadian Grand Prix,17.0,STR,9.815
Canadian Grand Prix,17.0,MAG,5.396
Canadian Grand Prix,17.0,DEV,10.191
Canadian Grand Prix,17.0,TSU,8.173
Canadian Grand Prix,17.0,ALB,7.612
Canadian Grand Prix,17.0,ZHO,8.74
Canadian Grand Prix,17.0,HUL,9.368
Canadian Grand Prix,17.0,OCO,6.259
Canadian Grand Prix,17.0,NOR,7.123
Canadian Grand Prix,17.0,HAM,1.171
Canadian Grand Prix,17.0,SAI,3.395
Canadian Grand Prix,17.0,RUS,11.231
Canadian Grand Prix,17.0,BOT,5.808
Canadian Grand Prix,17.0,PIA,7.282
Canadian Grand Prix,18.0,VER,0.0
Canadian Grand Prix,18.0,GAS,13.35
Canadian Grand Prix,18.0,PER,5.272
Canadian Grand Prix,18.0,ALO,2.446
Canadian Grand Prix,18.0,LEC,3.458
Canadian Grand Prix,18.0,STR,12.491
Canadian Grand Prix,18.0,MAG,7.436
Canadian Grand Prix,18.0,DEV,12.943
Canadian Grand Prix,18.0,TSU,10.698
Canadian Grand Prix,18.0,ALB,10.205
Canadian Grand Prix,18.0,ZHO,11.374
Canadian Grand Prix,18.0,HUL,12.057
Canadian Grand Prix,18.0,OCO,8.432
Canadian Grand Prix,18.0,NOR,9.147
Canadian Grand Prix,18.0,HAM,1.5699999999999998
Canadian Grand Prix,18.0,SAI,4.138
Canadian Grand Prix,18.0,RUS,13.779
Canadian Grand Prix,18.0,BOT,7.773
Canadian Grand Prix,18.0,PIA,9.84
Canadian Grand Prix,19.0,VER,0.0
Canadian Grand Prix,19.0,GAS,15.139
Canadian Grand Prix,19.0,PER,6.396
Canadian Grand Prix,19.0,ALO,2.391
Canadian Grand Prix,19.0,LEC,3.831
Canadian Grand Prix,19.0,STR,14.147
Canadian Grand Prix,19.0,MAG,9.059
Canadian Grand Prix,19.0,DEV,14.746
Canadian Grand Prix,19.0,TSU,12.35
Canadian Grand Prix,19.0,ALB,11.457
Canadian Grand Prix,19.0,ZHO,12.78
Canadian Grand Prix,19.0,HUL,13.626
Canadian Grand Prix,19.0,OCO,9.786
Canadian Grand Prix,19.0,NOR,10.592
Canadian Grand Prix,19.0,HAM,1.726
Canadian Grand Prix,19.0,SAI,4.337
Canadian Grand Prix,19.0,RUS,16.002
Canadian Grand Prix,19.0,BOT,10.241
Canadian Grand Prix,19.0,PIA,11.711
Canadian Grand Prix,20.0,VER,0.0
Canadian Grand Prix,20.0,GAS,17.023
Canadian Grand Prix,20.0,PER,7.514
Canadian Grand Prix,20.0,ALO,2.551
Canadian Grand Prix,20.0,LEC,4.28
Canadian Grand Prix,20.0,STR,15.983
Canadian Grand Prix,20.0,MAG,12.45
Canadian Grand Prix,20.0,DEV,16.539
Canadian Grand Prix,20.0,TSU,14.268
Canadian Grand Prix,20.0,ALB,12.905
Canadian Grand Prix,20.0,ZHO,14.933
Canadian Grand Prix,20.0,HUL,15.574
Canadian Grand Prix,20.0,OCO,11.217
Canadian Grand Prix,20.0,NOR,12.529
Canadian Grand Prix,20.0,HAM,1.9180000000000001
Canadian Grand Prix,20.0,SAI,4.691
Canadian Grand Prix,20.0,RUS,17.68
Canadian Grand Prix,20.0,BOT,12.271
Canadian Grand Prix,20.0,PIA,13.637
Canadian Grand Prix,21.0,VER,0.0
Canadian Grand Prix,21.0,GAS,19.177
Canadian Grand Prix,21.0,PER,8.268
Canadian Grand Prix,21.0,ALO,2.699
Canadian Grand Prix,21.0,LEC,4.658
Canadian Grand Prix,21.0,STR,18.056
Canadian Grand Prix,21.0,MAG,15.103
Canadian Grand Prix,21.0,DEV,18.709
Canadian Grand Prix,21.0,TSU,16.598
Canadian Grand Prix,21.0,ALB,15.413
Canadian Grand Prix,21.0,ZHO,17.074
Canadian Grand Prix,21.0,HUL,17.708
Canadian Grand Prix,21.0,OCO,12.516
Canadian Grand Prix,21.0,NOR,14.283
Canadian Grand Prix,21.0,HAM,2.114
Canadian Grand Prix,21.0,SAI,5.376
Canadian Grand Prix,21.0,RUS,19.692
Canadian Grand Prix,21.0,BOT,13.873
Canadian Grand Prix,21.0,PIA,15.959
Canadian Grand Prix,22.0,VER,0.0
Canadian Grand Prix,22.0,GAS,20.918
Canadian Grand Prix,22.0,PER,9.272
Canadian Grand Prix,22.0,ALO,2.757
Canadian Grand Prix,22.0,LEC,5.231
Canadian Grand Prix,22.0,STR,19.832
Canadian Grand Prix,22.0,MAG,16.982
Canadian Grand Prix,22.0,DEV,20.578
Canadian Grand Prix,22.0,TSU,18.165
Canadian Grand Prix,22.0,ALB,17.584
Canadian Grand Prix,22.0,ZHO,18.762
Canadian Grand Prix,22.0,HUL,19.359
Canadian Grand Prix,22.0,OCO,13.622
Canadian Grand Prix,22.0,NOR,15.565
Canadian Grand Prix,22.0,HAM,2.892
Canadian Grand Prix,22.0,SAI,5.715
Canadian Grand Prix,22.0,RUS,21.494
Canadian Grand Prix,22.0,BOT,15.032
Canadian Grand Prix,22.0,PIA,17.318
Canadian Grand Prix,23.0,VER,0.0
Canadian Grand Prix,23.0,GAS,22.405
Canadian Grand Prix,23.0,PER,9.922
Canadian Grand Prix,23.0,ALO,2.819
Canadian Grand Prix,23.0,LEC,5.473
Canadian Grand Prix,23.0,STR,21.45
Canadian Grand Prix,23.0,MAG,18.531
Canadian Grand Prix,23.0,DEV,21.996
Canadian Grand Prix,23.0,TSU,19.907
Canadian Grand Prix,23.0,ALB,19.356
Canadian Grand Prix,23.0,ZHO,20.489
Canadian Grand Prix,23.0,HUL,21.108
Canadian Grand Prix,23.0,OCO,14.523
Canadian Grand Prix,23.0,NOR,16.515
Canadian Grand Prix,23.0,HAM,3.64
Canadian Grand Prix,23.0,SAI,6.122
Canadian Grand Prix,23.0,RUS,23.094
Canadian Grand Prix,23.0,BOT,16.041
Canadian Grand Prix,23.0,PIA,18.929
Canadian Grand Prix,24.0,VER,0.0
Canadian Grand Prix,24.0,GAS,24.431
Canadian Grand Prix,24.0,PER,10.716
Canadian Grand Prix,24.0,ALO,3.107
Canadian Grand Prix,24.0,LEC,6.044
Canadian Grand Prix,24.0,STR,23.287
Canadian Grand Prix,24.0,MAG,20.425
Canadian Grand Prix,24.0,DEV,24.035
Canadian Grand Prix,24.0,TSU,21.539
Canadian Grand Prix,24.0,ALB,20.877
Canadian Grand Prix,24.0,ZHO,22.207
Canadian Grand Prix,24.0,HUL,22.858
Canadian Grand Prix,24.0,OCO,15.864
Canadian Grand Prix,24.0,NOR,17.782
Canadian Grand Prix,24.0,HAM,4.24
Canadian Grand Prix,24.0,SAI,6.719
Canadian Grand Prix,24.0,RUS,24.98
Canadian Grand Prix,24.0,BOT,17.201
Canadian Grand Prix,24.0,PIA,20.402
Canadian Grand Prix,25.0,VER,0.0
Canadian Grand Prix,25.0,GAS,26.076
Canadian Grand Prix,25.0,PER,11.618
Canadian Grand Prix,25.0,ALO,3.386
Canadian Grand Prix,25.0,LEC,6.611
Canadian Grand Prix,25.0,STR,25.009
Canadian Grand Prix,25.0,MAG,22.698
Canadian Grand Prix,25.0,DEV,25.689
Canadian Grand Prix,25.0,TSU,23.612
Canadian Grand Prix,25.0,ALB,23.009
Canadian Grand Prix,25.0,ZHO,24.148
Canadian Grand Prix,25.0,HUL,24.752
Canadian Grand Prix,25.0,OCO,16.968
Canadian Grand Prix,25.0,NOR,18.96
Canadian Grand Prix,25.0,HAM,4.639
Canadian Grand Prix,25.0,SAI,7.93
Canadian Grand Prix,25.0,RUS,26.765
Canadian Grand Prix,25.0,BOT,18.532
Canadian Grand Prix,25.0,PIA,22.067
Canadian Grand Prix,26.0,VER,0.0
Canadian Grand Prix,26.0,GAS,28.014
Canadian Grand Prix,26.0,PER,12.328
Canadian Grand Prix,26.0,ALO,3.58
Canadian Grand Prix,26.0,LEC,7.179
Canadian Grand Prix,26.0,STR,26.96
Canadian Grand Prix,26.0,MAG,24.517
Canadian Grand Prix,26.0,DEV,27.528
Canadian Grand Prix,26.0,TSU,25.492
Canadian Grand Prix,26.0,ALB,24.575
Canadian Grand Prix,26.0,ZHO,26.097
Canadian Grand Prix,26.0,HUL,26.657
Canadian Grand Prix,26.0,OCO,18.087
Canadian Grand Prix,26.0,NOR,20.283
Canadian Grand Prix,26.0,HAM,5.004
Canadian Grand Prix,26.0,SAI,9.015
Canadian Grand Prix,26.0,RUS,28.396
Canadian Grand Prix,26.0,BOT,19.821
Canadian Grand Prix,26.0,PIA,23.517
Canadian Grand Prix,27.0,VER,0.0
Canadian Grand Prix,27.0,GAS,29.585
Canadian Grand Prix,27.0,PER,13.222
Canadian Grand Prix,27.0,ALO,3.471
Canadian Grand Prix,27.0,LEC,7.857
Canadian Grand Prix,27.0,STR,44.864
Canadian Grand Prix,27.0,MAG,26.083
Canadian Grand Prix,27.0,DEV,29.172
Canadian Grand Prix,27.0,TSU,27.067
Canadian Grand Prix,27.0,ALB,26.25
Canadian Grand Prix,27.0,ZHO,27.617
Canadian Grand Prix,27.0,HUL,28.326
Canadian Grand Prix,27.0,OCO,19.13
Canadian Grand Prix,27.0,NOR,21.457
Canadian Grand Prix,27.0,HAM,5.127
Canadian Grand Prix,27.0,SAI,9.73
Canadian Grand Prix,27.0,RUS,30.433
Canadian Grand Prix,27.0,BOT,21.008
Canadian Grand Prix,27.0,PIA,24.63
Canadian Grand Prix,28.0,VER,0.0
Canadian Grand Prix,28.0,GAS,30.919
Canadian Grand Prix,28.0,PER,13.86
Canadian Grand Prix,28.0,ALO,3.477
Canadian Grand Prix,28.0,LEC,8.287
Canadian Grand Prix,28.0,STR,49.049
Canadian Grand Prix,28.0,MAG,28.011
Canadian Grand Prix,28.0,DEV,30.37
Canadian Grand Prix,28.0,TSU,28.489
Canadian Grand Prix,28.0,ALB,27.809
Canadian Grand Prix,28.0,ZHO,28.935
Canadian Grand Prix,28.0,HUL,29.812
Canadian Grand Prix,28.0,OCO,20.01
Canadian Grand Prix,28.0,NOR,22.59
Canadian Grand Prix,28.0,HAM,5.524
Canadian Grand Prix,28.0,SAI,10.295
Canadian Grand Prix,28.0,RUS,31.694
Canadian Grand Prix,28.0,BOT,22.07
Canadian Grand Prix,28.0,PIA,25.686
Canadian Grand Prix,29.0,VER,0.0
Canadian Grand Prix,29.0,GAS,32.792
Canadian Grand Prix,29.0,PER,14.751
Canadian Grand Prix,29.0,ALO,3.922
Canadian Grand Prix,29.0,LEC,9.02
Canadian Grand Prix,29.0,STR,49.598
Canadian Grand Prix,29.0,MAG,30.042
Canadian Grand Prix,29.0,DEV,32.198
Canadian Grand Prix,29.0,TSU,30.461
Canadian Grand Prix,29.0,ALB,29.17
Canadian Grand Prix,29.0,ZHO,31.068
Canadian Grand Prix,29.0,HUL,31.76
Canadian Grand Prix,29.0,OCO,21.14
Canadian Grand Prix,29.0,NOR,23.756
Canadian Grand Prix,29.0,HAM,6.507
Canadian Grand Prix,29.0,SAI,10.92
Canadian Grand Prix,29.0,RUS,33.277
Canadian Grand Prix,29.0,BOT,23.214
Canadian Grand Prix,29.0,PIA,27.095
Canadian Grand Prix,30.0,VER,0.0
Canadian Grand Prix,30.0,GAS,34.257
Canadian Grand Prix,30.0,PER,15.309
Canadian Grand Prix,30.0,ALO,4.201
Canadian Grand Prix,30.0,LEC,9.696
Canadian Grand Prix,30.0,STR,49.804
Canadian Grand Prix,30.0,MAG,31.336
Canadian Grand Prix,30.0,DEV,33.767
Canadian Grand Prix,30.0,TSU,31.938
Canadian Grand Prix,30.0,ALB,30.364
Canadian Grand Prix,30.0,ZHO,32.686
Canadian Grand Prix,30.0,HUL,33.308
Canadian Grand Prix,30.0,OCO,22.149
Canadian Grand Prix,30.0,NOR,25.287
Canadian Grand Prix,30.0,HAM,6.667
Canadian Grand Prix,30.0,SAI,11.325
Canadian Grand Prix,30.0,RUS,35.143
Canadian Grand Prix,30.0,BOT,24.446
Canadian Grand Prix,30.0,PIA,28.271
Canadian Grand Prix,31.0,VER,0.0
Canadian Grand Prix,31.0,GAS,35.83
Canadian Grand Prix,31.0,PER,16.202
Canadian Grand Prix,31.0,ALO,4.465
Canadian Grand Prix,31.0,LEC,10.229
Canadian Grand Prix,31.0,STR,50.33
Canadian Grand Prix,31.0,MAG,33.021
Canadian Grand Prix,31.0,DEV,35.319
Canadian Grand Prix,31.0,TSU,33.472
Canadian Grand Prix,31.0,ALB,31.635
Canadian Grand Prix,31.0,ZHO,34.278
Canadian Grand Prix,31.0,HUL,51.759
Canadian Grand Prix,31.0,OCO,23.161
Canadian Grand Prix,31.0,NOR,26.684
Canadian Grand Prix,31.0,HAM,7.069
Canadian Grand Prix,31.0,SAI,11.916
Canadian Grand Prix,31.0,RUS,36.62
Canadian Grand Prix,31.0,BOT,25.461
Canadian Grand Prix,31.0,PIA,29.631
Canadian Grand Prix,32.0,VER,0.0
Canadian Grand Prix,32.0,GAS,37.038
Canadian Grand Prix,32.0,PER,17.005
Canadian Grand Prix,32.0,ALO,5.214
Canadian Grand Prix,32.0,LEC,10.698
Canadian Grand Prix,32.0,STR,50.703
Canadian Grand Prix,32.0,MAG,34.998
Canadian Grand Prix,32.0,DEV,36.683
Canadian Grand Prix,32.0,TSU,35.286
Canadian Grand Prix,32.0,ALB,32.725
Canadian Grand Prix,32.0,ZHO,55.994
Canadian Grand Prix,32.0,HUL,54.373
Canadian Grand Prix,32.0,OCO,24.312
Canadian Grand Prix,32.0,NOR,28.244
Canadian Grand Prix,32.0,HAM,7.75
Canadian Grand Prix,32.0,SAI,12.357
Canadian Grand Prix,32.0,RUS,38.01
Canadian Grand Prix,32.0,BOT,26.948
Canadian Grand Prix,32.0,PIA,30.882
Canadian Grand Prix,33.0,VER,0.0
Canadian Grand Prix,33.0,GAS,55.352
Canadian Grand Prix,33.0,PER,18.161
Canadian Grand Prix,33.0,ALO,5.375
Canadian Grand Prix,33.0,LEC,11.057
Canadian Grand Prix,33.0,STR,51.018
Canadian Grand Prix,33.0,MAG,36.875
Canadian Grand Prix,33.0,DEV,38.109
Canadian Grand Prix,33.0,TSU,37.308
Canadian Grand Prix,33.0,ALB,33.914
Canadian Grand Prix,33.0,ZHO,60.527
Canadian Grand Prix,33.0,HUL,54.837
Canadian Grand Prix,33.0,OCO,25.511
Canadian Grand Prix,33.0,NOR,29.887
Canadian Grand Prix,33.0,HAM,8.199
Canadian Grand Prix,33.0,SAI,13.06
Canadian Grand Prix,33.0,RUS,39.12
Canadian Grand Prix,33.0,BOT,28.127
Canadian Grand Prix,33.0,PIA,32.438
Canadian Grand Prix,34.0,VER,0.0
Canadian Grand Prix,34.0,GAS,59.209
Canadian Grand Prix,34.0,PER,19.074
Canadian Grand Prix,34.0,ALO,5.39
Canadian Grand Prix,34.0,LEC,11.464
Canadian Grand Prix,34.0,STR,51.037
Canadian Grand Prix,34.0,MAG,39.315
Canadian Grand Prix,34.0,DEV,39.459
Canadian Grand Prix,34.0,TSU,58.324
Canadian Grand Prix,34.0,ALB,35.131
Canadian Grand Prix,34.0,ZHO,61.482
Canadian Grand Prix,34.0,HUL,55.475
Canadian Grand Prix,34.0,OCO,26.554
Canadian Grand Prix,34.0,NOR,31.32
Canadian Grand Prix,34.0,HAM,8.645
Canadian Grand Prix,34.0,SAI,13.642
Canadian Grand Prix,34.0,RUS,39.934
Canadian Grand Prix,34.0,BOT,29.32
Canadian Grand Prix,34.0,PIA,33.754
Canadian Grand Prix,35.0,VER,0.0
Canadian Grand Prix,35.0,GAS,60.128
Canadian Grand Prix,35.0,PER,19.591
Canadian Grand Prix,35.0,ALO,5.312
Canadian Grand Prix,35.0,LEC,11.981
Canadian Grand Prix,35.0,STR,51.984
Canadian Grand Prix,35.0,MAG,101.783
Canadian Grand Prix,35.0,DEV,101.905
Canadian Grand Prix,35.0,TSU,62.033
Canadian Grand Prix,35.0,ALB,36.332
Canadian Grand Prix,35.0,ZHO,62.659
Canadian Grand Prix,35.0,HUL,56.734
Canadian Grand Prix,35.0,OCO,27.565
Canadian Grand Prix,35.0,NOR,48.087
Canadian Grand Prix,35.0,HAM,9.07
Canadian Grand Prix,35.0,SAI,13.869
Canadian Grand Prix,35.0,RUS,41.023
Canadian Grand Prix,35.0,BOT,30.262
Canadian Grand Prix,35.0,PIA,35.022
Canadian Grand Prix,36.0,VER,0.0
Canadian Grand Prix,36.0,GAS,59.668
Canadian Grand Prix,36.0,PER,20.296
Canadian Grand Prix,36.0,ALO,5.196
Canadian Grand Prix,36.0,LEC,12.25
Canadian Grand Prix,36.0,STR,51.695
Canadian Grand Prix,36.0,MAG,106.203
Canadian Grand Prix,36.0,DEV,102.96
Canadian Grand Prix,36.0,TSU,61.602
Canadian Grand Prix,36.0,ALB,36.572
Canadian Grand Prix,36.0,ZHO,62.949
Canadian Grand Prix,36.0,HUL,56.275
Canadian Grand Prix,36.0,OCO,44.788
Canadian Grand Prix,36.0,NOR,50.475
Canadian Grand Prix,36.0,HAM,9.18
Canadian Grand Prix,36.0,SAI,13.958
Canadian Grand Prix,36.0,RUS,40.884
Canadian Grand Prix,36.0,BOT,47.478
Canadian Grand Prix,36.0,PIA,35.866
Canadian Grand Prix,37.0,VER,0.0
Canadian Grand Prix,37.0,GAS,59.997
Canadian Grand Prix,37.0,PER,36.852
Canadian Grand Prix,37.0,ALO,5.271
Canadian Grand Prix,37.0,LEC,12.577
Canadian Grand Prix,37.0,STR,52.296
Canadian Grand Prix,37.0,MAG,107.802
Canadian Grand Prix,37.0,DEV,104.535
Canadian Grand Prix,37.0,TSU,61.906
Canadian Grand Prix,37.0,ALB,37.606
Canadian Grand Prix,37.0,ZHO,63.691
Canadian Grand Prix,37.0,HUL,56.413
Canadian Grand Prix,37.0,OCO,48.545
Canadian Grand Prix,37.0,NOR,50.411
Canadian Grand Prix,37.0,HAM,9.122
Canadian Grand Prix,37.0,SAI,14.359
Canadian Grand Prix,37.0,RUS,41.409
Canadian Grand Prix,37.0,BOT,49.796
Canadian Grand Prix,37.0,PIA,52.831
Canadian Grand Prix,38.0,VER,0.0
Canadian Grand Prix,38.0,GAS,60.237
Canadian Grand Prix,38.0,PER,39.615
Canadian Grand Prix,38.0,ALO,5.337
Canadian Grand Prix,38.0,LEC,13.132
Canadian Grand Prix,38.0,STR,52.609
Canadian Grand Prix,38.0,MAG,108.206
Canadian Grand Prix,38.0,DEV,105.876
Canadian Grand Prix,38.0,TSU,62.327
Canadian Grand Prix,38.0,ALB,38.377
Canadian Grand Prix,38.0,ZHO,64.314
Canadian Grand Prix,38.0,HUL,57.291
Canadian Grand Prix,38.0,OCO,48.868
Canadian Grand Prix,38.0,NOR,50.862
Canadian Grand Prix,38.0,HAM,9.549
Canadian Grand Prix,38.0,SAI,31.473
Canadian Grand Prix,38.0,RUS,42.418
Canadian Grand Prix,38.0,BOT,50.031
Canadian Grand Prix,38.0,PIA,56.689
Canadian Grand Prix,39.0,VER,0.0
Canadian Grand Prix,39.0,GAS,60.144
Canadian Grand Prix,39.0,PER,39.046
Canadian Grand Prix,39.0,ALO,5.09
Canadian Grand Prix,39.0,LEC,29.89
Canadian Grand Prix,39.0,STR,52.705
Canadian Grand Prix,39.0,MAG,108.535
Canadian Grand Prix,39.0,DEV,107.041
Canadian Grand Prix,39.0,TSU,62.254
Canadian Grand Prix,39.0,ALB,39.545
Canadian Grand Prix,39.0,ZHO,64.26
Canadian Grand Prix,39.0,HUL,57.606
Canadian Grand Prix,39.0,OCO,48.768
Canadian Grand Prix,39.0,NOR,51.432
Canadian Grand Prix,39.0,HAM,9.793
Canadian Grand Prix,39.0,SAI,34.259
Canadian Grand Prix,39.0,RUS,42.581
Canadian Grand Prix,39.0,BOT,49.904
Canadian Grand Prix,39.0,PIA,56.724
Canadian Grand Prix,40.0,VER,0.0
Canadian Grand Prix,40.0,GAS,60.021
Canadian Grand Prix,40.0,PER,38.415
Canadian Grand Prix,40.0,ALO,4.945
Canadian Grand Prix,40.0,LEC,32.672
Canadian Grand Prix,40.0,STR,52.55
Canadian Grand Prix,40.0,MAG,108.188
Canadian Grand Prix,40.0,DEV,107.933
Canadian Grand Prix,40.0,TSU,62.112
Canadian Grand Prix,40.0,ALB,40.236
Canadian Grand Prix,40.0,ZHO,64.66
Canadian Grand Prix,40.0,HUL,58.31
Canadian Grand Prix,40.0,OCO,48.439
Canadian Grand Prix,40.0,NOR,51.313
Canadian Grand Prix,40.0,HAM,25.918
Canadian Grand Prix,40.0,SAI,33.898
Canadian Grand Prix,40.0,RUS,42.826
Canadian Grand Prix,40.0,BOT,49.497
Canadian Grand Prix,40.0,PIA,56.516
Canadian Grand Prix,41.0,VER,0.0
Canadian Grand Prix,41.0,GAS,60.13
Canadian Grand Prix,41.0,PER,37.808
Canadian Grand Prix,41.0,ALO,21.557
Canadian Grand Prix,41.0,LEC,32.661
Canadian Grand Prix,41.0,STR,52.64
Canadian Grand Prix,41.0,MAG,110.961
Canadian Grand Prix,41.0,DEV,110.136
Canadian Grand Prix,41.0,TSU,62.317
Canadian Grand Prix,41.0,ALB,41.222
Canadian Grand Prix,41.0,ZHO,65.074
Canadian Grand Prix,41.0,HUL,59.302
Canadian Grand Prix,41.0,OCO,48.496
Canadian Grand Prix,41.0,NOR,51.426
Canadian Grand Prix,41.0,HAM,29.297
Canadian Grand Prix,41.0,SAI,33.311
Canadian Grand Prix,41.0,RUS,43.627
Canadian Grand Prix,41.0,BOT,49.611
Canadian Grand Prix,41.0,PIA,56.849
Canadian Grand Prix,42.0,VER,0.0
Canadian Grand Prix,42.0,GAS,44.18
Canadian Grand Prix,42.0,PER,20.684
Canadian Grand Prix,42.0,ALO,7.556
Canadian Grand Prix,42.0,LEC,15.568
Canadian Grand Prix,42.0,STR,36.602
Canadian Grand Prix,42.0,MAG,95.732
Canadian Grand Prix,42.0,DEV,95.469
Canadian Grand Prix,42.0,TSU,46.261
Canadian Grand Prix,42.0,ALB,25.673000000000002
Canadian Grand Prix,42.0,ZHO,51.476
Canadian Grand Prix,42.0,HUL,43.747
Canadian Grand Prix,42.0,OCO,32.282
Canadian Grand Prix,42.0,NOR,35.203
Canadian Grand Prix,42.0,HAM,12.929
Canadian Grand Prix,42.0,SAI,16.76
Canadian Grand Prix,42.0,RUS,28.03
Canadian Grand Prix,42.0,BOT,33.627
Canadian Grand Prix,42.0,PIA,40.931
Canadian Grand Prix,43.0,VER,0.0
Canadian Grand Prix,43.0,GAS,42.275
Canadian Grand Prix,43.0,PER,17.974
Canadian Grand Prix,43.0,ALO,4.503
Canadian Grand Prix,43.0,LEC,12.557
Canadian Grand Prix,43.0,STR,34.5
Canadian Grand Prix,43.0,MAG,95.544
Canadian Grand Prix,43.0,DEV,95.122
Canadian Grand Prix,43.0,TSU,44.333
Canadian Grand Prix,43.0,ALB,24.035
Canadian Grand Prix,43.0,ZHO,50.723
Canadian Grand Prix,43.0,HUL,42.899
Canadian Grand Prix,43.0,OCO,30.101
Canadian Grand Prix,43.0,NOR,32.913
Canadian Grand Prix,43.0,HAM,9.899000000000001
Canadian Grand Prix,43.0,SAI,14.528
Canadian Grand Prix,43.0,RUS,26.112
Canadian Grand Prix,43.0,BOT,31.338
Canadian Grand Prix,43.0,PIA,38.822
Canadian Grand Prix,44.0,VER,0.0
Canadian Grand Prix,44.0,GAS,42.877
Canadian Grand Prix,44.0,PER,17.822
Canadian Grand Prix,44.0,ALO,4.549
Canadian Grand Prix,44.0,LEC,12.378
Canadian Grand Prix,44.0,STR,35.19
Canadian Grand Prix,44.0,MAG,96.86
Canadian Grand Prix,44.0,DEV,97.432
Canadian Grand Prix,44.0,TSU,45.648
Canadian Grand Prix,44.0,ALB,25.267
Canadian Grand Prix,44.0,ZHO,52.095
Canadian Grand Prix,44.0,HUL,44.538
Canadian Grand Prix,44.0,OCO,30.846
Canadian Grand Prix,44.0,NOR,33.605
Canadian Grand Prix,44.0,HAM,9.58
Canadian Grand Prix,44.0,SAI,14.731
Canadian Grand Prix,44.0,RUS,26.887
Canadian Grand Prix,44.0,BOT,32.009
Canadian Grand Prix,44.0,PIA,39.606
Canadian Grand Prix,45.0,VER,0.0
Canadian Grand Prix,45.0,GAS,43.562
Canadian Grand Prix,45.0,PER,18.175
Canadian Grand Prix,45.0,ALO,4.509
Canadian Grand Prix,45.0,LEC,12.687
Canadian Grand Prix,45.0,STR,36.267
Canadian Grand Prix,45.0,MAG,98.734
Canadian Grand Prix,45.0,DEV,99.542
Canadian Grand Prix,45.0,TSU,47.262
Canadian Grand Prix,45.0,ALB,26.83
Canadian Grand Prix,45.0,ZHO,53.578
Canadian Grand Prix,45.0,HUL,45.979
Canadian Grand Prix,45.0,OCO,31.623
Canadian Grand Prix,45.0,NOR,34.481
Canadian Grand Prix,45.0,HAM,9.493
Canadian Grand Prix,45.0,SAI,14.738
Canadian Grand Prix,45.0,RUS,27.909
Canadian Grand Prix,45.0,BOT,32.848
Canadian Grand Prix,45.0,PIA,40.388
Canadian Grand Prix,46.0,VER,0.0
Canadian Grand Prix,46.0,GAS,44.11
Canadian Grand Prix,46.0,PER,18.203
Canadian Grand Prix,46.0,ALO,4.196
Canadian Grand Prix,46.0,LEC,12.614
Canadian Grand Prix,46.0,STR,37.499
Canadian Grand Prix,46.0,MAG,100.21
Canadian Grand Prix,46.0,DEV,101.723
Canadian Grand Prix,46.0,TSU,48.189
Canadian Grand Prix,46.0,ALB,28.283
Canadian Grand Prix,46.0,ZHO,54.515
Canadian Grand Prix,46.0,HUL,47.154
Canadian Grand Prix,46.0,OCO,32.274
Canadian Grand Prix,46.0,NOR,34.976
Canadian Grand Prix,46.0,HAM,9.168
Canadian Grand Prix,46.0,SAI,14.634
Canadian Grand Prix,46.0,RUS,29.092
Canadian Grand Prix,46.0,BOT,33.462
Canadian Grand Prix,46.0,PIA,40.996
Canadian Grand Prix,47.0,VER,0.0
Canadian Grand Prix,47.0,GAS,45.024
Canadian Grand Prix,47.0,PER,18.455
Canadian Grand Prix,47.0,ALO,5.527
Canadian Grand Prix,47.0,LEC,12.485
Canadian Grand Prix,47.0,STR,38.765
Canadian Grand Prix,47.0,MAG,101.614
Canadian Grand Prix,47.0,DEV,104.525
Canadian Grand Prix,47.0,TSU,49.12
Canadian Grand Prix,47.0,ALB,29.699
Canadian Grand Prix,47.0,ZHO,55.852
Canadian Grand Prix,47.0,HUL,48.718
Canadian Grand Prix,47.0,OCO,33.21
Canadian Grand Prix,47.0,NOR,35.86
Canadian Grand Prix,47.0,HAM,8.528
Canadian Grand Prix,47.0,SAI,14.509
Canadian Grand Prix,47.0,RUS,30.414
Canadian Grand Prix,47.0,BOT,34.471
Canadian Grand Prix,47.0,PIA,41.982
Canadian Grand Prix,48.0,VER,0.0
Canadian Grand Prix,48.0,GAS,45.93
Canadian Grand Prix,48.0,PER,18.726
Canadian Grand Prix,48.0,ALO,5.463
Canadian Grand Prix,48.0,LEC,12.335
Canadian Grand Prix,48.0,STR,39.659
Canadian Grand Prix,48.0,MAG,103.14
Canadian Grand Prix,48.0,DEV,106.999
Canadian Grand Prix,48.0,TSU,50.037
Canadian Grand Prix,48.0,ALB,31.35
Canadian Grand Prix,48.0,ZHO,57.109
Canadian Grand Prix,48.0,HUL,50.568
Canadian Grand Prix,48.0,OCO,34.21
Canadian Grand Prix,48.0,NOR,36.839
Canadian Grand Prix,48.0,HAM,8.73
Canadian Grand Prix,48.0,SAI,14.595
Canadian Grand Prix,48.0,RUS,32.016
Canadian Grand Prix,48.0,BOT,35.597
Canadian Grand Prix,48.0,PIA,42.954
Canadian Grand Prix,49.0,VER,0.0
Canadian Grand Prix,49.0,GAS,46.946
Canadian Grand Prix,49.0,PER,18.954
Canadian Grand Prix,49.0,ALO,5.502
Canadian Grand Prix,49.0,LEC,12.447
Canadian Grand Prix,49.0,STR,40.731
Canadian Grand Prix,49.0,MAG,104.979
Canadian Grand Prix,49.0,DEV,109.263
Canadian Grand Prix,49.0,TSU,51.385
Canadian Grand Prix,49.0,ALB,33.181
Canadian Grand Prix,49.0,ZHO,58.665
Canadian Grand Prix,49.0,HUL,52.847
Canadian Grand Prix,49.0,OCO,35.746
Canadian Grand Prix,49.0,NOR,37.967
Canadian Grand Prix,49.0,HAM,8.988
Canadian Grand Prix,49.0,SAI,14.801
Canadian Grand Prix,49.0,RUS,34.046
Canadian Grand Prix,49.0,BOT,37.013
Canadian Grand Prix,49.0,PIA,44.262
Canadian Grand Prix,50.0,VER,0.0
Canadian Grand Prix,50.0,GAS,48.039
Canadian Grand Prix,50.0,PER,19.719
Canadian Grand Prix,50.0,ALO,5.8469999999999995
Canadian Grand Prix,50.0,LEC,12.803
Canadian Grand Prix,50.0,STR,41.769
Canadian Grand Prix,50.0,MAG,106.765
Canadian Grand Prix,50.0,DEV,127.708
Canadian Grand Prix,50.0,TSU,52.325
Canadian Grand Prix,50.0,ALB,34.868
Canadian Grand Prix,50.0,ZHO,59.995
Canadian Grand Prix,50.0,HUL,54.947
Canadian Grand Prix,50.0,OCO,37.254
Canadian Grand Prix,50.0,NOR,38.578
Canadian Grand Prix,50.0,HAM,9.315
Canadian Grand Prix,50.0,SAI,15.186
Canadian Grand Prix,50.0,RUS,35.757
Canadian Grand Prix,50.0,BOT,38.295
Canadian Grand Prix,50.0,PIA,45.7
Canadian Grand Prix,51.0,VER,0.0
Canadian Grand Prix,51.0,GAS,49.081
Canadian Grand Prix,51.0,PER,20.675
Canadian Grand Prix,51.0,ALO,6.237
Canadian Grand Prix,51.0,LEC,13.199
Canadian Grand Prix,51.0,STR,42.826
Canadian Grand Prix,51.0,MAG,108.455
Canadian Grand Prix,51.0,DEV,132.505
Canadian Grand Prix,51.0,TSU,53.311
Canadian Grand Prix,51.0,ALB,36.684
Canadian Grand Prix,51.0,ZHO,61.703
Canadian Grand Prix,51.0,HUL,56.818
Canadian Grand Prix,51.0,OCO,38.798
Canadian Grand Prix,51.0,NOR,39.983
Canadian Grand Prix,51.0,HAM,9.622
Canadian Grand Prix,51.0,SAI,15.579
Canadian Grand Prix,51.0,RUS,37.299
Canadian Grand Prix,51.0,BOT,39.701
Canadian Grand Prix,51.0,PIA,47.078
Canadian Grand Prix,52.0,VER,0.0
Canadian Grand Prix,52.0,GAS,49.891
Canadian Grand Prix,52.0,PER,20.967
Canadian Grand Prix,52.0,ALO,6.331
Canadian Grand Prix,52.0,LEC,13.221
Canadian Grand Prix,52.0,STR,43.497
Canadian Grand Prix,52.0,MAG,109.775
Canadian Grand Prix,52.0,DEV,133.058
Canadian Grand Prix,52.0,TSU,53.989
Canadian Grand Prix,52.0,ALB,38.002
Canadian Grand Prix,52.0,ZHO,62.954
Canadian Grand Prix,52.0,HUL,58.621
Canadian Grand Prix,52.0,OCO,39.819
Canadian Grand Prix,52.0,NOR,40.858
Canadian Grand Prix,52.0,HAM,9.21
Canadian Grand Prix,52.0,SAI,15.567
Canadian Grand Prix,52.0,RUS,38.778
Canadian Grand Prix,52.0,BOT,40.223
Canadian Grand Prix,52.0,PIA,47.881
Canadian Grand Prix,53.0,VER,0.0
Canadian Grand Prix,53.0,GAS,51.01
Canadian Grand Prix,53.0,PER,22.047
Canadian Grand Prix,53.0,ALO,6.446
Canadian Grand Prix,53.0,LEC,13.487
Canadian Grand Prix,53.0,STR,44.656
Canadian Grand Prix,53.0,MAG,128.717
Canadian Grand Prix,53.0,DEV,134.185
Canadian Grand Prix,53.0,TSU,55.038
Canadian Grand Prix,53.0,ALB,39.83
Canadian Grand Prix,53.0,ZHO,64.496
Canadian Grand Prix,53.0,HUL,60.376
Canadian Grand Prix,53.0,OCO,41.285
Canadian Grand Prix,53.0,NOR,42.183
Canadian Grand Prix,53.0,HAM,9.535
Canadian Grand Prix,53.0,SAI,15.931000000000001
Canadian Grand Prix,53.0,RUS,40.66
Canadian Grand Prix,53.0,BOT,41.643
Canadian Grand Prix,53.0,PIA,48.899
Canadian Grand Prix,54.0,VER,0.0
Canadian Grand Prix,54.0,GAS,52.271
Canadian Grand Prix,54.0,PER,22.962
Canadian Grand Prix,54.0,ALO,6.933
Canadian Grand Prix,54.0,LEC,13.881
Canadian Grand Prix,54.0,STR,45.789
Canadian Grand Prix,54.0,MAG,134.822
Canadian Grand Prix,54.0,DEV,135.352
Canadian Grand Prix,54.0,TSU,56.258
Canadian Grand Prix,54.0,ALB,41.543
Canadian Grand Prix,54.0,ZHO,66.168
Canadian Grand Prix,54.0,HUL,63.135
Canadian Grand Prix,54.0,OCO,42.621
Canadian Grand Prix,54.0,NOR,43.68
Canadian Grand Prix,54.0,HAM,9.344
Canadian Grand Prix,54.0,SAI,16.52
Canadian Grand Prix,54.0,RUS,42.196
Canadian Grand Prix,54.0,BOT,43.209
Canadian Grand Prix,54.0,PIA,50.037
Canadian Grand Prix,55.0,VER,0.0
Canadian Grand Prix,55.0,GAS,53.561
Canadian Grand Prix,55.0,PER,24.104
Canadian Grand Prix,55.0,ALO,7.3
Canadian Grand Prix,55.0,LEC,14.106
Canadian Grand Prix,55.0,STR,46.948
Canadian Grand Prix,55.0,MAG,135.128
Canadian Grand Prix,55.0,DEV,136.571
Canadian Grand Prix,55.0,TSU,57.831
Canadian Grand Prix,55.0,ALB,43.141
Canadian Grand Prix,55.0,ZHO,67.871
Canadian Grand Prix,55.0,HUL,65.211
Canadian Grand Prix,55.0,OCO,43.857
Canadian Grand Prix,55.0,NOR,44.952
Canadian Grand Prix,55.0,HAM,9.626
Canadian Grand Prix,55.0,SAI,16.654
Canadian Grand Prix,55.0,BOT,44.393
Canadian Grand Prix,55.0,PIA,51.167
Canadian Grand Prix,56.0,VER,0.0
Canadian Grand Prix,56.0,GAS,54.66
Canadian Grand Prix,56.0,PER,25.285
Canadian Grand Prix,56.0,ALO,7.576
Canadian Grand Prix,56.0,LEC,14.431
Canadian Grand Prix,56.0,STR,47.862
Canadian Grand Prix,56.0,MAG,136.092
Canadian Grand Prix,56.0,DEV,137.586
Canadian Grand Prix,56.0,TSU,58.656
Canadian Grand Prix,56.0,ALB,44.567
Canadian Grand Prix,56.0,ZHO,69.294
Canadian Grand Prix,56.0,HUL,66.821
Canadian Grand Prix,56.0,OCO,45.198
Canadian Grand Prix,56.0,NOR,46.07
Canadian Grand Prix,56.0,HAM,9.531
Canadian Grand Prix,56.0,SAI,17.123
Canadian Grand Prix,56.0,BOT,45.634
Canadian Grand Prix,56.0,PIA,52.105
Canadian Grand Prix,57.0,VER,0.0
Canadian Grand Prix,57.0,GAS,55.517
Canadian Grand Prix,57.0,PER,26.153
Canadian Grand Prix,57.0,ALO,7.793
Canadian Grand Prix,57.0,LEC,14.454
Canadian Grand Prix,57.0,STR,48.688
Canadian Grand Prix,57.0,MAG,137.192
Canadian Grand Prix,57.0,DEV,138.425
Canadian Grand Prix,57.0,TSU,59.717
Canadian Grand Prix,57.0,ALB,45.77
Canadian Grand Prix,57.0,ZHO,70.586
Canadian Grand Prix,57.0,HUL,68.464
Canadian Grand Prix,57.0,OCO,46.31
Canadian Grand Prix,57.0,NOR,47.133
Canadian Grand Prix,57.0,HAM,9.396
Canadian Grand Prix,57.0,SAI,17.98
Canadian Grand Prix,57.0,BOT,46.736
Canadian Grand Prix,57.0,PIA,53.055
Canadian Grand Prix,58.0,VER,0.0
Canadian Grand Prix,58.0,GAS,56.285
Canadian Grand Prix,58.0,PER,26.66
Canadian Grand Prix,58.0,ALO,7.806
Canadian Grand Prix,58.0,LEC,14.801
Canadian Grand Prix,58.0,STR,49.295
Canadian Grand Prix,58.0,MAG,138.118
Canadian Grand Prix,58.0,DEV,139.534
Canadian Grand Prix,58.0,TSU,61.313
Canadian Grand Prix,58.0,ALB,47.197
Canadian Grand Prix,58.0,ZHO,71.719
Canadian Grand Prix,58.0,HUL,69.883
Canadian Grand Prix,58.0,OCO,47.619
Canadian Grand Prix,58.0,NOR,48.602
Canadian Grand Prix,58.0,HAM,9.241
Canadian Grand Prix,58.0,SAI,18.163
Canadian Grand Prix,58.0,BOT,48.102
Canadian Grand Prix,58.0,PIA,53.778
Canadian Grand Prix,59.0,VER,0.0
Canadian Grand Prix,59.0,GAS,57.066
Canadian Grand Prix,59.0,PER,27.353
Canadian Grand Prix,59.0,ALO,7.943
Canadian Grand Prix,59.0,LEC,14.987
Canadian Grand Prix,59.0,STR,50.422
Canadian Grand Prix,59.0,MAG,139.082
Canadian Grand Prix,59.0,DEV,140.711
Canadian Grand Prix,59.0,TSU,63.137
Canadian Grand Prix,59.0,ALB,48.506
Canadian Grand Prix,59.0,ZHO,73.14
Canadian Grand Prix,59.0,HUL,71.535
Canadian Grand Prix,59.0,OCO,48.971
Canadian Grand Prix,59.0,NOR,49.712
Canadian Grand Prix,59.0,HAM,9.438
Canadian Grand Prix,59.0,SAI,18.354
Canadian Grand Prix,59.0,BOT,49.379
Canadian Grand Prix,59.0,PIA,54.601
Canadian Grand Prix,60.0,VER,0.0
Canadian Grand Prix,60.0,GAS,57.841
Canadian Grand Prix,60.0,PER,27.806
Canadian Grand Prix,60.0,ALO,8.267
Canadian Grand Prix,60.0,LEC,15.362
Canadian Grand Prix,60.0,STR,51.673
Canadian Grand Prix,60.0,MAG,139.938
Canadian Grand Prix,60.0,DEV,142.418
Canadian Grand Prix,60.0,TSU,64.374
Canadian Grand Prix,60.0,ALB,49.792
Canadian Grand Prix,60.0,ZHO,74.501
Canadian Grand Prix,60.0,HUL,73.143
Canadian Grand Prix,60.0,OCO,50.377
Canadian Grand Prix,60.0,NOR,51.001
Canadian Grand Prix,60.0,HAM,9.705
Canadian Grand Prix,60.0,SAI,18.435
Canadian Grand Prix,60.0,BOT,50.751
Canadian Grand Prix,60.0,PIA,55.451
Canadian Grand Prix,61.0,VER,0.0
Canadian Grand Prix,61.0,GAS,58.634
Canadian Grand Prix,61.0,PER,28.23
Canadian Grand Prix,61.0,ALO,8.192
Canadian Grand Prix,61.0,LEC,15.509
Canadian Grand Prix,61.0,STR,53.032
Canadian Grand Prix,61.0,MAG,140.788
Canadian Grand Prix,61.0,DEV,143.913
Canadian Grand Prix,61.0,TSU,65.387
Canadian Grand Prix,61.0,ALB,51.072
Canadian Grand Prix,61.0,ZHO,77.339
Canadian Grand Prix,61.0,HUL,74.979
Canadian Grand Prix,61.0,OCO,51.684
Canadian Grand Prix,61.0,NOR,52.402
Canadian Grand Prix,61.0,HAM,10.069
Canadian Grand Prix,61.0,SAI,18.514
Canadian Grand Prix,61.0,BOT,52.2
Canadian Grand Prix,61.0,PIA,56.304
Canadian Grand Prix,62.0,VER,0.0
Canadian Grand Prix,62.0,GAS,59.361
Canadian Grand Prix,62.0,PER,28.605
Canadian Grand Prix,62.0,ALO,8.038
Canadian Grand Prix,62.0,LEC,15.776
Canadian Grand Prix,62.0,STR,54.251
Canadian Grand Prix,62.0,MAG,141.73
Canadian Grand Prix,62.0,DEV,145.103
Canadian Grand Prix,62.0,TSU,66.462
Canadian Grand Prix,62.0,ALB,52.153
Canadian Grand Prix,62.0,ZHO,78.611
Canadian Grand Prix,62.0,HUL,78.189
Canadian Grand Prix,62.0,OCO,52.788
Canadian Grand Prix,62.0,NOR,53.686
Canadian Grand Prix,62.0,HAM,10.163
Canadian Grand Prix,62.0,SAI,18.767
Canadian Grand Prix,62.0,BOT,53.413
Canadian Grand Prix,62.0,PIA,57.176
Canadian Grand Prix,63.0,VER,0.0
Canadian Grand Prix,63.0,GAS,60.16
Canadian Grand Prix,63.0,PER,29.063
Canadian Grand Prix,63.0,ALO,8.055
Canadian Grand Prix,63.0,LEC,15.974
Canadian Grand Prix,63.0,STR,55.638
Canadian Grand Prix,63.0,MAG,142.85
Canadian Grand Prix,63.0,DEV,146.271
Canadian Grand Prix,63.0,TSU,67.455
Canadian Grand Prix,63.0,ALB,53.168
Canadian Grand Prix,63.0,ZHO,80.395
Canadian Grand Prix,63.0,HUL,79.867
Canadian Grand Prix,63.0,OCO,53.633
Canadian Grand Prix,63.0,NOR,55.053
Canadian Grand Prix,63.0,HAM,10.594
Canadian Grand Prix,63.0,SAI,18.875
Canadian Grand Prix,63.0,BOT,55.494
Canadian Grand Prix,63.0,PIA,58.481
Canadian Grand Prix,64.0,VER,0.0
Canadian Grand Prix,64.0,GAS,60.68
Canadian Grand Prix,64.0,PER,29.187
Canadian Grand Prix,64.0,ALO,7.779
Canadian Grand Prix,64.0,LEC,15.706
Canadian Grand Prix,64.0,STR,57.282
Canadian Grand Prix,64.0,MAG,143.365
Canadian Grand Prix,64.0,DEV,147.242
Canadian Grand Prix,64.0,TSU,68.384
Canadian Grand Prix,64.0,ALB,54.083
Canadian Grand Prix,64.0,ZHO,81.689
Canadian Grand Prix,64.0,HUL,81.229
Canadian Grand Prix,64.0,OCO,54.69
Canadian Grand Prix,64.0,NOR,55.821
Canadian Grand Prix,64.0,HAM,10.696
Canadian Grand Prix,64.0,SAI,18.689
Canadian Grand Prix,64.0,BOT,56.639
Canadian Grand Prix,64.0,PIA,59.202
Canadian Grand Prix,65.0,VER,0.0
Canadian Grand Prix,65.0,GAS,61.681
Canadian Grand Prix,65.0,PER,29.86
Canadian Grand Prix,65.0,ALO,8.067
Canadian Grand Prix,65.0,LEC,16.075
Canadian Grand Prix,65.0,STR,58.96
Canadian Grand Prix,65.0,MAG,144.442
Canadian Grand Prix,65.0,DEV,148.255
Canadian Grand Prix,65.0,TSU,69.471
Canadian Grand Prix,65.0,ALB,55.366
Canadian Grand Prix,65.0,ZHO,84.516
Canadian Grand Prix,65.0,HUL,83.48
Canadian Grand Prix,65.0,OCO,55.884
Canadian Grand Prix,65.0,NOR,56.298
Canadian Grand Prix,65.0,HAM,10.92
Canadian Grand Prix,65.0,SAI,19.12
Canadian Grand Prix,65.0,BOT,58.237
Canadian Grand Prix,65.0,PIA,60.158
Canadian Grand Prix,66.0,VER,0.0
Canadian Grand Prix,66.0,GAS,62.075
Canadian Grand Prix,66.0,PER,30.398
Canadian Grand Prix,66.0,ALO,8.118
Canadian Grand Prix,66.0,LEC,16.083
Canadian Grand Prix,66.0,STR,59.837
Canadian Grand Prix,66.0,MAG,145.0
Canadian Grand Prix,66.0,DEV,148.726
Canadian Grand Prix,66.0,TSU,70.248
Canadian Grand Prix,66.0,ALB,56.474
Canadian Grand Prix,66.0,ZHO,86.971
Canadian Grand Prix,66.0,HUL,86.562
Canadian Grand Prix,66.0,OCO,56.961
Canadian Grand Prix,66.0,NOR,57.268
Canadian Grand Prix,66.0,HAM,11.224
Canadian Grand Prix,66.0,SAI,19.559
Canadian Grand Prix,66.0,BOT,59.3
Canadian Grand Prix,66.0,PIA,60.636
Canadian Grand Prix,67.0,VER,0.0
Canadian Grand Prix,67.0,GAS,62.379
Canadian Grand Prix,67.0,PER,30.79
Canadian Grand Prix,67.0,ALO,8.807
Canadian Grand Prix,67.0,LEC,16.679
Canadian Grand Prix,67.0,STR,61.16
Canadian Grand Prix,67.0,MAG,145.401
Canadian Grand Prix,67.0,DEV,149.451
Canadian Grand Prix,67.0,TSU,70.948
Canadian Grand Prix,67.0,ALB,57.566
Canadian Grand Prix,67.0,ZHO,89.89
Canadian Grand Prix,67.0,HUL,89.417
Canadian Grand Prix,67.0,OCO,58.12
Canadian Grand Prix,67.0,NOR,58.351
Canadian Grand Prix,67.0,HAM,11.754
Canadian Grand Prix,67.0,SAI,19.745
Canadian Grand Prix,67.0,BOT,60.542
Canadian Grand Prix,67.0,PIA,61.715
Canadian Grand Prix,68.0,VER,0.0
Canadian Grand Prix,68.0,GAS,63.681
Canadian Grand Prix,68.0,PER,47.761
Canadian Grand Prix,68.0,ALO,9.82
Canadian Grand Prix,68.0,LEC,17.36
Canadian Grand Prix,68.0,STR,62.609
Canadian Grand Prix,68.0,MAG,146.228
Canadian Grand Prix,68.0,DEV,150.594
Canadian Grand Prix,68.0,TSU,72.02
Canadian Grand Prix,68.0,ALB,58.889
Canadian Grand Prix,68.0,ZHO,91.743
Canadian Grand Prix,68.0,HUL,91.385
Canadian Grand Prix,68.0,OCO,59.345
Canadian Grand Prix,68.0,NOR,59.657
Canadian Grand Prix,68.0,HAM,13.014
Canadian Grand Prix,68.0,SAI,20.692
Canadian Grand Prix,68.0,BOT,62.085
Canadian Grand Prix,68.0,PIA,63.121
Canadian Grand Prix,69.0,VER,0.0
Canadian Grand Prix,69.0,GAS,64.583
Canadian Grand Prix,69.0,PER,52.784
Canadian Grand Prix,69.0,ALO,9.461
Canadian Grand Prix,69.0,LEC,17.688
Canadian Grand Prix,69.0,STR,63.425
Canadian Grand Prix,69.0,MAG,146.496
Canadian Grand Prix,69.0,DEV,151.204
Canadian Grand Prix,69.0,TSU,72.703
Canadian Grand Prix,69.0,ALB,59.792
Canadian Grand Prix,69.0,ZHO,93.614
Canadian Grand Prix,69.0,HUL,93.18
Canadian Grand Prix,69.0,OCO,60.249
Canadian Grand Prix,69.0,NOR,60.56
Canadian Grand Prix,69.0,HAM,13.236
Canadian Grand Prix,69.0,SAI,20.872
Canadian Grand Prix,69.0,BOT,62.97
Canadian Grand Prix,69.0,PIA,64.042
Canadian Grand Prix,70.0,VER,0.0
Canadian Grand Prix,70.0,GAS,65.249
Canadian Grand Prix,70.0,PER,51.028
Canadian Grand Prix,70.0,ALO,9.57
Canadian Grand Prix,70.0,LEC,18.648
Canadian Grand Prix,70.0,STR,64.402
Canadian Grand Prix,70.0,TSU,73.423
Canadian Grand Prix,70.0,ALB,60.813
Canadian Grand Prix,70.0,OCO,61.692
Canadian Grand Prix,70.0,NOR,63.363
Canadian Grand Prix,70.0,HAM,14.168
Canadian Grand Prix,70.0,SAI,21.54
Canadian Grand Prix,70.0,BOT,64.432
Canadian Grand Prix,70.0,PIA,65.101
Austrian Grand Prix,1.0,VER,0.0
Austrian Grand Prix,1.0,GAS,14.73
Austrian Grand Prix,1.0,PER,19.536
Austrian Grand Prix,1.0,ALO,10.537
Austrian Grand Prix,1.0,LEC,1.697
Austrian Grand Prix,1.0,STR,13.739
Austrian Grand Prix,1.0,SAR,22.945
Austrian Grand Prix,1.0,MAG,13.669
Austrian Grand Prix,1.0,DEV,26.045
Austrian Grand Prix,1.0,TSU,28.751
Austrian Grand Prix,1.0,ALB,15.411
Austrian Grand Prix,1.0,ZHO,20.725
Austrian Grand Prix,1.0,HUL,12.055
Austrian Grand Prix,1.0,OCO,17.477
Austrian Grand Prix,1.0,NOR,8.668
Austrian Grand Prix,1.0,HAM,6.495
Austrian Grand Prix,1.0,SAI,4.022
Austrian Grand Prix,1.0,RUS,16.771
Austrian Grand Prix,1.0,BOT,24.383
Austrian Grand Prix,1.0,PIA,22.187
Austrian Grand Prix,2.0,VER,0.0
Austrian Grand Prix,2.0,GAS,14.97
Austrian Grand Prix,2.0,PER,23.603
Austrian Grand Prix,2.0,ALO,10.823
Austrian Grand Prix,2.0,LEC,1.686
Austrian Grand Prix,2.0,STR,13.652
Austrian Grand Prix,2.0,SAR,27.452
Austrian Grand Prix,2.0,MAG,33.61
Austrian Grand Prix,2.0,DEV,30.687
Austrian Grand Prix,2.0,TSU,35.632
Austrian Grand Prix,2.0,ALB,16.434
Austrian Grand Prix,2.0,ZHO,24.989
Austrian Grand Prix,2.0,HUL,12.182
Austrian Grand Prix,2.0,OCO,21.893
Austrian Grand Prix,2.0,NOR,8.127
Austrian Grand Prix,2.0,HAM,6.195
Austrian Grand Prix,2.0,SAI,3.2560000000000002
Austrian Grand Prix,2.0,RUS,20.769
Austrian Grand Prix,2.0,BOT,29.454
Austrian Grand Prix,2.0,PIA,25.986
Austrian Grand Prix,3.0,VER,0.0
Austrian Grand Prix,3.0,GAS,3.333
Austrian Grand Prix,3.0,PER,4.909
Austrian Grand Prix,3.0,ALO,2.318
Austrian Grand Prix,3.0,LEC,0.574
Austrian Grand Prix,3.0,STR,3.074
Austrian Grand Prix,3.0,SAR,6.105
Austrian Grand Prix,3.0,MAG,7.296
Austrian Grand Prix,3.0,DEV,6.952
Austrian Grand Prix,3.0,TSU,7.226
Austrian Grand Prix,3.0,ALB,3.5629999999999997
Austrian Grand Prix,3.0,ZHO,5.284
Austrian Grand Prix,3.0,HUL,2.743
Austrian Grand Prix,3.0,OCO,4.471
Austrian Grand Prix,3.0,NOR,1.883
Austrian Grand Prix,3.0,HAM,1.609
Austrian Grand Prix,3.0,SAI,1.1179999999999999
Austrian Grand Prix,3.0,RUS,4.073
Austrian Grand Prix,3.0,BOT,6.441
Austrian Grand Prix,3.0,PIA,5.788
Austrian Grand Prix,4.0,VER,0.0
Austrian Grand Prix,4.0,GAS,5.895
Austrian Grand Prix,4.0,PER,7.594
Austrian Grand Prix,4.0,ALO,4.519
Austrian Grand Prix,4.0,LEC,1.275
Austrian Grand Prix,4.0,STR,5.466
Austrian Grand Prix,4.0,SAR,8.884
Austrian Grand Prix,4.0,MAG,11.4
Austrian Grand Prix,4.0,DEV,10.497
Austrian Grand Prix,4.0,TSU,9.719
Austrian Grand Prix,4.0,ALB,6.163
Austrian Grand Prix,4.0,ZHO,8.006
Austrian Grand Prix,4.0,HUL,5.113
Austrian Grand Prix,4.0,OCO,7.179
Austrian Grand Prix,4.0,NOR,3.621
Austrian Grand Prix,4.0,HAM,2.899
Austrian Grand Prix,4.0,SAI,1.866
Austrian Grand Prix,4.0,RUS,6.682
Austrian Grand Prix,4.0,BOT,10.016
Austrian Grand Prix,4.0,PIA,8.473
Austrian Grand Prix,5.0,VER,0.0
Austrian Grand Prix,5.0,GAS,7.705
Austrian Grand Prix,5.0,PER,9.125
Austrian Grand Prix,5.0,ALO,5.552
Austrian Grand Prix,5.0,LEC,1.665
Austrian Grand Prix,5.0,STR,7.125
Austrian Grand Prix,5.0,SAR,11.588
Austrian Grand Prix,5.0,MAG,13.771
Austrian Grand Prix,5.0,DEV,13.172
Austrian Grand Prix,5.0,TSU,12.211
Austrian Grand Prix,5.0,ALB,8.284
Austrian Grand Prix,5.0,ZHO,10.227
Austrian Grand Prix,5.0,HUL,6.703
Austrian Grand Prix,5.0,OCO,9.79
Austrian Grand Prix,5.0,NOR,4.508
Austrian Grand Prix,5.0,HAM,3.5789999999999997
Austrian Grand Prix,5.0,SAI,2.249
Austrian Grand Prix,5.0,RUS,8.755
Austrian Grand Prix,5.0,BOT,12.663
Austrian Grand Prix,5.0,PIA,11.056
Austrian Grand Prix,6.0,VER,0.0
Austrian Grand Prix,6.0,GAS,8.762
Austrian Grand Prix,6.0,PER,10.429
Austrian Grand Prix,6.0,ALO,6.772
Austrian Grand Prix,6.0,LEC,1.937
Austrian Grand Prix,6.0,STR,8.256
Austrian Grand Prix,6.0,SAR,13.318
Austrian Grand Prix,6.0,MAG,15.679
Austrian Grand Prix,6.0,DEV,15.056
Austrian Grand Prix,6.0,TSU,13.995
Austrian Grand Prix,6.0,ALB,9.436
Austrian Grand Prix,6.0,ZHO,11.626
Austrian Grand Prix,6.0,HUL,7.704
Austrian Grand Prix,6.0,OCO,11.104
Austrian Grand Prix,6.0,NOR,5.02
Austrian Grand Prix,6.0,HAM,4.169
Austrian Grand Prix,6.0,SAI,2.492
Austrian Grand Prix,6.0,RUS,9.982
Austrian Grand Prix,6.0,BOT,14.571
Austrian Grand Prix,6.0,PIA,12.466
Austrian Grand Prix,7.0,VER,0.0
Austrian Grand Prix,7.0,GAS,9.686
Austrian Grand Prix,7.0,PER,11.43
Austrian Grand Prix,7.0,ALO,7.426
Austrian Grand Prix,7.0,LEC,2.074
Austrian Grand Prix,7.0,STR,9.078
Austrian Grand Prix,7.0,SAR,14.361
Austrian Grand Prix,7.0,MAG,17.209
Austrian Grand Prix,7.0,DEV,16.484
Austrian Grand Prix,7.0,TSU,15.366
Austrian Grand Prix,7.0,ALB,10.341
Austrian Grand Prix,7.0,ZHO,12.619
Austrian Grand Prix,7.0,HUL,8.602
Austrian Grand Prix,7.0,OCO,12.033
Austrian Grand Prix,7.0,NOR,5.493
Austrian Grand Prix,7.0,HAM,4.598
Austrian Grand Prix,7.0,SAI,2.682
Austrian Grand Prix,7.0,RUS,11.018
Austrian Grand Prix,7.0,BOT,15.958
Austrian Grand Prix,7.0,PIA,13.354
Austrian Grand Prix,8.0,VER,0.0
Austrian Grand Prix,8.0,GAS,11.357
Austrian Grand Prix,8.0,PER,12.722
Austrian Grand Prix,8.0,ALO,8.687
Austrian Grand Prix,8.0,LEC,2.523
Austrian Grand Prix,8.0,STR,9.989
Austrian Grand Prix,8.0,SAR,16.061
Austrian Grand Prix,8.0,MAG,19.008
Austrian Grand Prix,8.0,DEV,18.382
Austrian Grand Prix,8.0,TSU,16.933
Austrian Grand Prix,8.0,ALB,11.789
Austrian Grand Prix,8.0,ZHO,17.498
Austrian Grand Prix,8.0,HUL,10.848
Austrian Grand Prix,8.0,OCO,13.507
Austrian Grand Prix,8.0,NOR,6.014
Austrian Grand Prix,8.0,HAM,5.21
Austrian Grand Prix,8.0,SAI,3.146
Austrian Grand Prix,8.0,RUS,12.366
Austrian Grand Prix,8.0,BOT,17.801
Austrian Grand Prix,8.0,PIA,14.858
Austrian Grand Prix,9.0,VER,0.0
Austrian Grand Prix,9.0,GAS,12.658
Austrian Grand Prix,9.0,PER,14.293
Austrian Grand Prix,9.0,ALO,9.585
Austrian Grand Prix,9.0,LEC,2.841
Austrian Grand Prix,9.0,STR,11.103
Austrian Grand Prix,9.0,SAR,17.637
Austrian Grand Prix,9.0,MAG,20.591
Austrian Grand Prix,9.0,DEV,20.139
Austrian Grand Prix,9.0,TSU,18.669
Austrian Grand Prix,9.0,ALB,13.399000000000001
Austrian Grand Prix,9.0,ZHO,38.316
Austrian Grand Prix,9.0,HUL,12.107
Austrian Grand Prix,9.0,OCO,14.974
Austrian Grand Prix,9.0,NOR,6.718
Austrian Grand Prix,9.0,HAM,5.819
Austrian Grand Prix,9.0,SAI,3.445
Austrian Grand Prix,9.0,RUS,13.973
Austrian Grand Prix,9.0,BOT,19.368
Austrian Grand Prix,9.0,PIA,16.155
Austrian Grand Prix,10.0,VER,0.0
Austrian Grand Prix,10.0,GAS,13.957
Austrian Grand Prix,10.0,PER,15.437
Austrian Grand Prix,10.0,ALO,10.695
Austrian Grand Prix,10.0,LEC,3.334
Austrian Grand Prix,10.0,STR,12.284
Austrian Grand Prix,10.0,SAR,19.52
Austrian Grand Prix,10.0,MAG,22.547
Austrian Grand Prix,10.0,DEV,22.049
Austrian Grand Prix,10.0,TSU,20.665
Austrian Grand Prix,10.0,ALB,14.865
Austrian Grand Prix,10.0,ZHO,38.908
Austrian Grand Prix,10.0,HUL,13.505
Austrian Grand Prix,10.0,OCO,16.772
Austrian Grand Prix,10.0,NOR,7.554
Austrian Grand Prix,10.0,HAM,6.864
Austrian Grand Prix,10.0,SAI,4.159
Austrian Grand Prix,10.0,RUS,16.153
Austrian Grand Prix,10.0,BOT,21.235
Austrian Grand Prix,10.0,PIA,17.772
Austrian Grand Prix,11.0,VER,0.0
Austrian Grand Prix,11.0,GAS,14.789
Austrian Grand Prix,11.0,PER,16.912
Austrian Grand Prix,11.0,ALO,11.685
Austrian Grand Prix,11.0,LEC,3.714
Austrian Grand Prix,11.0,STR,13.261
Austrian Grand Prix,11.0,SAR,21.302
Austrian Grand Prix,11.0,MAG,24.451
Austrian Grand Prix,11.0,DEV,24.066
Austrian Grand Prix,11.0,TSU,22.667
Austrian Grand Prix,11.0,ALB,16.419
Austrian Grand Prix,11.0,ZHO,39.549
Austrian Grand Prix,11.0,HUL,19.038
Austrian Grand Prix,11.0,OCO,18.342
Austrian Grand Prix,11.0,NOR,8.477
Austrian Grand Prix,11.0,HAM,7.67
Austrian Grand Prix,11.0,SAI,4.503
Austrian Grand Prix,11.0,RUS,17.635
Austrian Grand Prix,11.0,BOT,23.36
Austrian Grand Prix,11.0,PIA,19.277
Austrian Grand Prix,12.0,VER,0.0
Austrian Grand Prix,12.0,GAS,16.212
Austrian Grand Prix,12.0,PER,17.362
Austrian Grand Prix,12.0,ALO,12.777
Austrian Grand Prix,12.0,LEC,4.5809999999999995
Austrian Grand Prix,12.0,STR,14.493
Austrian Grand Prix,12.0,SAR,23.344
Austrian Grand Prix,12.0,MAG,26.841
Austrian Grand Prix,12.0,DEV,29.488
Austrian Grand Prix,12.0,TSU,24.763
Austrian Grand Prix,12.0,ALB,18.484
Austrian Grand Prix,12.0,ZHO,40.675
Austrian Grand Prix,12.0,HUL,36.999
Austrian Grand Prix,12.0,OCO,20.051
Austrian Grand Prix,12.0,NOR,9.375
Austrian Grand Prix,12.0,HAM,8.809
Austrian Grand Prix,12.0,SAI,5.332
Austrian Grand Prix,12.0,RUS,19.171
Austrian Grand Prix,12.0,BOT,25.652
Austrian Grand Prix,12.0,PIA,20.783
Austrian Grand Prix,13.0,VER,0.0
Austrian Grand Prix,13.0,GAS,17.126
Austrian Grand Prix,13.0,PER,18.385
Austrian Grand Prix,13.0,ALO,13.491
Austrian Grand Prix,13.0,LEC,5.243
Austrian Grand Prix,13.0,STR,15.453
Austrian Grand Prix,13.0,SAR,25.159
Austrian Grand Prix,13.0,MAG,28.742
Austrian Grand Prix,13.0,DEV,47.495
Austrian Grand Prix,13.0,TSU,26.524
Austrian Grand Prix,13.0,ALB,19.72
Austrian Grand Prix,13.0,ZHO,41.675
Austrian Grand Prix,13.0,HUL,116.803
Austrian Grand Prix,13.0,OCO,21.416
Austrian Grand Prix,13.0,NOR,10.324
Austrian Grand Prix,13.0,HAM,9.765
Austrian Grand Prix,13.0,SAI,5.943
Austrian Grand Prix,13.0,RUS,20.414
Austrian Grand Prix,13.0,BOT,27.57
Austrian Grand Prix,13.0,PIA,22.219
Austrian Grand Prix,14.0,VER,0.0
Austrian Grand Prix,14.0,GAS,24.187
Austrian Grand Prix,14.0,PER,25.018
Austrian Grand Prix,14.0,ALO,19.633
Austrian Grand Prix,14.0,LEC,6.629
Austrian Grand Prix,14.0,STR,21.545
Austrian Grand Prix,14.0,SAR,36.058
Austrian Grand Prix,14.0,MAG,38.471
Austrian Grand Prix,14.0,DEV,61.808
Austrian Grand Prix,14.0,TSU,35.89
Austrian Grand Prix,14.0,ALB,26.795
Austrian Grand Prix,14.0,ZHO,55.019
Austrian Grand Prix,14.0,OCO,30.413
Austrian Grand Prix,14.0,NOR,16.606
Austrian Grand Prix,14.0,HAM,14.598
Austrian Grand Prix,14.0,SAI,9.411
Austrian Grand Prix,14.0,RUS,27.463
Austrian Grand Prix,14.0,BOT,37.684
Austrian Grand Prix,14.0,PIA,31.464
Austrian Grand Prix,15.0,VER,0.0
Austrian Grand Prix,15.0,GAS,38.183
Austrian Grand Prix,15.0,PER,24.695
Austrian Grand Prix,15.0,ALO,19.075
Austrian Grand Prix,15.0,LEC,6.817
Austrian Grand Prix,15.0,STR,25.442
Austrian Grand Prix,15.0,SAR,48.703
Austrian Grand Prix,15.0,MAG,38.786
Austrian Grand Prix,15.0,DEV,57.123
Austrian Grand Prix,15.0,TSU,36.122
Austrian Grand Prix,15.0,ALB,40.658
Austrian Grand Prix,15.0,ZHO,51.925
Austrian Grand Prix,15.0,OCO,43.056
Austrian Grand Prix,15.0,NOR,31.239
Austrian Grand Prix,15.0,HAM,27.695
Austrian Grand Prix,15.0,SAI,12.657
Austrian Grand Prix,15.0,RUS,41.422
Austrian Grand Prix,15.0,BOT,38.004
Austrian Grand Prix,15.0,PIA,44.532
Austrian Grand Prix,16.0,VER,0.0
Austrian Grand Prix,16.0,GAS,31.96
Austrian Grand Prix,16.0,PER,19.537
Austrian Grand Prix,16.0,ALO,27.939
Austrian Grand Prix,16.0,LEC,17.771
Austrian Grand Prix,16.0,STR,35.547
Austrian Grand Prix,16.0,SAR,40.146
Austrian Grand Prix,16.0,MAG,31.451
Austrian Grand Prix,16.0,DEV,48.697
Austrian Grand Prix,16.0,TSU,29.68
Austrian Grand Prix,16.0,ALB,33.366
Austrian Grand Prix,16.0,ZHO,42.961
Austrian Grand Prix,16.0,OCO,34.234
Austrian Grand Prix,16.0,NOR,22.853
Austrian Grand Prix,16.0,HAM,21.684
Austrian Grand Prix,16.0,SAI,23.557
Austrian Grand Prix,16.0,RUS,32.957
Austrian Grand Prix,16.0,BOT,32.736
Austrian Grand Prix,16.0,PIA,36.413
Austrian Grand Prix,17.0,VER,0.0
Austrian Grand Prix,17.0,GAS,32.624
Austrian Grand Prix,17.0,PER,19.902
Austrian Grand Prix,17.0,ALO,28.634
Austrian Grand Prix,17.0,LEC,17.137
Austrian Grand Prix,17.0,STR,36.216
Austrian Grand Prix,17.0,SAR,41.098
Austrian Grand Prix,17.0,MAG,33.867
Austrian Grand Prix,17.0,DEV,49.65
Austrian Grand Prix,17.0,TSU,31.632
Austrian Grand Prix,17.0,ALB,35.005
Austrian Grand Prix,17.0,ZHO,43.746
Austrian Grand Prix,17.0,OCO,35.817
Austrian Grand Prix,17.0,NOR,23.885
Austrian Grand Prix,17.0,HAM,21.655
Austrian Grand Prix,17.0,SAI,22.762
Austrian Grand Prix,17.0,RUS,34.32
Austrian Grand Prix,17.0,BOT,35.559
Austrian Grand Prix,17.0,PIA,36.979
Austrian Grand Prix,18.0,VER,0.0
Austrian Grand Prix,18.0,GAS,32.65
Austrian Grand Prix,18.0,PER,20.299
Austrian Grand Prix,18.0,ALO,29.049
Austrian Grand Prix,18.0,LEC,16.752
Austrian Grand Prix,18.0,STR,38.137
Austrian Grand Prix,18.0,SAR,42.079
Austrian Grand Prix,18.0,MAG,36.339
Austrian Grand Prix,18.0,DEV,50.695
Austrian Grand Prix,18.0,TSU,34.061
Austrian Grand Prix,18.0,ALB,36.729
Austrian Grand Prix,18.0,ZHO,44.83
Austrian Grand Prix,18.0,OCO,37.078
Austrian Grand Prix,18.0,NOR,24.075
Austrian Grand Prix,18.0,HAM,21.353
Austrian Grand Prix,18.0,SAI,22.108
Austrian Grand Prix,18.0,RUS,35.339
Austrian Grand Prix,18.0,BOT,37.844
Austrian Grand Prix,18.0,PIA,38.503
Austrian Grand Prix,19.0,VER,0.0
Austrian Grand Prix,19.0,GAS,33.438
Austrian Grand Prix,19.0,PER,20.562
Austrian Grand Prix,19.0,ALO,29.15
Austrian Grand Prix,19.0,LEC,16.319
Austrian Grand Prix,19.0,STR,38.985
Austrian Grand Prix,19.0,SAR,43.299
Austrian Grand Prix,19.0,MAG,37.75
Austrian Grand Prix,19.0,DEV,51.868
Austrian Grand Prix,19.0,TSU,36.038
Austrian Grand Prix,19.0,ALB,38.142
Austrian Grand Prix,19.0,ZHO,46.0
Austrian Grand Prix,19.0,OCO,38.605
Austrian Grand Prix,19.0,NOR,24.406
Austrian Grand Prix,19.0,HAM,22.41
Austrian Grand Prix,19.0,SAI,21.514
Austrian Grand Prix,19.0,RUS,36.462
Austrian Grand Prix,19.0,BOT,40.175
Austrian Grand Prix,19.0,PIA,40.491
Austrian Grand Prix,20.0,VER,0.0
Austrian Grand Prix,20.0,GAS,33.766
Austrian Grand Prix,20.0,PER,21.663
Austrian Grand Prix,20.0,ALO,29.071
Austrian Grand Prix,20.0,LEC,15.709
Austrian Grand Prix,20.0,STR,40.929
Austrian Grand Prix,20.0,SAR,44.364
Austrian Grand Prix,20.0,MAG,40.596
Austrian Grand Prix,20.0,DEV,53.002
Austrian Grand Prix,20.0,TSU,38.875
Austrian Grand Prix,20.0,ALB,39.287
Austrian Grand Prix,20.0,ZHO,46.86
Austrian Grand Prix,20.0,OCO,39.844
Austrian Grand Prix,20.0,NOR,24.439
Austrian Grand Prix,20.0,HAM,22.359
Austrian Grand Prix,20.0,SAI,20.705
Austrian Grand Prix,20.0,RUS,37.472
Austrian Grand Prix,20.0,BOT,42.885
Austrian Grand Prix,20.0,PIA,41.922
Austrian Grand Prix,21.0,VER,0.0
Austrian Grand Prix,21.0,GAS,34.003
Austrian Grand Prix,21.0,PER,21.703
Austrian Grand Prix,21.0,ALO,29.079
Austrian Grand Prix,21.0,LEC,14.947
Austrian Grand Prix,21.0,STR,42.494
Austrian Grand Prix,21.0,SAR,45.546
Austrian Grand Prix,21.0,MAG,43.009
Austrian Grand Prix,21.0,DEV,54.152
Austrian Grand Prix,21.0,TSU,42.25
Austrian Grand Prix,21.0,ALB,40.141
Austrian Grand Prix,21.0,ZHO,48.164
Austrian Grand Prix,21.0,OCO,41.02
Austrian Grand Prix,21.0,NOR,24.234
Austrian Grand Prix,21.0,HAM,22.355
Austrian Grand Prix,21.0,SAI,20.54
Austrian Grand Prix,21.0,RUS,38.053
Austrian Grand Prix,21.0,BOT,48.318
Austrian Grand Prix,21.0,PIA,43.543
Austrian Grand Prix,22.0,VER,0.0
Austrian Grand Prix,22.0,GAS,34.204
Austrian Grand Prix,22.0,PER,22.502
Austrian Grand Prix,22.0,ALO,29.554
Austrian Grand Prix,22.0,LEC,14.213
Austrian Grand Prix,22.0,STR,43.769
Austrian Grand Prix,22.0,SAR,47.389
Austrian Grand Prix,22.0,MAG,46.011
Austrian Grand Prix,22.0,DEV,55.053
Austrian Grand Prix,22.0,TSU,44.803
Austrian Grand Prix,22.0,ALB,40.897
Austrian Grand Prix,22.0,ZHO,49.157
Austrian Grand Prix,22.0,OCO,41.602
Austrian Grand Prix,22.0,NOR,24.412
Austrian Grand Prix,22.0,HAM,23.054
Austrian Grand Prix,22.0,SAI,20.402
Austrian Grand Prix,22.0,RUS,38.505
Austrian Grand Prix,22.0,BOT,76.703
Austrian Grand Prix,22.0,PIA,50.262
Austrian Grand Prix,23.0,VER,0.0
Austrian Grand Prix,23.0,GAS,34.4
Austrian Grand Prix,23.0,PER,22.726
Austrian Grand Prix,23.0,ALO,29.584
Austrian Grand Prix,23.0,LEC,13.67
Austrian Grand Prix,23.0,STR,44.14
Austrian Grand Prix,23.0,SAR,48.786
Austrian Grand Prix,23.0,MAG,48.01
Austrian Grand Prix,23.0,DEV,56.204
Austrian Grand Prix,23.0,TSU,50.152
Austrian Grand Prix,23.0,ALB,41.551
Austrian Grand Prix,23.0,ZHO,50.501
Austrian Grand Prix,23.0,OCO,42.335
Austrian Grand Prix,23.0,NOR,24.497
Austrian Grand Prix,23.0,HAM,23.345
Austrian Grand Prix,23.0,SAI,20.011
Austrian Grand Prix,23.0,RUS,38.905
Austrian Grand Prix,23.0,BOT,76.527
Austrian Grand Prix,23.0,PIA,75.943
Austrian Grand Prix,24.0,VER,0.0
Austrian Grand Prix,24.0,GAS,31.226
Austrian Grand Prix,24.0,PER,19.584
Austrian Grand Prix,24.0,ALO,26.379
Austrian Grand Prix,24.0,LEC,10.107
Austrian Grand Prix,24.0,STR,41.512
Austrian Grand Prix,24.0,SAR,46.861
Austrian Grand Prix,24.0,MAG,46.346
Austrian Grand Prix,24.0,DEV,54.046
Austrian Grand Prix,24.0,TSU,70.732
Austrian Grand Prix,24.0,ALB,38.963
Austrian Grand Prix,24.0,ZHO,48.33
Austrian Grand Prix,24.0,OCO,39.836
Austrian Grand Prix,24.0,NOR,21.51
Austrian Grand Prix,24.0,HAM,20.401
Austrian Grand Prix,24.0,SAI,16.493
Austrian Grand Prix,24.0,RUS,36.098
Austrian Grand Prix,24.0,BOT,73.602
Austrian Grand Prix,24.0,PIA,72.746
Austrian Grand Prix,25.0,VER,6.802
Austrian Grand Prix,25.0,GAS,21.8
Austrian Grand Prix,25.0,PER,14.018
Austrian Grand Prix,25.0,ALO,16.692
Austrian Grand Prix,25.0,LEC,0.0
Austrian Grand Prix,25.0,STR,32.236
Austrian Grand Prix,25.0,SAR,38.457
Austrian Grand Prix,25.0,MAG,39.38
Austrian Grand Prix,25.0,DEV,45.476
Austrian Grand Prix,25.0,TSU,60.845
Austrian Grand Prix,25.0,ALB,29.818
Austrian Grand Prix,25.0,ZHO,40.047
Austrian Grand Prix,25.0,OCO,30.665
Austrian Grand Prix,25.0,NOR,11.912
Austrian Grand Prix,25.0,HAM,11.146
Austrian Grand Prix,25.0,SAI,6.489
Austrian Grand Prix,25.0,RUS,26.585
Austrian Grand Prix,25.0,BOT,63.612
Austrian Grand Prix,25.0,PIA,64.221
Austrian Grand Prix,26.0,VER,5.826
Austrian Grand Prix,26.0,GAS,22.557
Austrian Grand Prix,26.0,PER,31.092
Austrian Grand Prix,26.0,ALO,17.159
Austrian Grand Prix,26.0,LEC,0.0
Austrian Grand Prix,26.0,STR,33.247
Austrian Grand Prix,26.0,SAR,40.022
Austrian Grand Prix,26.0,MAG,41.38
Austrian Grand Prix,26.0,DEV,47.128
Austrian Grand Prix,26.0,TSU,61.318
Austrian Grand Prix,26.0,ALB,30.811
Austrian Grand Prix,26.0,ZHO,41.801
Austrian Grand Prix,26.0,OCO,32.032
Austrian Grand Prix,26.0,NOR,12.251
Austrian Grand Prix,26.0,HAM,11.512
Austrian Grand Prix,26.0,SAI,7.234
Austrian Grand Prix,26.0,RUS,27.431
Austrian Grand Prix,26.0,BOT,63.869
Austrian Grand Prix,26.0,PIA,64.862
Austrian Grand Prix,27.0,VER,5.172
Austrian Grand Prix,27.0,GAS,23.307
Austrian Grand Prix,27.0,PER,30.487
Austrian Grand Prix,27.0,ALO,17.614
Austrian Grand Prix,27.0,LEC,0.0
Austrian Grand Prix,27.0,STR,34.137
Austrian Grand Prix,27.0,SAR,41.513
Austrian Grand Prix,27.0,MAG,44.468
Austrian Grand Prix,27.0,DEV,48.65
Austrian Grand Prix,27.0,TSU,61.848
Austrian Grand Prix,27.0,ALB,32.26
Austrian Grand Prix,27.0,ZHO,43.269
Austrian Grand Prix,27.0,OCO,33.07
Austrian Grand Prix,27.0,NOR,12.654
Austrian Grand Prix,27.0,HAM,11.761
Austrian Grand Prix,27.0,SAI,7.366
Austrian Grand Prix,27.0,RUS,28.162
Austrian Grand Prix,27.0,BOT,64.397
Austrian Grand Prix,27.0,PIA,65.374
Austrian Grand Prix,28.0,VER,4.413
Austrian Grand Prix,28.0,GAS,23.967
Austrian Grand Prix,28.0,PER,29.865
Austrian Grand Prix,28.0,ALO,17.973
Austrian Grand Prix,28.0,LEC,0.0
Austrian Grand Prix,28.0,STR,34.916
Austrian Grand Prix,28.0,SAR,42.81
Austrian Grand Prix,28.0,MAG,46.712
Austrian Grand Prix,28.0,DEV,50.099
Austrian Grand Prix,28.0,TSU,62.184
Austrian Grand Prix,28.0,ALB,33.265
Austrian Grand Prix,28.0,ZHO,44.753
Austrian Grand Prix,28.0,OCO,33.937
Austrian Grand Prix,28.0,NOR,12.591
Austrian Grand Prix,28.0,HAM,13.292
Austrian Grand Prix,28.0,SAI,7.313
Austrian Grand Prix,28.0,RUS,28.752
Austrian Grand Prix,28.0,BOT,64.738
Austrian Grand Prix,28.0,PIA,65.725
Austrian Grand Prix,29.0,VER,3.742
Austrian Grand Prix,29.0,GAS,25.195
Austrian Grand Prix,29.0,PER,30.166
Austrian Grand Prix,29.0,ALO,18.417
Austrian Grand Prix,29.0,LEC,0.0
Austrian Grand Prix,29.0,STR,35.96
Austrian Grand Prix,29.0,SAR,43.975
Austrian Grand Prix,29.0,MAG,48.94
Austrian Grand Prix,29.0,DEV,51.66
Austrian Grand Prix,29.0,TSU,62.587
Austrian Grand Prix,29.0,ALB,34.321
Austrian Grand Prix,29.0,ZHO,46.507
Austrian Grand Prix,29.0,OCO,34.983
Austrian Grand Prix,29.0,NOR,13.457
Austrian Grand Prix,29.0,HAM,14.179
Austrian Grand Prix,29.0,SAI,7.498
Austrian Grand Prix,29.0,RUS,29.837
Austrian Grand Prix,29.0,BOT,64.887
Austrian Grand Prix,29.0,PIA,66.106
Austrian Grand Prix,30.0,VER,3.199
Austrian Grand Prix,30.0,GAS,26.227
Austrian Grand Prix,30.0,PER,30.033
Austrian Grand Prix,30.0,ALO,18.91
Austrian Grand Prix,30.0,LEC,0.0
Austrian Grand Prix,30.0,STR,36.997
Austrian Grand Prix,30.0,SAR,45.132
Austrian Grand Prix,30.0,MAG,51.181
Austrian Grand Prix,30.0,DEV,53.269
Austrian Grand Prix,30.0,TSU,63.259
Austrian Grand Prix,30.0,ALB,35.417
Austrian Grand Prix,30.0,ZHO,48.301
Austrian Grand Prix,30.0,OCO,36.306
Austrian Grand Prix,30.0,NOR,14.019
Austrian Grand Prix,30.0,HAM,14.907
Austrian Grand Prix,30.0,SAI,7.785
Austrian Grand Prix,30.0,RUS,31.272
Austrian Grand Prix,30.0,BOT,65.321
Austrian Grand Prix,30.0,PIA,66.833
Austrian Grand Prix,31.0,VER,2.485
Austrian Grand Prix,31.0,GAS,26.692
Austrian Grand Prix,31.0,PER,29.229
Austrian Grand Prix,31.0,ALO,19.106
Austrian Grand Prix,31.0,LEC,0.0
Austrian Grand Prix,31.0,STR,37.64
Austrian Grand Prix,31.0,SAR,45.983
Austrian Grand Prix,31.0,MAG,53.061
Austrian Grand Prix,31.0,DEV,54.694
Austrian Grand Prix,31.0,TSU,63.7
Austrian Grand Prix,31.0,ALB,36.224
Austrian Grand Prix,31.0,ZHO,49.79
Austrian Grand Prix,31.0,OCO,37.025
Austrian Grand Prix,31.0,NOR,14.223
Austrian Grand Prix,31.0,HAM,15.196
Austrian Grand Prix,31.0,SAI,7.806
Austrian Grand Prix,31.0,RUS,31.978
Austrian Grand Prix,31.0,BOT,65.525
Austrian Grand Prix,31.0,PIA,67.308
Austrian Grand Prix,32.0,VER,1.6720000000000002
Austrian Grand Prix,32.0,GAS,27.432
Austrian Grand Prix,32.0,PER,28.414
Austrian Grand Prix,32.0,ALO,19.126
Austrian Grand Prix,32.0,LEC,0.0
Austrian Grand Prix,32.0,STR,38.566
Austrian Grand Prix,32.0,SAR,46.71
Austrian Grand Prix,32.0,MAG,54.726
Austrian Grand Prix,32.0,DEV,55.876
Austrian Grand Prix,32.0,TSU,63.839
Austrian Grand Prix,32.0,ALB,37.28
Austrian Grand Prix,32.0,ZHO,51.017
Austrian Grand Prix,32.0,OCO,37.931
Austrian Grand Prix,32.0,NOR,14.37
Austrian Grand Prix,32.0,HAM,15.321
Austrian Grand Prix,32.0,SAI,7.636
Austrian Grand Prix,32.0,RUS,32.35
Austrian Grand Prix,32.0,BOT,65.729
Austrian Grand Prix,32.0,PIA,67.666
Austrian Grand Prix,33.0,VER,0.914
Austrian Grand Prix,33.0,GAS,27.886
Austrian Grand Prix,33.0,PER,28.308
Austrian Grand Prix,33.0,ALO,19.149
Austrian Grand Prix,33.0,LEC,0.0
Austrian Grand Prix,33.0,STR,39.364
Austrian Grand Prix,33.0,SAR,47.8
Austrian Grand Prix,33.0,MAG,56.512
Austrian Grand Prix,33.0,DEV,57.294
Austrian Grand Prix,33.0,TSU,64.057
Austrian Grand Prix,33.0,ALB,37.787
Austrian Grand Prix,33.0,ZHO,52.131
Austrian Grand Prix,33.0,OCO,38.52
Austrian Grand Prix,33.0,NOR,14.443
Austrian Grand Prix,33.0,HAM,15.465
Austrian Grand Prix,33.0,SAI,7.29
Austrian Grand Prix,33.0,RUS,32.687
Austrian Grand Prix,33.0,BOT,66.045
Austrian Grand Prix,33.0,PIA,67.985
Austrian Grand Prix,34.0,VER,0.372
Austrian Grand Prix,34.0,GAS,29.258
Austrian Grand Prix,34.0,PER,27.42
Austrian Grand Prix,34.0,ALO,19.129
Austrian Grand Prix,34.0,LEC,0.0
Austrian Grand Prix,34.0,STR,40.088
Austrian Grand Prix,34.0,SAR,48.782
Austrian Grand Prix,34.0,MAG,64.081
Austrian Grand Prix,34.0,DEV,58.753
Austrian Grand Prix,34.0,TSU,64.438
Austrian Grand Prix,34.0,ALB,38.371
Austrian Grand Prix,34.0,ZHO,53.401
Austrian Grand Prix,34.0,OCO,39.366
Austrian Grand Prix,34.0,NOR,14.374
Austrian Grand Prix,34.0,HAM,15.47
Austrian Grand Prix,34.0,SAI,6.992
Austrian Grand Prix,34.0,RUS,32.901
Austrian Grand Prix,34.0,BOT,66.358
Austrian Grand Prix,34.0,PIA,68.314
Austrian Grand Prix,35.0,VER,0.0
Austrian Grand Prix,35.0,GAS,30.695
Austrian Grand Prix,35.0,PER,27.239
Austrian Grand Prix,35.0,ALO,19.751
Austrian Grand Prix,35.0,LEC,1.254
Austrian Grand Prix,35.0,STR,41.421
Austrian Grand Prix,35.0,SAR,50.314
Austrian Grand Prix,35.0,MAG,83.279
Austrian Grand Prix,35.0,DEV,60.712
Austrian Grand Prix,35.0,TSU,65.718
Austrian Grand Prix,35.0,ALB,39.758
Austrian Grand Prix,35.0,ZHO,55.405
Austrian Grand Prix,35.0,OCO,40.702
Austrian Grand Prix,35.0,NOR,15.205
Austrian Grand Prix,35.0,HAM,16.811
Austrian Grand Prix,35.0,SAI,7.6530000000000005
Austrian Grand Prix,35.0,RUS,33.881
Austrian Grand Prix,35.0,BOT,67.744
Austrian Grand Prix,35.0,PIA,72.461
Austrian Grand Prix,36.0,VER,0.0
Austrian Grand Prix,36.0,GAS,32.47
Austrian Grand Prix,36.0,PER,27.193
Austrian Grand Prix,36.0,ALO,20.975
Austrian Grand Prix,36.0,LEC,2.435
Austrian Grand Prix,36.0,STR,46.788
Austrian Grand Prix,36.0,SAR,52.21
Austrian Grand Prix,36.0,MAG,84.279
Austrian Grand Prix,36.0,DEV,62.832
Austrian Grand Prix,36.0,TSU,67.42
Austrian Grand Prix,36.0,ALB,41.371
Austrian Grand Prix,36.0,ZHO,57.804
Austrian Grand Prix,36.0,OCO,42.371
Austrian Grand Prix,36.0,NOR,16.653
Austrian Grand Prix,36.0,HAM,18.169
Austrian Grand Prix,36.0,SAI,8.622
Austrian Grand Prix,36.0,RUS,35.245
Austrian Grand Prix,36.0,BOT,70.65
Austrian Grand Prix,36.0,PIA,74.305
Austrian Grand Prix,37.0,VER,0.0
Austrian Grand Prix,37.0,GAS,33.977
Austrian Grand Prix,37.0,PER,26.824
Austrian Grand Prix,37.0,ALO,21.885
Austrian Grand Prix,37.0,LEC,3.399
Austrian Grand Prix,37.0,STR,65.149
Austrian Grand Prix,37.0,SAR,53.942
Austrian Grand Prix,37.0,MAG,84.748
Austrian Grand Prix,37.0,DEV,68.014
Austrian Grand Prix,37.0,TSU,68.786
Austrian Grand Prix,37.0,ALB,42.557
Austrian Grand Prix,37.0,ZHO,59.993
Austrian Grand Prix,37.0,OCO,43.779
Austrian Grand Prix,37.0,NOR,17.676
Austrian Grand Prix,37.0,HAM,19.319
Austrian Grand Prix,37.0,SAI,9.244
Austrian Grand Prix,37.0,RUS,36.332
Austrian Grand Prix,37.0,BOT,71.574
Austrian Grand Prix,37.0,PIA,75.697
Austrian Grand Prix,38.0,VER,0.0
Austrian Grand Prix,38.0,GAS,35.557
Austrian Grand Prix,38.0,PER,26.514
Austrian Grand Prix,38.0,ALO,22.896
Austrian Grand Prix,38.0,LEC,4.49
Austrian Grand Prix,38.0,STR,65.155
Austrian Grand Prix,38.0,SAR,55.821
Austrian Grand Prix,38.0,MAG,86.426
Austrian Grand Prix,38.0,DEV,85.713
Austrian Grand Prix,38.0,TSU,71.487
Austrian Grand Prix,38.0,ALB,44.154
Austrian Grand Prix,38.0,ZHO,65.803
Austrian Grand Prix,38.0,OCO,45.796
Austrian Grand Prix,38.0,NOR,18.804
Austrian Grand Prix,38.0,HAM,20.403
Austrian Grand Prix,38.0,SAI,9.987
Austrian Grand Prix,38.0,RUS,37.728
Austrian Grand Prix,38.0,BOT,73.51
Austrian Grand Prix,38.0,PIA,77.196
Austrian Grand Prix,39.0,VER,0.0
Austrian Grand Prix,39.0,GAS,37.303
Austrian Grand Prix,39.0,PER,26.675
Austrian Grand Prix,39.0,ALO,24.109
Austrian Grand Prix,39.0,LEC,5.828
Austrian Grand Prix,39.0,STR,65.377
Austrian Grand Prix,39.0,SAR,57.679
Austrian Grand Prix,39.0,MAG,87.28
Austrian Grand Prix,39.0,DEV,86.301
Austrian Grand Prix,39.0,TSU,73.357
Austrian Grand Prix,39.0,ALB,45.957
Austrian Grand Prix,39.0,ZHO,84.635
Austrian Grand Prix,39.0,OCO,48.314
Austrian Grand Prix,39.0,NOR,20.593
Austrian Grand Prix,39.0,HAM,21.976
Austrian Grand Prix,39.0,SAI,11.137
Austrian Grand Prix,39.0,RUS,39.324
Austrian Grand Prix,39.0,BOT,75.469
Austrian Grand Prix,39.0,PIA,79.051
Austrian Grand Prix,40.0,VER,0.0
Austrian Grand Prix,40.0,GAS,38.984
Austrian Grand Prix,40.0,PER,26.581
Austrian Grand Prix,40.0,ALO,25.314
Austrian Grand Prix,40.0,LEC,7.293
Austrian Grand Prix,40.0,STR,65.612
Austrian Grand Prix,40.0,SAR,59.591
Austrian Grand Prix,40.0,MAG,88.175
Austrian Grand Prix,40.0,DEV,86.931
Austrian Grand Prix,40.0,TSU,75.111
Austrian Grand Prix,40.0,ALB,47.717
Austrian Grand Prix,40.0,ZHO,85.076
Austrian Grand Prix,40.0,OCO,54.054
Austrian Grand Prix,40.0,NOR,22.721
Austrian Grand Prix,40.0,HAM,23.929
Austrian Grand Prix,40.0,SAI,12.069
Austrian Grand Prix,40.0,RUS,40.927
Austrian Grand Prix,40.0,BOT,80.566
Austrian Grand Prix,40.0,PIA,80.635
Austrian Grand Prix,41.0,VER,0.0
Austrian Grand Prix,41.0,GAS,40.501
Austrian Grand Prix,41.0,PER,26.859
Austrian Grand Prix,41.0,ALO,26.454
Austrian Grand Prix,41.0,LEC,8.594
Austrian Grand Prix,41.0,STR,65.837
Austrian Grand Prix,41.0,SAR,61.552
Austrian Grand Prix,41.0,MAG,89.217
Austrian Grand Prix,41.0,DEV,87.407
Austrian Grand Prix,41.0,TSU,76.905
Austrian Grand Prix,41.0,ALB,52.583
Austrian Grand Prix,41.0,ZHO,85.634
Austrian Grand Prix,41.0,OCO,81.155
Austrian Grand Prix,41.0,NOR,27.699
Austrian Grand Prix,41.0,HAM,25.27
Austrian Grand Prix,41.0,SAI,13.119
Austrian Grand Prix,41.0,RUS,45.967
Austrian Grand Prix,41.0,BOT,99.065
Austrian Grand Prix,41.0,PIA,85.512
Austrian Grand Prix,42.0,VER,0.0
Austrian Grand Prix,42.0,GAS,42.95
Austrian Grand Prix,42.0,PER,27.138
Austrian Grand Prix,42.0,ALO,28.292
Austrian Grand Prix,42.0,LEC,9.605
Austrian Grand Prix,42.0,STR,66.224
Austrian Grand Prix,42.0,SAR,63.592
Austrian Grand Prix,42.0,MAG,90.122
Austrian Grand Prix,42.0,DEV,88.065
Austrian Grand Prix,42.0,TSU,79.039
Austrian Grand Prix,42.0,ALB,76.672
Austrian Grand Prix,42.0,ZHO,86.018
Austrian Grand Prix,42.0,OCO,82.076
Austrian Grand Prix,42.0,NOR,45.537
Austrian Grand Prix,42.0,HAM,29.842
Austrian Grand Prix,42.0,SAI,14.129
Austrian Grand Prix,42.0,RUS,64.091
Austrian Grand Prix,42.0,BOT,99.656
Austrian Grand Prix,42.0,PIA,104.455
Austrian Grand Prix,43.0,VER,0.0
Austrian Grand Prix,43.0,GAS,44.474
Austrian Grand Prix,43.0,PER,26.833
Austrian Grand Prix,43.0,ALO,29.667
Austrian Grand Prix,43.0,LEC,10.637
Austrian Grand Prix,43.0,STR,66.768
Austrian Grand Prix,43.0,SAR,69.763
Austrian Grand Prix,43.0,MAG,91.161
Austrian Grand Prix,43.0,DEV,88.748
Austrian Grand Prix,43.0,TSU,86.169
Austrian Grand Prix,43.0,ALB,76.914
Austrian Grand Prix,43.0,ZHO,86.492
Austrian Grand Prix,43.0,OCO,83.225
Austrian Grand Prix,43.0,NOR,45.204
Austrian Grand Prix,43.0,HAM,54.118
Austrian Grand Prix,43.0,SAI,14.734
Austrian Grand Prix,43.0,RUS,64.158
Austrian Grand Prix,43.0,BOT,100.407
Austrian Grand Prix,43.0,PIA,104.954
Austrian Grand Prix,44.0,VER,0.0
Austrian Grand Prix,44.0,GAS,50.364
Austrian Grand Prix,44.0,PER,26.644
Austrian Grand Prix,44.0,ALO,35.302
Austrian Grand Prix,44.0,LEC,11.434
Austrian Grand Prix,44.0,STR,66.642
Austrian Grand Prix,44.0,SAR,87.527
Austrian Grand Prix,44.0,MAG,92.163
Austrian Grand Prix,44.0,DEV,89.542
Austrian Grand Prix,44.0,TSU,103.98
Austrian Grand Prix,44.0,ALB,77.107
Austrian Grand Prix,44.0,ZHO,88.183
Austrian Grand Prix,44.0,OCO,83.792
Austrian Grand Prix,44.0,NOR,44.69
Austrian Grand Prix,44.0,HAM,54.923
Austrian Grand Prix,44.0,SAI,15.733
Austrian Grand Prix,44.0,RUS,64.302
Austrian Grand Prix,44.0,BOT,100.925
Austrian Grand Prix,44.0,PIA,105.584
Austrian Grand Prix,45.0,VER,0.0
Austrian Grand Prix,45.0,GAS,73.923
Austrian Grand Prix,45.0,PER,26.264
Austrian Grand Prix,45.0,ALO,52.638
Austrian Grand Prix,45.0,LEC,12.258
Austrian Grand Prix,45.0,STR,66.688
Austrian Grand Prix,45.0,SAR,87.487
Austrian Grand Prix,45.0,MAG,93.215
Austrian Grand Prix,45.0,DEV,90.658
Austrian Grand Prix,45.0,TSU,103.949
Austrian Grand Prix,45.0,ALB,77.304
Austrian Grand Prix,45.0,ZHO,89.663
Austrian Grand Prix,45.0,OCO,84.682
Austrian Grand Prix,45.0,NOR,44.086
Austrian Grand Prix,45.0,HAM,55.377
Austrian Grand Prix,45.0,SAI,20.592
Austrian Grand Prix,45.0,RUS,64.377
Austrian Grand Prix,45.0,BOT,101.283
Austrian Grand Prix,45.0,PIA,105.834
Austrian Grand Prix,46.0,VER,0.0
Austrian Grand Prix,46.0,GAS,73.517
Austrian Grand Prix,46.0,PER,25.989
Austrian Grand Prix,46.0,ALO,52.325
Austrian Grand Prix,46.0,LEC,13.326
Austrian Grand Prix,46.0,STR,66.854
Austrian Grand Prix,46.0,SAR,87.715
Austrian Grand Prix,46.0,MAG,94.105
Austrian Grand Prix,46.0,DEV,90.947
Austrian Grand Prix,46.0,TSU,104.161
Austrian Grand Prix,46.0,ALB,77.473
Austrian Grand Prix,46.0,ZHO,89.886
Austrian Grand Prix,46.0,OCO,85.57
Austrian Grand Prix,46.0,NOR,44.396
Austrian Grand Prix,46.0,HAM,55.359
Austrian Grand Prix,46.0,SAI,43.898
Austrian Grand Prix,46.0,RUS,64.502
Austrian Grand Prix,46.0,BOT,101.794
Austrian Grand Prix,46.0,PIA,106.133
Austrian Grand Prix,47.0,VER,0.0
Austrian Grand Prix,47.0,GAS,73.307
Austrian Grand Prix,47.0,PER,25.94
Austrian Grand Prix,47.0,ALO,52.108
Austrian Grand Prix,47.0,LEC,17.616
Austrian Grand Prix,47.0,STR,67.13
Austrian Grand Prix,47.0,SAR,88.543
Austrian Grand Prix,47.0,MAG,96.695
Austrian Grand Prix,47.0,DEV,91.394
Austrian Grand Prix,47.0,TSU,105.206
Austrian Grand Prix,47.0,ALB,77.788
Austrian Grand Prix,47.0,ZHO,90.299
Austrian Grand Prix,47.0,OCO,86.086
Austrian Grand Prix,47.0,NOR,44.398
Austrian Grand Prix,47.0,HAM,55.205
Austrian Grand Prix,47.0,SAI,43.39
Austrian Grand Prix,47.0,RUS,64.83
Austrian Grand Prix,47.0,BOT,102.421
Austrian Grand Prix,47.0,PIA,106.69
Austrian Grand Prix,48.0,VER,0.0
Austrian Grand Prix,48.0,GAS,72.934
Austrian Grand Prix,48.0,PER,26.292
Austrian Grand Prix,48.0,ALO,52.323
Austrian Grand Prix,48.0,LEC,34.379
Austrian Grand Prix,48.0,STR,67.517
Austrian Grand Prix,48.0,SAR,89.171
Austrian Grand Prix,48.0,MAG,97.671
Austrian Grand Prix,48.0,DEV,92.438
Austrian Grand Prix,48.0,TSU,105.795
Austrian Grand Prix,48.0,ALB,78.201
Austrian Grand Prix,48.0,ZHO,90.743
Austrian Grand Prix,48.0,OCO,86.649
Austrian Grand Prix,48.0,NOR,43.718
Austrian Grand Prix,48.0,HAM,54.946
Austrian Grand Prix,48.0,SAI,42.919
Austrian Grand Prix,48.0,RUS,65.145
Austrian Grand Prix,48.0,BOT,104.576
Austrian Grand Prix,48.0,PIA,107.45
Austrian Grand Prix,49.0,VER,0.0
Austrian Grand Prix,49.0,GAS,68.893
Austrian Grand Prix,49.0,PER,22.541
Austrian Grand Prix,49.0,ALO,48.742
Austrian Grand Prix,49.0,LEC,30.798000000000002
Austrian Grand Prix,49.0,STR,64.153
Austrian Grand Prix,49.0,SAR,87.647
Austrian Grand Prix,49.0,MAG,95.185
Austrian Grand Prix,49.0,DEV,89.745
Austrian Grand Prix,49.0,TSU,102.659
Austrian Grand Prix,49.0,ALB,74.673
Austrian Grand Prix,49.0,ZHO,88.211
Austrian Grand Prix,49.0,OCO,83.476
Austrian Grand Prix,49.0,NOR,39.61
Austrian Grand Prix,49.0,HAM,51.505
Austrian Grand Prix,49.0,SAI,38.649
Austrian Grand Prix,49.0,RUS,61.252
Austrian Grand Prix,49.0,BOT,101.34
Austrian Grand Prix,49.0,PIA,104.17
Austrian Grand Prix,50.0,VER,0.0
Austrian Grand Prix,50.0,GAS,51.938
Austrian Grand Prix,50.0,PER,9.54
Austrian Grand Prix,50.0,ALO,31.914
Austrian Grand Prix,50.0,LEC,13.393
Austrian Grand Prix,50.0,STR,47.508
Austrian Grand Prix,50.0,SAR,71.139
Austrian Grand Prix,50.0,MAG,79.542
Austrian Grand Prix,50.0,DEV,73.72
Austrian Grand Prix,50.0,TSU,86.529
Austrian Grand Prix,50.0,ALB,58.154
Austrian Grand Prix,50.0,ZHO,71.836
Austrian Grand Prix,50.0,OCO,67.005
Austrian Grand Prix,50.0,NOR,22.314
Austrian Grand Prix,50.0,HAM,34.608
Austrian Grand Prix,50.0,SAI,21.261
Austrian Grand Prix,50.0,RUS,44.392
Austrian Grand Prix,50.0,BOT,85.218
Austrian Grand Prix,50.0,PIA,87.895
Austrian Grand Prix,51.0,VER,0.0
Austrian Grand Prix,51.0,GAS,53.153
Austrian Grand Prix,51.0,PER,26.811
Austrian Grand Prix,51.0,ALO,33.22
Austrian Grand Prix,51.0,LEC,14.063
Austrian Grand Prix,51.0,STR,49.066
Austrian Grand Prix,51.0,SAR,72.685
Austrian Grand Prix,51.0,MAG,82.077
Austrian Grand Prix,51.0,DEV,75.77
Austrian Grand Prix,51.0,TSU,88.541
Austrian Grand Prix,51.0,ALB,59.611
Austrian Grand Prix,51.0,ZHO,73.765
Austrian Grand Prix,51.0,OCO,69.996
Austrian Grand Prix,51.0,NOR,23.123
Austrian Grand Prix,51.0,HAM,35.872
Austrian Grand Prix,51.0,SAI,22.313
Austrian Grand Prix,51.0,RUS,45.952
Austrian Grand Prix,51.0,BOT,87.217
Austrian Grand Prix,51.0,PIA,89.818
Austrian Grand Prix,52.0,VER,0.0
Austrian Grand Prix,52.0,GAS,54.112
Austrian Grand Prix,52.0,PER,26.58
Austrian Grand Prix,52.0,ALO,34.239
Austrian Grand Prix,52.0,LEC,14.861
Austrian Grand Prix,52.0,STR,50.675
Austrian Grand Prix,52.0,SAR,74.332
Austrian Grand Prix,52.0,MAG,85.712
Austrian Grand Prix,52.0,DEV,77.967
Austrian Grand Prix,52.0,TSU,90.608
Austrian Grand Prix,52.0,ALB,61.02
Austrian Grand Prix,52.0,ZHO,75.384
Austrian Grand Prix,52.0,OCO,71.601
Austrian Grand Prix,52.0,NOR,23.933
Austrian Grand Prix,52.0,HAM,36.75
Austrian Grand Prix,52.0,SAI,23.133
Austrian Grand Prix,52.0,RUS,47.131
Austrian Grand Prix,52.0,BOT,89.24
Austrian Grand Prix,52.0,PIA,94.254
Austrian Grand Prix,53.0,VER,0.0
Austrian Grand Prix,53.0,GAS,55.166
Austrian Grand Prix,53.0,PER,27.071
Austrian Grand Prix,53.0,ALO,35.367
Austrian Grand Prix,53.0,LEC,15.766
Austrian Grand Prix,53.0,STR,52.335
Austrian Grand Prix,53.0,SAR,76.069
Austrian Grand Prix,53.0,MAG,88.005
Austrian Grand Prix,53.0,DEV,80.007
Austrian Grand Prix,53.0,TSU,92.492
Austrian Grand Prix,53.0,ALB,62.345
Austrian Grand Prix,53.0,ZHO,77.528
Austrian Grand Prix,53.0,OCO,73.234
Austrian Grand Prix,53.0,NOR,24.814
Austrian Grand Prix,53.0,HAM,38.053
Austrian Grand Prix,53.0,SAI,24.073
Austrian Grand Prix,53.0,RUS,48.291
Austrian Grand Prix,53.0,BOT,91.08
Austrian Grand Prix,53.0,PIA,97.531
Austrian Grand Prix,54.0,VER,0.0
Austrian Grand Prix,54.0,GAS,56.307
Austrian Grand Prix,54.0,PER,27.346
Austrian Grand Prix,54.0,ALO,36.225
Austrian Grand Prix,54.0,LEC,16.394
Austrian Grand Prix,54.0,STR,57.915
Austrian Grand Prix,54.0,SAR,77.82
Austrian Grand Prix,54.0,MAG,90.278
Austrian Grand Prix,54.0,DEV,82.093
Austrian Grand Prix,54.0,TSU,97.644
Austrian Grand Prix,54.0,ALB,63.773
Austrian Grand Prix,54.0,ZHO,79.664
Austrian Grand Prix,54.0,OCO,74.833
Austrian Grand Prix,54.0,NOR,25.863
Austrian Grand Prix,54.0,HAM,39.12
Austrian Grand Prix,54.0,SAI,24.912
Austrian Grand Prix,54.0,RUS,49.629
Austrian Grand Prix,54.0,BOT,93.112
Austrian Grand Prix,54.0,PIA,99.581
Austrian Grand Prix,55.0,VER,0.0
Austrian Grand Prix,55.0,GAS,57.535
Austrian Grand Prix,55.0,PER,27.677
Austrian Grand Prix,55.0,ALO,37.29
Austrian Grand Prix,55.0,LEC,17.068
Austrian Grand Prix,55.0,STR,75.722
Austrian Grand Prix,55.0,SAR,79.884
Austrian Grand Prix,55.0,MAG,92.864
Austrian Grand Prix,55.0,DEV,84.357
Austrian Grand Prix,55.0,TSU,99.818
Austrian Grand Prix,55.0,ALB,65.241
Austrian Grand Prix,55.0,ZHO,81.821
Austrian Grand Prix,55.0,OCO,77.607
Austrian Grand Prix,55.0,NOR,26.801
Austrian Grand Prix,55.0,HAM,40.074
Austrian Grand Prix,55.0,SAI,26.032
Austrian Grand Prix,55.0,RUS,51.005
Austrian Grand Prix,55.0,BOT,98.389
Austrian Grand Prix,55.0,PIA,101.453
Austrian Grand Prix,56.0,VER,0.0
Austrian Grand Prix,56.0,GAS,58.622
Austrian Grand Prix,56.0,PER,27.651
Austrian Grand Prix,56.0,ALO,38.241
Austrian Grand Prix,56.0,LEC,17.792
Austrian Grand Prix,56.0,STR,75.901
Austrian Grand Prix,56.0,SAR,81.77
Austrian Grand Prix,56.0,MAG,95.375
Austrian Grand Prix,56.0,DEV,88.126
Austrian Grand Prix,56.0,TSU,103.212
Austrian Grand Prix,56.0,ALB,66.751
Austrian Grand Prix,56.0,ZHO,83.879
Austrian Grand Prix,56.0,OCO,79.292
Austrian Grand Prix,56.0,NOR,28.659
Austrian Grand Prix,56.0,HAM,41.209
Austrian Grand Prix,56.0,SAI,26.924
Austrian Grand Prix,56.0,RUS,52.183
Austrian Grand Prix,56.0,BOT,100.977
Austrian Grand Prix,56.0,PIA,103.826
Austrian Grand Prix,57.0,VER,0.0
Austrian Grand Prix,57.0,GAS,59.717
Austrian Grand Prix,57.0,PER,28.913
Austrian Grand Prix,57.0,ALO,39.205
Austrian Grand Prix,57.0,LEC,18.727
Austrian Grand Prix,57.0,STR,75.952
Austrian Grand Prix,57.0,SAR,83.442
Austrian Grand Prix,57.0,MAG,101.11
Austrian Grand Prix,57.0,DEV,90.074
Austrian Grand Prix,57.0,TSU,105.079
Austrian Grand Prix,57.0,ALB,69.976
Austrian Grand Prix,57.0,ZHO,86.251
Austrian Grand Prix,57.0,OCO,80.97
Austrian Grand Prix,57.0,NOR,30.087
Austrian Grand Prix,57.0,HAM,42.785
Austrian Grand Prix,57.0,SAI,28.406
Austrian Grand Prix,57.0,RUS,53.358
Austrian Grand Prix,57.0,BOT,103.392
Austrian Grand Prix,57.0,PIA,105.717
Austrian Grand Prix,58.0,VER,0.0
Austrian Grand Prix,58.0,GAS,60.959
Austrian Grand Prix,58.0,PER,29.961
Austrian Grand Prix,58.0,ALO,40.331
Austrian Grand Prix,58.0,LEC,19.46
Austrian Grand Prix,58.0,STR,76.096
Austrian Grand Prix,58.0,SAR,85.325
Austrian Grand Prix,58.0,MAG,103.683
Austrian Grand Prix,58.0,DEV,92.254
Austrian Grand Prix,58.0,TSU,106.996
Austrian Grand Prix,58.0,ALB,71.563
Austrian Grand Prix,58.0,ZHO,89.786
Austrian Grand Prix,58.0,OCO,82.453
Austrian Grand Prix,58.0,NOR,31.708
Austrian Grand Prix,58.0,HAM,43.902
Austrian Grand Prix,58.0,SAI,29.489
Austrian Grand Prix,58.0,RUS,54.609
Austrian Grand Prix,58.0,BOT,105.42
Austrian Grand Prix,58.0,PIA,107.71
Austrian Grand Prix,59.0,VER,0.0
Austrian Grand Prix,59.0,GAS,61.969
Austrian Grand Prix,59.0,PER,31.682
Austrian Grand Prix,59.0,ALO,41.378
Austrian Grand Prix,59.0,LEC,20.033
Austrian Grand Prix,59.0,STR,76.156
Austrian Grand Prix,59.0,SAR,86.825
Austrian Grand Prix,59.0,MAG,106.267
Austrian Grand Prix,59.0,DEV,94.269
Austrian Grand Prix,59.0,TSU,108.838
Austrian Grand Prix,59.0,ALB,73.0
Austrian Grand Prix,59.0,ZHO,91.471
Austrian Grand Prix,59.0,OCO,83.836
Austrian Grand Prix,59.0,NOR,33.128
Austrian Grand Prix,59.0,HAM,45.162
Austrian Grand Prix,59.0,SAI,31.206
Austrian Grand Prix,59.0,RUS,55.731
Austrian Grand Prix,59.0,BOT,107.51
Austrian Grand Prix,59.0,PIA,109.623
Austrian Grand Prix,60.0,VER,0.0
Austrian Grand Prix,60.0,GAS,62.987
Austrian Grand Prix,60.0,PER,33.242
Austrian Grand Prix,60.0,ALO,42.613
Austrian Grand Prix,60.0,LEC,20.455
Austrian Grand Prix,60.0,STR,76.428
Austrian Grand Prix,60.0,SAR,88.352
Austrian Grand Prix,60.0,MAG,108.548
Austrian Grand Prix,60.0,DEV,96.313
Austrian Grand Prix,60.0,TSU,110.873
Austrian Grand Prix,60.0,ALB,74.418
Austrian Grand Prix,60.0,ZHO,93.423
Austrian Grand Prix,60.0,OCO,85.282
Austrian Grand Prix,60.0,NOR,34.534
Austrian Grand Prix,60.0,HAM,46.656
Austrian Grand Prix,60.0,SAI,32.715
Austrian Grand Prix,60.0,RUS,56.889
Austrian Grand Prix,60.0,BOT,109.655
Austrian Grand Prix,60.0,PIA,111.332
Austrian Grand Prix,61.0,VER,0.0
Austrian Grand Prix,61.0,GAS,64.218
Austrian Grand Prix,61.0,PER,33.945
Austrian Grand Prix,61.0,ALO,43.724
Austrian Grand Prix,61.0,LEC,21.031
Austrian Grand Prix,61.0,STR,76.882
Austrian Grand Prix,61.0,SAR,91.999
Austrian Grand Prix,61.0,MAG,111.143
Austrian Grand Prix,61.0,DEV,98.476
Austrian Grand Prix,61.0,TSU,114.049
Austrian Grand Prix,61.0,ALB,75.801
Austrian Grand Prix,61.0,ZHO,95.489
Austrian Grand Prix,61.0,OCO,86.869
Austrian Grand Prix,61.0,NOR,36.029
Austrian Grand Prix,61.0,HAM,48.027
Austrian Grand Prix,61.0,SAI,34.745
Austrian Grand Prix,61.0,RUS,58.062
Austrian Grand Prix,61.0,BOT,112.048
Austrian Grand Prix,61.0,PIA,114.461
Austrian Grand Prix,62.0,VER,0.0
Austrian Grand Prix,62.0,GAS,65.559
Austrian Grand Prix,62.0,PER,34.265
Austrian Grand Prix,62.0,ALO,44.812
Austrian Grand Prix,62.0,LEC,21.839
Austrian Grand Prix,62.0,STR,77.559
Austrian Grand Prix,62.0,SAR,93.931
Austrian Grand Prix,62.0,MAG,114.056
Austrian Grand Prix,62.0,DEV,100.481
Austrian Grand Prix,62.0,TSU,116.18
Austrian Grand Prix,62.0,ALB,77.106
Austrian Grand Prix,62.0,ZHO,97.565
Austrian Grand Prix,62.0,OCO,88.453
Austrian Grand Prix,62.0,NOR,37.314
Austrian Grand Prix,62.0,HAM,49.159
Austrian Grand Prix,62.0,SAI,35.473
Austrian Grand Prix,62.0,RUS,59.119
Austrian Grand Prix,62.0,BOT,115.468
Austrian Grand Prix,62.0,PIA,116.44
Austrian Grand Prix,63.0,VER,0.0
Austrian Grand Prix,63.0,GAS,66.852
Austrian Grand Prix,63.0,PER,34.745
Austrian Grand Prix,63.0,ALO,46.225
Austrian Grand Prix,63.0,LEC,22.235
Austrian Grand Prix,63.0,STR,78.205
Austrian Grand Prix,63.0,SAR,95.594
Austrian Grand Prix,63.0,MAG,117.797
Austrian Grand Prix,63.0,DEV,102.583
Austrian Grand Prix,63.0,TSU,119.011
Austrian Grand Prix,63.0,ALB,79.703
Austrian Grand Prix,63.0,ZHO,99.388
Austrian Grand Prix,63.0,OCO,90.073
Austrian Grand Prix,63.0,NOR,38.458
Austrian Grand Prix,63.0,HAM,50.076
Austrian Grand Prix,63.0,SAI,36.6
Austrian Grand Prix,63.0,RUS,60.145
Austrian Grand Prix,63.0,BOT,118.307
Austrian Grand Prix,63.0,PIA,119.386
Austrian Grand Prix,64.0,VER,0.0
Austrian Grand Prix,64.0,GAS,68.335
Austrian Grand Prix,64.0,PER,35.167
Austrian Grand Prix,64.0,ALO,47.097
Austrian Grand Prix,64.0,LEC,22.629
Austrian Grand Prix,64.0,STR,78.642
Austrian Grand Prix,64.0,SAR,97.281
Austrian Grand Prix,64.0,MAG,120.612
Austrian Grand Prix,64.0,DEV,105.701
Austrian Grand Prix,64.0,TSU,122.388
Austrian Grand Prix,64.0,ALB,81.157
Austrian Grand Prix,64.0,ZHO,101.204
Austrian Grand Prix,64.0,OCO,93.389
Austrian Grand Prix,64.0,NOR,39.424
Austrian Grand Prix,64.0,HAM,51.317
Austrian Grand Prix,64.0,SAI,37.555
Austrian Grand Prix,64.0,RUS,61.233
Austrian Grand Prix,64.0,BOT,121.224
Austrian Grand Prix,64.0,PIA,122.798
Austrian Grand Prix,65.0,VER,0.0
Austrian Grand Prix,65.0,GAS,70.353
Austrian Grand Prix,65.0,PER,35.366
Austrian Grand Prix,65.0,ALO,47.778
Austrian Grand Prix,65.0,LEC,23.086
Austrian Grand Prix,65.0,STR,78.754
Austrian Grand Prix,65.0,SAR,98.585
Austrian Grand Prix,65.0,MAG,124.178
Austrian Grand Prix,65.0,DEV,108.988
Austrian Grand Prix,65.0,TSU,124.921
Austrian Grand Prix,65.0,ALB,82.228
Austrian Grand Prix,65.0,ZHO,102.781
Austrian Grand Prix,65.0,OCO,94.946
Austrian Grand Prix,65.0,NOR,40.416
Austrian Grand Prix,65.0,HAM,52.945
Austrian Grand Prix,65.0,SAI,38.091
Austrian Grand Prix,65.0,RUS,62.004
Austrian Grand Prix,65.0,BOT,124.536
Austrian Grand Prix,65.0,PIA,125.321
Austrian Grand Prix,66.0,VER,0.0
Austrian Grand Prix,66.0,GAS,71.863
Austrian Grand Prix,66.0,PER,35.955
Austrian Grand Prix,66.0,ALO,48.863
Austrian Grand Prix,66.0,LEC,23.756
Austrian Grand Prix,66.0,STR,79.054
Austrian Grand Prix,66.0,SAR,100.278
Austrian Grand Prix,66.0,MAG,128.604
Austrian Grand Prix,66.0,DEV,111.829
Austrian Grand Prix,66.0,TSU,127.912
Austrian Grand Prix,66.0,ALB,83.75
Austrian Grand Prix,66.0,ZHO,106.225
Austrian Grand Prix,66.0,OCO,96.612
Austrian Grand Prix,66.0,NOR,41.786
Austrian Grand Prix,66.0,HAM,53.834
Austrian Grand Prix,66.0,SAI,38.986
Austrian Grand Prix,66.0,RUS,63.194
Austrian Grand Prix,66.0,BOT,126.683
Austrian Grand Prix,66.0,PIA,128.952
Austrian Grand Prix,67.0,VER,0.0
Austrian Grand Prix,67.0,GAS,72.974
Austrian Grand Prix,67.0,PER,36.681
Austrian Grand Prix,67.0,ALO,49.365
Austrian Grand Prix,67.0,LEC,24.018
Austrian Grand Prix,67.0,STR,79.055
Austrian Grand Prix,67.0,SAR,101.619
Austrian Grand Prix,67.0,MAG,131.163
Austrian Grand Prix,67.0,DEV,114.369
Austrian Grand Prix,67.0,TSU,129.897
Austrian Grand Prix,67.0,ALB,85.081
Austrian Grand Prix,67.0,ZHO,107.624
Austrian Grand Prix,67.0,OCO,97.766
Austrian Grand Prix,67.0,NOR,43.146
Austrian Grand Prix,67.0,HAM,54.954
Austrian Grand Prix,67.0,SAI,39.76
Austrian Grand Prix,67.0,RUS,64.429
Austrian Grand Prix,67.0,BOT,128.211
Austrian Grand Prix,67.0,PIA,131.479
Austrian Grand Prix,68.0,VER,0.0
Austrian Grand Prix,68.0,GAS,74.439
Austrian Grand Prix,68.0,PER,36.602
Austrian Grand Prix,68.0,ALO,49.419
Austrian Grand Prix,68.0,LEC,23.774
Austrian Grand Prix,68.0,STR,78.694
Austrian Grand Prix,68.0,SAR,102.596
Austrian Grand Prix,68.0,MAG,134.399
Austrian Grand Prix,68.0,DEV,115.675
Austrian Grand Prix,68.0,TSU,131.162
Austrian Grand Prix,68.0,ALB,85.765
Austrian Grand Prix,68.0,ZHO,110.662
Austrian Grand Prix,68.0,OCO,98.907
Austrian Grand Prix,68.0,NOR,43.913
Austrian Grand Prix,68.0,HAM,55.504
Austrian Grand Prix,68.0,SAI,39.96
Austrian Grand Prix,68.0,RUS,65.165
Austrian Grand Prix,68.0,BOT,129.472
Austrian Grand Prix,68.0,PIA,132.967
Austrian Grand Prix,69.0,VER,0.0
Austrian Grand Prix,69.0,GAS,72.384
Austrian Grand Prix,69.0,PER,33.55
Austrian Grand Prix,69.0,ALO,46.447
Austrian Grand Prix,69.0,LEC,20.642
Austrian Grand Prix,69.0,STR,75.649
Austrian Grand Prix,69.0,SAR,100.725
Austrian Grand Prix,69.0,MAG,134.989
Austrian Grand Prix,69.0,DEV,113.848
Austrian Grand Prix,69.0,TSU,129.343
Austrian Grand Prix,69.0,ALB,83.798
Austrian Grand Prix,69.0,ZHO,108.722
Austrian Grand Prix,69.0,OCO,96.939
Austrian Grand Prix,69.0,NOR,41.643
Austrian Grand Prix,69.0,HAM,53.296
Austrian Grand Prix,69.0,SAI,37.379
Austrian Grand Prix,69.0,RUS,63.263
Austrian Grand Prix,69.0,BOT,127.527
Austrian Grand Prix,69.0,PIA,131.405
Austrian Grand Prix,70.0,VER,0.0
Austrian Grand Prix,70.0,GAS,54.335
Austrian Grand Prix,70.0,PER,14.883
Austrian Grand Prix,70.0,ALO,27.817
Austrian Grand Prix,70.0,LEC,2.177
Austrian Grand Prix,70.0,STR,56.715
Austrian Grand Prix,70.0,SAR,83.396
Austrian Grand Prix,70.0,MAG,118.675
Austrian Grand Prix,70.0,DEV,96.715
Austrian Grand Prix,70.0,TSU,111.885
Austrian Grand Prix,70.0,ALB,66.175
Austrian Grand Prix,70.0,ZHO,91.645
Austrian Grand Prix,70.0,OCO,79.152
Austrian Grand Prix,70.0,NOR,23.462
Austrian Grand Prix,70.0,HAM,35.751
Austrian Grand Prix,70.0,SAI,19.041
Austrian Grand Prix,70.0,RUS,45.255
Austrian Grand Prix,70.0,BOT,109.789
Austrian Grand Prix,70.0,PIA,113.581
Austrian Grand Prix,71.0,VER,0.0
Austrian Grand Prix,71.0,GAS,57.667
Austrian Grand Prix,71.0,PER,17.188
Austrian Grand Prix,71.0,ALO,30.317
Austrian Grand Prix,71.0,LEC,5.155
Austrian Grand Prix,71.0,STR,59.043
Austrian Grand Prix,71.0,ALB,69.767
Austrian Grand Prix,71.0,NOR,26.327
Austrian Grand Prix,71.0,HAM,39.196
Austrian Grand Prix,71.0,SAI,21.377
Austrian Grand Prix,71.0,RUS,48.403
British Grand Prix,1.0,VER,0.616
British Grand Prix,1.0,GAS,4.463
British Grand Prix,1.0,PER,7.482
British Grand Prix,1.0,ALO,3.475
British Grand Prix,1.0,LEC,1.749
British Grand Prix,1.0,STR,5.498
British Grand Prix,1.0,SAR,7.241
British Grand Prix,1.0,MAG,9.22
British Grand Prix,1.0,DEV,7.893
British Grand Prix,1.0,TSU,6.614
British Grand Prix,1.0,ALB,4.813
British Grand Prix,1.0,ZHO,8.688
British Grand Prix,1.0,HUL,6.952
British Grand Prix,1.0,OCO,5.965
British Grand Prix,1.0,NOR,0.0
British Grand Prix,1.0,HAM,4.113
British Grand Prix,1.0,SAI,2.733
British Grand Prix,1.0,RUS,2.1
British Grand Prix,1.0,BOT,8.424
British Grand Prix,1.0,PIA,1.222
British Grand Prix,2.0,VER,1.003
British Grand Prix,2.0,GAS,6.123
British Grand Prix,2.0,PER,9.918
British Grand Prix,2.0,ALO,4.848
British Grand Prix,2.0,LEC,2.697
British Grand Prix,2.0,STR,7.545
British Grand Prix,2.0,SAR,10.461
British Grand Prix,2.0,MAG,12.511
British Grand Prix,2.0,DEV,11.055
British Grand Prix,2.0,TSU,8.82
British Grand Prix,2.0,ALB,6.771
British Grand Prix,2.0,ZHO,11.554
British Grand Prix,2.0,HUL,9.183
British Grand Prix,2.0,OCO,8.149
British Grand Prix,2.0,NOR,0.0
British Grand Prix,2.0,HAM,5.428
British Grand Prix,2.0,SAI,3.864
British Grand Prix,2.0,RUS,3.169
British Grand Prix,2.0,BOT,12.119
British Grand Prix,2.0,PIA,2.021
British Grand Prix,3.0,VER,0.553
British Grand Prix,3.0,GAS,6.548
British Grand Prix,3.0,PER,11.118
British Grand Prix,3.0,ALO,5.092
British Grand Prix,3.0,LEC,2.451
British Grand Prix,3.0,STR,8.386
British Grand Prix,3.0,SAR,11.858
British Grand Prix,3.0,MAG,14.5
British Grand Prix,3.0,DEV,12.621
British Grand Prix,3.0,TSU,9.869
British Grand Prix,3.0,ALB,7.4
British Grand Prix,3.0,ZHO,13.053
British Grand Prix,3.0,HUL,10.533
British Grand Prix,3.0,OCO,9.082
British Grand Prix,3.0,NOR,0.0
British Grand Prix,3.0,HAM,5.91
British Grand Prix,3.0,SAI,4.14
British Grand Prix,3.0,RUS,3.085
British Grand Prix,3.0,BOT,13.804
British Grand Prix,3.0,PIA,1.34
British Grand Prix,4.0,VER,0.561
British Grand Prix,4.0,GAS,7.125
British Grand Prix,4.0,PER,12.685
British Grand Prix,4.0,ALO,5.476
British Grand Prix,4.0,LEC,2.64
British Grand Prix,4.0,STR,9.413
British Grand Prix,4.0,SAR,13.418
British Grand Prix,4.0,MAG,16.459
British Grand Prix,4.0,DEV,14.048
British Grand Prix,4.0,TSU,11.459
British Grand Prix,4.0,ALB,8.494
British Grand Prix,4.0,ZHO,14.689
British Grand Prix,4.0,HUL,12.115
British Grand Prix,4.0,OCO,10.251
British Grand Prix,4.0,NOR,0.0
British Grand Prix,4.0,HAM,6.224
British Grand Prix,4.0,SAI,4.343
British Grand Prix,4.0,RUS,3.3970000000000002
British Grand Prix,4.0,BOT,15.643
British Grand Prix,4.0,PIA,1.149
British Grand Prix,5.0,VER,0.0
British Grand Prix,5.0,GAS,7.845
British Grand Prix,5.0,PER,13.615
British Grand Prix,5.0,ALO,6.49
British Grand Prix,5.0,LEC,3.906
British Grand Prix,5.0,STR,10.126
British Grand Prix,5.0,SAR,15.117
British Grand Prix,5.0,MAG,17.914
British Grand Prix,5.0,DEV,15.666
British Grand Prix,5.0,TSU,12.773
British Grand Prix,5.0,ALB,9.211
British Grand Prix,5.0,ZHO,16.282
British Grand Prix,5.0,HUL,14.56
British Grand Prix,5.0,OCO,11.054
British Grand Prix,5.0,NOR,0.771
British Grand Prix,5.0,HAM,6.799
British Grand Prix,5.0,SAI,4.866
British Grand Prix,5.0,RUS,4.465
British Grand Prix,5.0,BOT,17.304
British Grand Prix,5.0,PIA,1.467
British Grand Prix,6.0,VER,0.0
British Grand Prix,6.0,GAS,8.961
British Grand Prix,6.0,PER,14.259
British Grand Prix,6.0,ALO,8.099
British Grand Prix,6.0,LEC,4.64
British Grand Prix,6.0,STR,11.288
British Grand Prix,6.0,SAR,16.446
British Grand Prix,6.0,MAG,19.82
British Grand Prix,6.0,DEV,17.546
British Grand Prix,6.0,TSU,15.119
British Grand Prix,6.0,ALB,10.394
British Grand Prix,6.0,ZHO,18.062
British Grand Prix,6.0,HUL,17.164
British Grand Prix,6.0,OCO,12.408
British Grand Prix,6.0,NOR,0.856
British Grand Prix,6.0,HAM,8.328
British Grand Prix,6.0,SAI,6.054
British Grand Prix,6.0,RUS,5.277
British Grand Prix,6.0,BOT,19.068
British Grand Prix,6.0,PIA,1.448
British Grand Prix,7.0,VER,0.0
British Grand Prix,7.0,GAS,10.26
British Grand Prix,7.0,PER,15.078
British Grand Prix,7.0,ALO,9.644
British Grand Prix,7.0,LEC,4.943
British Grand Prix,7.0,STR,12.303
British Grand Prix,7.0,SAR,17.927
British Grand Prix,7.0,MAG,21.67
British Grand Prix,7.0,DEV,19.5
British Grand Prix,7.0,TSU,16.59
British Grand Prix,7.0,ALB,11.393
British Grand Prix,7.0,ZHO,19.957
British Grand Prix,7.0,HUL,18.476
British Grand Prix,7.0,OCO,13.654
British Grand Prix,7.0,NOR,0.946
British Grand Prix,7.0,HAM,8.556000000000001
British Grand Prix,7.0,SAI,6.381
British Grand Prix,7.0,RUS,5.609
British Grand Prix,7.0,BOT,20.847
British Grand Prix,7.0,PIA,1.638
British Grand Prix,8.0,VER,0.0
British Grand Prix,8.0,GAS,11.281
British Grand Prix,8.0,PER,15.762
British Grand Prix,8.0,ALO,10.779
British Grand Prix,8.0,LEC,5.303
British Grand Prix,8.0,STR,13.291
British Grand Prix,8.0,SAR,19.151
British Grand Prix,8.0,MAG,23.213
British Grand Prix,8.0,DEV,20.512
British Grand Prix,8.0,TSU,18.192
British Grand Prix,8.0,ALB,12.431
British Grand Prix,8.0,ZHO,21.34
British Grand Prix,8.0,HUL,53.514
British Grand Prix,8.0,OCO,14.802
British Grand Prix,8.0,NOR,1.163
British Grand Prix,8.0,HAM,9.155
British Grand Prix,8.0,SAI,6.939
British Grand Prix,8.0,RUS,5.861
British Grand Prix,8.0,BOT,22.439
British Grand Prix,8.0,PIA,1.987
British Grand Prix,9.0,VER,0.0
British Grand Prix,9.0,GAS,12.051
British Grand Prix,9.0,PER,16.211
British Grand Prix,9.0,ALO,11.614
British Grand Prix,9.0,LEC,5.568
British Grand Prix,9.0,STR,14.34
British Grand Prix,9.0,SAR,20.269
British Grand Prix,9.0,MAG,24.968
British Grand Prix,9.0,DEV,21.464
British Grand Prix,9.0,TSU,19.605
British Grand Prix,9.0,ALB,13.34
British Grand Prix,9.0,ZHO,22.562
British Grand Prix,9.0,HUL,54.361
British Grand Prix,9.0,OCO,15.826
British Grand Prix,9.0,NOR,0.953
British Grand Prix,9.0,HAM,9.664
British Grand Prix,9.0,SAI,7.534
British Grand Prix,9.0,RUS,6.193
British Grand Prix,9.0,BOT,24.003
British Grand Prix,9.0,PIA,1.955
British Grand Prix,10.0,VER,0.0
British Grand Prix,10.0,GAS,13.312
British Grand Prix,10.0,PER,16.981
British Grand Prix,10.0,ALO,12.731
British Grand Prix,10.0,LEC,6.141
British Grand Prix,10.0,STR,15.753
British Grand Prix,10.0,SAR,21.985
British Grand Prix,10.0,MAG,27.089
British Grand Prix,10.0,DEV,22.855
British Grand Prix,10.0,TSU,21.184
British Grand Prix,10.0,ALB,14.791
British Grand Prix,10.0,ZHO,24.36
British Grand Prix,10.0,HUL,55.292
British Grand Prix,10.0,NOR,1.336
British Grand Prix,10.0,HAM,10.693999999999999
British Grand Prix,10.0,SAI,8.345
British Grand Prix,10.0,RUS,7.023
British Grand Prix,10.0,BOT,25.715
British Grand Prix,10.0,PIA,2.74
British Grand Prix,11.0,VER,0.0
British Grand Prix,11.0,GAS,14.551
British Grand Prix,11.0,PER,17.931
British Grand Prix,11.0,ALO,13.871
British Grand Prix,11.0,LEC,6.592
British Grand Prix,11.0,STR,17.354
British Grand Prix,11.0,SAR,23.313
British Grand Prix,11.0,MAG,28.802
British Grand Prix,11.0,DEV,24.016
British Grand Prix,11.0,TSU,22.672
British Grand Prix,11.0,ALB,16.036
British Grand Prix,11.0,ZHO,25.984
British Grand Prix,11.0,HUL,56.661
British Grand Prix,11.0,NOR,1.717
British Grand Prix,11.0,HAM,11.616
British Grand Prix,11.0,SAI,9.027
British Grand Prix,11.0,RUS,7.515
British Grand Prix,11.0,BOT,27.472
British Grand Prix,11.0,PIA,3.1189999999999998
British Grand Prix,12.0,VER,0.0
British Grand Prix,12.0,GAS,15.568999999999999
British Grand Prix,12.0,PER,18.673000000000002
British Grand Prix,12.0,ALO,15.135
British Grand Prix,12.0,LEC,7.526
British Grand Prix,12.0,STR,19.433
British Grand Prix,12.0,SAR,24.865
British Grand Prix,12.0,MAG,30.659
British Grand Prix,12.0,DEV,25.494
British Grand Prix,12.0,TSU,24.222
British Grand Prix,12.0,ALB,17.206
British Grand Prix,12.0,ZHO,27.532
British Grand Prix,12.0,HUL,57.996
British Grand Prix,12.0,NOR,2.146
British Grand Prix,12.0,HAM,12.837
British Grand Prix,12.0,SAI,9.663
British Grand Prix,12.0,RUS,8.182
British Grand Prix,12.0,BOT,29.326
British Grand Prix,12.0,PIA,3.896
British Grand Prix,13.0,VER,0.0
British Grand Prix,13.0,GAS,16.574
British Grand Prix,13.0,PER,19.447
British Grand Prix,13.0,ALO,16.022
British Grand Prix,13.0,LEC,8.062
British Grand Prix,13.0,STR,21.063
British Grand Prix,13.0,SAR,26.516
British Grand Prix,13.0,MAG,32.32
British Grand Prix,13.0,DEV,27.048
British Grand Prix,13.0,TSU,25.977
British Grand Prix,13.0,ALB,18.279
British Grand Prix,13.0,ZHO,28.984
British Grand Prix,13.0,HUL,59.618
British Grand Prix,13.0,NOR,2.454
British Grand Prix,13.0,HAM,13.439
British Grand Prix,13.0,SAI,10.09
British Grand Prix,13.0,RUS,8.663
British Grand Prix,13.0,BOT,31.266
British Grand Prix,13.0,PIA,4.362
British Grand Prix,14.0,VER,0.0
British Grand Prix,14.0,GAS,17.371
British Grand Prix,14.0,PER,20.152
British Grand Prix,14.0,ALO,16.856
British Grand Prix,14.0,LEC,8.539
British Grand Prix,14.0,STR,22.23
British Grand Prix,14.0,SAR,27.153
British Grand Prix,14.0,MAG,34.298
British Grand Prix,14.0,DEV,28.881
British Grand Prix,14.0,TSU,27.7
British Grand Prix,14.0,ALB,19.184
British Grand Prix,14.0,ZHO,30.356
British Grand Prix,14.0,HUL,60.758
British Grand Prix,14.0,NOR,3.078
British Grand Prix,14.0,HAM,13.717
British Grand Prix,14.0,SAI,10.985
British Grand Prix,14.0,RUS,9.346
British Grand Prix,14.0,BOT,32.824
British Grand Prix,14.0,PIA,4.9190000000000005
British Grand Prix,15.0,VER,0.0
British Grand Prix,15.0,GAS,18.15
British Grand Prix,15.0,PER,20.642
British Grand Prix,15.0,ALO,17.602
British Grand Prix,15.0,LEC,9.091
British Grand Prix,15.0,STR,23.171
British Grand Prix,15.0,SAR,28.286
British Grand Prix,15.0,MAG,35.914
British Grand Prix,15.0,DEV,30.061
British Grand Prix,15.0,TSU,49.354
British Grand Prix,15.0,ALB,19.98
British Grand Prix,15.0,ZHO,32.043
British Grand Prix,15.0,HUL,61.693
British Grand Prix,15.0,NOR,3.309
British Grand Prix,15.0,HAM,13.883
British Grand Prix,15.0,SAI,11.618
British Grand Prix,15.0,RUS,9.626
British Grand Prix,15.0,BOT,34.461
British Grand Prix,15.0,PIA,5.196
British Grand Prix,16.0,VER,0.0
British Grand Prix,16.0,GAS,18.877
British Grand Prix,16.0,PER,20.889
British Grand Prix,16.0,ALO,18.231
British Grand Prix,16.0,LEC,9.531
British Grand Prix,16.0,STR,24.161
British Grand Prix,16.0,SAR,29.249
British Grand Prix,16.0,MAG,37.665
British Grand Prix,16.0,DEV,31.401
British Grand Prix,16.0,TSU,49.604
British Grand Prix,16.0,ALB,21.515
British Grand Prix,16.0,ZHO,33.498
British Grand Prix,16.0,HUL,62.525
British Grand Prix,16.0,NOR,3.404
British Grand Prix,16.0,HAM,14.006
British Grand Prix,16.0,SAI,12.308
British Grand Prix,16.0,RUS,10.127
British Grand Prix,16.0,BOT,36.02
British Grand Prix,16.0,PIA,5.393
British Grand Prix,17.0,VER,0.0
British Grand Prix,17.0,GAS,19.412
British Grand Prix,17.0,PER,21.566
British Grand Prix,17.0,ALO,18.816
British Grand Prix,17.0,LEC,10.079
British Grand Prix,17.0,STR,25.209
British Grand Prix,17.0,SAR,30.374
British Grand Prix,17.0,MAG,39.278
British Grand Prix,17.0,DEV,32.435
British Grand Prix,17.0,TSU,49.953
British Grand Prix,17.0,ALB,22.619
British Grand Prix,17.0,ZHO,34.922
British Grand Prix,17.0,HUL,63.538
British Grand Prix,17.0,NOR,3.786
British Grand Prix,17.0,HAM,14.523
British Grand Prix,17.0,SAI,12.781
British Grand Prix,17.0,RUS,10.698
British Grand Prix,17.0,BOT,37.284
British Grand Prix,17.0,PIA,5.5649999999999995
British Grand Prix,18.0,VER,0.0
British Grand Prix,18.0,GAS,20.196
British Grand Prix,18.0,PER,22.158
British Grand Prix,18.0,ALO,19.626
British Grand Prix,18.0,LEC,10.047
British Grand Prix,18.0,STR,25.996
British Grand Prix,18.0,SAR,31.332
British Grand Prix,18.0,MAG,40.566
British Grand Prix,18.0,DEV,33.381
British Grand Prix,18.0,TSU,50.54
British Grand Prix,18.0,ALB,23.727
British Grand Prix,18.0,ZHO,36.276
British Grand Prix,18.0,HUL,64.622
British Grand Prix,18.0,NOR,4.01
British Grand Prix,18.0,HAM,15.329
British Grand Prix,18.0,SAI,13.576
British Grand Prix,18.0,RUS,11.263
British Grand Prix,18.0,BOT,38.526
British Grand Prix,18.0,PIA,6.077
British Grand Prix,19.0,VER,0.0
British Grand Prix,19.0,GAS,21.057
British Grand Prix,19.0,PER,23.096
British Grand Prix,19.0,ALO,20.473
British Grand Prix,19.0,LEC,30.57
British Grand Prix,19.0,STR,26.996
British Grand Prix,19.0,SAR,32.567
British Grand Prix,19.0,MAG,42.509
British Grand Prix,19.0,DEV,34.878
British Grand Prix,19.0,TSU,51.626
British Grand Prix,19.0,ALB,25.043
British Grand Prix,19.0,ZHO,37.845
British Grand Prix,19.0,HUL,66.047
British Grand Prix,19.0,NOR,4.172
British Grand Prix,19.0,HAM,16.192
British Grand Prix,19.0,SAI,14.48
British Grand Prix,19.0,RUS,11.732
British Grand Prix,19.0,BOT,39.918
British Grand Prix,19.0,PIA,6.619
British Grand Prix,20.0,VER,0.0
British Grand Prix,20.0,GAS,22.01
British Grand Prix,20.0,PER,24.003
British Grand Prix,20.0,ALO,21.194
British Grand Prix,20.0,LEC,31.145
British Grand Prix,20.0,STR,28.19
British Grand Prix,20.0,SAR,33.659
British Grand Prix,20.0,MAG,44.149
British Grand Prix,20.0,DEV,36.063
British Grand Prix,20.0,TSU,52.612
British Grand Prix,20.0,ALB,26.188
British Grand Prix,20.0,ZHO,39.276
British Grand Prix,20.0,HUL,67.307
British Grand Prix,20.0,NOR,4.647
British Grand Prix,20.0,HAM,16.853
British Grand Prix,20.0,SAI,15.192
British Grand Prix,20.0,RUS,12.24
British Grand Prix,20.0,BOT,41.294
British Grand Prix,20.0,PIA,6.984
British Grand Prix,21.0,VER,0.0
British Grand Prix,21.0,GAS,22.614
British Grand Prix,21.0,PER,24.742
British Grand Prix,21.0,ALO,21.89
British Grand Prix,21.0,LEC,31.499
British Grand Prix,21.0,STR,29.194
British Grand Prix,21.0,SAR,34.623
British Grand Prix,21.0,MAG,45.738
British Grand Prix,21.0,DEV,37.221
British Grand Prix,21.0,TSU,53.307
British Grand Prix,21.0,ALB,26.889
British Grand Prix,21.0,ZHO,40.342
British Grand Prix,21.0,HUL,68.163
British Grand Prix,21.0,NOR,4.757
British Grand Prix,21.0,HAM,17.138
British Grand Prix,21.0,SAI,15.959
British Grand Prix,21.0,RUS,12.596
British Grand Prix,21.0,BOT,42.407
British Grand Prix,21.0,PIA,7.239
British Grand Prix,22.0,VER,0.0
British Grand Prix,22.0,GAS,23.598
British Grand Prix,22.0,PER,25.584
British Grand Prix,22.0,ALO,22.798000000000002
British Grand Prix,22.0,LEC,32.35
British Grand Prix,22.0,STR,30.441
British Grand Prix,22.0,SAR,35.918
British Grand Prix,22.0,MAG,47.551
British Grand Prix,22.0,DEV,38.684
British Grand Prix,22.0,TSU,54.127
British Grand Prix,22.0,ALB,27.726
British Grand Prix,22.0,ZHO,41.837
British Grand Prix,22.0,HUL,69.122
British Grand Prix,22.0,NOR,5.21
British Grand Prix,22.0,HAM,17.775
British Grand Prix,22.0,SAI,16.646
British Grand Prix,22.0,RUS,12.98
British Grand Prix,22.0,BOT,43.691
British Grand Prix,22.0,PIA,7.592
British Grand Prix,23.0,VER,0.0
British Grand Prix,23.0,GAS,24.172
British Grand Prix,23.0,PER,26.574
British Grand Prix,23.0,ALO,23.552
British Grand Prix,23.0,LEC,32.632
British Grand Prix,23.0,STR,31.283
British Grand Prix,23.0,SAR,36.858
British Grand Prix,23.0,MAG,49.259
British Grand Prix,23.0,DEV,40.034
British Grand Prix,23.0,TSU,54.953
British Grand Prix,23.0,ALB,28.571
British Grand Prix,23.0,ZHO,43.207
British Grand Prix,23.0,HUL,70.144
British Grand Prix,23.0,NOR,5.557
British Grand Prix,23.0,HAM,18.477
British Grand Prix,23.0,SAI,17.129
British Grand Prix,23.0,RUS,13.391
British Grand Prix,23.0,BOT,45.206
British Grand Prix,23.0,PIA,8.052
British Grand Prix,24.0,VER,0.0
British Grand Prix,24.0,GAS,24.986
British Grand Prix,24.0,PER,26.95
British Grand Prix,24.0,ALO,24.219
British Grand Prix,24.0,LEC,33.013
British Grand Prix,24.0,STR,32.324
British Grand Prix,24.0,SAR,38.01
British Grand Prix,24.0,MAG,50.8
British Grand Prix,24.0,DEV,41.347
British Grand Prix,24.0,TSU,55.808
British Grand Prix,24.0,ALB,29.384
British Grand Prix,24.0,ZHO,44.027
British Grand Prix,24.0,HUL,71.255
British Grand Prix,24.0,NOR,5.928
British Grand Prix,24.0,HAM,18.83
British Grand Prix,24.0,SAI,17.549
British Grand Prix,24.0,RUS,13.893
British Grand Prix,24.0,BOT,46.32
British Grand Prix,24.0,PIA,8.378
British Grand Prix,25.0,VER,0.0
British Grand Prix,25.0,GAS,25.789
British Grand Prix,25.0,PER,27.562
British Grand Prix,25.0,ALO,25.002
British Grand Prix,25.0,LEC,33.516
British Grand Prix,25.0,STR,34.309
British Grand Prix,25.0,SAR,39.223
British Grand Prix,25.0,MAG,52.542
British Grand Prix,25.0,DEV,42.605
British Grand Prix,25.0,TSU,56.737
British Grand Prix,25.0,ALB,30.463
British Grand Prix,25.0,ZHO,66.972
British Grand Prix,25.0,HUL,72.311
British Grand Prix,25.0,NOR,6.582
British Grand Prix,25.0,HAM,19.622
British Grand Prix,25.0,SAI,18.387
British Grand Prix,25.0,RUS,14.461
British Grand Prix,25.0,BOT,47.317
British Grand Prix,25.0,PIA,8.892
British Grand Prix,26.0,VER,0.0
British Grand Prix,26.0,GAS,26.756
British Grand Prix,26.0,PER,28.248
British Grand Prix,26.0,ALO,25.878
British Grand Prix,26.0,LEC,34.034
British Grand Prix,26.0,STR,35.59
British Grand Prix,26.0,SAR,40.5
British Grand Prix,26.0,MAG,54.385
British Grand Prix,26.0,DEV,44.083
British Grand Prix,26.0,TSU,57.78
British Grand Prix,26.0,ALB,31.362
British Grand Prix,26.0,ZHO,67.22
British Grand Prix,26.0,HUL,73.679
British Grand Prix,26.0,NOR,7.064
British Grand Prix,26.0,HAM,20.115
British Grand Prix,26.0,SAI,19.292
British Grand Prix,26.0,RUS,15.143
British Grand Prix,26.0,BOT,48.511
British Grand Prix,26.0,PIA,9.668
British Grand Prix,27.0,VER,0.0
British Grand Prix,27.0,GAS,27.606
British Grand Prix,27.0,PER,28.852
British Grand Prix,27.0,ALO,26.654
British Grand Prix,27.0,LEC,34.838
British Grand Prix,27.0,STR,36.689
British Grand Prix,27.0,SAR,42.093
British Grand Prix,27.0,MAG,56.182
British Grand Prix,27.0,DEV,45.244
British Grand Prix,27.0,TSU,59.06
British Grand Prix,27.0,ALB,32.35
British Grand Prix,27.0,ZHO,67.994
British Grand Prix,27.0,HUL,74.663
British Grand Prix,27.0,NOR,7.66
British Grand Prix,27.0,HAM,20.691
British Grand Prix,27.0,SAI,39.882
British Grand Prix,27.0,RUS,16.067
British Grand Prix,27.0,BOT,49.961
British Grand Prix,27.0,PIA,10.374
British Grand Prix,28.0,VER,0.0
British Grand Prix,28.0,GAS,28.646
British Grand Prix,28.0,PER,28.872
British Grand Prix,28.0,ALO,27.183
British Grand Prix,28.0,LEC,35.437
British Grand Prix,28.0,STR,37.734
British Grand Prix,28.0,SAR,43.368
British Grand Prix,28.0,MAG,57.727
British Grand Prix,28.0,DEV,66.123
British Grand Prix,28.0,TSU,60.12
British Grand Prix,28.0,ALB,33.219
British Grand Prix,28.0,ZHO,68.778
British Grand Prix,28.0,HUL,75.728
British Grand Prix,28.0,NOR,8.159
British Grand Prix,28.0,HAM,20.796
British Grand Prix,28.0,SAI,39.887
British Grand Prix,28.0,RUS,16.356
British Grand Prix,28.0,BOT,51.246
British Grand Prix,28.0,PIA,11.349
British Grand Prix,29.0,VER,0.0
British Grand Prix,29.0,GAS,29.678
British Grand Prix,29.0,PER,47.18
British Grand Prix,29.0,ALO,27.659
British Grand Prix,29.0,LEC,35.844
British Grand Prix,29.0,STR,39.185
British Grand Prix,29.0,SAR,43.84
British Grand Prix,29.0,MAG,58.832
British Grand Prix,29.0,DEV,66.371
British Grand Prix,29.0,TSU,60.987
British Grand Prix,29.0,ALB,33.837
British Grand Prix,29.0,ZHO,69.339
British Grand Prix,29.0,HUL,76.584
British Grand Prix,29.0,NOR,8.714
British Grand Prix,29.0,HAM,20.7
British Grand Prix,29.0,SAI,39.581
British Grand Prix,29.0,RUS,37.367
British Grand Prix,29.0,BOT,52.346
British Grand Prix,29.0,PIA,11.661
British Grand Prix,30.0,VER,0.0
British Grand Prix,30.0,GAS,30.614
British Grand Prix,30.0,PER,46.225
British Grand Prix,30.0,ALO,27.982
British Grand Prix,30.0,LEC,35.945
British Grand Prix,30.0,STR,40.836
British Grand Prix,30.0,SAR,64.201
British Grand Prix,30.0,MAG,59.935
British Grand Prix,30.0,DEV,66.572
British Grand Prix,30.0,TSU,61.835
British Grand Prix,30.0,ALB,34.356
British Grand Prix,30.0,ZHO,69.982
British Grand Prix,30.0,HUL,77.553
British Grand Prix,30.0,NOR,8.96
British Grand Prix,30.0,HAM,20.583
British Grand Prix,30.0,SAI,39.347
British Grand Prix,30.0,RUS,36.514
British Grand Prix,30.0,BOT,53.35
British Grand Prix,30.0,PIA,31.788
British Grand Prix,31.0,VER,0.0
British Grand Prix,31.0,GAS,31.617
British Grand Prix,31.0,PER,45.369
British Grand Prix,31.0,ALO,28.51
British Grand Prix,31.0,LEC,36.79
British Grand Prix,31.0,STR,41.381
British Grand Prix,31.0,SAR,63.807
British Grand Prix,31.0,MAG,61.011
British Grand Prix,31.0,DEV,67.013
British Grand Prix,31.0,TSU,62.726
British Grand Prix,31.0,ALB,34.784
British Grand Prix,31.0,ZHO,70.667
British Grand Prix,31.0,HUL,78.298
British Grand Prix,31.0,NOR,9.38
British Grand Prix,31.0,HAM,20.939
British Grand Prix,31.0,SAI,39.453
British Grand Prix,31.0,RUS,35.926
British Grand Prix,31.0,BOT,54.402
British Grand Prix,31.0,PIA,31.08
British Grand Prix,32.0,VER,0.0
British Grand Prix,32.0,GAS,66.211
British Grand Prix,32.0,PER,57.539
British Grand Prix,32.0,ALO,34.859
British Grand Prix,32.0,LEC,40.795
British Grand Prix,32.0,STR,80.444
British Grand Prix,32.0,SAR,83.864
British Grand Prix,32.0,MAG,118.801
British Grand Prix,32.0,DEV,84.931
British Grand Prix,32.0,TSU,77.595
British Grand Prix,32.0,ALB,39.347
British Grand Prix,32.0,ZHO,93.459
British Grand Prix,32.0,HUL,100.234
British Grand Prix,32.0,NOR,9.741
British Grand Prix,32.0,HAM,23.89
British Grand Prix,32.0,SAI,49.826
British Grand Prix,32.0,RUS,43.813
British Grand Prix,32.0,BOT,68.157
British Grand Prix,32.0,PIA,38.28
British Grand Prix,33.0,VER,0.0
British Grand Prix,33.0,GAS,76.573
British Grand Prix,33.0,PER,67.012
British Grand Prix,33.0,ALO,40.178
British Grand Prix,33.0,LEC,68.314
British Grand Prix,33.0,STR,90.796
British Grand Prix,33.0,SAR,94.166
British Grand Prix,33.0,DEV,111.253
British Grand Prix,33.0,TSU,104.847
British Grand Prix,33.0,ALB,67.339
British Grand Prix,33.0,ZHO,98.95
British Grand Prix,33.0,HUL,128.297
British Grand Prix,33.0,NOR,13.96
British Grand Prix,33.0,HAM,28.775
British Grand Prix,33.0,SAI,60.865
British Grand Prix,33.0,RUS,53.38
British Grand Prix,33.0,BOT,96.454
British Grand Prix,33.0,PIA,47.525
British Grand Prix,34.0,VER,0.0
British Grand Prix,34.0,GAS,23.804
British Grand Prix,34.0,PER,14.331
British Grand Prix,34.0,ALO,8.906
British Grand Prix,34.0,LEC,16.438
British Grand Prix,34.0,STR,38.934
British Grand Prix,34.0,SAR,41.353
British Grand Prix,34.0,DEV,59.313
British Grand Prix,34.0,TSU,53.399
British Grand Prix,34.0,ALB,15.257
British Grand Prix,34.0,ZHO,63.379
British Grand Prix,34.0,HUL,75.704
British Grand Prix,34.0,NOR,0.88
British Grand Prix,34.0,HAM,2.054
British Grand Prix,34.0,SAI,12.703
British Grand Prix,34.0,RUS,5.906
British Grand Prix,34.0,BOT,44.649
British Grand Prix,34.0,PIA,3.623
British Grand Prix,35.0,VER,0.0
British Grand Prix,35.0,GAS,13.535
British Grand Prix,35.0,PER,8.873
British Grand Prix,35.0,ALO,6.326
British Grand Prix,35.0,LEC,12.386
British Grand Prix,35.0,STR,14.591
British Grand Prix,35.0,SAR,15.749
British Grand Prix,35.0,DEV,20.506
British Grand Prix,35.0,TSU,19.847
British Grand Prix,35.0,ALB,10.051
British Grand Prix,35.0,ZHO,22.976
British Grand Prix,35.0,HUL,29.816
British Grand Prix,35.0,NOR,0.962
British Grand Prix,35.0,HAM,1.701
British Grand Prix,35.0,SAI,7.996
British Grand Prix,35.0,RUS,4.647
British Grand Prix,35.0,BOT,16.907
British Grand Prix,35.0,PIA,4.241
British Grand Prix,36.0,VER,0.0
British Grand Prix,36.0,GAS,10.997
British Grand Prix,36.0,PER,7.422
British Grand Prix,36.0,ALO,5.208
British Grand Prix,36.0,LEC,9.701
British Grand Prix,36.0,STR,12.106
British Grand Prix,36.0,SAR,14.096
British Grand Prix,36.0,DEV,19.022
British Grand Prix,36.0,TSU,18.142
British Grand Prix,36.0,ALB,8.573
British Grand Prix,36.0,ZHO,16.958
British Grand Prix,36.0,HUL,21.057
British Grand Prix,36.0,NOR,0.913
British Grand Prix,36.0,HAM,1.775
British Grand Prix,36.0,SAI,6.633
British Grand Prix,36.0,RUS,4.468
British Grand Prix,36.0,BOT,15.61
British Grand Prix,36.0,PIA,3.096
British Grand Prix,37.0,VER,0.0
British Grand Prix,37.0,GAS,12.979
British Grand Prix,37.0,PER,9.047
British Grand Prix,37.0,ALO,6.647
British Grand Prix,37.0,LEC,11.758
British Grand Prix,37.0,STR,14.24
British Grand Prix,37.0,SAR,15.532
British Grand Prix,37.0,DEV,19.156
British Grand Prix,37.0,TSU,17.825
British Grand Prix,37.0,ALB,10.366
British Grand Prix,37.0,ZHO,21.844
British Grand Prix,37.0,HUL,20.382
British Grand Prix,37.0,NOR,1.3940000000000001
British Grand Prix,37.0,HAM,3.13
British Grand Prix,37.0,SAI,7.884
British Grand Prix,37.0,RUS,5.36
British Grand Prix,37.0,BOT,16.802
British Grand Prix,37.0,PIA,4.328
British Grand Prix,38.0,VER,0.0
British Grand Prix,38.0,GAS,5.239
British Grand Prix,38.0,PER,3.998
British Grand Prix,38.0,ALO,2.928
British Grand Prix,38.0,LEC,4.907
British Grand Prix,38.0,STR,5.74
British Grand Prix,38.0,SAR,6.05
British Grand Prix,38.0,DEV,7.271
British Grand Prix,38.0,TSU,6.901
British Grand Prix,38.0,ALB,4.248
British Grand Prix,38.0,ZHO,8.084
British Grand Prix,38.0,HUL,7.691
British Grand Prix,38.0,NOR,1.208
British Grand Prix,38.0,HAM,1.502
British Grand Prix,38.0,SAI,3.618
British Grand Prix,38.0,RUS,2.61
British Grand Prix,38.0,BOT,6.499
British Grand Prix,38.0,PIA,2.156
British Grand Prix,39.0,VER,0.0
British Grand Prix,39.0,GAS,7.871
British Grand Prix,39.0,PER,6.153
British Grand Prix,39.0,ALO,4.9
British Grand Prix,39.0,LEC,7.059
British Grand Prix,39.0,STR,7.698
British Grand Prix,39.0,SAR,8.496
British Grand Prix,39.0,DEV,10.57
British Grand Prix,39.0,TSU,9.435
British Grand Prix,39.0,ALB,6.53
British Grand Prix,39.0,ZHO,10.924
British Grand Prix,39.0,HUL,9.87
British Grand Prix,39.0,NOR,2.103
British Grand Prix,39.0,HAM,2.581
British Grand Prix,39.0,SAI,5.729
British Grand Prix,39.0,RUS,4.11
British Grand Prix,39.0,BOT,8.769
British Grand Prix,39.0,PIA,3.454
British Grand Prix,40.0,VER,0.0
British Grand Prix,40.0,GAS,10.147
British Grand Prix,40.0,PER,7.515
British Grand Prix,40.0,ALO,6.044
British Grand Prix,40.0,LEC,8.746
British Grand Prix,40.0,STR,9.471
British Grand Prix,40.0,SAR,10.898
British Grand Prix,40.0,DEV,13.203
British Grand Prix,40.0,TSU,11.82
British Grand Prix,40.0,ALB,8.159
British Grand Prix,40.0,ZHO,13.687
British Grand Prix,40.0,HUL,12.255
British Grand Prix,40.0,NOR,2.553
British Grand Prix,40.0,HAM,3.313
British Grand Prix,40.0,SAI,6.965
British Grand Prix,40.0,RUS,5.169
British Grand Prix,40.0,BOT,11.278
British Grand Prix,40.0,PIA,4.382
British Grand Prix,41.0,VER,0.0
British Grand Prix,41.0,GAS,11.286
British Grand Prix,41.0,PER,8.218
British Grand Prix,41.0,ALO,7.008
British Grand Prix,41.0,LEC,9.344
British Grand Prix,41.0,STR,10.49
British Grand Prix,41.0,SAR,12.05
British Grand Prix,41.0,DEV,15.165
British Grand Prix,41.0,TSU,14.453
British Grand Prix,41.0,ALB,8.744
British Grand Prix,41.0,ZHO,15.654
British Grand Prix,41.0,HUL,13.671
British Grand Prix,41.0,NOR,2.625
British Grand Prix,41.0,HAM,3.298
British Grand Prix,41.0,SAI,7.704
British Grand Prix,41.0,RUS,5.605
British Grand Prix,41.0,BOT,12.818999999999999
British Grand Prix,41.0,PIA,4.5440000000000005
British Grand Prix,42.0,VER,0.0
British Grand Prix,42.0,GAS,12.55
British Grand Prix,42.0,PER,9.659
British Grand Prix,42.0,ALO,8.562
British Grand Prix,42.0,LEC,10.995
British Grand Prix,42.0,STR,11.723
British Grand Prix,42.0,SAR,13.474
British Grand Prix,42.0,DEV,17.259
British Grand Prix,42.0,TSU,16.484
British Grand Prix,42.0,ALB,10.348
British Grand Prix,42.0,ZHO,17.622
British Grand Prix,42.0,HUL,15.493
British Grand Prix,42.0,NOR,3.2720000000000002
British Grand Prix,42.0,HAM,4.065
British Grand Prix,42.0,SAI,9.072
British Grand Prix,42.0,RUS,6.518
British Grand Prix,42.0,BOT,14.446
British Grand Prix,42.0,PIA,5.447
British Grand Prix,43.0,VER,0.0
British Grand Prix,43.0,GAS,13.663
British Grand Prix,43.0,PER,11.129
British Grand Prix,43.0,ALO,9.774000000000001
British Grand Prix,43.0,LEC,12.512
British Grand Prix,43.0,STR,12.991
British Grand Prix,43.0,SAR,14.682
British Grand Prix,43.0,DEV,19.24
British Grand Prix,43.0,TSU,18.521
British Grand Prix,43.0,ALB,11.565
British Grand Prix,43.0,ZHO,19.732
British Grand Prix,43.0,HUL,17.283
British Grand Prix,43.0,NOR,3.2800000000000002
British Grand Prix,43.0,HAM,4.075
British Grand Prix,43.0,SAI,11.427
British Grand Prix,43.0,RUS,7.214
British Grand Prix,43.0,BOT,15.958
British Grand Prix,43.0,PIA,5.923
British Grand Prix,44.0,VER,0.0
British Grand Prix,44.0,GAS,15.877
British Grand Prix,44.0,PER,12.193
British Grand Prix,44.0,ALO,11.257
British Grand Prix,44.0,LEC,14.679
British Grand Prix,44.0,STR,16.353
British Grand Prix,44.0,SAR,16.883
British Grand Prix,44.0,DEV,22.609
British Grand Prix,44.0,TSU,20.407
British Grand Prix,44.0,ALB,12.974
British Grand Prix,44.0,ZHO,21.873
British Grand Prix,44.0,HUL,19.076
British Grand Prix,44.0,NOR,3.418
British Grand Prix,44.0,HAM,5.016
British Grand Prix,44.0,SAI,15.401
British Grand Prix,44.0,RUS,8.134
British Grand Prix,44.0,BOT,17.873
British Grand Prix,44.0,PIA,6.74
British Grand Prix,45.0,VER,0.0
British Grand Prix,45.0,GAS,21.2
British Grand Prix,45.0,PER,12.422
British Grand Prix,45.0,ALO,11.951
British Grand Prix,45.0,LEC,15.237
British Grand Prix,45.0,STR,18.019
British Grand Prix,45.0,SAR,18.265
British Grand Prix,45.0,DEV,24.096
British Grand Prix,45.0,TSU,21.559
British Grand Prix,45.0,ALB,13.778
British Grand Prix,45.0,ZHO,23.033
British Grand Prix,45.0,HUL,20.268
British Grand Prix,45.0,NOR,3.377
British Grand Prix,45.0,HAM,5.033
British Grand Prix,45.0,SAI,16.665
British Grand Prix,45.0,RUS,8.51
British Grand Prix,45.0,BOT,19.708
British Grand Prix,45.0,PIA,6.804
British Grand Prix,46.0,VER,0.0
British Grand Prix,46.0,GAS,86.193
British Grand Prix,46.0,PER,12.983
British Grand Prix,46.0,ALO,13.728
British Grand Prix,46.0,LEC,15.973
British Grand Prix,46.0,STR,18.903
British Grand Prix,46.0,SAR,19.572
British Grand Prix,46.0,DEV,25.698
British Grand Prix,46.0,TSU,22.98
British Grand Prix,46.0,ALB,14.78
British Grand Prix,46.0,ZHO,24.248
British Grand Prix,46.0,HUL,21.738
British Grand Prix,46.0,NOR,3.357
British Grand Prix,46.0,HAM,5.478
British Grand Prix,46.0,SAI,17.457
British Grand Prix,46.0,RUS,9.38
British Grand Prix,46.0,BOT,20.878
British Grand Prix,46.0,PIA,7.186
British Grand Prix,47.0,VER,0.0
British Grand Prix,47.0,PER,13.34
British Grand Prix,47.0,ALO,14.408
British Grand Prix,47.0,LEC,16.185
British Grand Prix,47.0,STR,19.523
British Grand Prix,47.0,SAR,20.292
British Grand Prix,47.0,DEV,27.006
British Grand Prix,47.0,TSU,24.123
British Grand Prix,47.0,ALB,15.169
British Grand Prix,47.0,ZHO,25.057
British Grand Prix,47.0,HUL,22.691
British Grand Prix,47.0,NOR,3.802
British Grand Prix,47.0,HAM,5.578
British Grand Prix,47.0,SAI,17.901
British Grand Prix,47.0,RUS,9.876
British Grand Prix,47.0,BOT,21.809
British Grand Prix,47.0,PIA,7.465
British Grand Prix,48.0,VER,0.0
British Grand Prix,48.0,PER,13.149
British Grand Prix,48.0,ALO,14.346
British Grand Prix,48.0,LEC,16.04
British Grand Prix,48.0,STR,19.868
British Grand Prix,48.0,SAR,20.602
British Grand Prix,48.0,DEV,27.959
British Grand Prix,48.0,TSU,24.807
British Grand Prix,48.0,ALB,15.235
British Grand Prix,48.0,ZHO,25.426
British Grand Prix,48.0,HUL,23.351
British Grand Prix,48.0,NOR,3.762
British Grand Prix,48.0,HAM,5.33
British Grand Prix,48.0,SAI,17.939
British Grand Prix,48.0,RUS,10.045
British Grand Prix,48.0,BOT,22.383
British Grand Prix,48.0,PIA,7.224
British Grand Prix,49.0,VER,0.0
British Grand Prix,49.0,PER,13.291
British Grand Prix,49.0,ALO,15.203
British Grand Prix,49.0,LEC,16.603
British Grand Prix,49.0,STR,20.51
British Grand Prix,49.0,SAR,21.257
British Grand Prix,49.0,DEV,29.281
British Grand Prix,49.0,TSU,26.093
British Grand Prix,49.0,ALB,15.929
British Grand Prix,49.0,ZHO,26.807
British Grand Prix,49.0,HUL,24.213
British Grand Prix,49.0,NOR,3.564
British Grand Prix,49.0,HAM,5.398
British Grand Prix,49.0,SAI,18.444
British Grand Prix,49.0,RUS,10.439
British Grand Prix,49.0,BOT,23.332
British Grand Prix,49.0,PIA,7.428
British Grand Prix,50.0,VER,0.0
British Grand Prix,50.0,PER,13.138
British Grand Prix,50.0,ALO,15.91
British Grand Prix,50.0,LEC,17.027
British Grand Prix,50.0,STR,21.012
British Grand Prix,50.0,SAR,22.05
British Grand Prix,50.0,DEV,30.621
British Grand Prix,50.0,TSU,27.591
British Grand Prix,50.0,ALB,16.497
British Grand Prix,50.0,ZHO,27.974
British Grand Prix,50.0,HUL,25.079
British Grand Prix,50.0,NOR,3.832
British Grand Prix,50.0,HAM,5.632
British Grand Prix,50.0,SAI,18.56
British Grand Prix,50.0,RUS,10.568
British Grand Prix,50.0,BOT,24.203
British Grand Prix,50.0,PIA,7.888
British Grand Prix,51.0,VER,0.0
British Grand Prix,51.0,PER,12.655
British Grand Prix,51.0,ALO,16.443
British Grand Prix,51.0,LEC,17.393
British Grand Prix,51.0,STR,21.306
British Grand Prix,51.0,SAR,22.609
British Grand Prix,51.0,DEV,31.669
British Grand Prix,51.0,TSU,29.406
British Grand Prix,51.0,ALB,17.03
British Grand Prix,51.0,ZHO,28.667
British Grand Prix,51.0,HUL,25.848
British Grand Prix,51.0,NOR,3.512
British Grand Prix,51.0,HAM,5.938
British Grand Prix,51.0,SAI,18.529
British Grand Prix,51.0,RUS,10.734
British Grand Prix,51.0,BOT,24.939
British Grand Prix,51.0,PIA,7.796
British Grand Prix,52.0,VER,0.0
British Grand Prix,52.0,PER,12.868
British Grand Prix,52.0,ALO,17.179
British Grand Prix,52.0,LEC,18.675
British Grand Prix,52.0,STR,22.469
British Grand Prix,52.0,SAR,23.618
British Grand Prix,52.0,DEV,33.114
British Grand Prix,52.0,TSU,31.211
British Grand Prix,52.0,ALB,17.864
British Grand Prix,52.0,ZHO,29.806
British Grand Prix,52.0,HUL,26.649
British Grand Prix,52.0,NOR,3.7880000000000003
British Grand Prix,52.0,HAM,6.786
British Grand Prix,52.0,SAI,19.434
British Grand Prix,52.0,RUS,11.192
British Grand Prix,52.0,BOT,25.816
British Grand Prix,52.0,PIA,7.7620000000000005
Hungarian Grand Prix,1.0,VER,0.0
Hungarian Grand Prix,1.0,NOR,1.9889999999999999
Hungarian Grand Prix,1.0,PER,5.156
Hungarian Grand Prix,1.0,HAM,2.627
Hungarian Grand Prix,1.0,PIA,0.772
Hungarian Grand Prix,1.0,RUS,8.11
Hungarian Grand Prix,1.0,LEC,3.416
Hungarian Grand Prix,1.0,SAI,3.872
Hungarian Grand Prix,1.0,ALO,4.659
Hungarian Grand Prix,1.0,STR,6.193
Hungarian Grand Prix,1.0,ALB,8.641
Hungarian Grand Prix,1.0,BOT,7.326
Hungarian Grand Prix,1.0,RIC,10.205
Hungarian Grand Prix,1.0,HUL,5.677
Hungarian Grand Prix,1.0,TSU,6.918
Hungarian Grand Prix,1.0,ZHO,8.821
Hungarian Grand Prix,1.0,MAG,7.871
Hungarian Grand Prix,1.0,SAR,9.516
Hungarian Grand Prix,1.0,OCO,19.103
Hungarian Grand Prix,1.0,GAS,37.132
Hungarian Grand Prix,2.0,VER,0.0
Hungarian Grand Prix,2.0,NOR,2.652
Hungarian Grand Prix,2.0,PER,6.769
Hungarian Grand Prix,2.0,HAM,3.5220000000000002
Hungarian Grand Prix,2.0,PIA,1.232
Hungarian Grand Prix,2.0,RUS,9.725
Hungarian Grand Prix,2.0,LEC,4.595
Hungarian Grand Prix,2.0,SAI,4.945
Hungarian Grand Prix,2.0,ALO,6.383
Hungarian Grand Prix,2.0,STR,8.038
Hungarian Grand Prix,2.0,ALB,11.014
Hungarian Grand Prix,2.0,BOT,9.26
Hungarian Grand Prix,2.0,RIC,12.946
Hungarian Grand Prix,2.0,HUL,7.422
Hungarian Grand Prix,2.0,TSU,8.778
Hungarian Grand Prix,2.0,ZHO,11.596
Hungarian Grand Prix,2.0,MAG,10.485
Hungarian Grand Prix,2.0,SAR,12.233
Hungarian Grand Prix,2.0,OCO,35.127
Hungarian Grand Prix,3.0,VER,0.0
Hungarian Grand Prix,3.0,NOR,2.787
Hungarian Grand Prix,3.0,PER,7.969
Hungarian Grand Prix,3.0,HAM,3.879
Hungarian Grand Prix,3.0,PIA,1.2770000000000001
Hungarian Grand Prix,3.0,RUS,11.492
Hungarian Grand Prix,3.0,LEC,5.174
Hungarian Grand Prix,3.0,SAI,5.937
Hungarian Grand Prix,3.0,ALO,7.225
Hungarian Grand Prix,3.0,STR,9.226
Hungarian Grand Prix,3.0,ALB,12.74
Hungarian Grand Prix,3.0,BOT,10.715
Hungarian Grand Prix,3.0,RIC,14.754
Hungarian Grand Prix,3.0,HUL,8.661
Hungarian Grand Prix,3.0,TSU,10.081
Hungarian Grand Prix,3.0,ZHO,13.3
Hungarian Grand Prix,3.0,MAG,12.172
Hungarian Grand Prix,3.0,SAR,13.989
Hungarian Grand Prix,4.0,VER,0.0
Hungarian Grand Prix,4.0,NOR,3.039
Hungarian Grand Prix,4.0,PER,9.129
Hungarian Grand Prix,4.0,HAM,3.896
Hungarian Grand Prix,4.0,PIA,1.62
Hungarian Grand Prix,4.0,RUS,12.888
Hungarian Grand Prix,4.0,LEC,5.871
Hungarian Grand Prix,4.0,SAI,6.711
Hungarian Grand Prix,4.0,ALO,8.585
Hungarian Grand Prix,4.0,STR,10.605
Hungarian Grand Prix,4.0,ALB,14.436
Hungarian Grand Prix,4.0,BOT,12.139
Hungarian Grand Prix,4.0,RIC,16.845
Hungarian Grand Prix,4.0,HUL,10.008
Hungarian Grand Prix,4.0,TSU,11.345
Hungarian Grand Prix,4.0,ZHO,15.171
Hungarian Grand Prix,4.0,MAG,13.729
Hungarian Grand Prix,4.0,SAR,15.961
Hungarian Grand Prix,5.0,VER,0.0
Hungarian Grand Prix,5.0,NOR,3.089
Hungarian Grand Prix,5.0,PER,10.118
Hungarian Grand Prix,5.0,HAM,4.365
Hungarian Grand Prix,5.0,PIA,1.704
Hungarian Grand Prix,5.0,RUS,14.146
Hungarian Grand Prix,5.0,LEC,6.24
Hungarian Grand Prix,5.0,SAI,7.207
Hungarian Grand Prix,5.0,ALO,9.691
Hungarian Grand Prix,5.0,STR,11.684
Hungarian Grand Prix,5.0,ALB,15.947
Hungarian Grand Prix,5.0,BOT,13.287
Hungarian Grand Prix,5.0,RIC,18.238
Hungarian Grand Prix,5.0,HUL,10.987
Hungarian Grand Prix,5.0,TSU,12.488
Hungarian Grand Prix,5.0,ZHO,16.665
Hungarian Grand Prix,5.0,MAG,14.952
Hungarian Grand Prix,5.0,SAR,17.531
Hungarian Grand Prix,6.0,VER,0.0
Hungarian Grand Prix,6.0,NOR,3.319
Hungarian Grand Prix,6.0,PER,11.172
Hungarian Grand Prix,6.0,HAM,4.936
Hungarian Grand Prix,6.0,PIA,1.9489999999999998
Hungarian Grand Prix,6.0,RUS,15.389
Hungarian Grand Prix,6.0,LEC,6.736
Hungarian Grand Prix,6.0,SAI,8.027
Hungarian Grand Prix,6.0,ALO,10.599
Hungarian Grand Prix,6.0,STR,12.776
Hungarian Grand Prix,6.0,ALB,17.436
Hungarian Grand Prix,6.0,BOT,14.421
Hungarian Grand Prix,6.0,RIC,19.843
Hungarian Grand Prix,6.0,HUL,12.099
Hungarian Grand Prix,6.0,TSU,13.566
Hungarian Grand Prix,6.0,ZHO,18.382
Hungarian Grand Prix,6.0,MAG,16.459
Hungarian Grand Prix,6.0,SAR,19.119
Hungarian Grand Prix,7.0,VER,0.0
Hungarian Grand Prix,7.0,NOR,3.9699999999999998
Hungarian Grand Prix,7.0,PER,12.13
Hungarian Grand Prix,7.0,HAM,5.628
Hungarian Grand Prix,7.0,PIA,2.382
Hungarian Grand Prix,7.0,RUS,16.742
Hungarian Grand Prix,7.0,LEC,7.389
Hungarian Grand Prix,7.0,SAI,9.202
Hungarian Grand Prix,7.0,ALO,11.676
Hungarian Grand Prix,7.0,STR,14.035
Hungarian Grand Prix,7.0,ALB,18.833
Hungarian Grand Prix,7.0,BOT,15.672
Hungarian Grand Prix,7.0,RIC,21.429
Hungarian Grand Prix,7.0,HUL,13.224
Hungarian Grand Prix,7.0,TSU,14.877
Hungarian Grand Prix,7.0,ZHO,19.828
Hungarian Grand Prix,7.0,MAG,17.949
Hungarian Grand Prix,7.0,SAR,20.734
Hungarian Grand Prix,8.0,VER,0.0
Hungarian Grand Prix,8.0,NOR,4.466
Hungarian Grand Prix,8.0,PER,12.457
Hungarian Grand Prix,8.0,HAM,6.035
Hungarian Grand Prix,8.0,PIA,2.624
Hungarian Grand Prix,8.0,RUS,18.296
Hungarian Grand Prix,8.0,LEC,8.345
Hungarian Grand Prix,8.0,SAI,10.355
Hungarian Grand Prix,8.0,ALO,14.277
Hungarian Grand Prix,8.0,STR,15.764
Hungarian Grand Prix,8.0,ALB,22.377
Hungarian Grand Prix,8.0,BOT,17.239
Hungarian Grand Prix,8.0,RIC,23.319
Hungarian Grand Prix,8.0,HUL,15.007
Hungarian Grand Prix,8.0,TSU,16.524
Hungarian Grand Prix,8.0,ZHO,21.355
Hungarian Grand Prix,8.0,MAG,19.535
Hungarian Grand Prix,8.0,SAR,22.267
Hungarian Grand Prix,9.0,VER,0.0
Hungarian Grand Prix,9.0,NOR,5.228
Hungarian Grand Prix,9.0,PER,13.327
Hungarian Grand Prix,9.0,HAM,7.014
Hungarian Grand Prix,9.0,PIA,3.167
Hungarian Grand Prix,9.0,RUS,20.125
Hungarian Grand Prix,9.0,LEC,9.177
Hungarian Grand Prix,9.0,SAI,11.525
Hungarian Grand Prix,9.0,ALO,16.149
Hungarian Grand Prix,9.0,STR,20.259
Hungarian Grand Prix,9.0,ALB,40.651
Hungarian Grand Prix,9.0,BOT,21.72
Hungarian Grand Prix,9.0,RIC,24.797
Hungarian Grand Prix,9.0,HUL,16.949
Hungarian Grand Prix,9.0,TSU,20.949
Hungarian Grand Prix,9.0,ZHO,22.762
Hungarian Grand Prix,9.0,MAG,21.487
Hungarian Grand Prix,9.0,SAR,23.877
Hungarian Grand Prix,10.0,VER,0.0
Hungarian Grand Prix,10.0,NOR,5.781
Hungarian Grand Prix,10.0,PER,14.113
Hungarian Grand Prix,10.0,HAM,7.732
Hungarian Grand Prix,10.0,PIA,3.491
Hungarian Grand Prix,10.0,RUS,20.954
Hungarian Grand Prix,10.0,LEC,9.824
Hungarian Grand Prix,10.0,SAI,12.374
Hungarian Grand Prix,10.0,ALO,17.247
Hungarian Grand Prix,10.0,STR,38.434
Hungarian Grand Prix,10.0,ALB,42.047
Hungarian Grand Prix,10.0,BOT,40.758
Hungarian Grand Prix,10.0,RIC,26.59
Hungarian Grand Prix,10.0,HUL,18.512
Hungarian Grand Prix,10.0,TSU,44.741
Hungarian Grand Prix,10.0,ZHO,26.542
Hungarian Grand Prix,10.0,MAG,23.526
Hungarian Grand Prix,10.0,SAR,25.492
Hungarian Grand Prix,11.0,VER,0.0
Hungarian Grand Prix,11.0,NOR,6.194
Hungarian Grand Prix,11.0,PER,14.956
Hungarian Grand Prix,11.0,HAM,8.423
Hungarian Grand Prix,11.0,PIA,4.115
Hungarian Grand Prix,11.0,RUS,22.187
Hungarian Grand Prix,11.0,LEC,10.423
Hungarian Grand Prix,11.0,SAI,13.455
Hungarian Grand Prix,11.0,ALO,17.949
Hungarian Grand Prix,11.0,STR,38.803
Hungarian Grand Prix,11.0,ALB,42.419
Hungarian Grand Prix,11.0,BOT,40.542
Hungarian Grand Prix,11.0,RIC,28.131
Hungarian Grand Prix,11.0,HUL,20.169
Hungarian Grand Prix,11.0,TSU,45.017
Hungarian Grand Prix,11.0,ZHO,52.018
Hungarian Grand Prix,11.0,MAG,25.033
Hungarian Grand Prix,11.0,SAR,26.65
Hungarian Grand Prix,12.0,VER,0.0
Hungarian Grand Prix,12.0,NOR,6.889
Hungarian Grand Prix,12.0,PER,15.9
Hungarian Grand Prix,12.0,HAM,9.198
Hungarian Grand Prix,12.0,PIA,4.817
Hungarian Grand Prix,12.0,RUS,23.877
Hungarian Grand Prix,12.0,LEC,11.353
Hungarian Grand Prix,12.0,SAI,14.515
Hungarian Grand Prix,12.0,ALO,18.814
Hungarian Grand Prix,12.0,STR,39.356
Hungarian Grand Prix,12.0,ALB,43.302
Hungarian Grand Prix,12.0,BOT,40.884
Hungarian Grand Prix,12.0,RIC,29.616
Hungarian Grand Prix,12.0,HUL,22.051
Hungarian Grand Prix,12.0,TSU,45.512
Hungarian Grand Prix,12.0,ZHO,51.455
Hungarian Grand Prix,12.0,MAG,26.71
Hungarian Grand Prix,12.0,SAR,28.043
Hungarian Grand Prix,13.0,VER,0.0
Hungarian Grand Prix,13.0,NOR,7.625
Hungarian Grand Prix,13.0,PER,16.622
Hungarian Grand Prix,13.0,HAM,9.896
Hungarian Grand Prix,13.0,PIA,5.237
Hungarian Grand Prix,13.0,RUS,25.49
Hungarian Grand Prix,13.0,LEC,12.322
Hungarian Grand Prix,13.0,SAI,15.712
Hungarian Grand Prix,13.0,ALO,19.918
Hungarian Grand Prix,13.0,STR,39.62
Hungarian Grand Prix,13.0,ALB,44.025
Hungarian Grand Prix,13.0,BOT,41.38
Hungarian Grand Prix,13.0,RIC,31.098
Hungarian Grand Prix,13.0,HUL,23.787
Hungarian Grand Prix,13.0,TSU,46.218
Hungarian Grand Prix,13.0,ZHO,50.975
Hungarian Grand Prix,13.0,MAG,28.69
Hungarian Grand Prix,13.0,SAR,31.885
Hungarian Grand Prix,14.0,VER,0.0
Hungarian Grand Prix,14.0,NOR,8.432
Hungarian Grand Prix,14.0,PER,17.676
Hungarian Grand Prix,14.0,HAM,11.104
Hungarian Grand Prix,14.0,PIA,6.198
Hungarian Grand Prix,14.0,RUS,27.135
Hungarian Grand Prix,14.0,LEC,13.796
Hungarian Grand Prix,14.0,SAI,17.145
Hungarian Grand Prix,14.0,ALO,20.967
Hungarian Grand Prix,14.0,STR,40.029
Hungarian Grand Prix,14.0,ALB,44.92
Hungarian Grand Prix,14.0,BOT,41.994
Hungarian Grand Prix,14.0,RIC,32.404
Hungarian Grand Prix,14.0,HUL,25.502
Hungarian Grand Prix,14.0,TSU,47.148
Hungarian Grand Prix,14.0,ZHO,50.644
Hungarian Grand Prix,14.0,MAG,32.818
Hungarian Grand Prix,14.0,SAR,53.577
Hungarian Grand Prix,15.0,VER,0.0
Hungarian Grand Prix,15.0,NOR,9.18
Hungarian Grand Prix,15.0,PER,19.811
Hungarian Grand Prix,15.0,HAM,12.631
Hungarian Grand Prix,15.0,PIA,7.09
Hungarian Grand Prix,15.0,RUS,28.774
Hungarian Grand Prix,15.0,LEC,15.236
Hungarian Grand Prix,15.0,SAI,21.533
Hungarian Grand Prix,15.0,ALO,22.339
Hungarian Grand Prix,15.0,STR,40.723
Hungarian Grand Prix,15.0,ALB,46.004
Hungarian Grand Prix,15.0,BOT,42.793
Hungarian Grand Prix,15.0,RIC,33.681
Hungarian Grand Prix,15.0,HUL,27.475
Hungarian Grand Prix,15.0,TSU,48.073
Hungarian Grand Prix,15.0,ZHO,51.518
Hungarian Grand Prix,15.0,MAG,52.983
Hungarian Grand Prix,15.0,SAR,54.656
Hungarian Grand Prix,16.0,VER,0.0
Hungarian Grand Prix,16.0,NOR,9.822
Hungarian Grand Prix,16.0,PER,20.133
Hungarian Grand Prix,16.0,HAM,16.049
Hungarian Grand Prix,16.0,PIA,7.756
Hungarian Grand Prix,16.0,RUS,29.669
Hungarian Grand Prix,16.0,LEC,16.507
Hungarian Grand Prix,16.0,SAI,39.764
Hungarian Grand Prix,16.0,ALO,23.295
Hungarian Grand Prix,16.0,STR,41.862
Hungarian Grand Prix,16.0,ALB,47.177
Hungarian Grand Prix,16.0,BOT,43.75
Hungarian Grand Prix,16.0,RIC,34.541
Hungarian Grand Prix,16.0,HUL,31.547
Hungarian Grand Prix,16.0,TSU,48.85
Hungarian Grand Prix,16.0,ZHO,52.034
Hungarian Grand Prix,16.0,MAG,53.392
Hungarian Grand Prix,16.0,SAR,55.524
Hungarian Grand Prix,17.0,VER,0.0
Hungarian Grand Prix,17.0,NOR,12.723
Hungarian Grand Prix,17.0,PER,20.679
Hungarian Grand Prix,17.0,HAM,36.511
Hungarian Grand Prix,17.0,PIA,8.361
Hungarian Grand Prix,17.0,RUS,30.67
Hungarian Grand Prix,17.0,LEC,19.719
Hungarian Grand Prix,17.0,SAI,39.979
Hungarian Grand Prix,17.0,ALO,24.25
Hungarian Grand Prix,17.0,STR,42.51
Hungarian Grand Prix,17.0,ALB,48.45
Hungarian Grand Prix,17.0,BOT,44.531
Hungarian Grand Prix,17.0,RIC,37.323
Hungarian Grand Prix,17.0,HUL,51.994
Hungarian Grand Prix,17.0,TSU,50.074
Hungarian Grand Prix,17.0,ZHO,53.527
Hungarian Grand Prix,17.0,MAG,54.436
Hungarian Grand Prix,17.0,SAR,56.545
Hungarian Grand Prix,18.0,VER,0.0
Hungarian Grand Prix,18.0,NOR,29.056
Hungarian Grand Prix,18.0,PER,21.177
Hungarian Grand Prix,18.0,HAM,38.082
Hungarian Grand Prix,18.0,PIA,11.419
Hungarian Grand Prix,18.0,RUS,32.4
Hungarian Grand Prix,18.0,LEC,44.661
Hungarian Grand Prix,18.0,SAI,40.75
Hungarian Grand Prix,18.0,ALO,25.192
Hungarian Grand Prix,18.0,STR,43.473
Hungarian Grand Prix,18.0,ALB,50.1
Hungarian Grand Prix,18.0,BOT,46.515
Hungarian Grand Prix,18.0,RIC,42.078
Hungarian Grand Prix,18.0,HUL,52.994
Hungarian Grand Prix,18.0,TSU,51.485
Hungarian Grand Prix,18.0,ZHO,54.639
Hungarian Grand Prix,18.0,MAG,55.579
Hungarian Grand Prix,18.0,SAR,57.66
Hungarian Grand Prix,19.0,VER,0.0
Hungarian Grand Prix,19.0,NOR,28.203
Hungarian Grand Prix,19.0,PER,21.348
Hungarian Grand Prix,19.0,HAM,39.224
Hungarian Grand Prix,19.0,PIA,29.586
Hungarian Grand Prix,19.0,RUS,33.427
Hungarian Grand Prix,19.0,LEC,44.752
Hungarian Grand Prix,19.0,SAI,41.147
Hungarian Grand Prix,19.0,ALO,25.874
Hungarian Grand Prix,19.0,STR,44.131
Hungarian Grand Prix,19.0,ALB,51.247
Hungarian Grand Prix,19.0,BOT,47.431
Hungarian Grand Prix,19.0,RIC,62.185
Hungarian Grand Prix,19.0,HUL,54.202
Hungarian Grand Prix,19.0,TSU,52.608
Hungarian Grand Prix,19.0,ZHO,55.786
Hungarian Grand Prix,19.0,MAG,56.785
Hungarian Grand Prix,19.0,SAR,58.463
Hungarian Grand Prix,20.0,VER,0.0
Hungarian Grand Prix,20.0,NOR,28.079
Hungarian Grand Prix,20.0,PER,21.803
Hungarian Grand Prix,20.0,HAM,39.417
Hungarian Grand Prix,20.0,PIA,30.015
Hungarian Grand Prix,20.0,RUS,34.629
Hungarian Grand Prix,20.0,LEC,45.062
Hungarian Grand Prix,20.0,SAI,41.59
Hungarian Grand Prix,20.0,ALO,29.644
Hungarian Grand Prix,20.0,STR,46.438
Hungarian Grand Prix,20.0,ALB,52.275
Hungarian Grand Prix,20.0,BOT,48.273
Hungarian Grand Prix,20.0,RIC,62.98
Hungarian Grand Prix,20.0,HUL,55.458
Hungarian Grand Prix,20.0,TSU,53.753
Hungarian Grand Prix,20.0,ZHO,56.984
Hungarian Grand Prix,20.0,MAG,58.01
Hungarian Grand Prix,20.0,SAR,59.281
Hungarian Grand Prix,21.0,VER,0.0
Hungarian Grand Prix,21.0,NOR,27.566
Hungarian Grand Prix,21.0,PER,22.329
Hungarian Grand Prix,21.0,HAM,39.808
Hungarian Grand Prix,21.0,PIA,29.975
Hungarian Grand Prix,21.0,RUS,36.022
Hungarian Grand Prix,21.0,LEC,45.604
Hungarian Grand Prix,21.0,SAI,42.084
Hungarian Grand Prix,21.0,ALO,50.01
Hungarian Grand Prix,21.0,STR,47.859
Hungarian Grand Prix,21.0,ALB,54.089
Hungarian Grand Prix,21.0,BOT,49.602
Hungarian Grand Prix,21.0,RIC,64.101
Hungarian Grand Prix,21.0,HUL,56.958
Hungarian Grand Prix,21.0,TSU,55.38
Hungarian Grand Prix,21.0,ZHO,58.639
Hungarian Grand Prix,21.0,MAG,59.807
Hungarian Grand Prix,21.0,SAR,60.937
Hungarian Grand Prix,22.0,VER,0.0
Hungarian Grand Prix,22.0,NOR,27.087
Hungarian Grand Prix,22.0,PER,22.94
Hungarian Grand Prix,22.0,HAM,39.925
Hungarian Grand Prix,22.0,PIA,29.506
Hungarian Grand Prix,22.0,RUS,36.99
Hungarian Grand Prix,22.0,LEC,45.796
Hungarian Grand Prix,22.0,SAI,42.391
Hungarian Grand Prix,22.0,ALO,51.45
Hungarian Grand Prix,22.0,STR,48.541
Hungarian Grand Prix,22.0,ALB,55.569
Hungarian Grand Prix,22.0,BOT,52.392
Hungarian Grand Prix,22.0,RIC,64.754
Hungarian Grand Prix,22.0,HUL,58.38
Hungarian Grand Prix,22.0,TSU,56.931
Hungarian Grand Prix,22.0,ZHO,59.97
Hungarian Grand Prix,22.0,MAG,61.461
Hungarian Grand Prix,22.0,SAR,62.576
Hungarian Grand Prix,23.0,VER,0.0
Hungarian Grand Prix,23.0,NOR,23.643
Hungarian Grand Prix,23.0,PER,20.575
Hungarian Grand Prix,23.0,HAM,37.059
Hungarian Grand Prix,23.0,PIA,26.478
Hungarian Grand Prix,23.0,RUS,35.101
Hungarian Grand Prix,23.0,LEC,43.06
Hungarian Grand Prix,23.0,SAI,39.665
Hungarian Grand Prix,23.0,ALO,49.624
Hungarian Grand Prix,23.0,STR,46.798
Hungarian Grand Prix,23.0,ALB,54.495
Hungarian Grand Prix,23.0,BOT,51.046
Hungarian Grand Prix,23.0,RIC,63.065
Hungarian Grand Prix,23.0,HUL,57.328
Hungarian Grand Prix,23.0,TSU,55.688
Hungarian Grand Prix,23.0,ZHO,58.767
Hungarian Grand Prix,23.0,MAG,60.241
Hungarian Grand Prix,23.0,SAR,61.174
Hungarian Grand Prix,24.0,VER,0.0
Hungarian Grand Prix,24.0,NOR,5.483
Hungarian Grand Prix,24.0,PER,6.01
Hungarian Grand Prix,24.0,HAM,19.297
Hungarian Grand Prix,24.0,PIA,8.471
Hungarian Grand Prix,24.0,RUS,18.111
Hungarian Grand Prix,24.0,LEC,25.202
Hungarian Grand Prix,24.0,SAI,22.021
Hungarian Grand Prix,24.0,ALO,32.927
Hungarian Grand Prix,24.0,STR,29.924
Hungarian Grand Prix,24.0,ALB,38.228
Hungarian Grand Prix,24.0,BOT,34.83
Hungarian Grand Prix,24.0,RIC,46.406
Hungarian Grand Prix,24.0,HUL,41.186
Hungarian Grand Prix,24.0,TSU,39.606
Hungarian Grand Prix,24.0,ZHO,42.673
Hungarian Grand Prix,24.0,MAG,44.165
Hungarian Grand Prix,24.0,SAR,45.267
Hungarian Grand Prix,25.0,VER,0.0
Hungarian Grand Prix,25.0,NOR,5.223
Hungarian Grand Prix,25.0,PER,24.775
Hungarian Grand Prix,25.0,HAM,19.583
Hungarian Grand Prix,25.0,PIA,8.624
Hungarian Grand Prix,25.0,RUS,21.956
Hungarian Grand Prix,25.0,LEC,26.267
Hungarian Grand Prix,25.0,SAI,23.087
Hungarian Grand Prix,25.0,ALO,33.908
Hungarian Grand Prix,25.0,STR,31.329
Hungarian Grand Prix,25.0,ALB,40.036
Hungarian Grand Prix,25.0,BOT,36.277
Hungarian Grand Prix,25.0,RIC,48.303
Hungarian Grand Prix,25.0,HUL,43.154
Hungarian Grand Prix,25.0,TSU,41.422
Hungarian Grand Prix,25.0,ZHO,44.672
Hungarian Grand Prix,25.0,MAG,46.404
Hungarian Grand Prix,25.0,SAR,47.41
Hungarian Grand Prix,26.0,VER,0.0
Hungarian Grand Prix,26.0,NOR,5.2379999999999995
Hungarian Grand Prix,26.0,PER,24.686
Hungarian Grand Prix,26.0,HAM,19.832
Hungarian Grand Prix,26.0,PIA,8.783
Hungarian Grand Prix,26.0,RUS,23.8
Hungarian Grand Prix,26.0,LEC,27.155
Hungarian Grand Prix,26.0,SAI,24.566
Hungarian Grand Prix,26.0,ALO,34.788
Hungarian Grand Prix,26.0,STR,32.74
Hungarian Grand Prix,26.0,ALB,41.931
Hungarian Grand Prix,26.0,BOT,38.049
Hungarian Grand Prix,26.0,RIC,50.795
Hungarian Grand Prix,26.0,HUL,45.018
Hungarian Grand Prix,26.0,TSU,43.349
Hungarian Grand Prix,26.0,ZHO,46.899
Hungarian Grand Prix,26.0,MAG,48.819
Hungarian Grand Prix,26.0,SAR,49.793
Hungarian Grand Prix,27.0,VER,0.0
Hungarian Grand Prix,27.0,NOR,5.666
Hungarian Grand Prix,27.0,PER,26.7
Hungarian Grand Prix,27.0,HAM,20.389
Hungarian Grand Prix,27.0,PIA,9.426
Hungarian Grand Prix,27.0,RUS,25.962
Hungarian Grand Prix,27.0,LEC,28.798000000000002
Hungarian Grand Prix,27.0,SAI,28.009
Hungarian Grand Prix,27.0,ALO,35.974
Hungarian Grand Prix,27.0,STR,34.644
Hungarian Grand Prix,27.0,ALB,43.985
Hungarian Grand Prix,27.0,BOT,39.93
Hungarian Grand Prix,27.0,RIC,53.245
Hungarian Grand Prix,27.0,HUL,47.226
Hungarian Grand Prix,27.0,TSU,45.614
Hungarian Grand Prix,27.0,ZHO,49.092
Hungarian Grand Prix,27.0,MAG,51.461
Hungarian Grand Prix,27.0,SAR,52.344
Hungarian Grand Prix,28.0,VER,0.0
Hungarian Grand Prix,28.0,NOR,6.432
Hungarian Grand Prix,28.0,PER,26.986
Hungarian Grand Prix,28.0,HAM,20.788
Hungarian Grand Prix,28.0,PIA,10.278
Hungarian Grand Prix,28.0,RUS,31.564
Hungarian Grand Prix,28.0,LEC,30.554
Hungarian Grand Prix,28.0,SAI,29.89
Hungarian Grand Prix,28.0,ALO,37.201
Hungarian Grand Prix,28.0,STR,36.467
Hungarian Grand Prix,28.0,ALB,45.922
Hungarian Grand Prix,28.0,BOT,41.469
Hungarian Grand Prix,28.0,RIC,55.402
Hungarian Grand Prix,28.0,HUL,49.575
Hungarian Grand Prix,28.0,TSU,47.608
Hungarian Grand Prix,28.0,ZHO,51.029
Hungarian Grand Prix,28.0,MAG,53.9
Hungarian Grand Prix,28.0,SAR,54.788
Hungarian Grand Prix,29.0,VER,0.0
Hungarian Grand Prix,29.0,NOR,6.806
Hungarian Grand Prix,29.0,PER,26.419
Hungarian Grand Prix,29.0,HAM,21.081
Hungarian Grand Prix,29.0,PIA,11.294
Hungarian Grand Prix,29.0,RUS,51.409
Hungarian Grand Prix,29.0,LEC,31.364
Hungarian Grand Prix,29.0,SAI,30.393
Hungarian Grand Prix,29.0,ALO,38.02
Hungarian Grand Prix,29.0,STR,39.761
Hungarian Grand Prix,29.0,ALB,47.752
Hungarian Grand Prix,29.0,BOT,43.059
Hungarian Grand Prix,29.0,RIC,59.987
Hungarian Grand Prix,29.0,HUL,51.129
Hungarian Grand Prix,29.0,TSU,49.582
Hungarian Grand Prix,29.0,ZHO,53.674
Hungarian Grand Prix,29.0,MAG,56.342
Hungarian Grand Prix,29.0,SAR,57.024
Hungarian Grand Prix,30.0,VER,0.0
Hungarian Grand Prix,30.0,NOR,7.225
Hungarian Grand Prix,30.0,PER,25.881
Hungarian Grand Prix,30.0,HAM,21.206
Hungarian Grand Prix,30.0,PIA,12.143
Hungarian Grand Prix,30.0,RUS,52.161
Hungarian Grand Prix,30.0,LEC,32.123
Hungarian Grand Prix,30.0,SAI,31.042
Hungarian Grand Prix,30.0,ALO,39.208
Hungarian Grand Prix,30.0,STR,41.812
Hungarian Grand Prix,30.0,ALB,49.61
Hungarian Grand Prix,30.0,BOT,44.696
Hungarian Grand Prix,30.0,RIC,79.172
Hungarian Grand Prix,30.0,HUL,54.108
Hungarian Grand Prix,30.0,TSU,51.71
Hungarian Grand Prix,30.0,ZHO,56.088
Hungarian Grand Prix,30.0,MAG,59.048
Hungarian Grand Prix,30.0,SAR,59.746
Hungarian Grand Prix,31.0,VER,0.0
Hungarian Grand Prix,31.0,NOR,7.924
Hungarian Grand Prix,31.0,PER,25.637
Hungarian Grand Prix,31.0,HAM,21.468
Hungarian Grand Prix,31.0,PIA,13.126
Hungarian Grand Prix,31.0,RUS,51.811
Hungarian Grand Prix,31.0,LEC,33.049
Hungarian Grand Prix,31.0,SAI,31.725
Hungarian Grand Prix,31.0,ALO,40.283
Hungarian Grand Prix,31.0,STR,43.634
Hungarian Grand Prix,31.0,ALB,53.852
Hungarian Grand Prix,31.0,BOT,46.263
Hungarian Grand Prix,31.0,RIC,79.743
Hungarian Grand Prix,31.0,HUL,56.027
Hungarian Grand Prix,31.0,TSU,54.496
Hungarian Grand Prix,31.0,ZHO,58.554
Hungarian Grand Prix,31.0,MAG,61.741
Hungarian Grand Prix,31.0,SAR,62.366
Hungarian Grand Prix,32.0,VER,0.0
Hungarian Grand Prix,32.0,NOR,8.763
Hungarian Grand Prix,32.0,PER,26.024
Hungarian Grand Prix,32.0,HAM,22.566
Hungarian Grand Prix,32.0,PIA,14.603
Hungarian Grand Prix,32.0,RUS,51.533
Hungarian Grand Prix,32.0,LEC,34.322
Hungarian Grand Prix,32.0,SAI,33.133
Hungarian Grand Prix,32.0,ALO,41.406
Hungarian Grand Prix,32.0,STR,45.713
Hungarian Grand Prix,32.0,ALB,74.331
Hungarian Grand Prix,32.0,BOT,48.393
Hungarian Grand Prix,32.0,RIC,80.646
Hungarian Grand Prix,32.0,HUL,58.352
Hungarian Grand Prix,32.0,TSU,56.731
Hungarian Grand Prix,32.0,ZHO,60.969
Hungarian Grand Prix,32.0,MAG,64.792
Hungarian Grand Prix,32.0,SAR,65.417
Hungarian Grand Prix,33.0,VER,0.0
Hungarian Grand Prix,33.0,NOR,9.537
Hungarian Grand Prix,33.0,PER,26.026
Hungarian Grand Prix,33.0,HAM,22.86
Hungarian Grand Prix,33.0,PIA,15.848
Hungarian Grand Prix,33.0,RUS,51.75
Hungarian Grand Prix,33.0,LEC,35.379
Hungarian Grand Prix,33.0,SAI,34.085
Hungarian Grand Prix,33.0,ALO,42.232
Hungarian Grand Prix,33.0,STR,47.541
Hungarian Grand Prix,33.0,ALB,75.178
Hungarian Grand Prix,33.0,BOT,50.343
Hungarian Grand Prix,33.0,RIC,81.469
Hungarian Grand Prix,33.0,HUL,60.386
Hungarian Grand Prix,33.0,TSU,58.666
Hungarian Grand Prix,33.0,ZHO,63.353
Hungarian Grand Prix,33.0,MAG,67.525
Hungarian Grand Prix,33.0,SAR,68.104
Hungarian Grand Prix,34.0,VER,0.0
Hungarian Grand Prix,34.0,NOR,10.254
Hungarian Grand Prix,34.0,PER,26.046
Hungarian Grand Prix,34.0,HAM,23.252
Hungarian Grand Prix,34.0,PIA,17.068
Hungarian Grand Prix,34.0,RUS,52.635
Hungarian Grand Prix,34.0,LEC,36.48
Hungarian Grand Prix,34.0,SAI,35.103
Hungarian Grand Prix,34.0,ALO,43.541
Hungarian Grand Prix,34.0,STR,51.906
Hungarian Grand Prix,34.0,ALB,75.929
Hungarian Grand Prix,34.0,BOT,52.444
Hungarian Grand Prix,34.0,RIC,81.993
Hungarian Grand Prix,34.0,HUL,62.608
Hungarian Grand Prix,34.0,TSU,60.593
Hungarian Grand Prix,34.0,ZHO,65.895
Hungarian Grand Prix,34.0,MAG,70.274
Hungarian Grand Prix,34.0,SAR,73.58
Hungarian Grand Prix,35.0,VER,0.0
Hungarian Grand Prix,35.0,NOR,10.899000000000001
Hungarian Grand Prix,35.0,PER,25.877
Hungarian Grand Prix,35.0,HAM,23.614
Hungarian Grand Prix,35.0,PIA,18.151
Hungarian Grand Prix,35.0,RUS,52.774
Hungarian Grand Prix,35.0,LEC,37.578
Hungarian Grand Prix,35.0,SAI,36.013
Hungarian Grand Prix,35.0,ALO,44.706
Hungarian Grand Prix,35.0,STR,74.117
Hungarian Grand Prix,35.0,ALB,77.324
Hungarian Grand Prix,35.0,BOT,55.489
Hungarian Grand Prix,35.0,RIC,85.302
Hungarian Grand Prix,35.0,HUL,64.914
Hungarian Grand Prix,35.0,TSU,62.546
Hungarian Grand Prix,35.0,ZHO,68.464
Hungarian Grand Prix,35.0,MAG,73.845
Hungarian Grand Prix,35.0,SAR,92.588
Hungarian Grand Prix,36.0,VER,0.0
Hungarian Grand Prix,36.0,NOR,12.15
Hungarian Grand Prix,36.0,PER,25.982
Hungarian Grand Prix,36.0,HAM,24.239
Hungarian Grand Prix,36.0,PIA,19.295
Hungarian Grand Prix,36.0,RUS,53.062
Hungarian Grand Prix,36.0,LEC,38.801
Hungarian Grand Prix,36.0,SAI,37.224
Hungarian Grand Prix,36.0,ALO,45.999
Hungarian Grand Prix,36.0,STR,74.799
Hungarian Grand Prix,36.0,ALB,78.473
Hungarian Grand Prix,36.0,BOT,57.648
Hungarian Grand Prix,36.0,RIC,86.231
Hungarian Grand Prix,36.0,HUL,67.437
Hungarian Grand Prix,36.0,TSU,64.687
Hungarian Grand Prix,36.0,ZHO,71.096
Hungarian Grand Prix,36.0,MAG,77.261
Hungarian Grand Prix,36.0,SAR,92.799
Hungarian Grand Prix,37.0,VER,0.0
Hungarian Grand Prix,37.0,NOR,13.319
Hungarian Grand Prix,37.0,PER,26.357
Hungarian Grand Prix,37.0,HAM,24.896
Hungarian Grand Prix,37.0,PIA,20.576
Hungarian Grand Prix,37.0,RUS,53.417
Hungarian Grand Prix,37.0,LEC,40.245
Hungarian Grand Prix,37.0,SAI,38.557
Hungarian Grand Prix,37.0,ALO,47.393
Hungarian Grand Prix,37.0,STR,75.814
Hungarian Grand Prix,37.0,ALB,80.47
Hungarian Grand Prix,37.0,BOT,59.664
Hungarian Grand Prix,37.0,RIC,87.2
Hungarian Grand Prix,37.0,HUL,70.009
Hungarian Grand Prix,37.0,TSU,67.079
Hungarian Grand Prix,37.0,ZHO,73.869
Hungarian Grand Prix,37.0,MAG,80.307
Hungarian Grand Prix,37.0,SAR,93.573
Hungarian Grand Prix,38.0,VER,0.0
Hungarian Grand Prix,38.0,NOR,14.456
Hungarian Grand Prix,38.0,PER,26.791
Hungarian Grand Prix,38.0,HAM,25.7
Hungarian Grand Prix,38.0,PIA,21.825
Hungarian Grand Prix,38.0,RUS,53.808
Hungarian Grand Prix,38.0,LEC,41.712
Hungarian Grand Prix,38.0,SAI,39.947
Hungarian Grand Prix,38.0,ALO,48.771
Hungarian Grand Prix,38.0,STR,77.101
Hungarian Grand Prix,38.0,ALB,82.119
Hungarian Grand Prix,38.0,BOT,61.528
Hungarian Grand Prix,38.0,RIC,87.98
Hungarian Grand Prix,38.0,HUL,74.303
Hungarian Grand Prix,38.0,TSU,69.714
Hungarian Grand Prix,38.0,ZHO,78.834
Hungarian Grand Prix,38.0,MAG,85.395
Hungarian Grand Prix,38.0,SAR,94.205
Hungarian Grand Prix,39.0,VER,0.0
Hungarian Grand Prix,39.0,NOR,15.086
Hungarian Grand Prix,39.0,PER,26.808
Hungarian Grand Prix,39.0,HAM,25.907
Hungarian Grand Prix,39.0,PIA,22.383
Hungarian Grand Prix,39.0,RUS,53.622
Hungarian Grand Prix,39.0,LEC,42.524
Hungarian Grand Prix,39.0,SAI,40.737
Hungarian Grand Prix,39.0,ALO,49.818
Hungarian Grand Prix,39.0,STR,76.856
Hungarian Grand Prix,39.0,ALB,82.792
Hungarian Grand Prix,39.0,BOT,62.657
Hungarian Grand Prix,39.0,RIC,88.107
Hungarian Grand Prix,39.0,HUL,93.339
Hungarian Grand Prix,39.0,TSU,71.476
Hungarian Grand Prix,39.0,ZHO,101.585
Hungarian Grand Prix,39.0,MAG,87.874
Hungarian Grand Prix,39.0,SAR,94.528
Hungarian Grand Prix,40.0,VER,0.0
Hungarian Grand Prix,40.0,NOR,16.178
Hungarian Grand Prix,40.0,PER,27.707
Hungarian Grand Prix,40.0,HAM,27.0
Hungarian Grand Prix,40.0,PIA,23.864
Hungarian Grand Prix,40.0,RUS,53.817
Hungarian Grand Prix,40.0,LEC,43.969
Hungarian Grand Prix,40.0,SAI,41.882
Hungarian Grand Prix,40.0,ALO,50.842
Hungarian Grand Prix,40.0,STR,77.202
Hungarian Grand Prix,40.0,ALB,85.115
Hungarian Grand Prix,40.0,BOT,67.111
Hungarian Grand Prix,40.0,RIC,88.491
Hungarian Grand Prix,40.0,HUL,93.826
Hungarian Grand Prix,40.0,TSU,73.709
Hungarian Grand Prix,40.0,ZHO,102.411
Hungarian Grand Prix,40.0,MAG,91.522
Hungarian Grand Prix,40.0,SAR,95.441
Hungarian Grand Prix,41.0,VER,0.0
Hungarian Grand Prix,41.0,NOR,17.622
Hungarian Grand Prix,41.0,PER,29.145
Hungarian Grand Prix,41.0,HAM,28.561
Hungarian Grand Prix,41.0,PIA,26.006
Hungarian Grand Prix,41.0,RUS,54.944
Hungarian Grand Prix,41.0,LEC,45.6
Hungarian Grand Prix,41.0,SAI,43.524
Hungarian Grand Prix,41.0,ALO,52.683
Hungarian Grand Prix,41.0,STR,78.225
Hungarian Grand Prix,41.0,ALB,86.649
Hungarian Grand Prix,41.0,BOT,89.098
Hungarian Grand Prix,41.0,RIC,90.22
Hungarian Grand Prix,41.0,HUL,95.092
Hungarian Grand Prix,41.0,TSU,76.564
Hungarian Grand Prix,41.0,ZHO,103.745
Hungarian Grand Prix,41.0,MAG,97.696
Hungarian Grand Prix,41.0,SAR,96.983
Hungarian Grand Prix,42.0,VER,0.0
Hungarian Grand Prix,42.0,NOR,18.793
Hungarian Grand Prix,42.0,PER,33.171
Hungarian Grand Prix,42.0,HAM,30.098
Hungarian Grand Prix,42.0,PIA,29.939
Hungarian Grand Prix,42.0,RUS,55.757
Hungarian Grand Prix,42.0,LEC,46.916
Hungarian Grand Prix,42.0,SAI,45.066
Hungarian Grand Prix,42.0,ALO,54.066
Hungarian Grand Prix,42.0,STR,79.605
Hungarian Grand Prix,42.0,ALB,87.912
Hungarian Grand Prix,42.0,BOT,89.44
Hungarian Grand Prix,42.0,RIC,91.453
Hungarian Grand Prix,42.0,HUL,95.356
Hungarian Grand Prix,42.0,TSU,79.204
Hungarian Grand Prix,42.0,ZHO,105.473
Hungarian Grand Prix,42.0,MAG,117.912
Hungarian Grand Prix,42.0,SAR,98.152
Hungarian Grand Prix,43.0,VER,0.0
Hungarian Grand Prix,43.0,NOR,19.93
Hungarian Grand Prix,43.0,PER,50.196
Hungarian Grand Prix,43.0,HAM,31.333
Hungarian Grand Prix,43.0,PIA,48.644
Hungarian Grand Prix,43.0,RUS,56.116
Hungarian Grand Prix,43.0,LEC,50.328
Hungarian Grand Prix,43.0,SAI,46.925
Hungarian Grand Prix,43.0,ALO,58.358
Hungarian Grand Prix,43.0,STR,79.917
Hungarian Grand Prix,43.0,ALB,88.903
Hungarian Grand Prix,43.0,BOT,90.316
Hungarian Grand Prix,43.0,RIC,92.367
Hungarian Grand Prix,43.0,HUL,96.169
Hungarian Grand Prix,43.0,TSU,82.472
Hungarian Grand Prix,43.0,ZHO,106.645
Hungarian Grand Prix,43.0,MAG,119.118
Hungarian Grand Prix,43.0,SAR,99.64
Hungarian Grand Prix,44.0,VER,0.0
Hungarian Grand Prix,44.0,NOR,22.854
Hungarian Grand Prix,44.0,PER,49.353
Hungarian Grand Prix,44.0,HAM,32.004
Hungarian Grand Prix,44.0,PIA,48.348
Hungarian Grand Prix,44.0,RUS,55.633
Hungarian Grand Prix,44.0,LEC,66.183
Hungarian Grand Prix,44.0,SAI,50.823
Hungarian Grand Prix,44.0,ALO,78.568
Hungarian Grand Prix,44.0,STR,80.249
Hungarian Grand Prix,44.0,ALB,89.546
Hungarian Grand Prix,44.0,BOT,90.648
Hungarian Grand Prix,44.0,RIC,93.034
Hungarian Grand Prix,44.0,HUL,97.018
Hungarian Grand Prix,44.0,TSU,88.588
Hungarian Grand Prix,44.0,ZHO,107.301
Hungarian Grand Prix,44.0,MAG,119.443
Hungarian Grand Prix,44.0,SAR,100.598
Hungarian Grand Prix,45.0,VER,0.0
Hungarian Grand Prix,45.0,NOR,40.106
Hungarian Grand Prix,45.0,PER,48.06
Hungarian Grand Prix,45.0,HAM,32.648
Hungarian Grand Prix,45.0,PIA,47.154
Hungarian Grand Prix,45.0,RUS,55.188
Hungarian Grand Prix,45.0,LEC,65.826
Hungarian Grand Prix,45.0,SAI,69.832
Hungarian Grand Prix,45.0,ALO,78.022
Hungarian Grand Prix,45.0,STR,80.196
Hungarian Grand Prix,45.0,ALB,90.06
Hungarian Grand Prix,45.0,BOT,90.944
Hungarian Grand Prix,45.0,RIC,93.323
Hungarian Grand Prix,45.0,HUL,97.518
Hungarian Grand Prix,45.0,TSU,107.298
Hungarian Grand Prix,45.0,ZHO,108.58
Hungarian Grand Prix,45.0,MAG,119.798
Hungarian Grand Prix,45.0,SAR,100.975
Hungarian Grand Prix,46.0,VER,0.0
Hungarian Grand Prix,46.0,NOR,38.683
Hungarian Grand Prix,46.0,PER,47.127
Hungarian Grand Prix,46.0,HAM,33.26
Hungarian Grand Prix,46.0,PIA,46.727
Hungarian Grand Prix,46.0,RUS,56.97
Hungarian Grand Prix,46.0,LEC,65.186
Hungarian Grand Prix,46.0,SAI,69.49
Hungarian Grand Prix,46.0,ALO,77.676
Hungarian Grand Prix,46.0,STR,80.399
Hungarian Grand Prix,46.0,ALB,91.029
Hungarian Grand Prix,46.0,BOT,91.51
Hungarian Grand Prix,46.0,RIC,93.919
Hungarian Grand Prix,46.0,HUL,98.112
Hungarian Grand Prix,46.0,TSU,107.719
Hungarian Grand Prix,46.0,ZHO,109.807
Hungarian Grand Prix,46.0,MAG,120.329
Hungarian Grand Prix,46.0,SAR,101.746
Hungarian Grand Prix,47.0,VER,0.0
Hungarian Grand Prix,47.0,NOR,37.647
Hungarian Grand Prix,47.0,PER,46.391
Hungarian Grand Prix,47.0,HAM,33.854
Hungarian Grand Prix,47.0,PIA,48.288
Hungarian Grand Prix,47.0,RUS,73.322
Hungarian Grand Prix,47.0,LEC,64.398
Hungarian Grand Prix,47.0,SAI,69.065
Hungarian Grand Prix,47.0,ALO,78.178
Hungarian Grand Prix,47.0,STR,81.024
Hungarian Grand Prix,47.0,ALB,91.559
Hungarian Grand Prix,47.0,BOT,92.325
Hungarian Grand Prix,47.0,RIC,94.74
Hungarian Grand Prix,47.0,HUL,98.66
Hungarian Grand Prix,47.0,TSU,108.178
Hungarian Grand Prix,47.0,ZHO,110.895
Hungarian Grand Prix,47.0,MAG,123.367
Hungarian Grand Prix,47.0,SAR,102.435
Hungarian Grand Prix,48.0,VER,0.0
Hungarian Grand Prix,48.0,NOR,36.678
Hungarian Grand Prix,48.0,PER,45.492
Hungarian Grand Prix,48.0,HAM,34.857
Hungarian Grand Prix,48.0,PIA,49.317
Hungarian Grand Prix,48.0,RUS,71.993
Hungarian Grand Prix,48.0,LEC,63.484
Hungarian Grand Prix,48.0,SAI,68.674
Hungarian Grand Prix,48.0,ALO,77.76
Hungarian Grand Prix,48.0,STR,81.323
Hungarian Grand Prix,48.0,ALB,92.577
Hungarian Grand Prix,48.0,BOT,93.14
Hungarian Grand Prix,48.0,RIC,95.749
Hungarian Grand Prix,48.0,HUL,99.25
Hungarian Grand Prix,48.0,TSU,108.591
Hungarian Grand Prix,48.0,ZHO,111.502
Hungarian Grand Prix,48.0,MAG,123.822
Hungarian Grand Prix,48.0,SAR,102.971
Hungarian Grand Prix,49.0,VER,0.0
Hungarian Grand Prix,49.0,NOR,35.683
Hungarian Grand Prix,49.0,PER,44.05
Hungarian Grand Prix,49.0,HAM,38.052
Hungarian Grand Prix,49.0,PIA,48.896
Hungarian Grand Prix,49.0,RUS,70.75
Hungarian Grand Prix,49.0,LEC,62.213
Hungarian Grand Prix,49.0,SAI,67.74
Hungarian Grand Prix,49.0,ALO,76.93
Hungarian Grand Prix,49.0,STR,81.264
Hungarian Grand Prix,49.0,ALB,93.072
Hungarian Grand Prix,49.0,BOT,93.61
Hungarian Grand Prix,49.0,RIC,96.024
Hungarian Grand Prix,49.0,HUL,99.754
Hungarian Grand Prix,49.0,TSU,108.807
Hungarian Grand Prix,49.0,ZHO,111.933
Hungarian Grand Prix,49.0,MAG,124.11
Hungarian Grand Prix,49.0,SAR,103.29
Hungarian Grand Prix,50.0,VER,0.0
Hungarian Grand Prix,50.0,NOR,34.079
Hungarian Grand Prix,50.0,PER,42.674
Hungarian Grand Prix,50.0,HAM,56.016
Hungarian Grand Prix,50.0,PIA,48.264
Hungarian Grand Prix,50.0,RUS,69.306
Hungarian Grand Prix,50.0,LEC,60.9
Hungarian Grand Prix,50.0,SAI,66.735
Hungarian Grand Prix,50.0,ALO,76.111
Hungarian Grand Prix,50.0,STR,81.185
Hungarian Grand Prix,50.0,ALB,93.536
Hungarian Grand Prix,50.0,BOT,94.316
Hungarian Grand Prix,50.0,RIC,96.544
Hungarian Grand Prix,50.0,HUL,100.444
Hungarian Grand Prix,50.0,TSU,108.978
Hungarian Grand Prix,50.0,ZHO,112.534
Hungarian Grand Prix,50.0,MAG,124.627
Hungarian Grand Prix,50.0,SAR,103.404
Hungarian Grand Prix,51.0,VER,0.0
Hungarian Grand Prix,51.0,NOR,30.663
Hungarian Grand Prix,51.0,PER,39.324
Hungarian Grand Prix,51.0,HAM,52.417
Hungarian Grand Prix,51.0,PIA,45.359
Hungarian Grand Prix,51.0,RUS,65.447
Hungarian Grand Prix,51.0,LEC,57.219
Hungarian Grand Prix,51.0,SAI,63.243
Hungarian Grand Prix,51.0,ALO,72.646
Hungarian Grand Prix,51.0,STR,78.454
Hungarian Grand Prix,51.0,ALB,91.404
Hungarian Grand Prix,51.0,BOT,91.916
Hungarian Grand Prix,51.0,RIC,94.446
Hungarian Grand Prix,51.0,HUL,98.616
Hungarian Grand Prix,51.0,TSU,107.113
Hungarian Grand Prix,51.0,ZHO,111.058
Hungarian Grand Prix,51.0,MAG,124.408
Hungarian Grand Prix,51.0,SAR,103.712
Hungarian Grand Prix,52.0,VER,0.0
Hungarian Grand Prix,52.0,NOR,10.994
Hungarian Grand Prix,52.0,PER,19.518
Hungarian Grand Prix,52.0,HAM,32.079
Hungarian Grand Prix,52.0,PIA,26.092
Hungarian Grand Prix,52.0,RUS,45.33
Hungarian Grand Prix,52.0,LEC,37.189
Hungarian Grand Prix,52.0,SAI,43.181
Hungarian Grand Prix,52.0,ALO,52.68
Hungarian Grand Prix,52.0,STR,59.622
Hungarian Grand Prix,52.0,ALB,72.734
Hungarian Grand Prix,52.0,BOT,73.252
Hungarian Grand Prix,52.0,RIC,76.142
Hungarian Grand Prix,52.0,HUL,80.003
Hungarian Grand Prix,52.0,TSU,88.313
Hungarian Grand Prix,52.0,ZHO,92.802
Hungarian Grand Prix,52.0,MAG,105.679
Hungarian Grand Prix,52.0,SAR,84.999
Hungarian Grand Prix,53.0,VER,0.0
Hungarian Grand Prix,53.0,NOR,13.865
Hungarian Grand Prix,53.0,PER,21.309
Hungarian Grand Prix,53.0,HAM,33.658
Hungarian Grand Prix,53.0,PIA,29.046
Hungarian Grand Prix,53.0,RUS,47.454
Hungarian Grand Prix,53.0,LEC,39.556
Hungarian Grand Prix,53.0,SAI,45.484
Hungarian Grand Prix,53.0,ALO,55.167
Hungarian Grand Prix,53.0,STR,62.918
Hungarian Grand Prix,53.0,ALB,76.572
Hungarian Grand Prix,53.0,BOT,77.057
Hungarian Grand Prix,53.0,RIC,79.839
Hungarian Grand Prix,53.0,HUL,86.219
Hungarian Grand Prix,53.0,TSU,92.047
Hungarian Grand Prix,53.0,ZHO,99.177
Hungarian Grand Prix,53.0,MAG,109.311
Hungarian Grand Prix,53.0,SAR,88.716
Hungarian Grand Prix,54.0,VER,0.0
Hungarian Grand Prix,54.0,NOR,13.177
Hungarian Grand Prix,54.0,PER,19.784
Hungarian Grand Prix,54.0,HAM,31.324
Hungarian Grand Prix,54.0,PIA,28.399
Hungarian Grand Prix,54.0,RUS,46.176
Hungarian Grand Prix,54.0,LEC,38.435
Hungarian Grand Prix,54.0,SAI,44.133
Hungarian Grand Prix,54.0,ALO,54.125
Hungarian Grand Prix,54.0,STR,62.408
Hungarian Grand Prix,54.0,ALB,76.688
Hungarian Grand Prix,54.0,BOT,77.212
Hungarian Grand Prix,54.0,RIC,79.895
Hungarian Grand Prix,54.0,HUL,86.863
Hungarian Grand Prix,54.0,TSU,91.998
Hungarian Grand Prix,54.0,ZHO,99.976
Hungarian Grand Prix,54.0,MAG,109.24
Hungarian Grand Prix,54.0,SAR,89.007
Hungarian Grand Prix,55.0,VER,0.0
Hungarian Grand Prix,55.0,NOR,13.036
Hungarian Grand Prix,55.0,PER,19.41
Hungarian Grand Prix,55.0,HAM,30.679
Hungarian Grand Prix,55.0,PIA,29.334
Hungarian Grand Prix,55.0,RUS,46.247
Hungarian Grand Prix,55.0,LEC,38.26
Hungarian Grand Prix,55.0,SAI,44.121
Hungarian Grand Prix,55.0,ALO,54.12
Hungarian Grand Prix,55.0,STR,63.631
Hungarian Grand Prix,55.0,ALB,77.895
Hungarian Grand Prix,55.0,BOT,78.462
Hungarian Grand Prix,55.0,RIC,81.401
Hungarian Grand Prix,55.0,HUL,88.442
Hungarian Grand Prix,55.0,TSU,93.054
Hungarian Grand Prix,55.0,ZHO,103.818
Hungarian Grand Prix,55.0,MAG,110.807
Hungarian Grand Prix,55.0,SAR,90.212
Hungarian Grand Prix,56.0,VER,0.0
Hungarian Grand Prix,56.0,NOR,13.365
Hungarian Grand Prix,56.0,PER,20.316
Hungarian Grand Prix,56.0,HAM,31.088
Hungarian Grand Prix,56.0,PIA,30.648
Hungarian Grand Prix,56.0,RUS,46.477
Hungarian Grand Prix,56.0,LEC,38.676
Hungarian Grand Prix,56.0,SAI,44.366
Hungarian Grand Prix,56.0,ALO,54.597
Hungarian Grand Prix,56.0,STR,65.201
Hungarian Grand Prix,56.0,ALB,79.488
Hungarian Grand Prix,56.0,BOT,80.358
Hungarian Grand Prix,56.0,RIC,85.562
Hungarian Grand Prix,56.0,HUL,90.276
Hungarian Grand Prix,56.0,TSU,94.453
Hungarian Grand Prix,56.0,ZHO,105.896
Hungarian Grand Prix,56.0,MAG,112.698
Hungarian Grand Prix,56.0,SAR,91.923
Hungarian Grand Prix,57.0,VER,0.0
Hungarian Grand Prix,57.0,NOR,14.095
Hungarian Grand Prix,57.0,PER,20.375
Hungarian Grand Prix,57.0,HAM,31.757
Hungarian Grand Prix,57.0,PIA,33.57
Hungarian Grand Prix,57.0,RUS,47.263
Hungarian Grand Prix,57.0,LEC,39.856
Hungarian Grand Prix,57.0,SAI,45.301
Hungarian Grand Prix,57.0,ALO,55.187
Hungarian Grand Prix,57.0,STR,66.631
Hungarian Grand Prix,57.0,ALB,81.257
Hungarian Grand Prix,57.0,BOT,83.315
Hungarian Grand Prix,57.0,RIC,87.25
Hungarian Grand Prix,57.0,HUL,92.352
Hungarian Grand Prix,57.0,TSU,96.424
Hungarian Grand Prix,57.0,ZHO,108.171
Hungarian Grand Prix,57.0,MAG,118.829
Hungarian Grand Prix,57.0,SAR,93.894
Hungarian Grand Prix,58.0,VER,0.0
Hungarian Grand Prix,58.0,NOR,15.064
Hungarian Grand Prix,58.0,PER,20.038
Hungarian Grand Prix,58.0,HAM,32.18
Hungarian Grand Prix,58.0,PIA,35.384
Hungarian Grand Prix,58.0,RUS,48.193
Hungarian Grand Prix,58.0,LEC,40.841
Hungarian Grand Prix,58.0,SAI,46.255
Hungarian Grand Prix,58.0,ALO,55.567
Hungarian Grand Prix,58.0,STR,67.876
Hungarian Grand Prix,58.0,ALB,84.506
Hungarian Grand Prix,58.0,BOT,85.413
Hungarian Grand Prix,58.0,RIC,88.761
Hungarian Grand Prix,58.0,HUL,94.506
Hungarian Grand Prix,58.0,TSU,98.063
Hungarian Grand Prix,58.0,ZHO,110.121
Hungarian Grand Prix,58.0,MAG,121.351
Hungarian Grand Prix,58.0,SAR,96.005
Hungarian Grand Prix,59.0,VER,0.0
Hungarian Grand Prix,59.0,NOR,17.158
Hungarian Grand Prix,59.0,PER,20.728
Hungarian Grand Prix,59.0,HAM,32.897
Hungarian Grand Prix,59.0,PIA,37.252
Hungarian Grand Prix,59.0,RUS,49.608
Hungarian Grand Prix,59.0,LEC,42.631
Hungarian Grand Prix,59.0,SAI,47.578
Hungarian Grand Prix,59.0,ALO,56.716
Hungarian Grand Prix,59.0,STR,69.779
Hungarian Grand Prix,59.0,ALB,86.801
Hungarian Grand Prix,59.0,BOT,87.341
Hungarian Grand Prix,59.0,RIC,90.971
Hungarian Grand Prix,59.0,HUL,96.997
Hungarian Grand Prix,59.0,TSU,102.413
Hungarian Grand Prix,59.0,ZHO,112.459
Hungarian Grand Prix,59.0,MAG,123.95
Hungarian Grand Prix,59.0,SAR,98.253
Hungarian Grand Prix,60.0,VER,0.0
Hungarian Grand Prix,60.0,NOR,19.061
Hungarian Grand Prix,60.0,PER,22.269
Hungarian Grand Prix,60.0,HAM,33.313
Hungarian Grand Prix,60.0,PIA,39.351
Hungarian Grand Prix,60.0,RUS,51.544
Hungarian Grand Prix,60.0,LEC,44.495
Hungarian Grand Prix,60.0,SAI,49.73
Hungarian Grand Prix,60.0,ALO,58.357
Hungarian Grand Prix,60.0,STR,71.861
Hungarian Grand Prix,60.0,ALB,89.6
Hungarian Grand Prix,60.0,BOT,91.107
Hungarian Grand Prix,60.0,RIC,93.83
Hungarian Grand Prix,60.0,HUL,99.942
Hungarian Grand Prix,60.0,TSU,106.877
Hungarian Grand Prix,60.0,ZHO,116.74
Hungarian Grand Prix,60.0,MAG,130.022
Hungarian Grand Prix,60.0,SAR,101.662
Hungarian Grand Prix,61.0,VER,0.0
Hungarian Grand Prix,61.0,NOR,20.983
Hungarian Grand Prix,61.0,PER,24.611
Hungarian Grand Prix,61.0,HAM,33.92
Hungarian Grand Prix,61.0,PIA,41.578
Hungarian Grand Prix,61.0,RUS,53.655
Hungarian Grand Prix,61.0,LEC,46.64
Hungarian Grand Prix,61.0,SAI,51.715
Hungarian Grand Prix,61.0,ALO,60.031
Hungarian Grand Prix,61.0,STR,74.376
Hungarian Grand Prix,61.0,ALB,92.357
Hungarian Grand Prix,61.0,BOT,93.898
Hungarian Grand Prix,61.0,RIC,96.842
Hungarian Grand Prix,61.0,HUL,103.178
Hungarian Grand Prix,61.0,TSU,109.791
Hungarian Grand Prix,61.0,ZHO,119.28
Hungarian Grand Prix,61.0,MAG,133.031
Hungarian Grand Prix,61.0,SAR,106.429
Hungarian Grand Prix,62.0,VER,0.0
Hungarian Grand Prix,62.0,NOR,23.168
Hungarian Grand Prix,62.0,PER,26.589
Hungarian Grand Prix,62.0,HAM,34.283
Hungarian Grand Prix,62.0,PIA,43.687
Hungarian Grand Prix,62.0,RUS,55.29
Hungarian Grand Prix,62.0,LEC,48.116
Hungarian Grand Prix,62.0,SAI,53.734
Hungarian Grand Prix,62.0,ALO,61.547
Hungarian Grand Prix,62.0,STR,76.743
Hungarian Grand Prix,62.0,ALB,94.928
Hungarian Grand Prix,62.0,BOT,96.261
Hungarian Grand Prix,62.0,RIC,99.347
Hungarian Grand Prix,62.0,HUL,107.834
Hungarian Grand Prix,62.0,TSU,112.411
Hungarian Grand Prix,62.0,ZHO,121.879
Hungarian Grand Prix,62.0,MAG,135.832
Hungarian Grand Prix,62.0,SAR,111.365
Hungarian Grand Prix,63.0,VER,0.0
Hungarian Grand Prix,63.0,NOR,24.805
Hungarian Grand Prix,63.0,PER,28.63
Hungarian Grand Prix,63.0,HAM,34.95
Hungarian Grand Prix,63.0,PIA,45.81
Hungarian Grand Prix,63.0,RUS,56.475
Hungarian Grand Prix,63.0,LEC,49.916
Hungarian Grand Prix,63.0,SAI,55.804
Hungarian Grand Prix,63.0,ALO,63.226
Hungarian Grand Prix,63.0,STR,79.096
Hungarian Grand Prix,63.0,ALB,97.366
Hungarian Grand Prix,63.0,BOT,98.614
Hungarian Grand Prix,63.0,RIC,101.746
Hungarian Grand Prix,63.0,HUL,111.29
Hungarian Grand Prix,63.0,TSU,115.222
Hungarian Grand Prix,63.0,ZHO,124.594
Hungarian Grand Prix,63.0,MAG,138.498
Hungarian Grand Prix,63.0,SAR,114.099
Hungarian Grand Prix,64.0,VER,0.0
Hungarian Grand Prix,64.0,NOR,25.758
Hungarian Grand Prix,64.0,PER,29.712
Hungarian Grand Prix,64.0,HAM,35.08
Hungarian Grand Prix,64.0,PIA,47.503
Hungarian Grand Prix,64.0,RUS,58.076
Hungarian Grand Prix,64.0,LEC,51.771
Hungarian Grand Prix,64.0,SAI,57.973
Hungarian Grand Prix,64.0,ALO,64.576
Hungarian Grand Prix,64.0,STR,80.961
Hungarian Grand Prix,64.0,ALB,99.311
Hungarian Grand Prix,64.0,BOT,100.728
Hungarian Grand Prix,64.0,RIC,103.756
Hungarian Grand Prix,64.0,HUL,115.648
Hungarian Grand Prix,64.0,TSU,118.762
Hungarian Grand Prix,64.0,ZHO,127.267
Hungarian Grand Prix,64.0,MAG,145.054
Hungarian Grand Prix,64.0,SAR,116.775
Hungarian Grand Prix,65.0,VER,0.0
Hungarian Grand Prix,65.0,NOR,26.446
Hungarian Grand Prix,65.0,PER,31.421
Hungarian Grand Prix,65.0,HAM,35.526
Hungarian Grand Prix,65.0,PIA,49.271
Hungarian Grand Prix,65.0,RUS,58.807
Hungarian Grand Prix,65.0,LEC,53.487
Hungarian Grand Prix,65.0,SAI,61.149
Hungarian Grand Prix,65.0,ALO,66.067
Hungarian Grand Prix,65.0,STR,85.25
Hungarian Grand Prix,65.0,ALB,101.145
Hungarian Grand Prix,65.0,BOT,102.279
Hungarian Grand Prix,65.0,RIC,105.656
Hungarian Grand Prix,65.0,HUL,119.712
Hungarian Grand Prix,65.0,TSU,121.155
Hungarian Grand Prix,65.0,ZHO,129.454
Hungarian Grand Prix,65.0,MAG,148.265
Hungarian Grand Prix,65.0,SAR,120.533
Hungarian Grand Prix,66.0,VER,0.0
Hungarian Grand Prix,66.0,NOR,27.476
Hungarian Grand Prix,66.0,PER,32.635
Hungarian Grand Prix,66.0,HAM,35.927
Hungarian Grand Prix,66.0,PIA,51.117
Hungarian Grand Prix,66.0,RUS,59.575
Hungarian Grand Prix,66.0,LEC,55.029
Hungarian Grand Prix,66.0,SAI,63.125
Hungarian Grand Prix,66.0,ALO,67.579
Hungarian Grand Prix,66.0,STR,87.526
Hungarian Grand Prix,66.0,ALB,103.469
Hungarian Grand Prix,66.0,BOT,104.256
Hungarian Grand Prix,66.0,RIC,107.683
Hungarian Grand Prix,66.0,HUL,122.744
Hungarian Grand Prix,66.0,TSU,124.017
Hungarian Grand Prix,66.0,ZHO,131.665
Hungarian Grand Prix,66.0,MAG,153.855
Hungarian Grand Prix,66.0,SAR,123.505
Hungarian Grand Prix,67.0,VER,0.0
Hungarian Grand Prix,67.0,NOR,28.758
Hungarian Grand Prix,67.0,PER,33.826
Hungarian Grand Prix,67.0,HAM,36.168
Hungarian Grand Prix,67.0,PIA,53.416
Hungarian Grand Prix,67.0,RUS,60.4
Hungarian Grand Prix,67.0,LEC,57.088
Hungarian Grand Prix,67.0,SAI,64.881
Hungarian Grand Prix,67.0,ALO,69.5
Hungarian Grand Prix,67.0,STR,89.979
Hungarian Grand Prix,67.0,ALB,105.818
Hungarian Grand Prix,67.0,BOT,106.572
Hungarian Grand Prix,67.0,RIC,109.863
Hungarian Grand Prix,67.0,HUL,125.936
Hungarian Grand Prix,67.0,TSU,128.012
Hungarian Grand Prix,67.0,ZHO,135.378
Hungarian Grand Prix,67.0,MAG,156.955
Hungarian Grand Prix,67.0,SAR,145.528
Hungarian Grand Prix,68.0,VER,0.0
Hungarian Grand Prix,68.0,NOR,30.344
Hungarian Grand Prix,68.0,PER,34.905
Hungarian Grand Prix,68.0,HAM,36.769
Hungarian Grand Prix,68.0,PIA,57.044
Hungarian Grand Prix,68.0,RUS,61.993
Hungarian Grand Prix,68.0,LEC,59.96
Hungarian Grand Prix,68.0,SAI,66.867
Hungarian Grand Prix,68.0,ALO,71.477
Hungarian Grand Prix,68.0,STR,92.801
Hungarian Grand Prix,68.0,ALB,108.364
Hungarian Grand Prix,68.0,BOT,109.012
Hungarian Grand Prix,68.0,RIC,112.398
Hungarian Grand Prix,68.0,HUL,129.227
Hungarian Grand Prix,68.0,TSU,129.757
Hungarian Grand Prix,68.0,ZHO,138.619
Hungarian Grand Prix,68.0,MAG,160.396
Hungarian Grand Prix,69.0,VER,0.0
Hungarian Grand Prix,69.0,NOR,32.58
Hungarian Grand Prix,69.0,PER,36.304
Hungarian Grand Prix,69.0,HAM,37.939
Hungarian Grand Prix,69.0,PIA,60.303
Hungarian Grand Prix,69.0,RUS,63.805
Hungarian Grand Prix,69.0,LEC,63.1
Hungarian Grand Prix,69.0,SAI,69.13
Hungarian Grand Prix,69.0,ALO,73.762
Hungarian Grand Prix,69.0,STR,96.849
Hungarian Grand Prix,69.0,ALB,111.321
Hungarian Grand Prix,69.0,BOT,112.313
Hungarian Grand Prix,69.0,RIC,118.491
Hungarian Grand Prix,69.0,HUL,133.532
Hungarian Grand Prix,69.0,TSU,133.777
Hungarian Grand Prix,69.0,ZHO,142.725
Hungarian Grand Prix,69.0,MAG,164.585
Hungarian Grand Prix,70.0,VER,0.0
Hungarian Grand Prix,70.0,NOR,33.731
Hungarian Grand Prix,70.0,PER,37.603
Hungarian Grand Prix,70.0,HAM,39.134
Hungarian Grand Prix,70.0,PIA,62.572
Hungarian Grand Prix,70.0,RUS,65.825
Hungarian Grand Prix,70.0,LEC,65.317
Hungarian Grand Prix,70.0,SAI,71.073
Hungarian Grand Prix,70.0,ALO,75.709
Belgian Grand Prix,1.0,VER,2.364
Belgian Grand Prix,1.0,PER,0.0
Belgian Grand Prix,1.0,LEC,1.289
Belgian Grand Prix,1.0,HAM,1.915
Belgian Grand Prix,1.0,ALO,4.975
Belgian Grand Prix,1.0,RUS,7.514
Belgian Grand Prix,1.0,NOR,5.537
Belgian Grand Prix,1.0,OCO,8.592
Belgian Grand Prix,1.0,STR,6.801
Belgian Grand Prix,1.0,TSU,6.26
Belgian Grand Prix,1.0,GAS,9.554
Belgian Grand Prix,1.0,BOT,7.868
Belgian Grand Prix,1.0,ZHO,8.626
Belgian Grand Prix,1.0,ALB,7.064
Belgian Grand Prix,1.0,MAG,10.535
Belgian Grand Prix,1.0,RIC,10.88
Belgian Grand Prix,1.0,SAR,9.077
Belgian Grand Prix,1.0,HUL,9.975
Belgian Grand Prix,1.0,SAI,4.606
Belgian Grand Prix,1.0,PIA,0.0
Belgian Grand Prix,2.0,VER,3.301
Belgian Grand Prix,2.0,PER,0.0
Belgian Grand Prix,2.0,LEC,1.962
Belgian Grand Prix,2.0,HAM,2.769
Belgian Grand Prix,2.0,ALO,7.152
Belgian Grand Prix,2.0,RUS,10.555
Belgian Grand Prix,2.0,NOR,8.292
Belgian Grand Prix,2.0,OCO,11.847
Belgian Grand Prix,2.0,STR,10.254
Belgian Grand Prix,2.0,TSU,8.804
Belgian Grand Prix,2.0,GAS,13.403
Belgian Grand Prix,2.0,BOT,11.31
Belgian Grand Prix,2.0,ZHO,12.389
Belgian Grand Prix,2.0,ALB,9.719
Belgian Grand Prix,2.0,MAG,13.961
Belgian Grand Prix,2.0,RIC,14.724
Belgian Grand Prix,2.0,SAR,12.896
Belgian Grand Prix,2.0,HUL,13.552
Belgian Grand Prix,2.0,SAI,6.687
Belgian Grand Prix,3.0,VER,3.425
Belgian Grand Prix,3.0,PER,0.0
Belgian Grand Prix,3.0,LEC,2.101
Belgian Grand Prix,3.0,HAM,3.07
Belgian Grand Prix,3.0,ALO,9.584
Belgian Grand Prix,3.0,RUS,12.552
Belgian Grand Prix,3.0,NOR,10.856
Belgian Grand Prix,3.0,OCO,13.454
Belgian Grand Prix,3.0,STR,12.078
Belgian Grand Prix,3.0,TSU,10.425
Belgian Grand Prix,3.0,GAS,16.064
Belgian Grand Prix,3.0,BOT,13.991
Belgian Grand Prix,3.0,ZHO,15.434
Belgian Grand Prix,3.0,ALB,11.473
Belgian Grand Prix,3.0,MAG,17.211
Belgian Grand Prix,3.0,RIC,17.775
Belgian Grand Prix,3.0,SAR,14.885
Belgian Grand Prix,3.0,HUL,16.575
Belgian Grand Prix,3.0,SAI,9.252
Belgian Grand Prix,4.0,VER,3.878
Belgian Grand Prix,4.0,PER,0.0
Belgian Grand Prix,4.0,LEC,2.2439999999999998
Belgian Grand Prix,4.0,HAM,3.24
Belgian Grand Prix,4.0,ALO,10.643
Belgian Grand Prix,4.0,RUS,15.378
Belgian Grand Prix,4.0,NOR,15.181
Belgian Grand Prix,4.0,OCO,16.085
Belgian Grand Prix,4.0,STR,14.8
Belgian Grand Prix,4.0,TSU,13.526
Belgian Grand Prix,4.0,GAS,18.099
Belgian Grand Prix,4.0,BOT,17.226
Belgian Grand Prix,4.0,ZHO,17.737
Belgian Grand Prix,4.0,ALB,14.141
Belgian Grand Prix,4.0,MAG,19.51
Belgian Grand Prix,4.0,RIC,20.254
Belgian Grand Prix,4.0,SAR,16.701
Belgian Grand Prix,4.0,HUL,18.82
Belgian Grand Prix,4.0,SAI,13.161
Belgian Grand Prix,5.0,VER,3.908
Belgian Grand Prix,5.0,PER,0.0
Belgian Grand Prix,5.0,LEC,2.247
Belgian Grand Prix,5.0,HAM,3.385
Belgian Grand Prix,5.0,ALO,11.667
Belgian Grand Prix,5.0,RUS,18.337
Belgian Grand Prix,5.0,NOR,23.039
Belgian Grand Prix,5.0,OCO,19.366
Belgian Grand Prix,5.0,STR,18.023
Belgian Grand Prix,5.0,TSU,14.783
Belgian Grand Prix,5.0,GAS,20.942
Belgian Grand Prix,5.0,BOT,20.253
Belgian Grand Prix,5.0,ZHO,21.275
Belgian Grand Prix,5.0,ALB,17.222
Belgian Grand Prix,5.0,MAG,26.367
Belgian Grand Prix,5.0,RIC,27.018
Belgian Grand Prix,5.0,SAR,19.858
Belgian Grand Prix,5.0,HUL,21.778
Belgian Grand Prix,5.0,SAI,17.563
Belgian Grand Prix,6.0,VER,3.572
Belgian Grand Prix,6.0,PER,0.0
Belgian Grand Prix,6.0,LEC,2.465
Belgian Grand Prix,6.0,HAM,4.732
Belgian Grand Prix,6.0,ALO,12.844
Belgian Grand Prix,6.0,RUS,21.928
Belgian Grand Prix,6.0,NOR,39.682
Belgian Grand Prix,6.0,OCO,26.988
Belgian Grand Prix,6.0,STR,20.62
Belgian Grand Prix,6.0,TSU,16.344
Belgian Grand Prix,6.0,GAS,24.036
Belgian Grand Prix,6.0,BOT,27.902
Belgian Grand Prix,6.0,ZHO,24.676
Belgian Grand Prix,6.0,ALB,19.065
Belgian Grand Prix,6.0,MAG,40.457
Belgian Grand Prix,6.0,RIC,41.89
Belgian Grand Prix,6.0,SAR,23.339
Belgian Grand Prix,6.0,HUL,25.235
Belgian Grand Prix,6.0,SAI,22.357
Belgian Grand Prix,7.0,VER,3.467
Belgian Grand Prix,7.0,PER,0.0
Belgian Grand Prix,7.0,LEC,2.708
Belgian Grand Prix,7.0,HAM,5.642
Belgian Grand Prix,7.0,ALO,13.779
Belgian Grand Prix,7.0,RUS,23.199
Belgian Grand Prix,7.0,NOR,40.234
Belgian Grand Prix,7.0,OCO,40.692
Belgian Grand Prix,7.0,STR,22.407
Belgian Grand Prix,7.0,TSU,17.503
Belgian Grand Prix,7.0,GAS,26.965
Belgian Grand Prix,7.0,BOT,42.178
Belgian Grand Prix,7.0,ZHO,31.883
Belgian Grand Prix,7.0,ALB,25.086
Belgian Grand Prix,7.0,MAG,39.471
Belgian Grand Prix,7.0,RIC,41.768
Belgian Grand Prix,7.0,SAR,26.219
Belgian Grand Prix,7.0,HUL,28.322
Belgian Grand Prix,7.0,SAI,30.984
Belgian Grand Prix,8.0,VER,3.634
Belgian Grand Prix,8.0,PER,0.0
Belgian Grand Prix,8.0,LEC,3.044
Belgian Grand Prix,8.0,HAM,6.6129999999999995
Belgian Grand Prix,8.0,ALO,15.059
Belgian Grand Prix,8.0,RUS,24.683
Belgian Grand Prix,8.0,NOR,41.741
Belgian Grand Prix,8.0,OCO,40.873
Belgian Grand Prix,8.0,STR,24.01
Belgian Grand Prix,8.0,TSU,19.008
Belgian Grand Prix,8.0,GAS,28.644
Belgian Grand Prix,8.0,BOT,42.792
Belgian Grand Prix,8.0,ZHO,46.79
Belgian Grand Prix,8.0,ALB,40.091
Belgian Grand Prix,8.0,MAG,39.811
Belgian Grand Prix,8.0,RIC,42.438
Belgian Grand Prix,8.0,SAR,32.822
Belgian Grand Prix,8.0,HUL,30.758
Belgian Grand Prix,8.0,SAI,45.608
Belgian Grand Prix,9.0,VER,3.049
Belgian Grand Prix,9.0,PER,0.0
Belgian Grand Prix,9.0,LEC,4.182
Belgian Grand Prix,9.0,HAM,7.62
Belgian Grand Prix,9.0,ALO,16.05
Belgian Grand Prix,9.0,RUS,26.19
Belgian Grand Prix,9.0,NOR,42.485
Belgian Grand Prix,9.0,OCO,41.536
Belgian Grand Prix,9.0,STR,25.383
Belgian Grand Prix,9.0,TSU,24.835
Belgian Grand Prix,9.0,GAS,29.609
Belgian Grand Prix,9.0,BOT,43.826
Belgian Grand Prix,9.0,ZHO,46.747
Belgian Grand Prix,9.0,ALB,39.563
Belgian Grand Prix,9.0,MAG,41.165
Belgian Grand Prix,9.0,RIC,43.351
Belgian Grand Prix,9.0,SAR,47.425
Belgian Grand Prix,9.0,HUL,33.653
Belgian Grand Prix,9.0,SAI,46.281
Belgian Grand Prix,10.0,VER,2.784
Belgian Grand Prix,10.0,PER,0.0
Belgian Grand Prix,10.0,LEC,5.021
Belgian Grand Prix,10.0,HAM,8.281
Belgian Grand Prix,10.0,ALO,21.487
Belgian Grand Prix,10.0,RUS,27.57
Belgian Grand Prix,10.0,NOR,44.364
Belgian Grand Prix,10.0,OCO,41.048
Belgian Grand Prix,10.0,STR,26.552
Belgian Grand Prix,10.0,TSU,38.934
Belgian Grand Prix,10.0,GAS,30.476
Belgian Grand Prix,10.0,BOT,44.888
Belgian Grand Prix,10.0,ZHO,47.931
Belgian Grand Prix,10.0,ALB,38.617
Belgian Grand Prix,10.0,MAG,42.455
Belgian Grand Prix,10.0,RIC,43.665
Belgian Grand Prix,10.0,SAR,48.441
Belgian Grand Prix,10.0,HUL,35.588
Belgian Grand Prix,10.0,SAI,47.454
Belgian Grand Prix,11.0,VER,2.753
Belgian Grand Prix,11.0,PER,0.0
Belgian Grand Prix,11.0,LEC,5.609
Belgian Grand Prix,11.0,HAM,9.71
Belgian Grand Prix,11.0,ALO,37.416
Belgian Grand Prix,11.0,RUS,28.934
Belgian Grand Prix,11.0,NOR,45.009
Belgian Grand Prix,11.0,OCO,41.366
Belgian Grand Prix,11.0,STR,27.777
Belgian Grand Prix,11.0,TSU,38.536
Belgian Grand Prix,11.0,GAS,31.654
Belgian Grand Prix,11.0,BOT,45.774
Belgian Grand Prix,11.0,ZHO,47.932
Belgian Grand Prix,11.0,ALB,39.903
Belgian Grand Prix,11.0,MAG,43.4
Belgian Grand Prix,11.0,RIC,44.39
Belgian Grand Prix,11.0,SAR,50.641
Belgian Grand Prix,11.0,HUL,37.206
Belgian Grand Prix,11.0,SAI,50.011
Belgian Grand Prix,12.0,VER,2.4939999999999998
Belgian Grand Prix,12.0,PER,0.0
Belgian Grand Prix,12.0,LEC,6.159
Belgian Grand Prix,12.0,HAM,14.893
Belgian Grand Prix,12.0,ALO,36.385
Belgian Grand Prix,12.0,RUS,29.944
Belgian Grand Prix,12.0,NOR,45.597
Belgian Grand Prix,12.0,OCO,41.631
Belgian Grand Prix,12.0,STR,28.883
Belgian Grand Prix,12.0,TSU,39.791
Belgian Grand Prix,12.0,GAS,32.322
Belgian Grand Prix,12.0,BOT,46.212
Belgian Grand Prix,12.0,ZHO,48.262
Belgian Grand Prix,12.0,ALB,40.745
Belgian Grand Prix,12.0,MAG,44.255
Belgian Grand Prix,12.0,RIC,44.952
Belgian Grand Prix,12.0,SAR,53.165
Belgian Grand Prix,12.0,HUL,43.603
Belgian Grand Prix,12.0,SAI,52.157
Belgian Grand Prix,13.0,VER,0.0
Belgian Grand Prix,13.0,PER,2.176
Belgian Grand Prix,13.0,LEC,8.188
Belgian Grand Prix,13.0,HAM,25.153
Belgian Grand Prix,13.0,ALO,33.428
Belgian Grand Prix,13.0,RUS,29.099
Belgian Grand Prix,13.0,NOR,44.253
Belgian Grand Prix,13.0,OCO,39.564
Belgian Grand Prix,13.0,STR,28.239
Belgian Grand Prix,13.0,TSU,36.839
Belgian Grand Prix,13.0,GAS,30.635
Belgian Grand Prix,13.0,BOT,44.68
Belgian Grand Prix,13.0,ZHO,46.539
Belgian Grand Prix,13.0,ALB,38.994
Belgian Grand Prix,13.0,MAG,42.885
Belgian Grand Prix,13.0,RIC,43.532
Belgian Grand Prix,13.0,SAR,52.305
Belgian Grand Prix,13.0,HUL,55.191
Belgian Grand Prix,13.0,SAI,51.608
Belgian Grand Prix,14.0,VER,0.0
Belgian Grand Prix,14.0,PER,11.252
Belgian Grand Prix,14.0,LEC,16.924
Belgian Grand Prix,14.0,HAM,19.51
Belgian Grand Prix,14.0,ALO,28.148
Belgian Grand Prix,14.0,RUS,25.945
Belgian Grand Prix,14.0,NOR,42.127
Belgian Grand Prix,14.0,OCO,36.483
Belgian Grand Prix,14.0,STR,25.337
Belgian Grand Prix,14.0,TSU,32.636
Belgian Grand Prix,14.0,GAS,27.483
Belgian Grand Prix,14.0,BOT,41.233
Belgian Grand Prix,14.0,ZHO,43.3
Belgian Grand Prix,14.0,ALB,35.65
Belgian Grand Prix,14.0,MAG,40.153
Belgian Grand Prix,14.0,RIC,40.689
Belgian Grand Prix,14.0,SAR,50.101
Belgian Grand Prix,14.0,HUL,50.373
Belgian Grand Prix,14.0,SAI,49.518
Belgian Grand Prix,15.0,VER,1.113
Belgian Grand Prix,15.0,PER,0.0
Belgian Grand Prix,15.0,LEC,5.931
Belgian Grand Prix,15.0,HAM,8.763
Belgian Grand Prix,15.0,ALO,18.304
Belgian Grand Prix,15.0,RUS,18.801
Belgian Grand Prix,15.0,NOR,34.913
Belgian Grand Prix,15.0,OCO,28.066
Belgian Grand Prix,15.0,STR,17.398
Belgian Grand Prix,15.0,TSU,23.089
Belgian Grand Prix,15.0,GAS,19.969
Belgian Grand Prix,15.0,BOT,33.671
Belgian Grand Prix,15.0,ZHO,35.406
Belgian Grand Prix,15.0,ALB,27.299
Belgian Grand Prix,15.0,MAG,32.465
Belgian Grand Prix,15.0,RIC,33.126
Belgian Grand Prix,15.0,SAR,42.977
Belgian Grand Prix,15.0,HUL,43.086
Belgian Grand Prix,15.0,SAI,42.479
Belgian Grand Prix,16.0,VER,0.393
Belgian Grand Prix,16.0,PER,0.0
Belgian Grand Prix,16.0,LEC,6.579
Belgian Grand Prix,16.0,HAM,9.562
Belgian Grand Prix,16.0,ALO,19.523
Belgian Grand Prix,16.0,RUS,22.213
Belgian Grand Prix,16.0,NOR,39.108
Belgian Grand Prix,16.0,OCO,30.256
Belgian Grand Prix,16.0,STR,21.662
Belgian Grand Prix,16.0,TSU,25.33
Belgian Grand Prix,16.0,GAS,23.335
Belgian Grand Prix,16.0,BOT,36.792
Belgian Grand Prix,16.0,ZHO,38.285
Belgian Grand Prix,16.0,ALB,30.951
Belgian Grand Prix,16.0,MAG,35.483
Belgian Grand Prix,16.0,RIC,36.335
Belgian Grand Prix,16.0,SAR,45.383
Belgian Grand Prix,16.0,HUL,45.58
Belgian Grand Prix,16.0,SAI,48.595
Belgian Grand Prix,17.0,VER,0.0
Belgian Grand Prix,17.0,PER,1.674
Belgian Grand Prix,17.0,LEC,8.321
Belgian Grand Prix,17.0,HAM,11.482
Belgian Grand Prix,17.0,ALO,21.908
Belgian Grand Prix,17.0,RUS,25.372
Belgian Grand Prix,17.0,NOR,47.524
Belgian Grand Prix,17.0,OCO,33.457
Belgian Grand Prix,17.0,STR,26.674
Belgian Grand Prix,17.0,TSU,28.951999999999998
Belgian Grand Prix,17.0,GAS,27.704
Belgian Grand Prix,17.0,BOT,41.001
Belgian Grand Prix,17.0,ZHO,42.67
Belgian Grand Prix,17.0,ALB,35.446
Belgian Grand Prix,17.0,MAG,39.671
Belgian Grand Prix,17.0,RIC,40.414
Belgian Grand Prix,17.0,SAR,49.795
Belgian Grand Prix,17.0,HUL,49.931
Belgian Grand Prix,17.0,SAI,54.156
Belgian Grand Prix,18.0,VER,0.0
Belgian Grand Prix,18.0,PER,2.326
Belgian Grand Prix,18.0,LEC,8.852
Belgian Grand Prix,18.0,HAM,12.609
Belgian Grand Prix,18.0,ALO,23.083
Belgian Grand Prix,18.0,RUS,27.958
Belgian Grand Prix,18.0,NOR,62.131
Belgian Grand Prix,18.0,OCO,36.771
Belgian Grand Prix,18.0,STR,30.511
Belgian Grand Prix,18.0,TSU,32.067
Belgian Grand Prix,18.0,GAS,31.345
Belgian Grand Prix,18.0,BOT,44.346
Belgian Grand Prix,18.0,ZHO,46.036
Belgian Grand Prix,18.0,ALB,38.51
Belgian Grand Prix,18.0,MAG,42.846
Belgian Grand Prix,18.0,RIC,43.603
Belgian Grand Prix,18.0,SAR,53.227
Belgian Grand Prix,18.0,HUL,51.231
Belgian Grand Prix,18.0,SAI,58.74
Belgian Grand Prix,19.0,VER,0.0
Belgian Grand Prix,19.0,PER,3.895
Belgian Grand Prix,19.0,LEC,9.764
Belgian Grand Prix,19.0,HAM,13.606
Belgian Grand Prix,19.0,ALO,24.501
Belgian Grand Prix,19.0,RUS,30.728
Belgian Grand Prix,19.0,NOR,61.904
Belgian Grand Prix,19.0,OCO,40.701
Belgian Grand Prix,19.0,STR,35.455
Belgian Grand Prix,19.0,TSU,35.868
Belgian Grand Prix,19.0,GAS,34.955
Belgian Grand Prix,19.0,BOT,47.497
Belgian Grand Prix,19.0,ZHO,49.596
Belgian Grand Prix,19.0,ALB,41.737
Belgian Grand Prix,19.0,MAG,45.733
Belgian Grand Prix,19.0,RIC,46.648
Belgian Grand Prix,19.0,SAR,55.874
Belgian Grand Prix,19.0,HUL,53.018
Belgian Grand Prix,19.0,SAI,64.325
Belgian Grand Prix,20.0,VER,0.0
Belgian Grand Prix,20.0,PER,3.621
Belgian Grand Prix,20.0,LEC,9.869
Belgian Grand Prix,20.0,HAM,12.978
Belgian Grand Prix,20.0,ALO,24.374
Belgian Grand Prix,20.0,RUS,31.766
Belgian Grand Prix,20.0,NOR,57.916
Belgian Grand Prix,20.0,OCO,41.501
Belgian Grand Prix,20.0,STR,43.394
Belgian Grand Prix,20.0,TSU,36.722
Belgian Grand Prix,20.0,GAS,36.076
Belgian Grand Prix,20.0,BOT,47.29
Belgian Grand Prix,20.0,ZHO,49.314
Belgian Grand Prix,20.0,ALB,42.311
Belgian Grand Prix,20.0,MAG,45.621
Belgian Grand Prix,20.0,RIC,46.587
Belgian Grand Prix,20.0,SAR,55.72
Belgian Grand Prix,20.0,HUL,51.678
Belgian Grand Prix,20.0,SAI,65.018
Belgian Grand Prix,21.0,VER,0.0
Belgian Grand Prix,21.0,PER,4.154
Belgian Grand Prix,21.0,LEC,10.855
Belgian Grand Prix,21.0,HAM,14.365
Belgian Grand Prix,21.0,ALO,25.663
Belgian Grand Prix,21.0,RUS,34.376
Belgian Grand Prix,21.0,NOR,56.77
Belgian Grand Prix,21.0,OCO,42.965
Belgian Grand Prix,21.0,STR,62.129
Belgian Grand Prix,21.0,TSU,38.481
Belgian Grand Prix,21.0,GAS,37.995
Belgian Grand Prix,21.0,BOT,49.459
Belgian Grand Prix,21.0,ZHO,50.21
Belgian Grand Prix,21.0,ALB,43.556
Belgian Grand Prix,21.0,MAG,46.732
Belgian Grand Prix,21.0,RIC,49.026
Belgian Grand Prix,21.0,SAR,56.576
Belgian Grand Prix,21.0,HUL,51.454
Belgian Grand Prix,21.0,SAI,70.265
Belgian Grand Prix,22.0,VER,0.0
Belgian Grand Prix,22.0,PER,5.115
Belgian Grand Prix,22.0,LEC,12.029
Belgian Grand Prix,22.0,HAM,15.539
Belgian Grand Prix,22.0,ALO,27.247
Belgian Grand Prix,22.0,RUS,41.229
Belgian Grand Prix,22.0,NOR,55.17
Belgian Grand Prix,22.0,OCO,44.765
Belgian Grand Prix,22.0,STR,63.216
Belgian Grand Prix,22.0,TSU,40.214
Belgian Grand Prix,22.0,GAS,39.857
Belgian Grand Prix,22.0,BOT,50.353
Belgian Grand Prix,22.0,ZHO,53.632
Belgian Grand Prix,22.0,ALB,43.666
Belgian Grand Prix,22.0,MAG,48.127
Belgian Grand Prix,22.0,RIC,59.276
Belgian Grand Prix,22.0,SAR,56.853
Belgian Grand Prix,22.0,HUL,53.929
Belgian Grand Prix,22.0,SAI,72.889
Belgian Grand Prix,23.0,VER,0.0
Belgian Grand Prix,23.0,PER,5.571
Belgian Grand Prix,23.0,LEC,12.709
Belgian Grand Prix,23.0,HAM,14.93
Belgian Grand Prix,23.0,ALO,28.452
Belgian Grand Prix,23.0,RUS,57.313
Belgian Grand Prix,23.0,NOR,54.843
Belgian Grand Prix,23.0,OCO,46.969
Belgian Grand Prix,23.0,STR,61.705
Belgian Grand Prix,23.0,TSU,42.157
Belgian Grand Prix,23.0,GAS,48.232
Belgian Grand Prix,23.0,BOT,52.038
Belgian Grand Prix,23.0,ZHO,56.407
Belgian Grand Prix,23.0,ALB,50.038
Belgian Grand Prix,23.0,MAG,49.986
Belgian Grand Prix,23.0,RIC,76.206
Belgian Grand Prix,23.0,SAR,58.801
Belgian Grand Prix,23.0,HUL,54.316
Belgian Grand Prix,23.0,SAI,83.347
Belgian Grand Prix,24.0,VER,0.0
Belgian Grand Prix,24.0,PER,6.291
Belgian Grand Prix,24.0,LEC,13.523
Belgian Grand Prix,24.0,HAM,15.932
Belgian Grand Prix,24.0,ALO,29.705
Belgian Grand Prix,24.0,RUS,57.16
Belgian Grand Prix,24.0,NOR,56.706
Belgian Grand Prix,24.0,OCO,49.687
Belgian Grand Prix,24.0,STR,62.155
Belgian Grand Prix,24.0,TSU,49.108
Belgian Grand Prix,24.0,GAS,66.641
Belgian Grand Prix,24.0,BOT,59.086
Belgian Grand Prix,24.0,ZHO,60.027
Belgian Grand Prix,24.0,ALB,65.483
Belgian Grand Prix,24.0,MAG,53.341
Belgian Grand Prix,24.0,RIC,76.929
Belgian Grand Prix,24.0,SAR,66.256
Belgian Grand Prix,24.0,HUL,60.577
Belgian Grand Prix,25.0,VER,0.0
Belgian Grand Prix,25.0,PER,6.877
Belgian Grand Prix,25.0,LEC,14.134
Belgian Grand Prix,25.0,HAM,17.017
Belgian Grand Prix,25.0,ALO,31.316
Belgian Grand Prix,25.0,RUS,56.657
Belgian Grand Prix,25.0,NOR,57.883
Belgian Grand Prix,25.0,OCO,56.101
Belgian Grand Prix,25.0,STR,62.79
Belgian Grand Prix,25.0,TSU,64.718
Belgian Grand Prix,25.0,GAS,66.446
Belgian Grand Prix,25.0,BOT,72.833
Belgian Grand Prix,25.0,ZHO,66.91
Belgian Grand Prix,25.0,ALB,65.809
Belgian Grand Prix,25.0,MAG,60.534
Belgian Grand Prix,25.0,RIC,76.817
Belgian Grand Prix,25.0,SAR,80.276
Belgian Grand Prix,25.0,HUL,77.217
Belgian Grand Prix,26.0,VER,0.0
Belgian Grand Prix,26.0,PER,7.391
Belgian Grand Prix,26.0,LEC,14.507
Belgian Grand Prix,26.0,HAM,18.0
Belgian Grand Prix,26.0,ALO,32.126
Belgian Grand Prix,26.0,RUS,56.704
Belgian Grand Prix,26.0,NOR,58.188
Belgian Grand Prix,26.0,OCO,70.078
Belgian Grand Prix,26.0,STR,62.71
Belgian Grand Prix,26.0,TSU,64.735
Belgian Grand Prix,26.0,GAS,66.578
Belgian Grand Prix,26.0,BOT,71.971
Belgian Grand Prix,26.0,ZHO,81.762
Belgian Grand Prix,26.0,ALB,65.995
Belgian Grand Prix,26.0,MAG,74.772
Belgian Grand Prix,26.0,RIC,77.372
Belgian Grand Prix,26.0,SAR,79.566
Belgian Grand Prix,26.0,HUL,75.747
Belgian Grand Prix,27.0,VER,0.0
Belgian Grand Prix,27.0,PER,8.118
Belgian Grand Prix,27.0,LEC,14.9
Belgian Grand Prix,27.0,HAM,22.62
Belgian Grand Prix,27.0,ALO,33.159
Belgian Grand Prix,27.0,RUS,56.82
Belgian Grand Prix,27.0,NOR,58.505
Belgian Grand Prix,27.0,OCO,69.045
Belgian Grand Prix,27.0,STR,62.945
Belgian Grand Prix,27.0,TSU,65.023
Belgian Grand Prix,27.0,GAS,67.072
Belgian Grand Prix,27.0,BOT,71.63
Belgian Grand Prix,27.0,ZHO,80.478
Belgian Grand Prix,27.0,ALB,66.411
Belgian Grand Prix,27.0,MAG,74.293
Belgian Grand Prix,27.0,RIC,77.467
Belgian Grand Prix,27.0,SAR,79.423
Belgian Grand Prix,27.0,HUL,75.5
Belgian Grand Prix,28.0,VER,0.0
Belgian Grand Prix,28.0,PER,8.87
Belgian Grand Prix,28.0,LEC,19.443
Belgian Grand Prix,28.0,HAM,34.931
Belgian Grand Prix,28.0,ALO,34.677
Belgian Grand Prix,28.0,RUS,57.152
Belgian Grand Prix,28.0,NOR,59.086
Belgian Grand Prix,28.0,OCO,68.409
Belgian Grand Prix,28.0,STR,63.24
Belgian Grand Prix,28.0,TSU,65.558
Belgian Grand Prix,28.0,GAS,67.793
Belgian Grand Prix,28.0,BOT,71.68
Belgian Grand Prix,28.0,ZHO,80.534
Belgian Grand Prix,28.0,ALB,67.077
Belgian Grand Prix,28.0,MAG,74.245
Belgian Grand Prix,28.0,RIC,77.691
Belgian Grand Prix,28.0,SAR,79.834
Belgian Grand Prix,28.0,HUL,75.635
Belgian Grand Prix,29.0,VER,0.0
Belgian Grand Prix,29.0,PER,13.999
Belgian Grand Prix,29.0,LEC,31.729
Belgian Grand Prix,29.0,HAM,33.619
Belgian Grand Prix,29.0,ALO,41.145
Belgian Grand Prix,29.0,RUS,57.37
Belgian Grand Prix,29.0,NOR,59.686
Belgian Grand Prix,29.0,OCO,68.909
Belgian Grand Prix,29.0,STR,63.564
Belgian Grand Prix,29.0,TSU,66.11
Belgian Grand Prix,29.0,GAS,69.541
Belgian Grand Prix,29.0,BOT,71.757
Belgian Grand Prix,29.0,ZHO,80.991
Belgian Grand Prix,29.0,ALB,68.173
Belgian Grand Prix,29.0,MAG,74.454
Belgian Grand Prix,29.0,RIC,78.239
Belgian Grand Prix,29.0,SAR,80.431
Belgian Grand Prix,29.0,HUL,75.884
Belgian Grand Prix,30.0,VER,0.0
Belgian Grand Prix,30.0,PER,22.639
Belgian Grand Prix,30.0,LEC,26.283
Belgian Grand Prix,30.0,HAM,28.66
Belgian Grand Prix,30.0,ALO,51.415
Belgian Grand Prix,30.0,RUS,53.709
Belgian Grand Prix,30.0,NOR,56.093
Belgian Grand Prix,30.0,OCO,64.785
Belgian Grand Prix,30.0,STR,59.717
Belgian Grand Prix,30.0,TSU,62.71
Belgian Grand Prix,30.0,GAS,66.021
Belgian Grand Prix,30.0,BOT,67.779
Belgian Grand Prix,30.0,ZHO,77.929
Belgian Grand Prix,30.0,ALB,65.494
Belgian Grand Prix,30.0,MAG,70.611
Belgian Grand Prix,30.0,RIC,74.332
Belgian Grand Prix,30.0,SAR,77.276
Belgian Grand Prix,30.0,HUL,72.497
Belgian Grand Prix,31.0,VER,0.0
Belgian Grand Prix,31.0,PER,9.362
Belgian Grand Prix,31.0,LEC,13.600999999999999
Belgian Grand Prix,31.0,HAM,16.209
Belgian Grand Prix,31.0,ALO,39.928
Belgian Grand Prix,31.0,RUS,41.929
Belgian Grand Prix,31.0,NOR,44.718
Belgian Grand Prix,31.0,OCO,53.007
Belgian Grand Prix,31.0,STR,48.335
Belgian Grand Prix,31.0,TSU,51.347
Belgian Grand Prix,31.0,GAS,55.302
Belgian Grand Prix,31.0,BOT,56.322
Belgian Grand Prix,31.0,ZHO,66.694
Belgian Grand Prix,31.0,ALB,54.64
Belgian Grand Prix,31.0,MAG,59.567
Belgian Grand Prix,31.0,RIC,62.815
Belgian Grand Prix,31.0,SAR,65.976
Belgian Grand Prix,31.0,HUL,61.5
Belgian Grand Prix,32.0,VER,0.0
Belgian Grand Prix,32.0,PER,11.624
Belgian Grand Prix,32.0,LEC,16.36
Belgian Grand Prix,32.0,HAM,18.222
Belgian Grand Prix,32.0,ALO,42.762
Belgian Grand Prix,32.0,RUS,44.28
Belgian Grand Prix,32.0,NOR,47.71
Belgian Grand Prix,32.0,OCO,55.68
Belgian Grand Prix,32.0,STR,51.631
Belgian Grand Prix,32.0,TSU,54.422
Belgian Grand Prix,32.0,GAS,59.477
Belgian Grand Prix,32.0,BOT,60.298
Belgian Grand Prix,32.0,ZHO,70.019
Belgian Grand Prix,32.0,ALB,60.024
Belgian Grand Prix,32.0,MAG,63.471
Belgian Grand Prix,32.0,RIC,66.312
Belgian Grand Prix,32.0,SAR,69.654
Belgian Grand Prix,32.0,HUL,64.91
Belgian Grand Prix,33.0,VER,0.0
Belgian Grand Prix,33.0,PER,12.478
Belgian Grand Prix,33.0,LEC,16.963
Belgian Grand Prix,33.0,HAM,18.772
Belgian Grand Prix,33.0,ALO,43.131
Belgian Grand Prix,33.0,RUS,45.218
Belgian Grand Prix,33.0,NOR,49.363
Belgian Grand Prix,33.0,OCO,56.958
Belgian Grand Prix,33.0,STR,53.184
Belgian Grand Prix,33.0,TSU,55.969
Belgian Grand Prix,33.0,GAS,61.275
Belgian Grand Prix,33.0,BOT,63.126
Belgian Grand Prix,33.0,ZHO,70.939
Belgian Grand Prix,33.0,ALB,67.175
Belgian Grand Prix,33.0,MAG,65.699
Belgian Grand Prix,33.0,RIC,68.195
Belgian Grand Prix,33.0,SAR,72.624
Belgian Grand Prix,33.0,HUL,66.925
Belgian Grand Prix,34.0,VER,0.0
Belgian Grand Prix,34.0,PER,13.073
Belgian Grand Prix,34.0,LEC,16.897
Belgian Grand Prix,34.0,HAM,19.03
Belgian Grand Prix,34.0,ALO,44.173
Belgian Grand Prix,34.0,RUS,46.176
Belgian Grand Prix,34.0,NOR,50.792
Belgian Grand Prix,34.0,OCO,58.258
Belgian Grand Prix,34.0,STR,54.759
Belgian Grand Prix,34.0,TSU,57.588
Belgian Grand Prix,34.0,GAS,62.729
Belgian Grand Prix,34.0,BOT,64.522
Belgian Grand Prix,34.0,ZHO,72.199
Belgian Grand Prix,34.0,ALB,81.871
Belgian Grand Prix,34.0,MAG,67.696
Belgian Grand Prix,34.0,RIC,70.227
Belgian Grand Prix,34.0,SAR,79.316
Belgian Grand Prix,34.0,HUL,69.189
Belgian Grand Prix,35.0,VER,0.0
Belgian Grand Prix,35.0,PER,13.492
Belgian Grand Prix,35.0,LEC,17.756
Belgian Grand Prix,35.0,HAM,20.272
Belgian Grand Prix,35.0,ALO,45.732
Belgian Grand Prix,35.0,RUS,47.564
Belgian Grand Prix,35.0,NOR,53.12
Belgian Grand Prix,35.0,OCO,60.577
Belgian Grand Prix,35.0,STR,56.609
Belgian Grand Prix,35.0,TSU,59.66
Belgian Grand Prix,35.0,GAS,64.343
Belgian Grand Prix,35.0,BOT,66.526
Belgian Grand Prix,35.0,ZHO,74.298
Belgian Grand Prix,35.0,ALB,81.304
Belgian Grand Prix,35.0,MAG,70.518
Belgian Grand Prix,35.0,RIC,73.21
Belgian Grand Prix,35.0,SAR,93.386
Belgian Grand Prix,35.0,HUL,72.457
Belgian Grand Prix,36.0,VER,0.0
Belgian Grand Prix,36.0,PER,14.212
Belgian Grand Prix,36.0,LEC,18.537
Belgian Grand Prix,36.0,HAM,21.134
Belgian Grand Prix,36.0,ALO,47.036
Belgian Grand Prix,36.0,RUS,49.044
Belgian Grand Prix,36.0,NOR,55.191
Belgian Grand Prix,36.0,OCO,62.748
Belgian Grand Prix,36.0,STR,59.131
Belgian Grand Prix,36.0,TSU,61.615
Belgian Grand Prix,36.0,GAS,66.208
Belgian Grand Prix,36.0,BOT,68.555
Belgian Grand Prix,36.0,ZHO,76.745
Belgian Grand Prix,36.0,ALB,81.762
Belgian Grand Prix,36.0,MAG,73.593
Belgian Grand Prix,36.0,RIC,76.063
Belgian Grand Prix,36.0,SAR,93.26
Belgian Grand Prix,36.0,HUL,75.496
Belgian Grand Prix,37.0,VER,0.0
Belgian Grand Prix,37.0,PER,14.998
Belgian Grand Prix,37.0,LEC,19.518
Belgian Grand Prix,37.0,HAM,22.245
Belgian Grand Prix,37.0,ALO,48.224
Belgian Grand Prix,37.0,RUS,50.617
Belgian Grand Prix,37.0,NOR,57.492
Belgian Grand Prix,37.0,OCO,64.24
Belgian Grand Prix,37.0,STR,61.383
Belgian Grand Prix,37.0,TSU,63.508
Belgian Grand Prix,37.0,GAS,67.793
Belgian Grand Prix,37.0,BOT,70.367
Belgian Grand Prix,37.0,ZHO,79.409
Belgian Grand Prix,37.0,ALB,82.51
Belgian Grand Prix,37.0,MAG,76.689
Belgian Grand Prix,37.0,RIC,78.877
Belgian Grand Prix,37.0,SAR,93.429
Belgian Grand Prix,37.0,HUL,78.198
Belgian Grand Prix,38.0,VER,0.0
Belgian Grand Prix,38.0,PER,16.271
Belgian Grand Prix,38.0,LEC,20.683
Belgian Grand Prix,38.0,HAM,23.207
Belgian Grand Prix,38.0,ALO,49.519
Belgian Grand Prix,38.0,RUS,52.298
Belgian Grand Prix,38.0,NOR,60.004
Belgian Grand Prix,38.0,OCO,65.577
Belgian Grand Prix,38.0,STR,63.551
Belgian Grand Prix,38.0,TSU,66.818
Belgian Grand Prix,38.0,GAS,69.477
Belgian Grand Prix,38.0,BOT,72.297
Belgian Grand Prix,38.0,ZHO,82.708
Belgian Grand Prix,38.0,ALB,83.938
Belgian Grand Prix,38.0,MAG,79.645
Belgian Grand Prix,38.0,RIC,82.191
Belgian Grand Prix,38.0,SAR,94.1
Belgian Grand Prix,38.0,HUL,81.672
Belgian Grand Prix,39.0,VER,0.0
Belgian Grand Prix,39.0,PER,17.275
Belgian Grand Prix,39.0,LEC,21.489
Belgian Grand Prix,39.0,HAM,24.502
Belgian Grand Prix,39.0,ALO,50.62
Belgian Grand Prix,39.0,RUS,54.151
Belgian Grand Prix,39.0,NOR,62.608
Belgian Grand Prix,39.0,OCO,67.333
Belgian Grand Prix,39.0,STR,66.043
Belgian Grand Prix,39.0,TSU,69.172
Belgian Grand Prix,39.0,GAS,71.733
Belgian Grand Prix,39.0,BOT,74.58
Belgian Grand Prix,39.0,ZHO,85.612
Belgian Grand Prix,39.0,ALB,86.743
Belgian Grand Prix,39.0,MAG,82.968
Belgian Grand Prix,39.0,RIC,86.598
Belgian Grand Prix,39.0,SAR,95.5
Belgian Grand Prix,39.0,HUL,85.081
Belgian Grand Prix,40.0,VER,0.0
Belgian Grand Prix,40.0,PER,18.526
Belgian Grand Prix,40.0,LEC,23.255
Belgian Grand Prix,40.0,HAM,26.601
Belgian Grand Prix,40.0,ALO,51.832
Belgian Grand Prix,40.0,RUS,55.841
Belgian Grand Prix,40.0,NOR,65.352
Belgian Grand Prix,40.0,OCO,69.142
Belgian Grand Prix,40.0,STR,68.593
Belgian Grand Prix,40.0,TSU,71.403
Belgian Grand Prix,40.0,GAS,73.75
Belgian Grand Prix,40.0,BOT,76.857
Belgian Grand Prix,40.0,ZHO,87.429
Belgian Grand Prix,40.0,ALB,89.426
Belgian Grand Prix,40.0,MAG,86.499
Belgian Grand Prix,40.0,RIC,90.892
Belgian Grand Prix,40.0,SAR,97.515
Belgian Grand Prix,40.0,HUL,90.274
Belgian Grand Prix,41.0,VER,0.0
Belgian Grand Prix,41.0,PER,19.507
Belgian Grand Prix,41.0,LEC,25.553
Belgian Grand Prix,41.0,HAM,28.443
Belgian Grand Prix,41.0,ALO,53.204
Belgian Grand Prix,41.0,RUS,57.869
Belgian Grand Prix,41.0,NOR,67.826
Belgian Grand Prix,41.0,OCO,70.286
Belgian Grand Prix,41.0,STR,72.055
Belgian Grand Prix,41.0,TSU,73.692
Belgian Grand Prix,41.0,GAS,75.596
Belgian Grand Prix,41.0,BOT,79.266
Belgian Grand Prix,41.0,ZHO,90.583
Belgian Grand Prix,41.0,ALB,91.536
Belgian Grand Prix,41.0,MAG,89.991
Belgian Grand Prix,41.0,RIC,94.305
Belgian Grand Prix,41.0,SAR,99.142
Belgian Grand Prix,41.0,HUL,94.165
Belgian Grand Prix,42.0,VER,0.0
Belgian Grand Prix,42.0,PER,20.56
Belgian Grand Prix,42.0,LEC,26.785
Belgian Grand Prix,42.0,HAM,33.476
Belgian Grand Prix,42.0,ALO,53.955
Belgian Grand Prix,42.0,RUS,59.691
Belgian Grand Prix,42.0,NOR,69.639
Belgian Grand Prix,42.0,OCO,71.809
Belgian Grand Prix,42.0,STR,74.604
Belgian Grand Prix,42.0,TSU,75.872
Belgian Grand Prix,42.0,GAS,77.643
Belgian Grand Prix,42.0,BOT,81.461
Belgian Grand Prix,42.0,ZHO,92.086
Belgian Grand Prix,42.0,ALB,94.267
Belgian Grand Prix,42.0,MAG,95.04
Belgian Grand Prix,42.0,RIC,99.365
Belgian Grand Prix,42.0,SAR,101.319
Belgian Grand Prix,42.0,HUL,100.965
Belgian Grand Prix,43.0,VER,0.0
Belgian Grand Prix,43.0,PER,21.376
Belgian Grand Prix,43.0,LEC,29.132
Belgian Grand Prix,43.0,HAM,52.945
Belgian Grand Prix,43.0,ALO,55.211
Belgian Grand Prix,43.0,RUS,61.668
Belgian Grand Prix,43.0,NOR,71.853
Belgian Grand Prix,43.0,OCO,73.378
Belgian Grand Prix,43.0,STR,77.141
Belgian Grand Prix,43.0,TSU,78.331
Belgian Grand Prix,43.0,GAS,80.57
Belgian Grand Prix,43.0,BOT,83.536
Belgian Grand Prix,43.0,ZHO,94.014
Belgian Grand Prix,43.0,ALB,95.312
Belgian Grand Prix,43.0,MAG,98.895
Belgian Grand Prix,43.0,RIC,101.385
Belgian Grand Prix,43.0,SAR,102.465
Belgian Grand Prix,43.0,HUL,106.184
Belgian Grand Prix,44.0,VER,0.0
Belgian Grand Prix,44.0,PER,22.305
Belgian Grand Prix,44.0,LEC,32.259
Belgian Grand Prix,44.0,HAM,49.671
Belgian Grand Prix,44.0,ALO,56.184
Belgian Grand Prix,44.0,RUS,63.101
Belgian Grand Prix,44.0,NOR,73.719
Belgian Grand Prix,44.0,OCO,74.719
Belgian Grand Prix,44.0,STR,79.34
Belgian Grand Prix,44.0,TSU,80.221
Belgian Grand Prix,44.0,GAS,83.084
Belgian Grand Prix,44.0,BOT,85.191
Belgian Grand Prix,44.0,ZHO,95.441
Belgian Grand Prix,44.0,ALB,96.184
Belgian Grand Prix,44.0,MAG,101.754
Belgian Grand Prix,44.0,RIC,103.071
Belgian Grand Prix,44.0,SAR,104.476
Belgian Grand Prix,44.0,HUL,110.45
Dutch Grand Prix,1.0,VER,0.0
Dutch Grand Prix,1.0,GAS,12.308
Dutch Grand Prix,1.0,PER,8.158
Dutch Grand Prix,1.0,ALO,1.181
Dutch Grand Prix,1.0,LEC,11.216
Dutch Grand Prix,1.0,STR,5.497
Dutch Grand Prix,1.0,SAR,8.283
Dutch Grand Prix,1.0,MAG,20.359
Dutch Grand Prix,1.0,TSU,15.284
Dutch Grand Prix,1.0,ALB,2.699
Dutch Grand Prix,1.0,ZHO,13.884
Dutch Grand Prix,1.0,HUL,6.519
Dutch Grand Prix,1.0,OCO,7.49
Dutch Grand Prix,1.0,NOR,0.65
Dutch Grand Prix,1.0,LAW,18.867
Dutch Grand Prix,1.0,HAM,7.224
Dutch Grand Prix,1.0,SAI,3.109
Dutch Grand Prix,1.0,RUS,3.811
Dutch Grand Prix,1.0,BOT,6.227
Dutch Grand Prix,1.0,PIA,3.993
Dutch Grand Prix,2.0,VER,1.474
Dutch Grand Prix,2.0,GAS,18.267
Dutch Grand Prix,2.0,PER,9.273
Dutch Grand Prix,2.0,ALO,2.828
Dutch Grand Prix,2.0,LEC,21.687
Dutch Grand Prix,2.0,STR,7.24
Dutch Grand Prix,2.0,SAR,13.229
Dutch Grand Prix,2.0,MAG,30.173
Dutch Grand Prix,2.0,TSU,25.631
Dutch Grand Prix,2.0,ALB,2.3810000000000002
Dutch Grand Prix,2.0,ZHO,17.992
Dutch Grand Prix,2.0,HUL,9.225
Dutch Grand Prix,2.0,OCO,15.967
Dutch Grand Prix,2.0,NOR,0.0
Dutch Grand Prix,2.0,LAW,40.332
Dutch Grand Prix,2.0,HAM,13.076
Dutch Grand Prix,2.0,SAI,7.728
Dutch Grand Prix,2.0,RUS,2.474
Dutch Grand Prix,2.0,BOT,8.641
Dutch Grand Prix,2.0,PIA,4.604
Dutch Grand Prix,3.0,VER,13.337
Dutch Grand Prix,3.0,GAS,12.938
Dutch Grand Prix,3.0,PER,0.0
Dutch Grand Prix,3.0,ALO,15.39
Dutch Grand Prix,3.0,LEC,15.173
Dutch Grand Prix,3.0,STR,22.475
Dutch Grand Prix,3.0,SAR,32.622
Dutch Grand Prix,3.0,MAG,21.576
Dutch Grand Prix,3.0,TSU,18.583
Dutch Grand Prix,3.0,ALB,15.822
Dutch Grand Prix,3.0,ZHO,11.123
Dutch Grand Prix,3.0,HUL,24.622
Dutch Grand Prix,3.0,OCO,29.267
Dutch Grand Prix,3.0,NOR,18.349
Dutch Grand Prix,3.0,LAW,30.355
Dutch Grand Prix,3.0,HAM,35.296
Dutch Grand Prix,3.0,SAI,19.158
Dutch Grand Prix,3.0,RUS,12.589
Dutch Grand Prix,3.0,BOT,24.17
Dutch Grand Prix,3.0,PIA,17.285
Dutch Grand Prix,4.0,VER,14.246
Dutch Grand Prix,4.0,GAS,13.604
Dutch Grand Prix,4.0,PER,0.0
Dutch Grand Prix,4.0,ALO,17.273
Dutch Grand Prix,4.0,LEC,16.683
Dutch Grand Prix,4.0,STR,52.174
Dutch Grand Prix,4.0,SAR,56.967
Dutch Grand Prix,4.0,MAG,24.531
Dutch Grand Prix,4.0,TSU,23.314
Dutch Grand Prix,4.0,ALB,39.821
Dutch Grand Prix,4.0,ZHO,12.067
Dutch Grand Prix,4.0,HUL,48.733
Dutch Grand Prix,4.0,OCO,31.854
Dutch Grand Prix,4.0,NOR,41.544
Dutch Grand Prix,4.0,LAW,34.456
Dutch Grand Prix,4.0,HAM,54.252
Dutch Grand Prix,4.0,SAI,20.55
Dutch Grand Prix,4.0,RUS,38.028
Dutch Grand Prix,4.0,BOT,48.074
Dutch Grand Prix,4.0,PIA,40.612
Dutch Grand Prix,5.0,VER,13.607
Dutch Grand Prix,5.0,GAS,13.338
Dutch Grand Prix,5.0,PER,0.0
Dutch Grand Prix,5.0,ALO,18.105
Dutch Grand Prix,5.0,LEC,17.558
Dutch Grand Prix,5.0,STR,71.979
Dutch Grand Prix,5.0,SAR,75.883
Dutch Grand Prix,5.0,MAG,24.698
Dutch Grand Prix,5.0,TSU,24.034
Dutch Grand Prix,5.0,ALB,56.998
Dutch Grand Prix,5.0,ZHO,11.943999999999999
Dutch Grand Prix,5.0,HUL,64.239
Dutch Grand Prix,5.0,OCO,31.134
Dutch Grand Prix,5.0,NOR,41.13
Dutch Grand Prix,5.0,LAW,35.435
Dutch Grand Prix,5.0,HAM,56.2
Dutch Grand Prix,5.0,SAI,20.406
Dutch Grand Prix,5.0,RUS,61.076
Dutch Grand Prix,5.0,BOT,62.834
Dutch Grand Prix,5.0,PIA,57.411
Dutch Grand Prix,6.0,VER,11.718
Dutch Grand Prix,6.0,GAS,13.866
Dutch Grand Prix,6.0,PER,0.0
Dutch Grand Prix,6.0,ALO,17.688
Dutch Grand Prix,6.0,LEC,18.823
Dutch Grand Prix,6.0,STR,72.141
Dutch Grand Prix,6.0,SAR,89.87
Dutch Grand Prix,6.0,MAG,25.972
Dutch Grand Prix,6.0,TSU,24.48
Dutch Grand Prix,6.0,ALB,67.057
Dutch Grand Prix,6.0,ZHO,11.074
Dutch Grand Prix,6.0,HUL,72.295
Dutch Grand Prix,6.0,OCO,30.791
Dutch Grand Prix,6.0,NOR,39.141
Dutch Grand Prix,6.0,LAW,35.839
Dutch Grand Prix,6.0,HAM,56.134
Dutch Grand Prix,6.0,SAI,20.311
Dutch Grand Prix,6.0,RUS,61.054
Dutch Grand Prix,6.0,BOT,70.91
Dutch Grand Prix,6.0,PIA,68.183
Dutch Grand Prix,7.0,VER,7.489
Dutch Grand Prix,7.0,GAS,11.411
Dutch Grand Prix,7.0,PER,0.0
Dutch Grand Prix,7.0,ALO,14.525
Dutch Grand Prix,7.0,LEC,17.296
Dutch Grand Prix,7.0,STR,72.4
Dutch Grand Prix,7.0,SAR,97.49
Dutch Grand Prix,7.0,MAG,25.746
Dutch Grand Prix,7.0,TSU,23.174
Dutch Grand Prix,7.0,ALB,67.452
Dutch Grand Prix,7.0,ZHO,10.178
Dutch Grand Prix,7.0,HUL,73.711
Dutch Grand Prix,7.0,OCO,28.283
Dutch Grand Prix,7.0,NOR,35.844
Dutch Grand Prix,7.0,LAW,34.864
Dutch Grand Prix,7.0,HAM,54.632
Dutch Grand Prix,7.0,SAI,18.107
Dutch Grand Prix,7.0,RUS,59.555
Dutch Grand Prix,7.0,BOT,72.084
Dutch Grand Prix,7.0,PIA,69.492
Dutch Grand Prix,8.0,VER,6.122
Dutch Grand Prix,8.0,GAS,11.157
Dutch Grand Prix,8.0,PER,0.0
Dutch Grand Prix,8.0,ALO,13.682
Dutch Grand Prix,8.0,LEC,17.761
Dutch Grand Prix,8.0,STR,71.583
Dutch Grand Prix,8.0,SAR,102.769
Dutch Grand Prix,8.0,MAG,26.103
Dutch Grand Prix,8.0,TSU,24.469
Dutch Grand Prix,8.0,ALB,65.212
Dutch Grand Prix,8.0,ZHO,10.463
Dutch Grand Prix,8.0,HUL,74.381
Dutch Grand Prix,8.0,OCO,28.075
Dutch Grand Prix,8.0,NOR,36.481
Dutch Grand Prix,8.0,LAW,36.163
Dutch Grand Prix,8.0,HAM,54.324
Dutch Grand Prix,8.0,SAI,18.569
Dutch Grand Prix,8.0,RUS,59.918
Dutch Grand Prix,8.0,BOT,71.207
Dutch Grand Prix,8.0,PIA,67.366
Dutch Grand Prix,9.0,VER,4.9399999999999995
Dutch Grand Prix,9.0,GAS,11.68
Dutch Grand Prix,9.0,PER,0.0
Dutch Grand Prix,9.0,ALO,13.512
Dutch Grand Prix,9.0,LEC,20.724
Dutch Grand Prix,9.0,STR,76.195
Dutch Grand Prix,9.0,SAR,102.534
Dutch Grand Prix,9.0,MAG,30.647
Dutch Grand Prix,9.0,TSU,25.555
Dutch Grand Prix,9.0,ALB,60.5
Dutch Grand Prix,9.0,ZHO,11.172
Dutch Grand Prix,9.0,HUL,72.547
Dutch Grand Prix,9.0,OCO,28.587
Dutch Grand Prix,9.0,NOR,36.378
Dutch Grand Prix,9.0,LAW,39.085
Dutch Grand Prix,9.0,HAM,58.272
Dutch Grand Prix,9.0,SAI,19.23
Dutch Grand Prix,9.0,RUS,60.033
Dutch Grand Prix,9.0,BOT,68.168
Dutch Grand Prix,9.0,PIA,61.932
Dutch Grand Prix,10.0,VER,4.055
Dutch Grand Prix,10.0,GAS,12.321
Dutch Grand Prix,10.0,PER,0.0
Dutch Grand Prix,10.0,ALO,17.262
Dutch Grand Prix,10.0,LEC,22.397
Dutch Grand Prix,10.0,STR,94.246
Dutch Grand Prix,10.0,SAR,99.032
Dutch Grand Prix,10.0,MAG,48.087
Dutch Grand Prix,10.0,TSU,31.436
Dutch Grand Prix,10.0,ALB,56.3
Dutch Grand Prix,10.0,ZHO,15.724
Dutch Grand Prix,10.0,HUL,67.026
Dutch Grand Prix,10.0,OCO,33.444
Dutch Grand Prix,10.0,NOR,40.301
Dutch Grand Prix,10.0,LAW,44.696
Dutch Grand Prix,10.0,HAM,73.427
Dutch Grand Prix,10.0,SAI,23.228
Dutch Grand Prix,10.0,RUS,64.587
Dutch Grand Prix,10.0,BOT,63.472
Dutch Grand Prix,10.0,PIA,55.936
Dutch Grand Prix,11.0,VER,5.965
Dutch Grand Prix,11.0,GAS,15.542
Dutch Grand Prix,11.0,PER,0.0
Dutch Grand Prix,11.0,ALO,32.22
Dutch Grand Prix,11.0,LEC,28.182
Dutch Grand Prix,11.0,STR,88.879
Dutch Grand Prix,11.0,SAR,93.722
Dutch Grand Prix,11.0,MAG,43.158
Dutch Grand Prix,11.0,TSU,46.611
Dutch Grand Prix,11.0,ALB,49.052
Dutch Grand Prix,11.0,ZHO,35.32
Dutch Grand Prix,11.0,HUL,60.315
Dutch Grand Prix,11.0,OCO,47.628
Dutch Grand Prix,11.0,NOR,53.304
Dutch Grand Prix,11.0,LAW,70.505
Dutch Grand Prix,11.0,HAM,67.222
Dutch Grand Prix,11.0,SAI,36.948
Dutch Grand Prix,11.0,RUS,78.347
Dutch Grand Prix,11.0,BOT,57.307
Dutch Grand Prix,11.0,PIA,47.699
Dutch Grand Prix,12.0,VER,15.56
Dutch Grand Prix,12.0,GAS,25.239
Dutch Grand Prix,12.0,PER,0.0
Dutch Grand Prix,12.0,ALO,21.76
Dutch Grand Prix,12.0,LEC,46.943
Dutch Grand Prix,12.0,STR,78.025
Dutch Grand Prix,12.0,SAR,83.971
Dutch Grand Prix,12.0,MAG,33.138
Dutch Grand Prix,12.0,TSU,36.384
Dutch Grand Prix,12.0,ALB,37.715
Dutch Grand Prix,12.0,ZHO,26.514
Dutch Grand Prix,12.0,HUL,49.482
Dutch Grand Prix,12.0,OCO,37.235
Dutch Grand Prix,12.0,NOR,41.519
Dutch Grand Prix,12.0,LAW,60.9
Dutch Grand Prix,12.0,HAM,57.38
Dutch Grand Prix,12.0,SAI,26.506
Dutch Grand Prix,12.0,RUS,67.812
Dutch Grand Prix,12.0,BOT,47.775
Dutch Grand Prix,12.0,PIA,36.36
Dutch Grand Prix,13.0,VER,0.0
Dutch Grand Prix,13.0,GAS,8.055
Dutch Grand Prix,13.0,PER,3.84
Dutch Grand Prix,13.0,ALO,5.068
Dutch Grand Prix,13.0,LEC,30.757
Dutch Grand Prix,13.0,STR,61.981
Dutch Grand Prix,13.0,SAR,67.035
Dutch Grand Prix,13.0,MAG,16.766
Dutch Grand Prix,13.0,TSU,19.858
Dutch Grand Prix,13.0,ALB,20.462
Dutch Grand Prix,13.0,ZHO,10.786
Dutch Grand Prix,13.0,HUL,32.788
Dutch Grand Prix,13.0,OCO,19.996
Dutch Grand Prix,13.0,NOR,23.384
Dutch Grand Prix,13.0,LAW,44.995
Dutch Grand Prix,13.0,HAM,39.932
Dutch Grand Prix,13.0,SAI,8.643
Dutch Grand Prix,13.0,RUS,50.527
Dutch Grand Prix,13.0,BOT,31.538
Dutch Grand Prix,13.0,PIA,18.559
Dutch Grand Prix,14.0,VER,0.0
Dutch Grand Prix,14.0,GAS,7.7059999999999995
Dutch Grand Prix,14.0,PER,3.166
Dutch Grand Prix,14.0,ALO,4.931
Dutch Grand Prix,14.0,LEC,31.044
Dutch Grand Prix,14.0,STR,62.545
Dutch Grand Prix,14.0,SAR,67.309
Dutch Grand Prix,14.0,MAG,16.973
Dutch Grand Prix,14.0,TSU,19.527
Dutch Grand Prix,14.0,ALB,20.227
Dutch Grand Prix,14.0,ZHO,11.255
Dutch Grand Prix,14.0,HUL,33.076
Dutch Grand Prix,14.0,OCO,19.667
Dutch Grand Prix,14.0,NOR,22.064
Dutch Grand Prix,14.0,LAW,45.706
Dutch Grand Prix,14.0,HAM,38.802
Dutch Grand Prix,14.0,SAI,7.875
Dutch Grand Prix,14.0,RUS,50.081
Dutch Grand Prix,14.0,BOT,31.855
Dutch Grand Prix,14.0,PIA,17.05
Dutch Grand Prix,15.0,VER,0.0
Dutch Grand Prix,15.0,GAS,7.763
Dutch Grand Prix,15.0,PER,3.317
Dutch Grand Prix,15.0,ALO,5.416
Dutch Grand Prix,15.0,LEC,31.735
Dutch Grand Prix,15.0,STR,64.135
Dutch Grand Prix,15.0,SAR,3980.34
Dutch Grand Prix,15.0,MAG,18.388
Dutch Grand Prix,15.0,TSU,21.758
Dutch Grand Prix,15.0,ALB,20.841
Dutch Grand Prix,15.0,ZHO,12.165
Dutch Grand Prix,15.0,HUL,33.436
Dutch Grand Prix,15.0,OCO,20.71
Dutch Grand Prix,15.0,NOR,22.063
Dutch Grand Prix,15.0,LAW,46.249
Dutch Grand Prix,15.0,HAM,37.777
Dutch Grand Prix,15.0,SAI,8.071
Dutch Grand Prix,15.0,RUS,49.557
Dutch Grand Prix,15.0,BOT,32.032
Dutch Grand Prix,15.0,PIA,22.825
Dutch Grand Prix,16.0,VER,0.0
Dutch Grand Prix,16.0,GAS,7.425
Dutch Grand Prix,16.0,PER,2.182
Dutch Grand Prix,16.0,ALO,6.316
Dutch Grand Prix,16.0,LEC,42.128
Dutch Grand Prix,16.0,STR,90.924
Dutch Grand Prix,16.0,MAG,25.732
Dutch Grand Prix,16.0,TSU,31.85
Dutch Grand Prix,16.0,ALB,28.45
Dutch Grand Prix,16.0,ZHO,14.11
Dutch Grand Prix,16.0,HUL,47.714
Dutch Grand Prix,16.0,OCO,30.099
Dutch Grand Prix,16.0,NOR,34.591
Dutch Grand Prix,16.0,LAW,65.519
Dutch Grand Prix,16.0,HAM,49.876
Dutch Grand Prix,16.0,SAI,9.455
Dutch Grand Prix,16.0,RUS,70.536
Dutch Grand Prix,16.0,BOT,46.638
Dutch Grand Prix,16.0,PIA,55.123
Dutch Grand Prix,17.0,VER,0.0
Dutch Grand Prix,17.0,GAS,4.602
Dutch Grand Prix,17.0,PER,1.014
Dutch Grand Prix,17.0,ALO,2.3970000000000002
Dutch Grand Prix,17.0,LEC,33.756
Dutch Grand Prix,17.0,STR,96.313
Dutch Grand Prix,17.0,MAG,15.651
Dutch Grand Prix,17.0,TSU,22.069
Dutch Grand Prix,17.0,ALB,18.969
Dutch Grand Prix,17.0,ZHO,7.533
Dutch Grand Prix,17.0,HUL,53.398
Dutch Grand Prix,17.0,OCO,20.594
Dutch Grand Prix,17.0,NOR,25.152
Dutch Grand Prix,17.0,LAW,57.897
Dutch Grand Prix,17.0,HAM,39.997
Dutch Grand Prix,17.0,SAI,5.735
Dutch Grand Prix,17.0,RUS,74.581
Dutch Grand Prix,17.0,BOT,52.186
Dutch Grand Prix,17.0,PIA,45.72
Dutch Grand Prix,18.0,VER,0.0
Dutch Grand Prix,18.0,GAS,4.067
Dutch Grand Prix,18.0,PER,1.067
Dutch Grand Prix,18.0,ALO,2.436
Dutch Grand Prix,18.0,LEC,12.223
Dutch Grand Prix,18.0,STR,52.334
Dutch Grand Prix,18.0,MAG,6.892
Dutch Grand Prix,18.0,TSU,10.051
Dutch Grand Prix,18.0,ALB,7.8629999999999995
Dutch Grand Prix,18.0,ZHO,5.75
Dutch Grand Prix,18.0,HUL,18.022
Dutch Grand Prix,18.0,OCO,8.829
Dutch Grand Prix,18.0,NOR,11.082
Dutch Grand Prix,18.0,LAW,39.378
Dutch Grand Prix,18.0,HAM,13.608
Dutch Grand Prix,18.0,SAI,4.787
Dutch Grand Prix,18.0,RUS,30.898
Dutch Grand Prix,18.0,BOT,16.162
Dutch Grand Prix,18.0,PIA,14.984
Dutch Grand Prix,19.0,VER,0.0
Dutch Grand Prix,19.0,GAS,3.899
Dutch Grand Prix,19.0,PER,0.497
Dutch Grand Prix,19.0,ALO,1.669
Dutch Grand Prix,19.0,LEC,15.397
Dutch Grand Prix,19.0,STR,28.975
Dutch Grand Prix,19.0,MAG,7.32
Dutch Grand Prix,19.0,TSU,11.189
Dutch Grand Prix,19.0,ALB,8.06
Dutch Grand Prix,19.0,ZHO,6.254
Dutch Grand Prix,19.0,HUL,22.056
Dutch Grand Prix,19.0,OCO,9.345
Dutch Grand Prix,19.0,NOR,12.611
Dutch Grand Prix,19.0,LAW,27.942
Dutch Grand Prix,19.0,HAM,16.405
Dutch Grand Prix,19.0,SAI,5.376
Dutch Grand Prix,19.0,RUS,26.579
Dutch Grand Prix,19.0,BOT,20.6
Dutch Grand Prix,19.0,PIA,18.724
Dutch Grand Prix,20.0,VER,0.0
Dutch Grand Prix,20.0,GAS,4.371
Dutch Grand Prix,20.0,PER,1.241
Dutch Grand Prix,20.0,ALO,2.455
Dutch Grand Prix,20.0,LEC,14.276
Dutch Grand Prix,20.0,STR,23.603
Dutch Grand Prix,20.0,MAG,8.473
Dutch Grand Prix,20.0,TSU,11.683
Dutch Grand Prix,20.0,ALB,9.437
Dutch Grand Prix,20.0,ZHO,7.093
Dutch Grand Prix,20.0,HUL,18.222
Dutch Grand Prix,20.0,OCO,10.598
Dutch Grand Prix,20.0,NOR,13.207
Dutch Grand Prix,20.0,LAW,22.777
Dutch Grand Prix,20.0,HAM,15.897
Dutch Grand Prix,20.0,SAI,6.032
Dutch Grand Prix,20.0,RUS,22.598
Dutch Grand Prix,20.0,BOT,17.632
Dutch Grand Prix,20.0,PIA,16.48
Dutch Grand Prix,21.0,VER,0.0
Dutch Grand Prix,21.0,GAS,1.21
Dutch Grand Prix,21.0,PER,0.546
Dutch Grand Prix,21.0,ALO,0.718
Dutch Grand Prix,21.0,LEC,4.319
Dutch Grand Prix,21.0,STR,9.425
Dutch Grand Prix,21.0,MAG,2.93
Dutch Grand Prix,21.0,TSU,3.851
Dutch Grand Prix,21.0,ALB,2.991
Dutch Grand Prix,21.0,ZHO,2.58
Dutch Grand Prix,21.0,HUL,7.615
Dutch Grand Prix,21.0,OCO,3.291
Dutch Grand Prix,21.0,NOR,4.047
Dutch Grand Prix,21.0,LAW,9.158
Dutch Grand Prix,21.0,HAM,5.167
Dutch Grand Prix,21.0,SAI,1.238
Dutch Grand Prix,21.0,RUS,10.581
Dutch Grand Prix,21.0,BOT,6.143
Dutch Grand Prix,21.0,PIA,5.642
Dutch Grand Prix,22.0,VER,0.0
Dutch Grand Prix,22.0,GAS,2.382
Dutch Grand Prix,22.0,PER,1.23
Dutch Grand Prix,22.0,ALO,1.895
Dutch Grand Prix,22.0,LEC,7.386
Dutch Grand Prix,22.0,STR,12.113
Dutch Grand Prix,22.0,MAG,5.287
Dutch Grand Prix,22.0,TSU,6.628
Dutch Grand Prix,22.0,ALB,5.338
Dutch Grand Prix,22.0,ZHO,4.559
Dutch Grand Prix,22.0,HUL,9.886
Dutch Grand Prix,22.0,OCO,6.006
Dutch Grand Prix,22.0,NOR,6.802
Dutch Grand Prix,22.0,LAW,11.37
Dutch Grand Prix,22.0,HAM,8.005
Dutch Grand Prix,22.0,SAI,2.653
Dutch Grand Prix,22.0,RUS,12.783
Dutch Grand Prix,22.0,BOT,8.634
Dutch Grand Prix,22.0,PIA,9.619
Dutch Grand Prix,23.0,VER,0.0
Dutch Grand Prix,23.0,GAS,3.151
Dutch Grand Prix,23.0,PER,1.596
Dutch Grand Prix,23.0,ALO,2.491
Dutch Grand Prix,23.0,LEC,9.568
Dutch Grand Prix,23.0,STR,13.967
Dutch Grand Prix,23.0,MAG,7.554
Dutch Grand Prix,23.0,TSU,8.359
Dutch Grand Prix,23.0,ALB,6.296
Dutch Grand Prix,23.0,ZHO,5.824
Dutch Grand Prix,23.0,HUL,11.863
Dutch Grand Prix,23.0,OCO,7.78
Dutch Grand Prix,23.0,NOR,9.159
Dutch Grand Prix,23.0,LAW,13.639
Dutch Grand Prix,23.0,HAM,10.206
Dutch Grand Prix,23.0,SAI,3.782
Dutch Grand Prix,23.0,RUS,14.572
Dutch Grand Prix,23.0,BOT,10.572
Dutch Grand Prix,23.0,PIA,11.294
Dutch Grand Prix,24.0,VER,0.0
Dutch Grand Prix,24.0,GAS,3.634
Dutch Grand Prix,24.0,PER,1.613
Dutch Grand Prix,24.0,ALO,2.891
Dutch Grand Prix,24.0,LEC,11.554
Dutch Grand Prix,24.0,STR,15.551
Dutch Grand Prix,24.0,MAG,9.635
Dutch Grand Prix,24.0,TSU,10.042
Dutch Grand Prix,24.0,ALB,7.553
Dutch Grand Prix,24.0,ZHO,7.353
Dutch Grand Prix,24.0,HUL,13.461
Dutch Grand Prix,24.0,OCO,8.74
Dutch Grand Prix,24.0,NOR,10.792
Dutch Grand Prix,24.0,LAW,15.482
Dutch Grand Prix,24.0,HAM,12.034
Dutch Grand Prix,24.0,SAI,4.337
Dutch Grand Prix,24.0,RUS,16.125
Dutch Grand Prix,24.0,BOT,12.692
Dutch Grand Prix,24.0,PIA,12.914
Dutch Grand Prix,25.0,VER,0.0
Dutch Grand Prix,25.0,GAS,4.3469999999999995
Dutch Grand Prix,25.0,PER,2.124
Dutch Grand Prix,25.0,ALO,3.281
Dutch Grand Prix,25.0,LEC,13.753
Dutch Grand Prix,25.0,STR,16.898
Dutch Grand Prix,25.0,MAG,11.32
Dutch Grand Prix,25.0,TSU,11.592
Dutch Grand Prix,25.0,ALB,8.117
Dutch Grand Prix,25.0,ZHO,9.44
Dutch Grand Prix,25.0,HUL,15.39
Dutch Grand Prix,25.0,OCO,9.811
Dutch Grand Prix,25.0,NOR,12.491
Dutch Grand Prix,25.0,LAW,17.959
Dutch Grand Prix,25.0,HAM,13.972
Dutch Grand Prix,25.0,SAI,4.99
Dutch Grand Prix,25.0,RUS,18.344
Dutch Grand Prix,25.0,BOT,14.865
Dutch Grand Prix,25.0,PIA,14.65
Dutch Grand Prix,26.0,VER,0.0
Dutch Grand Prix,26.0,GAS,5.068
Dutch Grand Prix,26.0,PER,2.8449999999999998
Dutch Grand Prix,26.0,ALO,3.507
Dutch Grand Prix,26.0,LEC,17.14
Dutch Grand Prix,26.0,STR,18.806
Dutch Grand Prix,26.0,MAG,12.661
Dutch Grand Prix,26.0,TSU,12.864
Dutch Grand Prix,26.0,ALB,8.849
Dutch Grand Prix,26.0,ZHO,10.962
Dutch Grand Prix,26.0,HUL,17.807
Dutch Grand Prix,26.0,OCO,11.192
Dutch Grand Prix,26.0,NOR,13.728
Dutch Grand Prix,26.0,LAW,20.043
Dutch Grand Prix,26.0,HAM,14.556000000000001
Dutch Grand Prix,26.0,SAI,6.206
Dutch Grand Prix,26.0,RUS,20.559
Dutch Grand Prix,26.0,BOT,17.678
Dutch Grand Prix,26.0,PIA,16.546
Dutch Grand Prix,27.0,VER,0.0
Dutch Grand Prix,27.0,GAS,5.775
Dutch Grand Prix,27.0,PER,3.123
Dutch Grand Prix,27.0,ALO,3.77
Dutch Grand Prix,27.0,LEC,19.017
Dutch Grand Prix,27.0,STR,21.082
Dutch Grand Prix,27.0,MAG,14.713
Dutch Grand Prix,27.0,TSU,14.126
Dutch Grand Prix,27.0,ALB,9.922
Dutch Grand Prix,27.0,ZHO,12.981
Dutch Grand Prix,27.0,HUL,19.314
Dutch Grand Prix,27.0,OCO,11.854
Dutch Grand Prix,27.0,NOR,14.844
Dutch Grand Prix,27.0,LAW,21.916
Dutch Grand Prix,27.0,HAM,15.549
Dutch Grand Prix,27.0,SAI,7.144
Dutch Grand Prix,27.0,RUS,22.549
Dutch Grand Prix,27.0,BOT,19.803
Dutch Grand Prix,27.0,PIA,17.518
Dutch Grand Prix,28.0,VER,0.0
Dutch Grand Prix,28.0,GAS,6.177
Dutch Grand Prix,28.0,PER,3.401
Dutch Grand Prix,28.0,ALO,4.644
Dutch Grand Prix,28.0,LEC,20.949
Dutch Grand Prix,28.0,STR,23.132
Dutch Grand Prix,28.0,MAG,17.389
Dutch Grand Prix,28.0,TSU,15.279
Dutch Grand Prix,28.0,ALB,10.875
Dutch Grand Prix,28.0,ZHO,14.618
Dutch Grand Prix,28.0,HUL,21.364
Dutch Grand Prix,28.0,OCO,12.996
Dutch Grand Prix,28.0,NOR,15.927
Dutch Grand Prix,28.0,LAW,23.942
Dutch Grand Prix,28.0,HAM,17.393
Dutch Grand Prix,28.0,SAI,7.789
Dutch Grand Prix,28.0,RUS,24.5
Dutch Grand Prix,28.0,BOT,21.773
Dutch Grand Prix,28.0,PIA,18.951999999999998
Dutch Grand Prix,29.0,VER,0.0
Dutch Grand Prix,29.0,GAS,6.89
Dutch Grand Prix,29.0,PER,3.656
Dutch Grand Prix,29.0,ALO,5.603
Dutch Grand Prix,29.0,LEC,22.993
Dutch Grand Prix,29.0,STR,25.325
Dutch Grand Prix,29.0,MAG,20.137
Dutch Grand Prix,29.0,TSU,16.363
Dutch Grand Prix,29.0,ALB,11.801
Dutch Grand Prix,29.0,ZHO,15.957
Dutch Grand Prix,29.0,HUL,23.287
Dutch Grand Prix,29.0,OCO,14.194
Dutch Grand Prix,29.0,NOR,17.66
Dutch Grand Prix,29.0,LAW,26.161
Dutch Grand Prix,29.0,HAM,18.313
Dutch Grand Prix,29.0,SAI,8.632
Dutch Grand Prix,29.0,RUS,26.719
Dutch Grand Prix,29.0,BOT,24.063
Dutch Grand Prix,29.0,PIA,20.379
Dutch Grand Prix,30.0,VER,0.0
Dutch Grand Prix,30.0,GAS,7.475
Dutch Grand Prix,30.0,PER,3.722
Dutch Grand Prix,30.0,ALO,6.014
Dutch Grand Prix,30.0,LEC,26.057
Dutch Grand Prix,30.0,STR,27.399
Dutch Grand Prix,30.0,MAG,21.919
Dutch Grand Prix,30.0,TSU,17.714
Dutch Grand Prix,30.0,ALB,12.693
Dutch Grand Prix,30.0,ZHO,17.433
Dutch Grand Prix,30.0,HUL,24.784
Dutch Grand Prix,30.0,OCO,15.028
Dutch Grand Prix,30.0,NOR,18.522
Dutch Grand Prix,30.0,LAW,28.384
Dutch Grand Prix,30.0,HAM,19.203
Dutch Grand Prix,30.0,SAI,9.164
Dutch Grand Prix,30.0,RUS,28.983
Dutch Grand Prix,30.0,BOT,26.268
Dutch Grand Prix,30.0,PIA,21.509
Dutch Grand Prix,31.0,VER,0.0
Dutch Grand Prix,31.0,GAS,7.982
Dutch Grand Prix,31.0,PER,3.858
Dutch Grand Prix,31.0,ALO,6.55
Dutch Grand Prix,31.0,LEC,28.057
Dutch Grand Prix,31.0,STR,29.527
Dutch Grand Prix,31.0,MAG,23.815
Dutch Grand Prix,31.0,TSU,19.29
Dutch Grand Prix,31.0,ALB,13.307
Dutch Grand Prix,31.0,ZHO,19.798000000000002
Dutch Grand Prix,31.0,HUL,26.737
Dutch Grand Prix,31.0,OCO,15.935
Dutch Grand Prix,31.0,NOR,19.974
Dutch Grand Prix,31.0,LAW,30.406
Dutch Grand Prix,31.0,HAM,20.635
Dutch Grand Prix,31.0,SAI,9.657
Dutch Grand Prix,31.0,RUS,30.974
Dutch Grand Prix,31.0,BOT,28.458
Dutch Grand Prix,31.0,PIA,22.58
Dutch Grand Prix,32.0,VER,0.0
Dutch Grand Prix,32.0,GAS,8.934
Dutch Grand Prix,32.0,PER,4.208
Dutch Grand Prix,32.0,ALO,7.418
Dutch Grand Prix,32.0,LEC,30.075
Dutch Grand Prix,32.0,STR,31.548000000000002
Dutch Grand Prix,32.0,MAG,25.363
Dutch Grand Prix,32.0,TSU,20.554
Dutch Grand Prix,32.0,ALB,14.041
Dutch Grand Prix,32.0,ZHO,22.406
Dutch Grand Prix,32.0,HUL,28.264
Dutch Grand Prix,32.0,OCO,16.922
Dutch Grand Prix,32.0,NOR,20.976
Dutch Grand Prix,32.0,LAW,32.258
Dutch Grand Prix,32.0,HAM,22.439
Dutch Grand Prix,32.0,SAI,10.349
Dutch Grand Prix,32.0,RUS,33.085
Dutch Grand Prix,32.0,BOT,30.473
Dutch Grand Prix,32.0,PIA,23.547
Dutch Grand Prix,33.0,VER,0.0
Dutch Grand Prix,33.0,GAS,9.564
Dutch Grand Prix,33.0,PER,4.481
Dutch Grand Prix,33.0,ALO,7.918
Dutch Grand Prix,33.0,LEC,32.01
Dutch Grand Prix,33.0,STR,33.992
Dutch Grand Prix,33.0,MAG,27.056
Dutch Grand Prix,33.0,TSU,21.626
Dutch Grand Prix,33.0,ALB,15.035
Dutch Grand Prix,33.0,ZHO,24.894
Dutch Grand Prix,33.0,HUL,29.77
Dutch Grand Prix,33.0,OCO,17.803
Dutch Grand Prix,33.0,NOR,22.007
Dutch Grand Prix,33.0,LAW,34.463
Dutch Grand Prix,33.0,HAM,23.57
Dutch Grand Prix,33.0,SAI,11.238
Dutch Grand Prix,33.0,RUS,34.774
Dutch Grand Prix,33.0,BOT,32.25
Dutch Grand Prix,33.0,PIA,25.038
Dutch Grand Prix,34.0,VER,0.0
Dutch Grand Prix,34.0,GAS,10.350999999999999
Dutch Grand Prix,34.0,PER,4.586
Dutch Grand Prix,34.0,ALO,8.459
Dutch Grand Prix,34.0,LEC,34.4
Dutch Grand Prix,34.0,STR,39.438
Dutch Grand Prix,34.0,MAG,28.824
Dutch Grand Prix,34.0,TSU,22.75
Dutch Grand Prix,34.0,ALB,16.14
Dutch Grand Prix,34.0,ZHO,27.205
Dutch Grand Prix,34.0,HUL,31.441
Dutch Grand Prix,34.0,OCO,18.836
Dutch Grand Prix,34.0,NOR,23.276
Dutch Grand Prix,34.0,LAW,36.969
Dutch Grand Prix,34.0,HAM,24.16
Dutch Grand Prix,34.0,SAI,12.112
Dutch Grand Prix,34.0,RUS,36.805
Dutch Grand Prix,34.0,BOT,35.299
Dutch Grand Prix,34.0,PIA,26.68
Dutch Grand Prix,35.0,VER,0.0
Dutch Grand Prix,35.0,GAS,10.906
Dutch Grand Prix,35.0,PER,4.828
Dutch Grand Prix,35.0,ALO,8.874
Dutch Grand Prix,35.0,LEC,37.16
Dutch Grand Prix,35.0,STR,58.754
Dutch Grand Prix,35.0,MAG,33.857
Dutch Grand Prix,35.0,TSU,23.728
Dutch Grand Prix,35.0,ALB,17.076
Dutch Grand Prix,35.0,ZHO,28.889
Dutch Grand Prix,35.0,HUL,33.158
Dutch Grand Prix,35.0,OCO,19.815
Dutch Grand Prix,35.0,NOR,24.033
Dutch Grand Prix,35.0,LAW,39.271
Dutch Grand Prix,35.0,HAM,24.881
Dutch Grand Prix,35.0,SAI,12.878
Dutch Grand Prix,35.0,RUS,38.973
Dutch Grand Prix,35.0,BOT,38.117
Dutch Grand Prix,35.0,PIA,27.536
Dutch Grand Prix,36.0,VER,0.0
Dutch Grand Prix,36.0,GAS,11.52
Dutch Grand Prix,36.0,PER,5.389
Dutch Grand Prix,36.0,ALO,9.228
Dutch Grand Prix,36.0,LEC,39.875
Dutch Grand Prix,36.0,STR,59.048
Dutch Grand Prix,36.0,MAG,55.205
Dutch Grand Prix,36.0,TSU,25.151
Dutch Grand Prix,36.0,ALB,18.107
Dutch Grand Prix,36.0,ZHO,30.47
Dutch Grand Prix,36.0,HUL,34.561
Dutch Grand Prix,36.0,OCO,20.93
Dutch Grand Prix,36.0,NOR,25.418
Dutch Grand Prix,36.0,LAW,41.278
Dutch Grand Prix,36.0,HAM,26.157
Dutch Grand Prix,36.0,SAI,13.774000000000001
Dutch Grand Prix,36.0,RUS,39.836
Dutch Grand Prix,36.0,BOT,40.642
Dutch Grand Prix,36.0,PIA,28.748
Dutch Grand Prix,37.0,VER,0.0
Dutch Grand Prix,37.0,GAS,12.215
Dutch Grand Prix,37.0,PER,5.8309999999999995
Dutch Grand Prix,37.0,ALO,9.735
Dutch Grand Prix,37.0,LEC,42.162
Dutch Grand Prix,37.0,STR,59.052
Dutch Grand Prix,37.0,MAG,55.527
Dutch Grand Prix,37.0,TSU,26.342
Dutch Grand Prix,37.0,ALB,19.107
Dutch Grand Prix,37.0,ZHO,35.111
Dutch Grand Prix,37.0,HUL,35.943
Dutch Grand Prix,37.0,OCO,21.879
Dutch Grand Prix,37.0,NOR,26.724
Dutch Grand Prix,37.0,LAW,43.484
Dutch Grand Prix,37.0,HAM,27.518
Dutch Grand Prix,37.0,SAI,14.58
Dutch Grand Prix,37.0,RUS,40.722
Dutch Grand Prix,37.0,BOT,42.363
Dutch Grand Prix,37.0,PIA,29.617
Dutch Grand Prix,38.0,VER,0.0
Dutch Grand Prix,38.0,GAS,12.77
Dutch Grand Prix,38.0,PER,6.2
Dutch Grand Prix,38.0,ALO,10.5
Dutch Grand Prix,38.0,LEC,45.564
Dutch Grand Prix,38.0,STR,59.586
Dutch Grand Prix,38.0,MAG,56.99
Dutch Grand Prix,38.0,TSU,27.69
Dutch Grand Prix,38.0,ALB,20.232
Dutch Grand Prix,38.0,ZHO,55.688
Dutch Grand Prix,38.0,HUL,37.427
Dutch Grand Prix,38.0,OCO,23.025
Dutch Grand Prix,38.0,NOR,28.096
Dutch Grand Prix,38.0,LAW,45.942
Dutch Grand Prix,38.0,HAM,28.839
Dutch Grand Prix,38.0,SAI,15.47
Dutch Grand Prix,38.0,RUS,41.566
Dutch Grand Prix,38.0,BOT,43.869
Dutch Grand Prix,38.0,PIA,30.769
Dutch Grand Prix,39.0,VER,0.0
Dutch Grand Prix,39.0,GAS,13.217
Dutch Grand Prix,39.0,PER,6.468
Dutch Grand Prix,39.0,ALO,10.919
Dutch Grand Prix,39.0,LEC,48.245
Dutch Grand Prix,39.0,STR,59.802
Dutch Grand Prix,39.0,MAG,58.138
Dutch Grand Prix,39.0,TSU,29.026
Dutch Grand Prix,39.0,ALB,21.258
Dutch Grand Prix,39.0,ZHO,55.912
Dutch Grand Prix,39.0,HUL,39.074
Dutch Grand Prix,39.0,OCO,24.7
Dutch Grand Prix,39.0,NOR,29.536
Dutch Grand Prix,39.0,LAW,48.625
Dutch Grand Prix,39.0,HAM,30.165
Dutch Grand Prix,39.0,SAI,16.353
Dutch Grand Prix,39.0,RUS,42.728
Dutch Grand Prix,39.0,BOT,45.132
Dutch Grand Prix,39.0,PIA,32.07
Dutch Grand Prix,40.0,VER,0.0
Dutch Grand Prix,40.0,GAS,13.739
Dutch Grand Prix,40.0,PER,7.012
Dutch Grand Prix,40.0,ALO,11.364
Dutch Grand Prix,40.0,LEC,51.209
Dutch Grand Prix,40.0,STR,60.046
Dutch Grand Prix,40.0,MAG,59.464
Dutch Grand Prix,40.0,TSU,30.364
Dutch Grand Prix,40.0,ALB,22.333
Dutch Grand Prix,40.0,ZHO,56.907
Dutch Grand Prix,40.0,HUL,40.571
Dutch Grand Prix,40.0,OCO,26.094
Dutch Grand Prix,40.0,NOR,30.751
Dutch Grand Prix,40.0,LAW,51.185
Dutch Grand Prix,40.0,HAM,31.566
Dutch Grand Prix,40.0,SAI,17.528
Dutch Grand Prix,40.0,RUS,43.158
Dutch Grand Prix,40.0,BOT,46.512
Dutch Grand Prix,40.0,PIA,33.123
Dutch Grand Prix,41.0,VER,0.0
Dutch Grand Prix,41.0,GAS,14.195
Dutch Grand Prix,41.0,PER,7.252
Dutch Grand Prix,41.0,ALO,11.801
Dutch Grand Prix,41.0,LEC,59.565
Dutch Grand Prix,41.0,STR,60.582
Dutch Grand Prix,41.0,MAG,60.402
Dutch Grand Prix,41.0,TSU,31.498
Dutch Grand Prix,41.0,ALB,23.511
Dutch Grand Prix,41.0,ZHO,57.845
Dutch Grand Prix,41.0,HUL,42.395
Dutch Grand Prix,41.0,OCO,27.459
Dutch Grand Prix,41.0,NOR,32.007
Dutch Grand Prix,41.0,LAW,54.766
Dutch Grand Prix,41.0,HAM,32.699
Dutch Grand Prix,41.0,SAI,21.733
Dutch Grand Prix,41.0,RUS,44.159
Dutch Grand Prix,41.0,BOT,47.911
Dutch Grand Prix,41.0,PIA,34.592
Dutch Grand Prix,42.0,VER,0.0
Dutch Grand Prix,42.0,GAS,14.666
Dutch Grand Prix,42.0,PER,7.741
Dutch Grand Prix,42.0,ALO,12.154
Dutch Grand Prix,42.0,STR,61.052
Dutch Grand Prix,42.0,MAG,62.475
Dutch Grand Prix,42.0,TSU,32.686
Dutch Grand Prix,42.0,ALB,24.448
Dutch Grand Prix,42.0,ZHO,58.629
Dutch Grand Prix,42.0,HUL,44.671
Dutch Grand Prix,42.0,OCO,28.936
Dutch Grand Prix,42.0,NOR,36.839
Dutch Grand Prix,42.0,LAW,56.563
Dutch Grand Prix,42.0,HAM,33.949
Dutch Grand Prix,42.0,SAI,39.923
Dutch Grand Prix,42.0,RUS,45.015
Dutch Grand Prix,42.0,BOT,49.072
Dutch Grand Prix,42.0,PIA,35.462
Dutch Grand Prix,43.0,VER,0.0
Dutch Grand Prix,43.0,GAS,14.932
Dutch Grand Prix,43.0,PER,8.151
Dutch Grand Prix,43.0,ALO,12.617
Dutch Grand Prix,43.0,STR,61.499
Dutch Grand Prix,43.0,MAG,63.501
Dutch Grand Prix,43.0,TSU,33.826
Dutch Grand Prix,43.0,ALB,25.446
Dutch Grand Prix,43.0,ZHO,59.386
Dutch Grand Prix,43.0,HUL,46.145
Dutch Grand Prix,43.0,OCO,34.113
Dutch Grand Prix,43.0,NOR,53.512
Dutch Grand Prix,43.0,LAW,58.122
Dutch Grand Prix,43.0,HAM,34.312
Dutch Grand Prix,43.0,SAI,39.532
Dutch Grand Prix,43.0,RUS,45.506
Dutch Grand Prix,43.0,BOT,50.48
Dutch Grand Prix,43.0,PIA,36.395
Dutch Grand Prix,44.0,VER,0.0
Dutch Grand Prix,44.0,GAS,15.088
Dutch Grand Prix,44.0,PER,8.28
Dutch Grand Prix,44.0,ALO,12.639
Dutch Grand Prix,44.0,STR,61.81
Dutch Grand Prix,44.0,MAG,64.167
Dutch Grand Prix,44.0,TSU,34.813
Dutch Grand Prix,44.0,ALB,29.723
Dutch Grand Prix,44.0,ZHO,59.673
Dutch Grand Prix,44.0,HUL,47.139
Dutch Grand Prix,44.0,OCO,51.52
Dutch Grand Prix,44.0,NOR,52.824
Dutch Grand Prix,44.0,LAW,59.504
Dutch Grand Prix,44.0,HAM,35.219
Dutch Grand Prix,44.0,SAI,38.901
Dutch Grand Prix,44.0,RUS,45.572
Dutch Grand Prix,44.0,BOT,51.52
Dutch Grand Prix,44.0,PIA,37.013
Dutch Grand Prix,45.0,VER,0.0
Dutch Grand Prix,45.0,GAS,15.287
Dutch Grand Prix,45.0,PER,11.376
Dutch Grand Prix,45.0,ALO,12.817
Dutch Grand Prix,45.0,STR,62.367
Dutch Grand Prix,45.0,MAG,65.197
Dutch Grand Prix,45.0,TSU,35.865
Dutch Grand Prix,45.0,ALB,48.448
Dutch Grand Prix,45.0,ZHO,60.253
Dutch Grand Prix,45.0,HUL,48.308
Dutch Grand Prix,45.0,OCO,51.618
Dutch Grand Prix,45.0,NOR,53.044
Dutch Grand Prix,45.0,LAW,61.966
Dutch Grand Prix,45.0,HAM,39.492
Dutch Grand Prix,45.0,SAI,38.435
Dutch Grand Prix,45.0,RUS,45.479
Dutch Grand Prix,45.0,BOT,53.961
Dutch Grand Prix,45.0,PIA,38.116
Dutch Grand Prix,46.0,VER,0.0
Dutch Grand Prix,46.0,GAS,18.95
Dutch Grand Prix,46.0,PER,28.973
Dutch Grand Prix,46.0,ALO,13.274000000000001
Dutch Grand Prix,46.0,STR,63.762
Dutch Grand Prix,46.0,MAG,66.049
Dutch Grand Prix,46.0,TSU,37.066
Dutch Grand Prix,46.0,ALB,48.301
Dutch Grand Prix,46.0,ZHO,60.967
Dutch Grand Prix,46.0,HUL,50.65
Dutch Grand Prix,46.0,OCO,51.47
Dutch Grand Prix,46.0,NOR,52.675
Dutch Grand Prix,46.0,LAW,66.737
Dutch Grand Prix,46.0,HAM,56.461
Dutch Grand Prix,46.0,SAI,38.175
Dutch Grand Prix,46.0,RUS,45.325
Dutch Grand Prix,46.0,BOT,55.352
Dutch Grand Prix,46.0,PIA,43.447
Dutch Grand Prix,47.0,VER,0.0
Dutch Grand Prix,47.0,GAS,42.75
Dutch Grand Prix,47.0,PER,27.716
Dutch Grand Prix,47.0,ALO,13.54
Dutch Grand Prix,47.0,STR,63.904
Dutch Grand Prix,47.0,MAG,66.807
Dutch Grand Prix,47.0,TSU,38.181
Dutch Grand Prix,47.0,ALB,47.745
Dutch Grand Prix,47.0,ZHO,61.258
Dutch Grand Prix,47.0,HUL,52.109
Dutch Grand Prix,47.0,OCO,51.429
Dutch Grand Prix,47.0,NOR,52.188
Dutch Grand Prix,47.0,LAW,84.62
Dutch Grand Prix,47.0,HAM,56.068
Dutch Grand Prix,47.0,SAI,38.197
Dutch Grand Prix,47.0,RUS,46.242
Dutch Grand Prix,47.0,BOT,59.316
Dutch Grand Prix,47.0,PIA,61.362
Dutch Grand Prix,48.0,VER,0.0
Dutch Grand Prix,48.0,GAS,42.59
Dutch Grand Prix,48.0,PER,27.175
Dutch Grand Prix,48.0,ALO,17.451
Dutch Grand Prix,48.0,STR,64.219
Dutch Grand Prix,48.0,MAG,67.637
Dutch Grand Prix,48.0,TSU,39.957
Dutch Grand Prix,48.0,ALB,47.602
Dutch Grand Prix,48.0,ZHO,62.209
Dutch Grand Prix,48.0,HUL,57.68
Dutch Grand Prix,48.0,OCO,50.875
Dutch Grand Prix,48.0,NOR,51.795
Dutch Grand Prix,48.0,LAW,84.22
Dutch Grand Prix,48.0,HAM,55.389
Dutch Grand Prix,48.0,SAI,38.064
Dutch Grand Prix,48.0,RUS,46.357
Dutch Grand Prix,48.0,BOT,77.98
Dutch Grand Prix,48.0,PIA,60.639
Dutch Grand Prix,49.0,VER,0.0
Dutch Grand Prix,49.0,GAS,38.568
Dutch Grand Prix,49.0,PER,23.491
Dutch Grand Prix,49.0,ALO,37.325
Dutch Grand Prix,49.0,STR,61.313
Dutch Grand Prix,49.0,MAG,65.275
Dutch Grand Prix,49.0,TSU,38.28
Dutch Grand Prix,49.0,ALB,44.203
Dutch Grand Prix,49.0,ZHO,59.522
Dutch Grand Prix,49.0,HUL,72.847
Dutch Grand Prix,49.0,OCO,47.26
Dutch Grand Prix,49.0,NOR,48.068
Dutch Grand Prix,49.0,LAW,80.509
Dutch Grand Prix,49.0,HAM,51.566
Dutch Grand Prix,49.0,SAI,34.821
Dutch Grand Prix,49.0,RUS,43.474
Dutch Grand Prix,49.0,BOT,74.147
Dutch Grand Prix,49.0,PIA,56.953
Dutch Grand Prix,50.0,VER,0.0
Dutch Grand Prix,50.0,GAS,22.442
Dutch Grand Prix,50.0,PER,6.201
Dutch Grand Prix,50.0,ALO,19.474
Dutch Grand Prix,50.0,STR,45.007
Dutch Grand Prix,50.0,MAG,49.312
Dutch Grand Prix,50.0,TSU,23.371
Dutch Grand Prix,50.0,ALB,27.223
Dutch Grand Prix,50.0,ZHO,43.27
Dutch Grand Prix,50.0,HUL,55.773
Dutch Grand Prix,50.0,OCO,30.098
Dutch Grand Prix,50.0,NOR,30.454
Dutch Grand Prix,50.0,LAW,63.545
Dutch Grand Prix,50.0,HAM,34.436
Dutch Grand Prix,50.0,SAI,18.21
Dutch Grand Prix,50.0,RUS,27.087
Dutch Grand Prix,50.0,BOT,56.936
Dutch Grand Prix,50.0,PIA,39.361
Dutch Grand Prix,51.0,VER,0.0
Dutch Grand Prix,51.0,GAS,23.515
Dutch Grand Prix,51.0,PER,6.962
Dutch Grand Prix,51.0,ALO,19.639
Dutch Grand Prix,51.0,STR,46.683
Dutch Grand Prix,51.0,MAG,51.357
Dutch Grand Prix,51.0,TSU,26.108
Dutch Grand Prix,51.0,ALB,28.199
Dutch Grand Prix,51.0,ZHO,44.908
Dutch Grand Prix,51.0,HUL,56.818
Dutch Grand Prix,51.0,OCO,30.727
Dutch Grand Prix,51.0,NOR,31.138
Dutch Grand Prix,51.0,LAW,64.669
Dutch Grand Prix,51.0,HAM,34.822
Dutch Grand Prix,51.0,SAI,19.473
Dutch Grand Prix,51.0,RUS,28.446
Dutch Grand Prix,51.0,BOT,58.218
Dutch Grand Prix,51.0,PIA,39.841
Dutch Grand Prix,52.0,VER,0.0
Dutch Grand Prix,52.0,GAS,24.292
Dutch Grand Prix,52.0,PER,7.338
Dutch Grand Prix,52.0,ALO,20.871
Dutch Grand Prix,52.0,STR,48.168
Dutch Grand Prix,52.0,MAG,53.016
Dutch Grand Prix,52.0,TSU,30.298
Dutch Grand Prix,52.0,ALB,30.284
Dutch Grand Prix,52.0,ZHO,46.305
Dutch Grand Prix,52.0,HUL,57.207
Dutch Grand Prix,52.0,OCO,31.281
Dutch Grand Prix,52.0,NOR,31.738
Dutch Grand Prix,52.0,LAW,65.64
Dutch Grand Prix,52.0,HAM,35.154
Dutch Grand Prix,52.0,SAI,21.983
Dutch Grand Prix,52.0,RUS,31.371
Dutch Grand Prix,52.0,BOT,59.543
Dutch Grand Prix,52.0,PIA,39.967
Dutch Grand Prix,53.0,VER,0.0
Dutch Grand Prix,53.0,GAS,24.856
Dutch Grand Prix,53.0,PER,7.781
Dutch Grand Prix,53.0,ALO,20.947
Dutch Grand Prix,53.0,STR,49.678
Dutch Grand Prix,53.0,MAG,54.583
Dutch Grand Prix,53.0,TSU,33.732
Dutch Grand Prix,53.0,ALB,31.408
Dutch Grand Prix,53.0,ZHO,47.912
Dutch Grand Prix,53.0,HUL,57.407
Dutch Grand Prix,53.0,OCO,33.716
Dutch Grand Prix,53.0,NOR,34.256
Dutch Grand Prix,53.0,LAW,66.488
Dutch Grand Prix,53.0,HAM,35.503
Dutch Grand Prix,53.0,SAI,23.322
Dutch Grand Prix,53.0,RUS,32.503
Dutch Grand Prix,53.0,BOT,60.346
Dutch Grand Prix,53.0,PIA,40.136
Dutch Grand Prix,54.0,VER,0.0
Dutch Grand Prix,54.0,GAS,25.275
Dutch Grand Prix,54.0,PER,8.531
Dutch Grand Prix,54.0,ALO,20.656
Dutch Grand Prix,54.0,STR,51.04
Dutch Grand Prix,54.0,MAG,56.257
Dutch Grand Prix,54.0,TSU,36.759
Dutch Grand Prix,54.0,ALB,32.234
Dutch Grand Prix,54.0,ZHO,49.415
Dutch Grand Prix,54.0,HUL,58.137
Dutch Grand Prix,54.0,OCO,34.846
Dutch Grand Prix,54.0,NOR,36.853
Dutch Grand Prix,54.0,LAW,67.54
Dutch Grand Prix,54.0,HAM,37.169
Dutch Grand Prix,54.0,SAI,24.0
Dutch Grand Prix,54.0,RUS,33.371
Dutch Grand Prix,54.0,BOT,61.387
Dutch Grand Prix,54.0,PIA,40.179
Dutch Grand Prix,55.0,VER,0.0
Dutch Grand Prix,55.0,GAS,25.301
Dutch Grand Prix,55.0,PER,9.277
Dutch Grand Prix,55.0,ALO,20.103
Dutch Grand Prix,55.0,STR,52.436
Dutch Grand Prix,55.0,MAG,58.137
Dutch Grand Prix,55.0,TSU,40.571
Dutch Grand Prix,55.0,ALB,32.287
Dutch Grand Prix,55.0,ZHO,50.914
Dutch Grand Prix,55.0,HUL,58.208
Dutch Grand Prix,55.0,OCO,35.6
Dutch Grand Prix,55.0,NOR,37.435
Dutch Grand Prix,55.0,LAW,68.489
Dutch Grand Prix,55.0,HAM,37.592
Dutch Grand Prix,55.0,SAI,24.804
Dutch Grand Prix,55.0,RUS,34.164
Dutch Grand Prix,55.0,BOT,62.106
Dutch Grand Prix,55.0,PIA,40.497
Dutch Grand Prix,56.0,VER,0.0
Dutch Grand Prix,56.0,GAS,25.816
Dutch Grand Prix,56.0,PER,9.523
Dutch Grand Prix,56.0,ALO,19.53
Dutch Grand Prix,56.0,STR,53.767
Dutch Grand Prix,56.0,MAG,60.588
Dutch Grand Prix,56.0,TSU,43.706
Dutch Grand Prix,56.0,ALB,32.693
Dutch Grand Prix,56.0,ZHO,52.227
Dutch Grand Prix,56.0,HUL,58.414
Dutch Grand Prix,56.0,OCO,36.143
Dutch Grand Prix,56.0,NOR,39.181
Dutch Grand Prix,56.0,LAW,69.504
Dutch Grand Prix,56.0,HAM,37.345
Dutch Grand Prix,56.0,SAI,25.387
Dutch Grand Prix,56.0,RUS,36.057
Dutch Grand Prix,56.0,BOT,63.349
Dutch Grand Prix,56.0,PIA,41.054
Dutch Grand Prix,57.0,VER,0.0
Dutch Grand Prix,57.0,GAS,26.801
Dutch Grand Prix,57.0,PER,9.742
Dutch Grand Prix,57.0,ALO,19.753
Dutch Grand Prix,57.0,STR,55.569
Dutch Grand Prix,57.0,MAG,62.945
Dutch Grand Prix,57.0,TSU,46.801
Dutch Grand Prix,57.0,ALB,33.307
Dutch Grand Prix,57.0,ZHO,54.163
Dutch Grand Prix,57.0,HUL,59.332
Dutch Grand Prix,57.0,OCO,37.07
Dutch Grand Prix,57.0,NOR,40.137
Dutch Grand Prix,57.0,LAW,70.84
Dutch Grand Prix,57.0,HAM,37.212
Dutch Grand Prix,57.0,SAI,26.46
Dutch Grand Prix,57.0,RUS,37.565
Dutch Grand Prix,57.0,BOT,64.562
Dutch Grand Prix,57.0,PIA,41.913
Dutch Grand Prix,58.0,VER,0.0
Dutch Grand Prix,58.0,GAS,28.398
Dutch Grand Prix,58.0,PER,10.166
Dutch Grand Prix,58.0,ALO,19.869
Dutch Grand Prix,58.0,STR,57.786
Dutch Grand Prix,58.0,MAG,65.616
Dutch Grand Prix,58.0,TSU,50.109
Dutch Grand Prix,58.0,ALB,34.031
Dutch Grand Prix,58.0,ZHO,56.169
Dutch Grand Prix,58.0,HUL,60.323
Dutch Grand Prix,58.0,OCO,39.156
Dutch Grand Prix,58.0,NOR,41.324
Dutch Grand Prix,58.0,LAW,72.032
Dutch Grand Prix,58.0,HAM,37.227
Dutch Grand Prix,58.0,SAI,27.87
Dutch Grand Prix,58.0,RUS,38.946
Dutch Grand Prix,58.0,BOT,66.668
Dutch Grand Prix,58.0,PIA,42.806
Dutch Grand Prix,59.0,VER,0.0
Dutch Grand Prix,59.0,GAS,29.446
Dutch Grand Prix,59.0,PER,10.454
Dutch Grand Prix,59.0,ALO,20.084
Dutch Grand Prix,59.0,STR,59.821
Dutch Grand Prix,59.0,MAG,68.194
Dutch Grand Prix,59.0,TSU,53.126
Dutch Grand Prix,59.0,ALB,34.571
Dutch Grand Prix,59.0,ZHO,58.194
Dutch Grand Prix,59.0,HUL,61.647
Dutch Grand Prix,59.0,OCO,40.507
Dutch Grand Prix,59.0,NOR,42.466
Dutch Grand Prix,59.0,LAW,77.355
Dutch Grand Prix,59.0,HAM,38.954
Dutch Grand Prix,59.0,SAI,29.215
Dutch Grand Prix,59.0,RUS,41.835
Dutch Grand Prix,59.0,BOT,73.48
Dutch Grand Prix,59.0,PIA,43.636
Dutch Grand Prix,60.0,VER,0.0
Dutch Grand Prix,60.0,GAS,35.299
Dutch Grand Prix,60.0,PER,14.301
Dutch Grand Prix,60.0,ALO,19.991
Dutch Grand Prix,60.0,STR,71.915
Dutch Grand Prix,60.0,MAG,82.986
Dutch Grand Prix,60.0,TSU,64.482
Dutch Grand Prix,60.0,ALB,36.93
Dutch Grand Prix,60.0,ZHO,67.74
Dutch Grand Prix,60.0,HUL,72.499
Dutch Grand Prix,60.0,OCO,42.998
Dutch Grand Prix,60.0,NOR,49.138
Dutch Grand Prix,60.0,LAW,103.796
Dutch Grand Prix,60.0,HAM,44.323
Dutch Grand Prix,60.0,SAI,36.557
Dutch Grand Prix,60.0,RUS,50.04
Dutch Grand Prix,60.0,BOT,98.334
Dutch Grand Prix,60.0,PIA,54.836
Dutch Grand Prix,61.0,VER,0.0
Dutch Grand Prix,61.0,GAS,51.012
Dutch Grand Prix,61.0,PER,39.469
Dutch Grand Prix,61.0,ALO,24.445
Dutch Grand Prix,61.0,STR,92.514
Dutch Grand Prix,61.0,MAG,106.767
Dutch Grand Prix,61.0,TSU,84.845
Dutch Grand Prix,61.0,ALB,46.199
Dutch Grand Prix,61.0,ZHO,88.908
Dutch Grand Prix,61.0,HUL,95.527
Dutch Grand Prix,61.0,OCO,52.204
Dutch Grand Prix,61.0,NOR,64.741
Dutch Grand Prix,61.0,LAW,104.103
Dutch Grand Prix,61.0,HAM,59.907
Dutch Grand Prix,61.0,SAI,52.724
Dutch Grand Prix,61.0,RUS,68.969
Dutch Grand Prix,61.0,BOT,96.813
Dutch Grand Prix,61.0,PIA,72.821
Dutch Grand Prix,62.0,VER,0.0
Dutch Grand Prix,62.0,GAS,30.743
Dutch Grand Prix,62.0,PER,19.644
Dutch Grand Prix,62.0,ALO,25.8
Dutch Grand Prix,62.0,STR,75.043
Dutch Grand Prix,62.0,MAG,90.017
Dutch Grand Prix,62.0,TSU,67.425
Dutch Grand Prix,62.0,ALB,48.504
Dutch Grand Prix,62.0,ZHO,71.043
Dutch Grand Prix,62.0,HUL,77.509
Dutch Grand Prix,62.0,OCO,58.25
Dutch Grand Prix,62.0,NOR,44.279
Dutch Grand Prix,62.0,LAW,88.591
Dutch Grand Prix,62.0,HAM,39.024
Dutch Grand Prix,62.0,SAI,33.091
Dutch Grand Prix,62.0,RUS,48.572
Dutch Grand Prix,62.0,BOT,78.961
Dutch Grand Prix,62.0,PIA,52.006
Dutch Grand Prix,63.0,VER,0.0
Dutch Grand Prix,63.0,GAS,37.093
Dutch Grand Prix,63.0,PER,37.588
Dutch Grand Prix,63.0,ALO,33.311
Dutch Grand Prix,63.0,STR,114.715
Dutch Grand Prix,63.0,MAG,142.74
Dutch Grand Prix,63.0,TSU,107.533
Dutch Grand Prix,63.0,ALB,72.036
Dutch Grand Prix,63.0,ZHO,49.57
Dutch Grand Prix,63.0,HUL,116.931
Dutch Grand Prix,63.0,OCO,87.237
Dutch Grand Prix,63.0,NOR,63.032
Dutch Grand Prix,63.0,LAW,137.311
Dutch Grand Prix,63.0,HAM,45.164
Dutch Grand Prix,63.0,SAI,40.803
Dutch Grand Prix,63.0,RUS,68.414
Dutch Grand Prix,63.0,BOT,123.325
Dutch Grand Prix,63.0,PIA,82.706
Dutch Grand Prix,64.0,VER,0.0
Dutch Grand Prix,64.0,GAS,50.121
Dutch Grand Prix,64.0,PER,2455.147
Dutch Grand Prix,64.0,ALO,30.717
Dutch Grand Prix,64.0,STR,2486.054
Dutch Grand Prix,64.0,MAG,2501.817
Dutch Grand Prix,64.0,TSU,2483.171
Dutch Grand Prix,64.0,ALB,2471.832
Dutch Grand Prix,64.0,HUL,2488.919
Dutch Grand Prix,64.0,OCO,2478.603
Dutch Grand Prix,64.0,NOR,2458.568
Dutch Grand Prix,64.0,LAW,2497.999
Dutch Grand Prix,64.0,HAM,70.248
Dutch Grand Prix,64.0,SAI,54.281
Dutch Grand Prix,64.0,RUS,2471.301
Dutch Grand Prix,64.0,BOT,2492.236
Dutch Grand Prix,64.0,PIA,2476.064
Dutch Grand Prix,65.0,VER,0.0
Dutch Grand Prix,65.0,GAS,3.757
Dutch Grand Prix,65.0,PER,1.663
Dutch Grand Prix,65.0,ALO,0.814
Dutch Grand Prix,65.0,STR,17.275
Dutch Grand Prix,65.0,MAG,25.282
Dutch Grand Prix,65.0,TSU,16.0
Dutch Grand Prix,65.0,ALB,11.803
Dutch Grand Prix,65.0,HUL,18.292
Dutch Grand Prix,65.0,OCO,14.905
Dutch Grand Prix,65.0,NOR,8.045
Dutch Grand Prix,65.0,LAW,22.792
Dutch Grand Prix,65.0,HAM,6.503
Dutch Grand Prix,65.0,SAI,5.798
Dutch Grand Prix,65.0,RUS,12.8
Dutch Grand Prix,65.0,BOT,20.299
Dutch Grand Prix,65.0,PIA,13.267
Dutch Grand Prix,66.0,VER,0.0
Dutch Grand Prix,66.0,GAS,1.83
Dutch Grand Prix,66.0,PER,1.076
Dutch Grand Prix,66.0,ALO,0.324
Dutch Grand Prix,66.0,STR,6.664
Dutch Grand Prix,66.0,MAG,8.464
Dutch Grand Prix,66.0,TSU,6.358
Dutch Grand Prix,66.0,ALB,4.426
Dutch Grand Prix,66.0,HUL,7.3469999999999995
Dutch Grand Prix,66.0,OCO,5.598
Dutch Grand Prix,66.0,NOR,3.86
Dutch Grand Prix,66.0,LAW,8.188
Dutch Grand Prix,66.0,HAM,3.012
Dutch Grand Prix,66.0,SAI,2.765
Dutch Grand Prix,66.0,RUS,6.266
Dutch Grand Prix,66.0,BOT,8.126
Dutch Grand Prix,66.0,PIA,5.108
Dutch Grand Prix,67.0,VER,0.0
Dutch Grand Prix,67.0,GAS,3.875
Dutch Grand Prix,67.0,PER,1.9260000000000002
Dutch Grand Prix,67.0,ALO,0.788
Dutch Grand Prix,67.0,STR,10.653
Dutch Grand Prix,67.0,MAG,13.551
Dutch Grand Prix,67.0,TSU,12.108
Dutch Grand Prix,67.0,ALB,7.4
Dutch Grand Prix,67.0,HUL,11.901
Dutch Grand Prix,67.0,OCO,9.382
Dutch Grand Prix,67.0,NOR,6.787
Dutch Grand Prix,67.0,LAW,12.18
Dutch Grand Prix,67.0,HAM,6.184
Dutch Grand Prix,67.0,SAI,5.59
Dutch Grand Prix,67.0,RUS,33.483
Dutch Grand Prix,67.0,BOT,13.233
Dutch Grand Prix,67.0,PIA,8.113
Dutch Grand Prix,68.0,VER,0.0
Dutch Grand Prix,68.0,GAS,4.585
Dutch Grand Prix,68.0,PER,2.198
Dutch Grand Prix,68.0,ALO,1.053
Dutch Grand Prix,68.0,STR,12.564
Dutch Grand Prix,68.0,MAG,16.358
Dutch Grand Prix,68.0,TSU,15.279
Dutch Grand Prix,68.0,ALB,9.649000000000001
Dutch Grand Prix,68.0,HUL,14.118
Dutch Grand Prix,68.0,OCO,11.573
Dutch Grand Prix,68.0,NOR,8.45
Dutch Grand Prix,68.0,LAW,15.604
Dutch Grand Prix,68.0,HAM,7.657
Dutch Grand Prix,68.0,SAI,7.205
Dutch Grand Prix,68.0,RUS,57.985
Dutch Grand Prix,68.0,BOT,18.089
Dutch Grand Prix,68.0,PIA,10.25
Dutch Grand Prix,69.0,VER,0.0
Dutch Grand Prix,69.0,GAS,4.718
Dutch Grand Prix,69.0,PER,2.649
Dutch Grand Prix,69.0,ALO,1.5939999999999999
Dutch Grand Prix,69.0,STR,14.123
Dutch Grand Prix,69.0,MAG,18.691
Dutch Grand Prix,69.0,TSU,17.292
Dutch Grand Prix,69.0,ALB,10.777
Dutch Grand Prix,69.0,HUL,15.436
Dutch Grand Prix,69.0,OCO,12.992
Dutch Grand Prix,69.0,NOR,9.197
Dutch Grand Prix,69.0,LAW,17.913
Dutch Grand Prix,69.0,HAM,8.7
Dutch Grand Prix,69.0,SAI,8.186
Dutch Grand Prix,69.0,RUS,58.189
Dutch Grand Prix,69.0,BOT,20.931
Dutch Grand Prix,69.0,PIA,11.402
Dutch Grand Prix,70.0,VER,0.0
Dutch Grand Prix,70.0,GAS,5.877
Dutch Grand Prix,70.0,PER,3.612
Dutch Grand Prix,70.0,ALO,2.942
Dutch Grand Prix,70.0,STR,16.287
Dutch Grand Prix,70.0,MAG,20.853
Dutch Grand Prix,70.0,TSU,19.85
Dutch Grand Prix,70.0,ALB,12.313
Dutch Grand Prix,70.0,HUL,17.164
Dutch Grand Prix,70.0,OCO,14.603
Dutch Grand Prix,70.0,NOR,10.822
Dutch Grand Prix,70.0,LAW,20.344
Dutch Grand Prix,70.0,HAM,10.281
Dutch Grand Prix,70.0,SAI,9.934
Dutch Grand Prix,70.0,RUS,58.53
Dutch Grand Prix,70.0,BOT,23.397
Dutch Grand Prix,70.0,PIA,13.196
Dutch Grand Prix,71.0,VER,0.0
Dutch Grand Prix,71.0,GAS,6.37
Dutch Grand Prix,71.0,PER,4.254
Dutch Grand Prix,71.0,ALO,3.54
Dutch Grand Prix,71.0,STR,17.806
Dutch Grand Prix,71.0,MAG,23.741
Dutch Grand Prix,71.0,TSU,21.927
Dutch Grand Prix,71.0,ALB,13.536
Dutch Grand Prix,71.0,HUL,18.563
Dutch Grand Prix,71.0,OCO,16.066
Dutch Grand Prix,71.0,NOR,11.928
Dutch Grand Prix,71.0,LAW,23.442
Dutch Grand Prix,71.0,HAM,11.258
Dutch Grand Prix,71.0,SAI,10.812
Dutch Grand Prix,71.0,RUS,58.054
Dutch Grand Prix,71.0,BOT,25.246
Dutch Grand Prix,71.0,PIA,14.468
Dutch Grand Prix,72.0,VER,0.0
Dutch Grand Prix,72.0,GAS,7.061
Dutch Grand Prix,72.0,PER,5.038
Dutch Grand Prix,72.0,ALO,3.748
Dutch Grand Prix,72.0,STR,20.085
Dutch Grand Prix,72.0,MAG,26.376
Dutch Grand Prix,72.0,TSU,24.895
Dutch Grand Prix,72.0,ALB,15.117
Dutch Grand Prix,72.0,HUL,20.802
Dutch Grand Prix,72.0,OCO,18.356
Dutch Grand Prix,72.0,NOR,13.254
Dutch Grand Prix,72.0,LAW,26.119
Dutch Grand Prix,72.0,HAM,13.222
Dutch Grand Prix,72.0,SAI,12.549
Dutch Grand Prix,72.0,RUS,57.908
Dutch Grand Prix,72.0,BOT,27.361
Dutch Grand Prix,72.0,PIA,16.587
Italian Grand Prix,1.0,VER,0.788
Italian Grand Prix,1.0,GAS,8.857
Italian Grand Prix,1.0,PER,2.689
Italian Grand Prix,1.0,ALO,6.223
Italian Grand Prix,1.0,LEC,1.638
Italian Grand Prix,1.0,STR,9.67
Italian Grand Prix,1.0,SAR,7.29
Italian Grand Prix,1.0,MAG,9.349
Italian Grand Prix,1.0,ALB,3.668
Italian Grand Prix,1.0,ZHO,8.077
Italian Grand Prix,1.0,HUL,5.603
Italian Grand Prix,1.0,OCO,8.538
Italian Grand Prix,1.0,NOR,4.396
Italian Grand Prix,1.0,LAW,6.776
Italian Grand Prix,1.0,HAM,4.894
Italian Grand Prix,1.0,SAI,0.0
Italian Grand Prix,1.0,RUS,2.222
Italian Grand Prix,1.0,BOT,7.694
Italian Grand Prix,1.0,PIA,3.198
Italian Grand Prix,2.0,VER,0.945
Italian Grand Prix,2.0,GAS,11.547
Italian Grand Prix,2.0,PER,3.564
Italian Grand Prix,2.0,ALO,8.229
Italian Grand Prix,2.0,LEC,1.944
Italian Grand Prix,2.0,STR,12.617
Italian Grand Prix,2.0,SAR,9.364
Italian Grand Prix,2.0,MAG,12.266
Italian Grand Prix,2.0,ALB,4.729
Italian Grand Prix,2.0,ZHO,10.238
Italian Grand Prix,2.0,HUL,7.517
Italian Grand Prix,2.0,OCO,11.199
Italian Grand Prix,2.0,NOR,5.965
Italian Grand Prix,2.0,LAW,8.788
Italian Grand Prix,2.0,HAM,6.725
Italian Grand Prix,2.0,SAI,0.0
Italian Grand Prix,2.0,RUS,2.902
Italian Grand Prix,2.0,BOT,9.72
Italian Grand Prix,2.0,PIA,5.245
Italian Grand Prix,3.0,VER,0.671
Italian Grand Prix,3.0,GAS,13.487
Italian Grand Prix,3.0,PER,3.731
Italian Grand Prix,3.0,ALO,9.799
Italian Grand Prix,3.0,LEC,1.687
Italian Grand Prix,3.0,STR,15.255
Italian Grand Prix,3.0,SAR,11.035
Italian Grand Prix,3.0,MAG,14.828
Italian Grand Prix,3.0,ALB,5.331
Italian Grand Prix,3.0,ZHO,12.133
Italian Grand Prix,3.0,HUL,8.901
Italian Grand Prix,3.0,OCO,13.045
Italian Grand Prix,3.0,NOR,7.094
Italian Grand Prix,3.0,LAW,10.469
Italian Grand Prix,3.0,HAM,8.038
Italian Grand Prix,3.0,SAI,0.0
Italian Grand Prix,3.0,RUS,3.102
Italian Grand Prix,3.0,BOT,11.693999999999999
Italian Grand Prix,3.0,PIA,6.251
Italian Grand Prix,4.0,VER,0.654
Italian Grand Prix,4.0,GAS,14.892
Italian Grand Prix,4.0,PER,3.683
Italian Grand Prix,4.0,ALO,10.953
Italian Grand Prix,4.0,LEC,1.645
Italian Grand Prix,4.0,STR,16.913
Italian Grand Prix,4.0,SAR,12.357
Italian Grand Prix,4.0,MAG,18.013
Italian Grand Prix,4.0,ALB,5.948
Italian Grand Prix,4.0,ZHO,13.681000000000001
Italian Grand Prix,4.0,HUL,10.034
Italian Grand Prix,4.0,OCO,14.56
Italian Grand Prix,4.0,NOR,8.096
Italian Grand Prix,4.0,LAW,11.532
Italian Grand Prix,4.0,HAM,9.204
Italian Grand Prix,4.0,SAI,0.0
Italian Grand Prix,4.0,RUS,3.213
Italian Grand Prix,4.0,BOT,12.746
Italian Grand Prix,4.0,PIA,7.188
Italian Grand Prix,5.0,VER,0.407
Italian Grand Prix,5.0,GAS,16.163
Italian Grand Prix,5.0,PER,3.614
Italian Grand Prix,5.0,ALO,11.563
Italian Grand Prix,5.0,LEC,1.488
Italian Grand Prix,5.0,STR,18.064
Italian Grand Prix,5.0,SAR,13.104
Italian Grand Prix,5.0,MAG,19.866
Italian Grand Prix,5.0,ALB,6.393
Italian Grand Prix,5.0,ZHO,14.793
Italian Grand Prix,5.0,HUL,10.646
Italian Grand Prix,5.0,OCO,15.522
Italian Grand Prix,5.0,NOR,8.815
Italian Grand Prix,5.0,LAW,12.314
Italian Grand Prix,5.0,HAM,9.796
Italian Grand Prix,5.0,SAI,0.0
Italian Grand Prix,5.0,RUS,3.039
Italian Grand Prix,5.0,BOT,13.898
Italian Grand Prix,5.0,PIA,7.674
Italian Grand Prix,6.0,VER,0.629
Italian Grand Prix,6.0,GAS,16.872
Italian Grand Prix,6.0,PER,3.464
Italian Grand Prix,6.0,ALO,12.123
Italian Grand Prix,6.0,LEC,1.3559999999999999
Italian Grand Prix,6.0,STR,19.105
Italian Grand Prix,6.0,SAR,13.624
Italian Grand Prix,6.0,MAG,21.2
Italian Grand Prix,6.0,ALB,6.439
Italian Grand Prix,6.0,ZHO,15.244
Italian Grand Prix,6.0,HUL,11.2
Italian Grand Prix,6.0,OCO,16.213
Italian Grand Prix,6.0,NOR,8.996
Italian Grand Prix,6.0,LAW,12.962
Italian Grand Prix,6.0,HAM,9.892
Italian Grand Prix,6.0,SAI,0.0
Italian Grand Prix,6.0,RUS,2.939
Italian Grand Prix,6.0,BOT,14.433
Italian Grand Prix,6.0,PIA,7.937
Italian Grand Prix,7.0,VER,0.639
Italian Grand Prix,7.0,GAS,17.724
Italian Grand Prix,7.0,PER,3.439
Italian Grand Prix,7.0,ALO,12.693999999999999
Italian Grand Prix,7.0,LEC,1.471
Italian Grand Prix,7.0,STR,19.847
Italian Grand Prix,7.0,SAR,14.517
Italian Grand Prix,7.0,MAG,22.533
Italian Grand Prix,7.0,ALB,6.854
Italian Grand Prix,7.0,ZHO,16.071
Italian Grand Prix,7.0,HUL,12.307
Italian Grand Prix,7.0,OCO,16.972
Italian Grand Prix,7.0,NOR,9.502
Italian Grand Prix,7.0,LAW,13.758
Italian Grand Prix,7.0,HAM,10.234
Italian Grand Prix,7.0,SAI,0.0
Italian Grand Prix,7.0,RUS,3.096
Italian Grand Prix,7.0,BOT,15.435
Italian Grand Prix,7.0,PIA,8.519
Italian Grand Prix,8.0,VER,0.405
Italian Grand Prix,8.0,GAS,18.74
Italian Grand Prix,8.0,PER,4.102
Italian Grand Prix,8.0,ALO,13.413
Italian Grand Prix,8.0,LEC,1.219
Italian Grand Prix,8.0,STR,20.985
Italian Grand Prix,8.0,SAR,15.526
Italian Grand Prix,8.0,MAG,24.244
Italian Grand Prix,8.0,ALB,7.306
Italian Grand Prix,8.0,ZHO,17.1
Italian Grand Prix,8.0,HUL,14.142
Italian Grand Prix,8.0,OCO,18.057
Italian Grand Prix,8.0,NOR,9.906
Italian Grand Prix,8.0,LAW,14.865
Italian Grand Prix,8.0,HAM,10.653
Italian Grand Prix,8.0,SAI,0.0
Italian Grand Prix,8.0,RUS,3.466
Italian Grand Prix,8.0,BOT,16.438
Italian Grand Prix,8.0,PIA,9.145
Italian Grand Prix,9.0,VER,0.534
Italian Grand Prix,9.0,GAS,19.63
Italian Grand Prix,9.0,PER,4.19
Italian Grand Prix,9.0,ALO,14.32
Italian Grand Prix,9.0,LEC,1.421
Italian Grand Prix,9.0,STR,21.821
Italian Grand Prix,9.0,SAR,16.509
Italian Grand Prix,9.0,MAG,25.986
Italian Grand Prix,9.0,ALB,7.668
Italian Grand Prix,9.0,ZHO,18.04
Italian Grand Prix,9.0,HUL,15.147
Italian Grand Prix,9.0,OCO,18.977
Italian Grand Prix,9.0,NOR,10.323
Italian Grand Prix,9.0,LAW,15.895
Italian Grand Prix,9.0,HAM,10.933
Italian Grand Prix,9.0,SAI,0.0
Italian Grand Prix,9.0,RUS,3.7
Italian Grand Prix,9.0,BOT,17.227
Italian Grand Prix,9.0,PIA,9.533
Italian Grand Prix,10.0,VER,0.626
Italian Grand Prix,10.0,GAS,25.153
Italian Grand Prix,10.0,PER,4.133
Italian Grand Prix,10.0,ALO,15.177
Italian Grand Prix,10.0,LEC,1.697
Italian Grand Prix,10.0,STR,22.849
Italian Grand Prix,10.0,SAR,17.683
Italian Grand Prix,10.0,MAG,27.986
Italian Grand Prix,10.0,ALB,8.462
Italian Grand Prix,10.0,ZHO,19.073
Italian Grand Prix,10.0,HUL,16.199
Italian Grand Prix,10.0,OCO,20.073
Italian Grand Prix,10.0,NOR,10.777
Italian Grand Prix,10.0,LAW,17.032
Italian Grand Prix,10.0,HAM,11.417
Italian Grand Prix,10.0,SAI,0.0
Italian Grand Prix,10.0,RUS,3.844
Italian Grand Prix,10.0,BOT,18.579
Italian Grand Prix,10.0,PIA,9.845
Italian Grand Prix,11.0,VER,0.578
Italian Grand Prix,11.0,GAS,48.632
Italian Grand Prix,11.0,PER,4.687
Italian Grand Prix,11.0,ALO,15.829
Italian Grand Prix,11.0,LEC,1.8439999999999999
Italian Grand Prix,11.0,STR,23.527
Italian Grand Prix,11.0,SAR,18.796
Italian Grand Prix,11.0,MAG,30.087
Italian Grand Prix,11.0,ALB,9.16
Italian Grand Prix,11.0,ZHO,24.569
Italian Grand Prix,11.0,HUL,17.563
Italian Grand Prix,11.0,OCO,21.12
Italian Grand Prix,11.0,NOR,11.152
Italian Grand Prix,11.0,LAW,18.233
Italian Grand Prix,11.0,HAM,11.845
Italian Grand Prix,11.0,SAI,0.0
Italian Grand Prix,11.0,RUS,4.339
Italian Grand Prix,11.0,BOT,19.581
Italian Grand Prix,11.0,PIA,10.371
Italian Grand Prix,12.0,VER,0.612
Italian Grand Prix,12.0,GAS,49.655
Italian Grand Prix,12.0,PER,5.247
Italian Grand Prix,12.0,ALO,16.76
Italian Grand Prix,12.0,LEC,2.13
Italian Grand Prix,12.0,STR,24.929
Italian Grand Prix,12.0,SAR,21.082
Italian Grand Prix,12.0,MAG,36.952
Italian Grand Prix,12.0,ALB,10.285
Italian Grand Prix,12.0,ZHO,45.398
Italian Grand Prix,12.0,HUL,20.246
Italian Grand Prix,12.0,OCO,22.944
Italian Grand Prix,12.0,NOR,12.182
Italian Grand Prix,12.0,LAW,19.456
Italian Grand Prix,12.0,HAM,12.631
Italian Grand Prix,12.0,SAI,0.0
Italian Grand Prix,12.0,RUS,4.975
Italian Grand Prix,12.0,BOT,21.889
Italian Grand Prix,12.0,PIA,11.417
Italian Grand Prix,13.0,VER,0.391
Italian Grand Prix,13.0,GAS,50.136
Italian Grand Prix,13.0,PER,5.374
Italian Grand Prix,13.0,ALO,17.031
Italian Grand Prix,13.0,LEC,1.8
Italian Grand Prix,13.0,STR,26.264
Italian Grand Prix,13.0,SAR,21.994
Italian Grand Prix,13.0,MAG,58.489
Italian Grand Prix,13.0,ALB,11.074
Italian Grand Prix,13.0,ZHO,44.764
Italian Grand Prix,13.0,HUL,21.368
Italian Grand Prix,13.0,OCO,23.912
Italian Grand Prix,13.0,NOR,12.654
Italian Grand Prix,13.0,LAW,24.622
Italian Grand Prix,13.0,HAM,13.036
Italian Grand Prix,13.0,SAI,0.0
Italian Grand Prix,13.0,RUS,5.05
Italian Grand Prix,13.0,BOT,23.009
Italian Grand Prix,13.0,PIA,12.048
Italian Grand Prix,14.0,VER,0.447
Italian Grand Prix,14.0,GAS,50.512
Italian Grand Prix,14.0,PER,5.853
Italian Grand Prix,14.0,ALO,17.666
Italian Grand Prix,14.0,LEC,1.768
Italian Grand Prix,14.0,STR,27.349
Italian Grand Prix,14.0,SAR,28.096
Italian Grand Prix,14.0,MAG,59.597
Italian Grand Prix,14.0,ALB,11.825
Italian Grand Prix,14.0,ZHO,45.567
Italian Grand Prix,14.0,HUL,27.054
Italian Grand Prix,14.0,OCO,25.031
Italian Grand Prix,14.0,NOR,13.16
Italian Grand Prix,14.0,LAW,44.994
Italian Grand Prix,14.0,HAM,13.59
Italian Grand Prix,14.0,SAI,0.0
Italian Grand Prix,14.0,RUS,5.3629999999999995
Italian Grand Prix,14.0,BOT,24.028
Italian Grand Prix,14.0,PIA,12.447
Italian Grand Prix,15.0,VER,0.0
Italian Grand Prix,15.0,GAS,50.646
Italian Grand Prix,15.0,PER,5.4030000000000005
Italian Grand Prix,15.0,ALO,17.366
Italian Grand Prix,15.0,LEC,1.853
Italian Grand Prix,15.0,STR,28.299
Italian Grand Prix,15.0,SAR,48.256
Italian Grand Prix,15.0,MAG,60.216
Italian Grand Prix,15.0,ALB,16.897
Italian Grand Prix,15.0,ZHO,45.983
Italian Grand Prix,15.0,HUL,49.44
Italian Grand Prix,15.0,OCO,25.999
Italian Grand Prix,15.0,NOR,13.727
Italian Grand Prix,15.0,LAW,44.795
Italian Grand Prix,15.0,HAM,14.446
Italian Grand Prix,15.0,SAI,0.99
Italian Grand Prix,15.0,RUS,5.139
Italian Grand Prix,15.0,BOT,24.226
Italian Grand Prix,15.0,PIA,12.956
Italian Grand Prix,16.0,VER,0.0
Italian Grand Prix,16.0,GAS,51.016
Italian Grand Prix,16.0,PER,5.508
Italian Grand Prix,16.0,ALO,17.812
Italian Grand Prix,16.0,LEC,2.29
Italian Grand Prix,16.0,STR,29.661
Italian Grand Prix,16.0,SAR,48.378
Italian Grand Prix,16.0,MAG,61.147
Italian Grand Prix,16.0,ALB,37.784
Italian Grand Prix,16.0,ZHO,46.418
Italian Grand Prix,16.0,HUL,49.712
Italian Grand Prix,16.0,OCO,27.53
Italian Grand Prix,16.0,NOR,14.208
Italian Grand Prix,16.0,LAW,45.489
Italian Grand Prix,16.0,HAM,14.968
Italian Grand Prix,16.0,SAI,1.595
Italian Grand Prix,16.0,RUS,6.397
Italian Grand Prix,16.0,BOT,25.332
Italian Grand Prix,16.0,PIA,13.439
Italian Grand Prix,17.0,VER,0.0
Italian Grand Prix,17.0,GAS,51.359
Italian Grand Prix,17.0,PER,5.786
Italian Grand Prix,17.0,ALO,18.235
Italian Grand Prix,17.0,LEC,3.227
Italian Grand Prix,17.0,STR,30.837
Italian Grand Prix,17.0,SAR,48.645
Italian Grand Prix,17.0,MAG,62.003
Italian Grand Prix,17.0,ALB,38.138
Italian Grand Prix,17.0,ZHO,46.551
Italian Grand Prix,17.0,HUL,49.967
Italian Grand Prix,17.0,OCO,28.908
Italian Grand Prix,17.0,NOR,15.072
Italian Grand Prix,17.0,LAW,45.801
Italian Grand Prix,17.0,HAM,15.82
Italian Grand Prix,17.0,SAI,2.583
Italian Grand Prix,17.0,RUS,6.719
Italian Grand Prix,17.0,BOT,26.069
Italian Grand Prix,17.0,PIA,14.146
Italian Grand Prix,18.0,VER,0.0
Italian Grand Prix,18.0,GAS,52.139
Italian Grand Prix,18.0,PER,6.2780000000000005
Italian Grand Prix,18.0,ALO,19.237
Italian Grand Prix,18.0,LEC,4.452
Italian Grand Prix,18.0,STR,32.965
Italian Grand Prix,18.0,SAR,49.278
Italian Grand Prix,18.0,MAG,63.628
Italian Grand Prix,18.0,ALB,38.758
Italian Grand Prix,18.0,ZHO,47.333
Italian Grand Prix,18.0,HUL,50.988
Italian Grand Prix,18.0,OCO,30.896
Italian Grand Prix,18.0,NOR,16.071
Italian Grand Prix,18.0,LAW,46.343
Italian Grand Prix,18.0,HAM,16.826
Italian Grand Prix,18.0,SAI,3.822
Italian Grand Prix,18.0,RUS,7.829
Italian Grand Prix,18.0,BOT,27.43
Italian Grand Prix,18.0,PIA,15.271
Italian Grand Prix,19.0,VER,0.0
Italian Grand Prix,19.0,GAS,52.837
Italian Grand Prix,19.0,PER,6.509
Italian Grand Prix,19.0,ALO,20.117
Italian Grand Prix,19.0,LEC,5.716
Italian Grand Prix,19.0,STR,34.577
Italian Grand Prix,19.0,SAR,50.005
Italian Grand Prix,19.0,MAG,64.349
Italian Grand Prix,19.0,ALB,39.628
Italian Grand Prix,19.0,ZHO,48.242
Italian Grand Prix,19.0,HUL,51.862
Italian Grand Prix,19.0,OCO,32.674
Italian Grand Prix,19.0,NOR,16.913
Italian Grand Prix,19.0,LAW,46.952
Italian Grand Prix,19.0,HAM,17.837
Italian Grand Prix,19.0,SAI,9.296
Italian Grand Prix,19.0,RUS,13.276
Italian Grand Prix,19.0,BOT,28.717
Italian Grand Prix,19.0,PIA,16.185
Italian Grand Prix,20.0,VER,0.0
Italian Grand Prix,20.0,GAS,49.023
Italian Grand Prix,20.0,PER,2.169
Italian Grand Prix,20.0,ALO,17.552
Italian Grand Prix,20.0,LEC,6.022
Italian Grand Prix,20.0,STR,36.754
Italian Grand Prix,20.0,SAR,46.436
Italian Grand Prix,20.0,MAG,60.511
Italian Grand Prix,20.0,ALB,35.632
Italian Grand Prix,20.0,ZHO,44.468
Italian Grand Prix,20.0,HUL,48.091
Italian Grand Prix,20.0,OCO,31.212
Italian Grand Prix,20.0,NOR,13.78
Italian Grand Prix,20.0,LAW,42.993
Italian Grand Prix,20.0,HAM,14.818
Italian Grand Prix,20.0,SAI,25.209
Italian Grand Prix,20.0,RUS,27.737
Italian Grand Prix,20.0,BOT,26.306
Italian Grand Prix,20.0,PIA,13.082
Italian Grand Prix,21.0,VER,12.557
Italian Grand Prix,21.0,GAS,43.626
Italian Grand Prix,21.0,PER,0.0
Italian Grand Prix,21.0,ALO,16.826
Italian Grand Prix,21.0,LEC,18.761
Italian Grand Prix,21.0,STR,52.502
Italian Grand Prix,21.0,SAR,40.696
Italian Grand Prix,21.0,MAG,54.536
Italian Grand Prix,21.0,ALB,29.13
Italian Grand Prix,21.0,ZHO,38.535
Italian Grand Prix,21.0,HUL,42.149
Italian Grand Prix,21.0,OCO,26.598
Italian Grand Prix,21.0,NOR,8.395
Italian Grand Prix,21.0,LAW,37.061
Italian Grand Prix,21.0,HAM,9.114
Italian Grand Prix,21.0,SAI,18.252
Italian Grand Prix,21.0,RUS,21.09
Italian Grand Prix,21.0,BOT,22.247
Italian Grand Prix,21.0,PIA,7.566
Italian Grand Prix,22.0,VER,3.457
Italian Grand Prix,22.0,GAS,35.86
Italian Grand Prix,22.0,PER,10.243
Italian Grand Prix,22.0,ALO,29.113
Italian Grand Prix,22.0,LEC,9.518
Italian Grand Prix,22.0,STR,44.259
Italian Grand Prix,22.0,SAR,33.176
Italian Grand Prix,22.0,MAG,46.795
Italian Grand Prix,22.0,ALB,20.978
Italian Grand Prix,22.0,ZHO,30.883
Italian Grand Prix,22.0,HUL,34.238
Italian Grand Prix,22.0,OCO,20.497
Italian Grand Prix,22.0,NOR,5.057
Italian Grand Prix,22.0,LAW,30.135
Italian Grand Prix,22.0,HAM,1.283
Italian Grand Prix,22.0,SAI,8.825
Italian Grand Prix,22.0,RUS,12.82
Italian Grand Prix,22.0,BOT,15.378
Italian Grand Prix,22.0,PIA,0.0
Italian Grand Prix,23.0,VER,1.066
Italian Grand Prix,23.0,GAS,34.764
Italian Grand Prix,23.0,PER,7.257
Italian Grand Prix,23.0,ALO,27.412
Italian Grand Prix,23.0,LEC,6.775
Italian Grand Prix,23.0,STR,42.677
Italian Grand Prix,23.0,SAR,31.775
Italian Grand Prix,23.0,MAG,45.737
Italian Grand Prix,23.0,ALB,19.341
Italian Grand Prix,23.0,ZHO,29.618
Italian Grand Prix,23.0,HUL,32.978
Italian Grand Prix,23.0,OCO,21.421
Italian Grand Prix,23.0,NOR,22.789
Italian Grand Prix,23.0,LAW,28.8
Italian Grand Prix,23.0,HAM,0.0
Italian Grand Prix,23.0,SAI,6.068
Italian Grand Prix,23.0,RUS,10.875
Italian Grand Prix,23.0,BOT,14.951
Italian Grand Prix,23.0,PIA,3.316
Italian Grand Prix,24.0,VER,0.082
Italian Grand Prix,24.0,GAS,34.513
Italian Grand Prix,24.0,PER,5.705
Italian Grand Prix,24.0,ALO,27.05
Italian Grand Prix,24.0,LEC,5.397
Italian Grand Prix,24.0,STR,42.706
Italian Grand Prix,24.0,SAR,31.568
Italian Grand Prix,24.0,MAG,45.962
Italian Grand Prix,24.0,ALB,18.778
Italian Grand Prix,24.0,ZHO,29.46
Italian Grand Prix,24.0,HUL,32.81
Italian Grand Prix,24.0,OCO,27.609
Italian Grand Prix,24.0,NOR,21.622
Italian Grand Prix,24.0,LAW,28.538
Italian Grand Prix,24.0,HAM,0.0
Italian Grand Prix,24.0,SAI,4.659
Italian Grand Prix,24.0,RUS,10.235
Italian Grand Prix,24.0,BOT,15.662
Italian Grand Prix,24.0,PIA,22.859
Italian Grand Prix,25.0,VER,0.0
Italian Grand Prix,25.0,GAS,35.74
Italian Grand Prix,25.0,PER,5.714
Italian Grand Prix,25.0,ALO,27.953
Italian Grand Prix,25.0,LEC,5.462
Italian Grand Prix,25.0,STR,43.886
Italian Grand Prix,25.0,SAR,32.737
Italian Grand Prix,25.0,MAG,47.468
Italian Grand Prix,25.0,ALB,19.68
Italian Grand Prix,25.0,ZHO,30.492
Italian Grand Prix,25.0,HUL,34.043
Italian Grand Prix,25.0,OCO,48.991
Italian Grand Prix,25.0,NOR,22.05
Italian Grand Prix,25.0,LAW,29.746
Italian Grand Prix,25.0,HAM,1.795
Italian Grand Prix,25.0,SAI,4.668
Italian Grand Prix,25.0,RUS,10.559
Italian Grand Prix,25.0,BOT,22.48
Italian Grand Prix,25.0,PIA,23.274
Italian Grand Prix,26.0,VER,0.0
Italian Grand Prix,26.0,GAS,37.544
Italian Grand Prix,26.0,PER,5.812
Italian Grand Prix,26.0,ALO,28.959
Italian Grand Prix,26.0,LEC,5.439
Italian Grand Prix,26.0,STR,45.359
Italian Grand Prix,26.0,SAR,33.972
Italian Grand Prix,26.0,MAG,49.1
Italian Grand Prix,26.0,ALB,20.943
Italian Grand Prix,26.0,ZHO,31.87
Italian Grand Prix,26.0,HUL,35.601
Italian Grand Prix,26.0,OCO,50.363
Italian Grand Prix,26.0,NOR,22.666
Italian Grand Prix,26.0,LAW,31.049
Italian Grand Prix,26.0,HAM,3.416
Italian Grand Prix,26.0,SAI,4.718
Italian Grand Prix,26.0,RUS,11.183
Italian Grand Prix,26.0,BOT,43.269
Italian Grand Prix,26.0,PIA,23.775
Italian Grand Prix,27.0,VER,0.0
Italian Grand Prix,27.0,GAS,39.232
Italian Grand Prix,27.0,PER,6.767
Italian Grand Prix,27.0,ALO,30.124
Italian Grand Prix,27.0,LEC,6.172
Italian Grand Prix,27.0,STR,46.533
Italian Grand Prix,27.0,SAR,35.724
Italian Grand Prix,27.0,MAG,50.819
Italian Grand Prix,27.0,ALB,22.177
Italian Grand Prix,27.0,ZHO,33.717
Italian Grand Prix,27.0,HUL,37.18
Italian Grand Prix,27.0,OCO,51.981
Italian Grand Prix,27.0,NOR,23.65
Italian Grand Prix,27.0,LAW,32.573
Italian Grand Prix,27.0,HAM,11.143
Italian Grand Prix,27.0,SAI,5.382
Italian Grand Prix,27.0,RUS,11.866
Italian Grand Prix,27.0,BOT,43.756
Italian Grand Prix,27.0,PIA,24.522
Italian Grand Prix,28.0,VER,0.0
Italian Grand Prix,28.0,GAS,41.319
Italian Grand Prix,28.0,PER,6.917
Italian Grand Prix,28.0,ALO,31.413
Italian Grand Prix,28.0,LEC,6.401
Italian Grand Prix,28.0,STR,48.184
Italian Grand Prix,28.0,SAR,37.836
Italian Grand Prix,28.0,MAG,52.539
Italian Grand Prix,28.0,ALB,23.767
Italian Grand Prix,28.0,ZHO,36.141
Italian Grand Prix,28.0,HUL,39.346
Italian Grand Prix,28.0,OCO,53.737
Italian Grand Prix,28.0,NOR,24.612
Italian Grand Prix,28.0,LAW,34.515
Italian Grand Prix,28.0,HAM,31.687
Italian Grand Prix,28.0,SAI,5.718
Italian Grand Prix,28.0,RUS,12.716
Italian Grand Prix,28.0,BOT,44.808
Italian Grand Prix,28.0,PIA,25.699
Italian Grand Prix,29.0,VER,0.0
Italian Grand Prix,29.0,GAS,43.231
Italian Grand Prix,29.0,PER,7.052
Italian Grand Prix,29.0,ALO,32.939
Italian Grand Prix,29.0,LEC,6.744
Italian Grand Prix,29.0,STR,49.522
Italian Grand Prix,29.0,SAR,39.91
Italian Grand Prix,29.0,MAG,54.412
Italian Grand Prix,29.0,ALB,25.273
Italian Grand Prix,29.0,ZHO,38.026
Italian Grand Prix,29.0,HUL,41.341
Italian Grand Prix,29.0,OCO,55.616
Italian Grand Prix,29.0,NOR,25.613
Italian Grand Prix,29.0,LAW,36.152
Italian Grand Prix,29.0,HAM,31.798000000000002
Italian Grand Prix,29.0,SAI,5.967
Italian Grand Prix,29.0,RUS,13.385
Italian Grand Prix,29.0,BOT,45.538
Italian Grand Prix,29.0,PIA,26.36
Italian Grand Prix,30.0,VER,0.0
Italian Grand Prix,30.0,GAS,45.491
Italian Grand Prix,30.0,PER,7.411
Italian Grand Prix,30.0,ALO,34.456
Italian Grand Prix,30.0,LEC,7.128
Italian Grand Prix,30.0,STR,51.048
Italian Grand Prix,30.0,SAR,41.633
Italian Grand Prix,30.0,MAG,56.398
Italian Grand Prix,30.0,ALB,26.815
Italian Grand Prix,30.0,ZHO,40.07
Italian Grand Prix,30.0,HUL,43.718
Italian Grand Prix,30.0,OCO,57.526
Italian Grand Prix,30.0,NOR,27.183
Italian Grand Prix,30.0,LAW,38.241
Italian Grand Prix,30.0,HAM,32.74
Italian Grand Prix,30.0,SAI,6.07
Italian Grand Prix,30.0,RUS,13.953
Italian Grand Prix,30.0,BOT,46.783
Italian Grand Prix,30.0,PIA,28.036
Italian Grand Prix,31.0,VER,0.0
Italian Grand Prix,31.0,GAS,52.193
Italian Grand Prix,31.0,PER,8.324
Italian Grand Prix,31.0,ALO,35.802
Italian Grand Prix,31.0,LEC,8.122
Italian Grand Prix,31.0,STR,52.163
Italian Grand Prix,31.0,SAR,43.592
Italian Grand Prix,31.0,MAG,58.382
Italian Grand Prix,31.0,ALB,28.048
Italian Grand Prix,31.0,ZHO,42.251
Italian Grand Prix,31.0,HUL,45.763
Italian Grand Prix,31.0,OCO,59.232
Italian Grand Prix,31.0,NOR,28.59
Italian Grand Prix,31.0,LAW,40.254
Italian Grand Prix,31.0,HAM,33.642
Italian Grand Prix,31.0,SAI,6.286
Italian Grand Prix,31.0,RUS,14.599
Italian Grand Prix,31.0,BOT,47.929
Italian Grand Prix,31.0,PIA,29.394
Italian Grand Prix,32.0,VER,0.0
Italian Grand Prix,32.0,GAS,73.503
Italian Grand Prix,32.0,PER,8.794
Italian Grand Prix,32.0,ALO,37.139
Italian Grand Prix,32.0,LEC,9.581
Italian Grand Prix,32.0,STR,53.585
Italian Grand Prix,32.0,SAR,45.704
Italian Grand Prix,32.0,MAG,60.528
Italian Grand Prix,32.0,ALB,29.07
Italian Grand Prix,32.0,ZHO,44.661
Italian Grand Prix,32.0,HUL,48.329
Italian Grand Prix,32.0,OCO,60.941
Italian Grand Prix,32.0,NOR,29.766
Italian Grand Prix,32.0,LAW,42.34
Italian Grand Prix,32.0,HAM,34.852
Italian Grand Prix,32.0,SAI,6.772
Italian Grand Prix,32.0,RUS,15.248
Italian Grand Prix,32.0,BOT,49.125
Italian Grand Prix,32.0,PIA,30.73
Italian Grand Prix,33.0,VER,0.0
Italian Grand Prix,33.0,GAS,74.702
Italian Grand Prix,33.0,PER,9.574
Italian Grand Prix,33.0,ALO,38.668
Italian Grand Prix,33.0,LEC,10.303
Italian Grand Prix,33.0,STR,55.466
Italian Grand Prix,33.0,SAR,47.757
Italian Grand Prix,33.0,MAG,68.446
Italian Grand Prix,33.0,ALB,30.219
Italian Grand Prix,33.0,ZHO,51.473
Italian Grand Prix,33.0,HUL,51.664
Italian Grand Prix,33.0,OCO,62.664
Italian Grand Prix,33.0,NOR,30.981
Italian Grand Prix,33.0,LAW,48.943
Italian Grand Prix,33.0,HAM,36.196
Italian Grand Prix,33.0,SAI,7.458
Italian Grand Prix,33.0,RUS,16.169
Italian Grand Prix,33.0,BOT,50.758
Italian Grand Prix,33.0,PIA,31.935
Italian Grand Prix,34.0,VER,0.0
Italian Grand Prix,34.0,GAS,75.896
Italian Grand Prix,34.0,PER,9.839
Italian Grand Prix,34.0,ALO,39.548
Italian Grand Prix,34.0,LEC,10.471
Italian Grand Prix,34.0,STR,57.081
Italian Grand Prix,34.0,SAR,49.293
Italian Grand Prix,34.0,MAG,90.096
Italian Grand Prix,34.0,ALB,31.115
Italian Grand Prix,34.0,ZHO,73.752
Italian Grand Prix,34.0,HUL,53.972
Italian Grand Prix,34.0,OCO,64.607
Italian Grand Prix,34.0,NOR,31.664
Italian Grand Prix,34.0,LAW,69.97
Italian Grand Prix,34.0,HAM,36.749
Italian Grand Prix,34.0,SAI,7.901
Italian Grand Prix,34.0,RUS,16.605
Italian Grand Prix,34.0,BOT,51.696
Italian Grand Prix,34.0,PIA,32.969
Italian Grand Prix,35.0,VER,0.0
Italian Grand Prix,35.0,GAS,76.984
Italian Grand Prix,35.0,PER,9.675
Italian Grand Prix,35.0,ALO,40.25
Italian Grand Prix,35.0,LEC,10.506
Italian Grand Prix,35.0,STR,58.236
Italian Grand Prix,35.0,SAR,50.711
Italian Grand Prix,35.0,MAG,90.581
Italian Grand Prix,35.0,ALB,31.845
Italian Grand Prix,35.0,ZHO,73.92
Italian Grand Prix,35.0,HUL,56.102
Italian Grand Prix,35.0,OCO,66.233
Italian Grand Prix,35.0,NOR,32.313
Italian Grand Prix,35.0,LAW,70.415
Italian Grand Prix,35.0,HAM,36.95
Italian Grand Prix,35.0,SAI,7.875
Italian Grand Prix,35.0,RUS,16.979
Italian Grand Prix,35.0,BOT,52.404
Italian Grand Prix,35.0,PIA,33.431
Italian Grand Prix,36.0,VER,0.0
Italian Grand Prix,36.0,GAS,78.183
Italian Grand Prix,36.0,PER,9.704
Italian Grand Prix,36.0,ALO,41.109
Italian Grand Prix,36.0,LEC,10.539
Italian Grand Prix,36.0,STR,59.734
Italian Grand Prix,36.0,SAR,52.255
Italian Grand Prix,36.0,MAG,91.368
Italian Grand Prix,36.0,ALB,33.228
Italian Grand Prix,36.0,ZHO,75.257
Italian Grand Prix,36.0,HUL,58.588
Italian Grand Prix,36.0,OCO,68.111
Italian Grand Prix,36.0,NOR,33.775
Italian Grand Prix,36.0,LAW,71.201
Italian Grand Prix,36.0,HAM,37.557
Italian Grand Prix,36.0,SAI,8.288
Italian Grand Prix,36.0,RUS,17.752
Italian Grand Prix,36.0,BOT,53.588
Italian Grand Prix,36.0,PIA,34.472
Italian Grand Prix,37.0,VER,0.0
Italian Grand Prix,37.0,GAS,78.999
Italian Grand Prix,37.0,PER,9.778
Italian Grand Prix,37.0,ALO,41.806
Italian Grand Prix,37.0,LEC,10.527
Italian Grand Prix,37.0,STR,61.424
Italian Grand Prix,37.0,SAR,53.864
Italian Grand Prix,37.0,MAG,92.139
Italian Grand Prix,37.0,ALB,34.376
Italian Grand Prix,37.0,ZHO,76.274
Italian Grand Prix,37.0,HUL,60.911
Italian Grand Prix,37.0,OCO,69.857
Italian Grand Prix,37.0,NOR,34.687
Italian Grand Prix,37.0,LAW,71.771
Italian Grand Prix,37.0,HAM,37.873
Italian Grand Prix,37.0,SAI,8.491
Italian Grand Prix,37.0,RUS,18.066
Italian Grand Prix,37.0,BOT,54.45
Italian Grand Prix,37.0,PIA,35.595
Italian Grand Prix,38.0,VER,0.0
Italian Grand Prix,38.0,GAS,79.771
Italian Grand Prix,38.0,PER,9.777
Italian Grand Prix,38.0,ALO,42.795
Italian Grand Prix,38.0,LEC,10.522
Italian Grand Prix,38.0,STR,62.741
Italian Grand Prix,38.0,SAR,55.382
Italian Grand Prix,38.0,MAG,92.948
Italian Grand Prix,38.0,ALB,36.161
Italian Grand Prix,38.0,ZHO,77.192
Italian Grand Prix,38.0,HUL,64.295
Italian Grand Prix,38.0,OCO,71.351
Italian Grand Prix,38.0,NOR,36.669
Italian Grand Prix,38.0,LAW,72.289
Italian Grand Prix,38.0,HAM,38.562
Italian Grand Prix,38.0,SAI,8.611
Italian Grand Prix,38.0,RUS,18.328
Italian Grand Prix,38.0,BOT,55.958
Italian Grand Prix,38.0,PIA,37.156
Italian Grand Prix,39.0,VER,0.0
Italian Grand Prix,39.0,GAS,81.021
Italian Grand Prix,39.0,PER,9.813
Italian Grand Prix,39.0,ALO,44.016
Italian Grand Prix,39.0,LEC,10.665
Italian Grand Prix,39.0,STR,64.159
Italian Grand Prix,39.0,SAR,57.033
Italian Grand Prix,39.0,MAG,97.805
Italian Grand Prix,39.0,ALB,37.477
Italian Grand Prix,39.0,ZHO,78.179
Italian Grand Prix,39.0,HUL,71.315
Italian Grand Prix,39.0,OCO,92.469
Italian Grand Prix,39.0,NOR,37.975
Italian Grand Prix,39.0,LAW,73.048
Italian Grand Prix,39.0,HAM,39.325
Italian Grand Prix,39.0,SAI,9.049
Italian Grand Prix,39.0,RUS,19.052
Italian Grand Prix,39.0,BOT,57.453
Italian Grand Prix,39.0,PIA,38.836
Italian Grand Prix,40.0,VER,0.0
Italian Grand Prix,40.0,GAS,81.668
Italian Grand Prix,40.0,PER,9.538
Italian Grand Prix,40.0,ALO,44.725
Italian Grand Prix,40.0,LEC,10.492
Italian Grand Prix,40.0,STR,65.33
Italian Grand Prix,40.0,SAR,58.772
Italian Grand Prix,40.0,MAG,98.6
Italian Grand Prix,40.0,ALB,38.148
Italian Grand Prix,40.0,ZHO,78.684
Italian Grand Prix,40.0,HUL,91.784
Italian Grand Prix,40.0,NOR,38.835
Italian Grand Prix,40.0,LAW,73.42
Italian Grand Prix,40.0,HAM,40.082
Italian Grand Prix,40.0,SAI,9.27
Italian Grand Prix,40.0,RUS,19.395
Italian Grand Prix,40.0,BOT,59.414
Italian Grand Prix,40.0,PIA,39.788
Italian Grand Prix,41.0,VER,0.0
Italian Grand Prix,41.0,GAS,82.235
Italian Grand Prix,41.0,PER,10.478
Italian Grand Prix,41.0,ALO,45.761
Italian Grand Prix,41.0,LEC,11.224
Italian Grand Prix,41.0,STR,66.467
Italian Grand Prix,41.0,SAR,60.173
Italian Grand Prix,41.0,MAG,99.149
Italian Grand Prix,41.0,ALB,39.044
Italian Grand Prix,41.0,ZHO,79.505
Italian Grand Prix,41.0,HUL,92.4
Italian Grand Prix,41.0,NOR,39.618
Italian Grand Prix,41.0,LAW,74.058
Italian Grand Prix,41.0,HAM,41.804
Italian Grand Prix,41.0,SAI,10.229
Italian Grand Prix,41.0,RUS,20.23
Italian Grand Prix,41.0,BOT,60.838
Italian Grand Prix,41.0,PIA,48.529
Italian Grand Prix,42.0,VER,0.0
Italian Grand Prix,42.0,GAS,82.748
Italian Grand Prix,42.0,PER,11.105
Italian Grand Prix,42.0,ALO,46.252
Italian Grand Prix,42.0,LEC,11.76
Italian Grand Prix,42.0,STR,67.622
Italian Grand Prix,42.0,SAR,61.437
Italian Grand Prix,42.0,MAG,99.515
Italian Grand Prix,42.0,ALB,39.84
Italian Grand Prix,42.0,ZHO,80.264
Italian Grand Prix,42.0,HUL,92.59
Italian Grand Prix,42.0,NOR,40.329
Italian Grand Prix,42.0,LAW,74.267
Italian Grand Prix,42.0,HAM,42.108
Italian Grand Prix,42.0,SAI,10.796
Italian Grand Prix,42.0,RUS,20.653
Italian Grand Prix,42.0,BOT,61.79
Italian Grand Prix,42.0,PIA,76.21
Italian Grand Prix,43.0,VER,0.0
Italian Grand Prix,43.0,GAS,82.675
Italian Grand Prix,43.0,PER,11.735
Italian Grand Prix,43.0,ALO,46.363
Italian Grand Prix,43.0,LEC,12.363
Italian Grand Prix,43.0,STR,72.762
Italian Grand Prix,43.0,SAR,64.828
Italian Grand Prix,43.0,MAG,100.032
Italian Grand Prix,43.0,ALB,40.759
Italian Grand Prix,43.0,ZHO,80.558
Italian Grand Prix,43.0,HUL,92.83
Italian Grand Prix,43.0,NOR,41.145
Italian Grand Prix,43.0,LAW,74.416
Italian Grand Prix,43.0,HAM,42.207
Italian Grand Prix,43.0,SAI,11.391
Italian Grand Prix,43.0,RUS,21.085
Italian Grand Prix,43.0,BOT,63.549
Italian Grand Prix,43.0,PIA,75.288
Italian Grand Prix,44.0,VER,0.0
Italian Grand Prix,44.0,GAS,82.682
Italian Grand Prix,44.0,PER,12.313
Italian Grand Prix,44.0,ALO,46.767
Italian Grand Prix,44.0,LEC,13.198
Italian Grand Prix,44.0,STR,75.225
Italian Grand Prix,44.0,SAR,66.763
Italian Grand Prix,44.0,MAG,100.795
Italian Grand Prix,44.0,ALB,42.733
Italian Grand Prix,44.0,ZHO,81.12
Italian Grand Prix,44.0,HUL,93.538
Italian Grand Prix,44.0,NOR,43.385
Italian Grand Prix,44.0,LAW,74.507
Italian Grand Prix,44.0,HAM,43.608
Italian Grand Prix,44.0,SAI,12.07
Italian Grand Prix,44.0,RUS,21.67
Italian Grand Prix,44.0,BOT,64.76
Italian Grand Prix,44.0,PIA,75.227
Italian Grand Prix,45.0,VER,0.0
Italian Grand Prix,45.0,GAS,83.063
Italian Grand Prix,45.0,PER,12.97
Italian Grand Prix,45.0,ALO,47.128
Italian Grand Prix,45.0,LEC,13.603
Italian Grand Prix,45.0,STR,77.645
Italian Grand Prix,45.0,SAR,68.349
Italian Grand Prix,45.0,MAG,101.666
Italian Grand Prix,45.0,ALB,43.724
Italian Grand Prix,45.0,ZHO,81.665
Italian Grand Prix,45.0,HUL,94.345
Italian Grand Prix,45.0,NOR,44.935
Italian Grand Prix,45.0,LAW,74.725
Italian Grand Prix,45.0,HAM,44.025
Italian Grand Prix,45.0,SAI,12.786
Italian Grand Prix,45.0,RUS,22.148
Italian Grand Prix,45.0,BOT,65.733
Italian Grand Prix,45.0,PIA,75.45
Italian Grand Prix,46.0,VER,0.0
Italian Grand Prix,46.0,GAS,83.17
Italian Grand Prix,46.0,PER,12.383
Italian Grand Prix,46.0,ALO,47.396
Italian Grand Prix,46.0,LEC,13.998
Italian Grand Prix,46.0,STR,78.613
Italian Grand Prix,46.0,SAR,69.873
Italian Grand Prix,46.0,MAG,102.464
Italian Grand Prix,46.0,ALB,44.791
Italian Grand Prix,46.0,ZHO,81.614
Italian Grand Prix,46.0,HUL,94.805
Italian Grand Prix,46.0,NOR,45.767
Italian Grand Prix,46.0,LAW,74.558
Italian Grand Prix,46.0,HAM,45.033
Italian Grand Prix,46.0,SAI,13.904
Italian Grand Prix,46.0,RUS,22.421
Italian Grand Prix,46.0,BOT,66.354
Italian Grand Prix,46.0,PIA,74.997
Italian Grand Prix,47.0,VER,0.0
Italian Grand Prix,47.0,GAS,83.177
Italian Grand Prix,47.0,PER,12.722
Italian Grand Prix,47.0,ALO,48.171
Italian Grand Prix,47.0,LEC,15.232
Italian Grand Prix,47.0,STR,79.743
Italian Grand Prix,47.0,SAR,71.358
Italian Grand Prix,47.0,MAG,102.987
Italian Grand Prix,47.0,ALB,47.145
Italian Grand Prix,47.0,ZHO,81.782
Italian Grand Prix,47.0,HUL,94.919
Italian Grand Prix,47.0,NOR,47.516
Italian Grand Prix,47.0,LAW,75.077
Italian Grand Prix,47.0,HAM,45.016
Italian Grand Prix,47.0,SAI,14.863
Italian Grand Prix,47.0,RUS,22.924
Italian Grand Prix,47.0,BOT,66.953
Italian Grand Prix,47.0,PIA,75.474
Italian Grand Prix,48.0,VER,0.0
Italian Grand Prix,48.0,GAS,82.23
Italian Grand Prix,48.0,PER,11.595
Italian Grand Prix,48.0,ALO,48.119
Italian Grand Prix,48.0,LEC,14.825
Italian Grand Prix,48.0,STR,80.098
Italian Grand Prix,48.0,SAR,71.563
Italian Grand Prix,48.0,MAG,102.491
Italian Grand Prix,48.0,ALB,46.732
Italian Grand Prix,48.0,ZHO,80.995
Italian Grand Prix,48.0,HUL,94.043
Italian Grand Prix,48.0,NOR,47.014
Italian Grand Prix,48.0,LAW,73.94
Italian Grand Prix,48.0,HAM,43.596
Italian Grand Prix,48.0,SAI,14.428
Italian Grand Prix,48.0,RUS,21.976
Italian Grand Prix,48.0,BOT,66.723
Italian Grand Prix,48.0,PIA,74.306
Italian Grand Prix,49.0,VER,0.0
Italian Grand Prix,49.0,GAS,82.236
Italian Grand Prix,49.0,PER,9.693999999999999
Italian Grand Prix,49.0,ALO,47.457
Italian Grand Prix,49.0,LEC,13.551
Italian Grand Prix,49.0,STR,81.658
Italian Grand Prix,49.0,SAR,71.398
Italian Grand Prix,49.0,MAG,101.638
Italian Grand Prix,49.0,ALB,46.394
Italian Grand Prix,49.0,ZHO,81.913
Italian Grand Prix,49.0,HUL,92.117
Italian Grand Prix,49.0,NOR,46.768
Italian Grand Prix,49.0,LAW,73.268
Italian Grand Prix,49.0,HAM,41.577
Italian Grand Prix,49.0,SAI,13.291
Italian Grand Prix,49.0,RUS,20.444
Italian Grand Prix,49.0,BOT,65.95
Italian Grand Prix,49.0,PIA,72.24
Italian Grand Prix,50.0,VER,0.0
Italian Grand Prix,50.0,GAS,81.218
Italian Grand Prix,50.0,PER,7.686
Italian Grand Prix,50.0,ALO,46.424
Italian Grand Prix,50.0,LEC,12.119
Italian Grand Prix,50.0,STR,84.13
Italian Grand Prix,50.0,SAR,72.631
Italian Grand Prix,50.0,MAG,100.149
Italian Grand Prix,50.0,ALB,45.198
Italian Grand Prix,50.0,ZHO,80.288
Italian Grand Prix,50.0,HUL,89.618
Italian Grand Prix,50.0,NOR,45.549
Italian Grand Prix,50.0,LAW,71.311
Italian Grand Prix,50.0,HAM,39.111
Italian Grand Prix,50.0,SAI,11.674
Italian Grand Prix,50.0,RUS,18.925
Italian Grand Prix,50.0,BOT,64.507
Italian Grand Prix,50.0,PIA,69.44
Italian Grand Prix,51.0,VER,0.0
Italian Grand Prix,51.0,GAS,143.693
Italian Grand Prix,51.0,PER,6.064
Italian Grand Prix,51.0,ALO,46.294
Italian Grand Prix,51.0,LEC,11.377
Italian Grand Prix,51.0,STR,146.605
Italian Grand Prix,51.0,SAR,135.106
Italian Grand Prix,51.0,MAG,162.624
Italian Grand Prix,51.0,ALB,45.106
Italian Grand Prix,51.0,ZHO,142.763
Italian Grand Prix,51.0,HUL,152.093
Italian Grand Prix,51.0,NOR,45.449
Italian Grand Prix,51.0,LAW,133.786
Italian Grand Prix,51.0,HAM,37.679
Italian Grand Prix,51.0,SAI,11.193
Italian Grand Prix,51.0,RUS,18.028
Italian Grand Prix,51.0,BOT,126.982
Italian Grand Prix,51.0,PIA,131.915
Singapore Grand Prix,1.0,VER,6.518
Singapore Grand Prix,1.0,GAS,6.806
Singapore Grand Prix,1.0,PER,8.28
Singapore Grand Prix,1.0,ALO,4.068
Singapore Grand Prix,1.0,LEC,1.2349999999999999
Singapore Grand Prix,1.0,SAR,10.751
Singapore Grand Prix,1.0,MAG,5.036
Singapore Grand Prix,1.0,TSU,0.0
Singapore Grand Prix,1.0,ALB,9.768
Singapore Grand Prix,1.0,ZHO,11.748
Singapore Grand Prix,1.0,HUL,5.882
Singapore Grand Prix,1.0,OCO,4.486
Singapore Grand Prix,1.0,NOR,3.106
Singapore Grand Prix,1.0,LAW,7.625
Singapore Grand Prix,1.0,HAM,1.714
Singapore Grand Prix,1.0,SAI,0.0
Singapore Grand Prix,1.0,RUS,2.463
Singapore Grand Prix,1.0,BOT,11.405
Singapore Grand Prix,1.0,PIA,8.618
Singapore Grand Prix,2.0,VER,6.731
Singapore Grand Prix,2.0,GAS,7.776
Singapore Grand Prix,2.0,PER,8.906
Singapore Grand Prix,2.0,ALO,4.9399999999999995
Singapore Grand Prix,2.0,LEC,1.19
Singapore Grand Prix,2.0,SAR,11.350999999999999
Singapore Grand Prix,2.0,MAG,6.321
Singapore Grand Prix,2.0,ALB,10.287
Singapore Grand Prix,2.0,ZHO,20.334
Singapore Grand Prix,2.0,HUL,7.348
Singapore Grand Prix,2.0,OCO,5.504
Singapore Grand Prix,2.0,NOR,3.549
Singapore Grand Prix,2.0,LAW,8.381
Singapore Grand Prix,2.0,HAM,2.918
Singapore Grand Prix,2.0,SAI,0.0
Singapore Grand Prix,2.0,RUS,2.183
Singapore Grand Prix,2.0,BOT,12.204
Singapore Grand Prix,2.0,PIA,9.295
Singapore Grand Prix,3.0,VER,7.279
Singapore Grand Prix,3.0,GAS,8.256
Singapore Grand Prix,3.0,PER,9.566
Singapore Grand Prix,3.0,ALO,5.327
Singapore Grand Prix,3.0,LEC,0.98
Singapore Grand Prix,3.0,SAR,12.089
Singapore Grand Prix,3.0,MAG,6.898
Singapore Grand Prix,3.0,ALB,11.108
Singapore Grand Prix,3.0,ZHO,42.088
Singapore Grand Prix,3.0,HUL,7.786
Singapore Grand Prix,3.0,OCO,5.7379999999999995
Singapore Grand Prix,3.0,NOR,3.711
Singapore Grand Prix,3.0,LAW,8.933
Singapore Grand Prix,3.0,HAM,3.044
Singapore Grand Prix,3.0,SAI,0.0
Singapore Grand Prix,3.0,RUS,2.165
Singapore Grand Prix,3.0,BOT,14.278
Singapore Grand Prix,3.0,PIA,10.242
Singapore Grand Prix,4.0,VER,7.842
Singapore Grand Prix,4.0,GAS,9.01
Singapore Grand Prix,4.0,PER,10.34
Singapore Grand Prix,4.0,ALO,6.103
Singapore Grand Prix,4.0,LEC,1.061
Singapore Grand Prix,4.0,SAR,13.384
Singapore Grand Prix,4.0,MAG,7.322
Singapore Grand Prix,4.0,ALB,12.001
Singapore Grand Prix,4.0,ZHO,41.377
Singapore Grand Prix,4.0,HUL,8.462
Singapore Grand Prix,4.0,OCO,6.533
Singapore Grand Prix,4.0,NOR,4.809
Singapore Grand Prix,4.0,LAW,9.712
Singapore Grand Prix,4.0,HAM,5.325
Singapore Grand Prix,4.0,SAI,0.0
Singapore Grand Prix,4.0,RUS,2.6710000000000003
Singapore Grand Prix,4.0,BOT,15.464
Singapore Grand Prix,4.0,PIA,11.032
Singapore Grand Prix,5.0,VER,8.599
Singapore Grand Prix,5.0,GAS,9.751
Singapore Grand Prix,5.0,PER,11.12
Singapore Grand Prix,5.0,ALO,6.746
Singapore Grand Prix,5.0,LEC,0.838
Singapore Grand Prix,5.0,SAR,14.097
Singapore Grand Prix,5.0,MAG,8.24
Singapore Grand Prix,5.0,ALB,12.811
Singapore Grand Prix,5.0,ZHO,41.197
Singapore Grand Prix,5.0,HUL,9.261
Singapore Grand Prix,5.0,OCO,7.311
Singapore Grand Prix,5.0,NOR,4.543
Singapore Grand Prix,5.0,LAW,10.512
Singapore Grand Prix,5.0,HAM,5.752
Singapore Grand Prix,5.0,SAI,0.0
Singapore Grand Prix,5.0,RUS,2.584
Singapore Grand Prix,5.0,BOT,16.67
Singapore Grand Prix,5.0,PIA,11.722
Singapore Grand Prix,6.0,VER,9.799
Singapore Grand Prix,6.0,GAS,11.467
Singapore Grand Prix,6.0,PER,14.154
Singapore Grand Prix,6.0,ALO,7.319
Singapore Grand Prix,6.0,LEC,0.89
Singapore Grand Prix,6.0,SAR,15.62
Singapore Grand Prix,6.0,MAG,10.753
Singapore Grand Prix,6.0,ALB,14.699
Singapore Grand Prix,6.0,ZHO,41.555
Singapore Grand Prix,6.0,HUL,11.097
Singapore Grand Prix,6.0,OCO,8.106
Singapore Grand Prix,6.0,NOR,4.422
Singapore Grand Prix,6.0,LAW,12.332
Singapore Grand Prix,6.0,HAM,5.765
Singapore Grand Prix,6.0,SAI,0.0
Singapore Grand Prix,6.0,RUS,2.692
Singapore Grand Prix,6.0,BOT,17.826999999999998
Singapore Grand Prix,6.0,PIA,14.282
Singapore Grand Prix,7.0,VER,10.044
Singapore Grand Prix,7.0,GAS,12.688
Singapore Grand Prix,7.0,PER,15.329
Singapore Grand Prix,7.0,ALO,7.915
Singapore Grand Prix,7.0,LEC,0.991
Singapore Grand Prix,7.0,SAR,18.328
Singapore Grand Prix,7.0,MAG,11.409
Singapore Grand Prix,7.0,ALB,17.628
Singapore Grand Prix,7.0,ZHO,41.965
Singapore Grand Prix,7.0,HUL,12.036
Singapore Grand Prix,7.0,OCO,8.66
Singapore Grand Prix,7.0,NOR,4.216
Singapore Grand Prix,7.0,LAW,13.622
Singapore Grand Prix,7.0,HAM,5.505
Singapore Grand Prix,7.0,SAI,0.0
Singapore Grand Prix,7.0,RUS,2.785
Singapore Grand Prix,7.0,BOT,20.046
Singapore Grand Prix,7.0,PIA,16.413
Singapore Grand Prix,8.0,VER,9.718
Singapore Grand Prix,8.0,GAS,12.862
Singapore Grand Prix,8.0,PER,15.382
Singapore Grand Prix,8.0,ALO,7.622
Singapore Grand Prix,8.0,LEC,0.884
Singapore Grand Prix,8.0,SAR,19.508
Singapore Grand Prix,8.0,MAG,11.536
Singapore Grand Prix,8.0,ALB,18.443
Singapore Grand Prix,8.0,ZHO,42.702
Singapore Grand Prix,8.0,HUL,12.267
Singapore Grand Prix,8.0,OCO,8.496
Singapore Grand Prix,8.0,NOR,4.014
Singapore Grand Prix,8.0,LAW,14.012
Singapore Grand Prix,8.0,HAM,5.168
Singapore Grand Prix,8.0,SAI,0.0
Singapore Grand Prix,8.0,RUS,2.746
Singapore Grand Prix,8.0,BOT,21.696
Singapore Grand Prix,8.0,PIA,17.001
Singapore Grand Prix,9.0,VER,10.356
Singapore Grand Prix,9.0,GAS,14.299
Singapore Grand Prix,9.0,PER,16.45
Singapore Grand Prix,9.0,ALO,8.418
Singapore Grand Prix,9.0,LEC,0.904
Singapore Grand Prix,9.0,SAR,21.11
Singapore Grand Prix,9.0,MAG,12.905
Singapore Grand Prix,9.0,ALB,19.686
Singapore Grand Prix,9.0,ZHO,43.631
Singapore Grand Prix,9.0,HUL,13.619
Singapore Grand Prix,9.0,OCO,9.213
Singapore Grand Prix,9.0,NOR,4.518
Singapore Grand Prix,9.0,LAW,15.272
Singapore Grand Prix,9.0,HAM,5.854
Singapore Grand Prix,9.0,SAI,0.0
Singapore Grand Prix,9.0,RUS,3.159
Singapore Grand Prix,9.0,BOT,23.373
Singapore Grand Prix,9.0,PIA,17.849
Singapore Grand Prix,10.0,VER,10.395
Singapore Grand Prix,10.0,GAS,14.308
Singapore Grand Prix,10.0,PER,16.724
Singapore Grand Prix,10.0,ALO,8.604
Singapore Grand Prix,10.0,LEC,1.325
Singapore Grand Prix,10.0,SAR,21.48
Singapore Grand Prix,10.0,MAG,13.04
Singapore Grand Prix,10.0,ALB,19.942
Singapore Grand Prix,10.0,ZHO,43.828
Singapore Grand Prix,10.0,HUL,13.883
Singapore Grand Prix,10.0,OCO,9.533
Singapore Grand Prix,10.0,NOR,4.123
Singapore Grand Prix,10.0,LAW,15.501
Singapore Grand Prix,10.0,HAM,5.629
Singapore Grand Prix,10.0,SAI,0.0
Singapore Grand Prix,10.0,RUS,2.883
Singapore Grand Prix,10.0,BOT,24.234
Singapore Grand Prix,10.0,PIA,18.008
Singapore Grand Prix,11.0,VER,10.521
Singapore Grand Prix,11.0,GAS,14.739
Singapore Grand Prix,11.0,PER,17.12
Singapore Grand Prix,11.0,ALO,8.454
Singapore Grand Prix,11.0,LEC,1.431
Singapore Grand Prix,11.0,SAR,21.894
Singapore Grand Prix,11.0,MAG,13.158
Singapore Grand Prix,11.0,ALB,20.008
Singapore Grand Prix,11.0,ZHO,44.065
Singapore Grand Prix,11.0,HUL,14.145
Singapore Grand Prix,11.0,OCO,9.321
Singapore Grand Prix,11.0,NOR,4.181
Singapore Grand Prix,11.0,LAW,16.028
Singapore Grand Prix,11.0,HAM,5.573
Singapore Grand Prix,11.0,SAI,0.0
Singapore Grand Prix,11.0,RUS,3.181
Singapore Grand Prix,11.0,BOT,25.313
Singapore Grand Prix,11.0,PIA,18.389
Singapore Grand Prix,12.0,VER,10.593
Singapore Grand Prix,12.0,GAS,14.648
Singapore Grand Prix,12.0,PER,17.305
Singapore Grand Prix,12.0,ALO,8.307
Singapore Grand Prix,12.0,LEC,1.293
Singapore Grand Prix,12.0,SAR,21.918
Singapore Grand Prix,12.0,MAG,13.333
Singapore Grand Prix,12.0,ALB,19.936
Singapore Grand Prix,12.0,ZHO,43.851
Singapore Grand Prix,12.0,HUL,14.094
Singapore Grand Prix,12.0,OCO,9.179
Singapore Grand Prix,12.0,NOR,4.117
Singapore Grand Prix,12.0,LAW,15.952
Singapore Grand Prix,12.0,HAM,5.261
Singapore Grand Prix,12.0,SAI,0.0
Singapore Grand Prix,12.0,RUS,3.114
Singapore Grand Prix,12.0,BOT,25.846
Singapore Grand Prix,12.0,PIA,18.422
Singapore Grand Prix,13.0,VER,10.93
Singapore Grand Prix,13.0,GAS,15.121
Singapore Grand Prix,13.0,PER,17.792
Singapore Grand Prix,13.0,ALO,8.505
Singapore Grand Prix,13.0,LEC,1.091
Singapore Grand Prix,13.0,SAR,22.359
Singapore Grand Prix,13.0,MAG,13.805
Singapore Grand Prix,13.0,ALB,20.335
Singapore Grand Prix,13.0,ZHO,43.892
Singapore Grand Prix,13.0,HUL,14.521
Singapore Grand Prix,13.0,OCO,9.385
Singapore Grand Prix,13.0,NOR,4.133
Singapore Grand Prix,13.0,LAW,16.238
Singapore Grand Prix,13.0,HAM,4.986
Singapore Grand Prix,13.0,SAI,0.0
Singapore Grand Prix,13.0,RUS,3.102
Singapore Grand Prix,13.0,BOT,26.684
Singapore Grand Prix,13.0,PIA,19.185
Singapore Grand Prix,14.0,VER,11.165
Singapore Grand Prix,14.0,GAS,15.35
Singapore Grand Prix,14.0,PER,17.708
Singapore Grand Prix,14.0,ALO,8.287
Singapore Grand Prix,14.0,LEC,2.315
Singapore Grand Prix,14.0,SAR,22.944
Singapore Grand Prix,14.0,MAG,13.922
Singapore Grand Prix,14.0,ALB,20.712
Singapore Grand Prix,14.0,ZHO,44.327
Singapore Grand Prix,14.0,HUL,14.764
Singapore Grand Prix,14.0,OCO,9.234
Singapore Grand Prix,14.0,NOR,4.156
Singapore Grand Prix,14.0,LAW,16.516
Singapore Grand Prix,14.0,HAM,4.861
Singapore Grand Prix,14.0,SAI,0.0
Singapore Grand Prix,14.0,RUS,3.462
Singapore Grand Prix,14.0,BOT,27.241
Singapore Grand Prix,14.0,PIA,19.094
Singapore Grand Prix,15.0,VER,11.434
Singapore Grand Prix,15.0,GAS,16.015
Singapore Grand Prix,15.0,PER,18.309
Singapore Grand Prix,15.0,ALO,8.445
Singapore Grand Prix,15.0,LEC,1.991
Singapore Grand Prix,15.0,SAR,23.845
Singapore Grand Prix,15.0,MAG,14.583
Singapore Grand Prix,15.0,ALB,21.413
Singapore Grand Prix,15.0,ZHO,44.853
Singapore Grand Prix,15.0,HUL,15.52
Singapore Grand Prix,15.0,OCO,9.65
Singapore Grand Prix,15.0,NOR,4.466
Singapore Grand Prix,15.0,LAW,17.307
Singapore Grand Prix,15.0,HAM,5.318
Singapore Grand Prix,15.0,SAI,0.0
Singapore Grand Prix,15.0,RUS,3.49
Singapore Grand Prix,15.0,BOT,28.097
Singapore Grand Prix,15.0,PIA,19.866
Singapore Grand Prix,16.0,VER,12.426
Singapore Grand Prix,16.0,GAS,17.546
Singapore Grand Prix,16.0,PER,19.599
Singapore Grand Prix,16.0,ALO,9.285
Singapore Grand Prix,16.0,LEC,2.218
Singapore Grand Prix,16.0,SAR,25.412
Singapore Grand Prix,16.0,MAG,15.856
Singapore Grand Prix,16.0,ALB,22.83
Singapore Grand Prix,16.0,ZHO,45.88
Singapore Grand Prix,16.0,HUL,16.911
Singapore Grand Prix,16.0,OCO,10.639
Singapore Grand Prix,16.0,NOR,5.41
Singapore Grand Prix,16.0,LAW,18.85
Singapore Grand Prix,16.0,HAM,6.705
Singapore Grand Prix,16.0,SAI,0.0
Singapore Grand Prix,16.0,RUS,4.154
Singapore Grand Prix,16.0,BOT,29.624
Singapore Grand Prix,16.0,PIA,21.068
Singapore Grand Prix,17.0,VER,13.459
Singapore Grand Prix,17.0,GAS,18.771
Singapore Grand Prix,17.0,PER,21.138
Singapore Grand Prix,17.0,ALO,10.336
Singapore Grand Prix,17.0,LEC,2.57
Singapore Grand Prix,17.0,SAR,27.077
Singapore Grand Prix,17.0,MAG,17.267
Singapore Grand Prix,17.0,ALB,24.071
Singapore Grand Prix,17.0,ZHO,46.856
Singapore Grand Prix,17.0,HUL,18.216
Singapore Grand Prix,17.0,OCO,11.766
Singapore Grand Prix,17.0,NOR,5.986
Singapore Grand Prix,17.0,LAW,20.342
Singapore Grand Prix,17.0,HAM,7.6370000000000005
Singapore Grand Prix,17.0,SAI,0.0
Singapore Grand Prix,17.0,RUS,4.735
Singapore Grand Prix,17.0,BOT,30.985
Singapore Grand Prix,17.0,PIA,22.466
Singapore Grand Prix,18.0,VER,14.931000000000001
Singapore Grand Prix,18.0,GAS,20.645
Singapore Grand Prix,18.0,PER,23.223
Singapore Grand Prix,18.0,ALO,11.66
Singapore Grand Prix,18.0,LEC,3.191
Singapore Grand Prix,18.0,SAR,29.655
Singapore Grand Prix,18.0,MAG,19.268
Singapore Grand Prix,18.0,ALB,26.028
Singapore Grand Prix,18.0,ZHO,48.446
Singapore Grand Prix,18.0,HUL,20.101
Singapore Grand Prix,18.0,OCO,13.197
Singapore Grand Prix,18.0,NOR,6.687
Singapore Grand Prix,18.0,LAW,22.469
Singapore Grand Prix,18.0,HAM,9.009
Singapore Grand Prix,18.0,SAI,0.0
Singapore Grand Prix,18.0,RUS,5.429
Singapore Grand Prix,18.0,BOT,32.897
Singapore Grand Prix,18.0,PIA,24.369
Singapore Grand Prix,19.0,VER,16.648
Singapore Grand Prix,19.0,GAS,22.677
Singapore Grand Prix,19.0,PER,25.598
Singapore Grand Prix,19.0,ALO,12.977
Singapore Grand Prix,19.0,LEC,4.398
Singapore Grand Prix,19.0,SAR,80.271
Singapore Grand Prix,19.0,MAG,21.246
Singapore Grand Prix,19.0,ALB,28.173
Singapore Grand Prix,19.0,ZHO,51.101
Singapore Grand Prix,19.0,HUL,22.168
Singapore Grand Prix,19.0,OCO,14.658
Singapore Grand Prix,19.0,NOR,7.538
Singapore Grand Prix,19.0,LAW,24.726
Singapore Grand Prix,19.0,HAM,9.374
Singapore Grand Prix,19.0,SAI,0.0
Singapore Grand Prix,19.0,RUS,6.396
Singapore Grand Prix,19.0,BOT,35.654
Singapore Grand Prix,19.0,PIA,26.662
Singapore Grand Prix,20.0,VER,18.118
Singapore Grand Prix,20.0,GAS,34.574
Singapore Grand Prix,20.0,PER,29.888
Singapore Grand Prix,20.0,ALO,20.453
Singapore Grand Prix,20.0,LEC,9.198
Singapore Grand Prix,20.0,SAR,154.361
Singapore Grand Prix,20.0,MAG,30.958
Singapore Grand Prix,20.0,ALB,39.948
Singapore Grand Prix,20.0,ZHO,70.971
Singapore Grand Prix,20.0,HUL,34.023
Singapore Grand Prix,20.0,OCO,23.721
Singapore Grand Prix,20.0,NOR,11.872
Singapore Grand Prix,20.0,LAW,36.357
Singapore Grand Prix,20.0,HAM,14.365
Singapore Grand Prix,20.0,SAI,0.0
Singapore Grand Prix,20.0,RUS,9.977
Singapore Grand Prix,20.0,BOT,43.49
Singapore Grand Prix,20.0,PIA,38.836
Singapore Grand Prix,21.0,VER,1.558
Singapore Grand Prix,21.0,GAS,15.606
Singapore Grand Prix,21.0,PER,3.838
Singapore Grand Prix,21.0,ALO,9.019
Singapore Grand Prix,21.0,LEC,5.312
Singapore Grand Prix,21.0,SAR,100.809
Singapore Grand Prix,21.0,MAG,13.854
Singapore Grand Prix,21.0,ALB,23.549
Singapore Grand Prix,21.0,ZHO,38.589
Singapore Grand Prix,21.0,HUL,21.207
Singapore Grand Prix,21.0,OCO,11.368
Singapore Grand Prix,21.0,NOR,4.509
Singapore Grand Prix,21.0,LAW,19.706
Singapore Grand Prix,21.0,HAM,7.523
Singapore Grand Prix,21.0,SAI,0.0
Singapore Grand Prix,21.0,RUS,2.551
Singapore Grand Prix,21.0,BOT,12.929
Singapore Grand Prix,21.0,PIA,17.963
Singapore Grand Prix,22.0,VER,0.783
Singapore Grand Prix,22.0,GAS,5.595
Singapore Grand Prix,22.0,PER,1.659
Singapore Grand Prix,22.0,ALO,3.476
Singapore Grand Prix,22.0,LEC,2.5
Singapore Grand Prix,22.0,SAR,50.422
Singapore Grand Prix,22.0,MAG,5.096
Singapore Grand Prix,22.0,ALB,7.99
Singapore Grand Prix,22.0,ZHO,8.581
Singapore Grand Prix,22.0,HUL,7.319
Singapore Grand Prix,22.0,OCO,3.92
Singapore Grand Prix,22.0,NOR,2.035
Singapore Grand Prix,22.0,LAW,6.678
Singapore Grand Prix,22.0,HAM,3.013
Singapore Grand Prix,22.0,SAI,0.0
Singapore Grand Prix,22.0,RUS,1.147
Singapore Grand Prix,22.0,BOT,4.687
Singapore Grand Prix,22.0,PIA,6.012
Singapore Grand Prix,23.0,VER,1.706
Singapore Grand Prix,23.0,GAS,6.516
Singapore Grand Prix,23.0,PER,3.431
Singapore Grand Prix,23.0,ALO,4.344
Singapore Grand Prix,23.0,LEC,4.032
Singapore Grand Prix,23.0,SAR,47.855
Singapore Grand Prix,23.0,MAG,6.111
Singapore Grand Prix,23.0,ALB,8.684
Singapore Grand Prix,23.0,ZHO,8.907
Singapore Grand Prix,23.0,HUL,7.989
Singapore Grand Prix,23.0,OCO,4.751
Singapore Grand Prix,23.0,NOR,2.401
Singapore Grand Prix,23.0,LAW,7.7780000000000005
Singapore Grand Prix,23.0,HAM,3.67
Singapore Grand Prix,23.0,SAI,0.0
Singapore Grand Prix,23.0,RUS,1.065
Singapore Grand Prix,23.0,BOT,7.75
Singapore Grand Prix,23.0,PIA,7.138
Singapore Grand Prix,24.0,VER,3.885
Singapore Grand Prix,24.0,GAS,9.131
Singapore Grand Prix,24.0,PER,6.374
Singapore Grand Prix,24.0,ALO,7.689
Singapore Grand Prix,24.0,LEC,6.908
Singapore Grand Prix,24.0,SAR,48.453
Singapore Grand Prix,24.0,MAG,8.662
Singapore Grand Prix,24.0,ALB,11.979
Singapore Grand Prix,24.0,ZHO,13.064
Singapore Grand Prix,24.0,HUL,11.241
Singapore Grand Prix,24.0,OCO,8.05
Singapore Grand Prix,24.0,NOR,2.9290000000000003
Singapore Grand Prix,24.0,LAW,10.28
Singapore Grand Prix,24.0,HAM,4.835
Singapore Grand Prix,24.0,SAI,0.0
Singapore Grand Prix,24.0,RUS,0.774
Singapore Grand Prix,24.0,BOT,14.373
Singapore Grand Prix,24.0,PIA,9.584
Singapore Grand Prix,25.0,VER,4.859
Singapore Grand Prix,25.0,GAS,10.453
Singapore Grand Prix,25.0,PER,8.18
Singapore Grand Prix,25.0,ALO,8.652
Singapore Grand Prix,25.0,LEC,6.93
Singapore Grand Prix,25.0,SAR,49.027
Singapore Grand Prix,25.0,MAG,10.045
Singapore Grand Prix,25.0,ALB,13.214
Singapore Grand Prix,25.0,ZHO,14.684
Singapore Grand Prix,25.0,HUL,12.68
Singapore Grand Prix,25.0,OCO,9.219
Singapore Grand Prix,25.0,NOR,3.443
Singapore Grand Prix,25.0,LAW,11.953
Singapore Grand Prix,25.0,HAM,5.551
Singapore Grand Prix,25.0,SAI,0.0
Singapore Grand Prix,25.0,RUS,0.608
Singapore Grand Prix,25.0,BOT,16.406
Singapore Grand Prix,25.0,PIA,11.13
Singapore Grand Prix,26.0,VER,5.918
Singapore Grand Prix,26.0,GAS,12.188
Singapore Grand Prix,26.0,PER,9.59
Singapore Grand Prix,26.0,ALO,10.363
Singapore Grand Prix,26.0,LEC,7.6370000000000005
Singapore Grand Prix,26.0,SAR,50.18
Singapore Grand Prix,26.0,MAG,11.711
Singapore Grand Prix,26.0,ALB,14.956
Singapore Grand Prix,26.0,ZHO,16.472
Singapore Grand Prix,26.0,HUL,14.425
Singapore Grand Prix,26.0,OCO,10.919
Singapore Grand Prix,26.0,NOR,3.742
Singapore Grand Prix,26.0,LAW,13.739
Singapore Grand Prix,26.0,HAM,6.32
Singapore Grand Prix,26.0,SAI,0.0
Singapore Grand Prix,26.0,RUS,0.596
Singapore Grand Prix,26.0,BOT,18.587
Singapore Grand Prix,26.0,PIA,12.747
Singapore Grand Prix,27.0,VER,7.263
Singapore Grand Prix,27.0,GAS,12.749
Singapore Grand Prix,27.0,PER,10.255
Singapore Grand Prix,27.0,ALO,10.713
Singapore Grand Prix,27.0,LEC,7.701
Singapore Grand Prix,27.0,SAR,50.234
Singapore Grand Prix,27.0,MAG,12.357
Singapore Grand Prix,27.0,ALB,16.43
Singapore Grand Prix,27.0,ZHO,17.207
Singapore Grand Prix,27.0,HUL,15.015
Singapore Grand Prix,27.0,OCO,11.46
Singapore Grand Prix,27.0,NOR,3.313
Singapore Grand Prix,27.0,LAW,14.135
Singapore Grand Prix,27.0,HAM,5.711
Singapore Grand Prix,27.0,SAI,0.0
Singapore Grand Prix,27.0,RUS,0.966
Singapore Grand Prix,27.0,BOT,20.04
Singapore Grand Prix,27.0,PIA,13.441
Singapore Grand Prix,28.0,VER,7.464
Singapore Grand Prix,28.0,GAS,13.055
Singapore Grand Prix,28.0,PER,10.858
Singapore Grand Prix,28.0,ALO,11.414
Singapore Grand Prix,28.0,LEC,6.033
Singapore Grand Prix,28.0,SAR,48.976
Singapore Grand Prix,28.0,MAG,12.706
Singapore Grand Prix,28.0,ALB,16.642
Singapore Grand Prix,28.0,ZHO,17.287
Singapore Grand Prix,28.0,HUL,15.565
Singapore Grand Prix,28.0,OCO,11.985
Singapore Grand Prix,28.0,NOR,2.35
Singapore Grand Prix,28.0,LAW,14.405
Singapore Grand Prix,28.0,HAM,4.16
Singapore Grand Prix,28.0,SAI,0.0
Singapore Grand Prix,28.0,RUS,0.917
Singapore Grand Prix,28.0,BOT,20.098
Singapore Grand Prix,28.0,PIA,13.681000000000001
Singapore Grand Prix,29.0,VER,7.676
Singapore Grand Prix,29.0,GAS,14.536
Singapore Grand Prix,29.0,PER,10.923
Singapore Grand Prix,29.0,ALO,12.481
Singapore Grand Prix,29.0,LEC,5.491
Singapore Grand Prix,29.0,SAR,48.499
Singapore Grand Prix,29.0,MAG,14.046
Singapore Grand Prix,29.0,ALB,17.872
Singapore Grand Prix,29.0,ZHO,18.538
Singapore Grand Prix,29.0,HUL,16.91
Singapore Grand Prix,29.0,OCO,13.294
Singapore Grand Prix,29.0,NOR,2.222
Singapore Grand Prix,29.0,LAW,15.695
Singapore Grand Prix,29.0,HAM,3.455
Singapore Grand Prix,29.0,SAI,0.0
Singapore Grand Prix,29.0,RUS,1.105
Singapore Grand Prix,29.0,BOT,21.351
Singapore Grand Prix,29.0,PIA,15.205
Singapore Grand Prix,30.0,VER,7.785
Singapore Grand Prix,30.0,GAS,14.599
Singapore Grand Prix,30.0,PER,11.025
Singapore Grand Prix,30.0,ALO,12.392
Singapore Grand Prix,30.0,LEC,4.482
Singapore Grand Prix,30.0,SAR,48.186
Singapore Grand Prix,30.0,MAG,14.053
Singapore Grand Prix,30.0,ALB,18.124
Singapore Grand Prix,30.0,ZHO,19.187
Singapore Grand Prix,30.0,HUL,17.385
Singapore Grand Prix,30.0,OCO,13.117
Singapore Grand Prix,30.0,NOR,1.741
Singapore Grand Prix,30.0,LAW,16.477
Singapore Grand Prix,30.0,HAM,2.38
Singapore Grand Prix,30.0,SAI,0.0
Singapore Grand Prix,30.0,RUS,0.955
Singapore Grand Prix,30.0,BOT,22.503
Singapore Grand Prix,30.0,PIA,15.541
Singapore Grand Prix,31.0,VER,8.399000000000001
Singapore Grand Prix,31.0,GAS,14.94
Singapore Grand Prix,31.0,PER,11.597
Singapore Grand Prix,31.0,ALO,12.808
Singapore Grand Prix,31.0,LEC,4.282
Singapore Grand Prix,31.0,SAR,48.243
Singapore Grand Prix,31.0,MAG,14.45
Singapore Grand Prix,31.0,ALB,19.472
Singapore Grand Prix,31.0,ZHO,20.332
Singapore Grand Prix,31.0,HUL,17.828
Singapore Grand Prix,31.0,OCO,13.527
Singapore Grand Prix,31.0,NOR,1.475
Singapore Grand Prix,31.0,LAW,17.284
Singapore Grand Prix,31.0,HAM,2.067
Singapore Grand Prix,31.0,SAI,0.0
Singapore Grand Prix,31.0,RUS,0.78
Singapore Grand Prix,31.0,BOT,23.777
Singapore Grand Prix,31.0,PIA,15.941
Singapore Grand Prix,32.0,VER,9.248
Singapore Grand Prix,32.0,GAS,16.162
Singapore Grand Prix,32.0,PER,12.667
Singapore Grand Prix,32.0,ALO,14.014
Singapore Grand Prix,32.0,LEC,4.489
Singapore Grand Prix,32.0,SAR,48.866
Singapore Grand Prix,32.0,MAG,15.73
Singapore Grand Prix,32.0,ALB,20.83
Singapore Grand Prix,32.0,ZHO,21.724
Singapore Grand Prix,32.0,HUL,19.682
Singapore Grand Prix,32.0,OCO,14.705
Singapore Grand Prix,32.0,NOR,1.5819999999999999
Singapore Grand Prix,32.0,LAW,18.155
Singapore Grand Prix,32.0,HAM,2.069
Singapore Grand Prix,32.0,SAI,0.0
Singapore Grand Prix,32.0,RUS,0.915
Singapore Grand Prix,32.0,BOT,25.755
Singapore Grand Prix,32.0,PIA,16.861
Singapore Grand Prix,33.0,VER,10.1
Singapore Grand Prix,33.0,GAS,17.081
Singapore Grand Prix,33.0,PER,13.787
Singapore Grand Prix,33.0,ALO,14.415
Singapore Grand Prix,33.0,LEC,4.739
Singapore Grand Prix,33.0,SAR,49.394
Singapore Grand Prix,33.0,MAG,16.591
Singapore Grand Prix,33.0,ALB,22.367
Singapore Grand Prix,33.0,ZHO,23.197
Singapore Grand Prix,33.0,HUL,21.141
Singapore Grand Prix,33.0,OCO,15.4
Singapore Grand Prix,33.0,NOR,2.01
Singapore Grand Prix,33.0,LAW,19.254
Singapore Grand Prix,33.0,HAM,3.454
Singapore Grand Prix,33.0,SAI,0.0
Singapore Grand Prix,33.0,RUS,1.028
Singapore Grand Prix,33.0,BOT,27.58
Singapore Grand Prix,33.0,PIA,17.863
Singapore Grand Prix,34.0,VER,10.453
Singapore Grand Prix,34.0,GAS,18.377
Singapore Grand Prix,34.0,PER,14.584
Singapore Grand Prix,34.0,ALO,14.968
Singapore Grand Prix,34.0,LEC,4.232
Singapore Grand Prix,34.0,SAR,49.168
Singapore Grand Prix,34.0,MAG,17.857
Singapore Grand Prix,34.0,ALB,22.892
Singapore Grand Prix,34.0,ZHO,23.671
Singapore Grand Prix,34.0,HUL,21.76
Singapore Grand Prix,34.0,OCO,15.678
Singapore Grand Prix,34.0,NOR,2.045
Singapore Grand Prix,34.0,LAW,20.182
Singapore Grand Prix,34.0,HAM,2.974
Singapore Grand Prix,34.0,SAI,0.0
Singapore Grand Prix,34.0,RUS,0.964
Singapore Grand Prix,34.0,BOT,28.643
Singapore Grand Prix,34.0,PIA,19.436
Singapore Grand Prix,35.0,VER,10.749
Singapore Grand Prix,35.0,GAS,20.97
Singapore Grand Prix,35.0,PER,14.94
Singapore Grand Prix,35.0,ALO,15.624
Singapore Grand Prix,35.0,LEC,4.009
Singapore Grand Prix,35.0,SAR,48.962
Singapore Grand Prix,35.0,MAG,20.499
Singapore Grand Prix,35.0,ALB,23.987
Singapore Grand Prix,35.0,ZHO,24.89
Singapore Grand Prix,35.0,HUL,23.412
Singapore Grand Prix,35.0,OCO,16.249
Singapore Grand Prix,35.0,NOR,1.776
Singapore Grand Prix,35.0,LAW,22.36
Singapore Grand Prix,35.0,HAM,2.5140000000000002
Singapore Grand Prix,35.0,SAI,0.0
Singapore Grand Prix,35.0,RUS,0.98
Singapore Grand Prix,35.0,BOT,29.481
Singapore Grand Prix,35.0,PIA,21.67
Singapore Grand Prix,36.0,VER,11.577
Singapore Grand Prix,36.0,GAS,21.391
Singapore Grand Prix,36.0,PER,16.885
Singapore Grand Prix,36.0,ALO,17.345
Singapore Grand Prix,36.0,LEC,3.908
Singapore Grand Prix,36.0,SAR,49.296
Singapore Grand Prix,36.0,MAG,29.085
Singapore Grand Prix,36.0,ALB,26.383
Singapore Grand Prix,36.0,ZHO,28.093
Singapore Grand Prix,36.0,HUL,24.996
Singapore Grand Prix,36.0,OCO,17.916
Singapore Grand Prix,36.0,NOR,1.694
Singapore Grand Prix,36.0,LAW,23.916
Singapore Grand Prix,36.0,HAM,2.332
Singapore Grand Prix,36.0,SAI,0.0
Singapore Grand Prix,36.0,RUS,0.91
Singapore Grand Prix,36.0,BOT,31.565
Singapore Grand Prix,36.0,PIA,22.713
Singapore Grand Prix,37.0,VER,11.917
Singapore Grand Prix,37.0,GAS,22.015
Singapore Grand Prix,37.0,PER,20.172
Singapore Grand Prix,37.0,ALO,21.555
Singapore Grand Prix,37.0,LEC,3.6630000000000003
Singapore Grand Prix,37.0,SAR,49.164
Singapore Grand Prix,37.0,MAG,31.553
Singapore Grand Prix,37.0,ALB,27.527
Singapore Grand Prix,37.0,ZHO,29.357
Singapore Grand Prix,37.0,HUL,25.594
Singapore Grand Prix,37.0,OCO,20.631
Singapore Grand Prix,37.0,NOR,1.6480000000000001
Singapore Grand Prix,37.0,LAW,24.829
Singapore Grand Prix,37.0,HAM,2.407
Singapore Grand Prix,37.0,SAI,0.0
Singapore Grand Prix,37.0,RUS,0.802
Singapore Grand Prix,37.0,BOT,34.056
Singapore Grand Prix,37.0,PIA,23.197
Singapore Grand Prix,38.0,VER,13.008
Singapore Grand Prix,38.0,GAS,23.757
Singapore Grand Prix,38.0,PER,21.974
Singapore Grand Prix,38.0,ALO,23.244
Singapore Grand Prix,38.0,LEC,4.09
Singapore Grand Prix,38.0,SAR,49.522
Singapore Grand Prix,38.0,MAG,33.625
Singapore Grand Prix,38.0,ALB,28.845
Singapore Grand Prix,38.0,ZHO,30.659
Singapore Grand Prix,38.0,HUL,27.126
Singapore Grand Prix,38.0,OCO,22.431
Singapore Grand Prix,38.0,NOR,1.849
Singapore Grand Prix,38.0,LAW,26.416
Singapore Grand Prix,38.0,HAM,2.748
Singapore Grand Prix,38.0,SAI,0.0
Singapore Grand Prix,38.0,RUS,0.918
Singapore Grand Prix,38.0,BOT,36.819
Singapore Grand Prix,38.0,PIA,24.536
Singapore Grand Prix,39.0,VER,14.928
Singapore Grand Prix,39.0,GAS,27.364
Singapore Grand Prix,39.0,PER,35.808
Singapore Grand Prix,39.0,ALO,26.053
Singapore Grand Prix,39.0,LEC,4.285
Singapore Grand Prix,39.0,SAR,50.403
Singapore Grand Prix,39.0,MAG,36.306
Singapore Grand Prix,39.0,ALB,30.838
Singapore Grand Prix,39.0,ZHO,32.3
Singapore Grand Prix,39.0,HUL,29.883
Singapore Grand Prix,39.0,OCO,24.053
Singapore Grand Prix,39.0,NOR,1.867
Singapore Grand Prix,39.0,LAW,29.008
Singapore Grand Prix,39.0,HAM,2.759
Singapore Grand Prix,39.0,SAI,0.0
Singapore Grand Prix,39.0,RUS,0.834
Singapore Grand Prix,39.0,BOT,39.625
Singapore Grand Prix,39.0,PIA,28.269
Singapore Grand Prix,40.0,VER,24.343
Singapore Grand Prix,40.0,GAS,27.856
Singapore Grand Prix,40.0,PER,55.752
Singapore Grand Prix,40.0,ALO,26.814
Singapore Grand Prix,40.0,LEC,4.449
Singapore Grand Prix,40.0,SAR,51.29
Singapore Grand Prix,40.0,MAG,38.67
Singapore Grand Prix,40.0,ALB,32.38
Singapore Grand Prix,40.0,ZHO,33.713
Singapore Grand Prix,40.0,HUL,31.747
Singapore Grand Prix,40.0,OCO,24.591
Singapore Grand Prix,40.0,NOR,1.8199999999999998
Singapore Grand Prix,40.0,LAW,30.797
Singapore Grand Prix,40.0,HAM,2.838
Singapore Grand Prix,40.0,SAI,0.0
Singapore Grand Prix,40.0,RUS,0.763
Singapore Grand Prix,40.0,BOT,50.333
Singapore Grand Prix,40.0,PIA,29.175
Singapore Grand Prix,41.0,VER,43.793
Singapore Grand Prix,41.0,GAS,27.992
Singapore Grand Prix,41.0,PER,54.505
Singapore Grand Prix,41.0,ALO,27.196
Singapore Grand Prix,41.0,LEC,4.019
Singapore Grand Prix,41.0,SAR,51.789
Singapore Grand Prix,41.0,MAG,40.179
Singapore Grand Prix,41.0,ALB,33.161
Singapore Grand Prix,41.0,ZHO,34.768
Singapore Grand Prix,41.0,HUL,32.636
Singapore Grand Prix,41.0,OCO,24.857
Singapore Grand Prix,41.0,NOR,1.6840000000000002
Singapore Grand Prix,41.0,LAW,31.314
Singapore Grand Prix,41.0,HAM,2.738
Singapore Grand Prix,41.0,SAI,0.0
Singapore Grand Prix,41.0,RUS,0.768
Singapore Grand Prix,41.0,BOT,71.286
Singapore Grand Prix,41.0,PIA,29.359
Singapore Grand Prix,42.0,VER,41.567
Singapore Grand Prix,42.0,GAS,27.888
Singapore Grand Prix,42.0,PER,53.275
Singapore Grand Prix,42.0,ALO,27.403
Singapore Grand Prix,42.0,LEC,3.968
Singapore Grand Prix,42.0,SAR,52.452
Singapore Grand Prix,42.0,MAG,41.196
Singapore Grand Prix,42.0,ALB,33.859
Singapore Grand Prix,42.0,ZHO,35.254
Singapore Grand Prix,42.0,HUL,33.22
Singapore Grand Prix,42.0,OCO,24.913
Singapore Grand Prix,42.0,NOR,1.351
Singapore Grand Prix,42.0,LAW,31.556
Singapore Grand Prix,42.0,HAM,2.485
Singapore Grand Prix,42.0,SAI,0.0
Singapore Grand Prix,42.0,RUS,0.674
Singapore Grand Prix,42.0,BOT,69.739
Singapore Grand Prix,42.0,PIA,29.203
Singapore Grand Prix,43.0,VER,58.676
Singapore Grand Prix,43.0,GAS,39.131
Singapore Grand Prix,43.0,PER,74.717
Singapore Grand Prix,43.0,ALO,38.334
Singapore Grand Prix,43.0,LEC,4.716
Singapore Grand Prix,43.0,SAR,81.612
Singapore Grand Prix,43.0,MAG,67.95
Singapore Grand Prix,43.0,ALB,55.54
Singapore Grand Prix,43.0,ZHO,50.363
Singapore Grand Prix,43.0,HUL,47.196
Singapore Grand Prix,43.0,OCO,75.665
Singapore Grand Prix,43.0,NOR,1.663
Singapore Grand Prix,43.0,LAW,44.193
Singapore Grand Prix,43.0,HAM,2.528
Singapore Grand Prix,43.0,SAI,0.0
Singapore Grand Prix,43.0,RUS,0.908
Singapore Grand Prix,43.0,BOT,97.44
Singapore Grand Prix,43.0,PIA,42.311
Singapore Grand Prix,44.0,VER,57.628
Singapore Grand Prix,44.0,GAS,38.537
Singapore Grand Prix,44.0,PER,73.539
Singapore Grand Prix,44.0,ALO,44.524
Singapore Grand Prix,44.0,LEC,4.593
Singapore Grand Prix,44.0,SAR,96.289
Singapore Grand Prix,44.0,MAG,86.518
Singapore Grand Prix,44.0,ALB,71.953
Singapore Grand Prix,44.0,ZHO,49.309
Singapore Grand Prix,44.0,HUL,45.279
Singapore Grand Prix,44.0,NOR,1.9529999999999998
Singapore Grand Prix,44.0,LAW,44.151
Singapore Grand Prix,44.0,HAM,9.674
Singapore Grand Prix,44.0,SAI,0.0
Singapore Grand Prix,44.0,RUS,7.225
Singapore Grand Prix,44.0,BOT,93.275
Singapore Grand Prix,44.0,PIA,40.039
Singapore Grand Prix,45.0,VER,41.243
Singapore Grand Prix,45.0,GAS,28.451
Singapore Grand Prix,45.0,PER,52.444
Singapore Grand Prix,45.0,ALO,69.281
Singapore Grand Prix,45.0,LEC,4.115
Singapore Grand Prix,45.0,SAR,73.496
Singapore Grand Prix,45.0,MAG,64.981
Singapore Grand Prix,45.0,ALB,51.548
Singapore Grand Prix,45.0,ZHO,38.617
Singapore Grand Prix,45.0,HUL,35.941
Singapore Grand Prix,45.0,NOR,1.377
Singapore Grand Prix,45.0,LAW,33.708
Singapore Grand Prix,45.0,HAM,21.956
Singapore Grand Prix,45.0,SAI,0.0
Singapore Grand Prix,45.0,RUS,17.57
Singapore Grand Prix,45.0,BOT,71.031
Singapore Grand Prix,45.0,PIA,31.4
Singapore Grand Prix,46.0,VER,40.9
Singapore Grand Prix,46.0,GAS,28.815
Singapore Grand Prix,46.0,PER,52.072
Singapore Grand Prix,46.0,ALO,84.701
Singapore Grand Prix,46.0,LEC,4.477
Singapore Grand Prix,46.0,SAR,74.367
Singapore Grand Prix,46.0,MAG,68.056
Singapore Grand Prix,46.0,ALB,50.977
Singapore Grand Prix,46.0,ZHO,40.02
Singapore Grand Prix,46.0,HUL,38.033
Singapore Grand Prix,46.0,NOR,1.51
Singapore Grand Prix,46.0,LAW,34.927
Singapore Grand Prix,46.0,HAM,20.996
Singapore Grand Prix,46.0,SAI,0.0
Singapore Grand Prix,46.0,RUS,15.93
Singapore Grand Prix,46.0,BOT,72.097
Singapore Grand Prix,46.0,PIA,31.979
Singapore Grand Prix,47.0,VER,41.324
Singapore Grand Prix,47.0,GAS,29.717
Singapore Grand Prix,47.0,PER,52.641
Singapore Grand Prix,47.0,ALO,83.491
Singapore Grand Prix,47.0,LEC,5.214
Singapore Grand Prix,47.0,SAR,75.29
Singapore Grand Prix,47.0,MAG,70.132
Singapore Grand Prix,47.0,ALB,51.358
Singapore Grand Prix,47.0,ZHO,42.839
Singapore Grand Prix,47.0,HUL,40.338
Singapore Grand Prix,47.0,NOR,2.001
Singapore Grand Prix,47.0,LAW,36.289
Singapore Grand Prix,47.0,HAM,19.197
Singapore Grand Prix,47.0,SAI,0.0
Singapore Grand Prix,47.0,RUS,14.683
Singapore Grand Prix,47.0,BOT,73.16
Singapore Grand Prix,47.0,PIA,33.202
Singapore Grand Prix,48.0,VER,41.457
Singapore Grand Prix,48.0,GAS,30.065
Singapore Grand Prix,48.0,PER,52.792
Singapore Grand Prix,48.0,ALO,85.081
Singapore Grand Prix,48.0,LEC,5.51
Singapore Grand Prix,48.0,SAR,75.801
Singapore Grand Prix,48.0,MAG,70.039
Singapore Grand Prix,48.0,ALB,51.15
Singapore Grand Prix,48.0,ZHO,44.429
Singapore Grand Prix,48.0,HUL,42.927
Singapore Grand Prix,48.0,NOR,1.85
Singapore Grand Prix,48.0,LAW,37.475
Singapore Grand Prix,48.0,HAM,17.119
Singapore Grand Prix,48.0,SAI,0.0
Singapore Grand Prix,48.0,RUS,13.132
Singapore Grand Prix,48.0,BOT,73.533
Singapore Grand Prix,48.0,PIA,33.649
Singapore Grand Prix,49.0,VER,40.321
Singapore Grand Prix,49.0,GAS,30.478
Singapore Grand Prix,49.0,PER,52.581
Singapore Grand Prix,49.0,ALO,85.647
Singapore Grand Prix,49.0,LEC,5.742
Singapore Grand Prix,49.0,SAR,76.27
Singapore Grand Prix,49.0,MAG,70.185
Singapore Grand Prix,49.0,ALB,50.948
Singapore Grand Prix,49.0,ZHO,46.25
Singapore Grand Prix,49.0,HUL,45.356
Singapore Grand Prix,49.0,NOR,1.802
Singapore Grand Prix,49.0,LAW,39.037
Singapore Grand Prix,49.0,HAM,15.118
Singapore Grand Prix,49.0,SAI,0.0
Singapore Grand Prix,49.0,RUS,11.48
Singapore Grand Prix,49.0,BOT,73.837
Singapore Grand Prix,49.0,PIA,34.436
Singapore Grand Prix,50.0,VER,40.69
Singapore Grand Prix,50.0,GAS,30.529
Singapore Grand Prix,50.0,PER,51.743
Singapore Grand Prix,50.0,ALO,85.098
Singapore Grand Prix,50.0,LEC,5.5440000000000005
Singapore Grand Prix,50.0,SAR,76.29
Singapore Grand Prix,50.0,MAG,69.828
Singapore Grand Prix,50.0,ALB,50.433
Singapore Grand Prix,50.0,ZHO,47.431
Singapore Grand Prix,50.0,HUL,46.642
Singapore Grand Prix,50.0,NOR,1.313
Singapore Grand Prix,50.0,LAW,41.493
Singapore Grand Prix,50.0,HAM,12.943
Singapore Grand Prix,50.0,SAI,0.0
Singapore Grand Prix,50.0,RUS,9.849
Singapore Grand Prix,50.0,BOT,73.292
Singapore Grand Prix,50.0,PIA,34.631
Singapore Grand Prix,51.0,VER,39.794
Singapore Grand Prix,51.0,GAS,31.014
Singapore Grand Prix,51.0,PER,51.819
Singapore Grand Prix,51.0,ALO,85.521
Singapore Grand Prix,51.0,LEC,6.307
Singapore Grand Prix,51.0,SAR,76.87
Singapore Grand Prix,51.0,MAG,70.003
Singapore Grand Prix,51.0,ALB,50.606
Singapore Grand Prix,51.0,ZHO,49.873
Singapore Grand Prix,51.0,HUL,49.331
Singapore Grand Prix,51.0,NOR,1.397
Singapore Grand Prix,51.0,LAW,44.254
Singapore Grand Prix,51.0,HAM,11.382
Singapore Grand Prix,51.0,SAI,0.0
Singapore Grand Prix,51.0,RUS,8.566
Singapore Grand Prix,51.0,BOT,73.327
Singapore Grand Prix,51.0,PIA,35.247
Singapore Grand Prix,52.0,VER,38.411
Singapore Grand Prix,52.0,GAS,31.551
Singapore Grand Prix,52.0,PER,53.459
Singapore Grand Prix,52.0,ALO,85.246
Singapore Grand Prix,52.0,LEC,6.937
Singapore Grand Prix,52.0,SAR,77.464
Singapore Grand Prix,52.0,MAG,70.192
Singapore Grand Prix,52.0,ALB,52.436
Singapore Grand Prix,52.0,ZHO,55.363
Singapore Grand Prix,52.0,HUL,52.059
Singapore Grand Prix,52.0,NOR,1.429
Singapore Grand Prix,52.0,LAW,45.986
Singapore Grand Prix,52.0,HAM,9.719
Singapore Grand Prix,52.0,SAI,0.0
Singapore Grand Prix,52.0,RUS,7.7620000000000005
Singapore Grand Prix,52.0,BOT,125.109
Singapore Grand Prix,52.0,PIA,35.822
Singapore Grand Prix,53.0,VER,37.216
Singapore Grand Prix,53.0,GAS,31.942
Singapore Grand Prix,53.0,PER,54.452
Singapore Grand Prix,53.0,ALO,85.478
Singapore Grand Prix,53.0,LEC,8.823
Singapore Grand Prix,53.0,SAR,78.12
Singapore Grand Prix,53.0,MAG,70.558
Singapore Grand Prix,53.0,ALB,53.722
Singapore Grand Prix,53.0,ZHO,58.789
Singapore Grand Prix,53.0,HUL,57.54
Singapore Grand Prix,53.0,NOR,1.494
Singapore Grand Prix,53.0,LAW,47.655
Singapore Grand Prix,53.0,HAM,9.09
Singapore Grand Prix,53.0,SAI,0.0
Singapore Grand Prix,53.0,RUS,8.002
Singapore Grand Prix,53.0,PIA,36.268
Singapore Grand Prix,54.0,VER,36.705
Singapore Grand Prix,54.0,GAS,32.079
Singapore Grand Prix,54.0,PER,54.131
Singapore Grand Prix,54.0,ALO,84.95
Singapore Grand Prix,54.0,LEC,11.947
Singapore Grand Prix,54.0,SAR,78.346
Singapore Grand Prix,54.0,MAG,70.346
Singapore Grand Prix,54.0,ALB,53.241
Singapore Grand Prix,54.0,ZHO,61.79
Singapore Grand Prix,54.0,HUL,60.751
Singapore Grand Prix,54.0,NOR,1.21
Singapore Grand Prix,54.0,LAW,48.832
Singapore Grand Prix,54.0,HAM,8.307
Singapore Grand Prix,54.0,SAI,0.0
Singapore Grand Prix,54.0,RUS,6.691
Singapore Grand Prix,54.0,PIA,38.107
Singapore Grand Prix,55.0,VER,35.063
Singapore Grand Prix,55.0,GAS,32.911
Singapore Grand Prix,55.0,PER,53.336
Singapore Grand Prix,55.0,ALO,84.421
Singapore Grand Prix,55.0,LEC,14.023
Singapore Grand Prix,55.0,SAR,78.663
Singapore Grand Prix,55.0,MAG,70.095
Singapore Grand Prix,55.0,ALB,52.356
Singapore Grand Prix,55.0,ZHO,64.047
Singapore Grand Prix,55.0,HUL,63.37
Singapore Grand Prix,55.0,NOR,1.161
Singapore Grand Prix,55.0,LAW,50.094
Singapore Grand Prix,55.0,HAM,6.987
Singapore Grand Prix,55.0,SAI,0.0
Singapore Grand Prix,55.0,RUS,5.087
Singapore Grand Prix,55.0,PIA,39.674
Singapore Grand Prix,56.0,VER,34.062
Singapore Grand Prix,56.0,GAS,33.683
Singapore Grand Prix,56.0,PER,52.832
Singapore Grand Prix,56.0,ALO,84.337
Singapore Grand Prix,56.0,LEC,15.801
Singapore Grand Prix,56.0,SAR,79.024
Singapore Grand Prix,56.0,MAG,70.142
Singapore Grand Prix,56.0,ALB,52.223
Singapore Grand Prix,56.0,ZHO,66.742
Singapore Grand Prix,56.0,HUL,66.135
Singapore Grand Prix,56.0,NOR,1.114
Singapore Grand Prix,56.0,LAW,51.536
Singapore Grand Prix,56.0,HAM,4.878
Singapore Grand Prix,56.0,SAI,0.0
Singapore Grand Prix,56.0,RUS,3.596
Singapore Grand Prix,56.0,PIA,40.295
Singapore Grand Prix,57.0,VER,34.452
Singapore Grand Prix,57.0,GAS,35.648
Singapore Grand Prix,57.0,PER,55.288
Singapore Grand Prix,57.0,ALO,83.731
Singapore Grand Prix,57.0,LEC,16.935
Singapore Grand Prix,57.0,SAR,79.286
Singapore Grand Prix,57.0,MAG,70.187
Singapore Grand Prix,57.0,ALB,54.869
Singapore Grand Prix,57.0,ZHO,69.252
Singapore Grand Prix,57.0,HUL,68.636
Singapore Grand Prix,57.0,NOR,0.822
Singapore Grand Prix,57.0,LAW,54.325
Singapore Grand Prix,57.0,HAM,3.08
Singapore Grand Prix,57.0,SAI,0.0
Singapore Grand Prix,57.0,RUS,1.933
Singapore Grand Prix,57.0,PIA,40.526
Singapore Grand Prix,58.0,VER,32.027
Singapore Grand Prix,58.0,GAS,35.969
Singapore Grand Prix,58.0,PER,56.863
Singapore Grand Prix,58.0,ALO,83.335
Singapore Grand Prix,58.0,LEC,17.82
Singapore Grand Prix,58.0,SAR,80.716
Singapore Grand Prix,58.0,MAG,72.991
Singapore Grand Prix,58.0,ALB,73.496
Singapore Grand Prix,58.0,ZHO,72.71
Singapore Grand Prix,58.0,HUL,71.476
Singapore Grand Prix,58.0,NOR,0.645
Singapore Grand Prix,58.0,LAW,56.411
Singapore Grand Prix,58.0,HAM,1.725
Singapore Grand Prix,58.0,SAI,0.0
Singapore Grand Prix,58.0,RUS,1.282
Singapore Grand Prix,58.0,PIA,40.705
Singapore Grand Prix,59.0,VER,29.2
Singapore Grand Prix,59.0,GAS,36.103
Singapore Grand Prix,59.0,PER,59.33
Singapore Grand Prix,59.0,ALO,82.278
Singapore Grand Prix,59.0,LEC,18.79
Singapore Grand Prix,59.0,SAR,80.515
Singapore Grand Prix,59.0,MAG,73.814
Singapore Grand Prix,59.0,ALB,74.606
Singapore Grand Prix,59.0,ZHO,76.908
Singapore Grand Prix,59.0,HUL,73.439
Singapore Grand Prix,59.0,NOR,1.486
Singapore Grand Prix,59.0,LAW,58.746
Singapore Grand Prix,59.0,HAM,2.317
Singapore Grand Prix,59.0,SAI,0.0
Singapore Grand Prix,59.0,RUS,1.946
Singapore Grand Prix,59.0,PIA,40.558
Singapore Grand Prix,60.0,VER,25.916
Singapore Grand Prix,60.0,GAS,35.681
Singapore Grand Prix,60.0,PER,58.435
Singapore Grand Prix,60.0,ALO,80.964
Singapore Grand Prix,60.0,LEC,18.853
Singapore Grand Prix,60.0,SAR,80.259
Singapore Grand Prix,60.0,MAG,73.467
Singapore Grand Prix,60.0,ALB,74.232
Singapore Grand Prix,60.0,ZHO,78.66
Singapore Grand Prix,60.0,HUL,78.163
Singapore Grand Prix,60.0,NOR,0.84
Singapore Grand Prix,60.0,LAW,61.793
Singapore Grand Prix,60.0,HAM,2.047
Singapore Grand Prix,60.0,SAI,0.0
Singapore Grand Prix,60.0,RUS,1.414
Singapore Grand Prix,60.0,PIA,39.705
Singapore Grand Prix,61.0,VER,23.199
Singapore Grand Prix,61.0,GAS,36.1
Singapore Grand Prix,61.0,PER,56.251
Singapore Grand Prix,61.0,ALO,83.214
Singapore Grand Prix,61.0,LEC,20.176
Singapore Grand Prix,61.0,SAR,82.905
Singapore Grand Prix,61.0,MAG,72.62
Singapore Grand Prix,61.0,ALB,73.441
Singapore Grand Prix,61.0,ZHO,81.378
Singapore Grand Prix,61.0,HUL,82.374
Singapore Grand Prix,61.0,NOR,1.058
Singapore Grand Prix,61.0,LAW,63.508
Singapore Grand Prix,61.0,HAM,1.851
Singapore Grand Prix,61.0,SAI,0.0
Singapore Grand Prix,61.0,RUS,1.436
Singapore Grand Prix,61.0,PIA,40.029
Singapore Grand Prix,62.0,VER,21.438
Singapore Grand Prix,62.0,GAS,38.415
Singapore Grand Prix,62.0,PER,54.482
Singapore Grand Prix,62.0,ALO,87.546
Singapore Grand Prix,62.0,LEC,21.164
Singapore Grand Prix,62.0,SAR,86.902
Singapore Grand Prix,62.0,MAG,72.08
Singapore Grand Prix,62.0,ALB,73.374
Singapore Grand Prix,62.0,ZHO,83.666
Singapore Grand Prix,62.0,HUL,86.144
Singapore Grand Prix,62.0,NOR,0.777
Singapore Grand Prix,62.0,LAW,65.878
Singapore Grand Prix,62.0,HAM,1.24
Singapore Grand Prix,62.0,SAI,0.0
Singapore Grand Prix,62.0,RUS,51.478
Singapore Grand Prix,62.0,PIA,41.481
Japanese Grand Prix,1.0,VER,0.0
Japanese Grand Prix,1.0,NOR,3.185
Japanese Grand Prix,1.0,PIA,4.784
Japanese Grand Prix,1.0,LEC,6.754
Japanese Grand Prix,1.0,HAM,11.452
Japanese Grand Prix,1.0,SAI,7.867
Japanese Grand Prix,1.0,RUS,13.997
Japanese Grand Prix,1.0,ALO,9.039
Japanese Grand Prix,1.0,OCO,41.668
Japanese Grand Prix,1.0,GAS,22.352
Japanese Grand Prix,1.0,LAW,16.573
Japanese Grand Prix,1.0,TSU,18.123
Japanese Grand Prix,1.0,ZHO,30.347
Japanese Grand Prix,1.0,HUL,21.443
Japanese Grand Prix,1.0,MAG,23.397
Japanese Grand Prix,1.0,ALB,25.741
Japanese Grand Prix,1.0,SAR,24.551
Japanese Grand Prix,1.0,STR,19.353
Japanese Grand Prix,1.0,PER,10.65
Japanese Grand Prix,1.0,BOT,54.499
Japanese Grand Prix,2.0,VER,0.0
Japanese Grand Prix,2.0,NOR,2.251
Japanese Grand Prix,2.0,PIA,3.745
Japanese Grand Prix,2.0,LEC,5.217
Japanese Grand Prix,2.0,HAM,8.471
Japanese Grand Prix,2.0,SAI,6.66
Japanese Grand Prix,2.0,RUS,10.329
Japanese Grand Prix,2.0,ALO,7.679
Japanese Grand Prix,2.0,OCO,21.825
Japanese Grand Prix,2.0,GAS,19.918
Japanese Grand Prix,2.0,LAW,12.654
Japanese Grand Prix,2.0,TSU,15.511
Japanese Grand Prix,2.0,ZHO,25.638
Japanese Grand Prix,2.0,HUL,18.734
Japanese Grand Prix,2.0,MAG,20.833
Japanese Grand Prix,2.0,ALB,28.343
Japanese Grand Prix,2.0,SAR,22.905
Japanese Grand Prix,2.0,STR,16.773
Japanese Grand Prix,2.0,PER,7.873
Japanese Grand Prix,2.0,BOT,57.678
Japanese Grand Prix,3.0,VER,0.0
Japanese Grand Prix,3.0,NOR,1.943
Japanese Grand Prix,3.0,PIA,3.964
Japanese Grand Prix,3.0,LEC,6.228
Japanese Grand Prix,3.0,HAM,11.469
Japanese Grand Prix,3.0,SAI,7.774
Japanese Grand Prix,3.0,RUS,12.513
Japanese Grand Prix,3.0,ALO,9.261
Japanese Grand Prix,3.0,OCO,25.525
Japanese Grand Prix,3.0,GAS,23.007
Japanese Grand Prix,3.0,LAW,15.12
Japanese Grand Prix,3.0,TSU,17.35
Japanese Grand Prix,3.0,ZHO,26.91
Japanese Grand Prix,3.0,HUL,21.684
Japanese Grand Prix,3.0,MAG,24.633
Japanese Grand Prix,3.0,ALB,28.019
Japanese Grand Prix,3.0,SAR,30.463
Japanese Grand Prix,3.0,STR,19.927
Japanese Grand Prix,3.0,PER,29.35
Japanese Grand Prix,3.0,BOT,32.965
Japanese Grand Prix,4.0,VER,0.0
Japanese Grand Prix,4.0,NOR,0.851
Japanese Grand Prix,4.0,PIA,1.399
Japanese Grand Prix,4.0,LEC,1.9340000000000002
Japanese Grand Prix,4.0,HAM,3.373
Japanese Grand Prix,4.0,SAI,2.365
Japanese Grand Prix,4.0,RUS,3.8609999999999998
Japanese Grand Prix,4.0,ALO,2.551
Japanese Grand Prix,4.0,OCO,7.942
Japanese Grand Prix,4.0,GAS,6.604
Japanese Grand Prix,4.0,LAW,4.4879999999999995
Japanese Grand Prix,4.0,TSU,4.927
Japanese Grand Prix,4.0,ZHO,8.051
Japanese Grand Prix,4.0,HUL,5.836
Japanese Grand Prix,4.0,MAG,7.174
Japanese Grand Prix,4.0,ALB,8.712
Japanese Grand Prix,4.0,SAR,9.866
Japanese Grand Prix,4.0,STR,5.5649999999999995
Japanese Grand Prix,4.0,PER,9.224
Japanese Grand Prix,4.0,BOT,10.11
Japanese Grand Prix,5.0,VER,0.0
Japanese Grand Prix,5.0,NOR,1.763
Japanese Grand Prix,5.0,PIA,3.327
Japanese Grand Prix,5.0,LEC,3.991
Japanese Grand Prix,5.0,HAM,6.801
Japanese Grand Prix,5.0,SAI,4.579
Japanese Grand Prix,5.0,RUS,6.578
Japanese Grand Prix,5.0,ALO,5.311
Japanese Grand Prix,5.0,OCO,11.21
Japanese Grand Prix,5.0,GAS,10.126
Japanese Grand Prix,5.0,LAW,7.212
Japanese Grand Prix,5.0,TSU,8.564
Japanese Grand Prix,5.0,ZHO,11.51
Japanese Grand Prix,5.0,HUL,9.64
Japanese Grand Prix,5.0,MAG,10.774000000000001
Japanese Grand Prix,5.0,ALB,13.4
Japanese Grand Prix,5.0,SAR,18.079
Japanese Grand Prix,5.0,STR,9.196
Japanese Grand Prix,5.0,PER,12.461
Japanese Grand Prix,5.0,BOT,36.117
Japanese Grand Prix,6.0,VER,0.0
Japanese Grand Prix,6.0,NOR,2.084
Japanese Grand Prix,6.0,PIA,4.31
Japanese Grand Prix,6.0,LEC,5.078
Japanese Grand Prix,6.0,HAM,7.75
Japanese Grand Prix,6.0,SAI,5.912
Japanese Grand Prix,6.0,RUS,8.259
Japanese Grand Prix,6.0,ALO,6.962
Japanese Grand Prix,6.0,OCO,13.850999999999999
Japanese Grand Prix,6.0,GAS,12.573
Japanese Grand Prix,6.0,LAW,9.3
Japanese Grand Prix,6.0,TSU,10.693
Japanese Grand Prix,6.0,ZHO,15.01
Japanese Grand Prix,6.0,HUL,11.917
Japanese Grand Prix,6.0,MAG,13.304
Japanese Grand Prix,6.0,ALB,16.836
Japanese Grand Prix,6.0,SAR,59.684
Japanese Grand Prix,6.0,STR,11.208
Japanese Grand Prix,6.0,PER,15.383
Japanese Grand Prix,6.0,BOT,45.132
Japanese Grand Prix,7.0,VER,0.0
Japanese Grand Prix,7.0,NOR,2.445
Japanese Grand Prix,7.0,PIA,5.064
Japanese Grand Prix,7.0,LEC,6.138
Japanese Grand Prix,7.0,HAM,8.991
Japanese Grand Prix,7.0,SAI,7.068
Japanese Grand Prix,7.0,RUS,9.808
Japanese Grand Prix,7.0,ALO,8.067
Japanese Grand Prix,7.0,OCO,16.353
Japanese Grand Prix,7.0,GAS,14.693999999999999
Japanese Grand Prix,7.0,LAW,11.216
Japanese Grand Prix,7.0,TSU,12.600999999999999
Japanese Grand Prix,7.0,ZHO,18.005
Japanese Grand Prix,7.0,HUL,14.093
Japanese Grand Prix,7.0,MAG,15.842
Japanese Grand Prix,7.0,ALB,19.707
Japanese Grand Prix,7.0,SAR,60.499
Japanese Grand Prix,7.0,STR,13.227
Japanese Grand Prix,7.0,PER,17.484
Japanese Grand Prix,7.0,BOT,105.425
Japanese Grand Prix,8.0,VER,0.0
Japanese Grand Prix,8.0,NOR,2.803
Japanese Grand Prix,8.0,PIA,5.792
Japanese Grand Prix,8.0,LEC,7.076
Japanese Grand Prix,8.0,HAM,9.92
Japanese Grand Prix,8.0,SAI,8.028
Japanese Grand Prix,8.0,RUS,11.332
Japanese Grand Prix,8.0,ALO,9.069
Japanese Grand Prix,8.0,OCO,18.606
Japanese Grand Prix,8.0,GAS,16.802
Japanese Grand Prix,8.0,LAW,12.879
Japanese Grand Prix,8.0,TSU,14.568
Japanese Grand Prix,8.0,ZHO,20.586
Japanese Grand Prix,8.0,HUL,18.446
Japanese Grand Prix,8.0,MAG,18.228
Japanese Grand Prix,8.0,ALB,22.727
Japanese Grand Prix,8.0,SAR,62.072
Japanese Grand Prix,8.0,STR,15.22
Japanese Grand Prix,8.0,PER,19.04
Japanese Grand Prix,9.0,VER,0.0
Japanese Grand Prix,9.0,NOR,3.14
Japanese Grand Prix,9.0,PIA,6.701
Japanese Grand Prix,9.0,LEC,7.918
Japanese Grand Prix,9.0,HAM,11.385
Japanese Grand Prix,9.0,SAI,8.955
Japanese Grand Prix,9.0,RUS,12.858
Japanese Grand Prix,9.0,ALO,10.712
Japanese Grand Prix,9.0,OCO,20.862
Japanese Grand Prix,9.0,GAS,18.521
Japanese Grand Prix,9.0,LAW,14.883
Japanese Grand Prix,9.0,TSU,18.723
Japanese Grand Prix,9.0,ZHO,23.26
Japanese Grand Prix,9.0,HUL,39.29
Japanese Grand Prix,9.0,MAG,20.305
Japanese Grand Prix,9.0,ALB,25.25
Japanese Grand Prix,9.0,SAR,64.148
Japanese Grand Prix,9.0,STR,17.355
Japanese Grand Prix,9.0,PER,21.265
Japanese Grand Prix,10.0,VER,0.0
Japanese Grand Prix,10.0,NOR,3.851
Japanese Grand Prix,10.0,PIA,7.631
Japanese Grand Prix,10.0,LEC,8.927
Japanese Grand Prix,10.0,HAM,13.036
Japanese Grand Prix,10.0,SAI,10.095
Japanese Grand Prix,10.0,RUS,14.451
Japanese Grand Prix,10.0,ALO,12.108
Japanese Grand Prix,10.0,OCO,23.25
Japanese Grand Prix,10.0,GAS,20.468
Japanese Grand Prix,10.0,LAW,19.013
Japanese Grand Prix,10.0,TSU,37.802
Japanese Grand Prix,10.0,ZHO,27.972
Japanese Grand Prix,10.0,HUL,39.713
Japanese Grand Prix,10.0,MAG,22.96
Japanese Grand Prix,10.0,ALB,27.399
Japanese Grand Prix,10.0,SAR,66.466
Japanese Grand Prix,10.0,STR,18.883
Japanese Grand Prix,10.0,PER,23.708
Japanese Grand Prix,11.0,VER,0.0
Japanese Grand Prix,11.0,NOR,4.401
Japanese Grand Prix,11.0,PIA,8.445
Japanese Grand Prix,11.0,LEC,9.97
Japanese Grand Prix,11.0,HAM,14.167
Japanese Grand Prix,11.0,SAI,11.253
Japanese Grand Prix,11.0,RUS,15.943999999999999
Japanese Grand Prix,11.0,ALO,15.909
Japanese Grand Prix,11.0,OCO,24.556
Japanese Grand Prix,11.0,GAS,22.232
Japanese Grand Prix,11.0,LAW,39.062
Japanese Grand Prix,11.0,TSU,38.02
Japanese Grand Prix,11.0,ZHO,47.673
Japanese Grand Prix,11.0,HUL,41.043
Japanese Grand Prix,11.0,MAG,25.483
Japanese Grand Prix,11.0,ALB,30.02
Japanese Grand Prix,11.0,SAR,69.01
Japanese Grand Prix,11.0,STR,20.515
Japanese Grand Prix,11.0,PER,26.085
Japanese Grand Prix,12.0,VER,0.0
Japanese Grand Prix,12.0,NOR,4.963
Japanese Grand Prix,12.0,PIA,9.509
Japanese Grand Prix,12.0,LEC,10.96
Japanese Grand Prix,12.0,HAM,14.645
Japanese Grand Prix,12.0,SAI,12.216
Japanese Grand Prix,12.0,RUS,16.529
Japanese Grand Prix,12.0,ALO,35.78
Japanese Grand Prix,12.0,OCO,26.457
Japanese Grand Prix,12.0,GAS,23.916
Japanese Grand Prix,12.0,LAW,39.623
Japanese Grand Prix,12.0,TSU,38.842
Japanese Grand Prix,12.0,ZHO,48.227
Japanese Grand Prix,12.0,HUL,42.588
Japanese Grand Prix,12.0,MAG,49.768
Japanese Grand Prix,12.0,ALB,33.649
Japanese Grand Prix,12.0,SAR,71.075
Japanese Grand Prix,12.0,STR,22.214
Japanese Grand Prix,12.0,PER,48.479
Japanese Grand Prix,13.0,VER,0.0
Japanese Grand Prix,13.0,NOR,5.43
Japanese Grand Prix,13.0,PIA,12.22
Japanese Grand Prix,13.0,LEC,11.646
Japanese Grand Prix,13.0,HAM,15.488
Japanese Grand Prix,13.0,SAI,13.106
Japanese Grand Prix,13.0,RUS,17.053
Japanese Grand Prix,13.0,ALO,41.82
Japanese Grand Prix,13.0,OCO,35.662
Japanese Grand Prix,13.0,GAS,28.38
Japanese Grand Prix,13.0,LAW,49.896
Japanese Grand Prix,13.0,TSU,47.429
Japanese Grand Prix,13.0,ZHO,59.879
Japanese Grand Prix,13.0,HUL,52.085
Japanese Grand Prix,13.0,MAG,89.13
Japanese Grand Prix,13.0,ALB,45.864
Japanese Grand Prix,13.0,SAR,91.963
Japanese Grand Prix,13.0,STR,24.282
Japanese Grand Prix,13.0,PER,158.183
Japanese Grand Prix,14.0,VER,0.0
Japanese Grand Prix,14.0,NOR,9.273
Japanese Grand Prix,14.0,PIA,26.313
Japanese Grand Prix,14.0,LEC,10.604
Japanese Grand Prix,14.0,HAM,14.497
Japanese Grand Prix,14.0,SAI,12.035
Japanese Grand Prix,14.0,RUS,15.898
Japanese Grand Prix,14.0,ALO,34.11
Japanese Grand Prix,14.0,OCO,27.37
Japanese Grand Prix,14.0,GAS,24.403
Japanese Grand Prix,14.0,LAW,40.701
Japanese Grand Prix,14.0,TSU,39.248
Japanese Grand Prix,14.0,ZHO,49.03
Japanese Grand Prix,14.0,HUL,43.197
Japanese Grand Prix,14.0,MAG,69.936
Japanese Grand Prix,14.0,ALB,74.428
Japanese Grand Prix,14.0,SAR,76.38
Japanese Grand Prix,14.0,STR,25.659
Japanese Grand Prix,14.0,PER,2626.871
Japanese Grand Prix,15.0,VER,0.0
Japanese Grand Prix,15.0,NOR,10.007
Japanese Grand Prix,15.0,PIA,26.345
Japanese Grand Prix,15.0,LEC,11.71
Japanese Grand Prix,15.0,HAM,15.179
Japanese Grand Prix,15.0,SAI,13.06
Japanese Grand Prix,15.0,RUS,16.293
Japanese Grand Prix,15.0,ALO,33.863
Japanese Grand Prix,15.0,OCO,28.628
Japanese Grand Prix,15.0,GAS,26.916
Japanese Grand Prix,15.0,LAW,42.199
Japanese Grand Prix,15.0,TSU,40.559
Japanese Grand Prix,15.0,ZHO,49.763
Japanese Grand Prix,15.0,HUL,44.452
Japanese Grand Prix,15.0,MAG,69.936
Japanese Grand Prix,15.0,ALB,75.24
Japanese Grand Prix,15.0,SAR,78.86
Japanese Grand Prix,15.0,STR,45.416
Japanese Grand Prix,15.0,PER,2661.033
Japanese Grand Prix,16.0,VER,0.0
Japanese Grand Prix,16.0,NOR,8.061
Japanese Grand Prix,16.0,PIA,23.613
Japanese Grand Prix,16.0,LEC,10.186
Japanese Grand Prix,16.0,HAM,17.8
Japanese Grand Prix,16.0,SAI,11.401
Japanese Grand Prix,16.0,RUS,15.621
Japanese Grand Prix,16.0,ALO,31.342
Japanese Grand Prix,16.0,OCO,27.485
Japanese Grand Prix,16.0,GAS,26.195
Japanese Grand Prix,16.0,LAW,40.742
Japanese Grand Prix,16.0,TSU,39.261
Japanese Grand Prix,16.0,ZHO,48.75
Japanese Grand Prix,16.0,HUL,42.915
Japanese Grand Prix,16.0,MAG,67.828
Japanese Grand Prix,16.0,ALB,73.617
Japanese Grand Prix,16.0,SAR,78.16
Japanese Grand Prix,16.0,STR,43.294
Japanese Grand Prix,17.0,VER,8.724
Japanese Grand Prix,17.0,NOR,0.0
Japanese Grand Prix,17.0,PIA,12.981
Japanese Grand Prix,17.0,LEC,2.71
Japanese Grand Prix,17.0,HAM,27.553
Japanese Grand Prix,17.0,SAI,1.6480000000000001
Japanese Grand Prix,17.0,RUS,5.45
Japanese Grand Prix,17.0,ALO,20.453
Japanese Grand Prix,17.0,OCO,18.108
Japanese Grand Prix,17.0,GAS,16.926
Japanese Grand Prix,17.0,LAW,31.833
Japanese Grand Prix,17.0,TSU,30.624
Japanese Grand Prix,17.0,ZHO,39.316
Japanese Grand Prix,17.0,HUL,33.747
Japanese Grand Prix,17.0,MAG,57.735
Japanese Grand Prix,17.0,ALB,64.246
Japanese Grand Prix,17.0,SAR,69.605
Japanese Grand Prix,17.0,STR,34.075
Japanese Grand Prix,18.0,VER,2.6710000000000003
Japanese Grand Prix,18.0,NOR,14.671
Japanese Grand Prix,18.0,PIA,8.151
Japanese Grand Prix,18.0,LEC,16.514
Japanese Grand Prix,18.0,HAM,21.59
Japanese Grand Prix,18.0,SAI,0.0
Japanese Grand Prix,18.0,RUS,1.5510000000000002
Japanese Grand Prix,18.0,ALO,16.264
Japanese Grand Prix,18.0,OCO,15.402
Japanese Grand Prix,18.0,GAS,16.422
Japanese Grand Prix,18.0,LAW,28.66
Japanese Grand Prix,18.0,TSU,27.314
Japanese Grand Prix,18.0,ZHO,35.88
Japanese Grand Prix,18.0,HUL,31.693
Japanese Grand Prix,18.0,MAG,53.568
Japanese Grand Prix,18.0,ALB,61.133
Japanese Grand Prix,18.0,SAR,66.721
Japanese Grand Prix,18.0,STR,29.735
Japanese Grand Prix,19.0,VER,0.0
Japanese Grand Prix,19.0,NOR,10.92
Japanese Grand Prix,19.0,PIA,6.285
Japanese Grand Prix,19.0,LEC,14.648
Japanese Grand Prix,19.0,HAM,19.028
Japanese Grand Prix,19.0,SAI,16.926
Japanese Grand Prix,19.0,RUS,1.127
Japanese Grand Prix,19.0,ALO,15.916
Japanese Grand Prix,19.0,OCO,15.583
Japanese Grand Prix,19.0,GAS,35.61
Japanese Grand Prix,19.0,LAW,28.398
Japanese Grand Prix,19.0,TSU,27.09
Japanese Grand Prix,19.0,ZHO,35.249
Japanese Grand Prix,19.0,HUL,31.578
Japanese Grand Prix,19.0,MAG,52.565
Japanese Grand Prix,19.0,ALB,60.565
Japanese Grand Prix,19.0,SAR,66.744
Japanese Grand Prix,19.0,STR,28.846
Japanese Grand Prix,20.0,VER,0.0
Japanese Grand Prix,20.0,NOR,11.352
Japanese Grand Prix,20.0,PIA,7.647
Japanese Grand Prix,20.0,LEC,15.473
Japanese Grand Prix,20.0,HAM,20.203
Japanese Grand Prix,20.0,SAI,18.77
Japanese Grand Prix,20.0,RUS,3.202
Japanese Grand Prix,20.0,ALO,19.705
Japanese Grand Prix,20.0,OCO,18.656
Japanese Grand Prix,20.0,GAS,35.545
Japanese Grand Prix,20.0,LAW,31.64
Japanese Grand Prix,20.0,TSU,30.233
Japanese Grand Prix,20.0,ZHO,38.646
Japanese Grand Prix,20.0,HUL,34.811
Japanese Grand Prix,20.0,MAG,54.489
Japanese Grand Prix,20.0,ALB,63.319
Japanese Grand Prix,20.0,SAR,70.568
Japanese Grand Prix,20.0,STR,34.797
Japanese Grand Prix,21.0,VER,0.0
Japanese Grand Prix,21.0,NOR,11.34
Japanese Grand Prix,21.0,PIA,8.345
Japanese Grand Prix,21.0,LEC,16.074
Japanese Grand Prix,21.0,HAM,22.39
Japanese Grand Prix,21.0,SAI,19.192
Japanese Grand Prix,21.0,RUS,5.196
Japanese Grand Prix,21.0,ALO,23.245
Japanese Grand Prix,21.0,OCO,22.007
Japanese Grand Prix,21.0,GAS,38.078
Japanese Grand Prix,21.0,LAW,35.09
Japanese Grand Prix,21.0,TSU,33.16
Japanese Grand Prix,21.0,ZHO,41.706
Japanese Grand Prix,21.0,HUL,39.883
Japanese Grand Prix,21.0,MAG,56.558
Japanese Grand Prix,21.0,ALB,66.175
Japanese Grand Prix,21.0,SAR,76.374
Japanese Grand Prix,22.0,VER,0.0
Japanese Grand Prix,22.0,NOR,11.394
Japanese Grand Prix,22.0,PIA,9.018
Japanese Grand Prix,22.0,LEC,16.427
Japanese Grand Prix,22.0,HAM,22.918
Japanese Grand Prix,22.0,SAI,19.479
Japanese Grand Prix,22.0,RUS,7.169
Japanese Grand Prix,22.0,ALO,25.694
Japanese Grand Prix,22.0,OCO,25.357
Japanese Grand Prix,22.0,GAS,38.667
Japanese Grand Prix,22.0,LAW,38.307
Japanese Grand Prix,22.0,TSU,36.219
Japanese Grand Prix,22.0,ZHO,44.529
Japanese Grand Prix,22.0,HUL,62.375
Japanese Grand Prix,22.0,MAG,58.721
Japanese Grand Prix,22.0,ALB,68.654
Japanese Grand Prix,22.0,SAR,115.821
Japanese Grand Prix,23.0,VER,0.0
Japanese Grand Prix,23.0,NOR,11.736
Japanese Grand Prix,23.0,PIA,10.028
Japanese Grand Prix,23.0,LEC,16.71
Japanese Grand Prix,23.0,HAM,23.764
Japanese Grand Prix,23.0,SAI,19.616
Japanese Grand Prix,23.0,RUS,8.886
Japanese Grand Prix,23.0,ALO,28.995
Japanese Grand Prix,23.0,OCO,27.898
Japanese Grand Prix,23.0,GAS,39.601
Japanese Grand Prix,23.0,LAW,42.15
Japanese Grand Prix,23.0,TSU,39.258
Japanese Grand Prix,23.0,ZHO,46.941
Japanese Grand Prix,23.0,HUL,63.98
Japanese Grand Prix,23.0,MAG,60.529
Japanese Grand Prix,23.0,ALB,70.851
Japanese Grand Prix,24.0,VER,0.0
Japanese Grand Prix,24.0,NOR,12.159
Japanese Grand Prix,24.0,PIA,11.426
Japanese Grand Prix,24.0,LEC,16.876
Japanese Grand Prix,24.0,HAM,24.275
Japanese Grand Prix,24.0,SAI,19.791
Japanese Grand Prix,24.0,RUS,12.574
Japanese Grand Prix,24.0,ALO,31.035
Japanese Grand Prix,24.0,OCO,30.661
Japanese Grand Prix,24.0,GAS,40.13
Japanese Grand Prix,24.0,LAW,45.032
Japanese Grand Prix,24.0,TSU,42.783
Japanese Grand Prix,24.0,ZHO,49.198
Japanese Grand Prix,24.0,HUL,64.594
Japanese Grand Prix,24.0,MAG,62.656
Japanese Grand Prix,24.0,ALB,73.284
Japanese Grand Prix,25.0,VER,0.0
Japanese Grand Prix,25.0,NOR,12.585
Japanese Grand Prix,25.0,PIA,12.021
Japanese Grand Prix,25.0,LEC,17.05
Japanese Grand Prix,25.0,HAM,24.234
Japanese Grand Prix,25.0,SAI,19.598
Japanese Grand Prix,25.0,RUS,32.742
Japanese Grand Prix,25.0,ALO,36.769
Japanese Grand Prix,25.0,OCO,33.967
Japanese Grand Prix,25.0,GAS,41.196
Japanese Grand Prix,25.0,LAW,49.941
Japanese Grand Prix,25.0,TSU,45.186
Japanese Grand Prix,25.0,ZHO,51.251
Japanese Grand Prix,25.0,HUL,65.235
Japanese Grand Prix,25.0,MAG,64.211
Japanese Grand Prix,25.0,ALB,75.624
Japanese Grand Prix,26.0,VER,0.0
Japanese Grand Prix,26.0,NOR,13.475
Japanese Grand Prix,26.0,PIA,13.053
Japanese Grand Prix,26.0,LEC,17.532
Japanese Grand Prix,26.0,HAM,24.627
Japanese Grand Prix,26.0,SAI,19.872
Japanese Grand Prix,26.0,RUS,32.853
Japanese Grand Prix,26.0,ALO,55.501
Japanese Grand Prix,26.0,OCO,36.616
Japanese Grand Prix,26.0,GAS,41.985
Japanese Grand Prix,26.0,LAW,70.865
Japanese Grand Prix,26.0,TSU,47.955
Japanese Grand Prix,26.0,ZHO,53.771
Japanese Grand Prix,26.0,HUL,65.75
Japanese Grand Prix,26.0,MAG,66.989
Japanese Grand Prix,26.0,ALB,86.158
Japanese Grand Prix,27.0,VER,0.0
Japanese Grand Prix,27.0,NOR,13.012
Japanese Grand Prix,27.0,PIA,14.967
Japanese Grand Prix,27.0,LEC,18.984
Japanese Grand Prix,27.0,HAM,25.099
Japanese Grand Prix,27.0,SAI,20.826
Japanese Grand Prix,27.0,RUS,32.641
Japanese Grand Prix,27.0,ALO,54.944
Japanese Grand Prix,27.0,OCO,39.24
Japanese Grand Prix,27.0,GAS,42.727
Japanese Grand Prix,27.0,LAW,71.667
Japanese Grand Prix,27.0,TSU,50.576
Japanese Grand Prix,27.0,ZHO,56.728
Japanese Grand Prix,27.0,HUL,66.207
Japanese Grand Prix,27.0,MAG,68.78
Japanese Grand Prix,28.0,VER,0.0
Japanese Grand Prix,28.0,NOR,13.473
Japanese Grand Prix,28.0,PIA,16.106
Japanese Grand Prix,28.0,LEC,20.012
Japanese Grand Prix,28.0,HAM,26.206
Japanese Grand Prix,28.0,SAI,21.949
Japanese Grand Prix,28.0,RUS,32.761
Japanese Grand Prix,28.0,ALO,54.589
Japanese Grand Prix,28.0,OCO,44.583
Japanese Grand Prix,28.0,GAS,44.027
Japanese Grand Prix,28.0,LAW,72.941
Japanese Grand Prix,28.0,TSU,53.596
Japanese Grand Prix,28.0,ZHO,59.434
Japanese Grand Prix,28.0,HUL,67.458
Japanese Grand Prix,28.0,MAG,71.501
Japanese Grand Prix,29.0,VER,0.0
Japanese Grand Prix,29.0,NOR,13.806000000000001
Japanese Grand Prix,29.0,PIA,17.38
Japanese Grand Prix,29.0,LEC,21.111
Japanese Grand Prix,29.0,HAM,27.324
Japanese Grand Prix,29.0,SAI,23.062
Japanese Grand Prix,29.0,RUS,33.178
Japanese Grand Prix,29.0,ALO,55.914
Japanese Grand Prix,29.0,OCO,65.03
Japanese Grand Prix,29.0,GAS,45.644
Japanese Grand Prix,29.0,LAW,74.641
Japanese Grand Prix,29.0,TSU,57.391
Japanese Grand Prix,29.0,ZHO,64.743
Japanese Grand Prix,29.0,HUL,68.575
Japanese Grand Prix,29.0,MAG,74.421
Japanese Grand Prix,30.0,VER,0.0
Japanese Grand Prix,30.0,NOR,14.244
Japanese Grand Prix,30.0,PIA,18.338
Japanese Grand Prix,30.0,LEC,21.988
Japanese Grand Prix,30.0,HAM,28.058
Japanese Grand Prix,30.0,SAI,24.178
Japanese Grand Prix,30.0,RUS,33.53
Japanese Grand Prix,30.0,ALO,55.588
Japanese Grand Prix,30.0,OCO,65.003
Japanese Grand Prix,30.0,GAS,46.864
Japanese Grand Prix,30.0,LAW,75.861
Japanese Grand Prix,30.0,TSU,62.489
Japanese Grand Prix,30.0,ZHO,85.272
Japanese Grand Prix,30.0,HUL,69.599
Japanese Grand Prix,30.0,MAG,77.944
Japanese Grand Prix,31.0,VER,0.0
Japanese Grand Prix,31.0,NOR,14.345
Japanese Grand Prix,31.0,PIA,19.36
Japanese Grand Prix,31.0,LEC,23.278
Japanese Grand Prix,31.0,HAM,29.325
Japanese Grand Prix,31.0,SAI,25.295
Japanese Grand Prix,31.0,RUS,33.933
Japanese Grand Prix,31.0,ALO,55.571
Japanese Grand Prix,31.0,OCO,65.382
Japanese Grand Prix,31.0,GAS,48.091
Japanese Grand Prix,31.0,LAW,77.589
Japanese Grand Prix,31.0,TSU,83.798
Japanese Grand Prix,31.0,ZHO,85.951
Japanese Grand Prix,31.0,HUL,71.032
Japanese Grand Prix,31.0,MAG,82.849
Japanese Grand Prix,32.0,VER,0.0
Japanese Grand Prix,32.0,NOR,14.87
Japanese Grand Prix,32.0,PIA,19.898
Japanese Grand Prix,32.0,LEC,24.019
Japanese Grand Prix,32.0,HAM,30.01
Japanese Grand Prix,32.0,SAI,26.101
Japanese Grand Prix,32.0,RUS,34.209
Japanese Grand Prix,32.0,ALO,55.279
Japanese Grand Prix,32.0,OCO,65.295
Japanese Grand Prix,32.0,GAS,49.065
Japanese Grand Prix,32.0,LAW,78.471
Japanese Grand Prix,32.0,TSU,83.731
Japanese Grand Prix,32.0,ZHO,86.496
Japanese Grand Prix,32.0,HUL,71.604
Japanese Grand Prix,32.0,MAG,103.405
Japanese Grand Prix,33.0,VER,0.0
Japanese Grand Prix,33.0,NOR,15.167
Japanese Grand Prix,33.0,PIA,20.749
Japanese Grand Prix,33.0,LEC,25.067
Japanese Grand Prix,33.0,HAM,30.732
Japanese Grand Prix,33.0,SAI,27.08
Japanese Grand Prix,33.0,RUS,34.683
Japanese Grand Prix,33.0,ALO,54.959
Japanese Grand Prix,33.0,OCO,65.493
Japanese Grand Prix,33.0,GAS,50.259
Japanese Grand Prix,33.0,LAW,79.458
Japanese Grand Prix,33.0,TSU,84.169
Japanese Grand Prix,33.0,ZHO,87.484
Japanese Grand Prix,33.0,HUL,72.499
Japanese Grand Prix,33.0,MAG,104.027
Japanese Grand Prix,34.0,VER,0.0
Japanese Grand Prix,34.0,NOR,15.437
Japanese Grand Prix,34.0,PIA,21.133
Japanese Grand Prix,34.0,LEC,28.463
Japanese Grand Prix,34.0,HAM,33.852
Japanese Grand Prix,34.0,SAI,27.935
Japanese Grand Prix,34.0,RUS,35.047
Japanese Grand Prix,34.0,ALO,54.687
Japanese Grand Prix,34.0,OCO,65.158
Japanese Grand Prix,34.0,GAS,53.904
Japanese Grand Prix,34.0,LAW,80.122
Japanese Grand Prix,34.0,TSU,84.334
Japanese Grand Prix,34.0,ZHO,88.4
Japanese Grand Prix,34.0,HUL,73.427
Japanese Grand Prix,34.0,MAG,104.558
Japanese Grand Prix,35.0,VER,0.0
Japanese Grand Prix,35.0,NOR,15.509
Japanese Grand Prix,35.0,PIA,23.92
Japanese Grand Prix,35.0,LEC,46.506
Japanese Grand Prix,35.0,HAM,51.78
Japanese Grand Prix,35.0,SAI,28.849
Japanese Grand Prix,35.0,RUS,35.456
Japanese Grand Prix,35.0,ALO,55.169
Japanese Grand Prix,35.0,OCO,65.218
Japanese Grand Prix,35.0,GAS,74.89
Japanese Grand Prix,35.0,LAW,80.703
Japanese Grand Prix,35.0,TSU,84.523
Japanese Grand Prix,35.0,ZHO,89.253
Japanese Grand Prix,35.0,HUL,74.667
Japanese Grand Prix,35.0,MAG,105.447
Japanese Grand Prix,36.0,VER,0.0
Japanese Grand Prix,36.0,NOR,17.795
Japanese Grand Prix,36.0,PIA,43.196
Japanese Grand Prix,36.0,LEC,45.467
Japanese Grand Prix,36.0,HAM,49.571
Japanese Grand Prix,36.0,SAI,29.481
Japanese Grand Prix,36.0,RUS,35.633
Japanese Grand Prix,36.0,ALO,55.358
Japanese Grand Prix,36.0,OCO,65.014
Japanese Grand Prix,36.0,GAS,73.441
Japanese Grand Prix,36.0,LAW,81.151
Japanese Grand Prix,36.0,TSU,84.471
Japanese Grand Prix,36.0,ZHO,89.688
Japanese Grand Prix,36.0,HUL,76.808
Japanese Grand Prix,36.0,MAG,105.645
Japanese Grand Prix,37.0,VER,0.0
Japanese Grand Prix,37.0,NOR,34.312
Japanese Grand Prix,37.0,PIA,39.564
Japanese Grand Prix,37.0,LEC,42.094
Japanese Grand Prix,37.0,HAM,45.489
Japanese Grand Prix,37.0,SAI,28.315
Japanese Grand Prix,37.0,RUS,33.849
Japanese Grand Prix,37.0,ALO,53.233
Japanese Grand Prix,37.0,OCO,62.844
Japanese Grand Prix,37.0,GAS,70.177
Japanese Grand Prix,37.0,LAW,79.376
Japanese Grand Prix,37.0,TSU,82.22
Japanese Grand Prix,37.0,ZHO,87.854
Japanese Grand Prix,37.0,HUL,77.964
Japanese Grand Prix,37.0,MAG,103.553
Japanese Grand Prix,38.0,VER,0.0
Japanese Grand Prix,38.0,NOR,14.237
Japanese Grand Prix,38.0,PIA,19.814
Japanese Grand Prix,38.0,LEC,22.509
Japanese Grand Prix,38.0,HAM,26.147
Japanese Grand Prix,38.0,SAI,13.657
Japanese Grand Prix,38.0,RUS,16.814
Japanese Grand Prix,38.0,ALO,35.155
Japanese Grand Prix,38.0,OCO,44.646
Japanese Grand Prix,38.0,GAS,51.302
Japanese Grand Prix,38.0,LAW,61.641
Japanese Grand Prix,38.0,TSU,63.958
Japanese Grand Prix,38.0,ZHO,69.987
Japanese Grand Prix,38.0,HUL,80.82
Japanese Grand Prix,38.0,MAG,85.696
Japanese Grand Prix,39.0,VER,0.0
Japanese Grand Prix,39.0,NOR,16.026
Japanese Grand Prix,39.0,PIA,22.228
Japanese Grand Prix,39.0,LEC,24.998
Japanese Grand Prix,39.0,HAM,28.473
Japanese Grand Prix,39.0,SAI,35.638
Japanese Grand Prix,39.0,RUS,20.647
Japanese Grand Prix,39.0,ALO,39.008
Japanese Grand Prix,39.0,OCO,48.489
Japanese Grand Prix,39.0,GAS,54.099
Japanese Grand Prix,39.0,LAW,65.936
Japanese Grand Prix,39.0,TSU,67.872
Japanese Grand Prix,39.0,ZHO,73.796
Japanese Grand Prix,39.0,HUL,85.027
Japanese Grand Prix,39.0,MAG,89.518
Japanese Grand Prix,40.0,VER,0.0
Japanese Grand Prix,40.0,NOR,15.359
Japanese Grand Prix,40.0,PIA,23.055
Japanese Grand Prix,40.0,LEC,25.446
Japanese Grand Prix,40.0,HAM,29.677
Japanese Grand Prix,40.0,SAI,35.911
Japanese Grand Prix,40.0,RUS,22.425
Japanese Grand Prix,40.0,ALO,41.153
Japanese Grand Prix,40.0,OCO,50.479
Japanese Grand Prix,40.0,GAS,55.145
Japanese Grand Prix,40.0,LAW,68.445
Japanese Grand Prix,40.0,TSU,69.878
Japanese Grand Prix,40.0,ZHO,76.214
Japanese Grand Prix,40.0,HUL,86.769
Japanese Grand Prix,40.0,MAG,91.562
Japanese Grand Prix,41.0,VER,0.0
Japanese Grand Prix,41.0,NOR,15.749
Japanese Grand Prix,41.0,PIA,25.504
Japanese Grand Prix,41.0,LEC,26.934
Japanese Grand Prix,41.0,HAM,31.487
Japanese Grand Prix,41.0,SAI,36.842
Japanese Grand Prix,41.0,RUS,25.014
Japanese Grand Prix,41.0,ALO,43.902
Japanese Grand Prix,41.0,OCO,52.819
Japanese Grand Prix,41.0,GAS,56.961
Japanese Grand Prix,41.0,LAW,71.524
Japanese Grand Prix,41.0,TSU,72.663
Japanese Grand Prix,41.0,ZHO,78.972
Japanese Grand Prix,41.0,HUL,88.731
Japanese Grand Prix,41.0,MAG,93.971
Japanese Grand Prix,42.0,VER,0.0
Japanese Grand Prix,42.0,NOR,16.345
Japanese Grand Prix,42.0,PIA,27.104
Japanese Grand Prix,42.0,LEC,29.041
Japanese Grand Prix,42.0,HAM,33.709
Japanese Grand Prix,42.0,SAI,37.972
Japanese Grand Prix,42.0,RUS,28.345
Japanese Grand Prix,42.0,ALO,47.011
Japanese Grand Prix,42.0,OCO,55.391
Japanese Grand Prix,42.0,GAS,58.913
Japanese Grand Prix,42.0,LAW,74.919
Japanese Grand Prix,42.0,TSU,75.834
Japanese Grand Prix,42.0,ZHO,81.63
Japanese Grand Prix,42.0,HUL,90.792
Japanese Grand Prix,42.0,MAG,97.952
Japanese Grand Prix,43.0,VER,0.0
Japanese Grand Prix,43.0,NOR,16.428
Japanese Grand Prix,43.0,PIA,28.386
Japanese Grand Prix,43.0,LEC,31.128
Japanese Grand Prix,43.0,HAM,35.033
Japanese Grand Prix,43.0,SAI,38.68
Japanese Grand Prix,43.0,RUS,30.476
Japanese Grand Prix,43.0,ALO,49.455
Japanese Grand Prix,43.0,OCO,57.215
Japanese Grand Prix,43.0,GAS,60.495
Japanese Grand Prix,43.0,LAW,77.646
Japanese Grand Prix,43.0,TSU,78.633
Japanese Grand Prix,43.0,ZHO,83.874
Japanese Grand Prix,43.0,HUL,92.268
Japanese Grand Prix,43.0,MAG,100.189
Japanese Grand Prix,44.0,VER,0.0
Japanese Grand Prix,44.0,NOR,17.025
Japanese Grand Prix,44.0,PIA,30.767
Japanese Grand Prix,44.0,LEC,34.067
Japanese Grand Prix,44.0,HAM,36.836
Japanese Grand Prix,44.0,SAI,39.942
Japanese Grand Prix,44.0,RUS,33.468
Japanese Grand Prix,44.0,ALO,52.692
Japanese Grand Prix,44.0,OCO,60.069
Japanese Grand Prix,44.0,GAS,62.766
Japanese Grand Prix,44.0,LAW,80.984
Japanese Grand Prix,44.0,TSU,81.681
Japanese Grand Prix,44.0,ZHO,86.614
Japanese Grand Prix,44.0,HUL,94.056
Japanese Grand Prix,44.0,MAG,102.793
Japanese Grand Prix,45.0,VER,0.0
Japanese Grand Prix,45.0,NOR,17.188
Japanese Grand Prix,45.0,PIA,32.148
Japanese Grand Prix,45.0,LEC,35.386
Japanese Grand Prix,45.0,HAM,38.138
Japanese Grand Prix,45.0,SAI,40.825
Japanese Grand Prix,45.0,RUS,36.791
Japanese Grand Prix,45.0,ALO,55.209
Japanese Grand Prix,45.0,OCO,62.352
Japanese Grand Prix,45.0,GAS,64.643
Japanese Grand Prix,45.0,LAW,83.652
Japanese Grand Prix,45.0,TSU,84.304
Japanese Grand Prix,45.0,ZHO,88.49
Japanese Grand Prix,45.0,HUL,97.277
Japanese Grand Prix,45.0,MAG,105.385
Japanese Grand Prix,46.0,VER,0.0
Japanese Grand Prix,46.0,NOR,17.583
Japanese Grand Prix,46.0,PIA,32.624
Japanese Grand Prix,46.0,LEC,36.599
Japanese Grand Prix,46.0,HAM,40.154
Japanese Grand Prix,46.0,SAI,41.625
Japanese Grand Prix,46.0,RUS,39.248
Japanese Grand Prix,46.0,ALO,57.639
Japanese Grand Prix,46.0,OCO,67.145
Japanese Grand Prix,46.0,GAS,66.421
Japanese Grand Prix,46.0,LAW,86.332
Japanese Grand Prix,46.0,TSU,87.004
Japanese Grand Prix,46.0,ZHO,90.771
Japanese Grand Prix,46.0,HUL,99.105
Japanese Grand Prix,46.0,MAG,108.3
Japanese Grand Prix,47.0,VER,0.0
Japanese Grand Prix,47.0,NOR,17.774
Japanese Grand Prix,47.0,PIA,33.108
Japanese Grand Prix,47.0,LEC,37.719
Japanese Grand Prix,47.0,HAM,42.385
Japanese Grand Prix,47.0,SAI,42.921
Japanese Grand Prix,47.0,RUS,41.767
Japanese Grand Prix,47.0,ALO,60.056
Japanese Grand Prix,47.0,OCO,69.683
Japanese Grand Prix,47.0,GAS,68.267
Japanese Grand Prix,47.0,LAW,88.777
Japanese Grand Prix,47.0,TSU,89.388
Japanese Grand Prix,47.0,ZHO,92.783
Japanese Grand Prix,47.0,HUL,100.513
Japanese Grand Prix,47.0,MAG,110.882
Japanese Grand Prix,48.0,VER,0.0
Japanese Grand Prix,48.0,NOR,18.163
Japanese Grand Prix,48.0,PIA,33.79
Japanese Grand Prix,48.0,LEC,39.039
Japanese Grand Prix,48.0,HAM,44.603
Japanese Grand Prix,48.0,SAI,45.069
Japanese Grand Prix,48.0,RUS,43.925
Japanese Grand Prix,48.0,ALO,62.264
Japanese Grand Prix,48.0,OCO,71.877
Japanese Grand Prix,48.0,GAS,70.203
Japanese Grand Prix,48.0,LAW,91.252
Japanese Grand Prix,48.0,TSU,91.877
Japanese Grand Prix,48.0,ZHO,95.17
Japanese Grand Prix,48.0,HUL,102.175
Japanese Grand Prix,48.0,MAG,117.368
Japanese Grand Prix,49.0,VER,0.0
Japanese Grand Prix,49.0,NOR,19.202
Japanese Grand Prix,49.0,PIA,34.218
Japanese Grand Prix,49.0,LEC,39.958
Japanese Grand Prix,49.0,HAM,46.654
Japanese Grand Prix,49.0,SAI,48.048
Japanese Grand Prix,49.0,RUS,47.828
Japanese Grand Prix,49.0,ALO,64.384
Japanese Grand Prix,49.0,OCO,73.569
Japanese Grand Prix,49.0,GAS,71.491
Japanese Grand Prix,49.0,LAW,92.911
Japanese Grand Prix,49.0,TSU,93.687
Japanese Grand Prix,49.0,ZHO,98.211
Japanese Grand Prix,49.0,HUL,103.199
Japanese Grand Prix,49.0,MAG,120.118
Japanese Grand Prix,50.0,VER,0.0
Japanese Grand Prix,50.0,NOR,19.267
Japanese Grand Prix,50.0,PIA,34.472
Japanese Grand Prix,50.0,LEC,40.685
Japanese Grand Prix,50.0,HAM,47.194
Japanese Grand Prix,50.0,SAI,48.52
Japanese Grand Prix,50.0,RUS,50.63
Japanese Grand Prix,50.0,ALO,66.662
Japanese Grand Prix,50.0,OCO,75.022
Japanese Grand Prix,50.0,GAS,72.763
Japanese Grand Prix,50.0,LAW,94.301
Japanese Grand Prix,50.0,TSU,95.074
Japanese Grand Prix,50.0,ZHO,99.432
Japanese Grand Prix,50.0,HUL,103.977
Japanese Grand Prix,50.0,MAG,122.141
Japanese Grand Prix,51.0,VER,0.0
Japanese Grand Prix,51.0,NOR,19.368
Japanese Grand Prix,51.0,PIA,35.063
Japanese Grand Prix,51.0,LEC,41.608
Japanese Grand Prix,51.0,HAM,48.085
Japanese Grand Prix,51.0,SAI,48.998
Japanese Grand Prix,51.0,RUS,53.061
Japanese Grand Prix,51.0,ALO,69.243
Japanese Grand Prix,51.0,OCO,76.768
Japanese Grand Prix,51.0,GAS,74.072
Japanese Grand Prix,51.0,LAW,96.176
Japanese Grand Prix,51.0,TSU,98.301
Japanese Grand Prix,51.0,ZHO,101.236
Japanese Grand Prix,51.0,HUL,105.081
Japanese Grand Prix,51.0,MAG,124.393
Japanese Grand Prix,52.0,VER,0.0
Japanese Grand Prix,52.0,NOR,19.028
Japanese Grand Prix,52.0,PIA,35.808
Japanese Grand Prix,52.0,LEC,42.331
Japanese Grand Prix,52.0,HAM,48.387
Japanese Grand Prix,52.0,SAI,49.337
Japanese Grand Prix,52.0,RUS,55.066
Japanese Grand Prix,52.0,ALO,71.425
Japanese Grand Prix,52.0,OCO,77.763
Japanese Grand Prix,52.0,GAS,75.264
Japanese Grand Prix,52.0,LAW,99.515
Japanese Grand Prix,52.0,TSU,100.351
Japanese Grand Prix,52.0,ZHO,102.699
Japanese Grand Prix,52.0,HUL,105.96
Japanese Grand Prix,52.0,MAG,125.971
Japanese Grand Prix,53.0,VER,0.0
Japanese Grand Prix,53.0,NOR,19.483
Japanese Grand Prix,53.0,PIA,36.525
Japanese Grand Prix,53.0,LEC,44.08
Japanese Grand Prix,53.0,HAM,49.44
Japanese Grand Prix,53.0,SAI,50.296
Japanese Grand Prix,53.0,RUS,57.646
Japanese Grand Prix,53.0,ALO,74.775
Japanese Grand Prix,53.0,OCO,79.755
Japanese Grand Prix,53.0,GAS,83.231
Qatar Grand Prix,1.0,VER,0.0
Qatar Grand Prix,1.0,PIA,2.848
Qatar Grand Prix,1.0,NOR,9.486
Qatar Grand Prix,1.0,RUS,28.083
Qatar Grand Prix,1.0,LEC,6.392
Qatar Grand Prix,1.0,ALO,4.265
Qatar Grand Prix,1.0,OCO,7.798
Qatar Grand Prix,1.0,BOT,12.833
Qatar Grand Prix,1.0,ZHO,23.144
Qatar Grand Prix,1.0,PER,25.607
Qatar Grand Prix,1.0,STR,18.46
Qatar Grand Prix,1.0,GAS,10.917
Qatar Grand Prix,1.0,ALB,15.602
Qatar Grand Prix,1.0,MAG,19.913
Qatar Grand Prix,1.0,TSU,11.816
Qatar Grand Prix,1.0,HUL,14.169
Qatar Grand Prix,1.0,LAW,21.496
Qatar Grand Prix,1.0,SAR,16.378
Qatar Grand Prix,1.0,HAM,0.0
Qatar Grand Prix,2.0,VER,0.0
Qatar Grand Prix,2.0,PIA,0.874
Qatar Grand Prix,2.0,NOR,5.872
Qatar Grand Prix,2.0,RUS,27.297
Qatar Grand Prix,2.0,LEC,2.855
Qatar Grand Prix,2.0,ALO,1.818
Qatar Grand Prix,2.0,OCO,3.732
Qatar Grand Prix,2.0,BOT,10.76
Qatar Grand Prix,2.0,ZHO,21.505
Qatar Grand Prix,2.0,PER,22.982
Qatar Grand Prix,2.0,STR,17.245
Qatar Grand Prix,2.0,GAS,7.984
Qatar Grand Prix,2.0,ALB,14.138
Qatar Grand Prix,2.0,MAG,19.013
Qatar Grand Prix,2.0,TSU,9.427
Qatar Grand Prix,2.0,HUL,12.774000000000001
Qatar Grand Prix,2.0,LAW,20.461
Qatar Grand Prix,2.0,SAR,15.554
Qatar Grand Prix,3.0,VER,0.0
Qatar Grand Prix,3.0,PIA,0.807
Qatar Grand Prix,3.0,NOR,6.664
Qatar Grand Prix,3.0,RUS,18.497
Qatar Grand Prix,3.0,LEC,4.03
Qatar Grand Prix,3.0,ALO,2.122
Qatar Grand Prix,3.0,OCO,5.076
Qatar Grand Prix,3.0,BOT,12.954
Qatar Grand Prix,3.0,ZHO,15.238
Qatar Grand Prix,3.0,PER,16.686
Qatar Grand Prix,3.0,STR,17.329
Qatar Grand Prix,3.0,GAS,8.3
Qatar Grand Prix,3.0,ALB,11.725
Qatar Grand Prix,3.0,MAG,17.045
Qatar Grand Prix,3.0,TSU,10.052
Qatar Grand Prix,3.0,HUL,10.898
Qatar Grand Prix,3.0,LAW,18.142
Qatar Grand Prix,3.0,SAR,12.753
Qatar Grand Prix,4.0,VER,0.0
Qatar Grand Prix,4.0,PIA,1.065
Qatar Grand Prix,4.0,NOR,2.848
Qatar Grand Prix,4.0,RUS,5.931
Qatar Grand Prix,4.0,LEC,2.016
Qatar Grand Prix,4.0,ALO,1.536
Qatar Grand Prix,4.0,OCO,2.424
Qatar Grand Prix,4.0,BOT,6.194
Qatar Grand Prix,4.0,ZHO,5.108
Qatar Grand Prix,4.0,PER,5.746
Qatar Grand Prix,4.0,STR,7.01
Qatar Grand Prix,4.0,GAS,3.318
Qatar Grand Prix,4.0,ALB,4.202
Qatar Grand Prix,4.0,MAG,6.8100000000000005
Qatar Grand Prix,4.0,TSU,3.446
Qatar Grand Prix,4.0,HUL,3.9779999999999998
Qatar Grand Prix,4.0,LAW,7.693
Qatar Grand Prix,4.0,SAR,4.678
Qatar Grand Prix,5.0,VER,0.0
Qatar Grand Prix,5.0,PIA,1.263
Qatar Grand Prix,5.0,NOR,4.804
Qatar Grand Prix,5.0,RUS,9.316
Qatar Grand Prix,5.0,LEC,3.19
Qatar Grand Prix,5.0,ALO,2.144
Qatar Grand Prix,5.0,OCO,4.016
Qatar Grand Prix,5.0,BOT,9.951
Qatar Grand Prix,5.0,ZHO,8.246
Qatar Grand Prix,5.0,PER,8.864
Qatar Grand Prix,5.0,STR,11.06
Qatar Grand Prix,5.0,GAS,5.644
Qatar Grand Prix,5.0,ALB,6.986
Qatar Grand Prix,5.0,MAG,10.456
Qatar Grand Prix,5.0,TSU,6.25
Qatar Grand Prix,5.0,HUL,6.499
Qatar Grand Prix,5.0,LAW,12.046
Qatar Grand Prix,5.0,SAR,7.568
Qatar Grand Prix,6.0,VER,0.0
Qatar Grand Prix,6.0,PIA,1.182
Qatar Grand Prix,6.0,NOR,6.494
Qatar Grand Prix,6.0,RUS,11.806000000000001
Qatar Grand Prix,6.0,LEC,3.73
Qatar Grand Prix,6.0,ALO,2.32
Qatar Grand Prix,6.0,OCO,5.154
Qatar Grand Prix,6.0,BOT,13.115
Qatar Grand Prix,6.0,ZHO,11.446
Qatar Grand Prix,6.0,PER,12.605
Qatar Grand Prix,6.0,STR,14.465
Qatar Grand Prix,6.0,GAS,7.163
Qatar Grand Prix,6.0,ALB,10.287
Qatar Grand Prix,6.0,MAG,13.617
Qatar Grand Prix,6.0,TSU,9.147
Qatar Grand Prix,6.0,HUL,8.098
Qatar Grand Prix,6.0,LAW,15.741
Qatar Grand Prix,6.0,SAR,10.887
Qatar Grand Prix,7.0,VER,0.0
Qatar Grand Prix,7.0,PIA,1.655
Qatar Grand Prix,7.0,NOR,7.795
Qatar Grand Prix,7.0,RUS,14.138
Qatar Grand Prix,7.0,LEC,4.772
Qatar Grand Prix,7.0,ALO,3.777
Qatar Grand Prix,7.0,OCO,6.493
Qatar Grand Prix,7.0,BOT,15.68
Qatar Grand Prix,7.0,ZHO,13.606
Qatar Grand Prix,7.0,PER,14.789
Qatar Grand Prix,7.0,STR,17.408
Qatar Grand Prix,7.0,GAS,8.674
Qatar Grand Prix,7.0,ALB,11.93
Qatar Grand Prix,7.0,MAG,16.91
Qatar Grand Prix,7.0,TSU,11.287
Qatar Grand Prix,7.0,HUL,10.253
Qatar Grand Prix,7.0,LAW,18.838
Qatar Grand Prix,7.0,SAR,12.941
Qatar Grand Prix,8.0,VER,0.0
Qatar Grand Prix,8.0,PIA,2.14
Qatar Grand Prix,8.0,NOR,8.695
Qatar Grand Prix,8.0,RUS,14.828
Qatar Grand Prix,8.0,LEC,5.447
Qatar Grand Prix,8.0,ALO,4.468
Qatar Grand Prix,8.0,OCO,7.435
Qatar Grand Prix,8.0,BOT,17.358
Qatar Grand Prix,8.0,ZHO,15.676
Qatar Grand Prix,8.0,PER,16.231
Qatar Grand Prix,8.0,STR,18.903
Qatar Grand Prix,8.0,GAS,9.762
Qatar Grand Prix,8.0,ALB,13.182
Qatar Grand Prix,8.0,MAG,19.724
Qatar Grand Prix,8.0,TSU,12.606
Qatar Grand Prix,8.0,HUL,11.593
Qatar Grand Prix,8.0,LAW,20.888
Qatar Grand Prix,8.0,SAR,14.452
Qatar Grand Prix,9.0,VER,0.0
Qatar Grand Prix,9.0,PIA,2.364
Qatar Grand Prix,9.0,NOR,9.409
Qatar Grand Prix,9.0,RUS,15.607
Qatar Grand Prix,9.0,LEC,6.063
Qatar Grand Prix,9.0,ALO,4.746
Qatar Grand Prix,9.0,OCO,8.41
Qatar Grand Prix,9.0,BOT,19.309
Qatar Grand Prix,9.0,ZHO,17.422
Qatar Grand Prix,9.0,PER,17.76
Qatar Grand Prix,9.0,STR,20.383
Qatar Grand Prix,9.0,GAS,10.658
Qatar Grand Prix,9.0,ALB,14.906
Qatar Grand Prix,9.0,MAG,21.899
Qatar Grand Prix,9.0,TSU,18.386
Qatar Grand Prix,9.0,HUL,13.350999999999999
Qatar Grand Prix,9.0,LAW,22.687
Qatar Grand Prix,9.0,SAR,16.825
Qatar Grand Prix,10.0,VER,0.0
Qatar Grand Prix,10.0,PIA,2.429
Qatar Grand Prix,10.0,NOR,10.062
Qatar Grand Prix,10.0,RUS,16.24
Qatar Grand Prix,10.0,LEC,6.533
Qatar Grand Prix,10.0,ALO,5.244
Qatar Grand Prix,10.0,OCO,13.361
Qatar Grand Prix,10.0,BOT,20.81
Qatar Grand Prix,10.0,ZHO,19.395
Qatar Grand Prix,10.0,PER,19.875
Qatar Grand Prix,10.0,STR,21.924
Qatar Grand Prix,10.0,GAS,11.617
Qatar Grand Prix,10.0,ALB,15.693999999999999
Qatar Grand Prix,10.0,MAG,23.96
Qatar Grand Prix,10.0,TSU,41.134
Qatar Grand Prix,10.0,HUL,14.855
Qatar Grand Prix,10.0,LAW,24.461
Qatar Grand Prix,10.0,SAR,18.532
Qatar Grand Prix,11.0,VER,0.0
Qatar Grand Prix,11.0,PIA,2.955
Qatar Grand Prix,11.0,NOR,10.101
Qatar Grand Prix,11.0,RUS,17.437
Qatar Grand Prix,11.0,LEC,6.7780000000000005
Qatar Grand Prix,11.0,ALO,9.952
Qatar Grand Prix,11.0,OCO,37.641
Qatar Grand Prix,11.0,BOT,22.68
Qatar Grand Prix,11.0,ZHO,20.965
Qatar Grand Prix,11.0,PER,21.335
Qatar Grand Prix,11.0,STR,23.498
Qatar Grand Prix,11.0,GAS,16.413
Qatar Grand Prix,11.0,ALB,16.858
Qatar Grand Prix,11.0,MAG,25.561
Qatar Grand Prix,11.0,TSU,42.429
Qatar Grand Prix,11.0,HUL,16.205
Qatar Grand Prix,11.0,LAW,26.21
Qatar Grand Prix,11.0,SAR,20.277
Qatar Grand Prix,12.0,VER,0.0
Qatar Grand Prix,12.0,PIA,6.785
Qatar Grand Prix,12.0,NOR,10.094
Qatar Grand Prix,12.0,RUS,17.826999999999998
Qatar Grand Prix,12.0,LEC,11.227
Qatar Grand Prix,12.0,ALO,33.328
Qatar Grand Prix,12.0,OCO,38.372
Qatar Grand Prix,12.0,BOT,24.767
Qatar Grand Prix,12.0,ZHO,22.585
Qatar Grand Prix,12.0,PER,23.218
Qatar Grand Prix,12.0,STR,25.701999999999998
Qatar Grand Prix,12.0,GAS,40.818
Qatar Grand Prix,12.0,ALB,19.349
Qatar Grand Prix,12.0,MAG,28.378
Qatar Grand Prix,12.0,TSU,42.759
Qatar Grand Prix,12.0,HUL,17.29
Qatar Grand Prix,12.0,LAW,28.844
Qatar Grand Prix,12.0,SAR,21.773
Qatar Grand Prix,13.0,VER,0.0
Qatar Grand Prix,13.0,PIA,32.197
Qatar Grand Prix,13.0,NOR,13.869
Qatar Grand Prix,13.0,RUS,17.554
Qatar Grand Prix,13.0,LEC,35.378
Qatar Grand Prix,13.0,ALO,34.45
Qatar Grand Prix,13.0,OCO,39.1
Qatar Grand Prix,13.0,BOT,26.894
Qatar Grand Prix,13.0,ZHO,24.176
Qatar Grand Prix,13.0,PER,24.737
Qatar Grand Prix,13.0,STR,27.754
Qatar Grand Prix,13.0,GAS,40.983
Qatar Grand Prix,13.0,ALB,20.986
Qatar Grand Prix,13.0,MAG,30.974
Qatar Grand Prix,13.0,TSU,43.806
Qatar Grand Prix,13.0,HUL,24.521
Qatar Grand Prix,13.0,LAW,32.106
Qatar Grand Prix,13.0,SAR,27.669
Qatar Grand Prix,14.0,VER,0.0
Qatar Grand Prix,14.0,PIA,33.346
Qatar Grand Prix,14.0,NOR,37.524
Qatar Grand Prix,14.0,RUS,20.678
Qatar Grand Prix,14.0,LEC,35.617
Qatar Grand Prix,14.0,ALO,34.684
Qatar Grand Prix,14.0,OCO,39.407
Qatar Grand Prix,14.0,BOT,28.216
Qatar Grand Prix,14.0,ZHO,25.253
Qatar Grand Prix,14.0,PER,25.81
Qatar Grand Prix,14.0,STR,30.01
Qatar Grand Prix,14.0,GAS,40.833
Qatar Grand Prix,14.0,ALB,21.498
Qatar Grand Prix,14.0,MAG,33.272
Qatar Grand Prix,14.0,TSU,44.467
Qatar Grand Prix,14.0,HUL,60.394
Qatar Grand Prix,14.0,LAW,34.313
Qatar Grand Prix,14.0,SAR,52.244
Qatar Grand Prix,15.0,VER,0.0
Qatar Grand Prix,15.0,PIA,33.311
Qatar Grand Prix,15.0,NOR,37.983
Qatar Grand Prix,15.0,RUS,44.109
Qatar Grand Prix,15.0,LEC,37.491
Qatar Grand Prix,15.0,ALO,35.864
Qatar Grand Prix,15.0,OCO,40.001
Qatar Grand Prix,15.0,BOT,30.478
Qatar Grand Prix,15.0,ZHO,27.706
Qatar Grand Prix,15.0,PER,25.978
Qatar Grand Prix,15.0,STR,31.935
Qatar Grand Prix,15.0,GAS,40.86
Qatar Grand Prix,15.0,ALB,22.193
Qatar Grand Prix,15.0,MAG,35.564
Qatar Grand Prix,15.0,TSU,45.915
Qatar Grand Prix,15.0,HUL,61.382
Qatar Grand Prix,15.0,LAW,37.256
Qatar Grand Prix,15.0,SAR,52.531
Qatar Grand Prix,16.0,VER,0.0
Qatar Grand Prix,16.0,PIA,34.536
Qatar Grand Prix,16.0,NOR,39.955
Qatar Grand Prix,16.0,RUS,44.884
Qatar Grand Prix,16.0,LEC,39.632
Qatar Grand Prix,16.0,ALO,36.904
Qatar Grand Prix,16.0,OCO,41.772
Qatar Grand Prix,16.0,BOT,32.669
Qatar Grand Prix,16.0,ZHO,29.733
Qatar Grand Prix,16.0,PER,26.636
Qatar Grand Prix,16.0,STR,34.12
Qatar Grand Prix,16.0,GAS,42.426
Qatar Grand Prix,16.0,ALB,23.319
Qatar Grand Prix,16.0,MAG,39.519
Qatar Grand Prix,16.0,TSU,47.624
Qatar Grand Prix,16.0,HUL,62.066
Qatar Grand Prix,16.0,LAW,41.249
Qatar Grand Prix,16.0,SAR,54.077
Qatar Grand Prix,17.0,VER,0.0
Qatar Grand Prix,17.0,PIA,31.339
Qatar Grand Prix,17.0,NOR,36.667
Qatar Grand Prix,17.0,RUS,41.64
Qatar Grand Prix,17.0,LEC,36.205
Qatar Grand Prix,17.0,ALO,33.622
Qatar Grand Prix,17.0,OCO,39.325
Qatar Grand Prix,17.0,BOT,30.726
Qatar Grand Prix,17.0,ZHO,27.439
Qatar Grand Prix,17.0,PER,27.006
Qatar Grand Prix,17.0,STR,32.898
Qatar Grand Prix,17.0,GAS,40.852
Qatar Grand Prix,17.0,ALB,20.058
Qatar Grand Prix,17.0,MAG,38.961
Qatar Grand Prix,17.0,TSU,45.175
Qatar Grand Prix,17.0,HUL,58.584
Qatar Grand Prix,17.0,LAW,40.503
Qatar Grand Prix,17.0,SAR,50.927
Qatar Grand Prix,18.0,VER,0.0
Qatar Grand Prix,18.0,PIA,8.187
Qatar Grand Prix,18.0,NOR,14.909
Qatar Grand Prix,18.0,RUS,20.496
Qatar Grand Prix,18.0,LEC,14.42
Qatar Grand Prix,18.0,ALO,11.845
Qatar Grand Prix,18.0,OCO,17.207
Qatar Grand Prix,18.0,BOT,10.238
Qatar Grand Prix,18.0,ZHO,9.782
Qatar Grand Prix,18.0,PER,27.373
Qatar Grand Prix,18.0,STR,11.847
Qatar Grand Prix,18.0,GAS,18.976
Qatar Grand Prix,18.0,ALB,1.313
Qatar Grand Prix,18.0,MAG,18.723
Qatar Grand Prix,18.0,TSU,23.588
Qatar Grand Prix,18.0,HUL,35.034
Qatar Grand Prix,18.0,LAW,20.118
Qatar Grand Prix,18.0,SAR,28.848
Qatar Grand Prix,19.0,VER,0.0
Qatar Grand Prix,19.0,PIA,7.699
Qatar Grand Prix,19.0,NOR,14.852
Qatar Grand Prix,19.0,RUS,20.26
Qatar Grand Prix,19.0,LEC,15.858
Qatar Grand Prix,19.0,ALO,11.981
Qatar Grand Prix,19.0,OCO,17.508
Qatar Grand Prix,19.0,BOT,11.605
Qatar Grand Prix,19.0,ZHO,33.437
Qatar Grand Prix,19.0,PER,26.778
Qatar Grand Prix,19.0,STR,13.304
Qatar Grand Prix,19.0,GAS,19.007
Qatar Grand Prix,19.0,ALB,26.515
Qatar Grand Prix,19.0,MAG,21.794
Qatar Grand Prix,19.0,TSU,24.562
Qatar Grand Prix,19.0,HUL,34.789
Qatar Grand Prix,19.0,LAW,22.321
Qatar Grand Prix,19.0,SAR,29.432
Qatar Grand Prix,20.0,VER,0.0
Qatar Grand Prix,20.0,PIA,7.451
Qatar Grand Prix,20.0,NOR,15.587
Qatar Grand Prix,20.0,RUS,20.425
Qatar Grand Prix,20.0,LEC,17.069
Qatar Grand Prix,20.0,ALO,11.935
Qatar Grand Prix,20.0,OCO,18.541
Qatar Grand Prix,20.0,BOT,13.782
Qatar Grand Prix,20.0,ZHO,33.682
Qatar Grand Prix,20.0,PER,26.643
Qatar Grand Prix,20.0,STR,15.2
Qatar Grand Prix,20.0,GAS,19.826
Qatar Grand Prix,20.0,ALB,28.227
Qatar Grand Prix,20.0,MAG,23.602
Qatar Grand Prix,20.0,TSU,26.247
Qatar Grand Prix,20.0,HUL,36.141
Qatar Grand Prix,20.0,LAW,24.474
Qatar Grand Prix,20.0,SAR,30.448
Qatar Grand Prix,21.0,VER,0.0
Qatar Grand Prix,21.0,PIA,7.553
Qatar Grand Prix,21.0,NOR,16.65
Qatar Grand Prix,21.0,RUS,22.09
Qatar Grand Prix,21.0,LEC,18.717
Qatar Grand Prix,21.0,ALO,12.397
Qatar Grand Prix,21.0,OCO,19.965
Qatar Grand Prix,21.0,BOT,19.98
Qatar Grand Prix,21.0,ZHO,34.779
Qatar Grand Prix,21.0,PER,27.354
Qatar Grand Prix,21.0,STR,22.318
Qatar Grand Prix,21.0,GAS,21.319
Qatar Grand Prix,21.0,ALB,29.325
Qatar Grand Prix,21.0,MAG,29.545
Qatar Grand Prix,21.0,TSU,28.819
Qatar Grand Prix,21.0,HUL,37.229
Qatar Grand Prix,21.0,LAW,31.274
Qatar Grand Prix,21.0,SAR,32.383
Qatar Grand Prix,22.0,VER,0.0
Qatar Grand Prix,22.0,PIA,7.819
Qatar Grand Prix,22.0,NOR,16.367
Qatar Grand Prix,22.0,RUS,22.794
Qatar Grand Prix,22.0,LEC,19.323
Qatar Grand Prix,22.0,ALO,12.846
Qatar Grand Prix,22.0,OCO,21.127
Qatar Grand Prix,22.0,BOT,44.913
Qatar Grand Prix,22.0,ZHO,35.631
Qatar Grand Prix,22.0,PER,26.742
Qatar Grand Prix,22.0,STR,46.405
Qatar Grand Prix,22.0,GAS,22.25
Qatar Grand Prix,22.0,ALB,31.347
Qatar Grand Prix,22.0,MAG,54.679
Qatar Grand Prix,22.0,TSU,34.434
Qatar Grand Prix,22.0,HUL,38.21
Qatar Grand Prix,22.0,LAW,57.088
Qatar Grand Prix,22.0,SAR,34.164
Qatar Grand Prix,23.0,VER,0.0
Qatar Grand Prix,23.0,PIA,8.112
Qatar Grand Prix,23.0,NOR,16.51
Qatar Grand Prix,23.0,RUS,23.137
Qatar Grand Prix,23.0,LEC,20.081
Qatar Grand Prix,23.0,ALO,13.72
Qatar Grand Prix,23.0,OCO,22.086
Qatar Grand Prix,23.0,BOT,45.679
Qatar Grand Prix,23.0,ZHO,36.301
Qatar Grand Prix,23.0,PER,26.538
Qatar Grand Prix,23.0,STR,47.036
Qatar Grand Prix,23.0,GAS,24.03
Qatar Grand Prix,23.0,ALB,32.517
Qatar Grand Prix,23.0,MAG,56.217
Qatar Grand Prix,23.0,TSU,58.227
Qatar Grand Prix,23.0,HUL,39.355
Qatar Grand Prix,23.0,LAW,59.576
Qatar Grand Prix,23.0,SAR,35.571
Qatar Grand Prix,24.0,VER,0.0
Qatar Grand Prix,24.0,PIA,8.224
Qatar Grand Prix,24.0,NOR,16.546
Qatar Grand Prix,24.0,RUS,23.742
Qatar Grand Prix,24.0,LEC,20.817
Qatar Grand Prix,24.0,ALO,14.479
Qatar Grand Prix,24.0,OCO,22.99
Qatar Grand Prix,24.0,BOT,46.391
Qatar Grand Prix,24.0,ZHO,37.729
Qatar Grand Prix,24.0,PER,26.993
Qatar Grand Prix,24.0,STR,47.64
Qatar Grand Prix,24.0,GAS,25.194
Qatar Grand Prix,24.0,ALB,33.008
Qatar Grand Prix,24.0,MAG,57.386
Qatar Grand Prix,24.0,TSU,59.151
Qatar Grand Prix,24.0,HUL,40.439
Qatar Grand Prix,24.0,LAW,61.424
Qatar Grand Prix,24.0,SAR,37.127
Qatar Grand Prix,25.0,VER,0.0
Qatar Grand Prix,25.0,PIA,12.488
Qatar Grand Prix,25.0,NOR,16.606
Qatar Grand Prix,25.0,RUS,24.628
Qatar Grand Prix,25.0,LEC,26.614
Qatar Grand Prix,25.0,ALO,14.96
Qatar Grand Prix,25.0,OCO,28.124
Qatar Grand Prix,25.0,BOT,46.941
Qatar Grand Prix,25.0,ZHO,39.349
Qatar Grand Prix,25.0,PER,27.77
Qatar Grand Prix,25.0,STR,48.032
Qatar Grand Prix,25.0,GAS,25.984
Qatar Grand Prix,25.0,ALB,33.591
Qatar Grand Prix,25.0,MAG,58.338
Qatar Grand Prix,25.0,TSU,59.814
Qatar Grand Prix,25.0,HUL,41.517
Qatar Grand Prix,25.0,LAW,62.758
Qatar Grand Prix,25.0,SAR,38.884
Qatar Grand Prix,26.0,VER,0.0
Qatar Grand Prix,26.0,PIA,36.025
Qatar Grand Prix,26.0,NOR,16.661
Qatar Grand Prix,26.0,RUS,23.974
Qatar Grand Prix,26.0,LEC,50.663
Qatar Grand Prix,26.0,ALO,19.731
Qatar Grand Prix,26.0,OCO,53.181
Qatar Grand Prix,26.0,BOT,47.553
Qatar Grand Prix,26.0,ZHO,39.829
Qatar Grand Prix,26.0,PER,28.393
Qatar Grand Prix,26.0,STR,48.568
Qatar Grand Prix,26.0,GAS,30.865
Qatar Grand Prix,26.0,ALB,34.325
Qatar Grand Prix,26.0,MAG,58.932
Qatar Grand Prix,26.0,TSU,60.449
Qatar Grand Prix,26.0,HUL,42.7
Qatar Grand Prix,26.0,LAW,64.301
Qatar Grand Prix,26.0,SAR,45.704
Qatar Grand Prix,27.0,VER,0.0
Qatar Grand Prix,27.0,PIA,35.578
Qatar Grand Prix,27.0,NOR,20.038
Qatar Grand Prix,27.0,RUS,23.58
Qatar Grand Prix,27.0,LEC,51.006
Qatar Grand Prix,27.0,ALO,43.246
Qatar Grand Prix,27.0,OCO,54.068
Qatar Grand Prix,27.0,BOT,47.668
Qatar Grand Prix,27.0,ZHO,40.598
Qatar Grand Prix,27.0,PER,28.561
Qatar Grand Prix,27.0,STR,48.898
Qatar Grand Prix,27.0,GAS,56.914
Qatar Grand Prix,27.0,ALB,34.77
Qatar Grand Prix,27.0,MAG,60.124
Qatar Grand Prix,27.0,TSU,61.128
Qatar Grand Prix,27.0,HUL,48.945
Qatar Grand Prix,27.0,LAW,65.69
Qatar Grand Prix,27.0,SAR,71.366
Qatar Grand Prix,28.0,VER,0.0
Qatar Grand Prix,28.0,PIA,35.971
Qatar Grand Prix,28.0,NOR,42.341
Qatar Grand Prix,28.0,RUS,23.168
Qatar Grand Prix,28.0,LEC,50.968
Qatar Grand Prix,28.0,ALO,43.148
Qatar Grand Prix,28.0,OCO,54.303
Qatar Grand Prix,28.0,BOT,47.875
Qatar Grand Prix,28.0,ZHO,40.883
Qatar Grand Prix,28.0,PER,28.946
Qatar Grand Prix,28.0,STR,49.15
Qatar Grand Prix,28.0,GAS,56.758
Qatar Grand Prix,28.0,ALB,35.491
Qatar Grand Prix,28.0,MAG,61.085
Qatar Grand Prix,28.0,TSU,61.84
Qatar Grand Prix,28.0,HUL,72.14
Qatar Grand Prix,28.0,LAW,66.836
Qatar Grand Prix,28.0,SAR,72.943
Qatar Grand Prix,29.0,VER,0.0
Qatar Grand Prix,29.0,PIA,35.427
Qatar Grand Prix,29.0,NOR,41.827
Qatar Grand Prix,29.0,RUS,22.794
Qatar Grand Prix,29.0,LEC,50.864
Qatar Grand Prix,29.0,ALO,43.466
Qatar Grand Prix,29.0,OCO,54.603
Qatar Grand Prix,29.0,BOT,48.008
Qatar Grand Prix,29.0,ZHO,41.292
Qatar Grand Prix,29.0,PER,29.676
Qatar Grand Prix,29.0,STR,50.162
Qatar Grand Prix,29.0,GAS,56.552
Qatar Grand Prix,29.0,ALB,37.552
Qatar Grand Prix,29.0,MAG,62.331
Qatar Grand Prix,29.0,TSU,62.921
Qatar Grand Prix,29.0,HUL,72.423
Qatar Grand Prix,29.0,LAW,67.99
Qatar Grand Prix,29.0,SAR,73.646
Qatar Grand Prix,30.0,VER,0.0
Qatar Grand Prix,30.0,PIA,34.955
Qatar Grand Prix,30.0,NOR,40.528
Qatar Grand Prix,30.0,RUS,22.507
Qatar Grand Prix,30.0,LEC,50.998
Qatar Grand Prix,30.0,ALO,43.769
Qatar Grand Prix,30.0,OCO,54.683
Qatar Grand Prix,30.0,BOT,48.5
Qatar Grand Prix,30.0,ZHO,42.791
Qatar Grand Prix,30.0,PER,30.164
Qatar Grand Prix,30.0,STR,50.487
Qatar Grand Prix,30.0,GAS,56.496
Qatar Grand Prix,30.0,ALB,38.363
Qatar Grand Prix,30.0,MAG,63.611
Qatar Grand Prix,30.0,TSU,64.347
Qatar Grand Prix,30.0,HUL,73.034
Qatar Grand Prix,30.0,LAW,69.181
Qatar Grand Prix,30.0,SAR,74.226
Qatar Grand Prix,31.0,VER,0.0
Qatar Grand Prix,31.0,PIA,34.782
Qatar Grand Prix,31.0,NOR,40.114
Qatar Grand Prix,31.0,RUS,22.432
Qatar Grand Prix,31.0,LEC,50.97
Qatar Grand Prix,31.0,ALO,44.564
Qatar Grand Prix,31.0,OCO,55.167
Qatar Grand Prix,31.0,BOT,49.593
Qatar Grand Prix,31.0,ZHO,43.923
Qatar Grand Prix,31.0,PER,35.213
Qatar Grand Prix,31.0,STR,52.798
Qatar Grand Prix,31.0,GAS,56.736
Qatar Grand Prix,31.0,ALB,43.572
Qatar Grand Prix,31.0,MAG,65.344
Qatar Grand Prix,31.0,TSU,66.398
Qatar Grand Prix,31.0,HUL,74.219
Qatar Grand Prix,31.0,LAW,70.513
Qatar Grand Prix,31.0,SAR,75.243
Qatar Grand Prix,32.0,VER,0.0
Qatar Grand Prix,32.0,PIA,34.425
Qatar Grand Prix,32.0,NOR,39.397
Qatar Grand Prix,32.0,RUS,26.538
Qatar Grand Prix,32.0,LEC,51.654
Qatar Grand Prix,32.0,ALO,44.825
Qatar Grand Prix,32.0,OCO,55.795
Qatar Grand Prix,32.0,BOT,51.096
Qatar Grand Prix,32.0,ZHO,46.471
Qatar Grand Prix,32.0,PER,64.353
Qatar Grand Prix,32.0,STR,54.076
Qatar Grand Prix,32.0,GAS,57.469
Qatar Grand Prix,32.0,ALB,70.862
Qatar Grand Prix,32.0,MAG,67.354
Qatar Grand Prix,32.0,TSU,69.291
Qatar Grand Prix,32.0,HUL,75.76
Qatar Grand Prix,32.0,LAW,72.881
Qatar Grand Prix,32.0,SAR,76.808
Qatar Grand Prix,33.0,VER,0.0
Qatar Grand Prix,33.0,PIA,34.086
Qatar Grand Prix,33.0,NOR,38.861
Qatar Grand Prix,33.0,RUS,50.017
Qatar Grand Prix,33.0,LEC,52.402
Qatar Grand Prix,33.0,ALO,54.088
Qatar Grand Prix,33.0,OCO,57.241
Qatar Grand Prix,33.0,BOT,55.154
Qatar Grand Prix,33.0,ZHO,48.111
Qatar Grand Prix,33.0,PER,65.785
Qatar Grand Prix,33.0,STR,56.273
Qatar Grand Prix,33.0,GAS,58.809
Qatar Grand Prix,33.0,ALB,72.17
Qatar Grand Prix,33.0,MAG,69.159
Qatar Grand Prix,33.0,TSU,71.422
Qatar Grand Prix,33.0,HUL,77.79
Qatar Grand Prix,33.0,LAW,74.894
Qatar Grand Prix,33.0,SAR,78.99
Qatar Grand Prix,34.0,VER,0.0
Qatar Grand Prix,34.0,PIA,29.335
Qatar Grand Prix,34.0,NOR,34.034
Qatar Grand Prix,34.0,RUS,45.332
Qatar Grand Prix,34.0,LEC,48.528
Qatar Grand Prix,34.0,ALO,50.393
Qatar Grand Prix,34.0,OCO,54.137
Qatar Grand Prix,34.0,BOT,52.279
Qatar Grand Prix,34.0,ZHO,44.912
Qatar Grand Prix,34.0,PER,62.076
Qatar Grand Prix,34.0,STR,53.482
Qatar Grand Prix,34.0,GAS,55.471
Qatar Grand Prix,34.0,ALB,69.621
Qatar Grand Prix,34.0,MAG,66.484
Qatar Grand Prix,34.0,TSU,69.175
Qatar Grand Prix,34.0,HUL,75.642
Qatar Grand Prix,34.0,LAW,72.772
Qatar Grand Prix,34.0,SAR,76.976
Qatar Grand Prix,35.0,VER,0.0
Qatar Grand Prix,35.0,PIA,5.836
Qatar Grand Prix,35.0,NOR,10.339
Qatar Grand Prix,35.0,RUS,21.3
Qatar Grand Prix,35.0,LEC,25.925
Qatar Grand Prix,35.0,ALO,27.86
Qatar Grand Prix,35.0,OCO,32.148
Qatar Grand Prix,35.0,BOT,30.712
Qatar Grand Prix,35.0,ZHO,27.905
Qatar Grand Prix,35.0,PER,39.724
Qatar Grand Prix,35.0,STR,31.757
Qatar Grand Prix,35.0,GAS,33.32
Qatar Grand Prix,35.0,ALB,47.477
Qatar Grand Prix,35.0,MAG,44.51
Qatar Grand Prix,35.0,TSU,49.19
Qatar Grand Prix,35.0,HUL,55.026
Qatar Grand Prix,35.0,LAW,51.882
Qatar Grand Prix,35.0,SAR,55.745
Qatar Grand Prix,36.0,VER,0.0
Qatar Grand Prix,36.0,PIA,6.13
Qatar Grand Prix,36.0,NOR,10.356
Qatar Grand Prix,36.0,RUS,21.648
Qatar Grand Prix,36.0,LEC,26.675
Qatar Grand Prix,36.0,ALO,28.789
Qatar Grand Prix,36.0,OCO,33.527
Qatar Grand Prix,36.0,BOT,32.939
Qatar Grand Prix,36.0,ZHO,53.651
Qatar Grand Prix,36.0,PER,41.043
Qatar Grand Prix,36.0,STR,35.098
Qatar Grand Prix,36.0,GAS,35.611
Qatar Grand Prix,36.0,ALB,48.477
Qatar Grand Prix,36.0,MAG,46.272
Qatar Grand Prix,36.0,TSU,51.561
Qatar Grand Prix,36.0,HUL,57.614
Qatar Grand Prix,36.0,LAW,55.256
Qatar Grand Prix,36.0,SAR,58.544
Qatar Grand Prix,37.0,VER,0.0
Qatar Grand Prix,37.0,PIA,6.51
Qatar Grand Prix,37.0,NOR,10.513
Qatar Grand Prix,37.0,RUS,21.903
Qatar Grand Prix,37.0,LEC,27.807
Qatar Grand Prix,37.0,ALO,29.931
Qatar Grand Prix,37.0,OCO,35.51
Qatar Grand Prix,37.0,BOT,35.07
Qatar Grand Prix,37.0,ZHO,55.081
Qatar Grand Prix,37.0,PER,42.36
Qatar Grand Prix,37.0,STR,38.514
Qatar Grand Prix,37.0,GAS,37.536
Qatar Grand Prix,37.0,ALB,49.686
Qatar Grand Prix,37.0,MAG,48.037
Qatar Grand Prix,37.0,TSU,53.947
Qatar Grand Prix,37.0,HUL,60.372
Qatar Grand Prix,37.0,LAW,57.905
Qatar Grand Prix,37.0,SAR,61.344
Qatar Grand Prix,38.0,VER,0.0
Qatar Grand Prix,38.0,PIA,7.095
Qatar Grand Prix,38.0,NOR,10.714
Qatar Grand Prix,38.0,RUS,22.141
Qatar Grand Prix,38.0,LEC,28.803
Qatar Grand Prix,38.0,ALO,31.246
Qatar Grand Prix,38.0,OCO,36.94
Qatar Grand Prix,38.0,BOT,38.626
Qatar Grand Prix,38.0,ZHO,57.109
Qatar Grand Prix,38.0,PER,43.601
Qatar Grand Prix,38.0,STR,41.096
Qatar Grand Prix,38.0,GAS,39.462
Qatar Grand Prix,38.0,ALB,51.461
Qatar Grand Prix,38.0,MAG,50.165
Qatar Grand Prix,38.0,TSU,56.697
Qatar Grand Prix,38.0,HUL,63.493
Qatar Grand Prix,38.0,LAW,60.693
Qatar Grand Prix,38.0,SAR,64.485
Qatar Grand Prix,39.0,VER,0.0
Qatar Grand Prix,39.0,PIA,7.592
Qatar Grand Prix,39.0,NOR,11.101
Qatar Grand Prix,39.0,RUS,22.597
Qatar Grand Prix,39.0,LEC,29.615
Qatar Grand Prix,39.0,ALO,32.321
Qatar Grand Prix,39.0,OCO,38.551
Qatar Grand Prix,39.0,BOT,45.141
Qatar Grand Prix,39.0,ZHO,58.505
Qatar Grand Prix,39.0,PER,45.249
Qatar Grand Prix,39.0,STR,47.227
Qatar Grand Prix,39.0,GAS,41.765
Qatar Grand Prix,39.0,ALB,53.055
Qatar Grand Prix,39.0,MAG,55.455
Qatar Grand Prix,39.0,TSU,60.161
Qatar Grand Prix,39.0,HUL,70.315
Qatar Grand Prix,39.0,LAW,67.566
Qatar Grand Prix,39.0,SAR,68.257
Qatar Grand Prix,40.0,VER,0.0
Qatar Grand Prix,40.0,PIA,8.133
Qatar Grand Prix,40.0,NOR,11.43
Qatar Grand Prix,40.0,RUS,23.067
Qatar Grand Prix,40.0,LEC,30.435
Qatar Grand Prix,40.0,ALO,33.856
Qatar Grand Prix,40.0,OCO,39.619
Qatar Grand Prix,40.0,BOT,70.794
Qatar Grand Prix,40.0,ZHO,59.965
Qatar Grand Prix,40.0,PER,46.812
Qatar Grand Prix,40.0,STR,73.176
Qatar Grand Prix,40.0,GAS,42.73
Qatar Grand Prix,40.0,ALB,54.321
Qatar Grand Prix,40.0,MAG,82.963
Qatar Grand Prix,40.0,TSU,66.672
Qatar Grand Prix,40.0,HUL,100.381
Qatar Grand Prix,40.0,LAW,94.09
Qatar Grand Prix,40.0,SAR,94.225
Qatar Grand Prix,41.0,VER,0.0
Qatar Grand Prix,41.0,PIA,9.231
Qatar Grand Prix,41.0,NOR,12.29
Qatar Grand Prix,41.0,RUS,23.842
Qatar Grand Prix,41.0,LEC,31.096
Qatar Grand Prix,41.0,ALO,35.545
Qatar Grand Prix,41.0,OCO,40.591
Qatar Grand Prix,41.0,BOT,72.908
Qatar Grand Prix,41.0,ZHO,61.274
Qatar Grand Prix,41.0,PER,48.102
Qatar Grand Prix,41.0,STR,74.768
Qatar Grand Prix,41.0,GAS,43.635
Qatar Grand Prix,41.0,ALB,55.705
Qatar Grand Prix,41.0,MAG,84.252
Qatar Grand Prix,41.0,TSU,91.42
Qatar Grand Prix,41.0,HUL,102.749
Qatar Grand Prix,41.0,LAW,98.816
Qatar Grand Prix,42.0,VER,0.0
Qatar Grand Prix,42.0,PIA,10.28
Qatar Grand Prix,42.0,NOR,13.387
Qatar Grand Prix,42.0,RUS,24.081
Qatar Grand Prix,42.0,LEC,31.816
Qatar Grand Prix,42.0,ALO,36.899
Qatar Grand Prix,42.0,OCO,41.214
Qatar Grand Prix,42.0,BOT,74.638
Qatar Grand Prix,42.0,ZHO,62.523
Qatar Grand Prix,42.0,PER,49.01
Qatar Grand Prix,42.0,STR,76.096
Qatar Grand Prix,42.0,GAS,44.442
Qatar Grand Prix,42.0,ALB,57.324
Qatar Grand Prix,42.0,MAG,87.584
Qatar Grand Prix,42.0,TSU,93.4
Qatar Grand Prix,42.0,HUL,104.667
Qatar Grand Prix,42.0,LAW,102.773
Qatar Grand Prix,43.0,VER,0.0
Qatar Grand Prix,43.0,PIA,14.729
Qatar Grand Prix,43.0,NOR,13.192
Qatar Grand Prix,43.0,RUS,24.091
Qatar Grand Prix,43.0,LEC,36.641
Qatar Grand Prix,43.0,ALO,37.935
Qatar Grand Prix,43.0,OCO,46.532
Qatar Grand Prix,43.0,BOT,75.952
Qatar Grand Prix,43.0,ZHO,63.593
Qatar Grand Prix,43.0,PER,54.077
Qatar Grand Prix,43.0,STR,77.266
Qatar Grand Prix,43.0,GAS,45.919
Qatar Grand Prix,43.0,ALB,58.532
Qatar Grand Prix,43.0,MAG,88.835
Qatar Grand Prix,43.0,TSU,94.952
Qatar Grand Prix,43.0,HUL,105.948
Qatar Grand Prix,43.0,LAW,104.935
Qatar Grand Prix,44.0,VER,0.0
Qatar Grand Prix,44.0,PIA,38.227
Qatar Grand Prix,44.0,NOR,17.691
Qatar Grand Prix,44.0,RUS,24.624
Qatar Grand Prix,44.0,LEC,60.185
Qatar Grand Prix,44.0,ALO,44.272
Qatar Grand Prix,44.0,OCO,72.601
Qatar Grand Prix,44.0,BOT,77.905
Qatar Grand Prix,44.0,ZHO,65.029
Qatar Grand Prix,44.0,PER,84.018
Qatar Grand Prix,44.0,STR,78.92
Qatar Grand Prix,44.0,GAS,51.499
Qatar Grand Prix,44.0,ALB,65.992
Qatar Grand Prix,44.0,MAG,90.988
Qatar Grand Prix,44.0,TSU,96.826
Qatar Grand Prix,44.0,HUL,107.862
Qatar Grand Prix,44.0,LAW,107.252
Qatar Grand Prix,45.0,VER,0.0
Qatar Grand Prix,45.0,PIA,37.959
Qatar Grand Prix,45.0,NOR,40.499
Qatar Grand Prix,45.0,RUS,25.056
Qatar Grand Prix,45.0,LEC,60.52
Qatar Grand Prix,45.0,ALO,69.117
Qatar Grand Prix,45.0,OCO,74.829
Qatar Grand Prix,45.0,BOT,79.489
Qatar Grand Prix,45.0,ZHO,66.25
Qatar Grand Prix,45.0,PER,87.885
Qatar Grand Prix,45.0,STR,80.645
Qatar Grand Prix,45.0,GAS,83.293
Qatar Grand Prix,45.0,ALB,91.951
Qatar Grand Prix,45.0,MAG,92.925
Qatar Grand Prix,45.0,TSU,98.972
Qatar Grand Prix,45.0,HUL,108.73
Qatar Grand Prix,45.0,LAW,111.425
Qatar Grand Prix,46.0,VER,0.0
Qatar Grand Prix,46.0,PIA,37.304
Qatar Grand Prix,46.0,NOR,39.391
Qatar Grand Prix,46.0,RUS,25.968
Qatar Grand Prix,46.0,LEC,60.534
Qatar Grand Prix,46.0,ALO,69.919
Qatar Grand Prix,46.0,OCO,75.378
Qatar Grand Prix,46.0,BOT,80.319
Qatar Grand Prix,46.0,ZHO,66.85
Qatar Grand Prix,46.0,PER,89.088
Qatar Grand Prix,46.0,STR,81.995
Qatar Grand Prix,46.0,GAS,84.284
Qatar Grand Prix,46.0,ALB,92.74
Qatar Grand Prix,46.0,MAG,94.003
Qatar Grand Prix,46.0,TSU,100.435
Qatar Grand Prix,46.0,HUL,110.274
Qatar Grand Prix,46.0,LAW,114.715
Qatar Grand Prix,47.0,VER,0.0
Qatar Grand Prix,47.0,PIA,36.571
Qatar Grand Prix,47.0,NOR,38.264
Qatar Grand Prix,47.0,RUS,25.795
Qatar Grand Prix,47.0,LEC,60.535
Qatar Grand Prix,47.0,ALO,70.48
Qatar Grand Prix,47.0,OCO,76.146
Qatar Grand Prix,47.0,BOT,81.49
Qatar Grand Prix,47.0,ZHO,67.433
Qatar Grand Prix,47.0,PER,89.806
Qatar Grand Prix,47.0,STR,83.113
Qatar Grand Prix,47.0,GAS,87.155
Qatar Grand Prix,47.0,ALB,93.466
Qatar Grand Prix,47.0,MAG,95.456
Qatar Grand Prix,47.0,TSU,101.942
Qatar Grand Prix,47.0,HUL,113.651
Qatar Grand Prix,47.0,LAW,116.856
Qatar Grand Prix,48.0,VER,0.0
Qatar Grand Prix,48.0,PIA,35.276
Qatar Grand Prix,48.0,NOR,37.11
Qatar Grand Prix,48.0,RUS,25.7
Qatar Grand Prix,48.0,LEC,60.324
Qatar Grand Prix,48.0,ALO,70.745
Qatar Grand Prix,48.0,OCO,76.388
Qatar Grand Prix,48.0,BOT,81.963
Qatar Grand Prix,48.0,ZHO,67.957
Qatar Grand Prix,48.0,PER,90.034
Qatar Grand Prix,48.0,STR,83.952
Qatar Grand Prix,48.0,GAS,87.437
Qatar Grand Prix,48.0,ALB,94.705
Qatar Grand Prix,48.0,MAG,96.451
Qatar Grand Prix,48.0,TSU,103.517
Qatar Grand Prix,48.0,HUL,114.716
Qatar Grand Prix,48.0,LAW,119.048
Qatar Grand Prix,49.0,VER,0.0
Qatar Grand Prix,49.0,PIA,34.397
Qatar Grand Prix,49.0,NOR,36.279
Qatar Grand Prix,49.0,RUS,25.553
Qatar Grand Prix,49.0,LEC,60.495
Qatar Grand Prix,49.0,ALO,71.792
Qatar Grand Prix,49.0,OCO,77.179
Qatar Grand Prix,49.0,BOT,82.672
Qatar Grand Prix,49.0,ZHO,68.629
Qatar Grand Prix,49.0,PER,90.45
Qatar Grand Prix,49.0,STR,85.071
Qatar Grand Prix,49.0,GAS,87.77
Qatar Grand Prix,49.0,ALB,95.569
Qatar Grand Prix,49.0,MAG,97.876
Qatar Grand Prix,49.0,TSU,105.288
Qatar Grand Prix,49.0,HUL,115.941
Qatar Grand Prix,49.0,LAW,124.671
Qatar Grand Prix,50.0,VER,0.0
Qatar Grand Prix,50.0,PIA,33.722
Qatar Grand Prix,50.0,NOR,35.648
Qatar Grand Prix,50.0,RUS,29.483
Qatar Grand Prix,50.0,LEC,60.424
Qatar Grand Prix,50.0,ALO,71.93
Qatar Grand Prix,50.0,OCO,77.631
Qatar Grand Prix,50.0,BOT,83.77
Qatar Grand Prix,50.0,ZHO,69.148
Qatar Grand Prix,50.0,PER,90.655
Qatar Grand Prix,50.0,STR,87.665
Qatar Grand Prix,50.0,GAS,88.274
Qatar Grand Prix,50.0,ALB,97.167
Qatar Grand Prix,50.0,MAG,99.147
Qatar Grand Prix,50.0,TSU,106.636
Qatar Grand Prix,50.0,HUL,116.868
Qatar Grand Prix,50.0,LAW,126.712
Qatar Grand Prix,51.0,VER,0.0
Qatar Grand Prix,51.0,PIA,28.329
Qatar Grand Prix,51.0,NOR,30.068
Qatar Grand Prix,51.0,RUS,47.481
Qatar Grand Prix,51.0,LEC,55.82
Qatar Grand Prix,51.0,ALO,67.543
Qatar Grand Prix,51.0,OCO,73.799
Qatar Grand Prix,51.0,BOT,80.182
Qatar Grand Prix,51.0,ZHO,65.247
Qatar Grand Prix,51.0,PER,86.416
Qatar Grand Prix,51.0,STR,83.803
Qatar Grand Prix,51.0,GAS,84.178
Qatar Grand Prix,51.0,ALB,93.668
Qatar Grand Prix,51.0,MAG,95.801
Qatar Grand Prix,51.0,TSU,103.222
Qatar Grand Prix,51.0,HUL,112.934
Qatar Grand Prix,51.0,LAW,124.223
Qatar Grand Prix,52.0,VER,0.0
Qatar Grand Prix,52.0,PIA,3.8890000000000002
Qatar Grand Prix,52.0,NOR,5.4
Qatar Grand Prix,52.0,RUS,24.284
Qatar Grand Prix,52.0,LEC,32.337
Qatar Grand Prix,52.0,ALO,43.853
Qatar Grand Prix,52.0,OCO,50.657
Qatar Grand Prix,52.0,BOT,57.356
Qatar Grand Prix,52.0,ZHO,45.899
Qatar Grand Prix,52.0,PER,64.231
Qatar Grand Prix,52.0,STR,63.907
Qatar Grand Prix,52.0,GAS,63.288
Qatar Grand Prix,52.0,ALB,71.27
Qatar Grand Prix,52.0,MAG,73.619
Qatar Grand Prix,52.0,TSU,80.458
Qatar Grand Prix,52.0,HUL,93.591
Qatar Grand Prix,52.0,LAW,101.911
Qatar Grand Prix,53.0,VER,0.0
Qatar Grand Prix,53.0,PIA,3.836
Qatar Grand Prix,53.0,NOR,5.395
Qatar Grand Prix,53.0,RUS,25.469
Qatar Grand Prix,53.0,LEC,33.714
Qatar Grand Prix,53.0,ALO,44.613
Qatar Grand Prix,53.0,OCO,52.334
Qatar Grand Prix,53.0,BOT,58.97
Qatar Grand Prix,53.0,ZHO,69.774
Qatar Grand Prix,53.0,PER,66.531
Qatar Grand Prix,53.0,STR,65.84
Qatar Grand Prix,53.0,GAS,67.303
Qatar Grand Prix,53.0,ALB,73.444
Qatar Grand Prix,53.0,MAG,75.867
Qatar Grand Prix,53.0,TSU,82.371
Qatar Grand Prix,53.0,HUL,94.887
Qatar Grand Prix,53.0,LAW,104.485
Qatar Grand Prix,54.0,VER,0.0
Qatar Grand Prix,54.0,PIA,4.016
Qatar Grand Prix,54.0,NOR,5.575
Qatar Grand Prix,54.0,RUS,30.371
Qatar Grand Prix,54.0,LEC,35.398
Qatar Grand Prix,54.0,ALO,45.855
Qatar Grand Prix,54.0,OCO,54.386
Qatar Grand Prix,54.0,BOT,60.585
Qatar Grand Prix,54.0,ZHO,71.06
Qatar Grand Prix,54.0,PER,68.507
Qatar Grand Prix,54.0,STR,67.34
Qatar Grand Prix,54.0,GAS,68.968
Qatar Grand Prix,54.0,ALB,75.645
Qatar Grand Prix,54.0,MAG,78.883
Qatar Grand Prix,54.0,TSU,86.364
Qatar Grand Prix,54.0,HUL,96.943
Qatar Grand Prix,54.0,LAW,106.561
Qatar Grand Prix,55.0,VER,0.0
Qatar Grand Prix,55.0,PIA,4.16
Qatar Grand Prix,55.0,NOR,5.562
Qatar Grand Prix,55.0,RUS,32.198
Qatar Grand Prix,55.0,LEC,35.988
Qatar Grand Prix,55.0,ALO,46.942
Qatar Grand Prix,55.0,OCO,56.403
Qatar Grand Prix,55.0,BOT,62.291
Qatar Grand Prix,55.0,ZHO,72.52
Qatar Grand Prix,55.0,PER,71.292
Qatar Grand Prix,55.0,STR,68.469
Qatar Grand Prix,55.0,GAS,69.538
Qatar Grand Prix,55.0,ALB,77.714
Qatar Grand Prix,55.0,MAG,81.475
Qatar Grand Prix,55.0,TSU,88.315
Qatar Grand Prix,55.0,HUL,98.78
Qatar Grand Prix,55.0,LAW,108.804
Qatar Grand Prix,56.0,VER,0.0
Qatar Grand Prix,56.0,PIA,5.376
Qatar Grand Prix,56.0,NOR,6.491
Qatar Grand Prix,56.0,RUS,34.135
Qatar Grand Prix,56.0,LEC,39.757
Qatar Grand Prix,56.0,ALO,48.77
Qatar Grand Prix,56.0,OCO,59.492
Qatar Grand Prix,56.0,BOT,65.28
Qatar Grand Prix,56.0,ZHO,74.902
Qatar Grand Prix,56.0,PER,73.818
Qatar Grand Prix,56.0,STR,70.768
Qatar Grand Prix,56.0,GAS,71.549
Qatar Grand Prix,56.0,ALB,80.168
Qatar Grand Prix,56.0,MAG,87.066
Qatar Grand Prix,56.0,TSU,94.778
Qatar Grand Prix,56.0,HUL,100.905
Qatar Grand Prix,56.0,LAW,112.928
Qatar Grand Prix,57.0,VER,0.0
Qatar Grand Prix,57.0,PIA,4.844
Qatar Grand Prix,57.0,NOR,5.986
Qatar Grand Prix,57.0,RUS,34.136
Qatar Grand Prix,57.0,LEC,38.946
Qatar Grand Prix,57.0,ALO,49.012
Qatar Grand Prix,57.0,OCO,62.388
Qatar Grand Prix,57.0,BOT,66.58
Qatar Grand Prix,57.0,ZHO,76.144
Qatar Grand Prix,57.0,PER,75.198
Qatar Grand Prix,57.0,STR,71.669
Qatar Grand Prix,57.0,GAS,72.317
Qatar Grand Prix,57.0,ALB,81.031
United States Grand Prix,1.0,VER,3.825
United States Grand Prix,1.0,NOR,0.0
United States Grand Prix,1.0,SAI,2.686
United States Grand Prix,1.0,PER,6.359
United States Grand Prix,1.0,RUS,5.917
United States Grand Prix,1.0,GAS,6.717
United States Grand Prix,1.0,STR,13.237
United States Grand Prix,1.0,TSU,7.543
United States Grand Prix,1.0,ALB,8.656
United States Grand Prix,1.0,SAR,10.255
United States Grand Prix,1.0,HUL,11.533
United States Grand Prix,1.0,BOT,9.135
United States Grand Prix,1.0,ZHO,7.219
United States Grand Prix,1.0,MAG,9.86
United States Grand Prix,1.0,RIC,8.095
United States Grand Prix,1.0,ALO,10.729
United States Grand Prix,1.0,PIA,4.457
United States Grand Prix,1.0,OCO,5.598
United States Grand Prix,1.0,HAM,2.989
United States Grand Prix,1.0,LEC,1.77
United States Grand Prix,2.0,VER,4.852
United States Grand Prix,2.0,NOR,0.0
United States Grand Prix,2.0,SAI,3.363
United States Grand Prix,2.0,PER,9.261
United States Grand Prix,2.0,RUS,8.753
United States Grand Prix,2.0,GAS,9.695
United States Grand Prix,2.0,STR,15.822
United States Grand Prix,2.0,TSU,10.381
United States Grand Prix,2.0,ALB,12.25
United States Grand Prix,2.0,SAR,13.664
United States Grand Prix,2.0,HUL,14.82
United States Grand Prix,2.0,BOT,12.647
United States Grand Prix,2.0,ZHO,10.895
United States Grand Prix,2.0,MAG,13.273
United States Grand Prix,2.0,RIC,11.341
United States Grand Prix,2.0,ALO,14.171
United States Grand Prix,2.0,PIA,6.274
United States Grand Prix,2.0,OCO,8.405
United States Grand Prix,2.0,HAM,3.923
United States Grand Prix,2.0,LEC,2.407
United States Grand Prix,3.0,VER,5.272
United States Grand Prix,3.0,NOR,0.0
United States Grand Prix,3.0,SAI,3.666
United States Grand Prix,3.0,PER,10.843
United States Grand Prix,3.0,RUS,9.946
United States Grand Prix,3.0,GAS,12.906
United States Grand Prix,3.0,STR,17.749
United States Grand Prix,3.0,TSU,13.259
United States Grand Prix,3.0,ALB,14.614
United States Grand Prix,3.0,SAR,16.141
United States Grand Prix,3.0,HUL,17.34
United States Grand Prix,3.0,BOT,15.071
United States Grand Prix,3.0,ZHO,13.658
United States Grand Prix,3.0,MAG,15.635
United States Grand Prix,3.0,RIC,14.122
United States Grand Prix,3.0,ALO,16.627
United States Grand Prix,3.0,PIA,6.923
United States Grand Prix,3.0,OCO,12.546
United States Grand Prix,3.0,HAM,4.118
United States Grand Prix,3.0,LEC,2.446
United States Grand Prix,4.0,VER,5.564
United States Grand Prix,4.0,NOR,0.0
United States Grand Prix,4.0,SAI,4.767
United States Grand Prix,4.0,PER,10.687
United States Grand Prix,4.0,RUS,9.609
United States Grand Prix,4.0,GAS,12.983
United States Grand Prix,4.0,STR,21.078
United States Grand Prix,4.0,TSU,14.209
United States Grand Prix,4.0,ALB,17.156
United States Grand Prix,4.0,SAR,19.233
United States Grand Prix,4.0,HUL,20.732
United States Grand Prix,4.0,BOT,18.068
United States Grand Prix,4.0,ZHO,15.591
United States Grand Prix,4.0,MAG,18.737
United States Grand Prix,4.0,RIC,16.478
United States Grand Prix,4.0,ALO,19.763
United States Grand Prix,4.0,PIA,7.412
United States Grand Prix,4.0,OCO,20.224
United States Grand Prix,4.0,HAM,3.8970000000000002
United States Grand Prix,4.0,LEC,2.653
United States Grand Prix,5.0,VER,5.471
United States Grand Prix,5.0,NOR,0.0
United States Grand Prix,5.0,SAI,6.267
United States Grand Prix,5.0,PER,10.97
United States Grand Prix,5.0,RUS,9.759
United States Grand Prix,5.0,GAS,13.375
United States Grand Prix,5.0,STR,23.753
United States Grand Prix,5.0,TSU,15.049
United States Grand Prix,5.0,ALB,18.715
United States Grand Prix,5.0,SAR,20.725
United States Grand Prix,5.0,HUL,23.136
United States Grand Prix,5.0,BOT,19.213
United States Grand Prix,5.0,ZHO,16.971
United States Grand Prix,5.0,MAG,20.111
United States Grand Prix,5.0,RIC,17.79
United States Grand Prix,5.0,ALO,21.311
United States Grand Prix,5.0,PIA,7.873
United States Grand Prix,5.0,OCO,26.918
United States Grand Prix,5.0,HAM,3.863
United States Grand Prix,5.0,LEC,3.214
United States Grand Prix,6.0,VER,5.526
United States Grand Prix,6.0,NOR,0.0
United States Grand Prix,6.0,SAI,6.3469999999999995
United States Grand Prix,6.0,PER,11.017
United States Grand Prix,6.0,RUS,9.771
United States Grand Prix,6.0,GAS,13.35
United States Grand Prix,6.0,STR,24.375
United States Grand Prix,6.0,TSU,15.513
United States Grand Prix,6.0,ALB,19.533
United States Grand Prix,6.0,SAR,21.567
United States Grand Prix,6.0,HUL,25.25
United States Grand Prix,6.0,BOT,20.133
United States Grand Prix,6.0,ZHO,17.491
United States Grand Prix,6.0,MAG,20.83
United States Grand Prix,6.0,RIC,18.452
United States Grand Prix,6.0,ALO,22.177
United States Grand Prix,6.0,PIA,7.908
United States Grand Prix,6.0,OCO,35.098
United States Grand Prix,6.0,HAM,3.25
United States Grand Prix,6.0,LEC,4.024
United States Grand Prix,7.0,VER,5.601
United States Grand Prix,7.0,NOR,0.0
United States Grand Prix,7.0,SAI,6.555
United States Grand Prix,7.0,PER,11.169
United States Grand Prix,7.0,RUS,9.73
United States Grand Prix,7.0,GAS,13.295
United States Grand Prix,7.0,STR,25.497
United States Grand Prix,7.0,TSU,16.085
United States Grand Prix,7.0,ALB,20.605
United States Grand Prix,7.0,SAR,23.765
United States Grand Prix,7.0,HUL,26.31
United States Grand Prix,7.0,BOT,21.306
United States Grand Prix,7.0,ZHO,18.355
United States Grand Prix,7.0,MAG,21.962
United States Grand Prix,7.0,RIC,19.419
United States Grand Prix,7.0,ALO,23.016
United States Grand Prix,7.0,PIA,8.491
United States Grand Prix,7.0,HAM,3.194
United States Grand Prix,7.0,LEC,4.431
United States Grand Prix,8.0,VER,5.699
United States Grand Prix,8.0,NOR,0.0
United States Grand Prix,8.0,SAI,6.664
United States Grand Prix,8.0,PER,12.174
United States Grand Prix,8.0,RUS,10.61
United States Grand Prix,8.0,GAS,14.172
United States Grand Prix,8.0,STR,27.011
United States Grand Prix,8.0,TSU,16.977
United States Grand Prix,8.0,ALB,22.111
United States Grand Prix,8.0,SAR,25.545
United States Grand Prix,8.0,HUL,27.94
United States Grand Prix,8.0,BOT,22.793
United States Grand Prix,8.0,ZHO,19.47
United States Grand Prix,8.0,MAG,23.558
United States Grand Prix,8.0,RIC,20.739
United States Grand Prix,8.0,ALO,24.195
United States Grand Prix,8.0,PIA,9.418
United States Grand Prix,8.0,HAM,3.117
United States Grand Prix,8.0,LEC,5.094
United States Grand Prix,9.0,VER,6.001
United States Grand Prix,9.0,NOR,0.0
United States Grand Prix,9.0,SAI,6.893
United States Grand Prix,9.0,PER,12.926
United States Grand Prix,9.0,RUS,11.005
United States Grand Prix,9.0,GAS,14.645
United States Grand Prix,9.0,STR,28.196
United States Grand Prix,9.0,TSU,17.735
United States Grand Prix,9.0,ALB,23.172
United States Grand Prix,9.0,SAR,26.602
United States Grand Prix,9.0,HUL,29.539
United States Grand Prix,9.0,BOT,23.79
United States Grand Prix,9.0,ZHO,20.685
United States Grand Prix,9.0,MAG,24.715
United States Grand Prix,9.0,RIC,21.707
United States Grand Prix,9.0,ALO,25.303
United States Grand Prix,9.0,PIA,10.014
United States Grand Prix,9.0,HAM,3.07
United States Grand Prix,9.0,LEC,5.184
United States Grand Prix,10.0,VER,6.351
United States Grand Prix,10.0,NOR,0.0
United States Grand Prix,10.0,SAI,7.412
United States Grand Prix,10.0,PER,13.605
United States Grand Prix,10.0,RUS,11.269
United States Grand Prix,10.0,GAS,15.661
United States Grand Prix,10.0,STR,30.051
United States Grand Prix,10.0,TSU,18.576
United States Grand Prix,10.0,ALB,23.933
United States Grand Prix,10.0,SAR,28.399
United States Grand Prix,10.0,HUL,31.791
United States Grand Prix,10.0,BOT,25.477
United States Grand Prix,10.0,ZHO,42.532
United States Grand Prix,10.0,MAG,27.073
United States Grand Prix,10.0,RIC,22.767
United States Grand Prix,10.0,ALO,27.503
United States Grand Prix,10.0,PIA,35.913
United States Grand Prix,10.0,HAM,3.002
United States Grand Prix,10.0,LEC,5.823
United States Grand Prix,11.0,VER,7.072
United States Grand Prix,11.0,NOR,0.0
United States Grand Prix,11.0,SAI,8.583
United States Grand Prix,11.0,PER,13.855
United States Grand Prix,11.0,RUS,12.015
United States Grand Prix,11.0,GAS,16.41
United States Grand Prix,11.0,STR,31.036
United States Grand Prix,11.0,TSU,19.434
United States Grand Prix,11.0,ALB,45.182
United States Grand Prix,11.0,SAR,29.543
United States Grand Prix,11.0,HUL,32.78
United States Grand Prix,11.0,BOT,46.621
United States Grand Prix,11.0,ZHO,42.893
United States Grand Prix,11.0,MAG,49.593
United States Grand Prix,11.0,RIC,23.458
United States Grand Prix,11.0,ALO,28.229
United States Grand Prix,11.0,HAM,2.883
United States Grand Prix,11.0,LEC,7.8469999999999995
United States Grand Prix,12.0,VER,7.474
United States Grand Prix,12.0,NOR,0.0
United States Grand Prix,12.0,SAI,9.35
United States Grand Prix,12.0,PER,14.215
United States Grand Prix,12.0,RUS,12.461
United States Grand Prix,12.0,GAS,16.996
United States Grand Prix,12.0,STR,31.926
United States Grand Prix,12.0,TSU,20.328
United States Grand Prix,12.0,ALB,46.361
United States Grand Prix,12.0,SAR,51.566
United States Grand Prix,12.0,HUL,34.075
United States Grand Prix,12.0,BOT,47.577
United States Grand Prix,12.0,ZHO,43.59
United States Grand Prix,12.0,MAG,51.138
United States Grand Prix,12.0,RIC,24.471
United States Grand Prix,12.0,ALO,28.675
United States Grand Prix,12.0,HAM,2.649
United States Grand Prix,12.0,LEC,8.496
United States Grand Prix,13.0,VER,6.9719999999999995
United States Grand Prix,13.0,NOR,0.0
United States Grand Prix,13.0,SAI,9.733
United States Grand Prix,13.0,PER,14.195
United States Grand Prix,13.0,RUS,12.21
United States Grand Prix,13.0,GAS,17.384
United States Grand Prix,13.0,STR,32.198
United States Grand Prix,13.0,TSU,20.685
United States Grand Prix,13.0,ALB,46.557
United States Grand Prix,13.0,SAR,51.678
United States Grand Prix,13.0,HUL,34.775
United States Grand Prix,13.0,BOT,47.679
United States Grand Prix,13.0,ZHO,44.079
United States Grand Prix,13.0,MAG,52.696
United States Grand Prix,13.0,RIC,24.735
United States Grand Prix,13.0,ALO,28.712
United States Grand Prix,13.0,HAM,2.158
United States Grand Prix,13.0,LEC,8.187
United States Grand Prix,14.0,VER,6.514
United States Grand Prix,14.0,NOR,0.0
United States Grand Prix,14.0,SAI,10.006
United States Grand Prix,14.0,PER,14.098
United States Grand Prix,14.0,RUS,12.529
United States Grand Prix,14.0,GAS,18.016
United States Grand Prix,14.0,STR,32.556
United States Grand Prix,14.0,TSU,21.379
United States Grand Prix,14.0,ALB,46.929
United States Grand Prix,14.0,SAR,51.985
United States Grand Prix,14.0,HUL,35.654
United States Grand Prix,14.0,BOT,47.981
United States Grand Prix,14.0,ZHO,44.737
United States Grand Prix,14.0,MAG,53.845
United States Grand Prix,14.0,RIC,25.342
United States Grand Prix,14.0,ALO,29.254
United States Grand Prix,14.0,HAM,1.907
United States Grand Prix,14.0,LEC,8.166
United States Grand Prix,15.0,VER,6.611
United States Grand Prix,15.0,NOR,0.0
United States Grand Prix,15.0,SAI,11.101
United States Grand Prix,15.0,PER,14.729
United States Grand Prix,15.0,RUS,13.381
United States Grand Prix,15.0,GAS,18.579
United States Grand Prix,15.0,STR,33.509
United States Grand Prix,15.0,TSU,22.256
United States Grand Prix,15.0,ALB,47.464
United States Grand Prix,15.0,SAR,52.121
United States Grand Prix,15.0,HUL,36.58
United States Grand Prix,15.0,BOT,48.648
United States Grand Prix,15.0,ZHO,45.525
United States Grand Prix,15.0,MAG,55.155
United States Grand Prix,15.0,RIC,26.148
United States Grand Prix,15.0,ALO,29.849
United States Grand Prix,15.0,HAM,1.966
United States Grand Prix,15.0,LEC,8.44
United States Grand Prix,16.0,VER,6.457
United States Grand Prix,16.0,NOR,0.0
United States Grand Prix,16.0,SAI,11.409
United States Grand Prix,16.0,PER,14.996
United States Grand Prix,16.0,RUS,13.588
United States Grand Prix,16.0,GAS,19.066
United States Grand Prix,16.0,STR,33.932
United States Grand Prix,16.0,TSU,23.132
United States Grand Prix,16.0,ALB,47.87
United States Grand Prix,16.0,SAR,52.467
United States Grand Prix,16.0,HUL,37.427
United States Grand Prix,16.0,BOT,48.939
United States Grand Prix,16.0,ZHO,45.932
United States Grand Prix,16.0,MAG,56.156
United States Grand Prix,16.0,RIC,26.576999999999998
United States Grand Prix,16.0,ALO,29.914
United States Grand Prix,16.0,HAM,1.7810000000000001
United States Grand Prix,16.0,LEC,8.516
United States Grand Prix,17.0,VER,24.564
United States Grand Prix,17.0,NOR,0.0
United States Grand Prix,17.0,SAI,12.233
United States Grand Prix,17.0,PER,15.969
United States Grand Prix,17.0,RUS,14.076
United States Grand Prix,17.0,GAS,19.915
United States Grand Prix,17.0,STR,34.919
United States Grand Prix,17.0,TSU,24.073
United States Grand Prix,17.0,ALB,48.356
United States Grand Prix,17.0,SAR,52.288
United States Grand Prix,17.0,HUL,38.302
United States Grand Prix,17.0,BOT,48.948
United States Grand Prix,17.0,ZHO,46.582
United States Grand Prix,17.0,MAG,56.787
United States Grand Prix,17.0,RIC,28.103
United States Grand Prix,17.0,ALO,31.138
United States Grand Prix,17.0,HAM,1.649
United States Grand Prix,17.0,LEC,8.452
United States Grand Prix,18.0,VER,21.117
United States Grand Prix,18.0,NOR,17.039
United States Grand Prix,18.0,SAI,29.297
United States Grand Prix,18.0,PER,32.872
United States Grand Prix,18.0,RUS,12.295
United States Grand Prix,18.0,GAS,19.399
United States Grand Prix,18.0,STR,34.618
United States Grand Prix,18.0,TSU,41.934
United States Grand Prix,18.0,ALB,46.927
United States Grand Prix,18.0,SAR,50.312
United States Grand Prix,18.0,HUL,37.201
United States Grand Prix,18.0,BOT,47.521
United States Grand Prix,18.0,ZHO,45.278
United States Grand Prix,18.0,MAG,55.269
United States Grand Prix,18.0,RIC,27.156
United States Grand Prix,18.0,ALO,30.858
United States Grand Prix,18.0,HAM,0.0
United States Grand Prix,18.0,LEC,6.733
United States Grand Prix,19.0,VER,18.403
United States Grand Prix,19.0,NOR,14.882
United States Grand Prix,19.0,SAI,27.643
United States Grand Prix,19.0,PER,30.748
United States Grand Prix,19.0,RUS,11.81
United States Grand Prix,19.0,GAS,36.508
United States Grand Prix,19.0,STR,34.618
United States Grand Prix,19.0,TSU,40.425
United States Grand Prix,19.0,ALB,46.473
United States Grand Prix,19.0,SAR,49.27
United States Grand Prix,19.0,HUL,38.474
United States Grand Prix,19.0,BOT,47.404
United States Grand Prix,19.0,ZHO,44.927
United States Grand Prix,19.0,MAG,54.879
United States Grand Prix,19.0,RIC,26.938
United States Grand Prix,19.0,ALO,30.983
United States Grand Prix,19.0,HAM,0.0
United States Grand Prix,19.0,LEC,6.284
United States Grand Prix,20.0,VER,15.513
United States Grand Prix,20.0,NOR,12.58
United States Grand Prix,20.0,SAI,24.537
United States Grand Prix,20.0,PER,28.31
United States Grand Prix,20.0,RUS,11.415
United States Grand Prix,20.0,GAS,34.617
United States Grand Prix,20.0,STR,34.65
United States Grand Prix,20.0,TSU,38.77
United States Grand Prix,20.0,ALB,45.729
United States Grand Prix,20.0,SAR,48.274
United States Grand Prix,20.0,HUL,59.974
United States Grand Prix,20.0,BOT,46.48
United States Grand Prix,20.0,ZHO,43.999
United States Grand Prix,20.0,MAG,54.211
United States Grand Prix,20.0,RIC,27.69
United States Grand Prix,20.0,ALO,49.482
United States Grand Prix,20.0,HAM,0.0
United States Grand Prix,20.0,LEC,5.711
United States Grand Prix,21.0,VER,7.416
United States Grand Prix,21.0,NOR,4.695
United States Grand Prix,21.0,SAI,16.657
United States Grand Prix,21.0,PER,20.734
United States Grand Prix,21.0,RUS,6.502
United States Grand Prix,21.0,GAS,27.503
United States Grand Prix,21.0,STR,48.548
United States Grand Prix,21.0,TSU,31.635
United States Grand Prix,21.0,ALB,39.331
United States Grand Prix,21.0,SAR,42.784
United States Grand Prix,21.0,HUL,53.499
United States Grand Prix,21.0,BOT,40.305
United States Grand Prix,21.0,ZHO,38.064
United States Grand Prix,21.0,MAG,49.685
United States Grand Prix,21.0,RIC,23.934
United States Grand Prix,21.0,ALO,41.392
United States Grand Prix,21.0,HAM,13.957
United States Grand Prix,21.0,LEC,0.0
United States Grand Prix,22.0,VER,4.928
United States Grand Prix,22.0,NOR,2.34
United States Grand Prix,22.0,SAI,14.687
United States Grand Prix,22.0,PER,18.409
United States Grand Prix,22.0,RUS,25.678
United States Grand Prix,22.0,GAS,26.484
United States Grand Prix,22.0,STR,46.756
United States Grand Prix,22.0,TSU,30.503
United States Grand Prix,22.0,ALB,39.012
United States Grand Prix,22.0,SAR,42.381
United States Grand Prix,22.0,HUL,51.846
United States Grand Prix,22.0,BOT,40.532
United States Grand Prix,22.0,ZHO,38.104
United States Grand Prix,22.0,MAG,49.906
United States Grand Prix,22.0,RIC,24.552
United States Grand Prix,22.0,ALO,39.363
United States Grand Prix,22.0,HAM,12.069
United States Grand Prix,22.0,LEC,0.0
United States Grand Prix,23.0,VER,2.279
United States Grand Prix,23.0,NOR,0.158
United States Grand Prix,23.0,SAI,12.8
United States Grand Prix,23.0,PER,16.242
United States Grand Prix,23.0,RUS,23.545
United States Grand Prix,23.0,GAS,24.862
United States Grand Prix,23.0,STR,45.476
United States Grand Prix,23.0,TSU,29.159
United States Grand Prix,23.0,ALB,39.303
United States Grand Prix,23.0,SAR,42.543
United States Grand Prix,23.0,HUL,50.466
United States Grand Prix,23.0,BOT,40.573
United States Grand Prix,23.0,ZHO,38.343
United States Grand Prix,23.0,MAG,50.12
United States Grand Prix,23.0,RIC,44.498
United States Grand Prix,23.0,ALO,37.283
United States Grand Prix,23.0,HAM,9.725999999999999
United States Grand Prix,23.0,LEC,0.0
United States Grand Prix,24.0,VER,2.354
United States Grand Prix,24.0,NOR,0.0
United States Grand Prix,24.0,SAI,13.211
United States Grand Prix,24.0,PER,16.559
United States Grand Prix,24.0,RUS,24.292
United States Grand Prix,24.0,GAS,25.769
United States Grand Prix,24.0,STR,46.715
United States Grand Prix,24.0,TSU,30.323
United States Grand Prix,24.0,ALB,41.789
United States Grand Prix,24.0,SAR,44.869
United States Grand Prix,24.0,HUL,51.341
United States Grand Prix,24.0,BOT,43.176
United States Grand Prix,24.0,ZHO,41.132
United States Grand Prix,24.0,MAG,53.556
United States Grand Prix,24.0,RIC,45.912
United States Grand Prix,24.0,ALO,38.34
United States Grand Prix,24.0,HAM,9.672
United States Grand Prix,24.0,LEC,21.766
United States Grand Prix,25.0,VER,1.217
United States Grand Prix,25.0,NOR,0.0
United States Grand Prix,25.0,SAI,12.296
United States Grand Prix,25.0,PER,15.32
United States Grand Prix,25.0,RUS,24.264
United States Grand Prix,25.0,GAS,25.699
United States Grand Prix,25.0,STR,46.344
United States Grand Prix,25.0,TSU,30.259
United States Grand Prix,25.0,ALB,43.002
United States Grand Prix,25.0,SAR,45.698
United States Grand Prix,25.0,HUL,51.201
United States Grand Prix,25.0,BOT,44.506
United States Grand Prix,25.0,ZHO,43.727
United States Grand Prix,25.0,MAG,55.044
United States Grand Prix,25.0,RIC,47.067
United States Grand Prix,25.0,ALO,37.765
United States Grand Prix,25.0,HAM,8.44
United States Grand Prix,25.0,LEC,21.464
United States Grand Prix,26.0,VER,0.959
United States Grand Prix,26.0,NOR,0.0
United States Grand Prix,26.0,SAI,12.006
United States Grand Prix,26.0,PER,14.995
United States Grand Prix,26.0,RUS,24.092
United States Grand Prix,26.0,GAS,25.907
United States Grand Prix,26.0,STR,46.502
United States Grand Prix,26.0,TSU,31.086
United States Grand Prix,26.0,ALB,44.105
United States Grand Prix,26.0,SAR,47.533
United States Grand Prix,26.0,HUL,51.415
United States Grand Prix,26.0,BOT,45.846
United States Grand Prix,26.0,ZHO,45.302
United States Grand Prix,26.0,MAG,56.791
United States Grand Prix,26.0,RIC,48.499
United States Grand Prix,26.0,ALO,37.467
United States Grand Prix,26.0,HAM,7.811
United States Grand Prix,26.0,LEC,21.404
United States Grand Prix,27.0,VER,0.924
United States Grand Prix,27.0,NOR,0.0
United States Grand Prix,27.0,SAI,11.655
United States Grand Prix,27.0,PER,14.329
United States Grand Prix,27.0,RUS,24.137
United States Grand Prix,27.0,GAS,26.278
United States Grand Prix,27.0,STR,48.248
United States Grand Prix,27.0,TSU,31.922
United States Grand Prix,27.0,ALB,45.13
United States Grand Prix,27.0,SAR,49.769
United States Grand Prix,27.0,HUL,52.425
United States Grand Prix,27.0,BOT,47.416
United States Grand Prix,27.0,ZHO,51.186
United States Grand Prix,27.0,MAG,58.783
United States Grand Prix,27.0,RIC,51.005
United States Grand Prix,27.0,ALO,37.568
United States Grand Prix,27.0,HAM,7.135
United States Grand Prix,27.0,LEC,20.972
United States Grand Prix,28.0,VER,0.0
United States Grand Prix,28.0,NOR,0.652
United States Grand Prix,28.0,SAI,10.892
United States Grand Prix,28.0,PER,13.208
United States Grand Prix,28.0,RUS,23.506
United States Grand Prix,28.0,GAS,26.245
United States Grand Prix,28.0,STR,47.345
United States Grand Prix,28.0,TSU,32.012
United States Grand Prix,28.0,ALB,45.638
United States Grand Prix,28.0,SAR,50.671
United States Grand Prix,28.0,HUL,52.667
United States Grand Prix,28.0,BOT,49.207
United States Grand Prix,28.0,ZHO,72.758
United States Grand Prix,28.0,MAG,60.198
United States Grand Prix,28.0,RIC,51.303
United States Grand Prix,28.0,ALO,36.727
United States Grand Prix,28.0,HAM,6.143
United States Grand Prix,28.0,LEC,19.871
United States Grand Prix,29.0,VER,0.0
United States Grand Prix,29.0,NOR,1.068
United States Grand Prix,29.0,SAI,10.762
United States Grand Prix,29.0,PER,12.83
United States Grand Prix,29.0,RUS,23.488
United States Grand Prix,29.0,GAS,26.755
United States Grand Prix,29.0,STR,47.2
United States Grand Prix,29.0,TSU,32.663
United States Grand Prix,29.0,ALB,46.959
United States Grand Prix,29.0,SAR,51.983
United States Grand Prix,29.0,HUL,53.971
United States Grand Prix,29.0,BOT,70.715
United States Grand Prix,29.0,ZHO,74.112
United States Grand Prix,29.0,MAG,62.613
United States Grand Prix,29.0,RIC,53.114
United States Grand Prix,29.0,ALO,36.793
United States Grand Prix,29.0,HAM,5.703
United States Grand Prix,29.0,LEC,19.665
United States Grand Prix,30.0,VER,0.0
United States Grand Prix,30.0,NOR,0.903
United States Grand Prix,30.0,SAI,10.588
United States Grand Prix,30.0,PER,12.452
United States Grand Prix,30.0,RUS,24.559
United States Grand Prix,30.0,GAS,27.465
United States Grand Prix,30.0,STR,46.943
United States Grand Prix,30.0,TSU,33.48
United States Grand Prix,30.0,ALB,68.162
United States Grand Prix,30.0,SAR,53.364
United States Grand Prix,30.0,HUL,54.187
United States Grand Prix,30.0,BOT,71.338
United States Grand Prix,30.0,ZHO,75.496
United States Grand Prix,30.0,MAG,84.794
United States Grand Prix,30.0,RIC,55.326
United States Grand Prix,30.0,ALO,36.804
United States Grand Prix,30.0,HAM,5.578
United States Grand Prix,30.0,LEC,19.757
United States Grand Prix,31.0,VER,0.0
United States Grand Prix,31.0,NOR,1.126
United States Grand Prix,31.0,SAI,10.835
United States Grand Prix,31.0,PER,12.493
United States Grand Prix,31.0,RUS,25.152
United States Grand Prix,31.0,GAS,28.644
United States Grand Prix,31.0,STR,47.085
United States Grand Prix,31.0,TSU,34.57
United States Grand Prix,31.0,ALB,68.752
United States Grand Prix,31.0,SAR,55.71
United States Grand Prix,31.0,HUL,54.532
United States Grand Prix,31.0,BOT,72.333
United States Grand Prix,31.0,ZHO,77.005
United States Grand Prix,31.0,MAG,86.366
United States Grand Prix,31.0,RIC,57.424
United States Grand Prix,31.0,ALO,37.528
United States Grand Prix,31.0,HAM,5.551
United States Grand Prix,31.0,LEC,20.135
United States Grand Prix,32.0,VER,0.0
United States Grand Prix,32.0,NOR,1.7610000000000001
United States Grand Prix,32.0,SAI,10.809
United States Grand Prix,32.0,PER,12.721
United States Grand Prix,32.0,RUS,25.875
United States Grand Prix,32.0,GAS,29.305
United States Grand Prix,32.0,STR,46.978
United States Grand Prix,32.0,TSU,35.494
United States Grand Prix,32.0,ALB,69.446
United States Grand Prix,32.0,SAR,58.087
United States Grand Prix,32.0,HUL,55.402
United States Grand Prix,32.0,BOT,73.112
United States Grand Prix,32.0,ZHO,77.652
United States Grand Prix,32.0,MAG,86.821
United States Grand Prix,32.0,RIC,59.046
United States Grand Prix,32.0,ALO,37.845
United States Grand Prix,32.0,HAM,5.819
United States Grand Prix,32.0,LEC,20.28
United States Grand Prix,33.0,VER,0.0
United States Grand Prix,33.0,NOR,3.066
United States Grand Prix,33.0,SAI,11.19
United States Grand Prix,33.0,PER,13.214
United States Grand Prix,33.0,RUS,26.465
United States Grand Prix,33.0,GAS,29.976
United States Grand Prix,33.0,STR,47.151
United States Grand Prix,33.0,TSU,36.458
United States Grand Prix,33.0,ALB,70.044
United States Grand Prix,33.0,SAR,79.776
United States Grand Prix,33.0,HUL,57.04
United States Grand Prix,33.0,BOT,74.26
United States Grand Prix,33.0,ZHO,79.086
United States Grand Prix,33.0,MAG,87.384
United States Grand Prix,33.0,RIC,60.925
United States Grand Prix,33.0,ALO,37.899
United States Grand Prix,33.0,HAM,5.932
United States Grand Prix,33.0,LEC,20.102
United States Grand Prix,34.0,VER,0.0
United States Grand Prix,34.0,NOR,3.615
United States Grand Prix,34.0,SAI,11.286
United States Grand Prix,34.0,PER,12.871
United States Grand Prix,34.0,RUS,26.78
United States Grand Prix,34.0,GAS,30.378
United States Grand Prix,34.0,STR,47.108
United States Grand Prix,34.0,TSU,37.553
United States Grand Prix,34.0,ALB,70.484
United States Grand Prix,34.0,SAR,79.433
United States Grand Prix,34.0,HUL,58.348
United States Grand Prix,34.0,BOT,75.415
United States Grand Prix,34.0,ZHO,81.277
United States Grand Prix,34.0,MAG,87.962
United States Grand Prix,34.0,RIC,62.239
United States Grand Prix,34.0,ALO,38.208
United States Grand Prix,34.0,HAM,6.331
United States Grand Prix,34.0,LEC,19.849
United States Grand Prix,35.0,VER,0.0
United States Grand Prix,35.0,NOR,22.611
United States Grand Prix,35.0,SAI,11.576
United States Grand Prix,35.0,PER,12.8
United States Grand Prix,35.0,RUS,27.131
United States Grand Prix,35.0,GAS,30.653
United States Grand Prix,35.0,STR,46.946
United States Grand Prix,35.0,TSU,57.563
United States Grand Prix,35.0,ALB,70.568
United States Grand Prix,35.0,SAR,79.286
United States Grand Prix,35.0,HUL,78.356
United States Grand Prix,35.0,BOT,76.218
United States Grand Prix,35.0,ZHO,82.788
United States Grand Prix,35.0,MAG,88.3
United States Grand Prix,35.0,RIC,63.823
United States Grand Prix,35.0,ALO,37.76
United States Grand Prix,35.0,HAM,5.779
United States Grand Prix,35.0,LEC,19.345
United States Grand Prix,36.0,VER,15.188
United States Grand Prix,36.0,NOR,17.071
United States Grand Prix,36.0,SAI,24.786
United States Grand Prix,36.0,PER,7.612
United States Grand Prix,36.0,RUS,22.224
United States Grand Prix,36.0,GAS,27.544
United States Grand Prix,36.0,STR,41.599
United States Grand Prix,36.0,TSU,52.295
United States Grand Prix,36.0,ALB,65.599
United States Grand Prix,36.0,SAR,73.849
United States Grand Prix,36.0,HUL,72.836
United States Grand Prix,36.0,BOT,71.694
United States Grand Prix,36.0,ZHO,78.523
United States Grand Prix,36.0,MAG,83.991
United States Grand Prix,36.0,RIC,59.928
United States Grand Prix,36.0,ALO,32.657
United States Grand Prix,36.0,HAM,0.0
United States Grand Prix,36.0,LEC,13.868
United States Grand Prix,37.0,VER,14.644
United States Grand Prix,37.0,NOR,16.448
United States Grand Prix,37.0,SAI,24.054
United States Grand Prix,37.0,PER,8.261
United States Grand Prix,37.0,RUS,22.982
United States Grand Prix,37.0,GAS,28.614
United States Grand Prix,37.0,STR,41.906
United States Grand Prix,37.0,TSU,52.465
United States Grand Prix,37.0,ALB,66.057
United States Grand Prix,37.0,SAR,74.38
United States Grand Prix,37.0,HUL,72.543
United States Grand Prix,37.0,BOT,73.614
United States Grand Prix,37.0,ZHO,80.327
United States Grand Prix,37.0,MAG,85.237
United States Grand Prix,37.0,RIC,61.647
United States Grand Prix,37.0,ALO,33.255
United States Grand Prix,37.0,HAM,0.0
United States Grand Prix,37.0,LEC,13.662
United States Grand Prix,38.0,VER,12.891
United States Grand Prix,38.0,NOR,14.281
United States Grand Prix,38.0,SAI,22.156
United States Grand Prix,38.0,PER,27.084
United States Grand Prix,38.0,RUS,23.323
United States Grand Prix,38.0,GAS,49.154
United States Grand Prix,38.0,STR,41.075
United States Grand Prix,38.0,TSU,52.105
United States Grand Prix,38.0,ALB,65.306
United States Grand Prix,38.0,SAR,73.758
United States Grand Prix,38.0,HUL,71.526
United States Grand Prix,38.0,BOT,75.026
United States Grand Prix,38.0,ZHO,80.354
United States Grand Prix,38.0,MAG,85.473
United States Grand Prix,38.0,RIC,61.911
United States Grand Prix,38.0,ALO,32.422
United States Grand Prix,38.0,HAM,0.0
United States Grand Prix,38.0,LEC,12.495
United States Grand Prix,39.0,VER,0.0
United States Grand Prix,39.0,NOR,1.251
United States Grand Prix,39.0,SAI,9.98
United States Grand Prix,39.0,PER,13.95
United States Grand Prix,39.0,RUS,12.508
United States Grand Prix,39.0,GAS,38.073
United States Grand Prix,39.0,STR,29.336
United States Grand Prix,39.0,TSU,40.872
United States Grand Prix,39.0,ALB,54.023
United States Grand Prix,39.0,SAR,62.24
United States Grand Prix,39.0,HUL,59.665
United States Grand Prix,39.0,BOT,64.531
United States Grand Prix,39.0,ZHO,69.64
United States Grand Prix,39.0,MAG,74.754
United States Grand Prix,39.0,RIC,51.247
United States Grand Prix,39.0,ALO,20.826
United States Grand Prix,39.0,HAM,7.664
United States Grand Prix,39.0,LEC,2.2800000000000002
United States Grand Prix,40.0,VER,0.0
United States Grand Prix,40.0,NOR,1.6600000000000001
United States Grand Prix,40.0,SAI,10.53
United States Grand Prix,40.0,PER,13.659
United States Grand Prix,40.0,RUS,32.253
United States Grand Prix,40.0,GAS,39.179
United States Grand Prix,40.0,STR,31.239
United States Grand Prix,40.0,TSU,42.283
United States Grand Prix,40.0,ALB,55.366
United States Grand Prix,40.0,SAR,63.501
United States Grand Prix,40.0,HUL,60.745
United States Grand Prix,40.0,BOT,66.929
United States Grand Prix,40.0,ZHO,71.697
United States Grand Prix,40.0,MAG,77.039
United States Grand Prix,40.0,RIC,53.786
United States Grand Prix,40.0,ALO,22.174
United States Grand Prix,40.0,HAM,7.534
United States Grand Prix,40.0,LEC,3.442
United States Grand Prix,41.0,VER,0.0
United States Grand Prix,41.0,NOR,1.944
United States Grand Prix,41.0,SAI,10.988
United States Grand Prix,41.0,PER,14.047
United States Grand Prix,41.0,RUS,31.542
United States Grand Prix,41.0,GAS,39.709
United States Grand Prix,41.0,STR,50.2
United States Grand Prix,41.0,TSU,43.15
United States Grand Prix,41.0,ALB,57.284
United States Grand Prix,41.0,SAR,64.484
United States Grand Prix,41.0,HUL,62.332
United States Grand Prix,41.0,BOT,68.822
United States Grand Prix,41.0,ZHO,73.406
United States Grand Prix,41.0,MAG,78.096
United States Grand Prix,41.0,RIC,56.732
United States Grand Prix,41.0,ALO,23.362
United States Grand Prix,41.0,HAM,6.941
United States Grand Prix,41.0,LEC,4.645
United States Grand Prix,42.0,VER,0.0
United States Grand Prix,42.0,NOR,2.23
United States Grand Prix,42.0,SAI,11.304
United States Grand Prix,42.0,PER,14.461
United States Grand Prix,42.0,RUS,31.309
United States Grand Prix,42.0,GAS,40.469
United States Grand Prix,42.0,STR,50.395
United States Grand Prix,42.0,TSU,44.346
United States Grand Prix,42.0,ALB,58.508
United States Grand Prix,42.0,SAR,65.8
United States Grand Prix,42.0,HUL,63.719
United States Grand Prix,42.0,BOT,71.158
United States Grand Prix,42.0,ZHO,75.873
United States Grand Prix,42.0,MAG,79.294
United States Grand Prix,42.0,RIC,60.777
United States Grand Prix,42.0,ALO,25.316
United States Grand Prix,42.0,HAM,6.174
United States Grand Prix,42.0,LEC,5.7059999999999995
United States Grand Prix,43.0,VER,0.0
United States Grand Prix,43.0,NOR,2.489
United States Grand Prix,43.0,SAI,11.816
United States Grand Prix,43.0,PER,15.295
United States Grand Prix,43.0,RUS,31.023
United States Grand Prix,43.0,GAS,41.528
United States Grand Prix,43.0,STR,50.966
United States Grand Prix,43.0,TSU,45.461
United States Grand Prix,43.0,ALB,60.498
United States Grand Prix,43.0,SAR,67.394
United States Grand Prix,43.0,HUL,65.352
United States Grand Prix,43.0,BOT,73.228
United States Grand Prix,43.0,ZHO,78.547
United States Grand Prix,43.0,MAG,81.591
United States Grand Prix,43.0,RIC,63.717
United States Grand Prix,43.0,ALO,46.51
United States Grand Prix,43.0,HAM,6.22
United States Grand Prix,43.0,LEC,7.644
United States Grand Prix,44.0,VER,0.0
United States Grand Prix,44.0,NOR,2.433
United States Grand Prix,44.0,SAI,11.931000000000001
United States Grand Prix,44.0,PER,15.802
United States Grand Prix,44.0,RUS,30.062
United States Grand Prix,44.0,GAS,42.121
United States Grand Prix,44.0,STR,50.455
United States Grand Prix,44.0,TSU,47.343
United States Grand Prix,44.0,ALB,61.585
United States Grand Prix,44.0,SAR,68.198
United States Grand Prix,44.0,HUL,66.994
United States Grand Prix,44.0,BOT,74.769
United States Grand Prix,44.0,ZHO,80.708
United States Grand Prix,44.0,MAG,83.114
United States Grand Prix,44.0,RIC,66.437
United States Grand Prix,44.0,ALO,46.579
United States Grand Prix,44.0,HAM,5.895
United States Grand Prix,44.0,LEC,8.296
United States Grand Prix,45.0,VER,0.0
United States Grand Prix,45.0,NOR,2.8040000000000003
United States Grand Prix,45.0,SAI,12.402
United States Grand Prix,45.0,PER,16.241
United States Grand Prix,45.0,RUS,29.662
United States Grand Prix,45.0,GAS,42.571
United States Grand Prix,45.0,STR,50.248
United States Grand Prix,45.0,TSU,48.49
United States Grand Prix,45.0,ALB,62.857
United States Grand Prix,45.0,SAR,69.922
United States Grand Prix,45.0,HUL,67.674
United States Grand Prix,45.0,BOT,77.063
United States Grand Prix,45.0,ZHO,82.913
United States Grand Prix,45.0,MAG,85.246
United States Grand Prix,45.0,RIC,70.983
United States Grand Prix,45.0,ALO,46.71
United States Grand Prix,45.0,HAM,5.927
United States Grand Prix,45.0,LEC,9.356
United States Grand Prix,46.0,VER,0.0
United States Grand Prix,46.0,NOR,3.323
United States Grand Prix,46.0,SAI,12.434
United States Grand Prix,46.0,PER,16.38
United States Grand Prix,46.0,RUS,29.061
United States Grand Prix,46.0,GAS,43.007
United States Grand Prix,46.0,STR,50.01
United States Grand Prix,46.0,TSU,48.952
United States Grand Prix,46.0,ALB,64.033
United States Grand Prix,46.0,SAR,71.37
United States Grand Prix,46.0,HUL,68.95
United States Grand Prix,46.0,BOT,78.87
United States Grand Prix,46.0,ZHO,84.438
United States Grand Prix,46.0,MAG,86.819
United States Grand Prix,46.0,RIC,73.824
United States Grand Prix,46.0,ALO,46.565
United States Grand Prix,46.0,HAM,5.603
United States Grand Prix,46.0,LEC,10.016
United States Grand Prix,47.0,VER,0.0
United States Grand Prix,47.0,NOR,4.179
United States Grand Prix,47.0,SAI,12.777
United States Grand Prix,47.0,PER,16.829
United States Grand Prix,47.0,RUS,28.661
United States Grand Prix,47.0,GAS,43.109
United States Grand Prix,47.0,STR,49.671
United States Grand Prix,47.0,TSU,50.596
United States Grand Prix,47.0,ALB,65.398
United States Grand Prix,47.0,SAR,73.157
United States Grand Prix,47.0,HUL,70.559
United States Grand Prix,47.0,BOT,81.006
United States Grand Prix,47.0,ZHO,86.631
United States Grand Prix,47.0,MAG,88.79
United States Grand Prix,47.0,RIC,77.443
United States Grand Prix,47.0,ALO,46.209
United States Grand Prix,47.0,HAM,5.265
United States Grand Prix,47.0,LEC,10.881
United States Grand Prix,48.0,VER,0.0
United States Grand Prix,48.0,NOR,5.072
United States Grand Prix,48.0,SAI,13.32
United States Grand Prix,48.0,PER,17.028
United States Grand Prix,48.0,RUS,27.725
United States Grand Prix,48.0,GAS,43.448
United States Grand Prix,48.0,STR,49.25
United States Grand Prix,48.0,TSU,52.907
United States Grand Prix,48.0,ALB,66.387
United States Grand Prix,48.0,SAR,74.781
United States Grand Prix,48.0,HUL,71.884
United States Grand Prix,48.0,BOT,82.905
United States Grand Prix,48.0,ZHO,88.408
United States Grand Prix,48.0,MAG,90.392
United States Grand Prix,48.0,RIC,103.585
United States Grand Prix,48.0,ALO,53.998
United States Grand Prix,48.0,HAM,5.509
United States Grand Prix,48.0,LEC,11.802
United States Grand Prix,49.0,VER,0.0
United States Grand Prix,49.0,NOR,7.402
United States Grand Prix,49.0,SAI,13.481
United States Grand Prix,49.0,PER,16.929
United States Grand Prix,49.0,RUS,26.98
United States Grand Prix,49.0,GAS,43.671
United States Grand Prix,49.0,STR,49.008
United States Grand Prix,49.0,TSU,53.398
United States Grand Prix,49.0,ALB,67.565
United States Grand Prix,49.0,SAR,75.918
United States Grand Prix,49.0,HUL,73.08
United States Grand Prix,49.0,BOT,84.656
United States Grand Prix,49.0,ZHO,90.041
United States Grand Prix,49.0,MAG,91.706
United States Grand Prix,49.0,RIC,102.533
United States Grand Prix,49.0,ALO,60.108
United States Grand Prix,49.0,HAM,5.218
United States Grand Prix,49.0,LEC,12.784
United States Grand Prix,50.0,VER,0.0
United States Grand Prix,50.0,NOR,8.368
United States Grand Prix,50.0,SAI,13.595
United States Grand Prix,50.0,PER,16.849
United States Grand Prix,50.0,RUS,26.447
United States Grand Prix,50.0,GAS,44.175
United States Grand Prix,50.0,STR,48.783
United States Grand Prix,50.0,TSU,53.821
United States Grand Prix,50.0,ALB,68.742
United States Grand Prix,50.0,SAR,77.335
United States Grand Prix,50.0,HUL,75.333
United States Grand Prix,50.0,BOT,86.527
United States Grand Prix,50.0,ZHO,91.759
United States Grand Prix,50.0,MAG,93.113
United States Grand Prix,50.0,RIC,102.982
United States Grand Prix,50.0,HAM,4.91
United States Grand Prix,50.0,LEC,14.66
United States Grand Prix,51.0,VER,0.0
United States Grand Prix,51.0,NOR,9.107
United States Grand Prix,51.0,SAI,13.53
United States Grand Prix,51.0,PER,17.018
United States Grand Prix,51.0,RUS,25.925
United States Grand Prix,51.0,GAS,45.244
United States Grand Prix,51.0,STR,48.908
United States Grand Prix,51.0,TSU,54.325
United States Grand Prix,51.0,ALB,70.703
United States Grand Prix,51.0,SAR,79.152
United States Grand Prix,51.0,HUL,78.103
United States Grand Prix,51.0,BOT,88.736
United States Grand Prix,51.0,ZHO,93.539
United States Grand Prix,51.0,MAG,95.222
United States Grand Prix,51.0,RIC,103.085
United States Grand Prix,51.0,HAM,4.63
United States Grand Prix,51.0,LEC,15.625
United States Grand Prix,52.0,VER,0.0
United States Grand Prix,52.0,NOR,9.776
United States Grand Prix,52.0,SAI,13.788
United States Grand Prix,52.0,PER,17.79
United States Grand Prix,52.0,RUS,26.111
United States Grand Prix,52.0,GAS,46.032
United States Grand Prix,52.0,STR,49.103
United States Grand Prix,52.0,TSU,54.685
United States Grand Prix,52.0,ALB,73.277
United States Grand Prix,52.0,SAR,80.765
United States Grand Prix,52.0,HUL,81.608
United States Grand Prix,52.0,BOT,90.459
United States Grand Prix,52.0,ZHO,95.362
United States Grand Prix,52.0,MAG,97.026
United States Grand Prix,52.0,RIC,105.986
United States Grand Prix,52.0,HAM,4.538
United States Grand Prix,52.0,LEC,17.48
United States Grand Prix,53.0,VER,0.0
United States Grand Prix,53.0,NOR,9.822
United States Grand Prix,53.0,SAI,13.715
United States Grand Prix,53.0,PER,17.534
United States Grand Prix,53.0,RUS,25.654
United States Grand Prix,53.0,GAS,46.511
United States Grand Prix,53.0,STR,48.839
United States Grand Prix,53.0,TSU,54.611
United States Grand Prix,53.0,ALB,75.124
United States Grand Prix,53.0,SAR,83.137
United States Grand Prix,53.0,HUL,83.841
United States Grand Prix,53.0,BOT,91.979
United States Grand Prix,53.0,ZHO,97.219
United States Grand Prix,53.0,MAG,98.785
United States Grand Prix,53.0,RIC,106.927
United States Grand Prix,53.0,HAM,3.6390000000000002
United States Grand Prix,53.0,LEC,19.5
United States Grand Prix,54.0,VER,0.0
United States Grand Prix,54.0,NOR,10.097
United States Grand Prix,54.0,SAI,13.963
United States Grand Prix,54.0,PER,17.861
United States Grand Prix,54.0,RUS,25.2
United States Grand Prix,54.0,GAS,46.845
United States Grand Prix,54.0,STR,48.846
United States Grand Prix,54.0,TSU,55.281
United States Grand Prix,54.0,ALB,77.257
United States Grand Prix,54.0,SAR,84.331
United States Grand Prix,54.0,HUL,85.862
United States Grand Prix,54.0,BOT,93.322
United States Grand Prix,54.0,ZHO,99.031
United States Grand Prix,54.0,MAG,105.569
United States Grand Prix,54.0,RIC,107.729
United States Grand Prix,54.0,HAM,2.879
United States Grand Prix,54.0,LEC,20.753
United States Grand Prix,55.0,VER,0.0
United States Grand Prix,55.0,NOR,9.983
United States Grand Prix,55.0,SAI,14.293
United States Grand Prix,55.0,PER,17.738
United States Grand Prix,55.0,RUS,24.542
United States Grand Prix,55.0,GAS,46.934
United States Grand Prix,55.0,STR,48.191
United States Grand Prix,55.0,TSU,76.583
United States Grand Prix,55.0,ALB,79.26
United States Grand Prix,55.0,SAR,85.827
United States Grand Prix,55.0,HUL,87.314
United States Grand Prix,55.0,BOT,95.242
United States Grand Prix,55.0,ZHO,103.913
United States Grand Prix,55.0,MAG,108.409
United States Grand Prix,55.0,RIC,109.189
United States Grand Prix,55.0,HAM,1.819
United States Grand Prix,55.0,LEC,22.274
United States Grand Prix,56.0,VER,0.0
United States Grand Prix,56.0,NOR,10.73
United States Grand Prix,56.0,SAI,15.134
United States Grand Prix,56.0,PER,18.46
United States Grand Prix,56.0,RUS,24.999
United States Grand Prix,56.0,GAS,47.996
United States Grand Prix,56.0,STR,48.696
United States Grand Prix,56.0,TSU,74.385
United States Grand Prix,56.0,ALB,81.714
United States Grand Prix,56.0,SAR,87.998
United States Grand Prix,56.0,HUL,89.904
United States Grand Prix,56.0,BOT,98.601
United States Grand Prix,56.0,HAM,2.225
United States Grand Prix,56.0,LEC,24.662
Mexico City Grand Prix,1.0,VER,0.0
Mexico City Grand Prix,1.0,GAS,6.289
Mexico City Grand Prix,1.0,PER,17.872
Mexico City Grand Prix,1.0,ALO,9.067
Mexico City Grand Prix,1.0,LEC,1.577
Mexico City Grand Prix,1.0,STR,11.159
Mexico City Grand Prix,1.0,SAR,10.271
Mexico City Grand Prix,1.0,MAG,8.713
Mexico City Grand Prix,1.0,TSU,9.443
Mexico City Grand Prix,1.0,ALB,7.483
Mexico City Grand Prix,1.0,ZHO,6.829
Mexico City Grand Prix,1.0,HUL,5.908
Mexico City Grand Prix,1.0,RIC,3.194
Mexico City Grand Prix,1.0,OCO,10.617
Mexico City Grand Prix,1.0,NOR,9.751
Mexico City Grand Prix,1.0,HAM,3.7720000000000002
Mexico City Grand Prix,1.0,SAI,2.305
Mexico City Grand Prix,1.0,RUS,5.445
Mexico City Grand Prix,1.0,BOT,7.987
Mexico City Grand Prix,1.0,PIA,5.087
Mexico City Grand Prix,2.0,VER,0.0
Mexico City Grand Prix,2.0,GAS,7.873
Mexico City Grand Prix,2.0,ALO,11.896
Mexico City Grand Prix,2.0,LEC,1.698
Mexico City Grand Prix,2.0,STR,13.702
Mexico City Grand Prix,2.0,SAR,12.882
Mexico City Grand Prix,2.0,MAG,10.553
Mexico City Grand Prix,2.0,TSU,10.995
Mexico City Grand Prix,2.0,ALB,9.176
Mexico City Grand Prix,2.0,ZHO,8.482
Mexico City Grand Prix,2.0,HUL,7.106
Mexico City Grand Prix,2.0,RIC,3.513
Mexico City Grand Prix,2.0,OCO,13.321
Mexico City Grand Prix,2.0,NOR,12.189
Mexico City Grand Prix,2.0,HAM,4.227
Mexico City Grand Prix,2.0,SAI,2.746
Mexico City Grand Prix,2.0,RUS,6.086
Mexico City Grand Prix,2.0,BOT,9.794
Mexico City Grand Prix,2.0,PIA,5.644
Mexico City Grand Prix,3.0,VER,0.0
Mexico City Grand Prix,3.0,GAS,9.104
Mexico City Grand Prix,3.0,ALO,14.152
Mexico City Grand Prix,3.0,LEC,2.082
Mexico City Grand Prix,3.0,STR,16.434
Mexico City Grand Prix,3.0,SAR,15.002
Mexico City Grand Prix,3.0,MAG,12.037
Mexico City Grand Prix,3.0,TSU,12.482
Mexico City Grand Prix,3.0,ALB,10.404
Mexico City Grand Prix,3.0,ZHO,9.769
Mexico City Grand Prix,3.0,HUL,8.268
Mexico City Grand Prix,3.0,RIC,4.106
Mexico City Grand Prix,3.0,OCO,17.204
Mexico City Grand Prix,3.0,NOR,13.251
Mexico City Grand Prix,3.0,HAM,4.816
Mexico City Grand Prix,3.0,SAI,3.326
Mexico City Grand Prix,3.0,RUS,6.783
Mexico City Grand Prix,3.0,BOT,11.257
Mexico City Grand Prix,3.0,PIA,6.167
Mexico City Grand Prix,4.0,VER,0.0
Mexico City Grand Prix,4.0,GAS,9.645
Mexico City Grand Prix,4.0,ALO,19.564
Mexico City Grand Prix,4.0,LEC,2.189
Mexico City Grand Prix,4.0,STR,23.029
Mexico City Grand Prix,4.0,SAR,20.709
Mexico City Grand Prix,4.0,MAG,12.724
Mexico City Grand Prix,4.0,TSU,13.679
Mexico City Grand Prix,4.0,ALB,11.066
Mexico City Grand Prix,4.0,ZHO,10.222
Mexico City Grand Prix,4.0,HUL,8.897
Mexico City Grand Prix,4.0,RIC,4.314
Mexico City Grand Prix,4.0,OCO,24.231
Mexico City Grand Prix,4.0,NOR,14.01
Mexico City Grand Prix,4.0,HAM,4.995
Mexico City Grand Prix,4.0,SAI,3.534
Mexico City Grand Prix,4.0,RUS,7.211
Mexico City Grand Prix,4.0,BOT,12.092
Mexico City Grand Prix,4.0,PIA,6.108
Mexico City Grand Prix,5.0,VER,0.0
Mexico City Grand Prix,5.0,GAS,10.463
Mexico City Grand Prix,5.0,ALO,16.518
Mexico City Grand Prix,5.0,LEC,2.109
Mexico City Grand Prix,5.0,STR,18.092
Mexico City Grand Prix,5.0,SAR,17.105
Mexico City Grand Prix,5.0,MAG,14.143
Mexico City Grand Prix,5.0,TSU,14.735
Mexico City Grand Prix,5.0,ALB,12.068
Mexico City Grand Prix,5.0,ZHO,11.377
Mexico City Grand Prix,5.0,HUL,9.822
Mexico City Grand Prix,5.0,RIC,4.468
Mexico City Grand Prix,5.0,OCO,19.302
Mexico City Grand Prix,5.0,NOR,15.33
Mexico City Grand Prix,5.0,HAM,5.34
Mexico City Grand Prix,5.0,SAI,3.487
Mexico City Grand Prix,5.0,RUS,7.494
Mexico City Grand Prix,5.0,BOT,13.331
Mexico City Grand Prix,5.0,PIA,6.548
Mexico City Grand Prix,6.0,VER,0.0
Mexico City Grand Prix,6.0,GAS,11.113
Mexico City Grand Prix,6.0,ALO,17.895
Mexico City Grand Prix,6.0,LEC,2.153
Mexico City Grand Prix,6.0,STR,19.336
Mexico City Grand Prix,6.0,SAR,18.458
Mexico City Grand Prix,6.0,MAG,14.844
Mexico City Grand Prix,6.0,TSU,15.426
Mexico City Grand Prix,6.0,ALB,12.922
Mexico City Grand Prix,6.0,ZHO,12.126
Mexico City Grand Prix,6.0,HUL,10.239
Mexico City Grand Prix,6.0,RIC,4.555
Mexico City Grand Prix,6.0,OCO,20.285
Mexico City Grand Prix,6.0,NOR,16.188
Mexico City Grand Prix,6.0,HAM,5.301
Mexico City Grand Prix,6.0,SAI,3.626
Mexico City Grand Prix,6.0,RUS,7.608
Mexico City Grand Prix,6.0,BOT,13.895
Mexico City Grand Prix,6.0,PIA,6.616
Mexico City Grand Prix,7.0,VER,0.0
Mexico City Grand Prix,7.0,GAS,11.952
Mexico City Grand Prix,7.0,ALO,20.19
Mexico City Grand Prix,7.0,LEC,2.189
Mexico City Grand Prix,7.0,STR,20.745
Mexico City Grand Prix,7.0,SAR,19.285
Mexico City Grand Prix,7.0,MAG,15.86
Mexico City Grand Prix,7.0,TSU,16.242
Mexico City Grand Prix,7.0,ALB,13.871
Mexico City Grand Prix,7.0,ZHO,12.942
Mexico City Grand Prix,7.0,HUL,11.335
Mexico City Grand Prix,7.0,RIC,4.9190000000000005
Mexico City Grand Prix,7.0,OCO,21.475
Mexico City Grand Prix,7.0,NOR,17.005
Mexico City Grand Prix,7.0,HAM,5.555
Mexico City Grand Prix,7.0,SAI,3.842
Mexico City Grand Prix,7.0,RUS,8.362
Mexico City Grand Prix,7.0,BOT,14.785
Mexico City Grand Prix,7.0,PIA,7.274
Mexico City Grand Prix,8.0,VER,0.0
Mexico City Grand Prix,8.0,GAS,13.424
Mexico City Grand Prix,8.0,ALO,21.901
Mexico City Grand Prix,8.0,LEC,2.156
Mexico City Grand Prix,8.0,STR,22.467
Mexico City Grand Prix,8.0,SAR,21.015
Mexico City Grand Prix,8.0,MAG,17.407
Mexico City Grand Prix,8.0,TSU,18.45
Mexico City Grand Prix,8.0,ALB,15.176
Mexico City Grand Prix,8.0,ZHO,14.237
Mexico City Grand Prix,8.0,HUL,12.901
Mexico City Grand Prix,8.0,RIC,5.592
Mexico City Grand Prix,8.0,OCO,23.206
Mexico City Grand Prix,8.0,NOR,19.191
Mexico City Grand Prix,8.0,HAM,6.494
Mexico City Grand Prix,8.0,SAI,4.194
Mexico City Grand Prix,8.0,RUS,9.206
Mexico City Grand Prix,8.0,BOT,16.101
Mexico City Grand Prix,8.0,PIA,7.915
Mexico City Grand Prix,9.0,VER,0.0
Mexico City Grand Prix,9.0,GAS,15.164
Mexico City Grand Prix,9.0,ALO,23.668
Mexico City Grand Prix,9.0,LEC,2.6109999999999998
Mexico City Grand Prix,9.0,STR,24.383
Mexico City Grand Prix,9.0,SAR,22.631
Mexico City Grand Prix,9.0,MAG,18.712
Mexico City Grand Prix,9.0,TSU,24.14
Mexico City Grand Prix,9.0,ALB,16.864
Mexico City Grand Prix,9.0,ZHO,15.909
Mexico City Grand Prix,9.0,HUL,14.539
Mexico City Grand Prix,9.0,RIC,6.312
Mexico City Grand Prix,9.0,OCO,25.123
Mexico City Grand Prix,9.0,NOR,21.574
Mexico City Grand Prix,9.0,HAM,7.24
Mexico City Grand Prix,9.0,SAI,4.783
Mexico City Grand Prix,9.0,RUS,10.088
Mexico City Grand Prix,9.0,BOT,17.708
Mexico City Grand Prix,9.0,PIA,9.119
Mexico City Grand Prix,10.0,VER,0.0
Mexico City Grand Prix,10.0,GAS,16.768
Mexico City Grand Prix,10.0,ALO,25.151
Mexico City Grand Prix,10.0,LEC,3.057
Mexico City Grand Prix,10.0,STR,25.984
Mexico City Grand Prix,10.0,SAR,23.863
Mexico City Grand Prix,10.0,MAG,20.401
Mexico City Grand Prix,10.0,TSU,50.224
Mexico City Grand Prix,10.0,ALB,18.588
Mexico City Grand Prix,10.0,ZHO,17.724
Mexico City Grand Prix,10.0,HUL,16.035
Mexico City Grand Prix,10.0,RIC,7.169
Mexico City Grand Prix,10.0,OCO,26.735
Mexico City Grand Prix,10.0,NOR,22.098
Mexico City Grand Prix,10.0,HAM,7.749
Mexico City Grand Prix,10.0,SAI,5.454
Mexico City Grand Prix,10.0,RUS,10.654
Mexico City Grand Prix,10.0,BOT,19.531
Mexico City Grand Prix,10.0,PIA,10.024
Mexico City Grand Prix,11.0,VER,0.0
Mexico City Grand Prix,11.0,GAS,18.042
Mexico City Grand Prix,11.0,ALO,27.834
Mexico City Grand Prix,11.0,LEC,3.299
Mexico City Grand Prix,11.0,STR,26.733
Mexico City Grand Prix,11.0,SAR,24.947
Mexico City Grand Prix,11.0,MAG,21.759
Mexico City Grand Prix,11.0,TSU,49.099
Mexico City Grand Prix,11.0,ALB,19.886
Mexico City Grand Prix,11.0,ZHO,18.912
Mexico City Grand Prix,11.0,HUL,17.434
Mexico City Grand Prix,11.0,RIC,9.106
Mexico City Grand Prix,11.0,OCO,28.369
Mexico City Grand Prix,11.0,NOR,26.125
Mexico City Grand Prix,11.0,HAM,8.074
Mexico City Grand Prix,11.0,SAI,5.692
Mexico City Grand Prix,11.0,RUS,11.669
Mexico City Grand Prix,11.0,BOT,20.736
Mexico City Grand Prix,11.0,PIA,10.932
Mexico City Grand Prix,12.0,VER,0.0
Mexico City Grand Prix,12.0,GAS,19.587
Mexico City Grand Prix,12.0,ALO,29.102
Mexico City Grand Prix,12.0,LEC,3.364
Mexico City Grand Prix,12.0,STR,27.724
Mexico City Grand Prix,12.0,SAR,25.939
Mexico City Grand Prix,12.0,MAG,23.254
Mexico City Grand Prix,12.0,TSU,48.455
Mexico City Grand Prix,12.0,ALB,21.143
Mexico City Grand Prix,12.0,ZHO,20.338
Mexico City Grand Prix,12.0,HUL,18.83
Mexico City Grand Prix,12.0,RIC,9.591
Mexico City Grand Prix,12.0,OCO,29.841
Mexico City Grand Prix,12.0,NOR,46.345
Mexico City Grand Prix,12.0,HAM,8.062
Mexico City Grand Prix,12.0,SAI,6.196
Mexico City Grand Prix,12.0,RUS,12.248
Mexico City Grand Prix,12.0,BOT,22.088
Mexico City Grand Prix,12.0,PIA,11.411
Mexico City Grand Prix,13.0,VER,0.0
Mexico City Grand Prix,13.0,GAS,20.948
Mexico City Grand Prix,13.0,ALO,30.774
Mexico City Grand Prix,13.0,LEC,3.662
Mexico City Grand Prix,13.0,STR,28.916
Mexico City Grand Prix,13.0,SAR,27.19
Mexico City Grand Prix,13.0,MAG,24.717
Mexico City Grand Prix,13.0,TSU,47.887
Mexico City Grand Prix,13.0,ALB,22.793
Mexico City Grand Prix,13.0,ZHO,21.993
Mexico City Grand Prix,13.0,HUL,20.042
Mexico City Grand Prix,13.0,RIC,10.146
Mexico City Grand Prix,13.0,OCO,31.444
Mexico City Grand Prix,13.0,NOR,46.034
Mexico City Grand Prix,13.0,HAM,8.342
Mexico City Grand Prix,13.0,SAI,6.681
Mexico City Grand Prix,13.0,RUS,12.968
Mexico City Grand Prix,13.0,BOT,23.74
Mexico City Grand Prix,13.0,PIA,11.885
Mexico City Grand Prix,14.0,VER,0.0
Mexico City Grand Prix,14.0,GAS,22.256
Mexico City Grand Prix,14.0,ALO,32.258
Mexico City Grand Prix,14.0,LEC,4.287
Mexico City Grand Prix,14.0,STR,30.25
Mexico City Grand Prix,14.0,SAR,28.532
Mexico City Grand Prix,14.0,MAG,26.222
Mexico City Grand Prix,14.0,TSU,47.319
Mexico City Grand Prix,14.0,ALB,24.546
Mexico City Grand Prix,14.0,ZHO,23.9
Mexico City Grand Prix,14.0,HUL,21.61
Mexico City Grand Prix,14.0,RIC,10.479
Mexico City Grand Prix,14.0,OCO,33.036
Mexico City Grand Prix,14.0,NOR,45.54
Mexico City Grand Prix,14.0,HAM,8.486
Mexico City Grand Prix,14.0,SAI,7.057
Mexico City Grand Prix,14.0,RUS,13.921
Mexico City Grand Prix,14.0,BOT,25.407
Mexico City Grand Prix,14.0,PIA,12.33
Mexico City Grand Prix,15.0,VER,0.0
Mexico City Grand Prix,15.0,GAS,23.652
Mexico City Grand Prix,15.0,ALO,33.873
Mexico City Grand Prix,15.0,LEC,4.413
Mexico City Grand Prix,15.0,STR,31.821
Mexico City Grand Prix,15.0,SAR,29.972
Mexico City Grand Prix,15.0,MAG,28.278
Mexico City Grand Prix,15.0,TSU,47.104
Mexico City Grand Prix,15.0,ALB,26.004
Mexico City Grand Prix,15.0,ZHO,26.826999999999998
Mexico City Grand Prix,15.0,HUL,23.024
Mexico City Grand Prix,15.0,RIC,10.881
Mexico City Grand Prix,15.0,OCO,34.637
Mexico City Grand Prix,15.0,NOR,45.12
Mexico City Grand Prix,15.0,HAM,8.603
Mexico City Grand Prix,15.0,SAI,7.537
Mexico City Grand Prix,15.0,RUS,14.597
Mexico City Grand Prix,15.0,BOT,27.641
Mexico City Grand Prix,15.0,PIA,13.007
Mexico City Grand Prix,16.0,VER,0.0
Mexico City Grand Prix,16.0,GAS,25.188
Mexico City Grand Prix,16.0,ALO,35.797
Mexico City Grand Prix,16.0,LEC,4.38
Mexico City Grand Prix,16.0,STR,33.561
Mexico City Grand Prix,16.0,SAR,31.661
Mexico City Grand Prix,16.0,MAG,30.441
Mexico City Grand Prix,16.0,TSU,47.056
Mexico City Grand Prix,16.0,ALB,27.95
Mexico City Grand Prix,16.0,ZHO,28.849
Mexico City Grand Prix,16.0,HUL,24.718
Mexico City Grand Prix,16.0,RIC,11.544
Mexico City Grand Prix,16.0,OCO,36.874
Mexico City Grand Prix,16.0,NOR,45.066
Mexico City Grand Prix,16.0,HAM,8.958
Mexico City Grand Prix,16.0,SAI,8.003
Mexico City Grand Prix,16.0,RUS,16.204
Mexico City Grand Prix,16.0,BOT,29.714
Mexico City Grand Prix,16.0,PIA,13.804
Mexico City Grand Prix,17.0,VER,0.0
Mexico City Grand Prix,17.0,GAS,26.875
Mexico City Grand Prix,17.0,ALO,37.638
Mexico City Grand Prix,17.0,LEC,4.385
Mexico City Grand Prix,17.0,STR,35.421
Mexico City Grand Prix,17.0,SAR,33.299
Mexico City Grand Prix,17.0,MAG,32.327
Mexico City Grand Prix,17.0,TSU,47.273
Mexico City Grand Prix,17.0,ALB,29.528
Mexico City Grand Prix,17.0,ZHO,30.519
Mexico City Grand Prix,17.0,HUL,26.061
Mexico City Grand Prix,17.0,RIC,12.211
Mexico City Grand Prix,17.0,OCO,38.553
Mexico City Grand Prix,17.0,NOR,45.033
Mexico City Grand Prix,17.0,HAM,9.679
Mexico City Grand Prix,17.0,SAI,8.446
Mexico City Grand Prix,17.0,RUS,17.062
Mexico City Grand Prix,17.0,BOT,31.36
Mexico City Grand Prix,17.0,PIA,14.579
Mexico City Grand Prix,18.0,VER,0.0
Mexico City Grand Prix,18.0,GAS,28.367
Mexico City Grand Prix,18.0,ALO,39.427
Mexico City Grand Prix,18.0,LEC,4.627
Mexico City Grand Prix,18.0,STR,37.243
Mexico City Grand Prix,18.0,SAR,34.796
Mexico City Grand Prix,18.0,MAG,34.136
Mexico City Grand Prix,18.0,TSU,47.269
Mexico City Grand Prix,18.0,ALB,31.143
Mexico City Grand Prix,18.0,ZHO,32.148
Mexico City Grand Prix,18.0,HUL,27.452
Mexico City Grand Prix,18.0,RIC,12.843
Mexico City Grand Prix,18.0,OCO,40.599
Mexico City Grand Prix,18.0,NOR,44.825
Mexico City Grand Prix,18.0,HAM,9.859
Mexico City Grand Prix,18.0,SAI,8.933
Mexico City Grand Prix,18.0,RUS,17.442
Mexico City Grand Prix,18.0,BOT,32.892
Mexico City Grand Prix,18.0,PIA,15.346
Mexico City Grand Prix,19.0,VER,0.0
Mexico City Grand Prix,19.0,GAS,26.668
Mexico City Grand Prix,19.0,ALO,37.69
Mexico City Grand Prix,19.0,LEC,1.696
Mexico City Grand Prix,19.0,STR,35.68
Mexico City Grand Prix,19.0,SAR,33.575
Mexico City Grand Prix,19.0,MAG,32.979
Mexico City Grand Prix,19.0,TSU,44.224
Mexico City Grand Prix,19.0,ALB,29.775
Mexico City Grand Prix,19.0,ZHO,30.509
Mexico City Grand Prix,19.0,HUL,25.794
Mexico City Grand Prix,19.0,RIC,10.608
Mexico City Grand Prix,19.0,OCO,38.703
Mexico City Grand Prix,19.0,NOR,41.715
Mexico City Grand Prix,19.0,HAM,7.374
Mexico City Grand Prix,19.0,SAI,6.755
Mexico City Grand Prix,19.0,RUS,14.902
Mexico City Grand Prix,19.0,BOT,31.519
Mexico City Grand Prix,19.0,PIA,13.12
Mexico City Grand Prix,20.0,VER,16.029
Mexico City Grand Prix,20.0,GAS,26.255
Mexico City Grand Prix,20.0,ALO,37.609
Mexico City Grand Prix,20.0,LEC,0.0
Mexico City Grand Prix,20.0,STR,35.707
Mexico City Grand Prix,20.0,SAR,34.276
Mexico City Grand Prix,20.0,MAG,33.336
Mexico City Grand Prix,20.0,TSU,42.79
Mexico City Grand Prix,20.0,ALB,29.98
Mexico City Grand Prix,20.0,ZHO,30.755
Mexico City Grand Prix,20.0,HUL,25.415
Mexico City Grand Prix,20.0,RIC,9.737
Mexico City Grand Prix,20.0,OCO,38.526
Mexico City Grand Prix,20.0,NOR,40.355
Mexico City Grand Prix,20.0,HAM,6.3629999999999995
Mexico City Grand Prix,20.0,SAI,5.665
Mexico City Grand Prix,20.0,RUS,13.781
Mexico City Grand Prix,20.0,BOT,31.419
Mexico City Grand Prix,20.0,PIA,12.296
Mexico City Grand Prix,21.0,VER,15.22
Mexico City Grand Prix,21.0,GAS,27.535
Mexico City Grand Prix,21.0,ALO,40.799
Mexico City Grand Prix,21.0,LEC,0.0
Mexico City Grand Prix,21.0,STR,37.574
Mexico City Grand Prix,21.0,SAR,36.043
Mexico City Grand Prix,21.0,MAG,35.257
Mexico City Grand Prix,21.0,TSU,43.324
Mexico City Grand Prix,21.0,ALB,31.625
Mexico City Grand Prix,21.0,ZHO,35.937
Mexico City Grand Prix,21.0,HUL,26.667
Mexico City Grand Prix,21.0,RIC,10.521
Mexico City Grand Prix,21.0,OCO,41.534
Mexico City Grand Prix,21.0,NOR,41.96
Mexico City Grand Prix,21.0,HAM,7.083
Mexico City Grand Prix,21.0,SAI,6.321
Mexico City Grand Prix,21.0,RUS,14.519
Mexico City Grand Prix,21.0,BOT,33.344
Mexico City Grand Prix,21.0,PIA,13.072
Mexico City Grand Prix,22.0,VER,14.176
Mexico City Grand Prix,22.0,GAS,28.956
Mexico City Grand Prix,22.0,ALO,43.074
Mexico City Grand Prix,22.0,LEC,0.0
Mexico City Grand Prix,22.0,STR,39.176
Mexico City Grand Prix,22.0,SAR,41.13
Mexico City Grand Prix,22.0,MAG,37.071
Mexico City Grand Prix,22.0,TSU,44.924
Mexico City Grand Prix,22.0,ALB,33.113
Mexico City Grand Prix,22.0,ZHO,54.233
Mexico City Grand Prix,22.0,HUL,28.065
Mexico City Grand Prix,22.0,RIC,11.355
Mexico City Grand Prix,22.0,OCO,44.593
Mexico City Grand Prix,22.0,NOR,43.456
Mexico City Grand Prix,22.0,HAM,7.997
Mexico City Grand Prix,22.0,SAI,6.677
Mexico City Grand Prix,22.0,RUS,16.11
Mexico City Grand Prix,22.0,BOT,34.14
Mexico City Grand Prix,22.0,PIA,13.667
Mexico City Grand Prix,23.0,VER,13.079
Mexico City Grand Prix,23.0,GAS,30.438
Mexico City Grand Prix,23.0,ALO,45.134
Mexico City Grand Prix,23.0,LEC,0.0
Mexico City Grand Prix,23.0,STR,40.352
Mexico City Grand Prix,23.0,SAR,60.664
Mexico City Grand Prix,23.0,MAG,41.421
Mexico City Grand Prix,23.0,TSU,45.685
Mexico City Grand Prix,23.0,ALB,34.125
Mexico City Grand Prix,23.0,ZHO,53.938
Mexico City Grand Prix,23.0,HUL,32.787
Mexico City Grand Prix,23.0,RIC,11.796
Mexico City Grand Prix,23.0,OCO,46.787
Mexico City Grand Prix,23.0,NOR,43.061
Mexico City Grand Prix,23.0,HAM,8.35
Mexico City Grand Prix,23.0,SAI,6.961
Mexico City Grand Prix,23.0,RUS,16.505
Mexico City Grand Prix,23.0,BOT,34.987
Mexico City Grand Prix,23.0,PIA,14.915
Mexico City Grand Prix,24.0,VER,13.055
Mexico City Grand Prix,24.0,GAS,31.087
Mexico City Grand Prix,24.0,ALO,47.545
Mexico City Grand Prix,24.0,LEC,0.0
Mexico City Grand Prix,24.0,STR,41.758
Mexico City Grand Prix,24.0,SAR,59.881
Mexico City Grand Prix,24.0,MAG,61.106
Mexico City Grand Prix,24.0,TSU,45.941
Mexico City Grand Prix,24.0,ALB,35.358
Mexico City Grand Prix,24.0,ZHO,53.991
Mexico City Grand Prix,24.0,HUL,52.627
Mexico City Grand Prix,24.0,RIC,12.603
Mexico City Grand Prix,24.0,OCO,48.339
Mexico City Grand Prix,24.0,NOR,43.253
Mexico City Grand Prix,24.0,HAM,11.537
Mexico City Grand Prix,24.0,SAI,7.449
Mexico City Grand Prix,24.0,RUS,17.196
Mexico City Grand Prix,24.0,BOT,36.372
Mexico City Grand Prix,24.0,PIA,15.805
Mexico City Grand Prix,25.0,VER,11.468
Mexico City Grand Prix,25.0,GAS,32.224
Mexico City Grand Prix,25.0,ALO,48.816
Mexico City Grand Prix,25.0,LEC,0.0
Mexico City Grand Prix,25.0,STR,42.549
Mexico City Grand Prix,25.0,SAR,59.519
Mexico City Grand Prix,25.0,MAG,60.311
Mexico City Grand Prix,25.0,TSU,45.87
Mexico City Grand Prix,25.0,ALB,36.23
Mexico City Grand Prix,25.0,ZHO,54.386
Mexico City Grand Prix,25.0,HUL,52.519
Mexico City Grand Prix,25.0,RIC,13.921
Mexico City Grand Prix,25.0,OCO,49.866
Mexico City Grand Prix,25.0,NOR,43.041
Mexico City Grand Prix,25.0,HAM,28.225
Mexico City Grand Prix,25.0,SAI,7.718
Mexico City Grand Prix,25.0,RUS,17.584
Mexico City Grand Prix,25.0,BOT,36.948
Mexico City Grand Prix,25.0,PIA,19.438
Mexico City Grand Prix,26.0,VER,10.731
Mexico City Grand Prix,26.0,GAS,33.429
Mexico City Grand Prix,26.0,ALO,50.288
Mexico City Grand Prix,26.0,LEC,0.0
Mexico City Grand Prix,26.0,STR,44.641
Mexico City Grand Prix,26.0,SAR,59.557
Mexico City Grand Prix,26.0,MAG,60.483
Mexico City Grand Prix,26.0,TSU,46.18
Mexico City Grand Prix,26.0,ALB,37.311
Mexico City Grand Prix,26.0,ZHO,55.3
Mexico City Grand Prix,26.0,HUL,53.09
Mexico City Grand Prix,26.0,RIC,14.427
Mexico City Grand Prix,26.0,OCO,51.245
Mexico City Grand Prix,26.0,NOR,42.534
Mexico City Grand Prix,26.0,HAM,27.386
Mexico City Grand Prix,26.0,SAI,8.018
Mexico City Grand Prix,26.0,RUS,21.04
Mexico City Grand Prix,26.0,BOT,38.494
Mexico City Grand Prix,26.0,PIA,39.175
Mexico City Grand Prix,27.0,VER,9.49
Mexico City Grand Prix,27.0,GAS,34.143
Mexico City Grand Prix,27.0,ALO,51.271
Mexico City Grand Prix,27.0,LEC,0.0
Mexico City Grand Prix,27.0,STR,45.168
Mexico City Grand Prix,27.0,SAR,58.67
Mexico City Grand Prix,27.0,MAG,59.435
Mexico City Grand Prix,27.0,TSU,45.879
Mexico City Grand Prix,27.0,ALB,38.178
Mexico City Grand Prix,27.0,ZHO,55.636
Mexico City Grand Prix,27.0,HUL,53.494
Mexico City Grand Prix,27.0,RIC,17.195
Mexico City Grand Prix,27.0,OCO,52.272
Mexico City Grand Prix,27.0,NOR,42.267
Mexico City Grand Prix,27.0,HAM,26.839
Mexico City Grand Prix,27.0,SAI,8.106
Mexico City Grand Prix,27.0,RUS,40.009
Mexico City Grand Prix,27.0,BOT,39.81
Mexico City Grand Prix,27.0,PIA,38.601
Mexico City Grand Prix,28.0,VER,8.962
Mexico City Grand Prix,28.0,GAS,38.263
Mexico City Grand Prix,28.0,ALO,52.627
Mexico City Grand Prix,28.0,LEC,0.0
Mexico City Grand Prix,28.0,STR,46.312
Mexico City Grand Prix,28.0,SAR,61.27
Mexico City Grand Prix,28.0,MAG,60.33
Mexico City Grand Prix,28.0,TSU,46.896
Mexico City Grand Prix,28.0,ALB,40.197
Mexico City Grand Prix,28.0,ZHO,56.51
Mexico City Grand Prix,28.0,HUL,54.43
Mexico City Grand Prix,28.0,RIC,36.025
Mexico City Grand Prix,28.0,OCO,53.716
Mexico City Grand Prix,28.0,NOR,42.883
Mexico City Grand Prix,28.0,HAM,26.621
Mexico City Grand Prix,28.0,SAI,8.574
Mexico City Grand Prix,28.0,RUS,40.34
Mexico City Grand Prix,28.0,BOT,42.13
Mexico City Grand Prix,28.0,PIA,38.43
Mexico City Grand Prix,29.0,VER,7.326
Mexico City Grand Prix,29.0,GAS,57.735
Mexico City Grand Prix,29.0,ALO,57.239
Mexico City Grand Prix,29.0,LEC,0.0
Mexico City Grand Prix,29.0,STR,48.345
Mexico City Grand Prix,29.0,SAR,61.606
Mexico City Grand Prix,29.0,MAG,61.049
Mexico City Grand Prix,29.0,TSU,48.923
Mexico City Grand Prix,29.0,ALB,42.305
Mexico City Grand Prix,29.0,ZHO,57.246
Mexico City Grand Prix,29.0,HUL,55.37
Mexico City Grand Prix,29.0,RIC,35.764
Mexico City Grand Prix,29.0,OCO,55.129
Mexico City Grand Prix,29.0,NOR,43.406
Mexico City Grand Prix,29.0,HAM,26.142
Mexico City Grand Prix,29.0,SAI,9.704
Mexico City Grand Prix,29.0,RUS,39.66
Mexico City Grand Prix,29.0,BOT,44.671
Mexico City Grand Prix,29.0,PIA,38.041
Mexico City Grand Prix,30.0,VER,6.099
Mexico City Grand Prix,30.0,GAS,57.609
Mexico City Grand Prix,30.0,ALO,76.001
Mexico City Grand Prix,30.0,LEC,0.0
Mexico City Grand Prix,30.0,STR,54.273
Mexico City Grand Prix,30.0,SAR,63.511
Mexico City Grand Prix,30.0,MAG,62.511
Mexico City Grand Prix,30.0,TSU,48.997
Mexico City Grand Prix,30.0,ALB,43.453
Mexico City Grand Prix,30.0,ZHO,59.281
Mexico City Grand Prix,30.0,HUL,54.815
Mexico City Grand Prix,30.0,RIC,35.204
Mexico City Grand Prix,30.0,OCO,56.667
Mexico City Grand Prix,30.0,NOR,43.918
Mexico City Grand Prix,30.0,HAM,25.23
Mexico City Grand Prix,30.0,SAI,13.213
Mexico City Grand Prix,30.0,RUS,38.964
Mexico City Grand Prix,30.0,BOT,46.148
Mexico City Grand Prix,30.0,PIA,37.175
Mexico City Grand Prix,31.0,VER,1.611
Mexico City Grand Prix,31.0,GAS,53.285
Mexico City Grand Prix,31.0,ALO,71.762
Mexico City Grand Prix,31.0,LEC,0.0
Mexico City Grand Prix,31.0,STR,69.017
Mexico City Grand Prix,31.0,SAR,60.34
Mexico City Grand Prix,31.0,MAG,59.813
Mexico City Grand Prix,31.0,TSU,45.726
Mexico City Grand Prix,31.0,ALB,41.465
Mexico City Grand Prix,31.0,ZHO,56.253
Mexico City Grand Prix,31.0,HUL,50.803
Mexico City Grand Prix,31.0,RIC,31.018
Mexico City Grand Prix,31.0,OCO,55.504
Mexico City Grand Prix,31.0,NOR,39.345
Mexico City Grand Prix,31.0,HAM,20.913
Mexico City Grand Prix,31.0,SAI,27.422
Mexico City Grand Prix,31.0,RUS,34.548
Mexico City Grand Prix,31.0,BOT,46.488
Mexico City Grand Prix,31.0,PIA,32.92
Mexico City Grand Prix,32.0,VER,0.0
Mexico City Grand Prix,32.0,GAS,52.249
Mexico City Grand Prix,32.0,ALO,77.251
Mexico City Grand Prix,32.0,LEC,16.514
Mexico City Grand Prix,32.0,STR,72.44
Mexico City Grand Prix,32.0,SAR,65.521
Mexico City Grand Prix,32.0,MAG,203.005
Mexico City Grand Prix,32.0,TSU,45.31
Mexico City Grand Prix,32.0,ALB,41.744
Mexico City Grand Prix,32.0,ZHO,55.815
Mexico City Grand Prix,32.0,HUL,50.396
Mexico City Grand Prix,32.0,RIC,29.885
Mexico City Grand Prix,32.0,OCO,58.452
Mexico City Grand Prix,32.0,NOR,37.805
Mexico City Grand Prix,32.0,HAM,19.288
Mexico City Grand Prix,32.0,SAI,25.392
Mexico City Grand Prix,32.0,RUS,32.83
Mexico City Grand Prix,32.0,BOT,70.689
Mexico City Grand Prix,32.0,PIA,31.636
Mexico City Grand Prix,33.0,VER,0.0
Mexico City Grand Prix,33.0,GAS,65.501
Mexico City Grand Prix,33.0,ALO,91.54
Mexico City Grand Prix,33.0,LEC,18.278
Mexico City Grand Prix,33.0,STR,87.152
Mexico City Grand Prix,33.0,SAR,80.098
Mexico City Grand Prix,33.0,TSU,56.484
Mexico City Grand Prix,33.0,ALB,52.617
Mexico City Grand Prix,33.0,ZHO,71.01
Mexico City Grand Prix,33.0,HUL,63.389
Mexico City Grand Prix,33.0,RIC,41.233
Mexico City Grand Prix,33.0,OCO,74.741
Mexico City Grand Prix,33.0,NOR,48.515
Mexico City Grand Prix,33.0,HAM,22.774
Mexico City Grand Prix,33.0,SAI,30.062
Mexico City Grand Prix,33.0,RUS,44.8
Mexico City Grand Prix,33.0,BOT,84.532
Mexico City Grand Prix,33.0,PIA,42.906
Mexico City Grand Prix,34.0,VER,0.0
Mexico City Grand Prix,34.0,GAS,26.183
Mexico City Grand Prix,34.0,ALO,49.002
Mexico City Grand Prix,34.0,LEC,1.505
Mexico City Grand Prix,34.0,STR,45.849
Mexico City Grand Prix,34.0,SAR,39.169
Mexico City Grand Prix,34.0,TSU,18.88
Mexico City Grand Prix,34.0,ALB,28.705
Mexico City Grand Prix,34.0,ZHO,33.442
Mexico City Grand Prix,34.0,HUL,21.029
Mexico City Grand Prix,34.0,RIC,7.033
Mexico City Grand Prix,34.0,OCO,36.147
Mexico City Grand Prix,34.0,NOR,22.44
Mexico City Grand Prix,34.0,HAM,3.858
Mexico City Grand Prix,34.0,SAI,5.448
Mexico City Grand Prix,34.0,RUS,15.532
Mexico City Grand Prix,34.0,BOT,41.977
Mexico City Grand Prix,34.0,PIA,9.604
Mexico City Grand Prix,35.0,VER,0.0
Mexico City Grand Prix,35.0,GAS,36.156
Mexico City Grand Prix,35.0,ALO,58.844
Mexico City Grand Prix,35.0,LEC,4.124
Mexico City Grand Prix,35.0,STR,55.869
Mexico City Grand Prix,35.0,SAR,48.645
Mexico City Grand Prix,35.0,TSU,24.964
Mexico City Grand Prix,35.0,ALB,37.935
Mexico City Grand Prix,35.0,ZHO,41.798
Mexico City Grand Prix,35.0,HUL,29.228
Mexico City Grand Prix,35.0,RIC,13.324
Mexico City Grand Prix,35.0,OCO,46.712
Mexico City Grand Prix,35.0,NOR,32.463
Mexico City Grand Prix,35.0,HAM,9.717
Mexico City Grand Prix,35.0,SAI,11.877
Mexico City Grand Prix,35.0,RUS,23.379
Mexico City Grand Prix,35.0,BOT,51.687
Mexico City Grand Prix,35.0,PIA,17.767
Mexico City Grand Prix,36.0,VER,0.0
Mexico City Grand Prix,36.0,GAS,8.168
Mexico City Grand Prix,36.0,ALO,11.063
Mexico City Grand Prix,36.0,LEC,1.345
Mexico City Grand Prix,36.0,STR,10.416
Mexico City Grand Prix,36.0,SAR,11.503
Mexico City Grand Prix,36.0,TSU,5.5649999999999995
Mexico City Grand Prix,36.0,ALB,6.318
Mexico City Grand Prix,36.0,ZHO,9.975999999999999
Mexico City Grand Prix,36.0,HUL,6.873
Mexico City Grand Prix,36.0,RIC,4.526
Mexico City Grand Prix,36.0,OCO,7.31
Mexico City Grand Prix,36.0,NOR,9.21
Mexico City Grand Prix,36.0,HAM,1.75
Mexico City Grand Prix,36.0,SAI,2.974
Mexico City Grand Prix,36.0,RUS,3.537
Mexico City Grand Prix,36.0,BOT,8.85
Mexico City Grand Prix,36.0,PIA,5.247
Mexico City Grand Prix,37.0,VER,0.0
Mexico City Grand Prix,37.0,GAS,9.943999999999999
Mexico City Grand Prix,37.0,ALO,14.167
Mexico City Grand Prix,37.0,LEC,1.992
Mexico City Grand Prix,37.0,STR,12.602
Mexico City Grand Prix,37.0,SAR,14.794
Mexico City Grand Prix,37.0,TSU,7.269
Mexico City Grand Prix,37.0,ALB,7.914
Mexico City Grand Prix,37.0,ZHO,13.715
Mexico City Grand Prix,37.0,HUL,8.424
Mexico City Grand Prix,37.0,RIC,5.5440000000000005
Mexico City Grand Prix,37.0,OCO,9.26
Mexico City Grand Prix,37.0,NOR,10.982
Mexico City Grand Prix,37.0,HAM,2.431
Mexico City Grand Prix,37.0,SAI,4.069
Mexico City Grand Prix,37.0,RUS,4.53
Mexico City Grand Prix,37.0,BOT,10.515
Mexico City Grand Prix,37.0,PIA,6.576
Mexico City Grand Prix,38.0,VER,0.0
Mexico City Grand Prix,38.0,GAS,11.345
Mexico City Grand Prix,38.0,ALO,16.254
Mexico City Grand Prix,38.0,LEC,2.1390000000000002
Mexico City Grand Prix,38.0,STR,14.143
Mexico City Grand Prix,38.0,SAR,16.844
Mexico City Grand Prix,38.0,TSU,7.947
Mexico City Grand Prix,38.0,ALB,8.727
Mexico City Grand Prix,38.0,ZHO,15.611
Mexico City Grand Prix,38.0,HUL,9.539
Mexico City Grand Prix,38.0,RIC,6.311
Mexico City Grand Prix,38.0,OCO,10.455
Mexico City Grand Prix,38.0,NOR,12.638
Mexico City Grand Prix,38.0,HAM,2.678
Mexico City Grand Prix,38.0,SAI,4.6129999999999995
Mexico City Grand Prix,38.0,RUS,5.125
Mexico City Grand Prix,38.0,BOT,12.005
Mexico City Grand Prix,38.0,PIA,7.542
Mexico City Grand Prix,39.0,VER,0.0
Mexico City Grand Prix,39.0,GAS,12.593
Mexico City Grand Prix,39.0,ALO,18.041
Mexico City Grand Prix,39.0,LEC,2.6390000000000002
Mexico City Grand Prix,39.0,STR,15.354
Mexico City Grand Prix,39.0,SAR,18.893
Mexico City Grand Prix,39.0,TSU,9.799
Mexico City Grand Prix,39.0,ALB,10.682
Mexico City Grand Prix,39.0,ZHO,17.119
Mexico City Grand Prix,39.0,HUL,11.31
Mexico City Grand Prix,39.0,RIC,7.185
Mexico City Grand Prix,39.0,OCO,11.934
Mexico City Grand Prix,39.0,NOR,14.1
Mexico City Grand Prix,39.0,HAM,3.013
Mexico City Grand Prix,39.0,SAI,5.492
Mexico City Grand Prix,39.0,RUS,6.203
Mexico City Grand Prix,39.0,BOT,13.268
Mexico City Grand Prix,39.0,PIA,9.136
Mexico City Grand Prix,40.0,VER,0.0
Mexico City Grand Prix,40.0,GAS,14.473
Mexico City Grand Prix,40.0,ALO,19.928
Mexico City Grand Prix,40.0,LEC,4.496
Mexico City Grand Prix,40.0,STR,17.269
Mexico City Grand Prix,40.0,SAR,20.465
Mexico City Grand Prix,40.0,TSU,10.983
Mexico City Grand Prix,40.0,ALB,12.046
Mexico City Grand Prix,40.0,ZHO,19.147
Mexico City Grand Prix,40.0,HUL,12.973
Mexico City Grand Prix,40.0,RIC,8.418
Mexico City Grand Prix,40.0,OCO,13.861
Mexico City Grand Prix,40.0,NOR,15.865
Mexico City Grand Prix,40.0,HAM,3.221
Mexico City Grand Prix,40.0,SAI,6.835
Mexico City Grand Prix,40.0,RUS,7.361
Mexico City Grand Prix,40.0,BOT,15.412
Mexico City Grand Prix,40.0,PIA,10.416
Mexico City Grand Prix,41.0,VER,0.0
Mexico City Grand Prix,41.0,GAS,16.093
Mexico City Grand Prix,41.0,ALO,23.43
Mexico City Grand Prix,41.0,LEC,5.574
Mexico City Grand Prix,41.0,STR,18.998
Mexico City Grand Prix,41.0,SAR,22.163
Mexico City Grand Prix,41.0,TSU,12.327
Mexico City Grand Prix,41.0,ALB,13.582
Mexico City Grand Prix,41.0,ZHO,21.219
Mexico City Grand Prix,41.0,HUL,14.449
Mexico City Grand Prix,41.0,RIC,9.576
Mexico City Grand Prix,41.0,OCO,15.371
Mexico City Grand Prix,41.0,NOR,17.121
Mexico City Grand Prix,41.0,HAM,3.665
Mexico City Grand Prix,41.0,SAI,8.0
Mexico City Grand Prix,41.0,RUS,8.58
Mexico City Grand Prix,41.0,BOT,17.992
Mexico City Grand Prix,41.0,PIA,11.576
Mexico City Grand Prix,42.0,VER,0.0
Mexico City Grand Prix,42.0,GAS,17.533
Mexico City Grand Prix,42.0,ALO,25.514
Mexico City Grand Prix,42.0,LEC,6.432
Mexico City Grand Prix,42.0,STR,20.7
Mexico City Grand Prix,42.0,SAR,23.85
Mexico City Grand Prix,42.0,TSU,13.411
Mexico City Grand Prix,42.0,ALB,14.943
Mexico City Grand Prix,42.0,ZHO,23.221
Mexico City Grand Prix,42.0,HUL,15.779
Mexico City Grand Prix,42.0,RIC,10.764
Mexico City Grand Prix,42.0,OCO,16.719
Mexico City Grand Prix,42.0,NOR,18.463
Mexico City Grand Prix,42.0,HAM,4.146
Mexico City Grand Prix,42.0,SAI,9.021
Mexico City Grand Prix,42.0,RUS,9.804
Mexico City Grand Prix,42.0,BOT,19.209
Mexico City Grand Prix,42.0,PIA,12.849
Mexico City Grand Prix,43.0,VER,0.0
Mexico City Grand Prix,43.0,GAS,18.722
Mexico City Grand Prix,43.0,ALO,27.386
Mexico City Grand Prix,43.0,LEC,7.279
Mexico City Grand Prix,43.0,STR,21.916
Mexico City Grand Prix,43.0,SAR,25.68
Mexico City Grand Prix,43.0,TSU,14.234
Mexico City Grand Prix,43.0,ALB,16.219
Mexico City Grand Prix,43.0,ZHO,26.384
Mexico City Grand Prix,43.0,HUL,16.96
Mexico City Grand Prix,43.0,RIC,11.626
Mexico City Grand Prix,43.0,OCO,17.762
Mexico City Grand Prix,43.0,NOR,19.396
Mexico City Grand Prix,43.0,HAM,4.459
Mexico City Grand Prix,43.0,SAI,9.809
Mexico City Grand Prix,43.0,RUS,10.617
Mexico City Grand Prix,43.0,BOT,20.334
Mexico City Grand Prix,43.0,PIA,13.688
Mexico City Grand Prix,44.0,VER,0.0
Mexico City Grand Prix,44.0,GAS,20.039
Mexico City Grand Prix,44.0,ALO,29.312
Mexico City Grand Prix,44.0,LEC,8.374
Mexico City Grand Prix,44.0,STR,23.263
Mexico City Grand Prix,44.0,SAR,27.376
Mexico City Grand Prix,44.0,TSU,15.506
Mexico City Grand Prix,44.0,ALB,17.56
Mexico City Grand Prix,44.0,ZHO,28.619
Mexico City Grand Prix,44.0,HUL,18.62
Mexico City Grand Prix,44.0,RIC,12.623
Mexico City Grand Prix,44.0,OCO,19.312
Mexico City Grand Prix,44.0,NOR,20.349
Mexico City Grand Prix,44.0,HAM,4.805
Mexico City Grand Prix,44.0,SAI,10.765
Mexico City Grand Prix,44.0,RUS,11.457
Mexico City Grand Prix,44.0,BOT,21.696
Mexico City Grand Prix,44.0,PIA,14.818
Mexico City Grand Prix,45.0,VER,0.0
Mexico City Grand Prix,45.0,GAS,22.235
Mexico City Grand Prix,45.0,ALO,31.466
Mexico City Grand Prix,45.0,LEC,9.327
Mexico City Grand Prix,45.0,STR,24.866
Mexico City Grand Prix,45.0,SAR,29.26
Mexico City Grand Prix,45.0,TSU,16.6
Mexico City Grand Prix,45.0,ALB,19.009
Mexico City Grand Prix,45.0,ZHO,30.826
Mexico City Grand Prix,45.0,HUL,20.438
Mexico City Grand Prix,45.0,RIC,14.102
Mexico City Grand Prix,45.0,OCO,20.953
Mexico City Grand Prix,45.0,NOR,21.32
Mexico City Grand Prix,45.0,HAM,5.114
Mexico City Grand Prix,45.0,SAI,11.895
Mexico City Grand Prix,45.0,RUS,12.54
Mexico City Grand Prix,45.0,BOT,23.523
Mexico City Grand Prix,45.0,PIA,15.806000000000001
Mexico City Grand Prix,46.0,VER,0.0
Mexico City Grand Prix,46.0,GAS,24.557
Mexico City Grand Prix,46.0,ALO,33.293
Mexico City Grand Prix,46.0,LEC,10.295
Mexico City Grand Prix,46.0,STR,26.662
Mexico City Grand Prix,46.0,SAR,30.897
Mexico City Grand Prix,46.0,TSU,17.777
Mexico City Grand Prix,46.0,ALB,20.802
Mexico City Grand Prix,46.0,ZHO,34.948
Mexico City Grand Prix,46.0,HUL,22.581
Mexico City Grand Prix,46.0,RIC,15.277
Mexico City Grand Prix,46.0,OCO,23.976
Mexico City Grand Prix,46.0,NOR,23.06
Mexico City Grand Prix,46.0,HAM,5.737
Mexico City Grand Prix,46.0,SAI,12.786
Mexico City Grand Prix,46.0,RUS,13.367
Mexico City Grand Prix,46.0,BOT,25.405
Mexico City Grand Prix,46.0,PIA,17.148
Mexico City Grand Prix,47.0,VER,0.0
Mexico City Grand Prix,47.0,GAS,26.764
Mexico City Grand Prix,47.0,ALO,44.06
Mexico City Grand Prix,47.0,LEC,11.336
Mexico City Grand Prix,47.0,STR,28.565
Mexico City Grand Prix,47.0,SAR,32.287
Mexico City Grand Prix,47.0,TSU,18.991
Mexico City Grand Prix,47.0,ALB,22.884
Mexico City Grand Prix,47.0,ZHO,37.545
Mexico City Grand Prix,47.0,HUL,25.641
Mexico City Grand Prix,47.0,RIC,17.0
Mexico City Grand Prix,47.0,OCO,26.221
Mexico City Grand Prix,47.0,NOR,24.041
Mexico City Grand Prix,47.0,HAM,6.09
Mexico City Grand Prix,47.0,SAI,14.683
Mexico City Grand Prix,47.0,RUS,15.279
Mexico City Grand Prix,47.0,BOT,27.402
Mexico City Grand Prix,47.0,PIA,18.53
Mexico City Grand Prix,48.0,VER,0.0
Mexico City Grand Prix,48.0,GAS,28.752
Mexico City Grand Prix,48.0,LEC,12.272
Mexico City Grand Prix,48.0,STR,30.549
Mexico City Grand Prix,48.0,SAR,33.915
Mexico City Grand Prix,48.0,TSU,22.335
Mexico City Grand Prix,48.0,ALB,24.768
Mexico City Grand Prix,48.0,ZHO,39.714
Mexico City Grand Prix,48.0,HUL,27.446
Mexico City Grand Prix,48.0,RIC,18.294
Mexico City Grand Prix,48.0,OCO,27.963
Mexico City Grand Prix,48.0,NOR,25.38
Mexico City Grand Prix,48.0,HAM,7.34
Mexico City Grand Prix,48.0,SAI,15.814
Mexico City Grand Prix,48.0,RUS,16.458
Mexico City Grand Prix,48.0,BOT,29.3
Mexico City Grand Prix,48.0,PIA,21.826
Mexico City Grand Prix,49.0,VER,0.0
Mexico City Grand Prix,49.0,GAS,31.194
Mexico City Grand Prix,49.0,LEC,13.103
Mexico City Grand Prix,49.0,STR,32.729
Mexico City Grand Prix,49.0,SAR,36.279
Mexico City Grand Prix,49.0,TSU,40.293
Mexico City Grand Prix,49.0,ALB,28.25
Mexico City Grand Prix,49.0,ZHO,42.449
Mexico City Grand Prix,49.0,HUL,29.741
Mexico City Grand Prix,49.0,RIC,19.589
Mexico City Grand Prix,49.0,OCO,30.449
Mexico City Grand Prix,49.0,NOR,26.564
Mexico City Grand Prix,49.0,HAM,7.783
Mexico City Grand Prix,49.0,SAI,16.898
Mexico City Grand Prix,49.0,RUS,17.655
Mexico City Grand Prix,49.0,BOT,31.709
Mexico City Grand Prix,49.0,PIA,23.923000000000002
Mexico City Grand Prix,50.0,VER,0.0
Mexico City Grand Prix,50.0,GAS,32.837
Mexico City Grand Prix,50.0,LEC,13.975999999999999
Mexico City Grand Prix,50.0,STR,34.408
Mexico City Grand Prix,50.0,SAR,37.48
Mexico City Grand Prix,50.0,TSU,41.732
Mexico City Grand Prix,50.0,ALB,29.761
Mexico City Grand Prix,50.0,ZHO,44.274
Mexico City Grand Prix,50.0,HUL,31.411
Mexico City Grand Prix,50.0,RIC,20.804
Mexico City Grand Prix,50.0,OCO,31.972
Mexico City Grand Prix,50.0,NOR,27.379
Mexico City Grand Prix,50.0,HAM,8.261
Mexico City Grand Prix,50.0,SAI,17.705
Mexico City Grand Prix,50.0,RUS,18.973
Mexico City Grand Prix,50.0,BOT,33.407
Mexico City Grand Prix,50.0,PIA,24.842
Mexico City Grand Prix,51.0,VER,0.0
Mexico City Grand Prix,51.0,GAS,34.555
Mexico City Grand Prix,51.0,LEC,14.511
Mexico City Grand Prix,51.0,STR,35.939
Mexico City Grand Prix,51.0,SAR,38.956
Mexico City Grand Prix,51.0,TSU,42.87
Mexico City Grand Prix,51.0,ALB,31.298
Mexico City Grand Prix,51.0,ZHO,46.305
Mexico City Grand Prix,51.0,HUL,33.057
Mexico City Grand Prix,51.0,RIC,21.616
Mexico City Grand Prix,51.0,OCO,33.785
Mexico City Grand Prix,51.0,NOR,27.728
Mexico City Grand Prix,51.0,HAM,9.475999999999999
Mexico City Grand Prix,51.0,SAI,18.292
Mexico City Grand Prix,51.0,RUS,19.923000000000002
Mexico City Grand Prix,51.0,BOT,34.964
Mexico City Grand Prix,51.0,PIA,25.523
Mexico City Grand Prix,52.0,VER,0.0
Mexico City Grand Prix,52.0,GAS,36.746
Mexico City Grand Prix,52.0,LEC,14.943999999999999
Mexico City Grand Prix,52.0,STR,38.203
Mexico City Grand Prix,52.0,SAR,40.478
Mexico City Grand Prix,52.0,TSU,44.038
Mexico City Grand Prix,52.0,ALB,32.73
Mexico City Grand Prix,52.0,ZHO,48.458
Mexico City Grand Prix,52.0,HUL,34.841
Mexico City Grand Prix,52.0,RIC,22.562
Mexico City Grand Prix,52.0,OCO,35.439
Mexico City Grand Prix,52.0,NOR,28.067
Mexico City Grand Prix,52.0,HAM,9.862
Mexico City Grand Prix,52.0,SAI,18.791
Mexico City Grand Prix,52.0,RUS,20.622
Mexico City Grand Prix,52.0,BOT,37.489
Mexico City Grand Prix,52.0,PIA,26.305
Mexico City Grand Prix,53.0,VER,0.0
Mexico City Grand Prix,53.0,GAS,38.734
Mexico City Grand Prix,53.0,LEC,15.6
Mexico City Grand Prix,53.0,STR,40.465
Mexico City Grand Prix,53.0,SAR,42.009
Mexico City Grand Prix,53.0,TSU,46.08
Mexico City Grand Prix,53.0,ALB,34.203
Mexico City Grand Prix,53.0,ZHO,50.526
Mexico City Grand Prix,53.0,HUL,36.831
Mexico City Grand Prix,53.0,RIC,23.402
Mexico City Grand Prix,53.0,OCO,37.299
Mexico City Grand Prix,53.0,NOR,28.382
Mexico City Grand Prix,53.0,HAM,10.139
Mexico City Grand Prix,53.0,SAI,19.385
Mexico City Grand Prix,53.0,RUS,21.319
Mexico City Grand Prix,53.0,BOT,39.5
Mexico City Grand Prix,53.0,PIA,26.779
Mexico City Grand Prix,54.0,VER,0.0
Mexico City Grand Prix,54.0,GAS,40.562
Mexico City Grand Prix,54.0,LEC,16.026
Mexico City Grand Prix,54.0,STR,42.264
Mexico City Grand Prix,54.0,SAR,43.507
Mexico City Grand Prix,54.0,TSU,47.243
Mexico City Grand Prix,54.0,ALB,35.393
Mexico City Grand Prix,54.0,ZHO,52.116
Mexico City Grand Prix,54.0,HUL,38.737
Mexico City Grand Prix,54.0,RIC,24.043
Mexico City Grand Prix,54.0,OCO,39.615
Mexico City Grand Prix,54.0,NOR,28.461
Mexico City Grand Prix,54.0,HAM,10.64
Mexico City Grand Prix,54.0,SAI,19.899
Mexico City Grand Prix,54.0,RUS,21.961
Mexico City Grand Prix,54.0,BOT,41.484
Mexico City Grand Prix,54.0,PIA,27.238
Mexico City Grand Prix,55.0,VER,0.0
Mexico City Grand Prix,55.0,GAS,41.983
Mexico City Grand Prix,55.0,LEC,16.478
Mexico City Grand Prix,55.0,STR,43.901
Mexico City Grand Prix,55.0,SAR,44.903
Mexico City Grand Prix,55.0,TSU,48.067
Mexico City Grand Prix,55.0,ALB,37.005
Mexico City Grand Prix,55.0,ZHO,53.54
Mexico City Grand Prix,55.0,HUL,40.467
Mexico City Grand Prix,55.0,RIC,24.929
Mexico City Grand Prix,55.0,OCO,41.103
Mexico City Grand Prix,55.0,NOR,28.682
Mexico City Grand Prix,55.0,HAM,11.05
Mexico City Grand Prix,55.0,SAI,20.323
Mexico City Grand Prix,55.0,RUS,22.9
Mexico City Grand Prix,55.0,BOT,43.067
Mexico City Grand Prix,55.0,PIA,27.833
Mexico City Grand Prix,56.0,VER,0.0
Mexico City Grand Prix,56.0,GAS,43.295
Mexico City Grand Prix,56.0,LEC,16.699
Mexico City Grand Prix,56.0,STR,46.215
Mexico City Grand Prix,56.0,SAR,46.81
Mexico City Grand Prix,56.0,TSU,49.583
Mexico City Grand Prix,56.0,ALB,38.158
Mexico City Grand Prix,56.0,ZHO,54.879
Mexico City Grand Prix,56.0,HUL,41.739
Mexico City Grand Prix,56.0,RIC,25.871
Mexico City Grand Prix,56.0,OCO,42.512
Mexico City Grand Prix,56.0,NOR,28.294
Mexico City Grand Prix,56.0,HAM,11.412
Mexico City Grand Prix,56.0,SAI,20.519
Mexico City Grand Prix,56.0,RUS,23.48
Mexico City Grand Prix,56.0,BOT,45.008
Mexico City Grand Prix,56.0,PIA,30.417
Mexico City Grand Prix,57.0,VER,0.0
Mexico City Grand Prix,57.0,GAS,44.76
Mexico City Grand Prix,57.0,LEC,17.007
Mexico City Grand Prix,57.0,STR,48.491
Mexico City Grand Prix,57.0,SAR,49.47
Mexico City Grand Prix,57.0,TSU,51.019
Mexico City Grand Prix,57.0,ALB,39.164
Mexico City Grand Prix,57.0,ZHO,57.053
Mexico City Grand Prix,57.0,HUL,43.266
Mexico City Grand Prix,57.0,RIC,26.648
Mexico City Grand Prix,57.0,OCO,43.884
Mexico City Grand Prix,57.0,NOR,28.699
Mexico City Grand Prix,57.0,HAM,11.811
Mexico City Grand Prix,57.0,SAI,20.828
Mexico City Grand Prix,57.0,RUS,24.223
Mexico City Grand Prix,57.0,BOT,46.504
Mexico City Grand Prix,57.0,PIA,31.66
Mexico City Grand Prix,58.0,VER,0.0
Mexico City Grand Prix,58.0,GAS,46.77
Mexico City Grand Prix,58.0,LEC,17.271
Mexico City Grand Prix,58.0,STR,49.769
Mexico City Grand Prix,58.0,SAR,50.634
Mexico City Grand Prix,58.0,TSU,52.919
Mexico City Grand Prix,58.0,ALB,40.032
Mexico City Grand Prix,58.0,ZHO,58.763
Mexico City Grand Prix,58.0,HUL,45.123
Mexico City Grand Prix,58.0,RIC,27.422
Mexico City Grand Prix,58.0,OCO,45.763
Mexico City Grand Prix,58.0,NOR,28.821
Mexico City Grand Prix,58.0,HAM,11.775
Mexico City Grand Prix,58.0,SAI,21.232
Mexico City Grand Prix,58.0,RUS,25.201
Mexico City Grand Prix,58.0,BOT,47.965
Mexico City Grand Prix,58.0,PIA,32.652
Mexico City Grand Prix,59.0,VER,0.0
Mexico City Grand Prix,59.0,GAS,48.234
Mexico City Grand Prix,59.0,LEC,17.567
Mexico City Grand Prix,59.0,STR,51.333
Mexico City Grand Prix,59.0,SAR,52.231
Mexico City Grand Prix,59.0,TSU,54.01
Mexico City Grand Prix,59.0,ALB,41.121
Mexico City Grand Prix,59.0,ZHO,60.401
Mexico City Grand Prix,59.0,HUL,46.892
Mexico City Grand Prix,59.0,RIC,28.317
Mexico City Grand Prix,59.0,OCO,47.59
Mexico City Grand Prix,59.0,NOR,29.073
Mexico City Grand Prix,59.0,HAM,12.004
Mexico City Grand Prix,59.0,SAI,21.572
Mexico City Grand Prix,59.0,RUS,25.929
Mexico City Grand Prix,59.0,BOT,49.438
Mexico City Grand Prix,59.0,PIA,33.675
Mexico City Grand Prix,60.0,VER,0.0
Mexico City Grand Prix,60.0,GAS,50.159
Mexico City Grand Prix,60.0,LEC,18.208
Mexico City Grand Prix,60.0,STR,52.849
Mexico City Grand Prix,60.0,SAR,54.004
Mexico City Grand Prix,60.0,TSU,55.156
Mexico City Grand Prix,60.0,ALB,42.276
Mexico City Grand Prix,60.0,ZHO,62.108
Mexico City Grand Prix,60.0,HUL,48.535
Mexico City Grand Prix,60.0,RIC,31.62
Mexico City Grand Prix,60.0,OCO,49.338
Mexico City Grand Prix,60.0,NOR,30.29
Mexico City Grand Prix,60.0,HAM,12.096
Mexico City Grand Prix,60.0,SAI,22.335
Mexico City Grand Prix,60.0,RUS,26.867
Mexico City Grand Prix,60.0,BOT,51.235
Mexico City Grand Prix,60.0,PIA,34.865
Mexico City Grand Prix,61.0,VER,0.0
Mexico City Grand Prix,61.0,GAS,51.883
Mexico City Grand Prix,61.0,LEC,18.876
Mexico City Grand Prix,61.0,STR,54.435
Mexico City Grand Prix,61.0,SAR,55.726
Mexico City Grand Prix,61.0,TSU,56.513
Mexico City Grand Prix,61.0,ALB,43.304
Mexico City Grand Prix,61.0,ZHO,63.854
Mexico City Grand Prix,61.0,HUL,50.278
Mexico City Grand Prix,61.0,RIC,33.175
Mexico City Grand Prix,61.0,OCO,50.852
Mexico City Grand Prix,61.0,NOR,30.688
Mexico City Grand Prix,61.0,HAM,12.687
Mexico City Grand Prix,61.0,SAI,22.898
Mexico City Grand Prix,61.0,RUS,27.75
Mexico City Grand Prix,61.0,BOT,52.806
Mexico City Grand Prix,61.0,PIA,35.58
Mexico City Grand Prix,62.0,VER,0.0
Mexico City Grand Prix,62.0,GAS,53.963
Mexico City Grand Prix,62.0,LEC,19.463
Mexico City Grand Prix,62.0,STR,56.142
Mexico City Grand Prix,62.0,SAR,57.115
Mexico City Grand Prix,62.0,TSU,57.882
Mexico City Grand Prix,62.0,ALB,44.297
Mexico City Grand Prix,62.0,ZHO,65.517
Mexico City Grand Prix,62.0,HUL,52.529
Mexico City Grand Prix,62.0,RIC,34.049
Mexico City Grand Prix,62.0,OCO,53.142
Mexico City Grand Prix,62.0,NOR,30.913
Mexico City Grand Prix,62.0,HAM,12.743
Mexico City Grand Prix,62.0,SAI,23.567
Mexico City Grand Prix,62.0,RUS,28.583
Mexico City Grand Prix,62.0,BOT,54.814
Mexico City Grand Prix,62.0,PIA,36.331
Mexico City Grand Prix,63.0,VER,0.0
Mexico City Grand Prix,63.0,GAS,55.947
Mexico City Grand Prix,63.0,LEC,20.023
Mexico City Grand Prix,63.0,STR,57.956
Mexico City Grand Prix,63.0,SAR,58.878
Mexico City Grand Prix,63.0,TSU,59.742
Mexico City Grand Prix,63.0,ALB,45.172
Mexico City Grand Prix,63.0,ZHO,67.531
Mexico City Grand Prix,63.0,HUL,54.728
Mexico City Grand Prix,63.0,RIC,34.666
Mexico City Grand Prix,63.0,OCO,55.384
Mexico City Grand Prix,63.0,NOR,31.071
Mexico City Grand Prix,63.0,HAM,12.91
Mexico City Grand Prix,63.0,SAI,24.227
Mexico City Grand Prix,63.0,RUS,29.268
Mexico City Grand Prix,63.0,BOT,56.657
Mexico City Grand Prix,63.0,PIA,37.243
Mexico City Grand Prix,64.0,VER,0.0
Mexico City Grand Prix,64.0,GAS,58.029
Mexico City Grand Prix,64.0,LEC,20.531
Mexico City Grand Prix,64.0,STR,59.689
Mexico City Grand Prix,64.0,SAR,60.732
Mexico City Grand Prix,64.0,TSU,61.156
Mexico City Grand Prix,64.0,ALB,45.885
Mexico City Grand Prix,64.0,ZHO,69.568
Mexico City Grand Prix,64.0,HUL,56.517
Mexico City Grand Prix,64.0,RIC,35.277
Mexico City Grand Prix,64.0,OCO,57.186
Mexico City Grand Prix,64.0,NOR,31.367
Mexico City Grand Prix,64.0,HAM,13.207
Mexico City Grand Prix,64.0,SAI,24.878
Mexico City Grand Prix,64.0,RUS,30.072
Mexico City Grand Prix,64.0,BOT,58.536
Mexico City Grand Prix,64.0,PIA,38.02
Mexico City Grand Prix,65.0,VER,0.0
Mexico City Grand Prix,65.0,GAS,59.681
Mexico City Grand Prix,65.0,LEC,21.075
Mexico City Grand Prix,65.0,STR,61.347
Mexico City Grand Prix,65.0,SAR,62.106
Mexico City Grand Prix,65.0,TSU,62.762
Mexico City Grand Prix,65.0,ALB,46.281
Mexico City Grand Prix,65.0,ZHO,71.238
Mexico City Grand Prix,65.0,HUL,58.51
Mexico City Grand Prix,65.0,RIC,35.739
Mexico City Grand Prix,65.0,OCO,58.811
Mexico City Grand Prix,65.0,NOR,31.765
Mexico City Grand Prix,65.0,HAM,12.821
Mexico City Grand Prix,65.0,SAI,25.342
Mexico City Grand Prix,65.0,RUS,30.876
Mexico City Grand Prix,65.0,BOT,60.373
Mexico City Grand Prix,65.0,PIA,38.851
Mexico City Grand Prix,66.0,VER,0.0
Mexico City Grand Prix,66.0,GAS,62.297
Mexico City Grand Prix,66.0,LEC,21.584
Mexico City Grand Prix,66.0,STR,86.202
Mexico City Grand Prix,66.0,SAR,66.114
Mexico City Grand Prix,66.0,TSU,66.201
Mexico City Grand Prix,66.0,ALB,46.997
Mexico City Grand Prix,66.0,ZHO,73.592
Mexico City Grand Prix,66.0,HUL,63.167
Mexico City Grand Prix,66.0,RIC,36.308
Mexico City Grand Prix,66.0,OCO,59.677
Mexico City Grand Prix,66.0,NOR,32.843
Mexico City Grand Prix,66.0,HAM,12.789
Mexico City Grand Prix,66.0,SAI,25.951
Mexico City Grand Prix,66.0,RUS,32.005
Mexico City Grand Prix,66.0,BOT,65.616
Mexico City Grand Prix,66.0,PIA,39.874
Mexico City Grand Prix,67.0,VER,0.0
Mexico City Grand Prix,67.0,GAS,63.035
Mexico City Grand Prix,67.0,LEC,21.606
Mexico City Grand Prix,67.0,SAR,66.687
Mexico City Grand Prix,67.0,TSU,67.768
Mexico City Grand Prix,67.0,ALB,47.202
Mexico City Grand Prix,67.0,ZHO,75.694
Mexico City Grand Prix,67.0,HUL,65.739
Mexico City Grand Prix,67.0,RIC,36.667
Mexico City Grand Prix,67.0,OCO,60.28
Mexico City Grand Prix,67.0,NOR,33.985
Mexico City Grand Prix,67.0,HAM,13.941
Mexico City Grand Prix,67.0,SAI,25.884
Mexico City Grand Prix,67.0,RUS,35.099
Mexico City Grand Prix,67.0,BOT,69.059
Mexico City Grand Prix,67.0,PIA,40.338
Mexico City Grand Prix,68.0,VER,0.0
Mexico City Grand Prix,68.0,GAS,63.929
Mexico City Grand Prix,68.0,LEC,21.948
Mexico City Grand Prix,68.0,SAR,68.766
Mexico City Grand Prix,68.0,TSU,69.384
Mexico City Grand Prix,68.0,ALB,47.578
Mexico City Grand Prix,68.0,ZHO,77.385
Mexico City Grand Prix,68.0,HUL,68.198
Mexico City Grand Prix,68.0,RIC,37.472
Mexico City Grand Prix,68.0,OCO,61.061
Mexico City Grand Prix,68.0,NOR,34.342
Mexico City Grand Prix,68.0,HAM,14.301
Mexico City Grand Prix,68.0,SAI,26.43
Mexico City Grand Prix,68.0,RUS,36.418
Mexico City Grand Prix,68.0,BOT,71.324
Mexico City Grand Prix,68.0,PIA,41.27
Mexico City Grand Prix,69.0,VER,0.0
Mexico City Grand Prix,69.0,GAS,64.818
Mexico City Grand Prix,69.0,LEC,22.449
Mexico City Grand Prix,69.0,SAR,71.274
Mexico City Grand Prix,69.0,TSU,71.579
Mexico City Grand Prix,69.0,ALB,47.893
Mexico City Grand Prix,69.0,ZHO,78.657
Mexico City Grand Prix,69.0,HUL,70.741
Mexico City Grand Prix,69.0,RIC,38.176
Mexico City Grand Prix,69.0,OCO,61.726
Mexico City Grand Prix,69.0,NOR,34.374
Mexico City Grand Prix,69.0,HAM,14.397
Mexico City Grand Prix,69.0,SAI,26.727
Mexico City Grand Prix,69.0,RUS,37.345
Mexico City Grand Prix,69.0,BOT,73.149
Mexico City Grand Prix,69.0,PIA,41.968
Mexico City Grand Prix,70.0,VER,0.0
Mexico City Grand Prix,70.0,GAS,65.757
Mexico City Grand Prix,70.0,LEC,23.065
Mexico City Grand Prix,70.0,SAR,73.945
Mexico City Grand Prix,70.0,TSU,75.774
Mexico City Grand Prix,70.0,ALB,48.55
Mexico City Grand Prix,70.0,ZHO,80.119
Mexico City Grand Prix,70.0,HUL,75.542
Mexico City Grand Prix,70.0,RIC,39.099
Mexico City Grand Prix,70.0,OCO,62.556
Mexico City Grand Prix,70.0,NOR,34.159
Mexico City Grand Prix,70.0,HAM,15.369
Mexico City Grand Prix,70.0,SAI,27.303
Mexico City Grand Prix,70.0,RUS,38.369
Mexico City Grand Prix,70.0,BOT,76.401
Mexico City Grand Prix,70.0,PIA,42.581
Mexico City Grand Prix,71.0,VER,0.0
Mexico City Grand Prix,71.0,GAS,66.207
Mexico City Grand Prix,71.0,LEC,23.12
Mexico City Grand Prix,71.0,SAR,78.844
Mexico City Grand Prix,71.0,TSU,78.978
Mexico City Grand Prix,71.0,ALB,48.545
Mexico City Grand Prix,71.0,ZHO,81.66
Mexico City Grand Prix,71.0,HUL,80.315
Mexico City Grand Prix,71.0,RIC,41.563
Mexico City Grand Prix,71.0,OCO,62.864
Mexico City Grand Prix,71.0,NOR,33.253
Mexico City Grand Prix,71.0,HAM,13.853
Mexico City Grand Prix,71.0,SAI,27.173
Mexico City Grand Prix,71.0,RUS,41.006
Mexico City Grand Prix,71.0,BOT,80.584
Mexico City Grand Prix,71.0,PIA,43.152
São Paulo Grand Prix,1.0,VER,0.0
São Paulo Grand Prix,1.0,NOR,2.015
São Paulo Grand Prix,1.0,ALO,7.446
São Paulo Grand Prix,1.0,PER,13.277
São Paulo Grand Prix,1.0,STR,8.885
São Paulo Grand Prix,1.0,SAI,14.562
São Paulo Grand Prix,1.0,GAS,21.774
São Paulo Grand Prix,1.0,HAM,5.024
São Paulo Grand Prix,1.0,TSU,20.132
São Paulo Grand Prix,1.0,OCO,16.075
São Paulo Grand Prix,1.0,SAR,28.068
São Paulo Grand Prix,1.0,HUL,31.173
São Paulo Grand Prix,1.0,RIC,29.576999999999998
São Paulo Grand Prix,1.0,PIA,17.293
São Paulo Grand Prix,1.0,RUS,11.4
São Paulo Grand Prix,1.0,BOT,22.356
São Paulo Grand Prix,1.0,ZHO,27.046
São Paulo Grand Prix,1.0,MAG,0.0
São Paulo Grand Prix,1.0,ALB,0.0
São Paulo Grand Prix,2.0,VER,0.0
São Paulo Grand Prix,2.0,NOR,1.179
São Paulo Grand Prix,2.0,ALO,5.233
São Paulo Grand Prix,2.0,PER,13.97
São Paulo Grand Prix,2.0,STR,7.692
São Paulo Grand Prix,2.0,SAI,15.877
São Paulo Grand Prix,2.0,GAS,22.979
São Paulo Grand Prix,2.0,HAM,3.5620000000000003
São Paulo Grand Prix,2.0,TSU,20.902
São Paulo Grand Prix,2.0,OCO,17.436
São Paulo Grand Prix,2.0,SAR,30.062
São Paulo Grand Prix,2.0,HUL,34.055
São Paulo Grand Prix,2.0,RIC,1565.301
São Paulo Grand Prix,2.0,PIA,1558.703
São Paulo Grand Prix,2.0,RUS,11.634
São Paulo Grand Prix,2.0,BOT,25.231
São Paulo Grand Prix,2.0,ZHO,28.575
São Paulo Grand Prix,3.0,VER,0.0
São Paulo Grand Prix,3.0,NOR,2.461
São Paulo Grand Prix,3.0,ALO,11.087
São Paulo Grand Prix,3.0,PER,20.052
São Paulo Grand Prix,3.0,STR,12.991
São Paulo Grand Prix,3.0,SAI,24.122
São Paulo Grand Prix,3.0,GAS,55.805
São Paulo Grand Prix,3.0,HAM,9.244
São Paulo Grand Prix,3.0,TSU,55.656
São Paulo Grand Prix,3.0,OCO,55.094
São Paulo Grand Prix,3.0,SAR,56.846
São Paulo Grand Prix,3.0,HUL,56.939
São Paulo Grand Prix,3.0,RIC,144.0
São Paulo Grand Prix,3.0,PIA,142.735
São Paulo Grand Prix,3.0,RUS,19.424
São Paulo Grand Prix,3.0,BOT,56.18
São Paulo Grand Prix,3.0,ZHO,56.563
São Paulo Grand Prix,4.0,VER,0.0
São Paulo Grand Prix,4.0,NOR,0.648
São Paulo Grand Prix,4.0,ALO,1.471
São Paulo Grand Prix,4.0,PER,3.059
São Paulo Grand Prix,4.0,STR,3.491
São Paulo Grand Prix,4.0,SAI,3.7
São Paulo Grand Prix,4.0,GAS,4.1
São Paulo Grand Prix,4.0,HAM,2.063
São Paulo Grand Prix,4.0,TSU,4.826
São Paulo Grand Prix,4.0,OCO,4.699
São Paulo Grand Prix,4.0,SAR,5.977
São Paulo Grand Prix,4.0,HUL,4.912
São Paulo Grand Prix,4.0,RIC,88.11
São Paulo Grand Prix,4.0,PIA,87.149
São Paulo Grand Prix,4.0,RUS,2.458
São Paulo Grand Prix,4.0,BOT,5.268
São Paulo Grand Prix,4.0,ZHO,5.432
São Paulo Grand Prix,5.0,VER,0.0
São Paulo Grand Prix,5.0,NOR,1.134
São Paulo Grand Prix,5.0,ALO,2.209
São Paulo Grand Prix,5.0,PER,4.357
São Paulo Grand Prix,5.0,STR,4.705
São Paulo Grand Prix,5.0,SAI,5.195
São Paulo Grand Prix,5.0,GAS,5.616
São Paulo Grand Prix,5.0,HAM,3.156
São Paulo Grand Prix,5.0,TSU,6.605
São Paulo Grand Prix,5.0,OCO,6.065
São Paulo Grand Prix,5.0,SAR,8.494
São Paulo Grand Prix,5.0,HUL,7.207
São Paulo Grand Prix,5.0,RIC,89.088
São Paulo Grand Prix,5.0,PIA,88.336
São Paulo Grand Prix,5.0,RUS,3.634
São Paulo Grand Prix,5.0,BOT,7.297
São Paulo Grand Prix,5.0,ZHO,7.926
São Paulo Grand Prix,6.0,VER,0.0
São Paulo Grand Prix,6.0,NOR,0.527
São Paulo Grand Prix,6.0,ALO,2.5869999999999997
São Paulo Grand Prix,6.0,PER,5.104
São Paulo Grand Prix,6.0,STR,5.601
São Paulo Grand Prix,6.0,SAI,6.191
São Paulo Grand Prix,6.0,GAS,6.746
São Paulo Grand Prix,6.0,HAM,4.09
São Paulo Grand Prix,6.0,TSU,8.011
São Paulo Grand Prix,6.0,OCO,7.445
São Paulo Grand Prix,6.0,SAR,10.194
São Paulo Grand Prix,6.0,HUL,8.861
São Paulo Grand Prix,6.0,RIC,89.942
São Paulo Grand Prix,6.0,PIA,89.527
São Paulo Grand Prix,6.0,RUS,4.518
São Paulo Grand Prix,6.0,BOT,8.989
São Paulo Grand Prix,6.0,ZHO,9.668
São Paulo Grand Prix,7.0,VER,0.0
São Paulo Grand Prix,7.0,NOR,0.364
São Paulo Grand Prix,7.0,ALO,2.968
São Paulo Grand Prix,7.0,PER,5.878
São Paulo Grand Prix,7.0,STR,6.465
São Paulo Grand Prix,7.0,SAI,7.065
São Paulo Grand Prix,7.0,GAS,7.592
São Paulo Grand Prix,7.0,HAM,4.973
São Paulo Grand Prix,7.0,TSU,9.076
São Paulo Grand Prix,7.0,OCO,8.451
São Paulo Grand Prix,7.0,SAR,11.785
São Paulo Grand Prix,7.0,HUL,10.061
São Paulo Grand Prix,7.0,RIC,90.959
São Paulo Grand Prix,7.0,PIA,90.649
São Paulo Grand Prix,7.0,RUS,5.41
São Paulo Grand Prix,7.0,BOT,10.559
São Paulo Grand Prix,7.0,ZHO,11.183
São Paulo Grand Prix,8.0,VER,0.0
São Paulo Grand Prix,8.0,NOR,1.237
São Paulo Grand Prix,8.0,ALO,3.215
São Paulo Grand Prix,8.0,PER,6.776
São Paulo Grand Prix,8.0,STR,7.068
São Paulo Grand Prix,8.0,SAI,7.74
São Paulo Grand Prix,8.0,GAS,8.286
São Paulo Grand Prix,8.0,HAM,5.679
São Paulo Grand Prix,8.0,TSU,9.891
São Paulo Grand Prix,8.0,OCO,9.213
São Paulo Grand Prix,8.0,SAR,12.719
São Paulo Grand Prix,8.0,HUL,10.981
São Paulo Grand Prix,8.0,RIC,91.586
São Paulo Grand Prix,8.0,PIA,91.426
São Paulo Grand Prix,8.0,RUS,6.205
São Paulo Grand Prix,8.0,BOT,11.335
São Paulo Grand Prix,8.0,ZHO,12.2
São Paulo Grand Prix,9.0,VER,0.0
São Paulo Grand Prix,9.0,NOR,1.6440000000000001
São Paulo Grand Prix,9.0,ALO,3.323
São Paulo Grand Prix,9.0,PER,7.147
São Paulo Grand Prix,9.0,STR,7.599
São Paulo Grand Prix,9.0,SAI,8.194
São Paulo Grand Prix,9.0,GAS,8.648
São Paulo Grand Prix,9.0,HAM,6.053
São Paulo Grand Prix,9.0,TSU,10.514
São Paulo Grand Prix,9.0,OCO,9.862
São Paulo Grand Prix,9.0,SAR,13.404
São Paulo Grand Prix,9.0,HUL,11.487
São Paulo Grand Prix,9.0,RIC,92.535
São Paulo Grand Prix,9.0,PIA,92.546
São Paulo Grand Prix,9.0,RUS,6.699
São Paulo Grand Prix,9.0,BOT,12.068
São Paulo Grand Prix,9.0,ZHO,13.008
São Paulo Grand Prix,10.0,VER,0.0
São Paulo Grand Prix,10.0,NOR,2.326
São Paulo Grand Prix,10.0,ALO,3.584
São Paulo Grand Prix,10.0,PER,7.699
São Paulo Grand Prix,10.0,STR,8.525
São Paulo Grand Prix,10.0,SAI,9.049
São Paulo Grand Prix,10.0,GAS,9.63
São Paulo Grand Prix,10.0,HAM,6.803
São Paulo Grand Prix,10.0,TSU,11.563
São Paulo Grand Prix,10.0,OCO,10.949
São Paulo Grand Prix,10.0,SAR,14.349
São Paulo Grand Prix,10.0,HUL,12.864
São Paulo Grand Prix,10.0,RIC,93.382
São Paulo Grand Prix,10.0,PIA,94.868
São Paulo Grand Prix,10.0,RUS,7.431
São Paulo Grand Prix,10.0,BOT,12.838
São Paulo Grand Prix,10.0,ZHO,13.771
São Paulo Grand Prix,11.0,VER,0.0
São Paulo Grand Prix,11.0,NOR,2.097
São Paulo Grand Prix,11.0,ALO,3.724
São Paulo Grand Prix,11.0,PER,8.579
São Paulo Grand Prix,11.0,STR,9.185
São Paulo Grand Prix,11.0,SAI,9.674
São Paulo Grand Prix,11.0,GAS,10.24
São Paulo Grand Prix,11.0,HAM,7.13
São Paulo Grand Prix,11.0,TSU,12.247
São Paulo Grand Prix,11.0,OCO,11.808
São Paulo Grand Prix,11.0,SAR,15.372
São Paulo Grand Prix,11.0,HUL,14.349
São Paulo Grand Prix,11.0,RIC,93.974
São Paulo Grand Prix,11.0,PIA,95.807
São Paulo Grand Prix,11.0,RUS,8.092
São Paulo Grand Prix,11.0,BOT,13.697
São Paulo Grand Prix,11.0,ZHO,14.542
São Paulo Grand Prix,12.0,VER,0.0
São Paulo Grand Prix,12.0,NOR,2.233
São Paulo Grand Prix,12.0,ALO,4.329
São Paulo Grand Prix,12.0,PER,9.578
São Paulo Grand Prix,12.0,STR,10.354
São Paulo Grand Prix,12.0,SAI,10.985
São Paulo Grand Prix,12.0,GAS,11.564
São Paulo Grand Prix,12.0,HAM,8.202
São Paulo Grand Prix,12.0,TSU,13.514
São Paulo Grand Prix,12.0,OCO,13.241
São Paulo Grand Prix,12.0,SAR,17.153
São Paulo Grand Prix,12.0,HUL,16.037
São Paulo Grand Prix,12.0,RIC,95.595
São Paulo Grand Prix,12.0,PIA,97.406
São Paulo Grand Prix,12.0,RUS,9.19
São Paulo Grand Prix,12.0,BOT,14.655
São Paulo Grand Prix,12.0,ZHO,16.23
São Paulo Grand Prix,13.0,VER,0.0
São Paulo Grand Prix,13.0,NOR,2.299
São Paulo Grand Prix,13.0,ALO,4.366
São Paulo Grand Prix,13.0,PER,10.245
São Paulo Grand Prix,13.0,STR,11.134
São Paulo Grand Prix,13.0,SAI,11.581
São Paulo Grand Prix,13.0,GAS,12.341
São Paulo Grand Prix,13.0,HAM,8.899000000000001
São Paulo Grand Prix,13.0,TSU,14.257
São Paulo Grand Prix,13.0,OCO,15.19
São Paulo Grand Prix,13.0,SAR,18.775
São Paulo Grand Prix,13.0,HUL,18.887
São Paulo Grand Prix,13.0,RIC,97.636
São Paulo Grand Prix,13.0,PIA,99.084
São Paulo Grand Prix,13.0,RUS,9.947
São Paulo Grand Prix,13.0,BOT,15.915
São Paulo Grand Prix,13.0,ZHO,17.573
São Paulo Grand Prix,14.0,VER,0.0
São Paulo Grand Prix,14.0,NOR,2.489
São Paulo Grand Prix,14.0,ALO,4.627
São Paulo Grand Prix,14.0,PER,11.405
São Paulo Grand Prix,14.0,STR,12.471
São Paulo Grand Prix,14.0,SAI,12.856
São Paulo Grand Prix,14.0,GAS,13.543
São Paulo Grand Prix,14.0,HAM,9.915
São Paulo Grand Prix,14.0,TSU,15.51
São Paulo Grand Prix,14.0,OCO,20.52
São Paulo Grand Prix,14.0,SAR,20.282
São Paulo Grand Prix,14.0,HUL,21.677
São Paulo Grand Prix,14.0,RIC,98.524
São Paulo Grand Prix,14.0,PIA,100.702
São Paulo Grand Prix,14.0,RUS,11.908
São Paulo Grand Prix,14.0,BOT,17.212
São Paulo Grand Prix,14.0,ZHO,18.977
São Paulo Grand Prix,15.0,VER,0.0
São Paulo Grand Prix,15.0,NOR,2.255
São Paulo Grand Prix,15.0,ALO,4.617
São Paulo Grand Prix,15.0,PER,11.697
São Paulo Grand Prix,15.0,STR,13.316
São Paulo Grand Prix,15.0,SAI,13.831
São Paulo Grand Prix,15.0,GAS,14.331
São Paulo Grand Prix,15.0,HAM,10.484
São Paulo Grand Prix,15.0,TSU,16.374
São Paulo Grand Prix,15.0,OCO,37.893
São Paulo Grand Prix,15.0,SAR,21.724
São Paulo Grand Prix,15.0,HUL,24.324
São Paulo Grand Prix,15.0,RIC,99.523
São Paulo Grand Prix,15.0,PIA,101.82
São Paulo Grand Prix,15.0,RUS,12.815
São Paulo Grand Prix,15.0,BOT,18.147
São Paulo Grand Prix,15.0,ZHO,24.23
São Paulo Grand Prix,16.0,VER,0.0
São Paulo Grand Prix,16.0,NOR,2.454
São Paulo Grand Prix,16.0,ALO,4.7
São Paulo Grand Prix,16.0,PER,11.939
São Paulo Grand Prix,16.0,STR,14.292
São Paulo Grand Prix,16.0,SAI,15.032
São Paulo Grand Prix,16.0,GAS,15.77
São Paulo Grand Prix,16.0,HAM,11.431
São Paulo Grand Prix,16.0,TSU,22.324
São Paulo Grand Prix,16.0,OCO,37.673
São Paulo Grand Prix,16.0,SAR,22.904
São Paulo Grand Prix,16.0,HUL,27.344
São Paulo Grand Prix,16.0,RIC,101.2
São Paulo Grand Prix,16.0,PIA,102.957
São Paulo Grand Prix,16.0,RUS,13.706
São Paulo Grand Prix,16.0,BOT,19.607
São Paulo Grand Prix,16.0,ZHO,42.878
São Paulo Grand Prix,17.0,VER,0.0
São Paulo Grand Prix,17.0,NOR,2.799
São Paulo Grand Prix,17.0,ALO,5.147
São Paulo Grand Prix,17.0,PER,13.039
São Paulo Grand Prix,17.0,STR,15.397
São Paulo Grand Prix,17.0,SAI,16.127
São Paulo Grand Prix,17.0,GAS,17.044
São Paulo Grand Prix,17.0,HAM,12.621
São Paulo Grand Prix,17.0,TSU,23.198
São Paulo Grand Prix,17.0,OCO,37.888
São Paulo Grand Prix,17.0,SAR,29.16
São Paulo Grand Prix,17.0,HUL,30.15
São Paulo Grand Prix,17.0,RIC,101.842
São Paulo Grand Prix,17.0,PIA,104.052
São Paulo Grand Prix,17.0,RUS,14.928
São Paulo Grand Prix,17.0,BOT,20.868
São Paulo Grand Prix,17.0,ZHO,42.94
São Paulo Grand Prix,18.0,VER,0.0
São Paulo Grand Prix,18.0,NOR,2.725
São Paulo Grand Prix,18.0,ALO,5.76
São Paulo Grand Prix,18.0,PER,13.959
São Paulo Grand Prix,18.0,STR,16.462
São Paulo Grand Prix,18.0,SAI,17.129
São Paulo Grand Prix,18.0,GAS,18.004
São Paulo Grand Prix,18.0,HAM,18.462
São Paulo Grand Prix,18.0,TSU,23.875
São Paulo Grand Prix,18.0,OCO,37.998
São Paulo Grand Prix,18.0,SAR,46.576
São Paulo Grand Prix,18.0,HUL,31.848
São Paulo Grand Prix,18.0,RIC,102.703
São Paulo Grand Prix,18.0,PIA,105.294
São Paulo Grand Prix,18.0,RUS,15.906
São Paulo Grand Prix,18.0,BOT,25.89
São Paulo Grand Prix,18.0,ZHO,43.238
São Paulo Grand Prix,19.0,VER,0.0
São Paulo Grand Prix,19.0,NOR,2.7359999999999998
São Paulo Grand Prix,19.0,ALO,6.223
São Paulo Grand Prix,19.0,PER,14.842
São Paulo Grand Prix,19.0,STR,17.691
São Paulo Grand Prix,19.0,SAI,18.303
São Paulo Grand Prix,19.0,GAS,19.162
São Paulo Grand Prix,19.0,HAM,36.41
São Paulo Grand Prix,19.0,TSU,25.005
São Paulo Grand Prix,19.0,OCO,39.031
São Paulo Grand Prix,19.0,SAR,46.764
São Paulo Grand Prix,19.0,HUL,33.382
São Paulo Grand Prix,19.0,RIC,103.412
São Paulo Grand Prix,19.0,PIA,106.343
São Paulo Grand Prix,19.0,RUS,20.392
São Paulo Grand Prix,19.0,BOT,44.565
São Paulo Grand Prix,19.0,ZHO,44.597
São Paulo Grand Prix,20.0,VER,0.0
São Paulo Grand Prix,20.0,NOR,3.07
São Paulo Grand Prix,20.0,ALO,7.08
São Paulo Grand Prix,20.0,PER,19.831
São Paulo Grand Prix,20.0,STR,18.892
São Paulo Grand Prix,20.0,SAI,19.536
São Paulo Grand Prix,20.0,GAS,20.34
São Paulo Grand Prix,20.0,HAM,36.833
São Paulo Grand Prix,20.0,TSU,25.734
São Paulo Grand Prix,20.0,OCO,40.173
São Paulo Grand Prix,20.0,SAR,47.147
São Paulo Grand Prix,20.0,HUL,34.778
São Paulo Grand Prix,20.0,RIC,104.275
São Paulo Grand Prix,20.0,PIA,107.78
São Paulo Grand Prix,20.0,RUS,38.117
São Paulo Grand Prix,20.0,BOT,44.3
São Paulo Grand Prix,20.0,ZHO,45.515
São Paulo Grand Prix,21.0,VER,0.0
São Paulo Grand Prix,21.0,NOR,3.218
São Paulo Grand Prix,21.0,ALO,7.4879999999999995
São Paulo Grand Prix,21.0,PER,36.509
São Paulo Grand Prix,21.0,STR,20.046
São Paulo Grand Prix,21.0,SAI,20.689
São Paulo Grand Prix,21.0,GAS,21.544
São Paulo Grand Prix,21.0,HAM,36.142
São Paulo Grand Prix,21.0,TSU,26.646
São Paulo Grand Prix,21.0,OCO,41.117
São Paulo Grand Prix,21.0,SAR,47.228
São Paulo Grand Prix,21.0,HUL,39.623
São Paulo Grand Prix,21.0,RIC,104.754
São Paulo Grand Prix,21.0,PIA,108.616
São Paulo Grand Prix,21.0,RUS,38.483
São Paulo Grand Prix,21.0,BOT,44.545
São Paulo Grand Prix,21.0,ZHO,46.075
São Paulo Grand Prix,22.0,VER,0.0
São Paulo Grand Prix,22.0,NOR,3.208
São Paulo Grand Prix,22.0,ALO,7.782
São Paulo Grand Prix,22.0,PER,36.301
São Paulo Grand Prix,22.0,STR,24.448
São Paulo Grand Prix,22.0,SAI,21.505
São Paulo Grand Prix,22.0,GAS,22.701
São Paulo Grand Prix,22.0,HAM,36.082
São Paulo Grand Prix,22.0,TSU,27.192
São Paulo Grand Prix,22.0,OCO,41.88
São Paulo Grand Prix,22.0,SAR,47.123
São Paulo Grand Prix,22.0,HUL,60.41
São Paulo Grand Prix,22.0,RIC,105.541
São Paulo Grand Prix,22.0,PIA,109.845
São Paulo Grand Prix,22.0,RUS,38.93
São Paulo Grand Prix,22.0,BOT,44.549
São Paulo Grand Prix,22.0,ZHO,60.215
São Paulo Grand Prix,23.0,VER,0.0
São Paulo Grand Prix,23.0,NOR,3.525
São Paulo Grand Prix,23.0,ALO,8.443
São Paulo Grand Prix,23.0,PER,36.663
São Paulo Grand Prix,23.0,STR,41.103
São Paulo Grand Prix,23.0,SAI,22.231
São Paulo Grand Prix,23.0,GAS,24.058
São Paulo Grand Prix,23.0,HAM,37.829
São Paulo Grand Prix,23.0,TSU,28.261
São Paulo Grand Prix,23.0,OCO,43.153
São Paulo Grand Prix,23.0,SAR,47.455
São Paulo Grand Prix,23.0,HUL,62.376
São Paulo Grand Prix,23.0,RIC,106.286
São Paulo Grand Prix,23.0,PIA,110.962
São Paulo Grand Prix,23.0,RUS,39.992
São Paulo Grand Prix,23.0,BOT,45.045
São Paulo Grand Prix,24.0,VER,0.0
São Paulo Grand Prix,24.0,NOR,3.64
São Paulo Grand Prix,24.0,ALO,9.327
São Paulo Grand Prix,24.0,PER,36.322
São Paulo Grand Prix,24.0,STR,40.382
São Paulo Grand Prix,24.0,SAI,22.973
São Paulo Grand Prix,24.0,GAS,25.135
São Paulo Grand Prix,24.0,HAM,38.316
São Paulo Grand Prix,24.0,TSU,28.8
São Paulo Grand Prix,24.0,OCO,43.698
São Paulo Grand Prix,24.0,SAR,47.595
São Paulo Grand Prix,24.0,HUL,63.206
São Paulo Grand Prix,24.0,RIC,106.493
São Paulo Grand Prix,24.0,PIA,116.325
São Paulo Grand Prix,24.0,RUS,40.495
São Paulo Grand Prix,24.0,BOT,45.546
São Paulo Grand Prix,25.0,VER,0.0
São Paulo Grand Prix,25.0,NOR,3.686
São Paulo Grand Prix,25.0,ALO,14.03
São Paulo Grand Prix,25.0,PER,36.022
São Paulo Grand Prix,25.0,STR,39.91
São Paulo Grand Prix,25.0,SAI,24.128
São Paulo Grand Prix,25.0,GAS,26.873
São Paulo Grand Prix,25.0,HAM,39.074
São Paulo Grand Prix,25.0,TSU,29.579
São Paulo Grand Prix,25.0,OCO,44.323
São Paulo Grand Prix,25.0,SAR,48.119
São Paulo Grand Prix,25.0,HUL,64.107
São Paulo Grand Prix,25.0,RIC,108.663
São Paulo Grand Prix,25.0,PIA,134.216
São Paulo Grand Prix,25.0,RUS,41.306
São Paulo Grand Prix,25.0,BOT,46.104
São Paulo Grand Prix,26.0,VER,0.0
São Paulo Grand Prix,26.0,NOR,3.515
São Paulo Grand Prix,26.0,ALO,31.183
São Paulo Grand Prix,26.0,PER,35.378
São Paulo Grand Prix,26.0,STR,39.247
São Paulo Grand Prix,26.0,SAI,28.751
São Paulo Grand Prix,26.0,GAS,31.951
São Paulo Grand Prix,26.0,HAM,39.379
São Paulo Grand Prix,26.0,TSU,33.907
São Paulo Grand Prix,26.0,OCO,44.625
São Paulo Grand Prix,26.0,SAR,48.45
São Paulo Grand Prix,26.0,HUL,64.954
São Paulo Grand Prix,26.0,RIC,112.819
São Paulo Grand Prix,26.0,PIA,134.149
São Paulo Grand Prix,26.0,RUS,41.366
São Paulo Grand Prix,26.0,BOT,46.297
São Paulo Grand Prix,27.0,VER,0.0
São Paulo Grand Prix,27.0,NOR,4.069
São Paulo Grand Prix,27.0,ALO,27.25
São Paulo Grand Prix,27.0,PER,30.576999999999998
São Paulo Grand Prix,27.0,STR,34.862
São Paulo Grand Prix,27.0,SAI,41.339
São Paulo Grand Prix,27.0,GAS,46.863
São Paulo Grand Prix,27.0,HAM,36.156
São Paulo Grand Prix,27.0,TSU,51.897
São Paulo Grand Prix,27.0,OCO,41.101
São Paulo Grand Prix,27.0,SAR,44.834
São Paulo Grand Prix,27.0,HUL,60.871
São Paulo Grand Prix,27.0,RIC,128.523
São Paulo Grand Prix,27.0,PIA,130.155
São Paulo Grand Prix,27.0,RUS,36.73
São Paulo Grand Prix,27.0,BOT,43.114
São Paulo Grand Prix,28.0,VER,0.0
São Paulo Grand Prix,28.0,NOR,5.22
São Paulo Grand Prix,28.0,ALO,10.651
São Paulo Grand Prix,28.0,PER,13.43
São Paulo Grand Prix,28.0,STR,18.099
São Paulo Grand Prix,28.0,SAI,23.937
São Paulo Grand Prix,28.0,GAS,29.277
São Paulo Grand Prix,28.0,HAM,19.82
São Paulo Grand Prix,28.0,TSU,35.229
São Paulo Grand Prix,28.0,OCO,25.732
São Paulo Grand Prix,28.0,SAR,28.691
São Paulo Grand Prix,28.0,HUL,44.089
São Paulo Grand Prix,28.0,RIC,111.559
São Paulo Grand Prix,28.0,PIA,113.623
São Paulo Grand Prix,28.0,RUS,20.191
São Paulo Grand Prix,28.0,BOT,27.424
São Paulo Grand Prix,29.0,VER,0.0
São Paulo Grand Prix,29.0,NOR,5.198
São Paulo Grand Prix,29.0,ALO,11.066
São Paulo Grand Prix,29.0,PER,13.559
São Paulo Grand Prix,29.0,STR,18.315
São Paulo Grand Prix,29.0,SAI,24.06
São Paulo Grand Prix,29.0,GAS,29.972
São Paulo Grand Prix,29.0,HAM,20.314
São Paulo Grand Prix,29.0,TSU,35.115
São Paulo Grand Prix,29.0,OCO,27.249
São Paulo Grand Prix,29.0,SAR,29.979
São Paulo Grand Prix,29.0,HUL,44.194
São Paulo Grand Prix,29.0,RIC,111.494
São Paulo Grand Prix,29.0,PIA,113.769
São Paulo Grand Prix,29.0,RUS,20.783
São Paulo Grand Prix,29.0,BOT,28.632
São Paulo Grand Prix,30.0,VER,0.0
São Paulo Grand Prix,30.0,NOR,5.599
São Paulo Grand Prix,30.0,ALO,11.326
São Paulo Grand Prix,30.0,PER,13.608
São Paulo Grand Prix,30.0,STR,18.429
São Paulo Grand Prix,30.0,SAI,24.019
São Paulo Grand Prix,30.0,GAS,29.775
São Paulo Grand Prix,30.0,HAM,20.789
São Paulo Grand Prix,30.0,TSU,35.032
São Paulo Grand Prix,30.0,OCO,28.614
São Paulo Grand Prix,30.0,SAR,31.655
São Paulo Grand Prix,30.0,HUL,44.561
São Paulo Grand Prix,30.0,RIC,111.102
São Paulo Grand Prix,30.0,PIA,113.65
São Paulo Grand Prix,30.0,RUS,21.278
São Paulo Grand Prix,30.0,BOT,29.382
São Paulo Grand Prix,31.0,VER,0.0
São Paulo Grand Prix,31.0,NOR,5.365
São Paulo Grand Prix,31.0,ALO,11.634
São Paulo Grand Prix,31.0,PER,13.599
São Paulo Grand Prix,31.0,STR,18.547
São Paulo Grand Prix,31.0,SAI,23.822
São Paulo Grand Prix,31.0,GAS,30.15
São Paulo Grand Prix,31.0,HAM,21.181
São Paulo Grand Prix,31.0,TSU,34.922
São Paulo Grand Prix,31.0,OCO,33.411
São Paulo Grand Prix,31.0,SAR,32.819
São Paulo Grand Prix,31.0,HUL,45.137
São Paulo Grand Prix,31.0,RIC,111.345
São Paulo Grand Prix,31.0,PIA,113.421
São Paulo Grand Prix,31.0,RUS,21.789
São Paulo Grand Prix,31.0,BOT,30.097
São Paulo Grand Prix,32.0,VER,0.0
São Paulo Grand Prix,32.0,NOR,5.259
São Paulo Grand Prix,32.0,ALO,12.223
São Paulo Grand Prix,32.0,PER,13.919
São Paulo Grand Prix,32.0,STR,19.201
São Paulo Grand Prix,32.0,SAI,23.883
São Paulo Grand Prix,32.0,GAS,30.341
São Paulo Grand Prix,32.0,HAM,21.819
São Paulo Grand Prix,32.0,TSU,35.096
São Paulo Grand Prix,32.0,OCO,52.61
São Paulo Grand Prix,32.0,SAR,34.405
São Paulo Grand Prix,32.0,HUL,46.541
São Paulo Grand Prix,32.0,RIC,112.033
São Paulo Grand Prix,32.0,PIA,113.848
São Paulo Grand Prix,32.0,RUS,22.511
São Paulo Grand Prix,32.0,BOT,32.255
São Paulo Grand Prix,33.0,VER,0.0
São Paulo Grand Prix,33.0,NOR,5.351
São Paulo Grand Prix,33.0,ALO,12.885
São Paulo Grand Prix,33.0,PER,14.386
São Paulo Grand Prix,33.0,STR,19.87
São Paulo Grand Prix,33.0,SAI,24.347
São Paulo Grand Prix,33.0,GAS,30.61
São Paulo Grand Prix,33.0,HAM,22.734
São Paulo Grand Prix,33.0,TSU,36.035
São Paulo Grand Prix,33.0,OCO,52.878
São Paulo Grand Prix,33.0,SAR,35.879
São Paulo Grand Prix,33.0,HUL,48.252
São Paulo Grand Prix,33.0,RIC,113.473
São Paulo Grand Prix,33.0,PIA,114.33
São Paulo Grand Prix,33.0,RUS,23.77
São Paulo Grand Prix,33.0,BOT,33.934
São Paulo Grand Prix,34.0,VER,0.0
São Paulo Grand Prix,34.0,NOR,5.289
São Paulo Grand Prix,34.0,ALO,13.619
São Paulo Grand Prix,34.0,PER,15.003
São Paulo Grand Prix,34.0,STR,20.89
São Paulo Grand Prix,34.0,SAI,25.281
São Paulo Grand Prix,34.0,GAS,31.174
São Paulo Grand Prix,34.0,HAM,24.001
São Paulo Grand Prix,34.0,TSU,37.008
São Paulo Grand Prix,34.0,OCO,53.128
São Paulo Grand Prix,34.0,SAR,38.322
São Paulo Grand Prix,34.0,HUL,49.6
São Paulo Grand Prix,34.0,RIC,113.894
São Paulo Grand Prix,34.0,PIA,115.707
São Paulo Grand Prix,34.0,RUS,25.291
São Paulo Grand Prix,34.0,BOT,35.759
São Paulo Grand Prix,35.0,VER,0.0
São Paulo Grand Prix,35.0,NOR,5.117
São Paulo Grand Prix,35.0,ALO,14.183
São Paulo Grand Prix,35.0,PER,15.373
São Paulo Grand Prix,35.0,STR,21.463
São Paulo Grand Prix,35.0,SAI,26.037
São Paulo Grand Prix,35.0,GAS,31.747
São Paulo Grand Prix,35.0,HAM,24.99
São Paulo Grand Prix,35.0,TSU,38.018
São Paulo Grand Prix,35.0,OCO,53.374
São Paulo Grand Prix,35.0,SAR,40.868
São Paulo Grand Prix,35.0,HUL,50.808
São Paulo Grand Prix,35.0,RIC,115.373
São Paulo Grand Prix,35.0,PIA,116.729
São Paulo Grand Prix,35.0,RUS,27.404
São Paulo Grand Prix,35.0,BOT,37.624
São Paulo Grand Prix,36.0,VER,0.0
São Paulo Grand Prix,36.0,NOR,4.837
São Paulo Grand Prix,36.0,ALO,15.002
São Paulo Grand Prix,36.0,PER,16.244
São Paulo Grand Prix,36.0,STR,21.903
São Paulo Grand Prix,36.0,SAI,26.515
São Paulo Grand Prix,36.0,GAS,32.332
São Paulo Grand Prix,36.0,HAM,26.148
São Paulo Grand Prix,36.0,TSU,38.557
São Paulo Grand Prix,36.0,OCO,53.787
São Paulo Grand Prix,36.0,SAR,42.935
São Paulo Grand Prix,36.0,HUL,52.464
São Paulo Grand Prix,36.0,RIC,115.736
São Paulo Grand Prix,36.0,PIA,117.918
São Paulo Grand Prix,36.0,RUS,29.11
São Paulo Grand Prix,36.0,BOT,40.378
São Paulo Grand Prix,37.0,VER,0.0
São Paulo Grand Prix,37.0,NOR,5.082
São Paulo Grand Prix,37.0,ALO,16.021
São Paulo Grand Prix,37.0,PER,17.624
São Paulo Grand Prix,37.0,STR,23.151
São Paulo Grand Prix,37.0,SAI,27.781
São Paulo Grand Prix,37.0,GAS,33.611
São Paulo Grand Prix,37.0,HAM,29.01
São Paulo Grand Prix,37.0,TSU,39.56
São Paulo Grand Prix,37.0,OCO,54.935
São Paulo Grand Prix,37.0,SAR,45.25
São Paulo Grand Prix,37.0,HUL,54.618
São Paulo Grand Prix,37.0,RIC,116.684
São Paulo Grand Prix,37.0,PIA,119.284
São Paulo Grand Prix,37.0,RUS,31.17
São Paulo Grand Prix,37.0,BOT,43.311
São Paulo Grand Prix,38.0,VER,0.0
São Paulo Grand Prix,38.0,NOR,5.068
São Paulo Grand Prix,38.0,ALO,17.016
São Paulo Grand Prix,38.0,PER,18.698
São Paulo Grand Prix,38.0,STR,24.019
São Paulo Grand Prix,38.0,SAI,28.804
São Paulo Grand Prix,38.0,GAS,34.659
São Paulo Grand Prix,38.0,HAM,30.383
São Paulo Grand Prix,38.0,TSU,40.432
São Paulo Grand Prix,38.0,OCO,55.883
São Paulo Grand Prix,38.0,SAR,47.688
São Paulo Grand Prix,38.0,HUL,58.621
São Paulo Grand Prix,38.0,RIC,117.569
São Paulo Grand Prix,38.0,PIA,120.405
São Paulo Grand Prix,38.0,RUS,32.86
São Paulo Grand Prix,38.0,BOT,46.233
São Paulo Grand Prix,39.0,VER,0.0
São Paulo Grand Prix,39.0,NOR,5.165
São Paulo Grand Prix,39.0,ALO,18.057
São Paulo Grand Prix,39.0,PER,19.85
São Paulo Grand Prix,39.0,STR,25.221
São Paulo Grand Prix,39.0,SAI,29.792
São Paulo Grand Prix,39.0,GAS,36.131
São Paulo Grand Prix,39.0,HAM,32.025
São Paulo Grand Prix,39.0,TSU,41.465
São Paulo Grand Prix,39.0,OCO,56.679
São Paulo Grand Prix,39.0,SAR,49.954
São Paulo Grand Prix,39.0,HUL,61.326
São Paulo Grand Prix,39.0,RIC,118.689
São Paulo Grand Prix,39.0,PIA,121.53
São Paulo Grand Prix,39.0,RUS,34.56
São Paulo Grand Prix,39.0,BOT,54.554
São Paulo Grand Prix,40.0,VER,0.0
São Paulo Grand Prix,40.0,NOR,5.22
São Paulo Grand Prix,40.0,ALO,18.909
São Paulo Grand Prix,40.0,PER,21.047
São Paulo Grand Prix,40.0,STR,25.993
São Paulo Grand Prix,40.0,SAI,30.436
São Paulo Grand Prix,40.0,GAS,37.298
São Paulo Grand Prix,40.0,HAM,33.17
São Paulo Grand Prix,40.0,TSU,42.258
São Paulo Grand Prix,40.0,OCO,57.311
São Paulo Grand Prix,40.0,SAR,51.64
São Paulo Grand Prix,40.0,HUL,63.385
São Paulo Grand Prix,40.0,RIC,119.411
São Paulo Grand Prix,40.0,PIA,122.897
São Paulo Grand Prix,40.0,RUS,36.248
São Paulo Grand Prix,41.0,VER,0.0
São Paulo Grand Prix,41.0,NOR,5.292
São Paulo Grand Prix,41.0,ALO,19.69
São Paulo Grand Prix,41.0,PER,21.77
São Paulo Grand Prix,41.0,STR,26.582
São Paulo Grand Prix,41.0,SAI,31.051
São Paulo Grand Prix,41.0,GAS,38.458
São Paulo Grand Prix,41.0,HAM,34.204
São Paulo Grand Prix,41.0,TSU,42.991
São Paulo Grand Prix,41.0,OCO,57.797
São Paulo Grand Prix,41.0,SAR,53.194
São Paulo Grand Prix,41.0,HUL,65.064
São Paulo Grand Prix,41.0,RIC,119.906
São Paulo Grand Prix,41.0,PIA,123.74
São Paulo Grand Prix,41.0,RUS,37.602
São Paulo Grand Prix,42.0,VER,0.0
São Paulo Grand Prix,42.0,NOR,5.592
São Paulo Grand Prix,42.0,ALO,20.75
São Paulo Grand Prix,42.0,PER,22.606
São Paulo Grand Prix,42.0,STR,27.565
São Paulo Grand Prix,42.0,SAI,32.016
São Paulo Grand Prix,42.0,GAS,39.519
São Paulo Grand Prix,42.0,HAM,35.428
São Paulo Grand Prix,42.0,TSU,43.641
São Paulo Grand Prix,42.0,OCO,58.627
São Paulo Grand Prix,42.0,SAR,55.039
São Paulo Grand Prix,42.0,HUL,66.683
São Paulo Grand Prix,42.0,RIC,121.263
São Paulo Grand Prix,42.0,PIA,124.893
São Paulo Grand Prix,42.0,RUS,39.4
São Paulo Grand Prix,43.0,VER,0.0
São Paulo Grand Prix,43.0,NOR,5.739
São Paulo Grand Prix,43.0,ALO,21.471
São Paulo Grand Prix,43.0,PER,23.862
São Paulo Grand Prix,43.0,STR,28.779
São Paulo Grand Prix,43.0,SAI,33.162
São Paulo Grand Prix,43.0,GAS,41.097
São Paulo Grand Prix,43.0,HAM,36.916
São Paulo Grand Prix,43.0,TSU,44.829
São Paulo Grand Prix,43.0,OCO,59.827
São Paulo Grand Prix,43.0,SAR,57.612
São Paulo Grand Prix,43.0,HUL,68.427
São Paulo Grand Prix,43.0,RIC,122.992
São Paulo Grand Prix,43.0,PIA,126.549
São Paulo Grand Prix,43.0,RUS,42.088
São Paulo Grand Prix,44.0,VER,0.0
São Paulo Grand Prix,44.0,NOR,6.039
São Paulo Grand Prix,44.0,ALO,21.987
São Paulo Grand Prix,44.0,PER,24.911
São Paulo Grand Prix,44.0,STR,30.019
São Paulo Grand Prix,44.0,SAI,34.387
São Paulo Grand Prix,44.0,GAS,42.807
São Paulo Grand Prix,44.0,HAM,38.821
São Paulo Grand Prix,44.0,TSU,45.687
São Paulo Grand Prix,44.0,OCO,60.683
São Paulo Grand Prix,44.0,SAR,64.287
São Paulo Grand Prix,44.0,HUL,70.031
São Paulo Grand Prix,44.0,RIC,124.405
São Paulo Grand Prix,44.0,PIA,127.607
São Paulo Grand Prix,44.0,RUS,44.19
São Paulo Grand Prix,45.0,VER,0.0
São Paulo Grand Prix,45.0,NOR,6.219
São Paulo Grand Prix,45.0,ALO,22.428
São Paulo Grand Prix,45.0,PER,25.76
São Paulo Grand Prix,45.0,STR,31.029
São Paulo Grand Prix,45.0,SAI,35.442
São Paulo Grand Prix,45.0,GAS,43.955
São Paulo Grand Prix,45.0,HAM,40.325
São Paulo Grand Prix,45.0,TSU,46.641
São Paulo Grand Prix,45.0,OCO,61.596
São Paulo Grand Prix,45.0,SAR,83.493
São Paulo Grand Prix,45.0,HUL,71.944
São Paulo Grand Prix,45.0,RIC,125.034
São Paulo Grand Prix,45.0,PIA,128.588
São Paulo Grand Prix,45.0,RUS,49.902
São Paulo Grand Prix,46.0,VER,0.0
São Paulo Grand Prix,46.0,NOR,6.475
São Paulo Grand Prix,46.0,ALO,22.839
São Paulo Grand Prix,46.0,PER,30.665
São Paulo Grand Prix,46.0,STR,31.891
São Paulo Grand Prix,46.0,SAI,36.634
São Paulo Grand Prix,46.0,GAS,49.19
São Paulo Grand Prix,46.0,HAM,45.488
São Paulo Grand Prix,46.0,TSU,47.614
São Paulo Grand Prix,46.0,OCO,62.486
São Paulo Grand Prix,46.0,SAR,84.281
São Paulo Grand Prix,46.0,HUL,77.344
São Paulo Grand Prix,46.0,RIC,125.98
São Paulo Grand Prix,46.0,PIA,129.914
São Paulo Grand Prix,46.0,RUS,68.726
São Paulo Grand Prix,47.0,VER,0.0
São Paulo Grand Prix,47.0,NOR,6.6850000000000005
São Paulo Grand Prix,47.0,ALO,27.24
São Paulo Grand Prix,47.0,PER,48.642
São Paulo Grand Prix,47.0,STR,32.787
São Paulo Grand Prix,47.0,SAI,37.519
São Paulo Grand Prix,47.0,GAS,66.03
São Paulo Grand Prix,47.0,HAM,63.655
São Paulo Grand Prix,47.0,TSU,48.556
São Paulo Grand Prix,47.0,OCO,63.474
São Paulo Grand Prix,47.0,SAR,84.97
São Paulo Grand Prix,47.0,HUL,97.501
São Paulo Grand Prix,47.0,RIC,126.757
São Paulo Grand Prix,47.0,PIA,130.858
São Paulo Grand Prix,47.0,RUS,69.898
São Paulo Grand Prix,48.0,VER,0.0
São Paulo Grand Prix,48.0,NOR,6.657
São Paulo Grand Prix,48.0,ALO,45.042
São Paulo Grand Prix,48.0,PER,48.342
São Paulo Grand Prix,48.0,STR,33.412
São Paulo Grand Prix,48.0,SAI,38.286
São Paulo Grand Prix,48.0,GAS,65.027
São Paulo Grand Prix,48.0,HAM,63.889
São Paulo Grand Prix,48.0,TSU,49.847
São Paulo Grand Prix,48.0,OCO,65.19
São Paulo Grand Prix,48.0,SAR,85.254
São Paulo Grand Prix,48.0,HUL,98.968
São Paulo Grand Prix,48.0,RIC,127.439
São Paulo Grand Prix,48.0,PIA,131.8
São Paulo Grand Prix,48.0,RUS,70.747
São Paulo Grand Prix,49.0,VER,0.0
São Paulo Grand Prix,49.0,NOR,6.87
São Paulo Grand Prix,49.0,ALO,45.182
São Paulo Grand Prix,49.0,PER,47.877
São Paulo Grand Prix,49.0,STR,34.168
São Paulo Grand Prix,49.0,SAI,39.01
São Paulo Grand Prix,49.0,GAS,64.288
São Paulo Grand Prix,49.0,HAM,64.268
São Paulo Grand Prix,49.0,TSU,50.819
São Paulo Grand Prix,49.0,OCO,66.592
São Paulo Grand Prix,49.0,SAR,85.8
São Paulo Grand Prix,49.0,HUL,100.418
São Paulo Grand Prix,49.0,RIC,127.846
São Paulo Grand Prix,49.0,PIA,132.603
São Paulo Grand Prix,49.0,RUS,71.618
São Paulo Grand Prix,50.0,VER,0.0
São Paulo Grand Prix,50.0,NOR,7.13
São Paulo Grand Prix,50.0,ALO,45.529
São Paulo Grand Prix,50.0,PER,47.781
São Paulo Grand Prix,50.0,STR,34.675
São Paulo Grand Prix,50.0,SAI,39.571
São Paulo Grand Prix,50.0,GAS,63.821
São Paulo Grand Prix,50.0,HAM,64.777
São Paulo Grand Prix,50.0,TSU,51.745
São Paulo Grand Prix,50.0,OCO,67.71
São Paulo Grand Prix,50.0,SAR,86.517
São Paulo Grand Prix,50.0,HUL,101.504
São Paulo Grand Prix,50.0,RIC,128.536
São Paulo Grand Prix,50.0,PIA,133.582
São Paulo Grand Prix,50.0,RUS,72.606
São Paulo Grand Prix,51.0,VER,0.0
São Paulo Grand Prix,51.0,NOR,7.509
São Paulo Grand Prix,51.0,ALO,45.479
São Paulo Grand Prix,51.0,PER,47.119
São Paulo Grand Prix,51.0,STR,35.677
São Paulo Grand Prix,51.0,SAI,44.472
São Paulo Grand Prix,51.0,GAS,63.495
São Paulo Grand Prix,51.0,HAM,65.101
São Paulo Grand Prix,51.0,TSU,52.399
São Paulo Grand Prix,51.0,OCO,72.329
São Paulo Grand Prix,51.0,SAR,86.815
São Paulo Grand Prix,51.0,HUL,102.63
São Paulo Grand Prix,51.0,RIC,129.043
São Paulo Grand Prix,51.0,PIA,134.246
São Paulo Grand Prix,51.0,RUS,73.102
São Paulo Grand Prix,52.0,VER,0.0
São Paulo Grand Prix,52.0,NOR,7.533
São Paulo Grand Prix,52.0,ALO,45.434
São Paulo Grand Prix,52.0,PER,46.478
São Paulo Grand Prix,52.0,STR,40.003
São Paulo Grand Prix,52.0,SAI,61.41
São Paulo Grand Prix,52.0,GAS,63.141
São Paulo Grand Prix,52.0,HAM,65.407
São Paulo Grand Prix,52.0,TSU,53.025
São Paulo Grand Prix,52.0,OCO,88.977
São Paulo Grand Prix,52.0,SAR,87.22
São Paulo Grand Prix,52.0,HUL,103.469
São Paulo Grand Prix,52.0,RIC,129.74
São Paulo Grand Prix,52.0,PIA,141.702
São Paulo Grand Prix,52.0,RUS,73.345
São Paulo Grand Prix,53.0,VER,0.0
São Paulo Grand Prix,53.0,NOR,7.55
São Paulo Grand Prix,53.0,ALO,44.924
São Paulo Grand Prix,53.0,PER,45.931
São Paulo Grand Prix,53.0,STR,58.834
São Paulo Grand Prix,53.0,SAI,61.112
São Paulo Grand Prix,53.0,GAS,62.866
São Paulo Grand Prix,53.0,HAM,65.517
São Paulo Grand Prix,53.0,TSU,53.772
São Paulo Grand Prix,53.0,OCO,87.877
São Paulo Grand Prix,53.0,SAR,87.792
São Paulo Grand Prix,53.0,HUL,104.554
São Paulo Grand Prix,53.0,RIC,130.389
São Paulo Grand Prix,53.0,PIA,160.158
São Paulo Grand Prix,53.0,RUS,73.517
São Paulo Grand Prix,54.0,VER,0.0
São Paulo Grand Prix,54.0,NOR,7.675
São Paulo Grand Prix,54.0,ALO,43.978
São Paulo Grand Prix,54.0,PER,45.02
São Paulo Grand Prix,54.0,STR,57.854
São Paulo Grand Prix,54.0,SAI,60.793
São Paulo Grand Prix,54.0,GAS,62.542
São Paulo Grand Prix,54.0,HAM,65.334
São Paulo Grand Prix,54.0,TSU,54.535
São Paulo Grand Prix,54.0,OCO,87.009
São Paulo Grand Prix,54.0,SAR,89.206
São Paulo Grand Prix,54.0,HUL,104.887
São Paulo Grand Prix,54.0,RIC,131.252
São Paulo Grand Prix,54.0,PIA,160.346
São Paulo Grand Prix,54.0,RUS,73.192
São Paulo Grand Prix,55.0,VER,0.0
São Paulo Grand Prix,55.0,NOR,7.797
São Paulo Grand Prix,55.0,ALO,43.152
São Paulo Grand Prix,55.0,PER,43.623
São Paulo Grand Prix,55.0,STR,57.481
São Paulo Grand Prix,55.0,SAI,60.465
São Paulo Grand Prix,55.0,GAS,62.327
São Paulo Grand Prix,55.0,HAM,64.983
São Paulo Grand Prix,55.0,TSU,58.823
São Paulo Grand Prix,55.0,OCO,86.298
São Paulo Grand Prix,55.0,SAR,89.971
São Paulo Grand Prix,55.0,HUL,105.371
São Paulo Grand Prix,55.0,RIC,134.968
São Paulo Grand Prix,55.0,PIA,159.776
São Paulo Grand Prix,55.0,RUS,72.605
São Paulo Grand Prix,56.0,VER,0.0
São Paulo Grand Prix,56.0,NOR,4.197
São Paulo Grand Prix,56.0,ALO,38.608
São Paulo Grand Prix,56.0,PER,39.27
São Paulo Grand Prix,56.0,STR,52.901
São Paulo Grand Prix,56.0,SAI,56.304
São Paulo Grand Prix,56.0,GAS,58.343
São Paulo Grand Prix,56.0,HAM,60.987
São Paulo Grand Prix,56.0,TSU,73.817
São Paulo Grand Prix,56.0,OCO,81.996
São Paulo Grand Prix,56.0,SAR,86.631
São Paulo Grand Prix,56.0,HUL,101.872
São Paulo Grand Prix,56.0,RIC,149.874
São Paulo Grand Prix,56.0,PIA,156.4
São Paulo Grand Prix,56.0,RUS,68.424
São Paulo Grand Prix,57.0,VER,11.492
São Paulo Grand Prix,57.0,NOR,0.0
São Paulo Grand Prix,57.0,ALO,33.476
São Paulo Grand Prix,57.0,PER,34.13
São Paulo Grand Prix,57.0,STR,47.721
São Paulo Grand Prix,57.0,SAI,51.089
São Paulo Grand Prix,57.0,GAS,53.576
São Paulo Grand Prix,57.0,HAM,56.192
São Paulo Grand Prix,57.0,TSU,69.493
São Paulo Grand Prix,57.0,OCO,77.461
São Paulo Grand Prix,57.0,SAR,82.858
São Paulo Grand Prix,57.0,HUL,97.557
São Paulo Grand Prix,57.0,RIC,145.371
São Paulo Grand Prix,57.0,PIA,154.225
São Paulo Grand Prix,57.0,RUS,92.728
São Paulo Grand Prix,58.0,VER,9.723
São Paulo Grand Prix,58.0,NOR,0.0
São Paulo Grand Prix,58.0,ALO,32.186
São Paulo Grand Prix,58.0,PER,32.677
São Paulo Grand Prix,58.0,STR,46.43
São Paulo Grand Prix,58.0,SAI,49.963
São Paulo Grand Prix,58.0,GAS,52.68
São Paulo Grand Prix,58.0,HAM,55.284
São Paulo Grand Prix,58.0,TSU,68.884
São Paulo Grand Prix,58.0,OCO,76.92
São Paulo Grand Prix,58.0,SAR,83.558
São Paulo Grand Prix,58.0,HUL,97.383
São Paulo Grand Prix,58.0,RIC,144.548
São Paulo Grand Prix,58.0,PIA,152.945
São Paulo Grand Prix,59.0,VER,4.016
São Paulo Grand Prix,59.0,NOR,0.0
São Paulo Grand Prix,59.0,ALO,27.067
São Paulo Grand Prix,59.0,PER,27.424
São Paulo Grand Prix,59.0,STR,40.764
São Paulo Grand Prix,59.0,SAI,44.573
São Paulo Grand Prix,59.0,GAS,47.678
São Paulo Grand Prix,59.0,HAM,50.227
São Paulo Grand Prix,59.0,TSU,64.151
São Paulo Grand Prix,59.0,OCO,71.7
São Paulo Grand Prix,59.0,SAR,80.181
São Paulo Grand Prix,59.0,HUL,93.93
São Paulo Grand Prix,59.0,RIC,139.54
São Paulo Grand Prix,59.0,PIA,147.551
São Paulo Grand Prix,60.0,VER,0.0
São Paulo Grand Prix,60.0,NOR,13.428
São Paulo Grand Prix,60.0,ALO,23.785
São Paulo Grand Prix,60.0,PER,24.269
São Paulo Grand Prix,60.0,STR,36.892
São Paulo Grand Prix,60.0,SAI,40.861
São Paulo Grand Prix,60.0,GAS,44.015
São Paulo Grand Prix,60.0,HAM,47.119
São Paulo Grand Prix,60.0,TSU,60.659
São Paulo Grand Prix,60.0,OCO,68.575
São Paulo Grand Prix,60.0,SAR,77.917
São Paulo Grand Prix,60.0,HUL,90.901
São Paulo Grand Prix,60.0,RIC,135.983
São Paulo Grand Prix,60.0,PIA,143.895
São Paulo Grand Prix,61.0,VER,0.0
São Paulo Grand Prix,61.0,NOR,11.33
São Paulo Grand Prix,61.0,ALO,24.113
São Paulo Grand Prix,61.0,PER,24.733
São Paulo Grand Prix,61.0,STR,36.785
São Paulo Grand Prix,61.0,SAI,40.948
São Paulo Grand Prix,61.0,GAS,44.158
São Paulo Grand Prix,61.0,HAM,47.834
São Paulo Grand Prix,61.0,TSU,60.739
São Paulo Grand Prix,61.0,OCO,68.916
São Paulo Grand Prix,61.0,SAR,79.152
São Paulo Grand Prix,61.0,HUL,91.674
São Paulo Grand Prix,61.0,RIC,136.187
São Paulo Grand Prix,61.0,PIA,144.102
São Paulo Grand Prix,62.0,VER,0.0
São Paulo Grand Prix,62.0,NOR,10.628
São Paulo Grand Prix,62.0,ALO,24.275
São Paulo Grand Prix,62.0,PER,24.992
São Paulo Grand Prix,62.0,STR,36.613
São Paulo Grand Prix,62.0,SAI,41.017
São Paulo Grand Prix,62.0,GAS,44.317
São Paulo Grand Prix,62.0,HAM,48.68
São Paulo Grand Prix,62.0,TSU,60.593
São Paulo Grand Prix,62.0,OCO,69.451
São Paulo Grand Prix,62.0,SAR,80.582
São Paulo Grand Prix,62.0,HUL,92.474
São Paulo Grand Prix,62.0,RIC,135.804
São Paulo Grand Prix,62.0,PIA,143.932
São Paulo Grand Prix,63.0,VER,0.0
São Paulo Grand Prix,63.0,NOR,9.646
São Paulo Grand Prix,63.0,ALO,24.578
São Paulo Grand Prix,63.0,PER,25.281
São Paulo Grand Prix,63.0,STR,36.546
São Paulo Grand Prix,63.0,SAI,41.344
São Paulo Grand Prix,63.0,GAS,44.622
São Paulo Grand Prix,63.0,HAM,49.462
São Paulo Grand Prix,63.0,TSU,60.734
São Paulo Grand Prix,63.0,OCO,70.862
São Paulo Grand Prix,63.0,SAR,82.022
São Paulo Grand Prix,63.0,HUL,93.303
São Paulo Grand Prix,63.0,RIC,135.495
São Paulo Grand Prix,63.0,PIA,144.198
São Paulo Grand Prix,64.0,VER,0.0
São Paulo Grand Prix,64.0,NOR,9.221
São Paulo Grand Prix,64.0,ALO,25.002
São Paulo Grand Prix,64.0,PER,25.537
São Paulo Grand Prix,64.0,STR,36.538
São Paulo Grand Prix,64.0,SAI,41.95
São Paulo Grand Prix,64.0,GAS,45.429
São Paulo Grand Prix,64.0,HAM,50.539
São Paulo Grand Prix,64.0,TSU,60.872
São Paulo Grand Prix,64.0,OCO,71.901
São Paulo Grand Prix,64.0,SAR,85.513
São Paulo Grand Prix,64.0,HUL,94.614
São Paulo Grand Prix,64.0,RIC,136.248
São Paulo Grand Prix,64.0,PIA,144.498
São Paulo Grand Prix,65.0,VER,0.0
São Paulo Grand Prix,65.0,NOR,8.881
São Paulo Grand Prix,65.0,ALO,25.587
São Paulo Grand Prix,65.0,PER,26.278
São Paulo Grand Prix,65.0,STR,36.753
São Paulo Grand Prix,65.0,SAI,42.761
São Paulo Grand Prix,65.0,GAS,46.351
São Paulo Grand Prix,65.0,HAM,51.868
São Paulo Grand Prix,65.0,TSU,61.943
São Paulo Grand Prix,65.0,OCO,73.859
São Paulo Grand Prix,65.0,SAR,87.723
São Paulo Grand Prix,65.0,HUL,95.796
São Paulo Grand Prix,65.0,RIC,137.145
São Paulo Grand Prix,65.0,PIA,144.873
São Paulo Grand Prix,66.0,VER,0.0
São Paulo Grand Prix,66.0,NOR,8.488
São Paulo Grand Prix,66.0,ALO,26.377
São Paulo Grand Prix,66.0,PER,26.951999999999998
São Paulo Grand Prix,66.0,STR,37.353
São Paulo Grand Prix,66.0,SAI,43.777
São Paulo Grand Prix,66.0,GAS,47.602
São Paulo Grand Prix,66.0,HAM,53.225
São Paulo Grand Prix,66.0,TSU,63.213
São Paulo Grand Prix,66.0,OCO,75.916
São Paulo Grand Prix,66.0,SAR,90.434
São Paulo Grand Prix,66.0,HUL,97.066
São Paulo Grand Prix,66.0,RIC,138.369
São Paulo Grand Prix,66.0,PIA,145.417
São Paulo Grand Prix,67.0,VER,0.0
São Paulo Grand Prix,67.0,NOR,8.281
São Paulo Grand Prix,67.0,ALO,27.373
São Paulo Grand Prix,67.0,PER,28.134
São Paulo Grand Prix,67.0,STR,37.83
São Paulo Grand Prix,67.0,SAI,45.058
São Paulo Grand Prix,67.0,GAS,49.039
São Paulo Grand Prix,67.0,HAM,55.11
São Paulo Grand Prix,67.0,TSU,64.567
São Paulo Grand Prix,67.0,OCO,77.769
São Paulo Grand Prix,67.0,SAR,93.237
São Paulo Grand Prix,67.0,HUL,98.879
São Paulo Grand Prix,67.0,RIC,142.772
São Paulo Grand Prix,67.0,PIA,149.411
São Paulo Grand Prix,68.0,VER,0.0
São Paulo Grand Prix,68.0,NOR,8.445
São Paulo Grand Prix,68.0,ALO,28.894
São Paulo Grand Prix,68.0,PER,29.411
São Paulo Grand Prix,68.0,STR,38.804
São Paulo Grand Prix,68.0,SAI,46.549
São Paulo Grand Prix,68.0,GAS,50.864
São Paulo Grand Prix,68.0,HAM,57.153
São Paulo Grand Prix,68.0,TSU,66.168
São Paulo Grand Prix,68.0,OCO,79.584
São Paulo Grand Prix,68.0,SAR,95.906
São Paulo Grand Prix,68.0,HUL,100.619
São Paulo Grand Prix,68.0,RIC,143.216
São Paulo Grand Prix,68.0,PIA,150.434
São Paulo Grand Prix,69.0,VER,0.0
São Paulo Grand Prix,69.0,NOR,8.073
São Paulo Grand Prix,69.0,ALO,29.846
São Paulo Grand Prix,69.0,PER,30.12
São Paulo Grand Prix,69.0,STR,39.083
São Paulo Grand Prix,69.0,SAI,47.467
São Paulo Grand Prix,69.0,GAS,51.9
São Paulo Grand Prix,69.0,HAM,58.576
São Paulo Grand Prix,69.0,TSU,67.133
São Paulo Grand Prix,69.0,OCO,80.73
São Paulo Grand Prix,69.0,SAR,97.751
São Paulo Grand Prix,69.0,HUL,101.868
São Paulo Grand Prix,69.0,RIC,143.172
São Paulo Grand Prix,69.0,PIA,151.174
São Paulo Grand Prix,70.0,VER,0.0
São Paulo Grand Prix,70.0,NOR,7.967
São Paulo Grand Prix,70.0,ALO,32.642
São Paulo Grand Prix,70.0,PER,32.204
São Paulo Grand Prix,70.0,STR,40.023
São Paulo Grand Prix,70.0,SAI,48.774
São Paulo Grand Prix,70.0,GAS,53.445
São Paulo Grand Prix,70.0,HAM,60.709
São Paulo Grand Prix,70.0,TSU,68.684
São Paulo Grand Prix,70.0,OCO,83.776
São Paulo Grand Prix,70.0,SAR,100.143
São Paulo Grand Prix,70.0,HUL,103.895
São Paulo Grand Prix,70.0,RIC,143.93
São Paulo Grand Prix,71.0,VER,0.0
São Paulo Grand Prix,71.0,NOR,8.277
São Paulo Grand Prix,71.0,ALO,34.155
São Paulo Grand Prix,71.0,PER,34.208
São Paulo Grand Prix,71.0,STR,40.845
São Paulo Grand Prix,71.0,SAI,50.188
São Paulo Grand Prix,71.0,GAS,56.093
São Paulo Grand Prix,71.0,HAM,62.859
São Paulo Grand Prix,71.0,TSU,69.88
Las Vegas Grand Prix,1.0,VER,0.0
Las Vegas Grand Prix,1.0,GAS,4.873
Las Vegas Grand Prix,1.0,PER,19.03
Las Vegas Grand Prix,1.0,ALO,39.278
Las Vegas Grand Prix,1.0,LEC,1.677
Las Vegas Grand Prix,1.0,STR,14.084
Las Vegas Grand Prix,1.0,SAR,9.871
Las Vegas Grand Prix,1.0,MAG,11.051
Las Vegas Grand Prix,1.0,TSU,19.557
Las Vegas Grand Prix,1.0,ALB,6.694
Las Vegas Grand Prix,1.0,ZHO,32.384
Las Vegas Grand Prix,1.0,HUL,16.789
Las Vegas Grand Prix,1.0,RIC,30.963
Las Vegas Grand Prix,1.0,OCO,13.262
Las Vegas Grand Prix,1.0,NOR,24.692
Las Vegas Grand Prix,1.0,HAM,28.991
Las Vegas Grand Prix,1.0,SAI,34.853
Las Vegas Grand Prix,1.0,RUS,3.32
Las Vegas Grand Prix,1.0,BOT,42.824
Las Vegas Grand Prix,1.0,PIA,21.141
Las Vegas Grand Prix,2.0,VER,0.0
Las Vegas Grand Prix,2.0,GAS,3.551
Las Vegas Grand Prix,2.0,PER,31.108
Las Vegas Grand Prix,2.0,ALO,42.325
Las Vegas Grand Prix,2.0,LEC,1.639
Las Vegas Grand Prix,2.0,STR,8.094
Las Vegas Grand Prix,2.0,SAR,5.077
Las Vegas Grand Prix,2.0,MAG,6.277
Las Vegas Grand Prix,2.0,TSU,9.374
Las Vegas Grand Prix,2.0,ALB,4.51
Las Vegas Grand Prix,2.0,ZHO,15.479
Las Vegas Grand Prix,2.0,HUL,8.63
Las Vegas Grand Prix,2.0,RIC,14.297
Las Vegas Grand Prix,2.0,OCO,7.212
Las Vegas Grand Prix,2.0,NOR,11.008
Las Vegas Grand Prix,2.0,HAM,12.352
Las Vegas Grand Prix,2.0,SAI,15.792
Las Vegas Grand Prix,2.0,RUS,2.591
Las Vegas Grand Prix,2.0,BOT,57.794
Las Vegas Grand Prix,2.0,PIA,9.974
Las Vegas Grand Prix,3.0,VER,0.0
Las Vegas Grand Prix,3.0,GAS,3.944
Las Vegas Grand Prix,3.0,PER,40.393
Las Vegas Grand Prix,3.0,ALO,53.29
Las Vegas Grand Prix,3.0,LEC,0.914
Las Vegas Grand Prix,3.0,STR,15.968
Las Vegas Grand Prix,3.0,SAR,7.86
Las Vegas Grand Prix,3.0,MAG,11.525
Las Vegas Grand Prix,3.0,TSU,17.664
Las Vegas Grand Prix,3.0,ALB,5.286
Las Vegas Grand Prix,3.0,ZHO,24.566
Las Vegas Grand Prix,3.0,HUL,14.306
Las Vegas Grand Prix,3.0,RIC,22.86
Las Vegas Grand Prix,3.0,OCO,9.917
Las Vegas Grand Prix,3.0,NOR,51.02
Las Vegas Grand Prix,3.0,HAM,19.838
Las Vegas Grand Prix,3.0,SAI,29.191
Las Vegas Grand Prix,3.0,RUS,2.3449999999999998
Las Vegas Grand Prix,3.0,BOT,76.145
Las Vegas Grand Prix,3.0,PIA,18.473
Las Vegas Grand Prix,4.0,VER,0.0
Las Vegas Grand Prix,4.0,GAS,2.947
Las Vegas Grand Prix,4.0,PER,19.935
Las Vegas Grand Prix,4.0,ALO,23.386
Las Vegas Grand Prix,4.0,LEC,1.19
Las Vegas Grand Prix,4.0,STR,17.739
Las Vegas Grand Prix,4.0,SAR,5.647
Las Vegas Grand Prix,4.0,MAG,8.379
Las Vegas Grand Prix,4.0,TSU,10.568999999999999
Las Vegas Grand Prix,4.0,ALB,4.23
Las Vegas Grand Prix,4.0,ZHO,16.056
Las Vegas Grand Prix,4.0,HUL,9.209
Las Vegas Grand Prix,4.0,RIC,14.297
Las Vegas Grand Prix,4.0,OCO,6.891
Las Vegas Grand Prix,4.0,HAM,13.013
Las Vegas Grand Prix,4.0,SAI,21.369
Las Vegas Grand Prix,4.0,RUS,1.923
Las Vegas Grand Prix,4.0,BOT,27.352
Las Vegas Grand Prix,4.0,PIA,12.014
Las Vegas Grand Prix,5.0,VER,0.0
Las Vegas Grand Prix,5.0,GAS,3.76
Las Vegas Grand Prix,5.0,PER,23.161
Las Vegas Grand Prix,5.0,ALO,25.938
Las Vegas Grand Prix,5.0,LEC,1.073
Las Vegas Grand Prix,5.0,STR,20.499
Las Vegas Grand Prix,5.0,SAR,5.854
Las Vegas Grand Prix,5.0,MAG,9.018
Las Vegas Grand Prix,5.0,TSU,11.243
Las Vegas Grand Prix,5.0,ALB,4.909
Las Vegas Grand Prix,5.0,ZHO,18.83
Las Vegas Grand Prix,5.0,HUL,9.864
Las Vegas Grand Prix,5.0,RIC,16.639
Las Vegas Grand Prix,5.0,OCO,7.075
Las Vegas Grand Prix,5.0,HAM,15.082
Las Vegas Grand Prix,5.0,SAI,24.071
Las Vegas Grand Prix,5.0,RUS,2.172
Las Vegas Grand Prix,5.0,BOT,28.429
Las Vegas Grand Prix,5.0,PIA,12.283
Las Vegas Grand Prix,6.0,VER,0.0
Las Vegas Grand Prix,6.0,GAS,2.168
Las Vegas Grand Prix,6.0,PER,8.894
Las Vegas Grand Prix,6.0,ALO,9.511
Las Vegas Grand Prix,6.0,LEC,1.166
Las Vegas Grand Prix,6.0,STR,8.474
Las Vegas Grand Prix,6.0,SAR,3.2720000000000002
Las Vegas Grand Prix,6.0,MAG,3.873
Las Vegas Grand Prix,6.0,TSU,5.58
Las Vegas Grand Prix,6.0,ALB,2.602
Las Vegas Grand Prix,6.0,ZHO,7.601
Las Vegas Grand Prix,6.0,HUL,4.955
Las Vegas Grand Prix,6.0,RIC,7.195
Las Vegas Grand Prix,6.0,OCO,4.26
Las Vegas Grand Prix,6.0,HAM,6.106
Las Vegas Grand Prix,6.0,SAI,9.325
Las Vegas Grand Prix,6.0,RUS,1.663
Las Vegas Grand Prix,6.0,BOT,10.886
Las Vegas Grand Prix,6.0,PIA,5.645
Las Vegas Grand Prix,7.0,VER,0.0
Las Vegas Grand Prix,7.0,GAS,3.729
Las Vegas Grand Prix,7.0,PER,12.342
Las Vegas Grand Prix,7.0,ALO,12.843
Las Vegas Grand Prix,7.0,LEC,1.869
Las Vegas Grand Prix,7.0,STR,11.479
Las Vegas Grand Prix,7.0,SAR,5.224
Las Vegas Grand Prix,7.0,MAG,6.4030000000000005
Las Vegas Grand Prix,7.0,TSU,8.658
Las Vegas Grand Prix,7.0,ALB,4.301
Las Vegas Grand Prix,7.0,ZHO,9.879
Las Vegas Grand Prix,7.0,HUL,7.402
Las Vegas Grand Prix,7.0,RIC,11.154
Las Vegas Grand Prix,7.0,OCO,6.87
Las Vegas Grand Prix,7.0,HAM,8.712
Las Vegas Grand Prix,7.0,SAI,13.09
Las Vegas Grand Prix,7.0,RUS,2.935
Las Vegas Grand Prix,7.0,BOT,14.552
Las Vegas Grand Prix,7.0,PIA,7.691
Las Vegas Grand Prix,8.0,VER,0.0
Las Vegas Grand Prix,8.0,GAS,4.147
Las Vegas Grand Prix,8.0,PER,13.595
Las Vegas Grand Prix,8.0,ALO,13.948
Las Vegas Grand Prix,8.0,LEC,2.12
Las Vegas Grand Prix,8.0,STR,13.105
Las Vegas Grand Prix,8.0,SAR,5.899
Las Vegas Grand Prix,8.0,MAG,7.64
Las Vegas Grand Prix,8.0,TSU,10.818999999999999
Las Vegas Grand Prix,8.0,ALB,4.841
Las Vegas Grand Prix,8.0,ZHO,11.733
Las Vegas Grand Prix,8.0,HUL,9.27
Las Vegas Grand Prix,8.0,RIC,12.645
Las Vegas Grand Prix,8.0,OCO,7.741
Las Vegas Grand Prix,8.0,HAM,9.774000000000001
Las Vegas Grand Prix,8.0,SAI,14.652
Las Vegas Grand Prix,8.0,RUS,3.48
Las Vegas Grand Prix,8.0,BOT,16.569
Las Vegas Grand Prix,8.0,PIA,8.473
Las Vegas Grand Prix,9.0,VER,0.0
Las Vegas Grand Prix,9.0,GAS,4.155
Las Vegas Grand Prix,9.0,PER,13.938
Las Vegas Grand Prix,9.0,ALO,14.756
Las Vegas Grand Prix,9.0,LEC,2.206
Las Vegas Grand Prix,9.0,STR,13.782
Las Vegas Grand Prix,9.0,SAR,6.459
Las Vegas Grand Prix,9.0,MAG,9.05
Las Vegas Grand Prix,9.0,TSU,12.711
Las Vegas Grand Prix,9.0,ALB,5.542
Las Vegas Grand Prix,9.0,ZHO,12.877
Las Vegas Grand Prix,9.0,HUL,10.023
Las Vegas Grand Prix,9.0,RIC,13.411
Las Vegas Grand Prix,9.0,OCO,8.388
Las Vegas Grand Prix,9.0,HAM,10.221
Las Vegas Grand Prix,9.0,SAI,15.317
Las Vegas Grand Prix,9.0,RUS,3.372
Las Vegas Grand Prix,9.0,BOT,18.277
Las Vegas Grand Prix,9.0,PIA,9.143
Las Vegas Grand Prix,10.0,VER,0.0
Las Vegas Grand Prix,10.0,GAS,3.676
Las Vegas Grand Prix,10.0,PER,16.442
Las Vegas Grand Prix,10.0,ALO,16.951999999999998
Las Vegas Grand Prix,10.0,LEC,1.829
Las Vegas Grand Prix,10.0,STR,16.658
Las Vegas Grand Prix,10.0,SAR,7.146
Las Vegas Grand Prix,10.0,MAG,10.655
Las Vegas Grand Prix,10.0,TSU,21.494
Las Vegas Grand Prix,10.0,ALB,6.155
Las Vegas Grand Prix,10.0,ZHO,13.126
Las Vegas Grand Prix,10.0,HUL,12.207
Las Vegas Grand Prix,10.0,RIC,15.515
Las Vegas Grand Prix,10.0,OCO,8.632
Las Vegas Grand Prix,10.0,HAM,10.847
Las Vegas Grand Prix,10.0,SAI,17.178
Las Vegas Grand Prix,10.0,RUS,3.404
Las Vegas Grand Prix,10.0,BOT,20.647
Las Vegas Grand Prix,10.0,PIA,10.007
Las Vegas Grand Prix,11.0,VER,0.0
Las Vegas Grand Prix,11.0,GAS,4.359
Las Vegas Grand Prix,11.0,PER,16.99
Las Vegas Grand Prix,11.0,ALO,18.968
Las Vegas Grand Prix,11.0,LEC,1.909
Las Vegas Grand Prix,11.0,STR,17.904
Las Vegas Grand Prix,11.0,SAR,8.27
Las Vegas Grand Prix,11.0,MAG,12.695
Las Vegas Grand Prix,11.0,TSU,41.911
Las Vegas Grand Prix,11.0,ALB,7.356
Las Vegas Grand Prix,11.0,ZHO,14.427
Las Vegas Grand Prix,11.0,HUL,15.365
Las Vegas Grand Prix,11.0,RIC,17.614
Las Vegas Grand Prix,11.0,OCO,9.382
Las Vegas Grand Prix,11.0,HAM,12.195
Las Vegas Grand Prix,11.0,SAI,18.368
Las Vegas Grand Prix,11.0,RUS,3.751
Las Vegas Grand Prix,11.0,BOT,22.647
Las Vegas Grand Prix,11.0,PIA,11.247
Las Vegas Grand Prix,12.0,VER,0.0
Las Vegas Grand Prix,12.0,GAS,4.674
Las Vegas Grand Prix,12.0,PER,17.391
Las Vegas Grand Prix,12.0,ALO,20.229
Las Vegas Grand Prix,12.0,LEC,2.091
Las Vegas Grand Prix,12.0,STR,18.863
Las Vegas Grand Prix,12.0,SAR,8.854
Las Vegas Grand Prix,12.0,MAG,13.839
Las Vegas Grand Prix,12.0,TSU,43.319
Las Vegas Grand Prix,12.0,ALB,7.866
Las Vegas Grand Prix,12.0,ZHO,15.309
Las Vegas Grand Prix,12.0,HUL,22.394
Las Vegas Grand Prix,12.0,RIC,19.645
Las Vegas Grand Prix,12.0,OCO,9.958
Las Vegas Grand Prix,12.0,HAM,12.322
Las Vegas Grand Prix,12.0,SAI,19.826999999999998
Las Vegas Grand Prix,12.0,RUS,3.757
Las Vegas Grand Prix,12.0,BOT,24.384
Las Vegas Grand Prix,12.0,PIA,11.504
Las Vegas Grand Prix,13.0,VER,0.0
Las Vegas Grand Prix,13.0,GAS,5.325
Las Vegas Grand Prix,13.0,PER,16.951
Las Vegas Grand Prix,13.0,ALO,21.879
Las Vegas Grand Prix,13.0,LEC,1.936
Las Vegas Grand Prix,13.0,STR,19.16
Las Vegas Grand Prix,13.0,SAR,9.788
Las Vegas Grand Prix,13.0,MAG,14.872
Las Vegas Grand Prix,13.0,TSU,44.488
Las Vegas Grand Prix,13.0,ALB,8.84
Las Vegas Grand Prix,13.0,ZHO,16.016
Las Vegas Grand Prix,13.0,HUL,41.048
Las Vegas Grand Prix,13.0,RIC,22.845
Las Vegas Grand Prix,13.0,OCO,10.462
Las Vegas Grand Prix,13.0,HAM,12.058
Las Vegas Grand Prix,13.0,SAI,20.805
Las Vegas Grand Prix,13.0,RUS,4.002
Las Vegas Grand Prix,13.0,BOT,25.888
Las Vegas Grand Prix,13.0,PIA,11.38
Las Vegas Grand Prix,14.0,VER,0.0
Las Vegas Grand Prix,14.0,GAS,6.159
Las Vegas Grand Prix,14.0,PER,17.344
Las Vegas Grand Prix,14.0,ALO,20.901
Las Vegas Grand Prix,14.0,LEC,1.483
Las Vegas Grand Prix,14.0,STR,19.017
Las Vegas Grand Prix,14.0,SAR,13.01
Las Vegas Grand Prix,14.0,MAG,21.891
Las Vegas Grand Prix,14.0,TSU,45.88
Las Vegas Grand Prix,14.0,ALB,9.94
Las Vegas Grand Prix,14.0,ZHO,17.767
Las Vegas Grand Prix,14.0,HUL,41.578
Las Vegas Grand Prix,14.0,RIC,24.774
Las Vegas Grand Prix,14.0,OCO,11.033
Las Vegas Grand Prix,14.0,HAM,12.748
Las Vegas Grand Prix,14.0,SAI,20.053
Las Vegas Grand Prix,14.0,RUS,4.194
Las Vegas Grand Prix,14.0,BOT,30.917
Las Vegas Grand Prix,14.0,PIA,12.173
Las Vegas Grand Prix,15.0,VER,0.0
Las Vegas Grand Prix,15.0,GAS,7.015
Las Vegas Grand Prix,15.0,PER,16.09
Las Vegas Grand Prix,15.0,ALO,19.971
Las Vegas Grand Prix,15.0,LEC,0.593
Las Vegas Grand Prix,15.0,STR,19.106
Las Vegas Grand Prix,15.0,SAR,20.319
Las Vegas Grand Prix,15.0,MAG,38.525
Las Vegas Grand Prix,15.0,TSU,46.268
Las Vegas Grand Prix,15.0,ALB,10.978
Las Vegas Grand Prix,15.0,ZHO,19.496
Las Vegas Grand Prix,15.0,HUL,40.802
Las Vegas Grand Prix,15.0,RIC,25.583
Las Vegas Grand Prix,15.0,OCO,11.241
Las Vegas Grand Prix,15.0,HAM,12.303
Las Vegas Grand Prix,15.0,SAI,19.581
Las Vegas Grand Prix,15.0,RUS,8.823
Las Vegas Grand Prix,15.0,BOT,32.168
Las Vegas Grand Prix,15.0,PIA,12.048
Las Vegas Grand Prix,16.0,VER,4.646
Las Vegas Grand Prix,16.0,GAS,7.748
Las Vegas Grand Prix,16.0,PER,14.132
Las Vegas Grand Prix,16.0,ALO,21.583
Las Vegas Grand Prix,16.0,LEC,0.0
Las Vegas Grand Prix,16.0,STR,17.726
Las Vegas Grand Prix,16.0,SAR,36.748
Las Vegas Grand Prix,16.0,MAG,38.379
Las Vegas Grand Prix,16.0,TSU,46.082
Las Vegas Grand Prix,16.0,ALB,16.739
Las Vegas Grand Prix,16.0,ZHO,20.442
Las Vegas Grand Prix,16.0,HUL,39.356
Las Vegas Grand Prix,16.0,RIC,26.724
Las Vegas Grand Prix,16.0,OCO,11.350999999999999
Las Vegas Grand Prix,16.0,HAM,13.464
Las Vegas Grand Prix,16.0,SAI,19.682
Las Vegas Grand Prix,16.0,RUS,24.212
Las Vegas Grand Prix,16.0,BOT,32.861
Las Vegas Grand Prix,16.0,PIA,19.3
Las Vegas Grand Prix,17.0,VER,28.557
Las Vegas Grand Prix,17.0,GAS,15.413
Las Vegas Grand Prix,17.0,PER,14.593
Las Vegas Grand Prix,17.0,ALO,23.559
Las Vegas Grand Prix,17.0,LEC,0.0
Las Vegas Grand Prix,17.0,STR,18.991
Las Vegas Grand Prix,17.0,SAR,38.586
Las Vegas Grand Prix,17.0,MAG,40.073
Las Vegas Grand Prix,17.0,TSU,48.117
Las Vegas Grand Prix,17.0,ALB,35.816
Las Vegas Grand Prix,17.0,ZHO,22.671
Las Vegas Grand Prix,17.0,HUL,41.093
Las Vegas Grand Prix,17.0,RIC,35.15
Las Vegas Grand Prix,17.0,OCO,13.324
Las Vegas Grand Prix,17.0,HAM,33.494
Las Vegas Grand Prix,17.0,SAI,21.922
Las Vegas Grand Prix,17.0,RUS,24.884
Las Vegas Grand Prix,17.0,BOT,36.451
Las Vegas Grand Prix,17.0,PIA,39.46
Las Vegas Grand Prix,18.0,VER,27.911
Las Vegas Grand Prix,18.0,GAS,33.751
Las Vegas Grand Prix,18.0,PER,14.365
Las Vegas Grand Prix,18.0,ALO,24.168
Las Vegas Grand Prix,18.0,LEC,0.0
Las Vegas Grand Prix,18.0,STR,18.916
Las Vegas Grand Prix,18.0,SAR,39.724
Las Vegas Grand Prix,18.0,MAG,41.014
Las Vegas Grand Prix,18.0,TSU,49.294
Las Vegas Grand Prix,18.0,ALB,36.37
Las Vegas Grand Prix,18.0,ZHO,24.59
Las Vegas Grand Prix,18.0,HUL,43.114
Las Vegas Grand Prix,18.0,RIC,55.148
Las Vegas Grand Prix,18.0,OCO,15.031
Las Vegas Grand Prix,18.0,HAM,54.431
Las Vegas Grand Prix,18.0,SAI,22.053
Las Vegas Grand Prix,18.0,RUS,24.891
Las Vegas Grand Prix,18.0,BOT,38.317
Las Vegas Grand Prix,18.0,PIA,39.078
Las Vegas Grand Prix,19.0,VER,27.728
Las Vegas Grand Prix,19.0,GAS,34.548
Las Vegas Grand Prix,19.0,PER,14.245
Las Vegas Grand Prix,19.0,ALO,24.906
Las Vegas Grand Prix,19.0,LEC,0.0
Las Vegas Grand Prix,19.0,STR,19.231
Las Vegas Grand Prix,19.0,SAR,41.319
Las Vegas Grand Prix,19.0,MAG,42.376
Las Vegas Grand Prix,19.0,TSU,51.601
Las Vegas Grand Prix,19.0,ALB,37.686
Las Vegas Grand Prix,19.0,ZHO,27.236
Las Vegas Grand Prix,19.0,HUL,45.067
Las Vegas Grand Prix,19.0,RIC,57.022
Las Vegas Grand Prix,19.0,OCO,16.792
Las Vegas Grand Prix,19.0,HAM,55.037
Las Vegas Grand Prix,19.0,SAI,22.562
Las Vegas Grand Prix,19.0,RUS,26.467
Las Vegas Grand Prix,19.0,BOT,41.069
Las Vegas Grand Prix,19.0,PIA,40.043
Las Vegas Grand Prix,20.0,VER,28.283
Las Vegas Grand Prix,20.0,GAS,34.71
Las Vegas Grand Prix,20.0,PER,13.602
Las Vegas Grand Prix,20.0,ALO,25.035
Las Vegas Grand Prix,20.0,LEC,0.0
Las Vegas Grand Prix,20.0,STR,20.128
Las Vegas Grand Prix,20.0,SAR,41.717
Las Vegas Grand Prix,20.0,MAG,43.126
Las Vegas Grand Prix,20.0,TSU,53.804
Las Vegas Grand Prix,20.0,ALB,37.939
Las Vegas Grand Prix,20.0,ZHO,29.526
Las Vegas Grand Prix,20.0,HUL,45.816
Las Vegas Grand Prix,20.0,RIC,57.696
Las Vegas Grand Prix,20.0,OCO,23.077
Las Vegas Grand Prix,20.0,HAM,55.105
Las Vegas Grand Prix,20.0,SAI,22.988
Las Vegas Grand Prix,20.0,RUS,26.09
Las Vegas Grand Prix,20.0,BOT,42.766
Las Vegas Grand Prix,20.0,PIA,39.053
Las Vegas Grand Prix,21.0,VER,22.783
Las Vegas Grand Prix,21.0,GAS,30.104
Las Vegas Grand Prix,21.0,PER,8.568999999999999
Las Vegas Grand Prix,21.0,ALO,21.257
Las Vegas Grand Prix,21.0,LEC,0.0
Las Vegas Grand Prix,21.0,STR,16.25
Las Vegas Grand Prix,21.0,SAR,37.699
Las Vegas Grand Prix,21.0,MAG,39.624
Las Vegas Grand Prix,21.0,TSU,58.673
Las Vegas Grand Prix,21.0,ALB,33.247
Las Vegas Grand Prix,21.0,ZHO,26.349
Las Vegas Grand Prix,21.0,HUL,42.305
Las Vegas Grand Prix,21.0,RIC,54.024
Las Vegas Grand Prix,21.0,OCO,36.07
Las Vegas Grand Prix,21.0,HAM,52.139
Las Vegas Grand Prix,21.0,SAI,18.947
Las Vegas Grand Prix,21.0,RUS,21.447
Las Vegas Grand Prix,21.0,BOT,41.531
Las Vegas Grand Prix,21.0,PIA,33.714
Las Vegas Grand Prix,22.0,VER,14.628
Las Vegas Grand Prix,22.0,GAS,22.027
Las Vegas Grand Prix,22.0,PER,0.0
Las Vegas Grand Prix,22.0,ALO,14.529
Las Vegas Grand Prix,22.0,LEC,10.771
Las Vegas Grand Prix,22.0,STR,8.725
Las Vegas Grand Prix,22.0,SAR,29.449
Las Vegas Grand Prix,22.0,MAG,32.073
Las Vegas Grand Prix,22.0,TSU,72.129
Las Vegas Grand Prix,22.0,ALB,25.548000000000002
Las Vegas Grand Prix,22.0,ZHO,19.835
Las Vegas Grand Prix,22.0,HUL,36.051
Las Vegas Grand Prix,22.0,RIC,47.136
Las Vegas Grand Prix,22.0,OCO,27.373
Las Vegas Grand Prix,22.0,HAM,44.162
Las Vegas Grand Prix,22.0,SAI,11.781
Las Vegas Grand Prix,22.0,RUS,14.191
Las Vegas Grand Prix,22.0,BOT,37.313
Las Vegas Grand Prix,22.0,PIA,24.717
Las Vegas Grand Prix,23.0,VER,14.299
Las Vegas Grand Prix,23.0,GAS,22.295
Las Vegas Grand Prix,23.0,PER,0.0
Las Vegas Grand Prix,23.0,ALO,17.141
Las Vegas Grand Prix,23.0,LEC,11.687
Las Vegas Grand Prix,23.0,STR,9.433
Las Vegas Grand Prix,23.0,SAR,29.803
Las Vegas Grand Prix,23.0,MAG,33.333
Las Vegas Grand Prix,23.0,TSU,74.79
Las Vegas Grand Prix,23.0,ALB,25.84
Las Vegas Grand Prix,23.0,ZHO,21.832
Las Vegas Grand Prix,23.0,HUL,37.004
Las Vegas Grand Prix,23.0,RIC,48.344
Las Vegas Grand Prix,23.0,OCO,26.843
Las Vegas Grand Prix,23.0,HAM,44.296
Las Vegas Grand Prix,23.0,SAI,12.95
Las Vegas Grand Prix,23.0,RUS,13.804
Las Vegas Grand Prix,23.0,BOT,40.22
Las Vegas Grand Prix,23.0,PIA,24.638
Las Vegas Grand Prix,24.0,VER,14.812
Las Vegas Grand Prix,24.0,GAS,23.535
Las Vegas Grand Prix,24.0,PER,0.0
Las Vegas Grand Prix,24.0,ALO,18.999
Las Vegas Grand Prix,24.0,LEC,11.751
Las Vegas Grand Prix,24.0,STR,10.613
Las Vegas Grand Prix,24.0,SAR,30.282
Las Vegas Grand Prix,24.0,MAG,34.817
Las Vegas Grand Prix,24.0,TSU,77.253
Las Vegas Grand Prix,24.0,ALB,27.037
Las Vegas Grand Prix,24.0,ZHO,24.244
Las Vegas Grand Prix,24.0,HUL,37.869
Las Vegas Grand Prix,24.0,RIC,49.738
Las Vegas Grand Prix,24.0,OCO,26.551
Las Vegas Grand Prix,24.0,HAM,44.709
Las Vegas Grand Prix,24.0,SAI,15.497
Las Vegas Grand Prix,24.0,RUS,14.218
Las Vegas Grand Prix,24.0,BOT,48.829
Las Vegas Grand Prix,24.0,PIA,24.581
Las Vegas Grand Prix,25.0,VER,15.396
Las Vegas Grand Prix,25.0,GAS,23.67
Las Vegas Grand Prix,25.0,PER,0.0
Las Vegas Grand Prix,25.0,ALO,20.417
Las Vegas Grand Prix,25.0,LEC,11.51
Las Vegas Grand Prix,25.0,STR,12.033
Las Vegas Grand Prix,25.0,SAR,31.259
Las Vegas Grand Prix,25.0,MAG,36.325
Las Vegas Grand Prix,25.0,TSU,78.988
Las Vegas Grand Prix,25.0,ALB,27.957
Las Vegas Grand Prix,25.0,ZHO,27.376
Las Vegas Grand Prix,25.0,HUL,39.15
Las Vegas Grand Prix,25.0,RIC,51.035
Las Vegas Grand Prix,25.0,OCO,26.62
Las Vegas Grand Prix,25.0,HAM,44.584
Las Vegas Grand Prix,25.0,SAI,17.358
Las Vegas Grand Prix,25.0,RUS,16.464
Las Vegas Grand Prix,25.0,BOT,69.371
Las Vegas Grand Prix,25.0,PIA,25.195
Las Vegas Grand Prix,26.0,VER,15.903
Las Vegas Grand Prix,26.0,GAS,25.326
Las Vegas Grand Prix,26.0,PER,0.0
Las Vegas Grand Prix,26.0,ALO,25.211
Las Vegas Grand Prix,26.0,LEC,8.176
Las Vegas Grand Prix,26.0,STR,15.13
Las Vegas Grand Prix,26.0,SAR,36.35
Las Vegas Grand Prix,26.0,MAG,46.35
Las Vegas Grand Prix,26.0,TSU,99.961
Las Vegas Grand Prix,26.0,ALB,30.908
Las Vegas Grand Prix,26.0,ZHO,34.337
Las Vegas Grand Prix,26.0,HUL,49.939
Las Vegas Grand Prix,26.0,RIC,61.704
Las Vegas Grand Prix,26.0,OCO,28.2
Las Vegas Grand Prix,26.0,HAM,56.952
Las Vegas Grand Prix,26.0,SAI,21.113
Las Vegas Grand Prix,26.0,RUS,18.879
Las Vegas Grand Prix,26.0,BOT,87.457
Las Vegas Grand Prix,26.0,PIA,26.432
Las Vegas Grand Prix,27.0,VER,4.941
Las Vegas Grand Prix,27.0,GAS,2.334
Las Vegas Grand Prix,27.0,PER,1.015
Las Vegas Grand Prix,27.0,ALO,11.803
Las Vegas Grand Prix,27.0,LEC,0.0
Las Vegas Grand Prix,27.0,STR,6.838
Las Vegas Grand Prix,27.0,SAR,10.696
Las Vegas Grand Prix,27.0,MAG,14.132
Las Vegas Grand Prix,27.0,TSU,50.237
Las Vegas Grand Prix,27.0,ALB,7.802
Las Vegas Grand Prix,27.0,ZHO,13.551
Las Vegas Grand Prix,27.0,HUL,16.144
Las Vegas Grand Prix,27.0,RIC,15.432
Las Vegas Grand Prix,27.0,OCO,5.647
Las Vegas Grand Prix,27.0,HAM,21.881
Las Vegas Grand Prix,27.0,SAI,9.767
Las Vegas Grand Prix,27.0,RUS,9.184
Las Vegas Grand Prix,27.0,BOT,37.626
Las Vegas Grand Prix,27.0,PIA,3.68
Las Vegas Grand Prix,28.0,VER,1.896
Las Vegas Grand Prix,28.0,GAS,0.99
Las Vegas Grand Prix,28.0,PER,0.717
Las Vegas Grand Prix,28.0,ALO,5.041
Las Vegas Grand Prix,28.0,LEC,0.0
Las Vegas Grand Prix,28.0,STR,3.278
Las Vegas Grand Prix,28.0,SAR,4.974
Las Vegas Grand Prix,28.0,MAG,6.383
Las Vegas Grand Prix,28.0,TSU,9.712
Las Vegas Grand Prix,28.0,ALB,3.447
Las Vegas Grand Prix,28.0,ZHO,5.782
Las Vegas Grand Prix,28.0,HUL,7.131
Las Vegas Grand Prix,28.0,RIC,6.885
Las Vegas Grand Prix,28.0,OCO,2.437
Las Vegas Grand Prix,28.0,HAM,7.425
Las Vegas Grand Prix,28.0,SAI,4.35
Las Vegas Grand Prix,28.0,RUS,3.9459999999999997
Las Vegas Grand Prix,28.0,BOT,8.182
Las Vegas Grand Prix,28.0,PIA,1.572
Las Vegas Grand Prix,29.0,VER,3.162
Las Vegas Grand Prix,29.0,GAS,2.569
Las Vegas Grand Prix,29.0,PER,0.502
Las Vegas Grand Prix,29.0,ALO,6.582
Las Vegas Grand Prix,29.0,LEC,0.0
Las Vegas Grand Prix,29.0,STR,5.329
Las Vegas Grand Prix,29.0,SAR,7.933
Las Vegas Grand Prix,29.0,MAG,8.408
Las Vegas Grand Prix,29.0,TSU,13.373
Las Vegas Grand Prix,29.0,ALB,4.44
Las Vegas Grand Prix,29.0,ZHO,7.289
Las Vegas Grand Prix,29.0,HUL,8.969
Las Vegas Grand Prix,29.0,RIC,9.532
Las Vegas Grand Prix,29.0,OCO,3.909
Las Vegas Grand Prix,29.0,HAM,9.713
Las Vegas Grand Prix,29.0,SAI,6.209
Las Vegas Grand Prix,29.0,RUS,5.683
Las Vegas Grand Prix,29.0,BOT,10.994
Las Vegas Grand Prix,29.0,PIA,2.039
Las Vegas Grand Prix,30.0,VER,3.403
Las Vegas Grand Prix,30.0,GAS,3.061
Las Vegas Grand Prix,30.0,PER,0.315
Las Vegas Grand Prix,30.0,ALO,7.999
Las Vegas Grand Prix,30.0,LEC,0.0
Las Vegas Grand Prix,30.0,STR,5.9030000000000005
Las Vegas Grand Prix,30.0,SAR,9.152
Las Vegas Grand Prix,30.0,MAG,9.881
Las Vegas Grand Prix,30.0,TSU,16.424
Las Vegas Grand Prix,30.0,ALB,5.077
Las Vegas Grand Prix,30.0,ZHO,8.651
Las Vegas Grand Prix,30.0,HUL,10.331
Las Vegas Grand Prix,30.0,RIC,12.102
Las Vegas Grand Prix,30.0,OCO,4.195
Las Vegas Grand Prix,30.0,HAM,10.65
Las Vegas Grand Prix,30.0,SAI,7.127
Las Vegas Grand Prix,30.0,RUS,6.614
Las Vegas Grand Prix,30.0,BOT,13.718
Las Vegas Grand Prix,30.0,PIA,1.7309999999999999
Las Vegas Grand Prix,31.0,VER,3.924
Las Vegas Grand Prix,31.0,GAS,4.606
Las Vegas Grand Prix,31.0,PER,0.402
Las Vegas Grand Prix,31.0,ALO,8.983
Las Vegas Grand Prix,31.0,LEC,0.0
Las Vegas Grand Prix,31.0,STR,6.76
Las Vegas Grand Prix,31.0,SAR,10.682
Las Vegas Grand Prix,31.0,MAG,11.411
Las Vegas Grand Prix,31.0,TSU,19.884
Las Vegas Grand Prix,31.0,ALB,5.846
Las Vegas Grand Prix,31.0,ZHO,10.288
Las Vegas Grand Prix,31.0,HUL,13.006
Las Vegas Grand Prix,31.0,RIC,14.257
Las Vegas Grand Prix,31.0,OCO,5.142
Las Vegas Grand Prix,31.0,HAM,11.54
Las Vegas Grand Prix,31.0,SAI,8.298
Las Vegas Grand Prix,31.0,RUS,7.642
Las Vegas Grand Prix,31.0,BOT,17.307
Las Vegas Grand Prix,31.0,PIA,1.6320000000000001
Las Vegas Grand Prix,32.0,VER,2.949
Las Vegas Grand Prix,32.0,GAS,4.764
Las Vegas Grand Prix,32.0,PER,0.0
Las Vegas Grand Prix,32.0,ALO,9.174
Las Vegas Grand Prix,32.0,LEC,0.557
Las Vegas Grand Prix,32.0,STR,7.065
Las Vegas Grand Prix,32.0,SAR,10.844
Las Vegas Grand Prix,32.0,MAG,12.007
Las Vegas Grand Prix,32.0,TSU,22.701999999999998
Las Vegas Grand Prix,32.0,ALB,6.338
Las Vegas Grand Prix,32.0,ZHO,10.085
Las Vegas Grand Prix,32.0,HUL,14.111
Las Vegas Grand Prix,32.0,RIC,15.676
Las Vegas Grand Prix,32.0,OCO,5.193
Las Vegas Grand Prix,32.0,HAM,12.241
Las Vegas Grand Prix,32.0,SAI,8.72
Las Vegas Grand Prix,32.0,RUS,7.898
Las Vegas Grand Prix,32.0,BOT,19.986
Las Vegas Grand Prix,32.0,PIA,1.5
Las Vegas Grand Prix,33.0,VER,2.533
Las Vegas Grand Prix,33.0,GAS,5.557
Las Vegas Grand Prix,33.0,PER,0.0
Las Vegas Grand Prix,33.0,ALO,10.453
Las Vegas Grand Prix,33.0,LEC,0.882
Las Vegas Grand Prix,33.0,STR,7.675
Las Vegas Grand Prix,33.0,SAR,12.085
Las Vegas Grand Prix,33.0,MAG,13.027
Las Vegas Grand Prix,33.0,TSU,25.98
Las Vegas Grand Prix,33.0,ALB,7.115
Las Vegas Grand Prix,33.0,ZHO,11.116
Las Vegas Grand Prix,33.0,HUL,15.228
Las Vegas Grand Prix,33.0,RIC,17.194
Las Vegas Grand Prix,33.0,OCO,5.639
Las Vegas Grand Prix,33.0,HAM,12.666
Las Vegas Grand Prix,33.0,SAI,9.757
Las Vegas Grand Prix,33.0,RUS,8.919
Las Vegas Grand Prix,33.0,BOT,24.266
Las Vegas Grand Prix,33.0,PIA,3.377
Las Vegas Grand Prix,34.0,VER,2.066
Las Vegas Grand Prix,34.0,GAS,7.317
Las Vegas Grand Prix,34.0,PER,0.0
Las Vegas Grand Prix,34.0,ALO,11.384
Las Vegas Grand Prix,34.0,LEC,0.743
Las Vegas Grand Prix,34.0,STR,8.632
Las Vegas Grand Prix,34.0,SAR,14.062
Las Vegas Grand Prix,34.0,MAG,14.935
Las Vegas Grand Prix,34.0,TSU,29.488
Las Vegas Grand Prix,34.0,ALB,8.249
Las Vegas Grand Prix,34.0,ZHO,12.137
Las Vegas Grand Prix,34.0,HUL,16.436
Las Vegas Grand Prix,34.0,RIC,18.495
Las Vegas Grand Prix,34.0,OCO,6.623
Las Vegas Grand Prix,34.0,HAM,12.98
Las Vegas Grand Prix,34.0,SAI,10.42
Las Vegas Grand Prix,34.0,RUS,9.67
Las Vegas Grand Prix,34.0,BOT,28.654
Las Vegas Grand Prix,34.0,PIA,3.883
Las Vegas Grand Prix,35.0,VER,0.915
Las Vegas Grand Prix,35.0,GAS,7.455
Las Vegas Grand Prix,35.0,PER,0.316
Las Vegas Grand Prix,35.0,ALO,11.608
Las Vegas Grand Prix,35.0,LEC,0.0
Las Vegas Grand Prix,35.0,STR,9.129
Las Vegas Grand Prix,35.0,SAR,14.587
Las Vegas Grand Prix,35.0,MAG,15.703
Las Vegas Grand Prix,35.0,TSU,32.665
Las Vegas Grand Prix,35.0,ALB,9.253
Las Vegas Grand Prix,35.0,ZHO,12.329
Las Vegas Grand Prix,35.0,HUL,16.943
Las Vegas Grand Prix,35.0,RIC,18.998
Las Vegas Grand Prix,35.0,OCO,6.682
Las Vegas Grand Prix,35.0,HAM,12.465
Las Vegas Grand Prix,35.0,SAI,10.645
Las Vegas Grand Prix,35.0,RUS,10.134
Las Vegas Grand Prix,35.0,BOT,32.284
Las Vegas Grand Prix,35.0,PIA,3.493
Las Vegas Grand Prix,36.0,VER,0.629
Las Vegas Grand Prix,36.0,GAS,8.019
Las Vegas Grand Prix,36.0,PER,1.324
Las Vegas Grand Prix,36.0,ALO,12.843
Las Vegas Grand Prix,36.0,LEC,0.0
Las Vegas Grand Prix,36.0,STR,9.925
Las Vegas Grand Prix,36.0,SAR,16.223
Las Vegas Grand Prix,36.0,MAG,16.862
Las Vegas Grand Prix,36.0,TSU,36.312
Las Vegas Grand Prix,36.0,ALB,11.182
Las Vegas Grand Prix,36.0,ZHO,13.664
Las Vegas Grand Prix,36.0,HUL,18.137
Las Vegas Grand Prix,36.0,RIC,20.197
Las Vegas Grand Prix,36.0,OCO,7.182
Las Vegas Grand Prix,36.0,HAM,13.869
Las Vegas Grand Prix,36.0,SAI,11.977
Las Vegas Grand Prix,36.0,RUS,11.686
Las Vegas Grand Prix,36.0,BOT,37.463
Las Vegas Grand Prix,36.0,PIA,3.7800000000000002
Las Vegas Grand Prix,37.0,VER,0.0
Las Vegas Grand Prix,37.0,GAS,7.643
Las Vegas Grand Prix,37.0,PER,1.09
Las Vegas Grand Prix,37.0,ALO,13.433
Las Vegas Grand Prix,37.0,LEC,0.64
Las Vegas Grand Prix,37.0,STR,9.87
Las Vegas Grand Prix,37.0,SAR,17.628
Las Vegas Grand Prix,37.0,MAG,18.188
Las Vegas Grand Prix,37.0,TSU,37.859
Las Vegas Grand Prix,37.0,ALB,11.992
Las Vegas Grand Prix,37.0,ZHO,14.795
Las Vegas Grand Prix,37.0,HUL,18.725
Las Vegas Grand Prix,37.0,RIC,20.308
Las Vegas Grand Prix,37.0,OCO,6.937
Las Vegas Grand Prix,37.0,HAM,13.969
Las Vegas Grand Prix,37.0,SAI,12.546
Las Vegas Grand Prix,37.0,RUS,12.407
Las Vegas Grand Prix,37.0,BOT,41.806
Las Vegas Grand Prix,37.0,PIA,3.975
Las Vegas Grand Prix,38.0,VER,0.0
Las Vegas Grand Prix,38.0,GAS,8.547
Las Vegas Grand Prix,38.0,PER,1.5
Las Vegas Grand Prix,38.0,ALO,15.092
Las Vegas Grand Prix,38.0,LEC,0.796
Las Vegas Grand Prix,38.0,STR,10.623
Las Vegas Grand Prix,38.0,SAR,20.139
Las Vegas Grand Prix,38.0,MAG,20.772
Las Vegas Grand Prix,38.0,TSU,40.716
Las Vegas Grand Prix,38.0,ALB,13.68
Las Vegas Grand Prix,38.0,ZHO,17.079
Las Vegas Grand Prix,38.0,HUL,21.167
Las Vegas Grand Prix,38.0,RIC,22.341
Las Vegas Grand Prix,38.0,OCO,7.801
Las Vegas Grand Prix,38.0,HAM,15.696
Las Vegas Grand Prix,38.0,SAI,14.744
Las Vegas Grand Prix,38.0,RUS,14.253
Las Vegas Grand Prix,38.0,BOT,46.205
Las Vegas Grand Prix,38.0,PIA,5.077
Las Vegas Grand Prix,39.0,VER,0.0
Las Vegas Grand Prix,39.0,GAS,10.212
Las Vegas Grand Prix,39.0,PER,1.681
Las Vegas Grand Prix,39.0,ALO,17.202
Las Vegas Grand Prix,39.0,LEC,0.999
Las Vegas Grand Prix,39.0,STR,11.501
Las Vegas Grand Prix,39.0,SAR,22.505
Las Vegas Grand Prix,39.0,MAG,22.997
Las Vegas Grand Prix,39.0,TSU,43.467
Las Vegas Grand Prix,39.0,ALB,16.394
Las Vegas Grand Prix,39.0,ZHO,20.031
Las Vegas Grand Prix,39.0,HUL,23.451
Las Vegas Grand Prix,39.0,RIC,24.491
Las Vegas Grand Prix,39.0,OCO,8.768
Las Vegas Grand Prix,39.0,HAM,17.505
Las Vegas Grand Prix,39.0,SAI,16.948
Las Vegas Grand Prix,39.0,RUS,15.724
Las Vegas Grand Prix,39.0,BOT,51.236
Las Vegas Grand Prix,39.0,PIA,6.29
Las Vegas Grand Prix,40.0,VER,0.0
Las Vegas Grand Prix,40.0,GAS,12.004
Las Vegas Grand Prix,40.0,PER,1.623
Las Vegas Grand Prix,40.0,ALO,18.833
Las Vegas Grand Prix,40.0,LEC,1.123
Las Vegas Grand Prix,40.0,STR,12.436
Las Vegas Grand Prix,40.0,SAR,26.289
Las Vegas Grand Prix,40.0,MAG,25.687
Las Vegas Grand Prix,40.0,TSU,45.861
Las Vegas Grand Prix,40.0,ALB,21.567
Las Vegas Grand Prix,40.0,ZHO,22.785
Las Vegas Grand Prix,40.0,HUL,26.628
Las Vegas Grand Prix,40.0,RIC,27.18
Las Vegas Grand Prix,40.0,OCO,9.961
Las Vegas Grand Prix,40.0,HAM,20.032
Las Vegas Grand Prix,40.0,SAI,18.192
Las Vegas Grand Prix,40.0,RUS,16.381
Las Vegas Grand Prix,40.0,BOT,55.586
Las Vegas Grand Prix,40.0,PIA,7.516
Las Vegas Grand Prix,41.0,VER,0.0
Las Vegas Grand Prix,41.0,GAS,14.844
Las Vegas Grand Prix,41.0,PER,1.991
Las Vegas Grand Prix,41.0,ALO,19.617
Las Vegas Grand Prix,41.0,LEC,1.6600000000000001
Las Vegas Grand Prix,41.0,STR,14.257
Las Vegas Grand Prix,41.0,SAR,29.064
Las Vegas Grand Prix,41.0,MAG,28.222
Las Vegas Grand Prix,41.0,TSU,47.945
Las Vegas Grand Prix,41.0,ALB,24.996
Las Vegas Grand Prix,41.0,ZHO,25.483
Las Vegas Grand Prix,41.0,HUL,29.47
Las Vegas Grand Prix,41.0,RIC,30.22
Las Vegas Grand Prix,41.0,OCO,11.648
Las Vegas Grand Prix,41.0,HAM,20.661
Las Vegas Grand Prix,41.0,SAI,19.076
Las Vegas Grand Prix,41.0,RUS,17.153
Las Vegas Grand Prix,41.0,BOT,60.259
Las Vegas Grand Prix,41.0,PIA,9.004
Las Vegas Grand Prix,42.0,VER,0.0
Las Vegas Grand Prix,42.0,GAS,16.726
Las Vegas Grand Prix,42.0,PER,2.416
Las Vegas Grand Prix,42.0,ALO,19.964
Las Vegas Grand Prix,42.0,LEC,1.975
Las Vegas Grand Prix,42.0,STR,15.123
Las Vegas Grand Prix,42.0,SAR,32.909
Las Vegas Grand Prix,42.0,MAG,30.144
Las Vegas Grand Prix,42.0,TSU,49.888
Las Vegas Grand Prix,42.0,ALB,27.502
Las Vegas Grand Prix,42.0,ZHO,28.297
Las Vegas Grand Prix,42.0,HUL,31.744
Las Vegas Grand Prix,42.0,RIC,33.463
Las Vegas Grand Prix,42.0,OCO,12.689
Las Vegas Grand Prix,42.0,HAM,20.486
Las Vegas Grand Prix,42.0,SAI,19.338
Las Vegas Grand Prix,42.0,RUS,18.052
Las Vegas Grand Prix,42.0,BOT,64.049
Las Vegas Grand Prix,42.0,PIA,10.227
Las Vegas Grand Prix,43.0,VER,0.0
Las Vegas Grand Prix,43.0,GAS,19.409
Las Vegas Grand Prix,43.0,PER,2.847
Las Vegas Grand Prix,43.0,ALO,20.782
Las Vegas Grand Prix,43.0,LEC,4.441
Las Vegas Grand Prix,43.0,STR,16.081
Las Vegas Grand Prix,43.0,SAR,35.576
Las Vegas Grand Prix,43.0,MAG,32.076
Las Vegas Grand Prix,43.0,TSU,51.85
Las Vegas Grand Prix,43.0,ALB,30.084
Las Vegas Grand Prix,43.0,ZHO,30.635
Las Vegas Grand Prix,43.0,HUL,33.326
Las Vegas Grand Prix,43.0,RIC,36.069
Las Vegas Grand Prix,43.0,OCO,13.998
Las Vegas Grand Prix,43.0,HAM,21.92
Las Vegas Grand Prix,43.0,SAI,19.871
Las Vegas Grand Prix,43.0,RUS,18.65
Las Vegas Grand Prix,43.0,BOT,67.897
Las Vegas Grand Prix,43.0,PIA,15.892
Las Vegas Grand Prix,44.0,VER,0.0
Las Vegas Grand Prix,44.0,GAS,23.738
Las Vegas Grand Prix,44.0,PER,3.819
Las Vegas Grand Prix,44.0,ALO,23.16
Las Vegas Grand Prix,44.0,LEC,4.953
Las Vegas Grand Prix,44.0,STR,17.23
Las Vegas Grand Prix,44.0,SAR,38.904
Las Vegas Grand Prix,44.0,MAG,35.155
Las Vegas Grand Prix,44.0,TSU,53.966
Las Vegas Grand Prix,44.0,ALB,33.601
Las Vegas Grand Prix,44.0,ZHO,34.762
Las Vegas Grand Prix,44.0,HUL,35.689
Las Vegas Grand Prix,44.0,RIC,39.289
Las Vegas Grand Prix,44.0,OCO,15.575
Las Vegas Grand Prix,44.0,HAM,23.622
Las Vegas Grand Prix,44.0,SAI,21.759
Las Vegas Grand Prix,44.0,RUS,19.107
Las Vegas Grand Prix,44.0,BOT,71.587
Las Vegas Grand Prix,44.0,PIA,33.217
Las Vegas Grand Prix,45.0,VER,0.0
Las Vegas Grand Prix,45.0,GAS,26.7
Las Vegas Grand Prix,45.0,PER,4.062
Las Vegas Grand Prix,45.0,ALO,23.973
Las Vegas Grand Prix,45.0,LEC,4.799
Las Vegas Grand Prix,45.0,STR,17.947
Las Vegas Grand Prix,45.0,SAR,41.606
Las Vegas Grand Prix,45.0,MAG,37.885
Las Vegas Grand Prix,45.0,TSU,55.686
Las Vegas Grand Prix,45.0,ALB,36.242
Las Vegas Grand Prix,45.0,ZHO,37.429
Las Vegas Grand Prix,45.0,HUL,38.357
Las Vegas Grand Prix,45.0,RIC,40.932
Las Vegas Grand Prix,45.0,OCO,16.637
Las Vegas Grand Prix,45.0,HAM,24.226
Las Vegas Grand Prix,45.0,SAI,21.956
Las Vegas Grand Prix,45.0,RUS,19.531
Las Vegas Grand Prix,45.0,BOT,74.795
Las Vegas Grand Prix,45.0,PIA,33.605
Las Vegas Grand Prix,46.0,VER,0.0
Las Vegas Grand Prix,46.0,GAS,28.883
Las Vegas Grand Prix,46.0,PER,4.33
Las Vegas Grand Prix,46.0,ALO,25.255
Las Vegas Grand Prix,46.0,LEC,4.994
Las Vegas Grand Prix,46.0,STR,18.919
Las Vegas Grand Prix,46.0,SAR,44.524
Las Vegas Grand Prix,46.0,MAG,40.907
Las Vegas Grand Prix,46.0,TSU,57.696
Las Vegas Grand Prix,46.0,ALB,38.63
Las Vegas Grand Prix,46.0,ZHO,41.43
Las Vegas Grand Prix,46.0,HUL,92.461
Las Vegas Grand Prix,46.0,RIC,42.383
Las Vegas Grand Prix,46.0,OCO,17.658
Las Vegas Grand Prix,46.0,HAM,24.547
Las Vegas Grand Prix,46.0,SAI,22.246
Las Vegas Grand Prix,46.0,RUS,19.96
Las Vegas Grand Prix,46.0,BOT,77.571
Las Vegas Grand Prix,46.0,PIA,33.294
Las Vegas Grand Prix,47.0,VER,0.0
Las Vegas Grand Prix,47.0,GAS,30.911
Las Vegas Grand Prix,47.0,PER,4.467
Las Vegas Grand Prix,47.0,ALO,26.094
Las Vegas Grand Prix,47.0,LEC,5.11
Las Vegas Grand Prix,47.0,STR,19.831
Las Vegas Grand Prix,47.0,SAR,47.042
Las Vegas Grand Prix,47.0,MAG,43.243
Las Vegas Grand Prix,47.0,TSU,111.817
Las Vegas Grand Prix,47.0,ALB,41.149
Las Vegas Grand Prix,47.0,ZHO,44.27
Las Vegas Grand Prix,47.0,RIC,44.64
Las Vegas Grand Prix,47.0,OCO,18.416
Las Vegas Grand Prix,47.0,HAM,25.093
Las Vegas Grand Prix,47.0,SAI,22.351
Las Vegas Grand Prix,47.0,RUS,20.432
Las Vegas Grand Prix,47.0,BOT,80.929
Las Vegas Grand Prix,47.0,PIA,32.905
Las Vegas Grand Prix,48.0,VER,0.0
Las Vegas Grand Prix,48.0,GAS,32.631
Las Vegas Grand Prix,48.0,PER,4.257
Las Vegas Grand Prix,48.0,ALO,26.885
Las Vegas Grand Prix,48.0,LEC,5.165
Las Vegas Grand Prix,48.0,STR,21.026
Las Vegas Grand Prix,48.0,SAR,48.833
Las Vegas Grand Prix,48.0,MAG,44.52
Las Vegas Grand Prix,48.0,ALB,42.748
Las Vegas Grand Prix,48.0,ZHO,47.076
Las Vegas Grand Prix,48.0,RIC,47.646
Las Vegas Grand Prix,48.0,OCO,18.764
Las Vegas Grand Prix,48.0,HAM,24.312
Las Vegas Grand Prix,48.0,SAI,22.336
Las Vegas Grand Prix,48.0,RUS,20.378
Las Vegas Grand Prix,48.0,BOT,83.358
Las Vegas Grand Prix,48.0,PIA,32.003
Las Vegas Grand Prix,49.0,VER,0.0
Las Vegas Grand Prix,49.0,GAS,33.633
Las Vegas Grand Prix,49.0,PER,3.432
Las Vegas Grand Prix,49.0,ALO,26.638
Las Vegas Grand Prix,49.0,LEC,4.083
Las Vegas Grand Prix,49.0,STR,21.066
Las Vegas Grand Prix,49.0,SAR,50.514
Las Vegas Grand Prix,49.0,MAG,45.046
Las Vegas Grand Prix,49.0,ALB,43.673
Las Vegas Grand Prix,49.0,ZHO,49.551
Las Vegas Grand Prix,49.0,RIC,49.085
Las Vegas Grand Prix,49.0,OCO,18.75
Las Vegas Grand Prix,49.0,HAM,23.488
Las Vegas Grand Prix,49.0,SAI,21.932
Las Vegas Grand Prix,49.0,RUS,19.589
Las Vegas Grand Prix,49.0,BOT,83.97
Las Vegas Grand Prix,49.0,PIA,31.067
Las Vegas Grand Prix,50.0,VER,0.0
Las Vegas Grand Prix,50.0,GAS,34.312
Las Vegas Grand Prix,50.0,PER,2.189
Las Vegas Grand Prix,50.0,ALO,25.967
Las Vegas Grand Prix,50.0,LEC,2.115
Las Vegas Grand Prix,50.0,STR,20.071
Las Vegas Grand Prix,50.0,SAR,50.963
Las Vegas Grand Prix,50.0,MAG,44.864
Las Vegas Grand Prix,50.0,ALB,43.393
Las Vegas Grand Prix,50.0,ZHO,50.229
Las Vegas Grand Prix,50.0,RIC,48.556
Las Vegas Grand Prix,50.0,OCO,18.68
Las Vegas Grand Prix,50.0,HAM,21.784
Las Vegas Grand Prix,50.0,SAI,20.802
Las Vegas Grand Prix,50.0,RUS,18.13
Las Vegas Grand Prix,50.0,BOT,85.401
Las Vegas Grand Prix,50.0,PIA,29.558
Abu Dhabi Grand Prix,1.0,VER,0.0
Abu Dhabi Grand Prix,1.0,LEC,0.929
Abu Dhabi Grand Prix,1.0,RUS,2.586
Abu Dhabi Grand Prix,1.0,PER,5.555
Abu Dhabi Grand Prix,1.0,NOR,2.1189999999999998
Abu Dhabi Grand Prix,1.0,PIA,1.692
Abu Dhabi Grand Prix,1.0,ALO,3.854
Abu Dhabi Grand Prix,1.0,TSU,3.245
Abu Dhabi Grand Prix,1.0,HAM,5.037
Abu Dhabi Grand Prix,1.0,STR,6.531
Abu Dhabi Grand Prix,1.0,RIC,7.758
Abu Dhabi Grand Prix,1.0,OCO,6.007
Abu Dhabi Grand Prix,1.0,GAS,4.446
Abu Dhabi Grand Prix,1.0,ALB,8.435
Abu Dhabi Grand Prix,1.0,HUL,7.101
Abu Dhabi Grand Prix,1.0,SAR,9.832
Abu Dhabi Grand Prix,1.0,ZHO,8.77
Abu Dhabi Grand Prix,1.0,SAI,7.484
Abu Dhabi Grand Prix,1.0,BOT,8.11
Abu Dhabi Grand Prix,1.0,MAG,9.407
Abu Dhabi Grand Prix,2.0,VER,0.0
Abu Dhabi Grand Prix,2.0,LEC,1.336
Abu Dhabi Grand Prix,2.0,RUS,3.474
Abu Dhabi Grand Prix,2.0,PER,6.517
Abu Dhabi Grand Prix,2.0,NOR,2.839
Abu Dhabi Grand Prix,2.0,PIA,2.057
Abu Dhabi Grand Prix,2.0,ALO,4.899
Abu Dhabi Grand Prix,2.0,TSU,4.209
Abu Dhabi Grand Prix,2.0,HAM,6.054
Abu Dhabi Grand Prix,2.0,STR,7.784
Abu Dhabi Grand Prix,2.0,RIC,9.79
Abu Dhabi Grand Prix,2.0,OCO,7.107
Abu Dhabi Grand Prix,2.0,GAS,5.51
Abu Dhabi Grand Prix,2.0,ALB,11.285
Abu Dhabi Grand Prix,2.0,HUL,9.312
Abu Dhabi Grand Prix,2.0,SAR,12.704
Abu Dhabi Grand Prix,2.0,ZHO,10.593
Abu Dhabi Grand Prix,2.0,SAI,8.754
Abu Dhabi Grand Prix,2.0,BOT,10.17
Abu Dhabi Grand Prix,2.0,MAG,11.764
Abu Dhabi Grand Prix,3.0,VER,0.0
Abu Dhabi Grand Prix,3.0,LEC,1.428
Abu Dhabi Grand Prix,3.0,RUS,3.664
Abu Dhabi Grand Prix,3.0,PER,6.578
Abu Dhabi Grand Prix,3.0,NOR,3.145
Abu Dhabi Grand Prix,3.0,PIA,2.2800000000000002
Abu Dhabi Grand Prix,3.0,ALO,5.314
Abu Dhabi Grand Prix,3.0,TSU,4.475
Abu Dhabi Grand Prix,3.0,HAM,7.172
Abu Dhabi Grand Prix,3.0,STR,8.303
Abu Dhabi Grand Prix,3.0,RIC,10.901
Abu Dhabi Grand Prix,3.0,OCO,7.732
Abu Dhabi Grand Prix,3.0,GAS,5.926
Abu Dhabi Grand Prix,3.0,ALB,12.645
Abu Dhabi Grand Prix,3.0,HUL,10.255
Abu Dhabi Grand Prix,3.0,SAR,13.696
Abu Dhabi Grand Prix,3.0,ZHO,12.002
Abu Dhabi Grand Prix,3.0,SAI,9.654
Abu Dhabi Grand Prix,3.0,BOT,11.46
Abu Dhabi Grand Prix,3.0,MAG,13.067
Abu Dhabi Grand Prix,4.0,VER,0.0
Abu Dhabi Grand Prix,4.0,LEC,1.596
Abu Dhabi Grand Prix,4.0,RUS,3.745
Abu Dhabi Grand Prix,4.0,PER,6.621
Abu Dhabi Grand Prix,4.0,NOR,2.617
Abu Dhabi Grand Prix,4.0,PIA,3.38
Abu Dhabi Grand Prix,4.0,ALO,5.258
Abu Dhabi Grand Prix,4.0,TSU,4.516
Abu Dhabi Grand Prix,4.0,HAM,7.3
Abu Dhabi Grand Prix,4.0,STR,8.604
Abu Dhabi Grand Prix,4.0,RIC,11.469
Abu Dhabi Grand Prix,4.0,OCO,8.004
Abu Dhabi Grand Prix,4.0,GAS,5.968
Abu Dhabi Grand Prix,4.0,ALB,13.52
Abu Dhabi Grand Prix,4.0,HUL,10.913
Abu Dhabi Grand Prix,4.0,SAR,14.467
Abu Dhabi Grand Prix,4.0,ZHO,12.589
Abu Dhabi Grand Prix,4.0,SAI,10.037
Abu Dhabi Grand Prix,4.0,BOT,12.025
Abu Dhabi Grand Prix,4.0,MAG,13.943999999999999
Abu Dhabi Grand Prix,5.0,VER,0.0
Abu Dhabi Grand Prix,5.0,LEC,1.5030000000000001
Abu Dhabi Grand Prix,5.0,RUS,3.882
Abu Dhabi Grand Prix,5.0,PER,6.866
Abu Dhabi Grand Prix,5.0,NOR,2.521
Abu Dhabi Grand Prix,5.0,PIA,3.247
Abu Dhabi Grand Prix,5.0,ALO,5.479
Abu Dhabi Grand Prix,5.0,TSU,4.649
Abu Dhabi Grand Prix,5.0,HAM,7.592
Abu Dhabi Grand Prix,5.0,STR,9.146
Abu Dhabi Grand Prix,5.0,RIC,12.243
Abu Dhabi Grand Prix,5.0,OCO,8.446
Abu Dhabi Grand Prix,5.0,GAS,6.18
Abu Dhabi Grand Prix,5.0,ALB,14.39
Abu Dhabi Grand Prix,5.0,HUL,11.588
Abu Dhabi Grand Prix,5.0,SAR,16.19
Abu Dhabi Grand Prix,5.0,ZHO,13.477
Abu Dhabi Grand Prix,5.0,SAI,10.643
Abu Dhabi Grand Prix,5.0,BOT,12.918
Abu Dhabi Grand Prix,5.0,MAG,17.273
Abu Dhabi Grand Prix,6.0,VER,0.0
Abu Dhabi Grand Prix,6.0,LEC,1.607
Abu Dhabi Grand Prix,6.0,RUS,4.25
Abu Dhabi Grand Prix,6.0,PER,7.108
Abu Dhabi Grand Prix,6.0,NOR,2.531
Abu Dhabi Grand Prix,6.0,PIA,3.62
Abu Dhabi Grand Prix,6.0,ALO,5.842
Abu Dhabi Grand Prix,6.0,TSU,4.995
Abu Dhabi Grand Prix,6.0,HAM,7.786
Abu Dhabi Grand Prix,6.0,STR,9.501
Abu Dhabi Grand Prix,6.0,RIC,12.867
Abu Dhabi Grand Prix,6.0,OCO,8.695
Abu Dhabi Grand Prix,6.0,GAS,6.626
Abu Dhabi Grand Prix,6.0,ALB,15.441
Abu Dhabi Grand Prix,6.0,HUL,12.249
Abu Dhabi Grand Prix,6.0,SAR,17.462
Abu Dhabi Grand Prix,6.0,ZHO,14.368
Abu Dhabi Grand Prix,6.0,SAI,11.378
Abu Dhabi Grand Prix,6.0,BOT,13.6
Abu Dhabi Grand Prix,6.0,MAG,37.775
Abu Dhabi Grand Prix,7.0,VER,0.0
Abu Dhabi Grand Prix,7.0,LEC,1.451
Abu Dhabi Grand Prix,7.0,RUS,4.563
Abu Dhabi Grand Prix,7.0,PER,7.397
Abu Dhabi Grand Prix,7.0,NOR,2.535
Abu Dhabi Grand Prix,7.0,PIA,4.044
Abu Dhabi Grand Prix,7.0,ALO,6.095
Abu Dhabi Grand Prix,7.0,TSU,5.292
Abu Dhabi Grand Prix,7.0,HAM,8.156
Abu Dhabi Grand Prix,7.0,STR,10.028
Abu Dhabi Grand Prix,7.0,RIC,15.41
Abu Dhabi Grand Prix,7.0,OCO,9.098
Abu Dhabi Grand Prix,7.0,GAS,6.884
Abu Dhabi Grand Prix,7.0,ALB,16.35
Abu Dhabi Grand Prix,7.0,HUL,13.052
Abu Dhabi Grand Prix,7.0,SAR,18.09
Abu Dhabi Grand Prix,7.0,ZHO,15.066
Abu Dhabi Grand Prix,7.0,SAI,12.15
Abu Dhabi Grand Prix,7.0,BOT,14.26
Abu Dhabi Grand Prix,7.0,MAG,37.691
Abu Dhabi Grand Prix,8.0,VER,0.0
Abu Dhabi Grand Prix,8.0,LEC,1.5659999999999998
Abu Dhabi Grand Prix,8.0,RUS,4.98
Abu Dhabi Grand Prix,8.0,PER,7.874
Abu Dhabi Grand Prix,8.0,NOR,2.695
Abu Dhabi Grand Prix,8.0,PIA,4.323
Abu Dhabi Grand Prix,8.0,ALO,6.688
Abu Dhabi Grand Prix,8.0,TSU,5.873
Abu Dhabi Grand Prix,8.0,HAM,8.701
Abu Dhabi Grand Prix,8.0,STR,10.5
Abu Dhabi Grand Prix,8.0,RIC,35.152
Abu Dhabi Grand Prix,8.0,OCO,9.579
Abu Dhabi Grand Prix,8.0,GAS,7.312
Abu Dhabi Grand Prix,8.0,ALB,17.414
Abu Dhabi Grand Prix,8.0,HUL,14.036
Abu Dhabi Grand Prix,8.0,SAR,19.116
Abu Dhabi Grand Prix,8.0,ZHO,15.868
Abu Dhabi Grand Prix,8.0,SAI,12.897
Abu Dhabi Grand Prix,8.0,BOT,14.95
Abu Dhabi Grand Prix,8.0,MAG,37.487
Abu Dhabi Grand Prix,9.0,VER,0.0
Abu Dhabi Grand Prix,9.0,LEC,1.365
Abu Dhabi Grand Prix,9.0,RUS,5.115
Abu Dhabi Grand Prix,9.0,PER,8.529
Abu Dhabi Grand Prix,9.0,NOR,2.676
Abu Dhabi Grand Prix,9.0,PIA,4.59
Abu Dhabi Grand Prix,9.0,ALO,6.971
Abu Dhabi Grand Prix,9.0,TSU,6.103
Abu Dhabi Grand Prix,9.0,HAM,9.201
Abu Dhabi Grand Prix,9.0,STR,11.063
Abu Dhabi Grand Prix,9.0,RIC,34.335
Abu Dhabi Grand Prix,9.0,OCO,10.02
Abu Dhabi Grand Prix,9.0,GAS,7.985
Abu Dhabi Grand Prix,9.0,ALB,18.426
Abu Dhabi Grand Prix,9.0,HUL,14.949
Abu Dhabi Grand Prix,9.0,SAR,19.892
Abu Dhabi Grand Prix,9.0,ZHO,16.898
Abu Dhabi Grand Prix,9.0,SAI,13.23
Abu Dhabi Grand Prix,9.0,BOT,16.034
Abu Dhabi Grand Prix,9.0,MAG,37.18
Abu Dhabi Grand Prix,10.0,VER,0.0
Abu Dhabi Grand Prix,10.0,LEC,1.468
Abu Dhabi Grand Prix,10.0,RUS,5.749
Abu Dhabi Grand Prix,10.0,PER,9.237
Abu Dhabi Grand Prix,10.0,NOR,3.082
Abu Dhabi Grand Prix,10.0,PIA,5.323
Abu Dhabi Grand Prix,10.0,ALO,7.645
Abu Dhabi Grand Prix,10.0,TSU,6.701
Abu Dhabi Grand Prix,10.0,HAM,9.966
Abu Dhabi Grand Prix,10.0,STR,11.631
Abu Dhabi Grand Prix,10.0,RIC,34.067
Abu Dhabi Grand Prix,10.0,OCO,10.768
Abu Dhabi Grand Prix,10.0,GAS,8.615
Abu Dhabi Grand Prix,10.0,ALB,19.898
Abu Dhabi Grand Prix,10.0,HUL,16.026
Abu Dhabi Grand Prix,10.0,SAR,21.424
Abu Dhabi Grand Prix,10.0,ZHO,18.328
Abu Dhabi Grand Prix,10.0,SAI,14.029
Abu Dhabi Grand Prix,10.0,BOT,17.241
Abu Dhabi Grand Prix,10.0,MAG,37.488
Abu Dhabi Grand Prix,11.0,VER,0.0
Abu Dhabi Grand Prix,11.0,LEC,1.52
Abu Dhabi Grand Prix,11.0,RUS,6.044
Abu Dhabi Grand Prix,11.0,PER,10.211
Abu Dhabi Grand Prix,11.0,NOR,3.749
Abu Dhabi Grand Prix,11.0,PIA,7.21
Abu Dhabi Grand Prix,11.0,ALO,8.465
Abu Dhabi Grand Prix,11.0,TSU,7.612
Abu Dhabi Grand Prix,11.0,HAM,10.783
Abu Dhabi Grand Prix,11.0,STR,12.437
Abu Dhabi Grand Prix,11.0,RIC,33.936
Abu Dhabi Grand Prix,11.0,OCO,11.629
Abu Dhabi Grand Prix,11.0,GAS,9.521
Abu Dhabi Grand Prix,11.0,ALB,21.299
Abu Dhabi Grand Prix,11.0,HUL,17.467
Abu Dhabi Grand Prix,11.0,SAR,22.745
Abu Dhabi Grand Prix,11.0,ZHO,19.612
Abu Dhabi Grand Prix,11.0,SAI,14.553
Abu Dhabi Grand Prix,11.0,BOT,18.296
Abu Dhabi Grand Prix,11.0,MAG,37.978
Abu Dhabi Grand Prix,12.0,VER,0.0
Abu Dhabi Grand Prix,12.0,LEC,1.514
Abu Dhabi Grand Prix,12.0,RUS,6.404
Abu Dhabi Grand Prix,12.0,PER,10.495
Abu Dhabi Grand Prix,12.0,NOR,4.348
Abu Dhabi Grand Prix,12.0,PIA,7.924
Abu Dhabi Grand Prix,12.0,ALO,11.253
Abu Dhabi Grand Prix,12.0,TSU,8.488
Abu Dhabi Grand Prix,12.0,HAM,11.909
Abu Dhabi Grand Prix,12.0,STR,13.402
Abu Dhabi Grand Prix,12.0,RIC,33.424
Abu Dhabi Grand Prix,12.0,OCO,12.566
Abu Dhabi Grand Prix,12.0,GAS,11.423
Abu Dhabi Grand Prix,12.0,ALB,22.667
Abu Dhabi Grand Prix,12.0,HUL,18.704
Abu Dhabi Grand Prix,12.0,SAR,24.044
Abu Dhabi Grand Prix,12.0,ZHO,21.32
Abu Dhabi Grand Prix,12.0,SAI,15.241
Abu Dhabi Grand Prix,12.0,BOT,19.486
Abu Dhabi Grand Prix,12.0,MAG,38.179
Abu Dhabi Grand Prix,13.0,VER,0.0
Abu Dhabi Grand Prix,13.0,LEC,1.77
Abu Dhabi Grand Prix,13.0,RUS,6.659
Abu Dhabi Grand Prix,13.0,PER,11.243
Abu Dhabi Grand Prix,13.0,NOR,4.8
Abu Dhabi Grand Prix,13.0,PIA,10.344
Abu Dhabi Grand Prix,13.0,ALO,30.697
Abu Dhabi Grand Prix,13.0,TSU,9.125
Abu Dhabi Grand Prix,13.0,HAM,13.037
Abu Dhabi Grand Prix,13.0,STR,14.472
Abu Dhabi Grand Prix,13.0,RIC,33.134
Abu Dhabi Grand Prix,13.0,OCO,13.775
Abu Dhabi Grand Prix,13.0,GAS,12.394
Abu Dhabi Grand Prix,13.0,ALB,23.806
Abu Dhabi Grand Prix,13.0,HUL,21.862
Abu Dhabi Grand Prix,13.0,SAR,25.533
Abu Dhabi Grand Prix,13.0,ZHO,24.658
Abu Dhabi Grand Prix,13.0,SAI,16.065
Abu Dhabi Grand Prix,13.0,BOT,20.812
Abu Dhabi Grand Prix,13.0,MAG,38.574
Abu Dhabi Grand Prix,14.0,VER,0.0
Abu Dhabi Grand Prix,14.0,LEC,1.694
Abu Dhabi Grand Prix,14.0,RUS,8.483
Abu Dhabi Grand Prix,14.0,PER,11.786
Abu Dhabi Grand Prix,14.0,NOR,6.547
Abu Dhabi Grand Prix,14.0,PIA,29.781
Abu Dhabi Grand Prix,14.0,ALO,30.516
Abu Dhabi Grand Prix,14.0,TSU,9.328
Abu Dhabi Grand Prix,14.0,HAM,13.822
Abu Dhabi Grand Prix,14.0,STR,15.518
Abu Dhabi Grand Prix,14.0,RIC,32.911
Abu Dhabi Grand Prix,14.0,OCO,14.775
Abu Dhabi Grand Prix,14.0,GAS,13.204
Abu Dhabi Grand Prix,14.0,ALB,24.814
Abu Dhabi Grand Prix,14.0,HUL,41.958
Abu Dhabi Grand Prix,14.0,SAR,26.711
Abu Dhabi Grand Prix,14.0,ZHO,46.413
Abu Dhabi Grand Prix,14.0,SAI,16.834
Abu Dhabi Grand Prix,14.0,BOT,21.874
Abu Dhabi Grand Prix,14.0,MAG,39.001
Abu Dhabi Grand Prix,15.0,VER,0.0
Abu Dhabi Grand Prix,15.0,LEC,2.045
Abu Dhabi Grand Prix,15.0,RUS,27.733
Abu Dhabi Grand Prix,15.0,PER,12.744
Abu Dhabi Grand Prix,15.0,NOR,29.48
Abu Dhabi Grand Prix,15.0,PIA,30.163
Abu Dhabi Grand Prix,15.0,ALO,30.638
Abu Dhabi Grand Prix,15.0,TSU,9.962
Abu Dhabi Grand Prix,15.0,HAM,17.206
Abu Dhabi Grand Prix,15.0,STR,16.563
Abu Dhabi Grand Prix,15.0,RIC,33.119
Abu Dhabi Grand Prix,15.0,OCO,18.175
Abu Dhabi Grand Prix,15.0,GAS,14.923
Abu Dhabi Grand Prix,15.0,ALB,26.276
Abu Dhabi Grand Prix,15.0,HUL,41.824
Abu Dhabi Grand Prix,15.0,SAR,31.3
Abu Dhabi Grand Prix,15.0,ZHO,46.908
Abu Dhabi Grand Prix,15.0,SAI,18.186
Abu Dhabi Grand Prix,15.0,BOT,23.043
Abu Dhabi Grand Prix,15.0,MAG,39.975
Abu Dhabi Grand Prix,16.0,VER,0.0
Abu Dhabi Grand Prix,16.0,LEC,0.198
Abu Dhabi Grand Prix,16.0,RUS,24.712
Abu Dhabi Grand Prix,16.0,PER,11.561
Abu Dhabi Grand Prix,16.0,NOR,26.576
Abu Dhabi Grand Prix,16.0,PIA,27.881
Abu Dhabi Grand Prix,16.0,ALO,28.394
Abu Dhabi Grand Prix,16.0,TSU,8.485
Abu Dhabi Grand Prix,16.0,HAM,35.483
Abu Dhabi Grand Prix,16.0,STR,15.298
Abu Dhabi Grand Prix,16.0,RIC,31.043
Abu Dhabi Grand Prix,16.0,OCO,36.232
Abu Dhabi Grand Prix,16.0,GAS,14.638
Abu Dhabi Grand Prix,16.0,ALB,28.0
Abu Dhabi Grand Prix,16.0,HUL,39.84
Abu Dhabi Grand Prix,16.0,SAR,50.646
Abu Dhabi Grand Prix,16.0,ZHO,45.192
Abu Dhabi Grand Prix,16.0,SAI,16.825
Abu Dhabi Grand Prix,16.0,BOT,21.96
Abu Dhabi Grand Prix,16.0,MAG,39.327
Abu Dhabi Grand Prix,17.0,VER,17.522
Abu Dhabi Grand Prix,17.0,LEC,0.0
Abu Dhabi Grand Prix,17.0,RUS,22.095
Abu Dhabi Grand Prix,17.0,PER,12.151
Abu Dhabi Grand Prix,17.0,NOR,24.043
Abu Dhabi Grand Prix,17.0,PIA,25.169
Abu Dhabi Grand Prix,17.0,ALO,26.036
Abu Dhabi Grand Prix,17.0,TSU,7.047
Abu Dhabi Grand Prix,17.0,HAM,32.912
Abu Dhabi Grand Prix,17.0,STR,13.132
Abu Dhabi Grand Prix,17.0,RIC,28.768
Abu Dhabi Grand Prix,17.0,OCO,33.7
Abu Dhabi Grand Prix,17.0,GAS,16.681
Abu Dhabi Grand Prix,17.0,ALB,47.235
Abu Dhabi Grand Prix,17.0,HUL,37.53
Abu Dhabi Grand Prix,17.0,SAR,48.384
Abu Dhabi Grand Prix,17.0,ZHO,43.418
Abu Dhabi Grand Prix,17.0,SAI,15.78
Abu Dhabi Grand Prix,17.0,BOT,20.855
Abu Dhabi Grand Prix,17.0,MAG,39.115
Abu Dhabi Grand Prix,18.0,VER,9.127
Abu Dhabi Grand Prix,18.0,LEC,12.051
Abu Dhabi Grand Prix,18.0,RUS,13.326
Abu Dhabi Grand Prix,18.0,PER,22.891
Abu Dhabi Grand Prix,18.0,NOR,15.796
Abu Dhabi Grand Prix,18.0,PIA,17.316
Abu Dhabi Grand Prix,18.0,ALO,18.125
Abu Dhabi Grand Prix,18.0,TSU,0.0
Abu Dhabi Grand Prix,18.0,HAM,24.678
Abu Dhabi Grand Prix,18.0,STR,5.852
Abu Dhabi Grand Prix,18.0,RIC,21.174
Abu Dhabi Grand Prix,18.0,OCO,25.685
Abu Dhabi Grand Prix,18.0,GAS,29.795
Abu Dhabi Grand Prix,18.0,ALB,39.407
Abu Dhabi Grand Prix,18.0,HUL,30.874
Abu Dhabi Grand Prix,18.0,SAR,41.388
Abu Dhabi Grand Prix,18.0,ZHO,36.1
Abu Dhabi Grand Prix,18.0,SAI,8.449
Abu Dhabi Grand Prix,18.0,BOT,14.8
Abu Dhabi Grand Prix,18.0,MAG,32.932
Abu Dhabi Grand Prix,19.0,VER,7.06
Abu Dhabi Grand Prix,19.0,LEC,10.506
Abu Dhabi Grand Prix,19.0,RUS,12.231
Abu Dhabi Grand Prix,19.0,PER,20.803
Abu Dhabi Grand Prix,19.0,NOR,14.07
Abu Dhabi Grand Prix,19.0,PIA,16.361
Abu Dhabi Grand Prix,19.0,ALO,16.877
Abu Dhabi Grand Prix,19.0,TSU,0.0
Abu Dhabi Grand Prix,19.0,HAM,23.204
Abu Dhabi Grand Prix,19.0,STR,5.039
Abu Dhabi Grand Prix,19.0,RIC,20.139
Abu Dhabi Grand Prix,19.0,OCO,24.364
Abu Dhabi Grand Prix,19.0,GAS,28.342
Abu Dhabi Grand Prix,19.0,ALB,38.527
Abu Dhabi Grand Prix,19.0,HUL,29.756
Abu Dhabi Grand Prix,19.0,SAR,40.303
Abu Dhabi Grand Prix,19.0,ZHO,35.73
Abu Dhabi Grand Prix,19.0,SAI,8.547
Abu Dhabi Grand Prix,19.0,BOT,15.656
Abu Dhabi Grand Prix,19.0,MAG,33.639
Abu Dhabi Grand Prix,20.0,VER,5.477
Abu Dhabi Grand Prix,20.0,LEC,9.368
Abu Dhabi Grand Prix,20.0,RUS,11.108
Abu Dhabi Grand Prix,20.0,PER,18.699
Abu Dhabi Grand Prix,20.0,NOR,12.761
Abu Dhabi Grand Prix,20.0,PIA,15.238
Abu Dhabi Grand Prix,20.0,ALO,16.046
Abu Dhabi Grand Prix,20.0,TSU,0.0
Abu Dhabi Grand Prix,20.0,HAM,21.65
Abu Dhabi Grand Prix,20.0,STR,4.483
Abu Dhabi Grand Prix,20.0,RIC,20.013
Abu Dhabi Grand Prix,20.0,OCO,23.281
Abu Dhabi Grand Prix,20.0,GAS,27.373
Abu Dhabi Grand Prix,20.0,ALB,37.708
Abu Dhabi Grand Prix,20.0,HUL,28.981
Abu Dhabi Grand Prix,20.0,SAR,39.498
Abu Dhabi Grand Prix,20.0,ZHO,35.618
Abu Dhabi Grand Prix,20.0,SAI,8.269
Abu Dhabi Grand Prix,20.0,BOT,17.24
Abu Dhabi Grand Prix,20.0,MAG,33.949
Abu Dhabi Grand Prix,21.0,VER,3.4699999999999998
Abu Dhabi Grand Prix,21.0,LEC,7.958
Abu Dhabi Grand Prix,21.0,RUS,10.092
Abu Dhabi Grand Prix,21.0,PER,16.551
Abu Dhabi Grand Prix,21.0,NOR,11.408
Abu Dhabi Grand Prix,21.0,PIA,13.992
Abu Dhabi Grand Prix,21.0,ALO,14.799
Abu Dhabi Grand Prix,21.0,TSU,0.0
Abu Dhabi Grand Prix,21.0,HAM,20.366
Abu Dhabi Grand Prix,21.0,STR,4.9719999999999995
Abu Dhabi Grand Prix,21.0,RIC,19.565
Abu Dhabi Grand Prix,21.0,OCO,22.393
Abu Dhabi Grand Prix,21.0,GAS,26.661
Abu Dhabi Grand Prix,21.0,ALB,37.114
Abu Dhabi Grand Prix,21.0,HUL,28.483
Abu Dhabi Grand Prix,21.0,SAR,38.645
Abu Dhabi Grand Prix,21.0,ZHO,35.539
Abu Dhabi Grand Prix,21.0,SAI,9.319
Abu Dhabi Grand Prix,21.0,BOT,18.568
Abu Dhabi Grand Prix,21.0,MAG,34.765
Abu Dhabi Grand Prix,22.0,VER,0.592
Abu Dhabi Grand Prix,22.0,LEC,5.095
Abu Dhabi Grand Prix,22.0,RUS,7.311
Abu Dhabi Grand Prix,22.0,PER,13.703
Abu Dhabi Grand Prix,22.0,NOR,9.234
Abu Dhabi Grand Prix,22.0,PIA,11.921
Abu Dhabi Grand Prix,22.0,ALO,12.695
Abu Dhabi Grand Prix,22.0,TSU,0.0
Abu Dhabi Grand Prix,22.0,HAM,19.301
Abu Dhabi Grand Prix,22.0,STR,5.32
Abu Dhabi Grand Prix,22.0,RIC,17.881
Abu Dhabi Grand Prix,22.0,OCO,20.582
Abu Dhabi Grand Prix,22.0,GAS,24.273
Abu Dhabi Grand Prix,22.0,ALB,35.253
Abu Dhabi Grand Prix,22.0,HUL,26.367
Abu Dhabi Grand Prix,22.0,SAR,36.512
Abu Dhabi Grand Prix,22.0,ZHO,33.325
Abu Dhabi Grand Prix,22.0,SAI,8.823
Abu Dhabi Grand Prix,22.0,BOT,18.923000000000002
Abu Dhabi Grand Prix,22.0,MAG,36.535
Abu Dhabi Grand Prix,23.0,VER,0.0
Abu Dhabi Grand Prix,23.0,LEC,4.716
Abu Dhabi Grand Prix,23.0,RUS,6.757
Abu Dhabi Grand Prix,23.0,PER,13.187
Abu Dhabi Grand Prix,23.0,NOR,9.248
Abu Dhabi Grand Prix,23.0,PIA,11.798
Abu Dhabi Grand Prix,23.0,ALO,12.571
Abu Dhabi Grand Prix,23.0,TSU,20.178
Abu Dhabi Grand Prix,23.0,HAM,19.34
Abu Dhabi Grand Prix,23.0,STR,24.065
Abu Dhabi Grand Prix,23.0,RIC,18.131
Abu Dhabi Grand Prix,23.0,OCO,22.082
Abu Dhabi Grand Prix,23.0,GAS,25.205
Abu Dhabi Grand Prix,23.0,ALB,35.299
Abu Dhabi Grand Prix,23.0,HUL,27.161
Abu Dhabi Grand Prix,23.0,SAR,37.123
Abu Dhabi Grand Prix,23.0,ZHO,33.806
Abu Dhabi Grand Prix,23.0,SAI,12.184
Abu Dhabi Grand Prix,23.0,BOT,21.631
Abu Dhabi Grand Prix,23.0,MAG,57.731
Abu Dhabi Grand Prix,24.0,VER,0.0
Abu Dhabi Grand Prix,24.0,LEC,5.0
Abu Dhabi Grand Prix,24.0,RUS,6.819
Abu Dhabi Grand Prix,24.0,PER,13.895
Abu Dhabi Grand Prix,24.0,NOR,9.746
Abu Dhabi Grand Prix,24.0,PIA,12.463
Abu Dhabi Grand Prix,24.0,ALO,13.371
Abu Dhabi Grand Prix,24.0,TSU,21.198
Abu Dhabi Grand Prix,24.0,HAM,19.908
Abu Dhabi Grand Prix,24.0,STR,25.125
Abu Dhabi Grand Prix,24.0,RIC,19.133
Abu Dhabi Grand Prix,24.0,OCO,23.58
Abu Dhabi Grand Prix,24.0,GAS,26.714
Abu Dhabi Grand Prix,24.0,ALB,36.517
Abu Dhabi Grand Prix,24.0,HUL,28.972
Abu Dhabi Grand Prix,24.0,SAR,38.439
Abu Dhabi Grand Prix,24.0,ZHO,35.47
Abu Dhabi Grand Prix,24.0,SAI,32.148
Abu Dhabi Grand Prix,24.0,BOT,24.698
Abu Dhabi Grand Prix,24.0,MAG,59.886
Abu Dhabi Grand Prix,25.0,VER,0.0
Abu Dhabi Grand Prix,25.0,LEC,5.306
Abu Dhabi Grand Prix,25.0,RUS,6.963
Abu Dhabi Grand Prix,25.0,PER,14.066
Abu Dhabi Grand Prix,25.0,NOR,9.982
Abu Dhabi Grand Prix,25.0,PIA,13.09
Abu Dhabi Grand Prix,25.0,ALO,14.921
Abu Dhabi Grand Prix,25.0,TSU,21.901
Abu Dhabi Grand Prix,25.0,HAM,19.877
Abu Dhabi Grand Prix,25.0,STR,25.594
Abu Dhabi Grand Prix,25.0,RIC,20.864
Abu Dhabi Grand Prix,25.0,OCO,24.517
Abu Dhabi Grand Prix,25.0,GAS,28.165
Abu Dhabi Grand Prix,25.0,ALB,37.771
Abu Dhabi Grand Prix,25.0,HUL,30.439
Abu Dhabi Grand Prix,25.0,SAR,39.568
Abu Dhabi Grand Prix,25.0,ZHO,36.764
Abu Dhabi Grand Prix,25.0,SAI,32.935
Abu Dhabi Grand Prix,25.0,BOT,27.436
Abu Dhabi Grand Prix,25.0,MAG,61.077
Abu Dhabi Grand Prix,26.0,VER,0.0
Abu Dhabi Grand Prix,26.0,LEC,5.672
Abu Dhabi Grand Prix,26.0,RUS,7.214
Abu Dhabi Grand Prix,26.0,PER,14.641
Abu Dhabi Grand Prix,26.0,NOR,10.001
Abu Dhabi Grand Prix,26.0,PIA,13.719
Abu Dhabi Grand Prix,26.0,ALO,15.568
Abu Dhabi Grand Prix,26.0,TSU,22.336
Abu Dhabi Grand Prix,26.0,HAM,20.487
Abu Dhabi Grand Prix,26.0,STR,25.165
Abu Dhabi Grand Prix,26.0,RIC,23.524
Abu Dhabi Grand Prix,26.0,OCO,26.221
Abu Dhabi Grand Prix,26.0,GAS,29.505
Abu Dhabi Grand Prix,26.0,ALB,38.574
Abu Dhabi Grand Prix,26.0,HUL,32.594
Abu Dhabi Grand Prix,26.0,SAR,40.887
Abu Dhabi Grand Prix,26.0,ZHO,39.354
Abu Dhabi Grand Prix,26.0,SAI,33.653
Abu Dhabi Grand Prix,26.0,BOT,30.968
Abu Dhabi Grand Prix,26.0,MAG,62.387
Abu Dhabi Grand Prix,27.0,VER,0.0
Abu Dhabi Grand Prix,27.0,LEC,5.726
Abu Dhabi Grand Prix,27.0,RUS,7.49
Abu Dhabi Grand Prix,27.0,PER,14.825
Abu Dhabi Grand Prix,27.0,NOR,10.325
Abu Dhabi Grand Prix,27.0,PIA,14.165
Abu Dhabi Grand Prix,27.0,ALO,16.641
Abu Dhabi Grand Prix,27.0,TSU,23.122
Abu Dhabi Grand Prix,27.0,HAM,20.899
Abu Dhabi Grand Prix,27.0,STR,26.2
Abu Dhabi Grand Prix,27.0,RIC,25.105
Abu Dhabi Grand Prix,27.0,OCO,27.643
Abu Dhabi Grand Prix,27.0,GAS,30.753
Abu Dhabi Grand Prix,27.0,ALB,40.146
Abu Dhabi Grand Prix,27.0,HUL,35.523
Abu Dhabi Grand Prix,27.0,SAR,42.196
Abu Dhabi Grand Prix,27.0,ZHO,40.817
Abu Dhabi Grand Prix,27.0,SAI,34.338
Abu Dhabi Grand Prix,27.0,BOT,33.629
Abu Dhabi Grand Prix,27.0,MAG,63.922
Abu Dhabi Grand Prix,28.0,VER,0.0
Abu Dhabi Grand Prix,28.0,LEC,6.065
Abu Dhabi Grand Prix,28.0,RUS,7.838
Abu Dhabi Grand Prix,28.0,PER,14.562
Abu Dhabi Grand Prix,28.0,NOR,10.577
Abu Dhabi Grand Prix,28.0,PIA,15.984
Abu Dhabi Grand Prix,28.0,ALO,17.983
Abu Dhabi Grand Prix,28.0,TSU,23.797
Abu Dhabi Grand Prix,28.0,HAM,21.373
Abu Dhabi Grand Prix,28.0,STR,27.295
Abu Dhabi Grand Prix,28.0,RIC,26.585
Abu Dhabi Grand Prix,28.0,OCO,28.748
Abu Dhabi Grand Prix,28.0,GAS,32.032
Abu Dhabi Grand Prix,28.0,ALB,41.56
Abu Dhabi Grand Prix,28.0,HUL,37.886
Abu Dhabi Grand Prix,28.0,SAR,43.966
Abu Dhabi Grand Prix,28.0,ZHO,42.382
Abu Dhabi Grand Prix,28.0,SAI,35.098
Abu Dhabi Grand Prix,28.0,BOT,36.836
Abu Dhabi Grand Prix,28.0,MAG,65.414
Abu Dhabi Grand Prix,29.0,VER,0.0
Abu Dhabi Grand Prix,29.0,LEC,6.438
Abu Dhabi Grand Prix,29.0,RUS,8.377
Abu Dhabi Grand Prix,29.0,PER,14.942
Abu Dhabi Grand Prix,29.0,NOR,10.82
Abu Dhabi Grand Prix,29.0,PIA,17.141
Abu Dhabi Grand Prix,29.0,ALO,18.809
Abu Dhabi Grand Prix,29.0,TSU,24.302
Abu Dhabi Grand Prix,29.0,HAM,22.032
Abu Dhabi Grand Prix,29.0,STR,27.714
Abu Dhabi Grand Prix,29.0,RIC,28.709
Abu Dhabi Grand Prix,29.0,OCO,30.069
Abu Dhabi Grand Prix,29.0,GAS,33.178
Abu Dhabi Grand Prix,29.0,ALB,42.965
Abu Dhabi Grand Prix,29.0,HUL,40.471
Abu Dhabi Grand Prix,29.0,SAR,45.476
Abu Dhabi Grand Prix,29.0,ZHO,43.807
Abu Dhabi Grand Prix,29.0,SAI,35.555
Abu Dhabi Grand Prix,29.0,BOT,41.747
Abu Dhabi Grand Prix,29.0,MAG,66.859
Abu Dhabi Grand Prix,30.0,VER,0.0
Abu Dhabi Grand Prix,30.0,LEC,6.6
Abu Dhabi Grand Prix,30.0,RUS,8.951
Abu Dhabi Grand Prix,30.0,PER,15.156
Abu Dhabi Grand Prix,30.0,NOR,11.054
Abu Dhabi Grand Prix,30.0,PIA,18.372
Abu Dhabi Grand Prix,30.0,ALO,19.958
Abu Dhabi Grand Prix,30.0,TSU,25.025
Abu Dhabi Grand Prix,30.0,HAM,22.884
Abu Dhabi Grand Prix,30.0,STR,28.184
Abu Dhabi Grand Prix,30.0,RIC,30.121
Abu Dhabi Grand Prix,30.0,OCO,31.317
Abu Dhabi Grand Prix,30.0,GAS,34.304
Abu Dhabi Grand Prix,30.0,ALB,44.29
Abu Dhabi Grand Prix,30.0,HUL,41.872
Abu Dhabi Grand Prix,30.0,SAR,46.852
Abu Dhabi Grand Prix,30.0,ZHO,45.595
Abu Dhabi Grand Prix,30.0,SAI,35.989
Abu Dhabi Grand Prix,30.0,BOT,65.567
Abu Dhabi Grand Prix,30.0,MAG,67.709
Abu Dhabi Grand Prix,31.0,VER,0.0
Abu Dhabi Grand Prix,31.0,LEC,7.005
Abu Dhabi Grand Prix,31.0,RUS,9.204
Abu Dhabi Grand Prix,31.0,PER,15.42
Abu Dhabi Grand Prix,31.0,NOR,11.915
Abu Dhabi Grand Prix,31.0,PIA,19.305
Abu Dhabi Grand Prix,31.0,ALO,20.937
Abu Dhabi Grand Prix,31.0,TSU,25.543
Abu Dhabi Grand Prix,31.0,HAM,23.541
Abu Dhabi Grand Prix,31.0,STR,28.741
Abu Dhabi Grand Prix,31.0,RIC,33.456
Abu Dhabi Grand Prix,31.0,OCO,32.487
Abu Dhabi Grand Prix,31.0,GAS,35.394
Abu Dhabi Grand Prix,31.0,ALB,45.696
Abu Dhabi Grand Prix,31.0,HUL,43.316
Abu Dhabi Grand Prix,31.0,SAR,48.35
Abu Dhabi Grand Prix,31.0,ZHO,47.381
Abu Dhabi Grand Prix,31.0,SAI,36.604
Abu Dhabi Grand Prix,31.0,BOT,67.726
Abu Dhabi Grand Prix,31.0,MAG,69.191
Abu Dhabi Grand Prix,32.0,VER,0.0
Abu Dhabi Grand Prix,32.0,LEC,7.72
Abu Dhabi Grand Prix,32.0,RUS,9.796
Abu Dhabi Grand Prix,32.0,PER,15.634
Abu Dhabi Grand Prix,32.0,NOR,12.657
Abu Dhabi Grand Prix,32.0,PIA,20.052
Abu Dhabi Grand Prix,32.0,ALO,21.644
Abu Dhabi Grand Prix,32.0,TSU,26.411
Abu Dhabi Grand Prix,32.0,HAM,24.317
Abu Dhabi Grand Prix,32.0,STR,29.472
Abu Dhabi Grand Prix,32.0,RIC,54.414
Abu Dhabi Grand Prix,32.0,OCO,33.63
Abu Dhabi Grand Prix,32.0,GAS,38.857
Abu Dhabi Grand Prix,32.0,ALB,46.946
Abu Dhabi Grand Prix,32.0,HUL,45.061
Abu Dhabi Grand Prix,32.0,SAR,50.38
Abu Dhabi Grand Prix,32.0,ZHO,49.155
Abu Dhabi Grand Prix,32.0,SAI,37.401
Abu Dhabi Grand Prix,32.0,BOT,68.871
Abu Dhabi Grand Prix,32.0,MAG,70.775
Abu Dhabi Grand Prix,33.0,VER,0.0
Abu Dhabi Grand Prix,33.0,LEC,8.276
Abu Dhabi Grand Prix,33.0,RUS,10.252
Abu Dhabi Grand Prix,33.0,PER,15.758
Abu Dhabi Grand Prix,33.0,NOR,14.965
Abu Dhabi Grand Prix,33.0,PIA,20.692
Abu Dhabi Grand Prix,33.0,ALO,22.933
Abu Dhabi Grand Prix,33.0,TSU,27.033
Abu Dhabi Grand Prix,33.0,HAM,24.954
Abu Dhabi Grand Prix,33.0,STR,30.463
Abu Dhabi Grand Prix,33.0,RIC,54.626
Abu Dhabi Grand Prix,33.0,OCO,34.737
Abu Dhabi Grand Prix,33.0,GAS,61.021
Abu Dhabi Grand Prix,33.0,ALB,48.256
Abu Dhabi Grand Prix,33.0,HUL,48.379
Abu Dhabi Grand Prix,33.0,SAR,52.121
Abu Dhabi Grand Prix,33.0,ZHO,50.862
Abu Dhabi Grand Prix,33.0,SAI,38.024
Abu Dhabi Grand Prix,33.0,BOT,70.357
Abu Dhabi Grand Prix,33.0,MAG,72.075
Abu Dhabi Grand Prix,34.0,VER,0.0
Abu Dhabi Grand Prix,34.0,LEC,8.646
Abu Dhabi Grand Prix,34.0,RUS,12.137
Abu Dhabi Grand Prix,34.0,PER,15.997
Abu Dhabi Grand Prix,34.0,NOR,33.585
Abu Dhabi Grand Prix,34.0,PIA,21.456
Abu Dhabi Grand Prix,34.0,ALO,23.74
Abu Dhabi Grand Prix,34.0,TSU,27.932
Abu Dhabi Grand Prix,34.0,HAM,25.666
Abu Dhabi Grand Prix,34.0,STR,31.307
Abu Dhabi Grand Prix,34.0,RIC,55.133
Abu Dhabi Grand Prix,34.0,OCO,35.693
Abu Dhabi Grand Prix,34.0,GAS,61.095
Abu Dhabi Grand Prix,34.0,ALB,49.205
Abu Dhabi Grand Prix,34.0,HUL,69.5
Abu Dhabi Grand Prix,34.0,SAR,53.813
Abu Dhabi Grand Prix,34.0,ZHO,52.726
Abu Dhabi Grand Prix,34.0,SAI,38.621
Abu Dhabi Grand Prix,34.0,BOT,71.753
Abu Dhabi Grand Prix,34.0,MAG,73.45
Abu Dhabi Grand Prix,35.0,VER,0.0
Abu Dhabi Grand Prix,35.0,LEC,10.941
Abu Dhabi Grand Prix,35.0,RUS,32.318
Abu Dhabi Grand Prix,35.0,PER,16.092
Abu Dhabi Grand Prix,35.0,NOR,33.173
Abu Dhabi Grand Prix,35.0,PIA,22.166
Abu Dhabi Grand Prix,35.0,ALO,24.461
Abu Dhabi Grand Prix,35.0,TSU,28.557
Abu Dhabi Grand Prix,35.0,HAM,27.842
Abu Dhabi Grand Prix,35.0,STR,32.061
Abu Dhabi Grand Prix,35.0,RIC,55.799
Abu Dhabi Grand Prix,35.0,OCO,37.019
Abu Dhabi Grand Prix,35.0,GAS,60.963
Abu Dhabi Grand Prix,35.0,ALB,50.044
Abu Dhabi Grand Prix,35.0,HUL,70.85
Abu Dhabi Grand Prix,35.0,SAR,55.21
Abu Dhabi Grand Prix,35.0,ZHO,54.172
Abu Dhabi Grand Prix,35.0,SAI,38.967
Abu Dhabi Grand Prix,35.0,BOT,73.006
Abu Dhabi Grand Prix,35.0,MAG,74.715
Abu Dhabi Grand Prix,36.0,VER,0.0
Abu Dhabi Grand Prix,36.0,LEC,30.859
Abu Dhabi Grand Prix,36.0,RUS,32.103
Abu Dhabi Grand Prix,36.0,PER,16.118
Abu Dhabi Grand Prix,36.0,NOR,34.152
Abu Dhabi Grand Prix,36.0,PIA,24.844
Abu Dhabi Grand Prix,36.0,ALO,27.607
Abu Dhabi Grand Prix,36.0,TSU,29.295
Abu Dhabi Grand Prix,36.0,HAM,47.721
Abu Dhabi Grand Prix,36.0,STR,33.645
Abu Dhabi Grand Prix,36.0,RIC,57.428
Abu Dhabi Grand Prix,36.0,OCO,38.739
Abu Dhabi Grand Prix,36.0,GAS,61.412
Abu Dhabi Grand Prix,36.0,ALB,51.483
Abu Dhabi Grand Prix,36.0,HUL,71.639
Abu Dhabi Grand Prix,36.0,SAR,57.048
Abu Dhabi Grand Prix,36.0,ZHO,55.94
Abu Dhabi Grand Prix,36.0,SAI,40.293
Abu Dhabi Grand Prix,36.0,BOT,74.311
Abu Dhabi Grand Prix,36.0,MAG,76.487
Abu Dhabi Grand Prix,37.0,VER,0.0
Abu Dhabi Grand Prix,37.0,LEC,30.984
Abu Dhabi Grand Prix,37.0,RUS,32.136
Abu Dhabi Grand Prix,37.0,PER,16.2
Abu Dhabi Grand Prix,37.0,NOR,34.462
Abu Dhabi Grand Prix,37.0,PIA,43.467
Abu Dhabi Grand Prix,37.0,ALO,48.976
Abu Dhabi Grand Prix,37.0,TSU,30.219
Abu Dhabi Grand Prix,37.0,HAM,48.343
Abu Dhabi Grand Prix,37.0,STR,35.486
Abu Dhabi Grand Prix,37.0,RIC,60.486
Abu Dhabi Grand Prix,37.0,OCO,40.136
Abu Dhabi Grand Prix,37.0,GAS,62.512
Abu Dhabi Grand Prix,37.0,ALB,52.986
Abu Dhabi Grand Prix,37.0,HUL,72.476
Abu Dhabi Grand Prix,37.0,SAR,59.918
Abu Dhabi Grand Prix,37.0,ZHO,59.966
Abu Dhabi Grand Prix,37.0,SAI,41.19
Abu Dhabi Grand Prix,37.0,BOT,75.647
Abu Dhabi Grand Prix,37.0,MAG,77.922
Abu Dhabi Grand Prix,38.0,VER,0.0
Abu Dhabi Grand Prix,38.0,LEC,30.647
Abu Dhabi Grand Prix,38.0,RUS,32.306
Abu Dhabi Grand Prix,38.0,PER,16.17
Abu Dhabi Grand Prix,38.0,NOR,34.985
Abu Dhabi Grand Prix,38.0,PIA,42.532
Abu Dhabi Grand Prix,38.0,ALO,48.812
Abu Dhabi Grand Prix,38.0,TSU,31.725
Abu Dhabi Grand Prix,38.0,HAM,49.643
Abu Dhabi Grand Prix,38.0,STR,36.816
Abu Dhabi Grand Prix,38.0,RIC,62.421
Abu Dhabi Grand Prix,38.0,OCO,41.201
Abu Dhabi Grand Prix,38.0,GAS,63.537
Abu Dhabi Grand Prix,38.0,ALB,54.151
Abu Dhabi Grand Prix,38.0,HUL,72.865
Abu Dhabi Grand Prix,38.0,SAR,62.076
Abu Dhabi Grand Prix,38.0,ZHO,81.789
Abu Dhabi Grand Prix,38.0,SAI,41.863
Abu Dhabi Grand Prix,38.0,BOT,76.59
Abu Dhabi Grand Prix,38.0,MAG,79.225
Abu Dhabi Grand Prix,39.0,VER,0.0
Abu Dhabi Grand Prix,39.0,LEC,30.557
Abu Dhabi Grand Prix,39.0,RUS,32.651
Abu Dhabi Grand Prix,39.0,PER,16.451
Abu Dhabi Grand Prix,39.0,NOR,35.568
Abu Dhabi Grand Prix,39.0,PIA,42.333
Abu Dhabi Grand Prix,39.0,ALO,48.763
Abu Dhabi Grand Prix,39.0,TSU,33.889
Abu Dhabi Grand Prix,39.0,HAM,50.015
Abu Dhabi Grand Prix,39.0,STR,38.272
Abu Dhabi Grand Prix,39.0,RIC,63.64
Abu Dhabi Grand Prix,39.0,OCO,44.447
Abu Dhabi Grand Prix,39.0,GAS,65.485
Abu Dhabi Grand Prix,39.0,ALB,55.799
Abu Dhabi Grand Prix,39.0,HUL,74.107
Abu Dhabi Grand Prix,39.0,SAR,65.216
Abu Dhabi Grand Prix,39.0,ZHO,81.891
Abu Dhabi Grand Prix,39.0,SAI,43.595
Abu Dhabi Grand Prix,39.0,BOT,77.742
Abu Dhabi Grand Prix,39.0,MAG,80.801
Abu Dhabi Grand Prix,40.0,VER,0.0
Abu Dhabi Grand Prix,40.0,LEC,30.05
Abu Dhabi Grand Prix,40.0,RUS,32.281
Abu Dhabi Grand Prix,40.0,PER,16.307
Abu Dhabi Grand Prix,40.0,NOR,35.758
Abu Dhabi Grand Prix,40.0,PIA,41.963
Abu Dhabi Grand Prix,40.0,ALO,48.327
Abu Dhabi Grand Prix,40.0,TSU,34.469
Abu Dhabi Grand Prix,40.0,HAM,49.829
Abu Dhabi Grand Prix,40.0,STR,39.318
Abu Dhabi Grand Prix,40.0,RIC,63.428
Abu Dhabi Grand Prix,40.0,OCO,45.841
Abu Dhabi Grand Prix,40.0,GAS,66.291
Abu Dhabi Grand Prix,40.0,ALB,57.077
Abu Dhabi Grand Prix,40.0,HUL,75.175
Abu Dhabi Grand Prix,40.0,SAR,67.917
Abu Dhabi Grand Prix,40.0,ZHO,81.919
Abu Dhabi Grand Prix,40.0,SAI,44.177
Abu Dhabi Grand Prix,40.0,BOT,79.034
Abu Dhabi Grand Prix,40.0,MAG,83.185
Abu Dhabi Grand Prix,41.0,VER,0.0
Abu Dhabi Grand Prix,41.0,LEC,29.513
Abu Dhabi Grand Prix,41.0,RUS,31.89
Abu Dhabi Grand Prix,41.0,PER,16.499
Abu Dhabi Grand Prix,41.0,NOR,35.819
Abu Dhabi Grand Prix,41.0,PIA,41.722
Abu Dhabi Grand Prix,41.0,ALO,48.134
Abu Dhabi Grand Prix,41.0,TSU,34.977
Abu Dhabi Grand Prix,41.0,HAM,49.636
Abu Dhabi Grand Prix,41.0,STR,40.306
Abu Dhabi Grand Prix,41.0,RIC,63.263
Abu Dhabi Grand Prix,41.0,OCO,47.09
Abu Dhabi Grand Prix,41.0,GAS,66.909
Abu Dhabi Grand Prix,41.0,ALB,58.384
Abu Dhabi Grand Prix,41.0,HUL,76.065
Abu Dhabi Grand Prix,41.0,SAR,71.61
Abu Dhabi Grand Prix,41.0,ZHO,82.318
Abu Dhabi Grand Prix,41.0,SAI,44.669
Abu Dhabi Grand Prix,41.0,BOT,80.192
Abu Dhabi Grand Prix,41.0,MAG,84.662
Abu Dhabi Grand Prix,42.0,VER,0.0
Abu Dhabi Grand Prix,42.0,LEC,28.708
Abu Dhabi Grand Prix,42.0,RUS,31.6
Abu Dhabi Grand Prix,42.0,PER,18.375
Abu Dhabi Grand Prix,42.0,NOR,35.259
Abu Dhabi Grand Prix,42.0,PIA,41.618
Abu Dhabi Grand Prix,42.0,ALO,47.308
Abu Dhabi Grand Prix,42.0,TSU,36.244
Abu Dhabi Grand Prix,42.0,HAM,49.347
Abu Dhabi Grand Prix,42.0,STR,42.864
Abu Dhabi Grand Prix,42.0,RIC,62.762
Abu Dhabi Grand Prix,42.0,OCO,48.75
Abu Dhabi Grand Prix,42.0,GAS,67.058
Abu Dhabi Grand Prix,42.0,ALB,59.657
Abu Dhabi Grand Prix,42.0,HUL,76.379
Abu Dhabi Grand Prix,42.0,SAR,92.555
Abu Dhabi Grand Prix,42.0,ZHO,82.208
Abu Dhabi Grand Prix,42.0,SAI,45.039
Abu Dhabi Grand Prix,42.0,BOT,80.973
Abu Dhabi Grand Prix,42.0,MAG,85.936
Abu Dhabi Grand Prix,43.0,VER,0.0
Abu Dhabi Grand Prix,43.0,LEC,25.528
Abu Dhabi Grand Prix,43.0,RUS,28.733
Abu Dhabi Grand Prix,43.0,PER,35.063
Abu Dhabi Grand Prix,43.0,NOR,32.716
Abu Dhabi Grand Prix,43.0,PIA,38.559
Abu Dhabi Grand Prix,43.0,ALO,44.686
Abu Dhabi Grand Prix,43.0,TSU,34.512
Abu Dhabi Grand Prix,43.0,HAM,46.667
Abu Dhabi Grand Prix,43.0,STR,59.713
Abu Dhabi Grand Prix,43.0,RIC,61.426
Abu Dhabi Grand Prix,43.0,OCO,48.44
Abu Dhabi Grand Prix,43.0,GAS,65.384
Abu Dhabi Grand Prix,43.0,ALB,60.441
Abu Dhabi Grand Prix,43.0,HUL,74.473
Abu Dhabi Grand Prix,43.0,SAR,89.744
Abu Dhabi Grand Prix,43.0,ZHO,79.563
Abu Dhabi Grand Prix,43.0,SAI,43.26
Abu Dhabi Grand Prix,43.0,BOT,81.0
Abu Dhabi Grand Prix,43.0,MAG,84.602
Abu Dhabi Grand Prix,44.0,VER,0.0
Abu Dhabi Grand Prix,44.0,LEC,5.557
Abu Dhabi Grand Prix,44.0,RUS,8.923
Abu Dhabi Grand Prix,44.0,PER,14.386
Abu Dhabi Grand Prix,44.0,NOR,13.085
Abu Dhabi Grand Prix,44.0,PIA,18.878
Abu Dhabi Grand Prix,44.0,ALO,25.502
Abu Dhabi Grand Prix,44.0,TSU,16.074
Abu Dhabi Grand Prix,44.0,HAM,27.487
Abu Dhabi Grand Prix,44.0,STR,39.593
Abu Dhabi Grand Prix,44.0,RIC,42.074
Abu Dhabi Grand Prix,44.0,OCO,30.701
Abu Dhabi Grand Prix,44.0,GAS,46.984
Abu Dhabi Grand Prix,44.0,ALB,61.656
Abu Dhabi Grand Prix,44.0,HUL,55.845
Abu Dhabi Grand Prix,44.0,SAR,70.219
Abu Dhabi Grand Prix,44.0,ZHO,60.476
Abu Dhabi Grand Prix,44.0,SAI,24.899
Abu Dhabi Grand Prix,44.0,BOT,62.829
Abu Dhabi Grand Prix,44.0,MAG,66.516
Abu Dhabi Grand Prix,45.0,VER,0.0
Abu Dhabi Grand Prix,45.0,LEC,6.959
Abu Dhabi Grand Prix,45.0,RUS,10.117
Abu Dhabi Grand Prix,45.0,PER,15.23
Abu Dhabi Grand Prix,45.0,NOR,14.256
Abu Dhabi Grand Prix,45.0,PIA,20.034
Abu Dhabi Grand Prix,45.0,ALO,28.686
Abu Dhabi Grand Prix,45.0,TSU,18.396
Abu Dhabi Grand Prix,45.0,HAM,29.517
Abu Dhabi Grand Prix,45.0,STR,40.777
Abu Dhabi Grand Prix,45.0,RIC,43.786
Abu Dhabi Grand Prix,45.0,OCO,33.871
Abu Dhabi Grand Prix,45.0,GAS,49.494
Abu Dhabi Grand Prix,45.0,ALB,62.508
Abu Dhabi Grand Prix,45.0,HUL,58.352
Abu Dhabi Grand Prix,45.0,SAR,72.017
Abu Dhabi Grand Prix,45.0,ZHO,63.373
Abu Dhabi Grand Prix,45.0,SAI,28.038
Abu Dhabi Grand Prix,45.0,BOT,66.331
Abu Dhabi Grand Prix,45.0,MAG,69.633
Abu Dhabi Grand Prix,46.0,VER,0.0
Abu Dhabi Grand Prix,46.0,LEC,7.503
Abu Dhabi Grand Prix,46.0,RUS,10.407
Abu Dhabi Grand Prix,46.0,PER,15.242
Abu Dhabi Grand Prix,46.0,NOR,14.541
Abu Dhabi Grand Prix,46.0,PIA,20.938
Abu Dhabi Grand Prix,46.0,ALO,29.338
Abu Dhabi Grand Prix,46.0,TSU,19.904
Abu Dhabi Grand Prix,46.0,HAM,31.344
Abu Dhabi Grand Prix,46.0,STR,41.114
Abu Dhabi Grand Prix,46.0,RIC,44.592
Abu Dhabi Grand Prix,46.0,OCO,36.082
Abu Dhabi Grand Prix,46.0,GAS,51.02
Abu Dhabi Grand Prix,46.0,ALB,63.3
Abu Dhabi Grand Prix,46.0,HUL,59.906
Abu Dhabi Grand Prix,46.0,SAR,73.033
Abu Dhabi Grand Prix,46.0,ZHO,64.795
Abu Dhabi Grand Prix,46.0,SAI,30.848
Abu Dhabi Grand Prix,46.0,BOT,68.427
Abu Dhabi Grand Prix,46.0,MAG,71.665
Abu Dhabi Grand Prix,47.0,VER,0.0
Abu Dhabi Grand Prix,47.0,LEC,7.7620000000000005
Abu Dhabi Grand Prix,47.0,RUS,10.706
Abu Dhabi Grand Prix,47.0,PER,15.681000000000001
Abu Dhabi Grand Prix,47.0,NOR,15.147
Abu Dhabi Grand Prix,47.0,PIA,22.242
Abu Dhabi Grand Prix,47.0,ALO,30.001
Abu Dhabi Grand Prix,47.0,TSU,21.277
Abu Dhabi Grand Prix,47.0,HAM,32.91
Abu Dhabi Grand Prix,47.0,STR,41.687
Abu Dhabi Grand Prix,47.0,RIC,45.201
Abu Dhabi Grand Prix,47.0,OCO,38.297
Abu Dhabi Grand Prix,47.0,GAS,52.784
Abu Dhabi Grand Prix,47.0,ALB,64.078
Abu Dhabi Grand Prix,47.0,HUL,61.979
Abu Dhabi Grand Prix,47.0,SAR,74.529
Abu Dhabi Grand Prix,47.0,ZHO,66.242
Abu Dhabi Grand Prix,47.0,SAI,33.988
Abu Dhabi Grand Prix,47.0,BOT,70.913
Abu Dhabi Grand Prix,47.0,MAG,75.626
Abu Dhabi Grand Prix,48.0,VER,0.0
Abu Dhabi Grand Prix,48.0,LEC,8.213
Abu Dhabi Grand Prix,48.0,RUS,11.268
Abu Dhabi Grand Prix,48.0,PER,15.683
Abu Dhabi Grand Prix,48.0,NOR,16.942
Abu Dhabi Grand Prix,48.0,PIA,23.335
Abu Dhabi Grand Prix,48.0,ALO,30.625
Abu Dhabi Grand Prix,48.0,TSU,24.241
Abu Dhabi Grand Prix,48.0,HAM,33.756
Abu Dhabi Grand Prix,48.0,STR,42.358
Abu Dhabi Grand Prix,48.0,RIC,45.935
Abu Dhabi Grand Prix,48.0,OCO,40.688
Abu Dhabi Grand Prix,48.0,GAS,54.321
Abu Dhabi Grand Prix,48.0,ALB,65.03
Abu Dhabi Grand Prix,48.0,HUL,64.132
Abu Dhabi Grand Prix,48.0,SAR,76.492
Abu Dhabi Grand Prix,48.0,ZHO,67.657
Abu Dhabi Grand Prix,48.0,SAI,36.585
Abu Dhabi Grand Prix,48.0,BOT,73.437
Abu Dhabi Grand Prix,48.0,MAG,78.315
Abu Dhabi Grand Prix,49.0,VER,0.0
Abu Dhabi Grand Prix,49.0,LEC,8.708
Abu Dhabi Grand Prix,49.0,RUS,11.795
Abu Dhabi Grand Prix,49.0,PER,15.708
Abu Dhabi Grand Prix,49.0,NOR,17.838
Abu Dhabi Grand Prix,49.0,PIA,24.879
Abu Dhabi Grand Prix,49.0,ALO,31.224
Abu Dhabi Grand Prix,49.0,TSU,26.291
Abu Dhabi Grand Prix,49.0,HAM,34.664
Abu Dhabi Grand Prix,49.0,STR,43.487
Abu Dhabi Grand Prix,49.0,RIC,46.825
Abu Dhabi Grand Prix,49.0,OCO,43.045
Abu Dhabi Grand Prix,49.0,GAS,55.938
Abu Dhabi Grand Prix,49.0,ALB,65.89
Abu Dhabi Grand Prix,49.0,HUL,66.936
Abu Dhabi Grand Prix,49.0,SAR,77.487
Abu Dhabi Grand Prix,49.0,ZHO,69.522
Abu Dhabi Grand Prix,49.0,SAI,38.717
Abu Dhabi Grand Prix,49.0,BOT,76.224
Abu Dhabi Grand Prix,49.0,MAG,80.967
Abu Dhabi Grand Prix,50.0,VER,0.0
Abu Dhabi Grand Prix,50.0,LEC,8.926
Abu Dhabi Grand Prix,50.0,RUS,12.155
Abu Dhabi Grand Prix,50.0,PER,15.426
Abu Dhabi Grand Prix,50.0,NOR,18.432
Abu Dhabi Grand Prix,50.0,PIA,25.6
Abu Dhabi Grand Prix,50.0,ALO,31.803
Abu Dhabi Grand Prix,50.0,TSU,27.894
Abu Dhabi Grand Prix,50.0,HAM,35.209
Abu Dhabi Grand Prix,50.0,STR,44.257
Abu Dhabi Grand Prix,50.0,RIC,47.85
Abu Dhabi Grand Prix,50.0,OCO,45.991
Abu Dhabi Grand Prix,50.0,GAS,57.447
Abu Dhabi Grand Prix,50.0,ALB,66.861
Abu Dhabi Grand Prix,50.0,HUL,69.096
Abu Dhabi Grand Prix,50.0,SAR,78.427
Abu Dhabi Grand Prix,50.0,ZHO,71.186
Abu Dhabi Grand Prix,50.0,SAI,40.55
Abu Dhabi Grand Prix,50.0,BOT,79.77
Abu Dhabi Grand Prix,50.0,MAG,83.436
Abu Dhabi Grand Prix,51.0,VER,0.0
Abu Dhabi Grand Prix,51.0,LEC,9.772
Abu Dhabi Grand Prix,51.0,RUS,12.998
Abu Dhabi Grand Prix,51.0,PER,15.443
Abu Dhabi Grand Prix,51.0,NOR,19.109
Abu Dhabi Grand Prix,51.0,PIA,26.307
Abu Dhabi Grand Prix,51.0,ALO,32.445
Abu Dhabi Grand Prix,51.0,TSU,29.574
Abu Dhabi Grand Prix,51.0,HAM,35.891
Abu Dhabi Grand Prix,51.0,STR,45.209
Abu Dhabi Grand Prix,51.0,RIC,49.333
Abu Dhabi Grand Prix,51.0,OCO,48.452
Abu Dhabi Grand Prix,51.0,GAS,59.043
Abu Dhabi Grand Prix,51.0,ALB,67.687
Abu Dhabi Grand Prix,51.0,HUL,71.326
Abu Dhabi Grand Prix,51.0,SAR,79.415
Abu Dhabi Grand Prix,51.0,ZHO,73.039
Abu Dhabi Grand Prix,51.0,SAI,42.419
Abu Dhabi Grand Prix,51.0,BOT,82.938
Abu Dhabi Grand Prix,51.0,MAG,86.019
Abu Dhabi Grand Prix,52.0,VER,0.0
Abu Dhabi Grand Prix,52.0,LEC,10.524000000000001
Abu Dhabi Grand Prix,52.0,RUS,14.024
Abu Dhabi Grand Prix,52.0,PER,15.478
Abu Dhabi Grand Prix,52.0,NOR,20.097
Abu Dhabi Grand Prix,52.0,PIA,26.853
Abu Dhabi Grand Prix,52.0,ALO,33.198
Abu Dhabi Grand Prix,52.0,TSU,31.177
Abu Dhabi Grand Prix,52.0,HAM,36.412
Abu Dhabi Grand Prix,52.0,STR,46.222
Abu Dhabi Grand Prix,52.0,RIC,50.225
Abu Dhabi Grand Prix,52.0,OCO,51.585
Abu Dhabi Grand Prix,52.0,GAS,60.779
Abu Dhabi Grand Prix,52.0,ALB,68.238
Abu Dhabi Grand Prix,52.0,HUL,73.58
Abu Dhabi Grand Prix,52.0,SAR,80.204
Abu Dhabi Grand Prix,52.0,ZHO,74.796
Abu Dhabi Grand Prix,52.0,SAI,44.213
Abu Dhabi Grand Prix,52.0,BOT,86.011
Abu Dhabi Grand Prix,52.0,MAG,89.665
Abu Dhabi Grand Prix,53.0,VER,0.0
Abu Dhabi Grand Prix,53.0,LEC,11.386
Abu Dhabi Grand Prix,53.0,RUS,15.166
Abu Dhabi Grand Prix,53.0,PER,16.102
Abu Dhabi Grand Prix,53.0,NOR,20.971
Abu Dhabi Grand Prix,53.0,PIA,27.958
Abu Dhabi Grand Prix,53.0,ALO,34.229
Abu Dhabi Grand Prix,53.0,TSU,32.907
Abu Dhabi Grand Prix,53.0,HAM,37.203
Abu Dhabi Grand Prix,53.0,STR,47.744
Abu Dhabi Grand Prix,53.0,RIC,51.284
Abu Dhabi Grand Prix,53.0,OCO,54.185
Abu Dhabi Grand Prix,53.0,GAS,62.628
Abu Dhabi Grand Prix,53.0,ALB,69.163
Abu Dhabi Grand Prix,53.0,HUL,75.987
Abu Dhabi Grand Prix,53.0,SAR,81.464
Abu Dhabi Grand Prix,53.0,ZHO,76.894
Abu Dhabi Grand Prix,53.0,SAI,46.305
Abu Dhabi Grand Prix,53.0,BOT,90.041
Abu Dhabi Grand Prix,53.0,MAG,92.427
Abu Dhabi Grand Prix,54.0,VER,0.0
Abu Dhabi Grand Prix,54.0,LEC,12.651
Abu Dhabi Grand Prix,54.0,RUS,17.691
Abu Dhabi Grand Prix,54.0,PER,16.613
Abu Dhabi Grand Prix,54.0,NOR,22.048
Abu Dhabi Grand Prix,54.0,PIA,28.981
Abu Dhabi Grand Prix,54.0,ALO,35.89
Abu Dhabi Grand Prix,54.0,TSU,34.779
Abu Dhabi Grand Prix,54.0,HAM,38.324
Abu Dhabi Grand Prix,54.0,STR,49.532
Abu Dhabi Grand Prix,54.0,RIC,52.531
Abu Dhabi Grand Prix,54.0,OCO,56.944
Abu Dhabi Grand Prix,54.0,GAS,64.55
Abu Dhabi Grand Prix,54.0,ALB,70.462
Abu Dhabi Grand Prix,54.0,HUL,78.141
Abu Dhabi Grand Prix,54.0,SAR,82.874
Abu Dhabi Grand Prix,54.0,ZHO,79.67
Abu Dhabi Grand Prix,54.0,SAI,48.526
Abu Dhabi Grand Prix,54.0,BOT,93.383
Abu Dhabi Grand Prix,54.0,MAG,95.121
Abu Dhabi Grand Prix,55.0,VER,0.0
Abu Dhabi Grand Prix,55.0,LEC,13.273
Abu Dhabi Grand Prix,55.0,RUS,18.737
Abu Dhabi Grand Prix,55.0,PER,16.87
Abu Dhabi Grand Prix,55.0,NOR,22.576
Abu Dhabi Grand Prix,55.0,PIA,29.78
Abu Dhabi Grand Prix,55.0,ALO,36.912
Abu Dhabi Grand Prix,55.0,TSU,36.105
Abu Dhabi Grand Prix,55.0,HAM,38.978
Abu Dhabi Grand Prix,55.0,STR,51.06
Abu Dhabi Grand Prix,55.0,RIC,53.472
Abu Dhabi Grand Prix,55.0,OCO,59.301
Abu Dhabi Grand Prix,55.0,GAS,65.927
Abu Dhabi Grand Prix,55.0,ALB,71.274
Abu Dhabi Grand Prix,55.0,HUL,79.787
Abu Dhabi Grand Prix,55.0,SAR,83.969
Abu Dhabi Grand Prix,55.0,ZHO,82.156
Abu Dhabi Grand Prix,55.0,SAI,50.25
Abu Dhabi Grand Prix,55.0,BOT,95.983
Abu Dhabi Grand Prix,55.0,MAG,97.443
Abu Dhabi Grand Prix,56.0,VER,0.0
Abu Dhabi Grand Prix,56.0,LEC,14.203
Abu Dhabi Grand Prix,56.0,RUS,19.476
Abu Dhabi Grand Prix,56.0,PER,17.039
Abu Dhabi Grand Prix,56.0,NOR,23.421
Abu Dhabi Grand Prix,56.0,PIA,30.759
Abu Dhabi Grand Prix,56.0,ALO,38.293
Abu Dhabi Grand Prix,56.0,TSU,39.405
Abu Dhabi Grand Prix,56.0,HAM,40.389
Abu Dhabi Grand Prix,56.0,STR,52.988
Abu Dhabi Grand Prix,56.0,RIC,54.674
Abu Dhabi Grand Prix,56.0,OCO,61.782
Abu Dhabi Grand Prix,56.0,GAS,67.696
Abu Dhabi Grand Prix,56.0,ALB,72.29
Abu Dhabi Grand Prix,56.0,HUL,81.567
Abu Dhabi Grand Prix,56.0,SAR,85.672
Abu Dhabi Grand Prix,56.0,ZHO,84.629
Abu Dhabi Grand Prix,56.0,SAI,53.977
Abu Dhabi Grand Prix,56.0,BOT,98.386
Abu Dhabi Grand Prix,56.0,MAG,100.145
Abu Dhabi Grand Prix,57.0,VER,0.0
Abu Dhabi Grand Prix,57.0,LEC,15.254
Abu Dhabi Grand Prix,57.0,RUS,20.053
Abu Dhabi Grand Prix,57.0,PER,17.05
Abu Dhabi Grand Prix,57.0,NOR,24.241
Abu Dhabi Grand Prix,57.0,PIA,31.565
Abu Dhabi Grand Prix,57.0,ALO,39.351
Abu Dhabi Grand Prix,57.0,TSU,41.253
Abu Dhabi Grand Prix,57.0,HAM,42.075
Abu Dhabi Grand Prix,57.0,STR,54.494
Abu Dhabi Grand Prix,57.0,RIC,55.754
Abu Dhabi Grand Prix,57.0,OCO,64.279
Abu Dhabi Grand Prix,57.0,GAS,69.358
Abu Dhabi Grand Prix,57.0,ALB,73.059
Abu Dhabi Grand Prix,57.0,HUL,83.024
Abu Dhabi Grand Prix,57.0,SAR,86.957
Abu Dhabi Grand Prix,57.0,ZHO,87.64
Abu Dhabi Grand Prix,57.0,SAI,76.844
Abu Dhabi Grand Prix,57.0,BOT,100.956
Abu Dhabi Grand Prix,57.0,MAG,103.421
Abu Dhabi Grand Prix,58.0,VER,0.0
Abu Dhabi Grand Prix,58.0,LEC,17.993
Abu Dhabi Grand Prix,58.0,RUS,20.328
Abu Dhabi Grand Prix,58.0,PER,16.453
Abu Dhabi Grand Prix,58.0,NOR,24.284
Abu Dhabi Grand Prix,58.0,PIA,31.487
Abu Dhabi Grand Prix,58.0,ALO,39.512
Abu Dhabi Grand Prix,58.0,TSU,43.088
Abu Dhabi Grand Prix,58.0,HAM,44.424
Abu Dhabi Grand Prix,58.0,STR,55.632
Abu Dhabi Grand Prix,58.0,RIC,56.229
Abu Dhabi Grand Prix,58.0,OCO,66.373
Abu Dhabi Grand Prix,58.0,GAS,70.36
Abu Dhabi Grand Prix,58.0,ALB,73.184
Abu Dhabi Grand Prix,58.0,HUL,83.696
Abu Dhabi Grand Prix,58.0,SAR,87.791
Abu Dhabi Grand Prix,58.0,ZHO,89.422
