Event,Lap,Driver,GapToLeader_Secs
Australian Grand Prix,1.0,VER,2.276
Australian Grand Prix,1.0,GAS,17.002
Australian Grand Prix,1.0,ANT,25.25
Australian Grand Prix,1.0,ALO,20.062
Australian Grand Prix,1.0,LEC,11.437
Australian Grand Prix,1.0,STR,22.327
Australian Grand Prix,1.0,TSU,13.538
Australian Grand Prix,1.0,ALB,15.083
Australian Grand Prix,1.0,HUL,24.165
Australian Grand Prix,1.0,LAW,31.726
Australian Grand Prix,1.0,OCO,28.633
Australian Grand Prix,1.0,NOR,0.0
Australian Grand Prix,1.0,HAM,15.879
Australian Grand Prix,1.0,BOR,27.013
Australian Grand Prix,1.0,SAI,0.0
Australian Grand Prix,1.0,HAD,0.0
Australian Grand Prix,1.0,RUS,7.591
Australian Grand Prix,1.0,DOO,0.0
Australian Grand Prix,1.0,PIA,3.741
Australian Grand Prix,1.0,BEA,32.187
Australian Grand Prix,2.0,VER,1.6949999999999998
Australian Grand Prix,2.0,GAS,18.44
Australian Grand Prix,2.0,ANT,25.235
Australian Grand Prix,2.0,ALO,19.632
Australian Grand Prix,2.0,LEC,8.661
Australian Grand Prix,2.0,STR,21.994
Australian Grand Prix,2.0,TSU,11.925
Australian Grand Prix,2.0,ALB,14.092
Australian Grand Prix,2.0,HUL,23.66
Australian Grand Prix,2.0,LAW,31.204
Australian Grand Prix,2.0,OCO,28.645
Australian Grand Prix,2.0,NOR,0.0
Australian Grand Prix,2.0,HAM,15.804
Australian Grand Prix,2.0,BOR,26.67
Australian Grand Prix,2.0,RUS,5.776
Australian Grand Prix,2.0,PIA,3.323
Australian Grand Prix,2.0,BEA,32.192
Australian Grand Prix,3.0,VER,2.167
Australian Grand Prix,3.0,GAS,19.709
Australian Grand Prix,3.0,ANT,28.216
Australian Grand Prix,3.0,ALO,21.251
Australian Grand Prix,3.0,LEC,9.164
Australian Grand Prix,3.0,STR,24.262
Australian Grand Prix,3.0,TSU,13.011
Australian Grand Prix,3.0,ALB,15.977
Australian Grand Prix,3.0,HUL,26.156
Australian Grand Prix,3.0,LAW,34.831
Australian Grand Prix,3.0,OCO,32.054
Australian Grand Prix,3.0,NOR,0.0
Australian Grand Prix,3.0,HAM,17.864
Australian Grand Prix,3.0,BOR,30.196
Australian Grand Prix,3.0,RUS,6.529
Australian Grand Prix,3.0,PIA,3.977
Australian Grand Prix,3.0,BEA,35.907
Australian Grand Prix,4.0,VER,1.871
Australian Grand Prix,4.0,GAS,18.16
Australian Grand Prix,4.0,ANT,26.742
Australian Grand Prix,4.0,ALO,19.874
Australian Grand Prix,4.0,LEC,8.913
Australian Grand Prix,4.0,STR,23.012
Australian Grand Prix,4.0,TSU,12.226
Australian Grand Prix,4.0,ALB,14.2
Australian Grand Prix,4.0,HUL,25.216
Australian Grand Prix,4.0,LAW,39.065
Australian Grand Prix,4.0,OCO,38.188
Australian Grand Prix,4.0,NOR,0.0
Australian Grand Prix,4.0,HAM,15.941
Australian Grand Prix,4.0,BOR,28.911
Australian Grand Prix,4.0,RUS,6.951
Australian Grand Prix,4.0,PIA,3.6189999999999998
Australian Grand Prix,4.0,BEA,45.571
Australian Grand Prix,5.0,VER,1.8319999999999999
Australian Grand Prix,5.0,GAS,15.872
Australian Grand Prix,5.0,ANT,22.257
Australian Grand Prix,5.0,ALO,18.407
Australian Grand Prix,5.0,LEC,7.862
Australian Grand Prix,5.0,STR,19.773
Australian Grand Prix,5.0,TSU,10.019
Australian Grand Prix,5.0,ALB,12.636
Australian Grand Prix,5.0,HUL,20.626
Australian Grand Prix,5.0,LAW,26.71
Australian Grand Prix,5.0,OCO,25.068
Australian Grand Prix,5.0,NOR,0.0
Australian Grand Prix,5.0,HAM,14.065
Australian Grand Prix,5.0,BOR,23.579
Australian Grand Prix,5.0,RUS,5.015
Australian Grand Prix,5.0,PIA,3.126
Australian Grand Prix,5.0,BEA,27.335
Australian Grand Prix,6.0,VER,1.063
Australian Grand Prix,6.0,GAS,15.401
Australian Grand Prix,6.0,ANT,22.945
Australian Grand Prix,6.0,ALO,17.477
Australian Grand Prix,6.0,LEC,6.289
Australian Grand Prix,6.0,STR,20.323
Australian Grand Prix,6.0,TSU,8.977
Australian Grand Prix,6.0,ALB,11.825
Australian Grand Prix,6.0,HUL,21.314
Australian Grand Prix,6.0,LAW,27.896
Australian Grand Prix,6.0,OCO,25.631
Australian Grand Prix,6.0,NOR,0.0
Australian Grand Prix,6.0,HAM,14.06
Australian Grand Prix,6.0,BOR,24.132
Australian Grand Prix,6.0,RUS,4.077
Australian Grand Prix,6.0,PIA,2.576
Australian Grand Prix,6.0,BEA,28.987
Australian Grand Prix,7.0,VER,0.402
Australian Grand Prix,7.0,GAS,5.026
Australian Grand Prix,7.0,ANT,9.249
Australian Grand Prix,7.0,ALO,5.963
Australian Grand Prix,7.0,LEC,2.39
Australian Grand Prix,7.0,STR,7.902
Australian Grand Prix,7.0,TSU,3.32
Australian Grand Prix,7.0,ALB,3.782
Australian Grand Prix,7.0,HUL,8.322
Australian Grand Prix,7.0,LAW,13.004
Australian Grand Prix,7.0,OCO,11.541
Australian Grand Prix,7.0,NOR,0.0
Australian Grand Prix,7.0,HAM,4.45
Australian Grand Prix,7.0,BOR,10.491
Australian Grand Prix,7.0,RUS,1.653
Australian Grand Prix,7.0,PIA,1.037
Australian Grand Prix,7.0,BEA,14.071
Australian Grand Prix,8.0,VER,0.954
Australian Grand Prix,8.0,GAS,7.189
Australian Grand Prix,8.0,ANT,11.7
Australian Grand Prix,8.0,ALO,8.039
Australian Grand Prix,8.0,LEC,4.302
Australian Grand Prix,8.0,STR,10.288
Australian Grand Prix,8.0,TSU,5.506
Australian Grand Prix,8.0,ALB,5.785
Australian Grand Prix,8.0,HUL,11.003
Australian Grand Prix,8.0,LAW,17.308
Australian Grand Prix,8.0,OCO,15.785
Australian Grand Prix,8.0,NOR,0.0
Australian Grand Prix,8.0,HAM,6.483
Australian Grand Prix,8.0,BOR,14.478
Australian Grand Prix,8.0,RUS,3.199
Australian Grand Prix,8.0,PIA,2.01
Australian Grand Prix,8.0,BEA,19.847
Australian Grand Prix,9.0,VER,0.631
Australian Grand Prix,9.0,GAS,8.613
Australian Grand Prix,9.0,ANT,13.374
Australian Grand Prix,9.0,ALO,9.668
Australian Grand Prix,9.0,LEC,4.5969999999999995
Australian Grand Prix,9.0,STR,11.903
Australian Grand Prix,9.0,TSU,6.277
Australian Grand Prix,9.0,ALB,7.447
Australian Grand Prix,9.0,HUL,12.875
Australian Grand Prix,9.0,LAW,21.109
Australian Grand Prix,9.0,OCO,19.196
Australian Grand Prix,9.0,NOR,0.0
Australian Grand Prix,9.0,HAM,8.087
Australian Grand Prix,9.0,BOR,16.503
Australian Grand Prix,9.0,RUS,3.434
Australian Grand Prix,9.0,PIA,1.95
Australian Grand Prix,9.0,BEA,23.773
Australian Grand Prix,10.0,VER,1.151
Australian Grand Prix,10.0,GAS,12.01
Australian Grand Prix,10.0,ANT,16.514
Australian Grand Prix,10.0,ALO,13.107
Australian Grand Prix,10.0,LEC,6.006
Australian Grand Prix,10.0,STR,14.913
Australian Grand Prix,10.0,TSU,8.58
Australian Grand Prix,10.0,ALB,9.811
Australian Grand Prix,10.0,HUL,15.789
Australian Grand Prix,10.0,LAW,25.593
Australian Grand Prix,10.0,OCO,23.54
Australian Grand Prix,10.0,NOR,0.0
Australian Grand Prix,10.0,HAM,11.064
Australian Grand Prix,10.0,BOR,19.998
Australian Grand Prix,10.0,RUS,4.891
Australian Grand Prix,10.0,PIA,2.492
Australian Grand Prix,10.0,BEA,28.054
Australian Grand Prix,11.0,VER,1.415
Australian Grand Prix,11.0,GAS,14.523
Australian Grand Prix,11.0,ANT,19.003
Australian Grand Prix,11.0,ALO,16.218
Australian Grand Prix,11.0,LEC,8.068
Australian Grand Prix,11.0,STR,17.696
Australian Grand Prix,11.0,TSU,10.527
Australian Grand Prix,11.0,ALB,11.828
Australian Grand Prix,11.0,HUL,18.59
Australian Grand Prix,11.0,LAW,28.578
Australian Grand Prix,11.0,OCO,27.047
Australian Grand Prix,11.0,NOR,0.0
Australian Grand Prix,11.0,HAM,13.174
Australian Grand Prix,11.0,BOR,22.464
Australian Grand Prix,11.0,RUS,6.049
Australian Grand Prix,11.0,PIA,2.262
Australian Grand Prix,11.0,BEA,31.281
Australian Grand Prix,12.0,VER,1.228
Australian Grand Prix,12.0,GAS,16.972
Australian Grand Prix,12.0,ANT,22.61
Australian Grand Prix,12.0,ALO,18.516
Australian Grand Prix,12.0,LEC,9.826
Australian Grand Prix,12.0,STR,20.344
Australian Grand Prix,12.0,TSU,12.022
Australian Grand Prix,12.0,ALB,13.763
Australian Grand Prix,12.0,HUL,21.801
Australian Grand Prix,12.0,LAW,30.864
Australian Grand Prix,12.0,OCO,29.846
Australian Grand Prix,12.0,NOR,0.0
Australian Grand Prix,12.0,HAM,14.651
Australian Grand Prix,12.0,BOR,25.068
Australian Grand Prix,12.0,RUS,7.074
Australian Grand Prix,12.0,PIA,1.774
Australian Grand Prix,12.0,BEA,34.505
Australian Grand Prix,13.0,VER,1.181
Australian Grand Prix,13.0,GAS,18.929
Australian Grand Prix,13.0,ANT,24.989
Australian Grand Prix,13.0,ALO,20.713
Australian Grand Prix,13.0,LEC,10.706
Australian Grand Prix,13.0,STR,22.925
Australian Grand Prix,13.0,TSU,13.466
Australian Grand Prix,13.0,ALB,15.598
Australian Grand Prix,13.0,HUL,24.547
Australian Grand Prix,13.0,LAW,33.862
Australian Grand Prix,13.0,OCO,32.464
Australian Grand Prix,13.0,NOR,0.0
Australian Grand Prix,13.0,HAM,16.35
Australian Grand Prix,13.0,BOR,28.133
Australian Grand Prix,13.0,RUS,8.12
Australian Grand Prix,13.0,PIA,1.833
Australian Grand Prix,13.0,BEA,37.437
Australian Grand Prix,14.0,VER,1.025
Australian Grand Prix,14.0,GAS,20.993
Australian Grand Prix,14.0,ANT,27.996
Australian Grand Prix,14.0,ALO,22.582
Australian Grand Prix,14.0,LEC,12.359
Australian Grand Prix,14.0,STR,25.227
Australian Grand Prix,14.0,TSU,15.105
Australian Grand Prix,14.0,ALB,17.52
Australian Grand Prix,14.0,HUL,28.77
Australian Grand Prix,14.0,LAW,36.684
Australian Grand Prix,14.0,OCO,35.195
Australian Grand Prix,14.0,NOR,0.0
Australian Grand Prix,14.0,HAM,18.547
Australian Grand Prix,14.0,BOR,31.44
Australian Grand Prix,14.0,RUS,9.181
Australian Grand Prix,14.0,PIA,1.593
Australian Grand Prix,14.0,BEA,40.374
Australian Grand Prix,15.0,VER,1.127
Australian Grand Prix,15.0,GAS,23.511
Australian Grand Prix,15.0,ANT,29.982
Australian Grand Prix,15.0,ALO,24.68
Australian Grand Prix,15.0,LEC,13.979
Australian Grand Prix,15.0,STR,27.383
Australian Grand Prix,15.0,TSU,17.424
Australian Grand Prix,15.0,ALB,20.027
Australian Grand Prix,15.0,HUL,32.155
Australian Grand Prix,15.0,LAW,39.96
Australian Grand Prix,15.0,OCO,38.672
Australian Grand Prix,15.0,NOR,0.0
Australian Grand Prix,15.0,HAM,21.084
Australian Grand Prix,15.0,BOR,34.906
Australian Grand Prix,15.0,RUS,10.84
Australian Grand Prix,15.0,PIA,1.71
Australian Grand Prix,15.0,BEA,44.033
Australian Grand Prix,16.0,VER,1.767
Australian Grand Prix,16.0,GAS,26.004
Australian Grand Prix,16.0,ANT,37.356
Australian Grand Prix,16.0,ALO,27.249
Australian Grand Prix,16.0,LEC,15.859
Australian Grand Prix,16.0,STR,29.985
Australian Grand Prix,16.0,TSU,19.605
Australian Grand Prix,16.0,ALB,22.539
Australian Grand Prix,16.0,HUL,36.059
Australian Grand Prix,16.0,LAW,43.923
Australian Grand Prix,16.0,OCO,42.671
Australian Grand Prix,16.0,NOR,0.0
Australian Grand Prix,16.0,HAM,23.881
Australian Grand Prix,16.0,BOR,39.065
Australian Grand Prix,16.0,RUS,12.627
Australian Grand Prix,16.0,PIA,2.48
Australian Grand Prix,16.0,BEA,47.476
Australian Grand Prix,17.0,VER,4.895
Australian Grand Prix,17.0,GAS,28.535
Australian Grand Prix,17.0,ANT,39.404
Australian Grand Prix,17.0,ALO,29.951
Australian Grand Prix,17.0,LEC,18.097
Australian Grand Prix,17.0,STR,33.109
Australian Grand Prix,17.0,TSU,21.986
Australian Grand Prix,17.0,ALB,25.363
Australian Grand Prix,17.0,HUL,40.612
Australian Grand Prix,17.0,LAW,48.234
Australian Grand Prix,17.0,OCO,47.144
Australian Grand Prix,17.0,NOR,0.0
Australian Grand Prix,17.0,HAM,26.447
Australian Grand Prix,17.0,BOR,43.557
Australian Grand Prix,17.0,RUS,13.96
Australian Grand Prix,17.0,PIA,2.912
Australian Grand Prix,17.0,BEA,51.739
Australian Grand Prix,18.0,VER,6.918
Australian Grand Prix,18.0,GAS,31.513
Australian Grand Prix,18.0,ANT,41.439
Australian Grand Prix,18.0,ALO,32.503
Australian Grand Prix,18.0,LEC,20.565
Australian Grand Prix,18.0,STR,36.594
Australian Grand Prix,18.0,TSU,25.284
Australian Grand Prix,18.0,ALB,28.198
Australian Grand Prix,18.0,HUL,44.262
Australian Grand Prix,18.0,LAW,53.09
Australian Grand Prix,18.0,OCO,52.307
Australian Grand Prix,18.0,NOR,0.0
Australian Grand Prix,18.0,HAM,29.178
Australian Grand Prix,18.0,BOR,47.303
Australian Grand Prix,18.0,RUS,15.554
Australian Grand Prix,18.0,PIA,2.909
Australian Grand Prix,18.0,BEA,56.12
Australian Grand Prix,19.0,VER,8.306
Australian Grand Prix,19.0,GAS,33.424
Australian Grand Prix,19.0,ANT,42.83
Australian Grand Prix,19.0,ALO,34.232
Australian Grand Prix,19.0,LEC,21.875
Australian Grand Prix,19.0,STR,38.727
Australian Grand Prix,19.0,TSU,28.229
Australian Grand Prix,19.0,ALB,30.698
Australian Grand Prix,19.0,HUL,47.231
Australian Grand Prix,19.0,LAW,57.234
Australian Grand Prix,19.0,OCO,58.022
Australian Grand Prix,19.0,NOR,0.0
Australian Grand Prix,19.0,HAM,31.541
Australian Grand Prix,19.0,BOR,50.658
Australian Grand Prix,19.0,RUS,17.192
Australian Grand Prix,19.0,PIA,3.174
Australian Grand Prix,19.0,BEA,59.634
Australian Grand Prix,20.0,VER,9.194
Australian Grand Prix,20.0,GAS,35.041
Australian Grand Prix,20.0,ANT,43.439
Australian Grand Prix,20.0,ALO,36.132
Australian Grand Prix,20.0,LEC,22.921
Australian Grand Prix,20.0,STR,40.597
Australian Grand Prix,20.0,TSU,30.068
Australian Grand Prix,20.0,ALB,32.344
Australian Grand Prix,20.0,HUL,50.388
Australian Grand Prix,20.0,LAW,60.021
Australian Grand Prix,20.0,OCO,61.704
Australian Grand Prix,20.0,NOR,0.0
Australian Grand Prix,20.0,HAM,33.172
Australian Grand Prix,20.0,BOR,53.276
Australian Grand Prix,20.0,RUS,17.797
Australian Grand Prix,20.0,PIA,2.623
Australian Grand Prix,20.0,BEA,63.018
Australian Grand Prix,21.0,VER,10.137
Australian Grand Prix,21.0,GAS,37.13
Australian Grand Prix,21.0,ANT,44.247
Australian Grand Prix,21.0,ALO,38.443
Australian Grand Prix,21.0,LEC,23.846
Australian Grand Prix,21.0,STR,42.792
Australian Grand Prix,21.0,TSU,31.846
Australian Grand Prix,21.0,ALB,34.146
Australian Grand Prix,21.0,HUL,53.374
Australian Grand Prix,21.0,LAW,62.67
Australian Grand Prix,21.0,OCO,64.861
Australian Grand Prix,21.0,NOR,0.0
Australian Grand Prix,21.0,HAM,35.017
Australian Grand Prix,21.0,BOR,56.392
Australian Grand Prix,21.0,RUS,18.69
Australian Grand Prix,21.0,PIA,2.116
Australian Grand Prix,21.0,BEA,66.602
Australian Grand Prix,22.0,VER,10.877
Australian Grand Prix,22.0,GAS,39.185
Australian Grand Prix,22.0,ANT,45.834
Australian Grand Prix,22.0,ALO,41.425
Australian Grand Prix,22.0,LEC,24.241
Australian Grand Prix,22.0,STR,46.761
Australian Grand Prix,22.0,TSU,33.113
Australian Grand Prix,22.0,ALB,35.899
Australian Grand Prix,22.0,HUL,56.259
Australian Grand Prix,22.0,LAW,64.45
Australian Grand Prix,22.0,OCO,68.094
Australian Grand Prix,22.0,NOR,0.0
Australian Grand Prix,22.0,HAM,36.758
Australian Grand Prix,22.0,BOR,58.826
Australian Grand Prix,22.0,RUS,19.419
Australian Grand Prix,22.0,PIA,2.03
Australian Grand Prix,22.0,BEA,69.892
Australian Grand Prix,23.0,VER,11.641
Australian Grand Prix,23.0,GAS,41.701
Australian Grand Prix,23.0,ANT,47.236
Australian Grand Prix,23.0,ALO,44.013
Australian Grand Prix,23.0,LEC,25.87
Australian Grand Prix,23.0,STR,49.482
Australian Grand Prix,23.0,TSU,34.984
Australian Grand Prix,23.0,ALB,37.727
Australian Grand Prix,23.0,HUL,59.102
Australian Grand Prix,23.0,LAW,67.15
Australian Grand Prix,23.0,OCO,71.51
Australian Grand Prix,23.0,NOR,0.0
Australian Grand Prix,23.0,HAM,38.607
Australian Grand Prix,23.0,BOR,61.87
Australian Grand Prix,23.0,RUS,20.472
Australian Grand Prix,23.0,PIA,1.847
Australian Grand Prix,23.0,BEA,73.312
Australian Grand Prix,24.0,VER,12.932
Australian Grand Prix,24.0,GAS,44.049
Australian Grand Prix,24.0,ANT,48.371
Australian Grand Prix,24.0,ALO,45.991
Australian Grand Prix,24.0,LEC,26.915
Australian Grand Prix,24.0,STR,51.897
Australian Grand Prix,24.0,TSU,36.677
Australian Grand Prix,24.0,ALB,39.908
Australian Grand Prix,24.0,HUL,61.884
Australian Grand Prix,24.0,LAW,69.618
Australian Grand Prix,24.0,OCO,74.871
Australian Grand Prix,24.0,NOR,0.0
Australian Grand Prix,24.0,HAM,40.772
Australian Grand Prix,24.0,BOR,64.552
Australian Grand Prix,24.0,RUS,21.458
Australian Grand Prix,24.0,PIA,1.786
Australian Grand Prix,24.0,BEA,76.667
Australian Grand Prix,25.0,VER,14.176
Australian Grand Prix,25.0,GAS,46.07
Australian Grand Prix,25.0,ANT,49.476
Australian Grand Prix,25.0,ALO,48.151
Australian Grand Prix,25.0,LEC,27.565
Australian Grand Prix,25.0,STR,54.388
Australian Grand Prix,25.0,TSU,38.456
Australian Grand Prix,25.0,ALB,41.321
Australian Grand Prix,25.0,HUL,64.258
Australian Grand Prix,25.0,LAW,71.976
Australian Grand Prix,25.0,OCO,77.808
Australian Grand Prix,25.0,NOR,0.0
Australian Grand Prix,25.0,HAM,42.031
Australian Grand Prix,25.0,BOR,67.186
Australian Grand Prix,25.0,RUS,22.345
Australian Grand Prix,25.0,PIA,1.48
Australian Grand Prix,25.0,BEA,79.679
Australian Grand Prix,26.0,VER,15.309
Australian Grand Prix,26.0,GAS,47.838
Australian Grand Prix,26.0,ANT,51.615
Australian Grand Prix,26.0,ALO,50.334
Australian Grand Prix,26.0,LEC,28.745
Australian Grand Prix,26.0,STR,56.775
Australian Grand Prix,26.0,TSU,40.501
Australian Grand Prix,26.0,ALB,43.47
Australian Grand Prix,26.0,HUL,66.908
Australian Grand Prix,26.0,LAW,73.945
Australian Grand Prix,26.0,OCO,81.188
Australian Grand Prix,26.0,NOR,0.0
Australian Grand Prix,26.0,HAM,44.173
Australian Grand Prix,26.0,BOR,69.451
Australian Grand Prix,26.0,RUS,23.296
Australian Grand Prix,26.0,PIA,1.453
Australian Grand Prix,26.0,BEA,83.096
Australian Grand Prix,27.0,VER,15.79
Australian Grand Prix,27.0,GAS,49.223
Australian Grand Prix,27.0,ANT,52.828
Australian Grand Prix,27.0,ALO,51.979
Australian Grand Prix,27.0,LEC,30.058
Australian Grand Prix,27.0,STR,58.933
Australian Grand Prix,27.0,TSU,42.317
Australian Grand Prix,27.0,ALB,44.672
Australian Grand Prix,27.0,HUL,68.776
Australian Grand Prix,27.0,LAW,75.789
Australian Grand Prix,27.0,OCO,84.24
Australian Grand Prix,27.0,NOR,0.0
Australian Grand Prix,27.0,HAM,45.678
Australian Grand Prix,27.0,BOR,71.607
Australian Grand Prix,27.0,RUS,23.909
Australian Grand Prix,27.0,PIA,1.24
Australian Grand Prix,27.0,BEA,86.353
Australian Grand Prix,28.0,VER,16.104
Australian Grand Prix,28.0,GAS,50.508
Australian Grand Prix,28.0,ANT,54.447
Australian Grand Prix,28.0,ALO,53.534
Australian Grand Prix,28.0,LEC,30.684
Australian Grand Prix,28.0,STR,60.561
Australian Grand Prix,28.0,TSU,43.929
Australian Grand Prix,28.0,ALB,45.907
Australian Grand Prix,28.0,HUL,70.48
Australian Grand Prix,28.0,LAW,77.776
Australian Grand Prix,28.0,OCO,87.353
Australian Grand Prix,28.0,NOR,0.0
Australian Grand Prix,28.0,HAM,46.724
Australian Grand Prix,28.0,BOR,73.265
Australian Grand Prix,28.0,RUS,24.508
Australian Grand Prix,28.0,PIA,0.772
Australian Grand Prix,28.0,BEA,91.761
Australian Grand Prix,29.0,VER,16.79
Australian Grand Prix,29.0,GAS,52.202
Australian Grand Prix,29.0,ANT,56.009
Australian Grand Prix,29.0,ALO,54.895
Australian Grand Prix,29.0,LEC,31.819
Australian Grand Prix,29.0,STR,63.139
Australian Grand Prix,29.0,TSU,45.603
Australian Grand Prix,29.0,ALB,47.573
Australian Grand Prix,29.0,HUL,72.501
Australian Grand Prix,29.0,LAW,80.222
Australian Grand Prix,29.0,OCO,92.739
Australian Grand Prix,29.0,NOR,0.0
Australian Grand Prix,29.0,HAM,48.494
Australian Grand Prix,29.0,BOR,76.237
Australian Grand Prix,29.0,RUS,25.639
Australian Grand Prix,29.0,PIA,0.603
Australian Grand Prix,29.0,BEA,94.671
Australian Grand Prix,30.0,VER,16.995
Australian Grand Prix,30.0,GAS,54.294
Australian Grand Prix,30.0,ANT,57.771
Australian Grand Prix,30.0,ALO,56.237
Australian Grand Prix,30.0,LEC,33.154
Australian Grand Prix,30.0,STR,65.96
Australian Grand Prix,30.0,TSU,47.755
Australian Grand Prix,30.0,ALB,49.169
Australian Grand Prix,30.0,HUL,75.16
Australian Grand Prix,30.0,LAW,83.502
Australian Grand Prix,30.0,OCO,96.208
Australian Grand Prix,30.0,NOR,0.0
Australian Grand Prix,30.0,HAM,50.199
Australian Grand Prix,30.0,BOR,79.351
Australian Grand Prix,30.0,RUS,27.396
Australian Grand Prix,30.0,PIA,0.902
Australian Grand Prix,30.0,BEA,98.016
Australian Grand Prix,31.0,VER,17.427
Australian Grand Prix,31.0,GAS,55.898
Australian Grand Prix,31.0,ANT,59.321
Australian Grand Prix,31.0,ALO,57.392
Australian Grand Prix,31.0,LEC,35.005
Australian Grand Prix,31.0,STR,69.342
Australian Grand Prix,31.0,TSU,50.142
Australian Grand Prix,31.0,ALB,51.527
Australian Grand Prix,31.0,HUL,77.536
Australian Grand Prix,31.0,LAW,87.456
Australian Grand Prix,31.0,OCO,100.137
Australian Grand Prix,31.0,NOR,0.0
Australian Grand Prix,31.0,HAM,52.926
Australian Grand Prix,31.0,BOR,82.102
Australian Grand Prix,31.0,RUS,28.742
Australian Grand Prix,31.0,PIA,1.123
Australian Grand Prix,31.0,BEA,101.578
Australian Grand Prix,32.0,VER,17.835
Australian Grand Prix,32.0,GAS,57.481
Australian Grand Prix,32.0,ANT,60.553
Australian Grand Prix,32.0,ALO,58.411
Australian Grand Prix,32.0,LEC,36.542
Australian Grand Prix,32.0,STR,72.199
Australian Grand Prix,32.0,TSU,52.834
Australian Grand Prix,32.0,ALB,53.913
Australian Grand Prix,32.0,HUL,79.845
Australian Grand Prix,32.0,LAW,93.416
Australian Grand Prix,32.0,OCO,103.492
Australian Grand Prix,32.0,NOR,0.0
Australian Grand Prix,32.0,HAM,55.36
Australian Grand Prix,32.0,BOR,84.132
Australian Grand Prix,32.0,RUS,30.303
Australian Grand Prix,32.0,PIA,2.702
Australian Grand Prix,32.0,BEA,105.078
Australian Grand Prix,33.0,VER,18.386
Australian Grand Prix,33.0,GAS,81.286
Australian Grand Prix,33.0,ANT,85.693
Australian Grand Prix,33.0,ALO,120.916
Australian Grand Prix,33.0,LEC,43.013
Australian Grand Prix,33.0,STR,107.47
Australian Grand Prix,33.0,TSU,75.99
Australian Grand Prix,33.0,ALB,76.597
Australian Grand Prix,33.0,HUL,117.993
Australian Grand Prix,33.0,LAW,134.263
Australian Grand Prix,33.0,OCO,131.929
Australian Grand Prix,33.0,NOR,0.0
Australian Grand Prix,33.0,HAM,78.344
Australian Grand Prix,33.0,BOR,126.963
Australian Grand Prix,33.0,RUS,33.361
Australian Grand Prix,33.0,PIA,3.433
Australian Grand Prix,33.0,BEA,134.731
Australian Grand Prix,34.0,VER,24.711
Australian Grand Prix,34.0,GAS,104.062
Australian Grand Prix,34.0,ANT,106.016
Australian Grand Prix,34.0,LEC,54.645
Australian Grand Prix,34.0,STR,110.19
Australian Grand Prix,34.0,TSU,100.528
Australian Grand Prix,34.0,ALB,101.796
Australian Grand Prix,34.0,HUL,120.267
Australian Grand Prix,34.0,LAW,136.265
Australian Grand Prix,34.0,OCO,130.207
Australian Grand Prix,34.0,NOR,0.0
Australian Grand Prix,34.0,HAM,102.956
Australian Grand Prix,34.0,BOR,129.246
Australian Grand Prix,34.0,RUS,46.606
Australian Grand Prix,34.0,PIA,8.185
Australian Grand Prix,34.0,BEA,133.104
Australian Grand Prix,35.0,VER,25.771
Australian Grand Prix,35.0,GAS,86.145
Australian Grand Prix,35.0,ANT,87.238
Australian Grand Prix,35.0,LEC,58.069
Australian Grand Prix,35.0,STR,92.204
Australian Grand Prix,35.0,TSU,79.442
Australian Grand Prix,35.0,ALB,81.327
Australian Grand Prix,35.0,HUL,100.557
Australian Grand Prix,35.0,LAW,141.527
Australian Grand Prix,35.0,OCO,138.924
Australian Grand Prix,35.0,NOR,0.0
Australian Grand Prix,35.0,HAM,82.909
Australian Grand Prix,35.0,BOR,137.944
Australian Grand Prix,35.0,RUS,49.139
Australian Grand Prix,35.0,PIA,8.518
Australian Grand Prix,35.0,BEA,140.723
Australian Grand Prix,36.0,VER,5.222
Australian Grand Prix,36.0,GAS,50.882
Australian Grand Prix,36.0,ANT,52.01
Australian Grand Prix,36.0,LEC,23.592
Australian Grand Prix,36.0,STR,55.171
Australian Grand Prix,36.0,TSU,41.925
Australian Grand Prix,36.0,ALB,47.189
Australian Grand Prix,36.0,HUL,62.942
Australian Grand Prix,36.0,LAW,166.476
Australian Grand Prix,36.0,OCO,160.345
Australian Grand Prix,36.0,NOR,0.0
Australian Grand Prix,36.0,HAM,48.457
Australian Grand Prix,36.0,BOR,158.226
Australian Grand Prix,36.0,RUS,17.162
Australian Grand Prix,36.0,PIA,2.847
Australian Grand Prix,36.0,BEA,164.463
Australian Grand Prix,37.0,VER,11.165
Australian Grand Prix,37.0,GAS,21.209
Australian Grand Prix,37.0,ANT,22.417
Australian Grand Prix,37.0,LEC,14.924
Australian Grand Prix,37.0,STR,24.581
Australian Grand Prix,37.0,TSU,16.775
Australian Grand Prix,37.0,ALB,17.584
Australian Grand Prix,37.0,HUL,26.07
Australian Grand Prix,37.0,LAW,147.345
Australian Grand Prix,37.0,OCO,143.591
Australian Grand Prix,37.0,NOR,0.0
Australian Grand Prix,37.0,HAM,19.645
Australian Grand Prix,37.0,BOR,142.256
Australian Grand Prix,37.0,RUS,12.577
Australian Grand Prix,37.0,PIA,5.658
Australian Grand Prix,37.0,BEA,146.244
Australian Grand Prix,38.0,VER,8.055
Australian Grand Prix,38.0,GAS,19.565
Australian Grand Prix,38.0,ANT,21.078
Australian Grand Prix,38.0,LEC,13.379
Australian Grand Prix,38.0,STR,23.631
Australian Grand Prix,38.0,TSU,14.986
Australian Grand Prix,38.0,ALB,15.701
Australian Grand Prix,38.0,HUL,25.021
Australian Grand Prix,38.0,LAW,139.678
Australian Grand Prix,38.0,OCO,135.504
Australian Grand Prix,38.0,NOR,0.0
Australian Grand Prix,38.0,HAM,17.04
Australian Grand Prix,38.0,BOR,134.61
Australian Grand Prix,38.0,RUS,9.829
Australian Grand Prix,38.0,PIA,3.5300000000000002
Australian Grand Prix,38.0,BEA,138.082
Australian Grand Prix,39.0,VER,7.075
Australian Grand Prix,39.0,GAS,17.097
Australian Grand Prix,39.0,ANT,19.026
Australian Grand Prix,39.0,LEC,11.408
Australian Grand Prix,39.0,STR,21.837
Australian Grand Prix,39.0,TSU,13.272
Australian Grand Prix,39.0,ALB,14.05
Australian Grand Prix,39.0,HUL,23.041
Australian Grand Prix,39.0,LAW,114.518
Australian Grand Prix,39.0,OCO,126.011
Australian Grand Prix,39.0,NOR,0.0
Australian Grand Prix,39.0,HAM,15.431
Australian Grand Prix,39.0,BOR,109.539
Australian Grand Prix,39.0,RUS,8.919
Australian Grand Prix,39.0,PIA,3.616
Australian Grand Prix,39.0,BEA,134.864
Australian Grand Prix,40.0,VER,3.2359999999999998
Australian Grand Prix,40.0,GAS,12.236
Australian Grand Prix,40.0,ANT,13.304
Australian Grand Prix,40.0,LEC,8.056
Australian Grand Prix,40.0,STR,16.4
Australian Grand Prix,40.0,TSU,9.764
Australian Grand Prix,40.0,ALB,10.552
Australian Grand Prix,40.0,HUL,17.728
Australian Grand Prix,40.0,LAW,70.231
Australian Grand Prix,40.0,OCO,92.709
Australian Grand Prix,40.0,NOR,0.0
Australian Grand Prix,40.0,HAM,11.501
Australian Grand Prix,40.0,BOR,66.64
Australian Grand Prix,40.0,RUS,4.95
Australian Grand Prix,40.0,PIA,1.295
Australian Grand Prix,40.0,BEA,113.349
Australian Grand Prix,41.0,VER,1.303
Australian Grand Prix,41.0,GAS,4.667
Australian Grand Prix,41.0,ANT,5.587
Australian Grand Prix,41.0,LEC,2.948
Australian Grand Prix,41.0,STR,6.564
Australian Grand Prix,41.0,TSU,3.3529999999999998
Australian Grand Prix,41.0,ALB,3.758
Australian Grand Prix,41.0,HUL,7.319
Australian Grand Prix,41.0,LAW,22.74
Australian Grand Prix,41.0,OCO,48.111
Australian Grand Prix,41.0,NOR,0.0
Australian Grand Prix,41.0,HAM,4.171
Australian Grand Prix,41.0,BOR,20.828
Australian Grand Prix,41.0,RUS,2.227
Australian Grand Prix,41.0,PIA,0.911
Australian Grand Prix,41.0,BEA,68.561
Australian Grand Prix,42.0,VER,2.823
Australian Grand Prix,42.0,GAS,8.812
Australian Grand Prix,42.0,ANT,9.295
Australian Grand Prix,42.0,LEC,5.982
Australian Grand Prix,42.0,STR,10.068
Australian Grand Prix,42.0,TSU,6.702
Australian Grand Prix,42.0,ALB,7.088
Australian Grand Prix,42.0,HUL,10.994
Australian Grand Prix,42.0,LAW,23.041
Australian Grand Prix,42.0,OCO,51.078
Australian Grand Prix,42.0,NOR,0.0
Australian Grand Prix,42.0,HAM,7.882
Australian Grand Prix,42.0,BOR,21.801
Australian Grand Prix,42.0,RUS,4.6690000000000005
Australian Grand Prix,42.0,PIA,1.697
Australian Grand Prix,42.0,BEA,72.367
Australian Grand Prix,43.0,VER,3.737
Australian Grand Prix,43.0,GAS,11.665
Australian Grand Prix,43.0,ANT,12.029
Australian Grand Prix,43.0,LEC,9.086
Australian Grand Prix,43.0,STR,13.439
Australian Grand Prix,43.0,TSU,8.729
Australian Grand Prix,43.0,ALB,9.518
Australian Grand Prix,43.0,HUL,14.07
Australian Grand Prix,43.0,LAW,23.844
Australian Grand Prix,43.0,OCO,57.416
Australian Grand Prix,43.0,NOR,0.0
Australian Grand Prix,43.0,HAM,9.933
Australian Grand Prix,43.0,BOR,23.826
Australian Grand Prix,43.0,RUS,7.567
Australian Grand Prix,43.0,PIA,2.7720000000000002
Australian Grand Prix,43.0,BEA,81.257
Australian Grand Prix,44.0,VER,0.0
Australian Grand Prix,44.0,GAS,9.471
Australian Grand Prix,44.0,ANT,29.779
Australian Grand Prix,44.0,LEC,14.923
Australian Grand Prix,44.0,STR,27.651
Australian Grand Prix,44.0,TSU,6.455
Australian Grand Prix,44.0,ALB,24.327
Australian Grand Prix,44.0,HUL,30.24
Australian Grand Prix,44.0,LAW,19.65
Australian Grand Prix,44.0,OCO,60.464
Australian Grand Prix,44.0,NOR,15.061
Australian Grand Prix,44.0,HAM,8.861
Australian Grand Prix,44.0,BOR,45.882
Australian Grand Prix,44.0,RUS,23.279
Australian Grand Prix,44.0,PIA,103.303
Australian Grand Prix,44.0,BEA,113.692
Australian Grand Prix,45.0,VER,0.0
Australian Grand Prix,45.0,GAS,9.566
Australian Grand Prix,45.0,ANT,32.498
Australian Grand Prix,45.0,LEC,13.318
Australian Grand Prix,45.0,STR,32.033
Australian Grand Prix,45.0,TSU,9.564
Australian Grand Prix,45.0,ALB,28.026
Australian Grand Prix,45.0,HUL,34.503
Australian Grand Prix,45.0,LAW,24.62
Australian Grand Prix,45.0,OCO,63.849
Australian Grand Prix,45.0,NOR,18.594
Australian Grand Prix,45.0,HAM,9.032
Australian Grand Prix,45.0,BOR,49.263
Australian Grand Prix,45.0,RUS,26.735
Australian Grand Prix,45.0,PIA,108.613
Australian Grand Prix,45.0,BEA,122.595
Australian Grand Prix,46.0,VER,6.86
Australian Grand Prix,46.0,GAS,19.889
Australian Grand Prix,46.0,ANT,17.532
Australian Grand Prix,46.0,LEC,4.001
Australian Grand Prix,46.0,STR,18.648
Australian Grand Prix,46.0,TSU,4.796
Australian Grand Prix,46.0,ALB,15.075
Australian Grand Prix,46.0,HUL,19.967
Australian Grand Prix,46.0,LAW,18.331
Australian Grand Prix,46.0,OCO,99.848
Australian Grand Prix,46.0,NOR,4.415
Australian Grand Prix,46.0,HAM,0.0
Australian Grand Prix,46.0,BOR,93.517
Australian Grand Prix,46.0,RUS,12.859
Australian Grand Prix,46.0,PIA,113.889
Australian Grand Prix,46.0,BEA,142.347
Australian Grand Prix,47.0,VER,15.93
Australian Grand Prix,47.0,GAS,28.486
Australian Grand Prix,47.0,ANT,25.139
Australian Grand Prix,47.0,LEC,38.34
Australian Grand Prix,47.0,STR,26.183
Australian Grand Prix,47.0,TSU,40.001
Australian Grand Prix,47.0,ALB,22.422
Australian Grand Prix,47.0,HUL,27.003
Australian Grand Prix,47.0,LAW,50.188
Australian Grand Prix,47.0,OCO,108.931
Australian Grand Prix,47.0,NOR,0.0
Australian Grand Prix,47.0,HAM,32.55
Australian Grand Prix,47.0,RUS,17.155
Australian Grand Prix,47.0,PIA,115.916
Australian Grand Prix,47.0,BEA,142.798
Australian Grand Prix,48.0,VER,1.341
Australian Grand Prix,48.0,GAS,13.276
Australian Grand Prix,48.0,ANT,6.573
Australian Grand Prix,48.0,LEC,17.389
Australian Grand Prix,48.0,STR,8.485
Australian Grand Prix,48.0,TSU,19.292
Australian Grand Prix,48.0,ALB,4.435
Australian Grand Prix,48.0,HUL,10.083
Australian Grand Prix,48.0,OCO,78.352
Australian Grand Prix,48.0,NOR,0.0
Australian Grand Prix,48.0,HAM,14.774000000000001
Australian Grand Prix,48.0,RUS,3.289
Australian Grand Prix,48.0,PIA,81.334
Australian Grand Prix,48.0,BEA,150.591
Australian Grand Prix,49.0,VER,1.254
Australian Grand Prix,49.0,GAS,12.966
Australian Grand Prix,49.0,ANT,6.558
Australian Grand Prix,49.0,LEC,15.187
Australian Grand Prix,49.0,STR,8.629
Australian Grand Prix,49.0,TSU,16.877
Australian Grand Prix,49.0,ALB,4.118
Australian Grand Prix,49.0,HUL,9.908
Australian Grand Prix,49.0,OCO,35.116
Australian Grand Prix,49.0,NOR,0.0
Australian Grand Prix,49.0,HAM,14.37
Australian Grand Prix,49.0,RUS,2.473
Australian Grand Prix,49.0,PIA,36.795
Australian Grand Prix,49.0,BEA,116.1
Australian Grand Prix,50.0,VER,0.944
Australian Grand Prix,50.0,GAS,8.325
Australian Grand Prix,50.0,ANT,4.447
Australian Grand Prix,50.0,LEC,12.574
Australian Grand Prix,50.0,STR,5.804
Australian Grand Prix,50.0,TSU,14.583
Australian Grand Prix,50.0,ALB,3.205
Australian Grand Prix,50.0,HUL,6.957
Australian Grand Prix,50.0,OCO,15.574
Australian Grand Prix,50.0,NOR,0.0
Australian Grand Prix,50.0,HAM,9.07
Australian Grand Prix,50.0,RUS,2.383
Australian Grand Prix,50.0,PIA,18.132
Australian Grand Prix,50.0,BEA,69.892
Australian Grand Prix,51.0,VER,0.645
Australian Grand Prix,51.0,GAS,5.892
Australian Grand Prix,51.0,ANT,3.24
Australian Grand Prix,51.0,LEC,6.392
Australian Grand Prix,51.0,STR,5.473
Australian Grand Prix,51.0,TSU,7.46
Australian Grand Prix,51.0,ALB,2.204
Australian Grand Prix,51.0,HUL,5.496
Australian Grand Prix,51.0,OCO,9.059
Australian Grand Prix,51.0,NOR,0.0
Australian Grand Prix,51.0,HAM,6.203
Australian Grand Prix,51.0,RUS,1.354
Australian Grand Prix,51.0,PIA,8.229
Australian Grand Prix,51.0,BEA,30.651
Australian Grand Prix,52.0,VER,1.311
Australian Grand Prix,52.0,GAS,9.02
Australian Grand Prix,52.0,ANT,5.05
Australian Grand Prix,52.0,LEC,9.574
Australian Grand Prix,52.0,STR,7.67
Australian Grand Prix,52.0,TSU,12.071
Australian Grand Prix,52.0,ALB,4.002
Australian Grand Prix,52.0,HUL,8.233
Australian Grand Prix,52.0,OCO,14.608
Australian Grand Prix,52.0,NOR,0.0
Australian Grand Prix,52.0,HAM,10.056
Australian Grand Prix,52.0,RUS,2.49
Australian Grand Prix,52.0,PIA,12.255
Australian Grand Prix,52.0,BEA,30.711
Australian Grand Prix,53.0,VER,1.688
Australian Grand Prix,53.0,GAS,10.835
Australian Grand Prix,53.0,ANT,5.966
Australian Grand Prix,53.0,LEC,11.823
Australian Grand Prix,53.0,STR,8.746
Australian Grand Prix,53.0,TSU,16.425
Australian Grand Prix,53.0,ALB,5.437
Australian Grand Prix,53.0,HUL,9.566
Australian Grand Prix,53.0,OCO,18.708
Australian Grand Prix,53.0,NOR,0.0
Australian Grand Prix,53.0,HAM,12.613
Australian Grand Prix,53.0,RUS,3.185
Australian Grand Prix,53.0,PIA,13.582
Australian Grand Prix,53.0,BEA,31.595
Australian Grand Prix,54.0,VER,1.3599999999999999
Australian Grand Prix,54.0,GAS,16.374
Australian Grand Prix,54.0,ANT,7.1
Australian Grand Prix,54.0,LEC,13.477
Australian Grand Prix,54.0,STR,10.112
Australian Grand Prix,54.0,TSU,19.36
Australian Grand Prix,54.0,ALB,6.596
Australian Grand Prix,54.0,HUL,11.132
Australian Grand Prix,54.0,OCO,22.432
Australian Grand Prix,54.0,NOR,0.0
Australian Grand Prix,54.0,HAM,14.45
Australian Grand Prix,54.0,RUS,4.167
Australian Grand Prix,54.0,PIA,16.661
Australian Grand Prix,54.0,BEA,32.657
Australian Grand Prix,55.0,VER,0.703
Australian Grand Prix,55.0,GAS,19.495
Australian Grand Prix,55.0,ANT,8.507
Australian Grand Prix,55.0,LEC,14.257
Australian Grand Prix,55.0,STR,11.304
Australian Grand Prix,55.0,TSU,22.056
Australian Grand Prix,55.0,ALB,7.702
Australian Grand Prix,55.0,HUL,12.374
Australian Grand Prix,55.0,OCO,25.497
Australian Grand Prix,55.0,NOR,0.0
Australian Grand Prix,55.0,HAM,15.129
Australian Grand Prix,55.0,RUS,5.048
Australian Grand Prix,55.0,PIA,17.517
Australian Grand Prix,55.0,BEA,34.746
Australian Grand Prix,56.0,VER,0.628
Australian Grand Prix,56.0,GAS,22.365
Australian Grand Prix,56.0,ANT,8.66
Australian Grand Prix,56.0,LEC,16.062
Australian Grand Prix,56.0,STR,13.631
Australian Grand Prix,56.0,TSU,25.584
Australian Grand Prix,56.0,ALB,10.004
Australian Grand Prix,56.0,HUL,14.738
Australian Grand Prix,56.0,OCO,29.414
Australian Grand Prix,56.0,NOR,0.0
Australian Grand Prix,56.0,HAM,17.228
Australian Grand Prix,56.0,RUS,6.506
Australian Grand Prix,56.0,PIA,18.08
Australian Grand Prix,56.0,BEA,36.976
Australian Grand Prix,57.0,VER,0.902
Australian Grand Prix,57.0,GAS,26.551
Australian Grand Prix,57.0,ANT,10.184
Australian Grand Prix,57.0,LEC,19.9
Australian Grand Prix,57.0,STR,17.462
Australian Grand Prix,57.0,TSU,29.969
Australian Grand Prix,57.0,ALB,12.822
Australian Grand Prix,57.0,HUL,18.472
Australian Grand Prix,57.0,OCO,33.212
Australian Grand Prix,57.0,NOR,0.0
Australian Grand Prix,57.0,HAM,22.52
Australian Grand Prix,57.0,RUS,8.497
Australian Grand Prix,57.0,PIA,20.471
Australian Grand Prix,57.0,BEA,40.403
Chinese Grand Prix,1.0,PIA,0.0
Chinese Grand Prix,1.0,NOR,0.924
Chinese Grand Prix,1.0,RUS,1.938
Chinese Grand Prix,1.0,VER,3.9050000000000002
Chinese Grand Prix,1.0,OCO,6.487
Chinese Grand Prix,1.0,ANT,4.664
Chinese Grand Prix,1.0,ALB,6.929
Chinese Grand Prix,1.0,BEA,9.343
Chinese Grand Prix,1.0,STR,8.302
Chinese Grand Prix,1.0,SAI,8.968
Chinese Grand Prix,1.0,HAD,5.852
Chinese Grand Prix,1.0,LAW,10.584
Chinese Grand Prix,1.0,DOO,9.56
Chinese Grand Prix,1.0,BOR,25.313
Chinese Grand Prix,1.0,HUL,11.551
Chinese Grand Prix,1.0,TSU,5.312
Chinese Grand Prix,1.0,ALO,7.417
Chinese Grand Prix,1.0,LEC,3.419
Chinese Grand Prix,1.0,HAM,2.448
Chinese Grand Prix,1.0,GAS,7.696
Chinese Grand Prix,2.0,PIA,0.0
Chinese Grand Prix,2.0,NOR,1.086
Chinese Grand Prix,2.0,RUS,1.85
Chinese Grand Prix,2.0,VER,4.658
Chinese Grand Prix,2.0,OCO,8.042
Chinese Grand Prix,2.0,ANT,5.46
Chinese Grand Prix,2.0,ALB,8.821
Chinese Grand Prix,2.0,BEA,11.769
Chinese Grand Prix,2.0,STR,10.492
Chinese Grand Prix,2.0,SAI,11.135
Chinese Grand Prix,2.0,HAD,7.562
Chinese Grand Prix,2.0,LAW,12.673
Chinese Grand Prix,2.0,DOO,12.088
Chinese Grand Prix,2.0,BOR,44.877
Chinese Grand Prix,2.0,HUL,13.965
Chinese Grand Prix,2.0,TSU,6.509
Chinese Grand Prix,2.0,ALO,9.457
Chinese Grand Prix,2.0,LEC,4.052
Chinese Grand Prix,2.0,HAM,3.069
Chinese Grand Prix,2.0,GAS,9.95
Chinese Grand Prix,3.0,PIA,0.0
Chinese Grand Prix,3.0,NOR,0.994
Chinese Grand Prix,3.0,RUS,1.935
Chinese Grand Prix,3.0,VER,5.271
Chinese Grand Prix,3.0,OCO,9.401
Chinese Grand Prix,3.0,ANT,6.274
Chinese Grand Prix,3.0,ALB,10.227
Chinese Grand Prix,3.0,BEA,13.167
Chinese Grand Prix,3.0,STR,12.045
Chinese Grand Prix,3.0,SAI,12.716
Chinese Grand Prix,3.0,HAD,8.923
Chinese Grand Prix,3.0,LAW,14.722
Chinese Grand Prix,3.0,DOO,13.882
Chinese Grand Prix,3.0,BOR,45.153
Chinese Grand Prix,3.0,HUL,16.864
Chinese Grand Prix,3.0,TSU,7.763
Chinese Grand Prix,3.0,ALO,11.024
Chinese Grand Prix,3.0,LEC,4.45
Chinese Grand Prix,3.0,HAM,3.233
Chinese Grand Prix,3.0,GAS,11.386
Chinese Grand Prix,4.0,PIA,0.0
Chinese Grand Prix,4.0,NOR,0.909
Chinese Grand Prix,4.0,RUS,1.774
Chinese Grand Prix,4.0,VER,6.081
Chinese Grand Prix,4.0,OCO,10.518
Chinese Grand Prix,4.0,ANT,7.294
Chinese Grand Prix,4.0,ALB,11.469
Chinese Grand Prix,4.0,BEA,15.113
Chinese Grand Prix,4.0,STR,12.896
Chinese Grand Prix,4.0,SAI,13.701
Chinese Grand Prix,4.0,HAD,10.014
Chinese Grand Prix,4.0,LAW,16.532
Chinese Grand Prix,4.0,DOO,15.6
Chinese Grand Prix,4.0,BOR,45.774
Chinese Grand Prix,4.0,HUL,19.047
Chinese Grand Prix,4.0,TSU,8.721
Chinese Grand Prix,4.0,ALO,54.186
Chinese Grand Prix,4.0,LEC,4.294
Chinese Grand Prix,4.0,HAM,3.516
Chinese Grand Prix,4.0,GAS,12.283
Chinese Grand Prix,5.0,PIA,0.0
Chinese Grand Prix,5.0,NOR,0.744
Chinese Grand Prix,5.0,RUS,1.513
Chinese Grand Prix,5.0,VER,6.894
Chinese Grand Prix,5.0,OCO,11.342
Chinese Grand Prix,5.0,ANT,8.009
Chinese Grand Prix,5.0,ALB,11.933
Chinese Grand Prix,5.0,BEA,16.089
Chinese Grand Prix,5.0,STR,13.615
Chinese Grand Prix,5.0,SAI,14.406
Chinese Grand Prix,5.0,HAD,10.678
Chinese Grand Prix,5.0,LAW,17.678
Chinese Grand Prix,5.0,DOO,16.697
Chinese Grand Prix,5.0,BOR,46.584
Chinese Grand Prix,5.0,HUL,20.771
Chinese Grand Prix,5.0,TSU,9.494
Chinese Grand Prix,5.0,LEC,4.465
Chinese Grand Prix,5.0,HAM,3.2359999999999998
Chinese Grand Prix,5.0,GAS,12.729
Chinese Grand Prix,6.0,PIA,0.0
Chinese Grand Prix,6.0,NOR,1.061
Chinese Grand Prix,6.0,RUS,2.437
Chinese Grand Prix,6.0,VER,8.134
Chinese Grand Prix,6.0,OCO,12.767
Chinese Grand Prix,6.0,ANT,9.381
Chinese Grand Prix,6.0,ALB,13.517
Chinese Grand Prix,6.0,BEA,17.779
Chinese Grand Prix,6.0,STR,15.236
Chinese Grand Prix,6.0,SAI,16.046
Chinese Grand Prix,6.0,HAD,11.953
Chinese Grand Prix,6.0,LAW,19.481
Chinese Grand Prix,6.0,DOO,18.691
Chinese Grand Prix,6.0,BOR,48.181
Chinese Grand Prix,6.0,HUL,22.913
Chinese Grand Prix,6.0,TSU,11.01
Chinese Grand Prix,6.0,LEC,5.212
Chinese Grand Prix,6.0,HAM,3.918
Chinese Grand Prix,6.0,GAS,14.352
Chinese Grand Prix,7.0,PIA,0.0
Chinese Grand Prix,7.0,NOR,1.337
Chinese Grand Prix,7.0,RUS,3.003
Chinese Grand Prix,7.0,VER,8.928
Chinese Grand Prix,7.0,OCO,14.05
Chinese Grand Prix,7.0,ANT,10.448
Chinese Grand Prix,7.0,ALB,14.71
Chinese Grand Prix,7.0,BEA,19.374
Chinese Grand Prix,7.0,STR,16.377
Chinese Grand Prix,7.0,SAI,17.223
Chinese Grand Prix,7.0,HAD,13.307
Chinese Grand Prix,7.0,LAW,21.108
Chinese Grand Prix,7.0,DOO,20.189
Chinese Grand Prix,7.0,BOR,49.383
Chinese Grand Prix,7.0,HUL,24.937
Chinese Grand Prix,7.0,TSU,12.005
Chinese Grand Prix,7.0,LEC,5.772
Chinese Grand Prix,7.0,HAM,4.886
Chinese Grand Prix,7.0,GAS,15.544
Chinese Grand Prix,8.0,PIA,0.0
Chinese Grand Prix,8.0,NOR,1.431
Chinese Grand Prix,8.0,RUS,3.525
Chinese Grand Prix,8.0,VER,9.818999999999999
Chinese Grand Prix,8.0,OCO,15.203
Chinese Grand Prix,8.0,ANT,11.373
Chinese Grand Prix,8.0,ALB,15.857
Chinese Grand Prix,8.0,BEA,20.572
Chinese Grand Prix,8.0,STR,17.716
Chinese Grand Prix,8.0,SAI,18.578
Chinese Grand Prix,8.0,HAD,14.475
Chinese Grand Prix,8.0,LAW,22.092
Chinese Grand Prix,8.0,DOO,21.318
Chinese Grand Prix,8.0,BOR,50.242
Chinese Grand Prix,8.0,HUL,26.787
Chinese Grand Prix,8.0,TSU,13.211
Chinese Grand Prix,8.0,LEC,6.057
Chinese Grand Prix,8.0,HAM,5.345
Chinese Grand Prix,8.0,GAS,16.725
Chinese Grand Prix,9.0,PIA,0.0
Chinese Grand Prix,9.0,NOR,1.746
Chinese Grand Prix,9.0,RUS,3.883
Chinese Grand Prix,9.0,VER,10.849
Chinese Grand Prix,9.0,OCO,16.34
Chinese Grand Prix,9.0,ANT,12.458
Chinese Grand Prix,9.0,ALB,17.181
Chinese Grand Prix,9.0,BEA,21.727
Chinese Grand Prix,9.0,STR,18.689
Chinese Grand Prix,9.0,SAI,19.616
Chinese Grand Prix,9.0,HAD,15.525
Chinese Grand Prix,9.0,LAW,23.636
Chinese Grand Prix,9.0,DOO,22.65
Chinese Grand Prix,9.0,BOR,50.94
Chinese Grand Prix,9.0,HUL,28.63
Chinese Grand Prix,9.0,TSU,14.305
Chinese Grand Prix,9.0,LEC,6.45
Chinese Grand Prix,9.0,HAM,5.7059999999999995
Chinese Grand Prix,9.0,GAS,17.906
Chinese Grand Prix,10.0,PIA,0.0
Chinese Grand Prix,10.0,NOR,2.068
Chinese Grand Prix,10.0,RUS,4.327
Chinese Grand Prix,10.0,VER,11.919
Chinese Grand Prix,10.0,OCO,17.569
Chinese Grand Prix,10.0,ANT,13.662
Chinese Grand Prix,10.0,ALB,18.297
Chinese Grand Prix,10.0,BEA,23.134
Chinese Grand Prix,10.0,STR,20.039
Chinese Grand Prix,10.0,SAI,20.847
Chinese Grand Prix,10.0,HAD,16.468
Chinese Grand Prix,10.0,LAW,25.229
Chinese Grand Prix,10.0,DOO,24.04
Chinese Grand Prix,10.0,BOR,52.044
Chinese Grand Prix,10.0,HUL,30.351
Chinese Grand Prix,10.0,TSU,15.418
Chinese Grand Prix,10.0,LEC,7.017
Chinese Grand Prix,10.0,HAM,6.2780000000000005
Chinese Grand Prix,10.0,GAS,24.069
Chinese Grand Prix,11.0,PIA,0.0
Chinese Grand Prix,11.0,NOR,2.062
Chinese Grand Prix,11.0,RUS,4.578
Chinese Grand Prix,11.0,VER,12.949
Chinese Grand Prix,11.0,OCO,23.568
Chinese Grand Prix,11.0,ANT,14.751
Chinese Grand Prix,11.0,ALB,19.173
Chinese Grand Prix,11.0,BEA,24.154
Chinese Grand Prix,11.0,STR,21.016
Chinese Grand Prix,11.0,SAI,21.78
Chinese Grand Prix,11.0,HAD,17.579
Chinese Grand Prix,11.0,LAW,26.257
Chinese Grand Prix,11.0,DOO,29.566
Chinese Grand Prix,11.0,BOR,52.527
Chinese Grand Prix,11.0,HUL,31.725
Chinese Grand Prix,11.0,TSU,21.139
Chinese Grand Prix,11.0,LEC,7.315
Chinese Grand Prix,11.0,HAM,6.659
Chinese Grand Prix,11.0,GAS,41.355
Chinese Grand Prix,12.0,PIA,0.0
Chinese Grand Prix,12.0,NOR,2.146
Chinese Grand Prix,12.0,RUS,4.856
Chinese Grand Prix,12.0,VER,13.463
Chinese Grand Prix,12.0,OCO,40.512
Chinese Grand Prix,12.0,ANT,20.908
Chinese Grand Prix,12.0,ALB,19.936
Chinese Grand Prix,12.0,BEA,25.28
Chinese Grand Prix,12.0,STR,22.162
Chinese Grand Prix,12.0,SAI,23.31
Chinese Grand Prix,12.0,HAD,23.113
Chinese Grand Prix,12.0,LAW,27.071
Chinese Grand Prix,12.0,DOO,47.072
Chinese Grand Prix,12.0,BOR,53.284
Chinese Grand Prix,12.0,HUL,33.071
Chinese Grand Prix,12.0,TSU,39.372
Chinese Grand Prix,12.0,LEC,7.884
Chinese Grand Prix,12.0,HAM,7.276
Chinese Grand Prix,12.0,GAS,41.082
Chinese Grand Prix,13.0,PIA,0.0
Chinese Grand Prix,13.0,NOR,2.54
Chinese Grand Prix,13.0,RUS,5.112
Chinese Grand Prix,13.0,VER,18.118
Chinese Grand Prix,13.0,OCO,40.394
Chinese Grand Prix,13.0,ANT,39.961
Chinese Grand Prix,13.0,ALB,20.292
Chinese Grand Prix,13.0,BEA,26.483
Chinese Grand Prix,13.0,STR,23.17
Chinese Grand Prix,13.0,SAI,24.631
Chinese Grand Prix,13.0,HAD,42.101
Chinese Grand Prix,13.0,LAW,28.251
Chinese Grand Prix,13.0,DOO,46.879
Chinese Grand Prix,13.0,BOR,54.035
Chinese Grand Prix,13.0,HUL,34.888
Chinese Grand Prix,13.0,TSU,39.539
Chinese Grand Prix,13.0,LEC,8.443
Chinese Grand Prix,13.0,HAM,12.7
Chinese Grand Prix,13.0,GAS,41.358
Chinese Grand Prix,14.0,PIA,1.697
Chinese Grand Prix,14.0,NOR,0.0
Chinese Grand Prix,14.0,RUS,7.229
Chinese Grand Prix,14.0,VER,32.441
Chinese Grand Prix,14.0,OCO,37.977
Chinese Grand Prix,14.0,ANT,38.258
Chinese Grand Prix,14.0,ALB,17.823
Chinese Grand Prix,14.0,BEA,24.566
Chinese Grand Prix,14.0,STR,21.349
Chinese Grand Prix,14.0,SAI,22.725
Chinese Grand Prix,14.0,HAD,39.043
Chinese Grand Prix,14.0,LAW,26.123
Chinese Grand Prix,14.0,DOO,44.265
Chinese Grand Prix,14.0,BOR,52.25
Chinese Grand Prix,14.0,HUL,34.957
Chinese Grand Prix,14.0,TSU,37.394
Chinese Grand Prix,14.0,LEC,5.626
Chinese Grand Prix,14.0,HAM,27.508
Chinese Grand Prix,14.0,GAS,39.574
Chinese Grand Prix,15.0,PIA,15.958
Chinese Grand Prix,15.0,NOR,0.0
Chinese Grand Prix,15.0,RUS,18.196
Chinese Grand Prix,15.0,VER,26.494
Chinese Grand Prix,15.0,OCO,33.276
Chinese Grand Prix,15.0,ANT,33.77
Chinese Grand Prix,15.0,ALB,13.243
Chinese Grand Prix,15.0,BEA,21.238
Chinese Grand Prix,15.0,STR,17.663
Chinese Grand Prix,15.0,SAI,18.907
Chinese Grand Prix,15.0,HAD,34.744
Chinese Grand Prix,15.0,LAW,22.559
Chinese Grand Prix,15.0,DOO,39.203
Chinese Grand Prix,15.0,BOR,48.046
Chinese Grand Prix,15.0,HUL,31.511
Chinese Grand Prix,15.0,TSU,32.564
Chinese Grand Prix,15.0,LEC,5.22
Chinese Grand Prix,15.0,HAM,21.934
Chinese Grand Prix,15.0,GAS,35.384
Chinese Grand Prix,16.0,PIA,1.6179999999999999
Chinese Grand Prix,16.0,NOR,3.91
Chinese Grand Prix,16.0,RUS,3.261
Chinese Grand Prix,16.0,VER,11.771
Chinese Grand Prix,16.0,OCO,20.939
Chinese Grand Prix,16.0,ANT,21.2
Chinese Grand Prix,16.0,ALB,0.0
Chinese Grand Prix,16.0,BEA,9.086
Chinese Grand Prix,16.0,STR,5.5280000000000005
Chinese Grand Prix,16.0,SAI,6.254
Chinese Grand Prix,16.0,HAD,21.616
Chinese Grand Prix,16.0,LAW,11.031
Chinese Grand Prix,16.0,DOO,25.817
Chinese Grand Prix,16.0,BOR,35.482
Chinese Grand Prix,16.0,HUL,20.287
Chinese Grand Prix,16.0,TSU,20.749
Chinese Grand Prix,16.0,LEC,8.607
Chinese Grand Prix,16.0,HAM,8.129
Chinese Grand Prix,16.0,GAS,22.266
Chinese Grand Prix,17.0,PIA,0.0
Chinese Grand Prix,17.0,NOR,2.833
Chinese Grand Prix,17.0,RUS,2.602
Chinese Grand Prix,17.0,VER,10.631
Chinese Grand Prix,17.0,OCO,21.944
Chinese Grand Prix,17.0,ANT,22.92
Chinese Grand Prix,17.0,ALB,0.69
Chinese Grand Prix,17.0,BEA,9.492
Chinese Grand Prix,17.0,STR,5.924
Chinese Grand Prix,17.0,SAI,12.866
Chinese Grand Prix,17.0,HAD,23.21
Chinese Grand Prix,17.0,LAW,12.927
Chinese Grand Prix,17.0,DOO,25.936
Chinese Grand Prix,17.0,BOR,36.114
Chinese Grand Prix,17.0,HUL,22.61
Chinese Grand Prix,17.0,TSU,21.47
Chinese Grand Prix,17.0,LEC,7.524
Chinese Grand Prix,17.0,HAM,7.151
Chinese Grand Prix,17.0,GAS,23.811
Chinese Grand Prix,18.0,PIA,0.0
Chinese Grand Prix,18.0,NOR,3.1390000000000002
Chinese Grand Prix,18.0,RUS,4.296
Chinese Grand Prix,18.0,VER,11.307
Chinese Grand Prix,18.0,OCO,23.178
Chinese Grand Prix,18.0,ANT,25.979
Chinese Grand Prix,18.0,ALB,2.46
Chinese Grand Prix,18.0,BEA,11.617
Chinese Grand Prix,18.0,STR,8.647
Chinese Grand Prix,18.0,SAI,32.07
Chinese Grand Prix,18.0,HAD,26.43
Chinese Grand Prix,18.0,LAW,19.526
Chinese Grand Prix,18.0,DOO,28.629
Chinese Grand Prix,18.0,BOR,38.358
Chinese Grand Prix,18.0,HUL,26.981
Chinese Grand Prix,18.0,TSU,22.535
Chinese Grand Prix,18.0,LEC,8.733
Chinese Grand Prix,18.0,HAM,7.814
Chinese Grand Prix,18.0,GAS,27.312
Chinese Grand Prix,19.0,PIA,0.0
Chinese Grand Prix,19.0,NOR,3.607
Chinese Grand Prix,19.0,RUS,5.014
Chinese Grand Prix,19.0,VER,11.946
Chinese Grand Prix,19.0,OCO,24.008
Chinese Grand Prix,19.0,ANT,26.8
Chinese Grand Prix,19.0,ALB,4.226
Chinese Grand Prix,19.0,BEA,13.331
Chinese Grand Prix,19.0,STR,10.994
Chinese Grand Prix,19.0,SAI,32.783
Chinese Grand Prix,19.0,HAD,27.437
Chinese Grand Prix,19.0,LAW,38.483
Chinese Grand Prix,19.0,DOO,30.99
Chinese Grand Prix,19.0,BOR,41.415
Chinese Grand Prix,19.0,HUL,31.849
Chinese Grand Prix,19.0,TSU,23.003
Chinese Grand Prix,19.0,LEC,8.429
Chinese Grand Prix,19.0,HAM,7.678
Chinese Grand Prix,19.0,GAS,28.452
Chinese Grand Prix,20.0,PIA,0.0
Chinese Grand Prix,20.0,NOR,4.321
Chinese Grand Prix,20.0,RUS,6.078
Chinese Grand Prix,20.0,VER,12.271
Chinese Grand Prix,20.0,OCO,24.686
Chinese Grand Prix,20.0,ANT,27.529
Chinese Grand Prix,20.0,ALB,11.526
Chinese Grand Prix,20.0,BEA,14.314
Chinese Grand Prix,20.0,STR,12.916
Chinese Grand Prix,20.0,SAI,34.114
Chinese Grand Prix,20.0,HAD,27.981
Chinese Grand Prix,20.0,LAW,38.774
Chinese Grand Prix,20.0,DOO,31.906
Chinese Grand Prix,20.0,BOR,43.682
Chinese Grand Prix,20.0,HUL,39.746
Chinese Grand Prix,20.0,TSU,23.241
Chinese Grand Prix,20.0,LEC,8.32
Chinese Grand Prix,20.0,HAM,7.739
Chinese Grand Prix,20.0,GAS,29.663
Chinese Grand Prix,21.0,PIA,0.0
Chinese Grand Prix,21.0,NOR,4.315
Chinese Grand Prix,21.0,RUS,6.057
Chinese Grand Prix,21.0,VER,12.194
Chinese Grand Prix,21.0,OCO,24.619
Chinese Grand Prix,21.0,ANT,27.201
Chinese Grand Prix,21.0,ALB,31.69
Chinese Grand Prix,21.0,BEA,15.116
Chinese Grand Prix,21.0,STR,14.314
Chinese Grand Prix,21.0,SAI,34.28
Chinese Grand Prix,21.0,HAD,27.871
Chinese Grand Prix,21.0,LAW,38.614
Chinese Grand Prix,21.0,DOO,32.59
Chinese Grand Prix,21.0,BOR,45.435
Chinese Grand Prix,21.0,HUL,59.556
Chinese Grand Prix,21.0,TSU,22.972
Chinese Grand Prix,21.0,LEC,7.495
Chinese Grand Prix,21.0,HAM,9.073
Chinese Grand Prix,21.0,GAS,30.576
Chinese Grand Prix,22.0,PIA,0.0
Chinese Grand Prix,22.0,NOR,3.9130000000000003
Chinese Grand Prix,22.0,RUS,5.654
Chinese Grand Prix,22.0,VER,11.999
Chinese Grand Prix,22.0,OCO,25.041
Chinese Grand Prix,22.0,ANT,27.338
Chinese Grand Prix,22.0,ALB,31.237
Chinese Grand Prix,22.0,BEA,15.749
Chinese Grand Prix,22.0,STR,15.262
Chinese Grand Prix,22.0,SAI,34.685
Chinese Grand Prix,22.0,HAD,28.206
Chinese Grand Prix,22.0,LAW,38.758
Chinese Grand Prix,22.0,DOO,33.377
Chinese Grand Prix,22.0,BOR,47.351
Chinese Grand Prix,22.0,HUL,59.521
Chinese Grand Prix,22.0,TSU,23.137
Chinese Grand Prix,22.0,LEC,6.732
Chinese Grand Prix,22.0,HAM,8.792
Chinese Grand Prix,22.0,GAS,31.852
Chinese Grand Prix,23.0,PIA,0.0
Chinese Grand Prix,23.0,NOR,4.002
Chinese Grand Prix,23.0,RUS,5.577
Chinese Grand Prix,23.0,VER,12.209
Chinese Grand Prix,23.0,OCO,25.539
Chinese Grand Prix,23.0,ANT,27.888
Chinese Grand Prix,23.0,ALB,31.652
Chinese Grand Prix,23.0,BEA,17.39
Chinese Grand Prix,23.0,STR,16.803
Chinese Grand Prix,23.0,SAI,35.211
Chinese Grand Prix,23.0,HAD,28.864
Chinese Grand Prix,23.0,LAW,39.168
Chinese Grand Prix,23.0,DOO,34.501
Chinese Grand Prix,23.0,BOR,49.907
Chinese Grand Prix,23.0,HUL,60.481
Chinese Grand Prix,23.0,TSU,23.578
Chinese Grand Prix,23.0,LEC,6.712
Chinese Grand Prix,23.0,HAM,8.86
Chinese Grand Prix,23.0,GAS,33.395
Chinese Grand Prix,24.0,PIA,0.0
Chinese Grand Prix,24.0,NOR,3.984
Chinese Grand Prix,24.0,RUS,5.941
Chinese Grand Prix,24.0,VER,12.489
Chinese Grand Prix,24.0,OCO,26.434
Chinese Grand Prix,24.0,ANT,29.052
Chinese Grand Prix,24.0,ALB,32.454
Chinese Grand Prix,24.0,BEA,19.182
Chinese Grand Prix,24.0,STR,18.58
Chinese Grand Prix,24.0,SAI,36.288
Chinese Grand Prix,24.0,HAD,29.95
Chinese Grand Prix,24.0,LAW,40.231
Chinese Grand Prix,24.0,DOO,36.954
Chinese Grand Prix,24.0,BOR,52.827
Chinese Grand Prix,24.0,HUL,61.968
Chinese Grand Prix,24.0,TSU,24.53
Chinese Grand Prix,24.0,LEC,7.102
Chinese Grand Prix,24.0,HAM,9.087
Chinese Grand Prix,24.0,GAS,34.986
Chinese Grand Prix,25.0,PIA,0.0
Chinese Grand Prix,25.0,NOR,4.156
Chinese Grand Prix,25.0,RUS,6.155
Chinese Grand Prix,25.0,VER,13.026
Chinese Grand Prix,25.0,OCO,27.348
Chinese Grand Prix,25.0,ANT,30.03
Chinese Grand Prix,25.0,ALB,33.043
Chinese Grand Prix,25.0,BEA,20.93
Chinese Grand Prix,25.0,STR,20.279
Chinese Grand Prix,25.0,SAI,37.29
Chinese Grand Prix,25.0,HAD,31.028
Chinese Grand Prix,25.0,LAW,41.383
Chinese Grand Prix,25.0,DOO,38.176
Chinese Grand Prix,25.0,BOR,55.457
Chinese Grand Prix,25.0,HUL,63.403
Chinese Grand Prix,25.0,TSU,25.387
Chinese Grand Prix,25.0,LEC,6.818
Chinese Grand Prix,25.0,HAM,9.406
Chinese Grand Prix,25.0,GAS,36.174
Chinese Grand Prix,26.0,PIA,0.0
Chinese Grand Prix,26.0,NOR,4.102
Chinese Grand Prix,26.0,RUS,6.253
Chinese Grand Prix,26.0,VER,13.485
Chinese Grand Prix,26.0,OCO,28.543
Chinese Grand Prix,26.0,ANT,31.07
Chinese Grand Prix,26.0,ALB,34.057
Chinese Grand Prix,26.0,BEA,27.544
Chinese Grand Prix,26.0,STR,21.938
Chinese Grand Prix,26.0,SAI,38.45
Chinese Grand Prix,26.0,HAD,32.11
Chinese Grand Prix,26.0,LAW,42.191
Chinese Grand Prix,26.0,DOO,39.134
Chinese Grand Prix,26.0,BOR,62.245
Chinese Grand Prix,26.0,HUL,63.89
Chinese Grand Prix,26.0,TSU,26.045
Chinese Grand Prix,26.0,LEC,6.996
Chinese Grand Prix,26.0,HAM,9.775
Chinese Grand Prix,26.0,GAS,37.157
Chinese Grand Prix,27.0,PIA,0.0
Chinese Grand Prix,27.0,NOR,3.7439999999999998
Chinese Grand Prix,27.0,RUS,6.198
Chinese Grand Prix,27.0,VER,14.337
Chinese Grand Prix,27.0,OCO,29.237
Chinese Grand Prix,27.0,ANT,31.923000000000002
Chinese Grand Prix,27.0,ALB,35.081
Chinese Grand Prix,27.0,BEA,45.311
Chinese Grand Prix,27.0,STR,23.363
Chinese Grand Prix,27.0,SAI,39.421
Chinese Grand Prix,27.0,HAD,33.032
Chinese Grand Prix,27.0,LAW,43.196
Chinese Grand Prix,27.0,DOO,40.046
Chinese Grand Prix,27.0,BOR,81.374
Chinese Grand Prix,27.0,HUL,64.491
Chinese Grand Prix,27.0,TSU,26.735
Chinese Grand Prix,27.0,LEC,6.971
Chinese Grand Prix,27.0,HAM,10.073
Chinese Grand Prix,27.0,GAS,38.054
Chinese Grand Prix,28.0,PIA,0.0
Chinese Grand Prix,28.0,NOR,3.252
Chinese Grand Prix,28.0,RUS,6.105
Chinese Grand Prix,28.0,VER,14.654
Chinese Grand Prix,28.0,OCO,30.152
Chinese Grand Prix,28.0,ANT,32.816
Chinese Grand Prix,28.0,ALB,36.67
Chinese Grand Prix,28.0,BEA,45.2
Chinese Grand Prix,28.0,STR,24.576
Chinese Grand Prix,28.0,SAI,40.616
Chinese Grand Prix,28.0,HAD,33.706
Chinese Grand Prix,28.0,LAW,43.821
Chinese Grand Prix,28.0,DOO,41.376
Chinese Grand Prix,28.0,BOR,80.247
Chinese Grand Prix,28.0,HUL,65.287
Chinese Grand Prix,28.0,TSU,27.489
Chinese Grand Prix,28.0,LEC,6.962
Chinese Grand Prix,28.0,HAM,10.061
Chinese Grand Prix,28.0,GAS,39.126
Chinese Grand Prix,29.0,PIA,0.0
Chinese Grand Prix,29.0,NOR,3.25
Chinese Grand Prix,29.0,RUS,6.233
Chinese Grand Prix,29.0,VER,15.205
Chinese Grand Prix,29.0,OCO,31.189
Chinese Grand Prix,29.0,ANT,34.15
Chinese Grand Prix,29.0,ALB,38.208
Chinese Grand Prix,29.0,BEA,45.643
Chinese Grand Prix,29.0,STR,26.145
Chinese Grand Prix,29.0,SAI,42.034
Chinese Grand Prix,29.0,HAD,34.871
Chinese Grand Prix,29.0,LAW,45.075
Chinese Grand Prix,29.0,DOO,43.397
Chinese Grand Prix,29.0,BOR,80.663
Chinese Grand Prix,29.0,HUL,66.531
Chinese Grand Prix,29.0,TSU,28.861
Chinese Grand Prix,29.0,LEC,7.89
Chinese Grand Prix,29.0,HAM,10.758
Chinese Grand Prix,29.0,GAS,40.551
Chinese Grand Prix,30.0,PIA,0.0
Chinese Grand Prix,30.0,NOR,2.775
Chinese Grand Prix,30.0,RUS,6.6129999999999995
Chinese Grand Prix,30.0,VER,15.745
Chinese Grand Prix,30.0,OCO,32.396
Chinese Grand Prix,30.0,ANT,35.099
Chinese Grand Prix,30.0,ALB,39.252
Chinese Grand Prix,30.0,BEA,46.172
Chinese Grand Prix,30.0,STR,27.513
Chinese Grand Prix,30.0,SAI,42.986
Chinese Grand Prix,30.0,HAD,36.11
Chinese Grand Prix,30.0,LAW,51.227
Chinese Grand Prix,30.0,DOO,44.678
Chinese Grand Prix,30.0,BOR,81.131
Chinese Grand Prix,30.0,HUL,67.929
Chinese Grand Prix,30.0,TSU,30.046
Chinese Grand Prix,30.0,LEC,8.554
Chinese Grand Prix,30.0,HAM,11.395
Chinese Grand Prix,30.0,GAS,41.715
Chinese Grand Prix,31.0,PIA,0.0
Chinese Grand Prix,31.0,NOR,2.48
Chinese Grand Prix,31.0,RUS,6.934
Chinese Grand Prix,31.0,VER,16.167
Chinese Grand Prix,31.0,OCO,33.739
Chinese Grand Prix,31.0,ANT,36.292
Chinese Grand Prix,31.0,ALB,40.413
Chinese Grand Prix,31.0,BEA,46.936
Chinese Grand Prix,31.0,STR,29.01
Chinese Grand Prix,31.0,SAI,44.576
Chinese Grand Prix,31.0,HAD,37.45
Chinese Grand Prix,31.0,LAW,69.903
Chinese Grand Prix,31.0,DOO,46.438
Chinese Grand Prix,31.0,BOR,81.675
Chinese Grand Prix,31.0,HUL,69.088
Chinese Grand Prix,31.0,TSU,31.715
Chinese Grand Prix,31.0,LEC,9.072
Chinese Grand Prix,31.0,HAM,12.215
Chinese Grand Prix,31.0,GAS,42.959
Chinese Grand Prix,32.0,PIA,0.0
Chinese Grand Prix,32.0,NOR,2.644
Chinese Grand Prix,32.0,RUS,7.436
Chinese Grand Prix,32.0,VER,16.671
Chinese Grand Prix,32.0,OCO,34.911
Chinese Grand Prix,32.0,ANT,37.213
Chinese Grand Prix,32.0,ALB,41.631
Chinese Grand Prix,32.0,BEA,47.625
Chinese Grand Prix,32.0,STR,30.461
Chinese Grand Prix,32.0,SAI,45.782
Chinese Grand Prix,32.0,HAD,38.83
Chinese Grand Prix,32.0,LAW,69.19
Chinese Grand Prix,32.0,DOO,48.195
Chinese Grand Prix,32.0,BOR,81.827
Chinese Grand Prix,32.0,HUL,71.126
Chinese Grand Prix,32.0,TSU,33.21
Chinese Grand Prix,32.0,LEC,9.558
Chinese Grand Prix,32.0,HAM,12.555
Chinese Grand Prix,32.0,GAS,44.097
Chinese Grand Prix,33.0,PIA,0.0
Chinese Grand Prix,33.0,NOR,2.969
Chinese Grand Prix,33.0,RUS,8.087
Chinese Grand Prix,33.0,VER,17.322
Chinese Grand Prix,33.0,OCO,36.217
Chinese Grand Prix,33.0,ANT,38.583
Chinese Grand Prix,33.0,ALB,42.772
Chinese Grand Prix,33.0,BEA,48.672
Chinese Grand Prix,33.0,STR,32.232
Chinese Grand Prix,33.0,SAI,47.116
Chinese Grand Prix,33.0,HAD,45.125
Chinese Grand Prix,33.0,LAW,69.049
Chinese Grand Prix,33.0,DOO,50.197
Chinese Grand Prix,33.0,BOR,82.484
Chinese Grand Prix,33.0,HUL,72.571
Chinese Grand Prix,33.0,TSU,34.568
Chinese Grand Prix,33.0,LEC,10.392
Chinese Grand Prix,33.0,HAM,13.678
Chinese Grand Prix,33.0,GAS,45.553
Chinese Grand Prix,34.0,PIA,0.0
Chinese Grand Prix,34.0,NOR,3.36
Chinese Grand Prix,34.0,RUS,8.136
Chinese Grand Prix,34.0,VER,17.44
Chinese Grand Prix,34.0,OCO,37.177
Chinese Grand Prix,34.0,ANT,39.642
Chinese Grand Prix,34.0,ALB,43.439
Chinese Grand Prix,34.0,BEA,48.876
Chinese Grand Prix,34.0,STR,33.356
Chinese Grand Prix,34.0,SAI,48.373
Chinese Grand Prix,34.0,HAD,62.106
Chinese Grand Prix,34.0,LAW,68.872
Chinese Grand Prix,34.0,DOO,51.52
Chinese Grand Prix,34.0,BOR,82.646
Chinese Grand Prix,34.0,HUL,73.666
Chinese Grand Prix,34.0,TSU,35.859
Chinese Grand Prix,34.0,LEC,10.682
Chinese Grand Prix,34.0,HAM,14.164
Chinese Grand Prix,34.0,GAS,46.617
Chinese Grand Prix,35.0,PIA,0.0
Chinese Grand Prix,35.0,NOR,3.574
Chinese Grand Prix,35.0,RUS,8.16
Chinese Grand Prix,35.0,VER,17.5
Chinese Grand Prix,35.0,OCO,38.265
Chinese Grand Prix,35.0,ANT,40.71
Chinese Grand Prix,35.0,ALB,44.252
Chinese Grand Prix,35.0,BEA,50.033
Chinese Grand Prix,35.0,STR,34.583
Chinese Grand Prix,35.0,SAI,50.485
Chinese Grand Prix,35.0,HAD,61.334
Chinese Grand Prix,35.0,LAW,68.499
Chinese Grand Prix,35.0,DOO,53.507
Chinese Grand Prix,35.0,BOR,82.874
Chinese Grand Prix,35.0,HUL,74.301
Chinese Grand Prix,35.0,TSU,41.741
Chinese Grand Prix,35.0,LEC,11.211
Chinese Grand Prix,35.0,HAM,14.481
Chinese Grand Prix,35.0,GAS,47.418
Chinese Grand Prix,36.0,PIA,0.0
Chinese Grand Prix,36.0,NOR,3.095
Chinese Grand Prix,36.0,RUS,8.053
Chinese Grand Prix,36.0,VER,17.351
Chinese Grand Prix,36.0,OCO,38.997
Chinese Grand Prix,36.0,ANT,41.461
Chinese Grand Prix,36.0,ALB,44.827
Chinese Grand Prix,36.0,BEA,50.03
Chinese Grand Prix,36.0,STR,40.475
Chinese Grand Prix,36.0,SAI,52.674
Chinese Grand Prix,36.0,HAD,61.65
Chinese Grand Prix,36.0,LAW,68.178
Chinese Grand Prix,36.0,DOO,54.549
Chinese Grand Prix,36.0,BOR,82.789
Chinese Grand Prix,36.0,HUL,75.313
Chinese Grand Prix,36.0,TSU,59.952
Chinese Grand Prix,36.0,LEC,11.583
Chinese Grand Prix,36.0,HAM,15.032
Chinese Grand Prix,36.0,GAS,47.989
Chinese Grand Prix,37.0,PIA,0.0
Chinese Grand Prix,37.0,NOR,2.6790000000000003
Chinese Grand Prix,37.0,RUS,8.102
Chinese Grand Prix,37.0,VER,17.496
Chinese Grand Prix,37.0,OCO,39.64
Chinese Grand Prix,37.0,ANT,42.185
Chinese Grand Prix,37.0,ALB,45.676
Chinese Grand Prix,37.0,BEA,49.98
Chinese Grand Prix,37.0,STR,58.027
Chinese Grand Prix,37.0,SAI,53.787
Chinese Grand Prix,37.0,HAD,62.466
Chinese Grand Prix,37.0,LAW,67.984
Chinese Grand Prix,37.0,DOO,55.755
Chinese Grand Prix,37.0,BOR,82.555
Chinese Grand Prix,37.0,HUL,76.046
Chinese Grand Prix,37.0,TSU,60.267
Chinese Grand Prix,37.0,LEC,12.001
Chinese Grand Prix,37.0,HAM,20.793
Chinese Grand Prix,37.0,GAS,48.711
Chinese Grand Prix,38.0,PIA,0.0
Chinese Grand Prix,38.0,NOR,2.344
Chinese Grand Prix,38.0,RUS,8.156
Chinese Grand Prix,38.0,VER,17.585
Chinese Grand Prix,38.0,OCO,40.961
Chinese Grand Prix,38.0,ANT,43.376
Chinese Grand Prix,38.0,ALB,46.398
Chinese Grand Prix,38.0,BEA,50.734
Chinese Grand Prix,38.0,STR,58.067
Chinese Grand Prix,38.0,SAI,54.624
Chinese Grand Prix,38.0,HAD,62.771
Chinese Grand Prix,38.0,LAW,68.113
Chinese Grand Prix,38.0,DOO,56.73
Chinese Grand Prix,38.0,BOR,82.467
Chinese Grand Prix,38.0,HUL,77.102
Chinese Grand Prix,38.0,TSU,60.465
Chinese Grand Prix,38.0,LEC,12.350999999999999
Chinese Grand Prix,38.0,HAM,37.768
Chinese Grand Prix,38.0,GAS,50.431
Chinese Grand Prix,39.0,PIA,0.0
Chinese Grand Prix,39.0,NOR,2.3609999999999998
Chinese Grand Prix,39.0,RUS,8.504
Chinese Grand Prix,39.0,VER,17.842
Chinese Grand Prix,39.0,OCO,41.741
Chinese Grand Prix,39.0,ANT,44.26
Chinese Grand Prix,39.0,ALB,47.397
Chinese Grand Prix,39.0,BEA,52.667
Chinese Grand Prix,39.0,STR,57.911
Chinese Grand Prix,39.0,SAI,55.604
Chinese Grand Prix,39.0,HAD,63.279
Chinese Grand Prix,39.0,LAW,68.465
Chinese Grand Prix,39.0,DOO,58.391
Chinese Grand Prix,39.0,BOR,83.12
Chinese Grand Prix,39.0,HUL,78.517
Chinese Grand Prix,39.0,TSU,60.764
Chinese Grand Prix,39.0,LEC,13.073
Chinese Grand Prix,39.0,HAM,37.407
Chinese Grand Prix,39.0,GAS,52.479
Chinese Grand Prix,40.0,PIA,0.0
Chinese Grand Prix,40.0,NOR,2.749
Chinese Grand Prix,40.0,RUS,8.983
Chinese Grand Prix,40.0,VER,18.273
Chinese Grand Prix,40.0,OCO,43.001
Chinese Grand Prix,40.0,ANT,45.396
Chinese Grand Prix,40.0,ALB,48.599
Chinese Grand Prix,40.0,BEA,53.349
Chinese Grand Prix,40.0,STR,58.92
Chinese Grand Prix,40.0,SAI,57.145
Chinese Grand Prix,40.0,HAD,64.0
Chinese Grand Prix,40.0,LAW,69.11
Chinese Grand Prix,40.0,DOO,60.272
Chinese Grand Prix,40.0,BOR,83.74
Chinese Grand Prix,40.0,HUL,80.049
Chinese Grand Prix,40.0,TSU,61.731
Chinese Grand Prix,40.0,LEC,13.742
Chinese Grand Prix,40.0,HAM,36.885
Chinese Grand Prix,40.0,GAS,55.491
Chinese Grand Prix,41.0,PIA,0.0
Chinese Grand Prix,41.0,NOR,3.382
Chinese Grand Prix,41.0,RUS,9.426
Chinese Grand Prix,41.0,VER,18.382
Chinese Grand Prix,41.0,OCO,44.114
Chinese Grand Prix,41.0,ANT,46.586
Chinese Grand Prix,41.0,ALB,49.831
Chinese Grand Prix,41.0,BEA,53.903
Chinese Grand Prix,41.0,STR,59.856
Chinese Grand Prix,41.0,SAI,58.579
Chinese Grand Prix,41.0,HAD,64.474
Chinese Grand Prix,41.0,LAW,69.779
Chinese Grand Prix,41.0,DOO,61.609
Chinese Grand Prix,41.0,BOR,84.402
Chinese Grand Prix,41.0,HUL,82.042
Chinese Grand Prix,41.0,TSU,62.437
Chinese Grand Prix,41.0,LEC,14.231
Chinese Grand Prix,41.0,HAM,35.926
Chinese Grand Prix,41.0,GAS,56.704
Chinese Grand Prix,42.0,PIA,0.0
Chinese Grand Prix,42.0,NOR,3.931
Chinese Grand Prix,42.0,RUS,9.444
Chinese Grand Prix,42.0,VER,18.279
Chinese Grand Prix,42.0,OCO,44.928
Chinese Grand Prix,42.0,ANT,47.502
Chinese Grand Prix,42.0,ALB,50.48
Chinese Grand Prix,42.0,BEA,53.97
Chinese Grand Prix,42.0,STR,59.982
Chinese Grand Prix,42.0,SAI,59.639
Chinese Grand Prix,42.0,HAD,64.727
Chinese Grand Prix,42.0,LAW,70.087
Chinese Grand Prix,42.0,DOO,62.453
Chinese Grand Prix,42.0,BOR,85.143
Chinese Grand Prix,42.0,HUL,83.488
Chinese Grand Prix,42.0,TSU,63.151
Chinese Grand Prix,42.0,LEC,14.413
Chinese Grand Prix,42.0,HAM,35.176
Chinese Grand Prix,42.0,GAS,57.56
Chinese Grand Prix,43.0,PIA,0.0
Chinese Grand Prix,43.0,NOR,4.536
Chinese Grand Prix,43.0,RUS,9.537
Chinese Grand Prix,43.0,VER,18.155
Chinese Grand Prix,43.0,OCO,45.649
Chinese Grand Prix,43.0,ANT,48.25
Chinese Grand Prix,43.0,ALB,50.989
Chinese Grand Prix,43.0,BEA,54.147
Chinese Grand Prix,43.0,STR,60.109
Chinese Grand Prix,43.0,SAI,62.152
Chinese Grand Prix,43.0,HAD,65.643
Chinese Grand Prix,43.0,LAW,70.374
Chinese Grand Prix,43.0,DOO,64.375
Chinese Grand Prix,43.0,BOR,86.385
Chinese Grand Prix,43.0,HUL,85.384
Chinese Grand Prix,43.0,TSU,63.718
Chinese Grand Prix,43.0,LEC,14.543
Chinese Grand Prix,43.0,HAM,34.336
Chinese Grand Prix,43.0,GAS,58.209
Chinese Grand Prix,44.0,PIA,0.0
Chinese Grand Prix,44.0,NOR,4.746
Chinese Grand Prix,44.0,RUS,9.58
Chinese Grand Prix,44.0,VER,17.843
Chinese Grand Prix,44.0,OCO,46.284
Chinese Grand Prix,44.0,ANT,48.599
Chinese Grand Prix,44.0,ALB,51.319
Chinese Grand Prix,44.0,BEA,54.235
Chinese Grand Prix,44.0,STR,60.145
Chinese Grand Prix,44.0,SAI,63.169
Chinese Grand Prix,44.0,HAD,66.219
Chinese Grand Prix,44.0,LAW,70.496
Chinese Grand Prix,44.0,DOO,65.697
Chinese Grand Prix,44.0,BOR,87.321
Chinese Grand Prix,44.0,HUL,86.694
Chinese Grand Prix,44.0,TSU,64.074
Chinese Grand Prix,44.0,LEC,14.472
Chinese Grand Prix,44.0,HAM,33.665
Chinese Grand Prix,44.0,GAS,58.669
Chinese Grand Prix,45.0,PIA,0.0
Chinese Grand Prix,45.0,NOR,4.468
Chinese Grand Prix,45.0,RUS,9.48
Chinese Grand Prix,45.0,VER,17.351
Chinese Grand Prix,45.0,OCO,46.539
Chinese Grand Prix,45.0,ANT,48.885
Chinese Grand Prix,45.0,ALB,51.521
Chinese Grand Prix,45.0,BEA,54.287
Chinese Grand Prix,45.0,STR,60.557
Chinese Grand Prix,45.0,SAI,63.688
Chinese Grand Prix,45.0,HAD,68.145
Chinese Grand Prix,45.0,LAW,70.754
Chinese Grand Prix,45.0,DOO,67.368
Chinese Grand Prix,45.0,BOR,88.227
Chinese Grand Prix,45.0,HUL,88.817
Chinese Grand Prix,45.0,TSU,64.183
Chinese Grand Prix,45.0,LEC,14.233
Chinese Grand Prix,45.0,HAM,32.34
Chinese Grand Prix,45.0,GAS,58.876
Chinese Grand Prix,46.0,PIA,0.0
Chinese Grand Prix,46.0,NOR,4.078
Chinese Grand Prix,46.0,RUS,9.32
Chinese Grand Prix,46.0,VER,17.079
Chinese Grand Prix,46.0,OCO,47.072
Chinese Grand Prix,46.0,ANT,49.15
Chinese Grand Prix,46.0,ALB,51.631
Chinese Grand Prix,46.0,BEA,54.38
Chinese Grand Prix,46.0,STR,60.741
Chinese Grand Prix,46.0,SAI,64.583
Chinese Grand Prix,46.0,HAD,68.781
Chinese Grand Prix,46.0,LAW,71.654
Chinese Grand Prix,46.0,DOO,68.196
Chinese Grand Prix,46.0,BOR,89.216
Chinese Grand Prix,46.0,HUL,91.519
Chinese Grand Prix,46.0,TSU,74.477
Chinese Grand Prix,46.0,LEC,14.091
Chinese Grand Prix,46.0,HAM,31.413
Chinese Grand Prix,46.0,GAS,59.304
Chinese Grand Prix,47.0,PIA,0.0
Chinese Grand Prix,47.0,NOR,3.7960000000000003
Chinese Grand Prix,47.0,RUS,9.464
Chinese Grand Prix,47.0,VER,17.075
Chinese Grand Prix,47.0,OCO,47.774
Chinese Grand Prix,47.0,ANT,49.862
Chinese Grand Prix,47.0,ALB,52.026
Chinese Grand Prix,47.0,BEA,54.883
Chinese Grand Prix,47.0,STR,61.515
Chinese Grand Prix,47.0,SAI,65.588
Chinese Grand Prix,47.0,HAD,69.314
Chinese Grand Prix,47.0,LAW,72.319
Chinese Grand Prix,47.0,DOO,68.699
Chinese Grand Prix,47.0,BOR,90.617
Chinese Grand Prix,47.0,HUL,93.956
Chinese Grand Prix,47.0,TSU,114.205
Chinese Grand Prix,47.0,LEC,14.263
Chinese Grand Prix,47.0,HAM,31.044
Chinese Grand Prix,47.0,GAS,59.761
Chinese Grand Prix,48.0,PIA,0.0
Chinese Grand Prix,48.0,NOR,3.502
Chinese Grand Prix,48.0,RUS,9.654
Chinese Grand Prix,48.0,VER,17.096
Chinese Grand Prix,48.0,OCO,48.204
Chinese Grand Prix,48.0,ANT,50.291
Chinese Grand Prix,48.0,ALB,52.397
Chinese Grand Prix,48.0,BEA,55.717
Chinese Grand Prix,48.0,STR,62.158
Chinese Grand Prix,48.0,SAI,66.935
Chinese Grand Prix,48.0,HAD,70.506
Chinese Grand Prix,48.0,LAW,72.818
Chinese Grand Prix,48.0,DOO,70.014
Chinese Grand Prix,48.0,BOR,92.107
Chinese Grand Prix,48.0,HUL,97.075
Chinese Grand Prix,48.0,TSU,114.365
Chinese Grand Prix,48.0,LEC,14.802
Chinese Grand Prix,48.0,HAM,30.302
Chinese Grand Prix,48.0,GAS,60.31
Chinese Grand Prix,49.0,PIA,0.0
Chinese Grand Prix,49.0,NOR,3.2
Chinese Grand Prix,49.0,RUS,9.792
Chinese Grand Prix,49.0,VER,17.026
Chinese Grand Prix,49.0,OCO,48.745
Chinese Grand Prix,49.0,ANT,50.665
Chinese Grand Prix,49.0,ALB,52.91
Chinese Grand Prix,49.0,BEA,56.562
Chinese Grand Prix,49.0,STR,62.852
Chinese Grand Prix,49.0,SAI,67.858
Chinese Grand Prix,49.0,HAD,72.291
Chinese Grand Prix,49.0,LAW,73.734
Chinese Grand Prix,49.0,DOO,71.794
Chinese Grand Prix,49.0,BOR,93.694
Chinese Grand Prix,49.0,HUL,100.246
Chinese Grand Prix,49.0,TSU,114.268
Chinese Grand Prix,49.0,LEC,14.991
Chinese Grand Prix,49.0,HAM,29.411
Chinese Grand Prix,49.0,GAS,60.767
Chinese Grand Prix,50.0,PIA,0.0
Chinese Grand Prix,50.0,NOR,3.251
Chinese Grand Prix,50.0,RUS,10.334
Chinese Grand Prix,50.0,VER,17.101
Chinese Grand Prix,50.0,OCO,49.438
Chinese Grand Prix,50.0,ANT,51.281
Chinese Grand Prix,50.0,ALB,53.571
Chinese Grand Prix,50.0,BEA,57.677
Chinese Grand Prix,50.0,STR,64.111
Chinese Grand Prix,50.0,SAI,69.013
Chinese Grand Prix,50.0,HAD,73.96
Chinese Grand Prix,50.0,LAW,75.551
Chinese Grand Prix,50.0,DOO,73.16
Chinese Grand Prix,50.0,BOR,97.057
Chinese Grand Prix,50.0,HUL,102.815
Chinese Grand Prix,50.0,TSU,114.652
Chinese Grand Prix,50.0,LEC,15.63
Chinese Grand Prix,50.0,HAM,29.031
Chinese Grand Prix,50.0,GAS,61.927
Chinese Grand Prix,51.0,PIA,0.0
Chinese Grand Prix,51.0,NOR,3.044
Chinese Grand Prix,51.0,RUS,10.435
Chinese Grand Prix,51.0,VER,16.704
Chinese Grand Prix,51.0,OCO,49.552
Chinese Grand Prix,51.0,ANT,51.61
Chinese Grand Prix,51.0,ALB,53.758
Chinese Grand Prix,51.0,BEA,58.074
Chinese Grand Prix,51.0,STR,64.961
Chinese Grand Prix,51.0,SAI,69.76
Chinese Grand Prix,51.0,HAD,74.356
Chinese Grand Prix,51.0,LAW,76.191
Chinese Grand Prix,51.0,DOO,73.757
Chinese Grand Prix,51.0,BOR,99.958
Chinese Grand Prix,51.0,HUL,104.7
Chinese Grand Prix,51.0,TSU,114.765
Chinese Grand Prix,51.0,LEC,16.279
Chinese Grand Prix,51.0,HAM,28.389
Chinese Grand Prix,51.0,GAS,62.34
Chinese Grand Prix,52.0,PIA,0.0
Chinese Grand Prix,52.0,NOR,3.115
Chinese Grand Prix,52.0,RUS,11.04
Chinese Grand Prix,52.0,VER,17.487
Chinese Grand Prix,52.0,OCO,49.939
Chinese Grand Prix,52.0,ANT,52.2
Chinese Grand Prix,52.0,ALB,54.232
Chinese Grand Prix,52.0,BEA,58.657
Chinese Grand Prix,52.0,STR,66.193
Chinese Grand Prix,52.0,SAI,70.945
Chinese Grand Prix,52.0,HAD,74.911
Chinese Grand Prix,52.0,LAW,76.848
Chinese Grand Prix,52.0,DOO,74.401
Chinese Grand Prix,52.0,BOR,101.562
Chinese Grand Prix,52.0,HUL,106.403
Chinese Grand Prix,52.0,TSU,115.762
Chinese Grand Prix,52.0,LEC,17.082
Chinese Grand Prix,52.0,HAM,27.82
Chinese Grand Prix,52.0,GAS,63.116
Chinese Grand Prix,53.0,PIA,0.0
Chinese Grand Prix,53.0,NOR,3.049
Chinese Grand Prix,53.0,RUS,12.024
Chinese Grand Prix,53.0,VER,18.142
Chinese Grand Prix,53.0,OCO,50.8
Chinese Grand Prix,53.0,ANT,53.262
Chinese Grand Prix,53.0,ALB,55.329
Chinese Grand Prix,53.0,BEA,59.996
Chinese Grand Prix,53.0,STR,67.892
Chinese Grand Prix,53.0,SAI,73.006
Chinese Grand Prix,53.0,HAD,76.073
Chinese Grand Prix,53.0,LAW,78.468
Chinese Grand Prix,53.0,DOO,75.61
Chinese Grand Prix,53.0,BOR,103.176
Chinese Grand Prix,53.0,HUL,111.196
Chinese Grand Prix,53.0,TSU,117.688
Chinese Grand Prix,53.0,LEC,19.653
Chinese Grand Prix,53.0,HAM,27.762
Chinese Grand Prix,53.0,GAS,64.816
Chinese Grand Prix,54.0,PIA,0.0
Chinese Grand Prix,54.0,NOR,4.28
Chinese Grand Prix,54.0,RUS,12.283
Chinese Grand Prix,54.0,VER,18.281
Chinese Grand Prix,54.0,OCO,51.161
Chinese Grand Prix,54.0,ANT,54.259
Chinese Grand Prix,54.0,ALB,56.316
Chinese Grand Prix,54.0,BEA,60.789
Chinese Grand Prix,54.0,STR,69.235
Chinese Grand Prix,54.0,SAI,74.457
Chinese Grand Prix,54.0,HAD,77.662
Chinese Grand Prix,54.0,LAW,80.073
Chinese Grand Prix,54.0,DOO,77.161
Chinese Grand Prix,54.0,BOR,105.076
Chinese Grand Prix,54.0,HUL,113.393
Chinese Grand Prix,54.0,TSU,119.121
Chinese Grand Prix,54.0,LEC,21.69
Chinese Grand Prix,54.0,HAM,27.378
Chinese Grand Prix,54.0,GAS,66.45
Chinese Grand Prix,55.0,PIA,0.0
Chinese Grand Prix,55.0,NOR,7.264
Chinese Grand Prix,55.0,RUS,12.123
Chinese Grand Prix,55.0,VER,18.102
Chinese Grand Prix,55.0,OCO,51.163
Chinese Grand Prix,55.0,ANT,54.636
Chinese Grand Prix,55.0,ALB,56.903
Chinese Grand Prix,55.0,BEA,61.389
Chinese Grand Prix,55.0,STR,70.277
Chinese Grand Prix,55.0,SAI,75.91
Chinese Grand Prix,55.0,HAD,78.114
Chinese Grand Prix,55.0,LAW,80.885
Chinese Grand Prix,55.0,DOO,77.813
Chinese Grand Prix,55.0,BOR,107.69
Chinese Grand Prix,55.0,HUL,117.16
Chinese Grand Prix,55.0,TSU,120.445
Chinese Grand Prix,55.0,LEC,22.83
Chinese Grand Prix,55.0,HAM,26.634
Chinese Grand Prix,55.0,GAS,67.279
Chinese Grand Prix,56.0,PIA,0.0
Chinese Grand Prix,56.0,NOR,9.748
Chinese Grand Prix,56.0,RUS,11.097
Chinese Grand Prix,56.0,VER,16.656
Chinese Grand Prix,56.0,OCO,49.969
Chinese Grand Prix,56.0,ANT,53.748
Chinese Grand Prix,56.0,ALB,56.321
Chinese Grand Prix,56.0,BEA,61.303
Chinese Grand Prix,56.0,STR,70.204
Chinese Grand Prix,56.0,SAI,76.387
Chinese Grand Prix,56.0,HAD,78.875
Chinese Grand Prix,56.0,LAW,81.147
Chinese Grand Prix,56.0,DOO,78.401
Chinese Grand Prix,56.0,LEC,23.211
Chinese Grand Prix,56.0,HAM,25.381
Chinese Grand Prix,56.0,GAS,67.195
Japanese Grand Prix,1.0,VER,0.0
Japanese Grand Prix,1.0,NOR,1.036
Japanese Grand Prix,1.0,PIA,1.7570000000000001
Japanese Grand Prix,1.0,LEC,2.646
Japanese Grand Prix,1.0,RUS,3.26
Japanese Grand Prix,1.0,ANT,4.24
Japanese Grand Prix,1.0,HAM,5.554
Japanese Grand Prix,1.0,HAD,5.199
Japanese Grand Prix,1.0,ALB,6.061
Japanese Grand Prix,1.0,BEA,6.55
Japanese Grand Prix,1.0,ALO,7.323
Japanese Grand Prix,1.0,TSU,8.137
Japanese Grand Prix,1.0,GAS,7.702
Japanese Grand Prix,1.0,SAI,9.481
Japanese Grand Prix,1.0,DOO,10.577
Japanese Grand Prix,1.0,HUL,9.133
Japanese Grand Prix,1.0,LAW,8.738
Japanese Grand Prix,1.0,OCO,10.038
Japanese Grand Prix,1.0,BOR,12.165
Japanese Grand Prix,1.0,STR,11.378
Japanese Grand Prix,2.0,VER,0.0
Japanese Grand Prix,2.0,NOR,1.04
Japanese Grand Prix,2.0,PIA,1.8980000000000001
Japanese Grand Prix,2.0,LEC,2.824
Japanese Grand Prix,2.0,RUS,3.508
Japanese Grand Prix,2.0,ANT,4.828
Japanese Grand Prix,2.0,HAM,6.886
Japanese Grand Prix,2.0,HAD,6.006
Japanese Grand Prix,2.0,ALB,7.563
Japanese Grand Prix,2.0,BEA,8.16
Japanese Grand Prix,2.0,ALO,9.066
Japanese Grand Prix,2.0,TSU,10.27
Japanese Grand Prix,2.0,GAS,9.617
Japanese Grand Prix,2.0,SAI,11.786
Japanese Grand Prix,2.0,DOO,13.482
Japanese Grand Prix,2.0,HUL,12.315
Japanese Grand Prix,2.0,LAW,11.121
Japanese Grand Prix,2.0,OCO,12.994
Japanese Grand Prix,2.0,BOR,15.21
Japanese Grand Prix,2.0,STR,14.451
Japanese Grand Prix,3.0,VER,0.0
Japanese Grand Prix,3.0,NOR,1.19
Japanese Grand Prix,3.0,PIA,2.301
Japanese Grand Prix,3.0,LEC,3.314
Japanese Grand Prix,3.0,RUS,4.073
Japanese Grand Prix,3.0,ANT,5.312
Japanese Grand Prix,3.0,HAM,7.501
Japanese Grand Prix,3.0,HAD,6.533
Japanese Grand Prix,3.0,ALB,8.425
Japanese Grand Prix,3.0,BEA,8.956
Japanese Grand Prix,3.0,ALO,10.188
Japanese Grand Prix,3.0,TSU,11.688
Japanese Grand Prix,3.0,GAS,10.933
Japanese Grand Prix,3.0,SAI,13.477
Japanese Grand Prix,3.0,DOO,15.496
Japanese Grand Prix,3.0,HUL,14.095
Japanese Grand Prix,3.0,LAW,12.715
Japanese Grand Prix,3.0,OCO,14.886
Japanese Grand Prix,3.0,BOR,17.249
Japanese Grand Prix,3.0,STR,16.287
Japanese Grand Prix,4.0,VER,0.0
Japanese Grand Prix,4.0,NOR,1.284
Japanese Grand Prix,4.0,PIA,2.2560000000000002
Japanese Grand Prix,4.0,LEC,3.524
Japanese Grand Prix,4.0,RUS,4.386
Japanese Grand Prix,4.0,ANT,5.828
Japanese Grand Prix,4.0,HAM,7.904
Japanese Grand Prix,4.0,HAD,7.066
Japanese Grand Prix,4.0,ALB,8.998
Japanese Grand Prix,4.0,BEA,9.678
Japanese Grand Prix,4.0,ALO,11.054
Japanese Grand Prix,4.0,TSU,12.715
Japanese Grand Prix,4.0,GAS,11.897
Japanese Grand Prix,4.0,SAI,14.498
Japanese Grand Prix,4.0,DOO,17.096
Japanese Grand Prix,4.0,HUL,15.617
Japanese Grand Prix,4.0,LAW,14.069
Japanese Grand Prix,4.0,OCO,16.312
Japanese Grand Prix,4.0,BOR,18.473
Japanese Grand Prix,4.0,STR,17.704
Japanese Grand Prix,5.0,VER,0.0
Japanese Grand Prix,5.0,NOR,1.455
Japanese Grand Prix,5.0,PIA,2.447
Japanese Grand Prix,5.0,LEC,3.626
Japanese Grand Prix,5.0,RUS,4.405
Japanese Grand Prix,5.0,ANT,5.842
Japanese Grand Prix,5.0,HAM,7.948
Japanese Grand Prix,5.0,HAD,7.586
Japanese Grand Prix,5.0,ALB,9.36
Japanese Grand Prix,5.0,BEA,10.028
Japanese Grand Prix,5.0,ALO,11.877
Japanese Grand Prix,5.0,TSU,13.508
Japanese Grand Prix,5.0,GAS,12.675
Japanese Grand Prix,5.0,SAI,16.195
Japanese Grand Prix,5.0,DOO,18.805
Japanese Grand Prix,5.0,HUL,17.107
Japanese Grand Prix,5.0,LAW,15.462
Japanese Grand Prix,5.0,OCO,17.897
Japanese Grand Prix,5.0,BOR,19.74
Japanese Grand Prix,5.0,STR,19.346
Japanese Grand Prix,6.0,VER,0.0
Japanese Grand Prix,6.0,NOR,1.745
Japanese Grand Prix,6.0,PIA,2.632
Japanese Grand Prix,6.0,LEC,3.859
Japanese Grand Prix,6.0,RUS,4.681
Japanese Grand Prix,6.0,ANT,6.253
Japanese Grand Prix,6.0,HAM,8.243
Japanese Grand Prix,6.0,HAD,9.395
Japanese Grand Prix,6.0,ALB,10.162
Japanese Grand Prix,6.0,BEA,10.917
Japanese Grand Prix,6.0,ALO,12.95
Japanese Grand Prix,6.0,TSU,14.622
Japanese Grand Prix,6.0,GAS,13.879
Japanese Grand Prix,6.0,SAI,17.331
Japanese Grand Prix,6.0,DOO,20.507
Japanese Grand Prix,6.0,HUL,18.552
Japanese Grand Prix,6.0,LAW,16.872
Japanese Grand Prix,6.0,OCO,19.408
Japanese Grand Prix,6.0,BOR,21.649
Japanese Grand Prix,6.0,STR,20.989
Japanese Grand Prix,7.0,VER,0.0
Japanese Grand Prix,7.0,NOR,2.039
Japanese Grand Prix,7.0,PIA,2.955
Japanese Grand Prix,7.0,LEC,4.23
Japanese Grand Prix,7.0,RUS,5.336
Japanese Grand Prix,7.0,ANT,6.568
Japanese Grand Prix,7.0,HAM,8.856
Japanese Grand Prix,7.0,HAD,10.296
Japanese Grand Prix,7.0,ALB,11.078
Japanese Grand Prix,7.0,BEA,12.142
Japanese Grand Prix,7.0,ALO,13.821
Japanese Grand Prix,7.0,TSU,15.751
Japanese Grand Prix,7.0,GAS,14.938
Japanese Grand Prix,7.0,SAI,19.119
Japanese Grand Prix,7.0,DOO,21.873
Japanese Grand Prix,7.0,HUL,20.28
Japanese Grand Prix,7.0,LAW,18.461
Japanese Grand Prix,7.0,OCO,20.924
Japanese Grand Prix,7.0,BOR,23.399
Japanese Grand Prix,7.0,STR,22.567
Japanese Grand Prix,8.0,VER,0.0
Japanese Grand Prix,8.0,NOR,2.091
Japanese Grand Prix,8.0,PIA,3.191
Japanese Grand Prix,8.0,LEC,4.481
Japanese Grand Prix,8.0,RUS,5.598
Japanese Grand Prix,8.0,ANT,7.05
Japanese Grand Prix,8.0,HAM,9.232
Japanese Grand Prix,8.0,HAD,10.75
Japanese Grand Prix,8.0,ALB,12.032
Japanese Grand Prix,8.0,BEA,13.337
Japanese Grand Prix,8.0,ALO,14.782
Japanese Grand Prix,8.0,TSU,17.033
Japanese Grand Prix,8.0,GAS,16.173
Japanese Grand Prix,8.0,SAI,20.222
Japanese Grand Prix,8.0,DOO,23.412
Japanese Grand Prix,8.0,HUL,21.504
Japanese Grand Prix,8.0,LAW,19.615
Japanese Grand Prix,8.0,OCO,22.438
Japanese Grand Prix,8.0,BOR,25.072
Japanese Grand Prix,8.0,STR,24.387
Japanese Grand Prix,9.0,VER,0.0
Japanese Grand Prix,9.0,NOR,2.074
Japanese Grand Prix,9.0,PIA,3.252
Japanese Grand Prix,9.0,LEC,5.007
Japanese Grand Prix,9.0,RUS,5.885
Japanese Grand Prix,9.0,ANT,7.4030000000000005
Japanese Grand Prix,9.0,HAM,9.515
Japanese Grand Prix,9.0,HAD,11.385
Japanese Grand Prix,9.0,ALB,12.697
Japanese Grand Prix,9.0,BEA,14.216
Japanese Grand Prix,9.0,ALO,15.732
Japanese Grand Prix,9.0,TSU,18.056
Japanese Grand Prix,9.0,GAS,17.197
Japanese Grand Prix,9.0,SAI,21.547
Japanese Grand Prix,9.0,DOO,24.953
Japanese Grand Prix,9.0,HUL,22.845
Japanese Grand Prix,9.0,LAW,20.799
Japanese Grand Prix,9.0,OCO,23.944
Japanese Grand Prix,9.0,BOR,27.017
Japanese Grand Prix,9.0,STR,28.804
Japanese Grand Prix,10.0,VER,0.0
Japanese Grand Prix,10.0,NOR,2.167
Japanese Grand Prix,10.0,PIA,3.872
Japanese Grand Prix,10.0,LEC,5.279
Japanese Grand Prix,10.0,RUS,5.933
Japanese Grand Prix,10.0,ANT,7.569
Japanese Grand Prix,10.0,HAM,9.482
Japanese Grand Prix,10.0,HAD,11.789
Japanese Grand Prix,10.0,ALB,13.266
Japanese Grand Prix,10.0,BEA,14.878
Japanese Grand Prix,10.0,ALO,16.675
Japanese Grand Prix,10.0,TSU,19.099
Japanese Grand Prix,10.0,GAS,18.319
Japanese Grand Prix,10.0,SAI,22.419
Japanese Grand Prix,10.0,DOO,26.405
Japanese Grand Prix,10.0,HUL,23.888
Japanese Grand Prix,10.0,LAW,21.796
Japanese Grand Prix,10.0,OCO,25.244
Japanese Grand Prix,10.0,BOR,27.921
Japanese Grand Prix,10.0,STR,50.456
Japanese Grand Prix,11.0,VER,0.0
Japanese Grand Prix,11.0,NOR,2.243
Japanese Grand Prix,11.0,PIA,3.8529999999999998
Japanese Grand Prix,11.0,LEC,5.445
Japanese Grand Prix,11.0,RUS,6.318
Japanese Grand Prix,11.0,ANT,8.291
Japanese Grand Prix,11.0,HAM,9.94
Japanese Grand Prix,11.0,HAD,12.53
Japanese Grand Prix,11.0,ALB,13.993
Japanese Grand Prix,11.0,BEA,15.803
Japanese Grand Prix,11.0,ALO,17.659
Japanese Grand Prix,11.0,TSU,20.269
Japanese Grand Prix,11.0,GAS,19.491
Japanese Grand Prix,11.0,SAI,23.71
Japanese Grand Prix,11.0,DOO,27.913
Japanese Grand Prix,11.0,HUL,25.296
Japanese Grand Prix,11.0,LAW,23.135
Japanese Grand Prix,11.0,OCO,26.591
Japanese Grand Prix,11.0,BOR,29.122
Japanese Grand Prix,11.0,STR,51.812
Japanese Grand Prix,12.0,VER,0.0
Japanese Grand Prix,12.0,NOR,2.065
Japanese Grand Prix,12.0,PIA,3.544
Japanese Grand Prix,12.0,LEC,5.579
Japanese Grand Prix,12.0,RUS,6.539
Japanese Grand Prix,12.0,ANT,8.83
Japanese Grand Prix,12.0,HAM,10.33
Japanese Grand Prix,12.0,HAD,12.972
Japanese Grand Prix,12.0,ALB,14.350999999999999
Japanese Grand Prix,12.0,BEA,16.404
Japanese Grand Prix,12.0,ALO,18.53
Japanese Grand Prix,12.0,TSU,21.053
Japanese Grand Prix,12.0,GAS,20.388
Japanese Grand Prix,12.0,SAI,25.143
Japanese Grand Prix,12.0,DOO,29.456
Japanese Grand Prix,12.0,HUL,26.707
Japanese Grand Prix,12.0,LAW,24.296
Japanese Grand Prix,12.0,OCO,27.817
Japanese Grand Prix,12.0,BOR,30.378
Japanese Grand Prix,12.0,STR,53.412
Japanese Grand Prix,13.0,VER,0.0
Japanese Grand Prix,13.0,NOR,1.891
Japanese Grand Prix,13.0,PIA,3.157
Japanese Grand Prix,13.0,LEC,5.352
Japanese Grand Prix,13.0,RUS,6.714
Japanese Grand Prix,13.0,ANT,8.958
Japanese Grand Prix,13.0,HAM,10.616
Japanese Grand Prix,13.0,HAD,13.359
Japanese Grand Prix,13.0,ALB,14.653
Japanese Grand Prix,13.0,BEA,16.999
Japanese Grand Prix,13.0,ALO,19.217
Japanese Grand Prix,13.0,TSU,21.77
Japanese Grand Prix,13.0,GAS,21.051
Japanese Grand Prix,13.0,SAI,26.058
Japanese Grand Prix,13.0,DOO,30.812
Japanese Grand Prix,13.0,HUL,27.549
Japanese Grand Prix,13.0,LAW,25.249
Japanese Grand Prix,13.0,OCO,28.746
Japanese Grand Prix,13.0,BOR,31.37
Japanese Grand Prix,13.0,STR,54.925
Japanese Grand Prix,14.0,VER,0.0
Japanese Grand Prix,14.0,NOR,2.024
Japanese Grand Prix,14.0,PIA,3.337
Japanese Grand Prix,14.0,LEC,5.671
Japanese Grand Prix,14.0,RUS,6.992
Japanese Grand Prix,14.0,ANT,9.551
Japanese Grand Prix,14.0,HAM,11.221
Japanese Grand Prix,14.0,HAD,13.92
Japanese Grand Prix,14.0,ALB,15.428
Japanese Grand Prix,14.0,BEA,17.946
Japanese Grand Prix,14.0,ALO,20.383
Japanese Grand Prix,14.0,TSU,22.99
Japanese Grand Prix,14.0,GAS,21.973
Japanese Grand Prix,14.0,SAI,27.685
Japanese Grand Prix,14.0,DOO,32.361
Japanese Grand Prix,14.0,HUL,28.958
Japanese Grand Prix,14.0,LAW,26.606
Japanese Grand Prix,14.0,OCO,30.186
Japanese Grand Prix,14.0,BOR,32.961
Japanese Grand Prix,14.0,STR,56.131
Japanese Grand Prix,15.0,VER,0.0
Japanese Grand Prix,15.0,NOR,2.166
Japanese Grand Prix,15.0,PIA,3.33
Japanese Grand Prix,15.0,LEC,5.7780000000000005
Japanese Grand Prix,15.0,RUS,7.331
Japanese Grand Prix,15.0,ANT,9.957
Japanese Grand Prix,15.0,HAM,11.741
Japanese Grand Prix,15.0,HAD,14.443
Japanese Grand Prix,15.0,ALB,15.865
Japanese Grand Prix,15.0,BEA,18.612
Japanese Grand Prix,15.0,ALO,21.326
Japanese Grand Prix,15.0,TSU,23.642
Japanese Grand Prix,15.0,GAS,22.894
Japanese Grand Prix,15.0,SAI,28.768
Japanese Grand Prix,15.0,DOO,36.247
Japanese Grand Prix,15.0,HUL,30.319
Japanese Grand Prix,15.0,LAW,27.943
Japanese Grand Prix,15.0,OCO,31.539
Japanese Grand Prix,15.0,BOR,34.451
Japanese Grand Prix,15.0,STR,57.172
Japanese Grand Prix,16.0,VER,0.0
Japanese Grand Prix,16.0,NOR,2.136
Japanese Grand Prix,16.0,PIA,3.471
Japanese Grand Prix,16.0,LEC,6.012
Japanese Grand Prix,16.0,RUS,7.76
Japanese Grand Prix,16.0,ANT,10.387
Japanese Grand Prix,16.0,HAM,12.378
Japanese Grand Prix,16.0,HAD,15.058
Japanese Grand Prix,16.0,ALB,16.793
Japanese Grand Prix,16.0,BEA,19.606
Japanese Grand Prix,16.0,ALO,22.351
Japanese Grand Prix,16.0,TSU,24.928
Japanese Grand Prix,16.0,GAS,24.125
Japanese Grand Prix,16.0,SAI,30.19
Japanese Grand Prix,16.0,DOO,57.386
Japanese Grand Prix,16.0,HUL,31.883
Japanese Grand Prix,16.0,LAW,29.145
Japanese Grand Prix,16.0,OCO,33.049
Japanese Grand Prix,16.0,BOR,35.619
Japanese Grand Prix,16.0,STR,58.628
Japanese Grand Prix,17.0,VER,0.0
Japanese Grand Prix,17.0,NOR,1.9220000000000002
Japanese Grand Prix,17.0,PIA,3.596
Japanese Grand Prix,17.0,LEC,6.279
Japanese Grand Prix,17.0,RUS,8.052
Japanese Grand Prix,17.0,ANT,10.757
Japanese Grand Prix,17.0,HAM,12.596
Japanese Grand Prix,17.0,HAD,15.571
Japanese Grand Prix,17.0,ALB,17.474
Japanese Grand Prix,17.0,BEA,20.501
Japanese Grand Prix,17.0,ALO,23.248
Japanese Grand Prix,17.0,TSU,25.981
Japanese Grand Prix,17.0,GAS,25.212
Japanese Grand Prix,17.0,SAI,30.905
Japanese Grand Prix,17.0,DOO,57.643
Japanese Grand Prix,17.0,HUL,32.833
Japanese Grand Prix,17.0,LAW,30.147
Japanese Grand Prix,17.0,OCO,34.22
Japanese Grand Prix,17.0,BOR,36.719
Japanese Grand Prix,17.0,STR,59.743
Japanese Grand Prix,18.0,VER,0.0
Japanese Grand Prix,18.0,NOR,1.83
Japanese Grand Prix,18.0,PIA,3.903
Japanese Grand Prix,18.0,LEC,6.574
Japanese Grand Prix,18.0,RUS,8.665
Japanese Grand Prix,18.0,ANT,11.265
Japanese Grand Prix,18.0,HAM,13.277
Japanese Grand Prix,18.0,HAD,16.104
Japanese Grand Prix,18.0,ALB,18.198
Japanese Grand Prix,18.0,BEA,21.529
Japanese Grand Prix,18.0,ALO,24.264
Japanese Grand Prix,18.0,TSU,27.234
Japanese Grand Prix,18.0,GAS,26.547
Japanese Grand Prix,18.0,SAI,32.152
Japanese Grand Prix,18.0,DOO,57.892
Japanese Grand Prix,18.0,HUL,34.031
Japanese Grand Prix,18.0,LAW,31.375
Japanese Grand Prix,18.0,OCO,35.635
Japanese Grand Prix,18.0,BOR,38.09
Japanese Grand Prix,18.0,STR,60.841
Japanese Grand Prix,19.0,VER,0.0
Japanese Grand Prix,19.0,NOR,1.46
Japanese Grand Prix,19.0,PIA,3.98
Japanese Grand Prix,19.0,LEC,6.761
Japanese Grand Prix,19.0,RUS,11.063
Japanese Grand Prix,19.0,ANT,11.661
Japanese Grand Prix,19.0,HAM,13.996
Japanese Grand Prix,19.0,HAD,16.576999999999998
Japanese Grand Prix,19.0,ALB,19.053
Japanese Grand Prix,19.0,BEA,22.419
Japanese Grand Prix,19.0,ALO,25.017
Japanese Grand Prix,19.0,TSU,28.315
Japanese Grand Prix,19.0,GAS,27.586
Japanese Grand Prix,19.0,SAI,33.207
Japanese Grand Prix,19.0,DOO,58.515
Japanese Grand Prix,19.0,HUL,34.985
Japanese Grand Prix,19.0,LAW,32.359
Japanese Grand Prix,19.0,OCO,36.777
Japanese Grand Prix,19.0,BOR,38.936
Japanese Grand Prix,19.0,STR,61.54
Japanese Grand Prix,20.0,VER,0.0
Japanese Grand Prix,20.0,NOR,1.5150000000000001
Japanese Grand Prix,20.0,PIA,6.275
Japanese Grand Prix,20.0,LEC,7.325
Japanese Grand Prix,20.0,RUS,30.911
Japanese Grand Prix,20.0,ANT,12.153
Japanese Grand Prix,20.0,HAM,14.679
Japanese Grand Prix,20.0,HAD,17.403
Japanese Grand Prix,20.0,ALB,19.982
Japanese Grand Prix,20.0,BEA,23.416
Japanese Grand Prix,20.0,ALO,26.119
Japanese Grand Prix,20.0,TSU,29.576999999999998
Japanese Grand Prix,20.0,GAS,28.877
Japanese Grand Prix,20.0,SAI,34.956
Japanese Grand Prix,20.0,DOO,59.151
Japanese Grand Prix,20.0,HUL,36.235
Japanese Grand Prix,20.0,LAW,34.063
Japanese Grand Prix,20.0,OCO,38.076
Japanese Grand Prix,20.0,BOR,40.411
Japanese Grand Prix,20.0,STR,62.127
Japanese Grand Prix,21.0,VER,0.0
Japanese Grand Prix,21.0,NOR,1.329
Japanese Grand Prix,21.0,PIA,24.09
Japanese Grand Prix,21.0,LEC,7.5280000000000005
Japanese Grand Prix,21.0,RUS,28.928
Japanese Grand Prix,21.0,ANT,10.08
Japanese Grand Prix,21.0,HAM,13.188
Japanese Grand Prix,21.0,HAD,15.886
Japanese Grand Prix,21.0,ALB,18.585
Japanese Grand Prix,21.0,BEA,22.182
Japanese Grand Prix,21.0,ALO,26.086
Japanese Grand Prix,21.0,TSU,29.332
Japanese Grand Prix,21.0,GAS,28.257
Japanese Grand Prix,21.0,SAI,34.207
Japanese Grand Prix,21.0,DOO,57.742
Japanese Grand Prix,21.0,HUL,35.453
Japanese Grand Prix,21.0,LAW,33.447
Japanese Grand Prix,21.0,OCO,37.064
Japanese Grand Prix,21.0,BOR,39.563
Japanese Grand Prix,21.0,STR,60.532
Japanese Grand Prix,22.0,VER,10.813
Japanese Grand Prix,22.0,NOR,12.861
Japanese Grand Prix,22.0,PIA,14.669
Japanese Grand Prix,22.0,LEC,17.874
Japanese Grand Prix,22.0,RUS,19.786
Japanese Grand Prix,22.0,ANT,0.0
Japanese Grand Prix,22.0,HAM,3.621
Japanese Grand Prix,22.0,HAD,6.374
Japanese Grand Prix,22.0,ALB,9.181
Japanese Grand Prix,22.0,BEA,15.545
Japanese Grand Prix,22.0,ALO,17.22
Japanese Grand Prix,22.0,TSU,21.728
Japanese Grand Prix,22.0,GAS,21.084
Japanese Grand Prix,22.0,SAI,25.576
Japanese Grand Prix,22.0,DOO,47.999
Japanese Grand Prix,22.0,HUL,28.927
Japanese Grand Prix,22.0,LAW,24.871
Japanese Grand Prix,22.0,OCO,28.155
Japanese Grand Prix,22.0,BOR,30.79
Japanese Grand Prix,22.0,STR,51.039
Japanese Grand Prix,23.0,VER,10.343
Japanese Grand Prix,23.0,NOR,12.428
Japanese Grand Prix,23.0,PIA,14.534
Japanese Grand Prix,23.0,LEC,18.672
Japanese Grand Prix,23.0,RUS,19.912
Japanese Grand Prix,23.0,ANT,0.0
Japanese Grand Prix,23.0,HAM,3.646
Japanese Grand Prix,23.0,HAD,6.913
Japanese Grand Prix,23.0,ALB,10.042
Japanese Grand Prix,23.0,BEA,18.638
Japanese Grand Prix,23.0,ALO,18.536
Japanese Grand Prix,23.0,TSU,24.972
Japanese Grand Prix,23.0,GAS,22.343
Japanese Grand Prix,23.0,SAI,26.933
Japanese Grand Prix,23.0,DOO,48.331
Japanese Grand Prix,23.0,HUL,50.243
Japanese Grand Prix,23.0,LAW,26.177
Japanese Grand Prix,23.0,OCO,29.121
Japanese Grand Prix,23.0,BOR,31.762
Japanese Grand Prix,23.0,STR,52.004
Japanese Grand Prix,24.0,VER,9.579
Japanese Grand Prix,24.0,NOR,12.09
Japanese Grand Prix,24.0,PIA,13.865
Japanese Grand Prix,24.0,LEC,18.741
Japanese Grand Prix,24.0,RUS,21.197
Japanese Grand Prix,24.0,ANT,0.0
Japanese Grand Prix,24.0,HAM,4.139
Japanese Grand Prix,24.0,HAD,7.495
Japanese Grand Prix,24.0,ALB,13.914
Japanese Grand Prix,24.0,BEA,40.185
Japanese Grand Prix,24.0,ALO,23.029
Japanese Grand Prix,24.0,TSU,46.496
Japanese Grand Prix,24.0,GAS,26.189
Japanese Grand Prix,24.0,SAI,28.406
Japanese Grand Prix,24.0,DOO,48.643
Japanese Grand Prix,24.0,HUL,50.004
Japanese Grand Prix,24.0,LAW,27.31
Japanese Grand Prix,24.0,OCO,30.298
Japanese Grand Prix,24.0,BOR,32.506
Japanese Grand Prix,24.0,STR,53.098
Japanese Grand Prix,25.0,VER,8.988
Japanese Grand Prix,25.0,NOR,11.231
Japanese Grand Prix,25.0,PIA,13.167
Japanese Grand Prix,25.0,LEC,18.323
Japanese Grand Prix,25.0,RUS,21.013
Japanese Grand Prix,25.0,ANT,0.0
Japanese Grand Prix,25.0,HAM,4.429
Japanese Grand Prix,25.0,HAD,10.616
Japanese Grand Prix,25.0,ALB,36.573
Japanese Grand Prix,25.0,BEA,40.218
Japanese Grand Prix,25.0,ALO,46.467
Japanese Grand Prix,25.0,TSU,47.017
Japanese Grand Prix,25.0,GAS,53.198
Japanese Grand Prix,25.0,SAI,29.241
Japanese Grand Prix,25.0,DOO,49.144
Japanese Grand Prix,25.0,HUL,53.769
Japanese Grand Prix,25.0,LAW,28.329
Japanese Grand Prix,25.0,OCO,31.252
Japanese Grand Prix,25.0,BOR,33.047
Japanese Grand Prix,25.0,STR,54.744
Japanese Grand Prix,26.0,VER,8.31
Japanese Grand Prix,26.0,NOR,10.672
Japanese Grand Prix,26.0,PIA,12.481
Japanese Grand Prix,26.0,LEC,17.7
Japanese Grand Prix,26.0,RUS,20.298
Japanese Grand Prix,26.0,ANT,0.0
Japanese Grand Prix,26.0,HAM,4.507
Japanese Grand Prix,26.0,HAD,33.076
Japanese Grand Prix,26.0,ALB,36.55
Japanese Grand Prix,26.0,BEA,40.425
Japanese Grand Prix,26.0,ALO,46.199
Japanese Grand Prix,26.0,TSU,47.636
Japanese Grand Prix,26.0,GAS,53.32
Japanese Grand Prix,26.0,SAI,30.833
Japanese Grand Prix,26.0,DOO,49.753
Japanese Grand Prix,26.0,HUL,54.172
Japanese Grand Prix,26.0,LAW,29.219
Japanese Grand Prix,26.0,OCO,34.576
Japanese Grand Prix,26.0,BOR,35.147
Japanese Grand Prix,26.0,STR,55.876
Japanese Grand Prix,27.0,VER,7.309
Japanese Grand Prix,27.0,NOR,9.628
Japanese Grand Prix,27.0,PIA,11.568999999999999
Japanese Grand Prix,27.0,LEC,16.892
Japanese Grand Prix,27.0,RUS,19.562
Japanese Grand Prix,27.0,ANT,0.0
Japanese Grand Prix,27.0,HAM,4.312
Japanese Grand Prix,27.0,HAD,32.927
Japanese Grand Prix,27.0,ALB,37.024
Japanese Grand Prix,27.0,BEA,40.468
Japanese Grand Prix,27.0,ALO,45.933
Japanese Grand Prix,27.0,TSU,47.182
Japanese Grand Prix,27.0,GAS,52.917
Japanese Grand Prix,27.0,SAI,31.506
Japanese Grand Prix,27.0,DOO,49.86
Japanese Grand Prix,27.0,HUL,53.808
Japanese Grand Prix,27.0,LAW,29.936
Japanese Grand Prix,27.0,OCO,35.236
Japanese Grand Prix,27.0,BOR,36.815
Japanese Grand Prix,27.0,STR,56.544
Japanese Grand Prix,28.0,VER,6.576
Japanese Grand Prix,28.0,NOR,8.516
Japanese Grand Prix,28.0,PIA,10.515
Japanese Grand Prix,28.0,LEC,15.996
Japanese Grand Prix,28.0,RUS,18.854
Japanese Grand Prix,28.0,ANT,0.0
Japanese Grand Prix,28.0,HAM,4.156
Japanese Grand Prix,28.0,HAD,32.933
Japanese Grand Prix,28.0,ALB,36.452
Japanese Grand Prix,28.0,BEA,40.647
Japanese Grand Prix,28.0,ALO,45.755
Japanese Grand Prix,28.0,TSU,47.022
Japanese Grand Prix,28.0,GAS,52.632
Japanese Grand Prix,28.0,SAI,32.347
Japanese Grand Prix,28.0,DOO,49.946
Japanese Grand Prix,28.0,HUL,53.716
Japanese Grand Prix,28.0,LAW,30.717
Japanese Grand Prix,28.0,OCO,35.963
Japanese Grand Prix,28.0,BOR,38.629
Japanese Grand Prix,28.0,STR,57.474
Japanese Grand Prix,29.0,VER,5.763
Japanese Grand Prix,29.0,NOR,7.731
Japanese Grand Prix,29.0,PIA,9.735
Japanese Grand Prix,29.0,LEC,15.347
Japanese Grand Prix,29.0,RUS,18.3
Japanese Grand Prix,29.0,ANT,0.0
Japanese Grand Prix,29.0,HAM,4.41
Japanese Grand Prix,29.0,HAD,34.081
Japanese Grand Prix,29.0,ALB,36.139
Japanese Grand Prix,29.0,BEA,40.765
Japanese Grand Prix,29.0,ALO,45.659
Japanese Grand Prix,29.0,TSU,47.016
Japanese Grand Prix,29.0,GAS,52.325
Japanese Grand Prix,29.0,SAI,33.768
Japanese Grand Prix,29.0,DOO,50.194
Japanese Grand Prix,29.0,HUL,53.609
Japanese Grand Prix,29.0,LAW,31.715
Japanese Grand Prix,29.0,OCO,37.831
Japanese Grand Prix,29.0,BOR,39.482
Japanese Grand Prix,29.0,STR,58.639
Japanese Grand Prix,30.0,VER,5.35
Japanese Grand Prix,30.0,NOR,6.7780000000000005
Japanese Grand Prix,30.0,PIA,8.723
Japanese Grand Prix,30.0,LEC,14.350999999999999
Japanese Grand Prix,30.0,RUS,17.6
Japanese Grand Prix,30.0,ANT,0.0
Japanese Grand Prix,30.0,HAM,7.537
Japanese Grand Prix,30.0,HAD,34.261
Japanese Grand Prix,30.0,ALB,36.309
Japanese Grand Prix,30.0,BEA,40.628
Japanese Grand Prix,30.0,ALO,45.584
Japanese Grand Prix,30.0,TSU,46.882
Japanese Grand Prix,30.0,GAS,51.962
Japanese Grand Prix,30.0,SAI,37.039
Japanese Grand Prix,30.0,DOO,50.289
Japanese Grand Prix,30.0,HUL,53.447
Japanese Grand Prix,30.0,LAW,32.761
Japanese Grand Prix,30.0,OCO,38.873
Japanese Grand Prix,30.0,BOR,40.118
Japanese Grand Prix,30.0,STR,61.552
Japanese Grand Prix,31.0,VER,1.6280000000000001
Japanese Grand Prix,31.0,NOR,3.082
Japanese Grand Prix,31.0,PIA,5.268
Japanese Grand Prix,31.0,LEC,10.908
Japanese Grand Prix,31.0,RUS,14.287
Japanese Grand Prix,31.0,ANT,0.0
Japanese Grand Prix,31.0,HAM,24.443
Japanese Grand Prix,31.0,HAD,31.838
Japanese Grand Prix,31.0,ALB,33.92
Japanese Grand Prix,31.0,BEA,38.547
Japanese Grand Prix,31.0,ALO,42.982
Japanese Grand Prix,31.0,TSU,44.551
Japanese Grand Prix,31.0,GAS,49.13
Japanese Grand Prix,31.0,SAI,35.97
Japanese Grand Prix,31.0,DOO,47.918
Japanese Grand Prix,31.0,HUL,50.563
Japanese Grand Prix,31.0,LAW,33.128
Japanese Grand Prix,31.0,OCO,37.306
Japanese Grand Prix,31.0,BOR,42.146
Japanese Grand Prix,31.0,STR,79.466
Japanese Grand Prix,32.0,VER,0.0
Japanese Grand Prix,32.0,NOR,1.332
Japanese Grand Prix,32.0,PIA,3.435
Japanese Grand Prix,32.0,LEC,9.272
Japanese Grand Prix,32.0,RUS,12.657
Japanese Grand Prix,32.0,ANT,21.866
Japanese Grand Prix,32.0,HAM,22.585
Japanese Grand Prix,32.0,HAD,30.765
Japanese Grand Prix,32.0,ALB,33.952
Japanese Grand Prix,32.0,BEA,38.126
Japanese Grand Prix,32.0,ALO,42.024
Japanese Grand Prix,32.0,TSU,43.625
Japanese Grand Prix,32.0,GAS,48.151
Japanese Grand Prix,32.0,SAI,36.959
Japanese Grand Prix,32.0,DOO,47.169
Japanese Grand Prix,32.0,HUL,49.581
Japanese Grand Prix,32.0,LAW,34.577
Japanese Grand Prix,32.0,OCO,39.78
Japanese Grand Prix,32.0,BOR,63.169
Japanese Grand Prix,32.0,STR,78.168
Japanese Grand Prix,33.0,VER,0.0
Japanese Grand Prix,33.0,NOR,1.424
Japanese Grand Prix,33.0,PIA,3.053
Japanese Grand Prix,33.0,LEC,9.23
Japanese Grand Prix,33.0,RUS,12.923
Japanese Grand Prix,33.0,ANT,21.452
Japanese Grand Prix,33.0,HAM,22.36
Japanese Grand Prix,33.0,HAD,31.31
Japanese Grand Prix,33.0,ALB,34.73
Japanese Grand Prix,33.0,BEA,39.87
Japanese Grand Prix,33.0,ALO,42.722
Japanese Grand Prix,33.0,TSU,44.344
Japanese Grand Prix,33.0,GAS,48.846
Japanese Grand Prix,33.0,SAI,41.401
Japanese Grand Prix,33.0,DOO,50.492
Japanese Grand Prix,33.0,HUL,51.01
Japanese Grand Prix,33.0,LAW,39.218
Japanese Grand Prix,33.0,OCO,62.8
Japanese Grand Prix,33.0,BOR,63.825
Japanese Grand Prix,33.0,STR,78.81
Japanese Grand Prix,34.0,VER,0.0
Japanese Grand Prix,34.0,NOR,1.5430000000000001
Japanese Grand Prix,34.0,PIA,2.952
Japanese Grand Prix,34.0,LEC,9.582
Japanese Grand Prix,34.0,RUS,13.36
Japanese Grand Prix,34.0,ANT,21.156
Japanese Grand Prix,34.0,HAM,22.462
Japanese Grand Prix,34.0,HAD,31.688
Japanese Grand Prix,34.0,ALB,35.711
Japanese Grand Prix,34.0,BEA,40.262
Japanese Grand Prix,34.0,ALO,43.283
Japanese Grand Prix,34.0,TSU,45.171
Japanese Grand Prix,34.0,GAS,49.502
Japanese Grand Prix,34.0,SAI,62.577
Japanese Grand Prix,34.0,DOO,52.011
Japanese Grand Prix,34.0,HUL,52.668
Japanese Grand Prix,34.0,LAW,61.672
Japanese Grand Prix,34.0,OCO,63.926
Japanese Grand Prix,34.0,BOR,65.227
Japanese Grand Prix,34.0,STR,79.897
Japanese Grand Prix,35.0,VER,0.0
Japanese Grand Prix,35.0,NOR,1.509
Japanese Grand Prix,35.0,PIA,2.7960000000000003
Japanese Grand Prix,35.0,LEC,9.529
Japanese Grand Prix,35.0,RUS,13.286
Japanese Grand Prix,35.0,ANT,20.686
Japanese Grand Prix,35.0,HAM,22.837
Japanese Grand Prix,35.0,HAD,31.85
Japanese Grand Prix,35.0,ALB,36.18
Japanese Grand Prix,35.0,BEA,40.6
Japanese Grand Prix,35.0,ALO,43.938
Japanese Grand Prix,35.0,TSU,45.585
Japanese Grand Prix,35.0,GAS,49.792
Japanese Grand Prix,35.0,SAI,62.243
Japanese Grand Prix,35.0,DOO,53.231
Japanese Grand Prix,35.0,HUL,53.87
Japanese Grand Prix,35.0,LAW,61.862
Japanese Grand Prix,35.0,OCO,64.756
Japanese Grand Prix,35.0,BOR,66.164
Japanese Grand Prix,35.0,STR,80.927
Japanese Grand Prix,36.0,VER,0.0
Japanese Grand Prix,36.0,NOR,1.3780000000000001
Japanese Grand Prix,36.0,PIA,2.653
Japanese Grand Prix,36.0,LEC,9.676
Japanese Grand Prix,36.0,RUS,13.350999999999999
Japanese Grand Prix,36.0,ANT,20.499
Japanese Grand Prix,36.0,HAM,22.994
Japanese Grand Prix,36.0,HAD,32.173
Japanese Grand Prix,36.0,ALB,36.65
Japanese Grand Prix,36.0,BEA,41.053
Japanese Grand Prix,36.0,ALO,44.783
Japanese Grand Prix,36.0,TSU,46.177
Japanese Grand Prix,36.0,GAS,50.213
Japanese Grand Prix,36.0,SAI,61.591
Japanese Grand Prix,36.0,DOO,54.639
Japanese Grand Prix,36.0,HUL,55.336
Japanese Grand Prix,36.0,LAW,63.499
Japanese Grand Prix,36.0,OCO,65.78
Japanese Grand Prix,36.0,BOR,67.336
Japanese Grand Prix,36.0,STR,81.86
Japanese Grand Prix,37.0,VER,0.0
Japanese Grand Prix,37.0,NOR,1.375
Japanese Grand Prix,37.0,PIA,2.5300000000000002
Japanese Grand Prix,37.0,LEC,10.074
Japanese Grand Prix,37.0,RUS,13.48
Japanese Grand Prix,37.0,ANT,20.457
Japanese Grand Prix,37.0,HAM,23.144
Japanese Grand Prix,37.0,HAD,32.558
Japanese Grand Prix,37.0,ALB,37.208
Japanese Grand Prix,37.0,BEA,41.647
Japanese Grand Prix,37.0,ALO,45.518
Japanese Grand Prix,37.0,TSU,46.792
Japanese Grand Prix,37.0,GAS,50.828
Japanese Grand Prix,37.0,SAI,61.939
Japanese Grand Prix,37.0,DOO,55.847
Japanese Grand Prix,37.0,HUL,56.784
Japanese Grand Prix,37.0,LAW,64.556
Japanese Grand Prix,37.0,OCO,66.722
Japanese Grand Prix,37.0,BOR,68.454
Japanese Grand Prix,37.0,STR,82.902
Japanese Grand Prix,38.0,VER,0.0
Japanese Grand Prix,38.0,NOR,1.245
Japanese Grand Prix,38.0,PIA,2.504
Japanese Grand Prix,38.0,LEC,10.105
Japanese Grand Prix,38.0,RUS,13.532
Japanese Grand Prix,38.0,ANT,20.453
Japanese Grand Prix,38.0,HAM,23.225
Japanese Grand Prix,38.0,HAD,32.756
Japanese Grand Prix,38.0,ALB,37.621
Japanese Grand Prix,38.0,BEA,42.326
Japanese Grand Prix,38.0,ALO,46.273
Japanese Grand Prix,38.0,TSU,47.513
Japanese Grand Prix,38.0,GAS,51.298
Japanese Grand Prix,38.0,SAI,62.164
Japanese Grand Prix,38.0,DOO,57.148
Japanese Grand Prix,38.0,HUL,57.842
Japanese Grand Prix,38.0,LAW,65.012
Japanese Grand Prix,38.0,OCO,67.67
Japanese Grand Prix,38.0,BOR,69.183
Japanese Grand Prix,38.0,STR,83.851
Japanese Grand Prix,39.0,VER,0.0
Japanese Grand Prix,39.0,NOR,1.429
Japanese Grand Prix,39.0,PIA,2.356
Japanese Grand Prix,39.0,LEC,10.548
Japanese Grand Prix,39.0,RUS,13.826
Japanese Grand Prix,39.0,ANT,20.518
Japanese Grand Prix,39.0,HAM,23.424
Japanese Grand Prix,39.0,HAD,32.942
Japanese Grand Prix,39.0,ALB,38.023
Japanese Grand Prix,39.0,BEA,42.849
Japanese Grand Prix,39.0,ALO,47.274
Japanese Grand Prix,39.0,TSU,48.332
Japanese Grand Prix,39.0,GAS,51.896
Japanese Grand Prix,39.0,SAI,62.433
Japanese Grand Prix,39.0,DOO,58.509
Japanese Grand Prix,39.0,HUL,59.116
Japanese Grand Prix,39.0,LAW,65.276
Japanese Grand Prix,39.0,OCO,68.658
Japanese Grand Prix,39.0,BOR,69.942
Japanese Grand Prix,39.0,STR,84.928
Japanese Grand Prix,40.0,VER,0.0
Japanese Grand Prix,40.0,NOR,1.502
Japanese Grand Prix,40.0,PIA,2.318
Japanese Grand Prix,40.0,LEC,10.848
Japanese Grand Prix,40.0,RUS,14.228
Japanese Grand Prix,40.0,ANT,20.614
Japanese Grand Prix,40.0,HAM,23.574
Japanese Grand Prix,40.0,HAD,33.43
Japanese Grand Prix,40.0,ALB,38.641
Japanese Grand Prix,40.0,BEA,43.432
Japanese Grand Prix,40.0,ALO,48.074
Japanese Grand Prix,40.0,TSU,49.138
Japanese Grand Prix,40.0,GAS,52.83
Japanese Grand Prix,40.0,SAI,63.187
Japanese Grand Prix,40.0,DOO,60.247
Japanese Grand Prix,40.0,HUL,60.902
Japanese Grand Prix,40.0,LAW,66.193
Japanese Grand Prix,40.0,OCO,69.664
Japanese Grand Prix,40.0,BOR,70.916
Japanese Grand Prix,40.0,STR,86.112
Japanese Grand Prix,41.0,VER,0.0
Japanese Grand Prix,41.0,NOR,1.443
Japanese Grand Prix,41.0,PIA,2.303
Japanese Grand Prix,41.0,LEC,11.168
Japanese Grand Prix,41.0,RUS,14.543
Japanese Grand Prix,41.0,ANT,20.391
Japanese Grand Prix,41.0,HAM,23.563
Japanese Grand Prix,41.0,HAD,33.907
Japanese Grand Prix,41.0,ALB,39.148
Japanese Grand Prix,41.0,BEA,44.071
Japanese Grand Prix,41.0,ALO,48.97
Japanese Grand Prix,41.0,TSU,50.08
Japanese Grand Prix,41.0,GAS,53.379
Japanese Grand Prix,41.0,SAI,63.779
Japanese Grand Prix,41.0,DOO,61.94
Japanese Grand Prix,41.0,HUL,63.275
Japanese Grand Prix,41.0,LAW,66.907
Japanese Grand Prix,41.0,OCO,70.529
Japanese Grand Prix,41.0,BOR,71.49
Japanese Grand Prix,41.0,STR,87.099
Japanese Grand Prix,42.0,VER,0.0
Japanese Grand Prix,42.0,NOR,1.431
Japanese Grand Prix,42.0,PIA,2.165
Japanese Grand Prix,42.0,LEC,11.661
Japanese Grand Prix,42.0,RUS,15.21
Japanese Grand Prix,42.0,ANT,20.409
Japanese Grand Prix,42.0,HAM,23.612
Japanese Grand Prix,42.0,HAD,34.466
Japanese Grand Prix,42.0,ALB,39.659
Japanese Grand Prix,42.0,BEA,44.712
Japanese Grand Prix,42.0,ALO,49.763
Japanese Grand Prix,42.0,TSU,51.094
Japanese Grand Prix,42.0,GAS,53.988
Japanese Grand Prix,42.0,SAI,65.18
Japanese Grand Prix,42.0,DOO,63.652
Japanese Grand Prix,42.0,HUL,64.744
Japanese Grand Prix,42.0,LAW,67.544
Japanese Grand Prix,42.0,OCO,71.319
Japanese Grand Prix,42.0,BOR,72.238
Japanese Grand Prix,42.0,STR,88.065
Japanese Grand Prix,43.0,VER,0.0
Japanese Grand Prix,43.0,NOR,1.563
Japanese Grand Prix,43.0,PIA,2.144
Japanese Grand Prix,43.0,LEC,12.16
Japanese Grand Prix,43.0,RUS,15.692
Japanese Grand Prix,43.0,ANT,20.463
Japanese Grand Prix,43.0,HAM,24.805
Japanese Grand Prix,43.0,HAD,34.836
Japanese Grand Prix,43.0,ALB,40.054
Japanese Grand Prix,43.0,BEA,45.343
Japanese Grand Prix,43.0,ALO,50.475
Japanese Grand Prix,43.0,TSU,51.784
Japanese Grand Prix,43.0,GAS,54.571
Japanese Grand Prix,43.0,SAI,66.676
Japanese Grand Prix,43.0,DOO,65.117
Japanese Grand Prix,43.0,HUL,66.16
Japanese Grand Prix,43.0,LAW,68.471
Japanese Grand Prix,43.0,OCO,72.352
Japanese Grand Prix,43.0,BOR,73.027
Japanese Grand Prix,43.0,STR,89.062
Japanese Grand Prix,44.0,VER,0.0
Japanese Grand Prix,44.0,NOR,1.37
Japanese Grand Prix,44.0,PIA,2.418
Japanese Grand Prix,44.0,LEC,12.397
Japanese Grand Prix,44.0,RUS,15.869
Japanese Grand Prix,44.0,ANT,20.202
Japanese Grand Prix,44.0,HAM,25.389
Japanese Grand Prix,44.0,HAD,35.154
Japanese Grand Prix,44.0,ALB,40.075
Japanese Grand Prix,44.0,BEA,46.751
Japanese Grand Prix,44.0,ALO,51.005
Japanese Grand Prix,44.0,TSU,52.378
Japanese Grand Prix,44.0,GAS,54.904
Japanese Grand Prix,44.0,SAI,67.65
Japanese Grand Prix,44.0,DOO,66.49
Japanese Grand Prix,44.0,HUL,67.291
Japanese Grand Prix,44.0,LAW,69.384
Japanese Grand Prix,44.0,OCO,72.937
Japanese Grand Prix,44.0,BOR,73.779
Japanese Grand Prix,44.0,STR,90.631
Japanese Grand Prix,45.0,VER,0.0
Japanese Grand Prix,45.0,NOR,1.29
Japanese Grand Prix,45.0,PIA,2.365
Japanese Grand Prix,45.0,LEC,12.454
Japanese Grand Prix,45.0,RUS,15.89
Japanese Grand Prix,45.0,ANT,19.905
Japanese Grand Prix,45.0,HAM,26.453
Japanese Grand Prix,45.0,HAD,35.276
Japanese Grand Prix,45.0,ALB,40.115
Japanese Grand Prix,45.0,BEA,47.606
Japanese Grand Prix,45.0,ALO,51.649
Japanese Grand Prix,45.0,TSU,52.781
Japanese Grand Prix,45.0,GAS,55.313
Japanese Grand Prix,45.0,SAI,68.865
Japanese Grand Prix,45.0,DOO,67.899
Japanese Grand Prix,45.0,HUL,68.601
Japanese Grand Prix,45.0,LAW,70.461
Japanese Grand Prix,45.0,OCO,73.642
Japanese Grand Prix,45.0,BOR,74.209
Japanese Grand Prix,45.0,STR,97.083
Japanese Grand Prix,46.0,VER,0.0
Japanese Grand Prix,46.0,NOR,1.206
Japanese Grand Prix,46.0,PIA,2.182
Japanese Grand Prix,46.0,LEC,13.108
Japanese Grand Prix,46.0,RUS,15.975
Japanese Grand Prix,46.0,ANT,19.51
Japanese Grand Prix,46.0,HAM,26.778
Japanese Grand Prix,46.0,HAD,35.538
Japanese Grand Prix,46.0,ALB,40.356
Japanese Grand Prix,46.0,BEA,48.638
Japanese Grand Prix,46.0,ALO,52.089
Japanese Grand Prix,46.0,TSU,53.254
Japanese Grand Prix,46.0,GAS,55.896
Japanese Grand Prix,46.0,SAI,70.447
Japanese Grand Prix,46.0,DOO,69.175
Japanese Grand Prix,46.0,HUL,70.153
Japanese Grand Prix,46.0,LAW,71.769
Japanese Grand Prix,46.0,OCO,74.717
Japanese Grand Prix,46.0,BOR,75.437
Japanese Grand Prix,46.0,STR,98.301
Japanese Grand Prix,47.0,VER,0.0
Japanese Grand Prix,47.0,NOR,1.193
Japanese Grand Prix,47.0,PIA,2.027
Japanese Grand Prix,47.0,LEC,13.2
Japanese Grand Prix,47.0,RUS,16.196
Japanese Grand Prix,47.0,ANT,19.371
Japanese Grand Prix,47.0,HAM,27.004
Japanese Grand Prix,47.0,HAD,35.939
Japanese Grand Prix,47.0,ALB,40.587
Japanese Grand Prix,47.0,BEA,49.312
Japanese Grand Prix,47.0,ALO,52.983
Japanese Grand Prix,47.0,TSU,54.258
Japanese Grand Prix,47.0,GAS,56.735
Japanese Grand Prix,47.0,SAI,71.672
Japanese Grand Prix,47.0,DOO,70.483
Japanese Grand Prix,47.0,HUL,71.553
Japanese Grand Prix,47.0,LAW,73.097
Japanese Grand Prix,47.0,OCO,75.612
Japanese Grand Prix,47.0,BOR,76.336
Japanese Grand Prix,47.0,STR,99.366
Japanese Grand Prix,48.0,VER,0.0
Japanese Grand Prix,48.0,NOR,1.237
Japanese Grand Prix,48.0,PIA,1.778
Japanese Grand Prix,48.0,LEC,13.611
Japanese Grand Prix,48.0,RUS,16.381
Japanese Grand Prix,48.0,ANT,19.158
Japanese Grand Prix,48.0,HAM,27.148
Japanese Grand Prix,48.0,HAD,36.259
Japanese Grand Prix,48.0,ALB,40.564
Japanese Grand Prix,48.0,BEA,50.044
Japanese Grand Prix,48.0,ALO,53.685
Japanese Grand Prix,48.0,TSU,54.807
Japanese Grand Prix,48.0,GAS,57.4
Japanese Grand Prix,48.0,SAI,72.368
Japanese Grand Prix,48.0,DOO,71.934
Japanese Grand Prix,48.0,HUL,73.818
Japanese Grand Prix,48.0,LAW,74.535
Japanese Grand Prix,48.0,OCO,76.221
Japanese Grand Prix,48.0,BOR,77.238
Japanese Grand Prix,48.0,STR,100.553
Japanese Grand Prix,49.0,VER,0.0
Japanese Grand Prix,49.0,NOR,1.423
Japanese Grand Prix,49.0,PIA,2.344
Japanese Grand Prix,49.0,LEC,14.127
Japanese Grand Prix,49.0,RUS,16.715
Japanese Grand Prix,49.0,ANT,19.037
Japanese Grand Prix,49.0,HAM,27.817
Japanese Grand Prix,49.0,HAD,36.611
Japanese Grand Prix,49.0,ALB,40.542
Japanese Grand Prix,49.0,BEA,50.775
Japanese Grand Prix,49.0,ALO,54.342
Japanese Grand Prix,49.0,TSU,55.461
Japanese Grand Prix,49.0,GAS,58.212
Japanese Grand Prix,49.0,SAI,74.052
Japanese Grand Prix,49.0,DOO,73.705
Japanese Grand Prix,49.0,HUL,75.416
Japanese Grand Prix,49.0,LAW,76.196
Japanese Grand Prix,49.0,OCO,77.386
Japanese Grand Prix,49.0,BOR,78.164
Japanese Grand Prix,49.0,STR,101.652
Japanese Grand Prix,50.0,VER,0.0
Japanese Grand Prix,50.0,NOR,1.212
Japanese Grand Prix,50.0,PIA,2.524
Japanese Grand Prix,50.0,LEC,14.542
Japanese Grand Prix,50.0,RUS,16.721
Japanese Grand Prix,50.0,ANT,18.638
Japanese Grand Prix,50.0,HAM,28.285
Japanese Grand Prix,50.0,HAD,36.633
Japanese Grand Prix,50.0,ALB,40.569
Japanese Grand Prix,50.0,BEA,51.625
Japanese Grand Prix,50.0,ALO,55.038
Japanese Grand Prix,50.0,TSU,56.075
Japanese Grand Prix,50.0,GAS,58.958
Japanese Grand Prix,50.0,SAI,73.888
Japanese Grand Prix,50.0,DOO,76.212
Japanese Grand Prix,50.0,HUL,76.988
Japanese Grand Prix,50.0,LAW,77.534
Japanese Grand Prix,50.0,OCO,78.36
Japanese Grand Prix,50.0,BOR,79.198
Japanese Grand Prix,50.0,STR,102.505
Japanese Grand Prix,51.0,VER,0.0
Japanese Grand Prix,51.0,NOR,1.143
Japanese Grand Prix,51.0,PIA,2.4779999999999998
Japanese Grand Prix,51.0,LEC,15.265
Japanese Grand Prix,51.0,RUS,16.893
Japanese Grand Prix,51.0,ANT,18.506
Japanese Grand Prix,51.0,HAM,28.506
Japanese Grand Prix,51.0,HAD,36.906
Japanese Grand Prix,51.0,ALB,40.677
Japanese Grand Prix,51.0,BEA,52.488
Japanese Grand Prix,51.0,ALO,55.623
Japanese Grand Prix,51.0,TSU,56.761
Japanese Grand Prix,51.0,GAS,59.722
Japanese Grand Prix,51.0,SAI,73.947
Japanese Grand Prix,51.0,DOO,77.967
Japanese Grand Prix,51.0,HUL,78.792
Japanese Grand Prix,51.0,LAW,79.283
Japanese Grand Prix,51.0,OCO,79.985
Japanese Grand Prix,51.0,BOR,80.544
Japanese Grand Prix,51.0,STR,103.466
Japanese Grand Prix,52.0,VER,0.0
Japanese Grand Prix,52.0,NOR,1.548
Japanese Grand Prix,52.0,PIA,2.638
Japanese Grand Prix,52.0,LEC,15.9
Japanese Grand Prix,52.0,RUS,17.479
Japanese Grand Prix,52.0,ANT,18.523
Japanese Grand Prix,52.0,HAM,29.307
Japanese Grand Prix,52.0,HAD,37.182
Japanese Grand Prix,52.0,ALB,40.761
Japanese Grand Prix,52.0,BEA,53.528
Japanese Grand Prix,52.0,ALO,56.601
Japanese Grand Prix,52.0,TSU,57.861
Japanese Grand Prix,52.0,GAS,60.501
Japanese Grand Prix,52.0,SAI,74.439
Japanese Grand Prix,52.0,DOO,79.902
Japanese Grand Prix,52.0,HUL,80.701
Japanese Grand Prix,52.0,LAW,81.039
Japanese Grand Prix,52.0,OCO,81.88
Japanese Grand Prix,52.0,BOR,82.496
Japanese Grand Prix,52.0,STR,104.477
Japanese Grand Prix,53.0,VER,0.0
Japanese Grand Prix,53.0,NOR,1.423
Japanese Grand Prix,53.0,PIA,2.129
Japanese Grand Prix,53.0,LEC,16.097
Japanese Grand Prix,53.0,RUS,17.362
Japanese Grand Prix,53.0,ANT,18.671
Japanese Grand Prix,53.0,HAM,29.182
Japanese Grand Prix,53.0,HAD,37.134
Japanese Grand Prix,53.0,ALB,40.367
Japanese Grand Prix,53.0,BEA,54.529
Japanese Grand Prix,53.0,ALO,57.333
Japanese Grand Prix,53.0,TSU,58.401
Japanese Grand Prix,53.0,GAS,62.122
Japanese Grand Prix,53.0,SAI,74.129
Japanese Grand Prix,53.0,DOO,81.314
Japanese Grand Prix,53.0,HUL,81.957
Japanese Grand Prix,53.0,LAW,82.734
Japanese Grand Prix,53.0,OCO,83.438
Japanese Grand Prix,53.0,BOR,83.897
Bahrain Grand Prix,1.0,PIA,0.0
Bahrain Grand Prix,1.0,RUS,0.889
Bahrain Grand Prix,1.0,NOR,1.7309999999999999
Bahrain Grand Prix,1.0,LEC,2.6390000000000002
Bahrain Grand Prix,1.0,HAM,5.875
Bahrain Grand Prix,1.0,VER,5.184
Bahrain Grand Prix,1.0,GAS,3.357
Bahrain Grand Prix,1.0,OCO,7.463
Bahrain Grand Prix,1.0,TSU,6.242
Bahrain Grand Prix,1.0,BEA,8.181
Bahrain Grand Prix,1.0,ANT,4.67
Bahrain Grand Prix,1.0,ALB,7.936
Bahrain Grand Prix,1.0,HAD,9.42
Bahrain Grand Prix,1.0,DOO,6.479
Bahrain Grand Prix,1.0,ALO,7.093
Bahrain Grand Prix,1.0,LAW,9.774000000000001
Bahrain Grand Prix,1.0,STR,10.145
Bahrain Grand Prix,1.0,BOR,10.614
Bahrain Grand Prix,1.0,SAI,4.077
Bahrain Grand Prix,1.0,HUL,10.789
Bahrain Grand Prix,2.0,PIA,0.0
Bahrain Grand Prix,2.0,RUS,1.214
Bahrain Grand Prix,2.0,NOR,2.149
Bahrain Grand Prix,2.0,LEC,3.195
Bahrain Grand Prix,2.0,HAM,6.949
Bahrain Grand Prix,2.0,VER,6.095
Bahrain Grand Prix,2.0,GAS,3.9290000000000003
Bahrain Grand Prix,2.0,OCO,8.854
Bahrain Grand Prix,2.0,TSU,7.709
Bahrain Grand Prix,2.0,BEA,10.954
Bahrain Grand Prix,2.0,ANT,5.365
Bahrain Grand Prix,2.0,ALB,10.265
Bahrain Grand Prix,2.0,HAD,11.531
Bahrain Grand Prix,2.0,DOO,8.159
Bahrain Grand Prix,2.0,ALO,10.115
Bahrain Grand Prix,2.0,LAW,12.412
Bahrain Grand Prix,2.0,STR,12.903
Bahrain Grand Prix,2.0,BOR,13.572
Bahrain Grand Prix,2.0,SAI,4.77
Bahrain Grand Prix,2.0,HUL,13.931000000000001
Bahrain Grand Prix,3.0,PIA,0.0
Bahrain Grand Prix,3.0,RUS,1.417
Bahrain Grand Prix,3.0,NOR,2.483
Bahrain Grand Prix,3.0,LEC,3.575
Bahrain Grand Prix,3.0,HAM,7.285
Bahrain Grand Prix,3.0,VER,6.487
Bahrain Grand Prix,3.0,GAS,4.264
Bahrain Grand Prix,3.0,OCO,9.497
Bahrain Grand Prix,3.0,TSU,8.191
Bahrain Grand Prix,3.0,BEA,12.457
Bahrain Grand Prix,3.0,ANT,5.709
Bahrain Grand Prix,3.0,ALB,10.881
Bahrain Grand Prix,3.0,HAD,13.215
Bahrain Grand Prix,3.0,DOO,8.79
Bahrain Grand Prix,3.0,ALO,12.049
Bahrain Grand Prix,3.0,LAW,14.018
Bahrain Grand Prix,3.0,STR,14.528
Bahrain Grand Prix,3.0,BOR,15.389
Bahrain Grand Prix,3.0,SAI,5.076
Bahrain Grand Prix,3.0,HUL,15.867
Bahrain Grand Prix,4.0,PIA,0.0
Bahrain Grand Prix,4.0,RUS,1.662
Bahrain Grand Prix,4.0,NOR,2.585
Bahrain Grand Prix,4.0,LEC,3.715
Bahrain Grand Prix,4.0,HAM,7.806
Bahrain Grand Prix,4.0,VER,6.9030000000000005
Bahrain Grand Prix,4.0,GAS,4.443
Bahrain Grand Prix,4.0,OCO,10.13
Bahrain Grand Prix,4.0,TSU,8.67
Bahrain Grand Prix,4.0,BEA,13.586
Bahrain Grand Prix,4.0,ANT,6.14
Bahrain Grand Prix,4.0,ALB,11.804
Bahrain Grand Prix,4.0,HAD,14.713
Bahrain Grand Prix,4.0,DOO,9.379
Bahrain Grand Prix,4.0,ALO,13.234
Bahrain Grand Prix,4.0,LAW,15.526
Bahrain Grand Prix,4.0,STR,16.239
Bahrain Grand Prix,4.0,BOR,17.335
Bahrain Grand Prix,4.0,SAI,5.563
Bahrain Grand Prix,4.0,HUL,17.563
Bahrain Grand Prix,5.0,PIA,0.0
Bahrain Grand Prix,5.0,RUS,2.223
Bahrain Grand Prix,5.0,NOR,3.146
Bahrain Grand Prix,5.0,LEC,4.099
Bahrain Grand Prix,5.0,HAM,9.228
Bahrain Grand Prix,5.0,VER,7.62
Bahrain Grand Prix,5.0,GAS,5.016
Bahrain Grand Prix,5.0,OCO,11.327
Bahrain Grand Prix,5.0,TSU,9.997
Bahrain Grand Prix,5.0,BEA,14.789
Bahrain Grand Prix,5.0,ANT,6.617
Bahrain Grand Prix,5.0,ALB,13.018
Bahrain Grand Prix,5.0,HAD,16.339
Bahrain Grand Prix,5.0,DOO,10.631
Bahrain Grand Prix,5.0,ALO,15.746
Bahrain Grand Prix,5.0,LAW,17.441
Bahrain Grand Prix,5.0,STR,18.17
Bahrain Grand Prix,5.0,BOR,20.018
Bahrain Grand Prix,5.0,SAI,8.541
Bahrain Grand Prix,5.0,HUL,21.478
Bahrain Grand Prix,6.0,PIA,0.0
Bahrain Grand Prix,6.0,RUS,2.327
Bahrain Grand Prix,6.0,NOR,3.3529999999999998
Bahrain Grand Prix,6.0,LEC,4.52
Bahrain Grand Prix,6.0,HAM,9.969
Bahrain Grand Prix,6.0,VER,7.85
Bahrain Grand Prix,6.0,GAS,5.52
Bahrain Grand Prix,6.0,OCO,12.411
Bahrain Grand Prix,6.0,TSU,10.879
Bahrain Grand Prix,6.0,BEA,15.729
Bahrain Grand Prix,6.0,ANT,6.888
Bahrain Grand Prix,6.0,ALB,13.918
Bahrain Grand Prix,6.0,HAD,20.342
Bahrain Grand Prix,6.0,DOO,11.554
Bahrain Grand Prix,6.0,ALO,16.972
Bahrain Grand Prix,6.0,LAW,18.784
Bahrain Grand Prix,6.0,STR,19.612
Bahrain Grand Prix,6.0,BOR,21.608
Bahrain Grand Prix,6.0,SAI,9.201
Bahrain Grand Prix,6.0,HUL,40.739
Bahrain Grand Prix,7.0,PIA,0.0
Bahrain Grand Prix,7.0,RUS,2.515
Bahrain Grand Prix,7.0,NOR,3.323
Bahrain Grand Prix,7.0,LEC,4.702
Bahrain Grand Prix,7.0,HAM,10.75
Bahrain Grand Prix,7.0,VER,8.281
Bahrain Grand Prix,7.0,GAS,6.025
Bahrain Grand Prix,7.0,OCO,13.321
Bahrain Grand Prix,7.0,TSU,11.747
Bahrain Grand Prix,7.0,BEA,16.738
Bahrain Grand Prix,7.0,ANT,7.295
Bahrain Grand Prix,7.0,ALB,14.985
Bahrain Grand Prix,7.0,HAD,40.636
Bahrain Grand Prix,7.0,DOO,12.513
Bahrain Grand Prix,7.0,ALO,18.393
Bahrain Grand Prix,7.0,LAW,19.895
Bahrain Grand Prix,7.0,STR,20.969
Bahrain Grand Prix,7.0,BOR,22.882
Bahrain Grand Prix,7.0,SAI,10.033
Bahrain Grand Prix,7.0,HUL,40.191
Bahrain Grand Prix,8.0,PIA,0.0
Bahrain Grand Prix,8.0,RUS,2.955
Bahrain Grand Prix,8.0,NOR,3.726
Bahrain Grand Prix,8.0,LEC,5.268
Bahrain Grand Prix,8.0,HAM,11.926
Bahrain Grand Prix,8.0,VER,9.099
Bahrain Grand Prix,8.0,GAS,6.889
Bahrain Grand Prix,8.0,OCO,17.264
Bahrain Grand Prix,8.0,TSU,12.866
Bahrain Grand Prix,8.0,BEA,17.87
Bahrain Grand Prix,8.0,ANT,7.925
Bahrain Grand Prix,8.0,ALB,16.336
Bahrain Grand Prix,8.0,HAD,39.461
Bahrain Grand Prix,8.0,DOO,13.759
Bahrain Grand Prix,8.0,ALO,20.021
Bahrain Grand Prix,8.0,LAW,21.315
Bahrain Grand Prix,8.0,STR,22.801
Bahrain Grand Prix,8.0,BOR,24.446
Bahrain Grand Prix,8.0,SAI,11.372
Bahrain Grand Prix,8.0,HUL,41.035
Bahrain Grand Prix,9.0,PIA,0.0
Bahrain Grand Prix,9.0,RUS,3.055
Bahrain Grand Prix,9.0,NOR,4.03
Bahrain Grand Prix,9.0,LEC,5.632
Bahrain Grand Prix,9.0,HAM,14.071
Bahrain Grand Prix,9.0,VER,9.969
Bahrain Grand Prix,9.0,GAS,8.185
Bahrain Grand Prix,9.0,OCO,36.18
Bahrain Grand Prix,9.0,TSU,14.793
Bahrain Grand Prix,9.0,BEA,19.354
Bahrain Grand Prix,9.0,ANT,8.771
Bahrain Grand Prix,9.0,ALB,17.271
Bahrain Grand Prix,9.0,HAD,39.203
Bahrain Grand Prix,9.0,DOO,18.49
Bahrain Grand Prix,9.0,ALO,21.455
Bahrain Grand Prix,9.0,LAW,22.583
Bahrain Grand Prix,9.0,STR,24.149
Bahrain Grand Prix,9.0,BOR,25.971
Bahrain Grand Prix,9.0,SAI,15.467
Bahrain Grand Prix,9.0,HUL,41.482
Bahrain Grand Prix,10.0,PIA,0.0
Bahrain Grand Prix,10.0,RUS,3.395
Bahrain Grand Prix,10.0,NOR,7.015
Bahrain Grand Prix,10.0,LEC,5.964
Bahrain Grand Prix,10.0,HAM,14.818999999999999
Bahrain Grand Prix,10.0,VER,14.713
Bahrain Grand Prix,10.0,GAS,13.850999999999999
Bahrain Grand Prix,10.0,OCO,35.184
Bahrain Grand Prix,10.0,TSU,15.931000000000001
Bahrain Grand Prix,10.0,BEA,20.644
Bahrain Grand Prix,10.0,ANT,9.689
Bahrain Grand Prix,10.0,ALB,18.811
Bahrain Grand Prix,10.0,HAD,40.083
Bahrain Grand Prix,10.0,DOO,38.023
Bahrain Grand Prix,10.0,ALO,23.275
Bahrain Grand Prix,10.0,LAW,24.333
Bahrain Grand Prix,10.0,STR,26.119
Bahrain Grand Prix,10.0,BOR,27.734
Bahrain Grand Prix,10.0,SAI,17.082
Bahrain Grand Prix,10.0,HUL,42.192
Bahrain Grand Prix,11.0,PIA,0.0
Bahrain Grand Prix,11.0,RUS,3.866
Bahrain Grand Prix,11.0,NOR,31.185
Bahrain Grand Prix,11.0,LEC,6.468
Bahrain Grand Prix,11.0,HAM,15.284
Bahrain Grand Prix,11.0,VER,35.95
Bahrain Grand Prix,11.0,GAS,33.03
Bahrain Grand Prix,11.0,OCO,34.675
Bahrain Grand Prix,11.0,TSU,19.273
Bahrain Grand Prix,11.0,BEA,21.754
Bahrain Grand Prix,11.0,ANT,10.675
Bahrain Grand Prix,11.0,ALB,19.973
Bahrain Grand Prix,11.0,HAD,40.025
Bahrain Grand Prix,11.0,DOO,37.087
Bahrain Grand Prix,11.0,ALO,24.605
Bahrain Grand Prix,11.0,LAW,25.916
Bahrain Grand Prix,11.0,STR,27.908
Bahrain Grand Prix,11.0,BOR,29.301
Bahrain Grand Prix,11.0,SAI,18.416
Bahrain Grand Prix,11.0,HUL,42.767
Bahrain Grand Prix,12.0,PIA,0.0
Bahrain Grand Prix,12.0,RUS,3.936
Bahrain Grand Prix,12.0,NOR,30.024
Bahrain Grand Prix,12.0,LEC,6.413
Bahrain Grand Prix,12.0,HAM,15.141
Bahrain Grand Prix,12.0,VER,34.126
Bahrain Grand Prix,12.0,GAS,31.39
Bahrain Grand Prix,12.0,OCO,33.464
Bahrain Grand Prix,12.0,TSU,41.149
Bahrain Grand Prix,12.0,BEA,22.576
Bahrain Grand Prix,12.0,ANT,13.533
Bahrain Grand Prix,12.0,ALB,20.885
Bahrain Grand Prix,12.0,HAD,39.697
Bahrain Grand Prix,12.0,DOO,36.072
Bahrain Grand Prix,12.0,ALO,25.551
Bahrain Grand Prix,12.0,LAW,27.036
Bahrain Grand Prix,12.0,STR,31.714
Bahrain Grand Prix,12.0,BOR,31.176
Bahrain Grand Prix,12.0,SAI,19.638
Bahrain Grand Prix,12.0,HUL,42.889
Bahrain Grand Prix,13.0,PIA,0.0
Bahrain Grand Prix,13.0,RUS,7.04
Bahrain Grand Prix,13.0,NOR,28.714
Bahrain Grand Prix,13.0,LEC,6.371
Bahrain Grand Prix,13.0,HAM,15.281
Bahrain Grand Prix,13.0,VER,33.69
Bahrain Grand Prix,13.0,GAS,30.295
Bahrain Grand Prix,13.0,OCO,33.126
Bahrain Grand Prix,13.0,TSU,40.395
Bahrain Grand Prix,13.0,BEA,23.914
Bahrain Grand Prix,13.0,ANT,34.483
Bahrain Grand Prix,13.0,ALB,22.266
Bahrain Grand Prix,13.0,HAD,39.783
Bahrain Grand Prix,13.0,DOO,35.734
Bahrain Grand Prix,13.0,ALO,26.539
Bahrain Grand Prix,13.0,LAW,28.241
Bahrain Grand Prix,13.0,STR,50.708
Bahrain Grand Prix,13.0,BOR,35.406
Bahrain Grand Prix,13.0,SAI,21.152
Bahrain Grand Prix,13.0,HUL,43.163
Bahrain Grand Prix,14.0,PIA,0.0
Bahrain Grand Prix,14.0,RUS,23.058
Bahrain Grand Prix,14.0,NOR,26.19
Bahrain Grand Prix,14.0,LEC,3.944
Bahrain Grand Prix,14.0,HAM,13.111
Bahrain Grand Prix,14.0,VER,30.48
Bahrain Grand Prix,14.0,GAS,28.688
Bahrain Grand Prix,14.0,OCO,29.819
Bahrain Grand Prix,14.0,TSU,37.179
Bahrain Grand Prix,14.0,BEA,25.213
Bahrain Grand Prix,14.0,ANT,30.918
Bahrain Grand Prix,14.0,ALB,21.295
Bahrain Grand Prix,14.0,HAD,38.516
Bahrain Grand Prix,14.0,DOO,32.61
Bahrain Grand Prix,14.0,ALO,25.873
Bahrain Grand Prix,14.0,LAW,30.928
Bahrain Grand Prix,14.0,STR,48.435
Bahrain Grand Prix,14.0,BOR,53.183
Bahrain Grand Prix,14.0,SAI,22.763
Bahrain Grand Prix,14.0,HUL,41.338
Bahrain Grand Prix,15.0,PIA,16.056
Bahrain Grand Prix,15.0,RUS,18.086
Bahrain Grand Prix,15.0,NOR,21.137
Bahrain Grand Prix,15.0,LEC,0.0
Bahrain Grand Prix,15.0,HAM,9.587
Bahrain Grand Prix,15.0,VER,25.967
Bahrain Grand Prix,15.0,GAS,23.933
Bahrain Grand Prix,15.0,OCO,25.258
Bahrain Grand Prix,15.0,TSU,32.702
Bahrain Grand Prix,15.0,BEA,39.702
Bahrain Grand Prix,15.0,ANT,26.515
Bahrain Grand Prix,15.0,ALB,19.316
Bahrain Grand Prix,15.0,HAD,34.609
Bahrain Grand Prix,15.0,DOO,28.122
Bahrain Grand Prix,15.0,ALO,23.534
Bahrain Grand Prix,15.0,LAW,48.936
Bahrain Grand Prix,15.0,STR,45.01
Bahrain Grand Prix,15.0,BOR,49.638
Bahrain Grand Prix,15.0,SAI,38.266
Bahrain Grand Prix,15.0,HUL,37.927
Bahrain Grand Prix,16.0,PIA,15.058
Bahrain Grand Prix,16.0,RUS,17.092
Bahrain Grand Prix,16.0,NOR,20.47
Bahrain Grand Prix,16.0,LEC,0.0
Bahrain Grand Prix,16.0,HAM,10.012
Bahrain Grand Prix,16.0,VER,26.209
Bahrain Grand Prix,16.0,GAS,23.053
Bahrain Grand Prix,16.0,OCO,25.485
Bahrain Grand Prix,16.0,TSU,32.132
Bahrain Grand Prix,16.0,BEA,39.043
Bahrain Grand Prix,16.0,ANT,26.523
Bahrain Grand Prix,16.0,ALB,22.637
Bahrain Grand Prix,16.0,HAD,34.716
Bahrain Grand Prix,16.0,DOO,27.763
Bahrain Grand Prix,16.0,ALO,28.04
Bahrain Grand Prix,16.0,LAW,47.735
Bahrain Grand Prix,16.0,STR,45.042
Bahrain Grand Prix,16.0,BOR,49.033
Bahrain Grand Prix,16.0,SAI,36.159
Bahrain Grand Prix,16.0,HUL,38.811
Bahrain Grand Prix,17.0,PIA,11.231
Bahrain Grand Prix,17.0,RUS,13.725
Bahrain Grand Prix,17.0,NOR,16.477
Bahrain Grand Prix,17.0,LEC,0.0
Bahrain Grand Prix,17.0,HAM,10.136
Bahrain Grand Prix,17.0,VER,23.057
Bahrain Grand Prix,17.0,GAS,19.691
Bahrain Grand Prix,17.0,OCO,22.2
Bahrain Grand Prix,17.0,TSU,29.23
Bahrain Grand Prix,17.0,BEA,34.963
Bahrain Grand Prix,17.0,ANT,23.905
Bahrain Grand Prix,17.0,ALB,40.669
Bahrain Grand Prix,17.0,HAD,31.905
Bahrain Grand Prix,17.0,DOO,25.171
Bahrain Grand Prix,17.0,ALO,44.769
Bahrain Grand Prix,17.0,LAW,44.369
Bahrain Grand Prix,17.0,STR,43.181
Bahrain Grand Prix,17.0,BOR,46.735
Bahrain Grand Prix,17.0,SAI,32.466
Bahrain Grand Prix,17.0,HUL,37.134
Bahrain Grand Prix,18.0,PIA,0.0
Bahrain Grand Prix,18.0,RUS,3.189
Bahrain Grand Prix,18.0,NOR,5.228
Bahrain Grand Prix,18.0,LEC,8.898
Bahrain Grand Prix,18.0,HAM,19.104
Bahrain Grand Prix,18.0,VER,12.691
Bahrain Grand Prix,18.0,GAS,9.923
Bahrain Grand Prix,18.0,OCO,11.746
Bahrain Grand Prix,18.0,TSU,18.846
Bahrain Grand Prix,18.0,BEA,24.077
Bahrain Grand Prix,18.0,ANT,13.350999999999999
Bahrain Grand Prix,18.0,ALB,28.959
Bahrain Grand Prix,18.0,HAD,23.004
Bahrain Grand Prix,18.0,DOO,14.801
Bahrain Grand Prix,18.0,ALO,33.989
Bahrain Grand Prix,18.0,LAW,35.286
Bahrain Grand Prix,18.0,STR,33.521
Bahrain Grand Prix,18.0,BOR,37.081
Bahrain Grand Prix,18.0,SAI,21.356
Bahrain Grand Prix,18.0,HUL,27.487
Bahrain Grand Prix,19.0,PIA,0.0
Bahrain Grand Prix,19.0,RUS,3.46
Bahrain Grand Prix,19.0,NOR,4.992
Bahrain Grand Prix,19.0,LEC,7.883
Bahrain Grand Prix,19.0,HAM,18.011
Bahrain Grand Prix,19.0,VER,13.315
Bahrain Grand Prix,19.0,GAS,10.144
Bahrain Grand Prix,19.0,OCO,12.255
Bahrain Grand Prix,19.0,TSU,19.869
Bahrain Grand Prix,19.0,BEA,24.701999999999998
Bahrain Grand Prix,19.0,ANT,13.791
Bahrain Grand Prix,19.0,ALB,29.277
Bahrain Grand Prix,19.0,HAD,24.007
Bahrain Grand Prix,19.0,DOO,15.208
Bahrain Grand Prix,19.0,ALO,34.053
Bahrain Grand Prix,19.0,LAW,36.337
Bahrain Grand Prix,19.0,STR,35.145
Bahrain Grand Prix,19.0,BOR,38.143
Bahrain Grand Prix,19.0,SAI,21.724
Bahrain Grand Prix,19.0,HUL,28.998
Bahrain Grand Prix,20.0,PIA,0.0
Bahrain Grand Prix,20.0,RUS,4.104
Bahrain Grand Prix,20.0,NOR,5.414
Bahrain Grand Prix,20.0,LEC,7.585
Bahrain Grand Prix,20.0,HAM,17.833
Bahrain Grand Prix,20.0,VER,16.238
Bahrain Grand Prix,20.0,GAS,11.081
Bahrain Grand Prix,20.0,OCO,13.37
Bahrain Grand Prix,20.0,TSU,20.716
Bahrain Grand Prix,20.0,BEA,25.824
Bahrain Grand Prix,20.0,ANT,15.182
Bahrain Grand Prix,20.0,ALB,29.446
Bahrain Grand Prix,20.0,HAD,25.376
Bahrain Grand Prix,20.0,DOO,16.97
Bahrain Grand Prix,20.0,ALO,35.023
Bahrain Grand Prix,20.0,LAW,37.678
Bahrain Grand Prix,20.0,STR,36.308
Bahrain Grand Prix,20.0,BOR,39.403
Bahrain Grand Prix,20.0,SAI,22.647
Bahrain Grand Prix,20.0,HUL,31.266
Bahrain Grand Prix,21.0,PIA,0.0
Bahrain Grand Prix,21.0,RUS,4.233
Bahrain Grand Prix,21.0,NOR,5.6850000000000005
Bahrain Grand Prix,21.0,LEC,7.266
Bahrain Grand Prix,21.0,HAM,18.551
Bahrain Grand Prix,21.0,VER,17.474
Bahrain Grand Prix,21.0,GAS,11.562
Bahrain Grand Prix,21.0,OCO,14.445
Bahrain Grand Prix,21.0,TSU,21.684
Bahrain Grand Prix,21.0,BEA,26.748
Bahrain Grand Prix,21.0,ANT,16.15
Bahrain Grand Prix,21.0,ALB,29.781
Bahrain Grand Prix,21.0,HAD,28.428
Bahrain Grand Prix,21.0,DOO,18.231
Bahrain Grand Prix,21.0,ALO,36.312
Bahrain Grand Prix,21.0,LAW,38.969
Bahrain Grand Prix,21.0,STR,37.822
Bahrain Grand Prix,21.0,BOR,41.011
Bahrain Grand Prix,21.0,SAI,23.653
Bahrain Grand Prix,21.0,HUL,33.079
Bahrain Grand Prix,22.0,PIA,0.0
Bahrain Grand Prix,22.0,RUS,4.897
Bahrain Grand Prix,22.0,NOR,6.33
Bahrain Grand Prix,22.0,LEC,7.487
Bahrain Grand Prix,22.0,HAM,19.419
Bahrain Grand Prix,22.0,VER,20.408
Bahrain Grand Prix,22.0,GAS,12.766
Bahrain Grand Prix,22.0,OCO,15.935
Bahrain Grand Prix,22.0,TSU,23.255
Bahrain Grand Prix,22.0,BEA,28.172
Bahrain Grand Prix,22.0,ANT,17.905
Bahrain Grand Prix,22.0,ALB,31.113
Bahrain Grand Prix,22.0,HAD,30.728
Bahrain Grand Prix,22.0,DOO,20.986
Bahrain Grand Prix,22.0,ALO,37.719
Bahrain Grand Prix,22.0,LAW,40.89
Bahrain Grand Prix,22.0,STR,39.771
Bahrain Grand Prix,22.0,BOR,43.036
Bahrain Grand Prix,22.0,SAI,25.066
Bahrain Grand Prix,22.0,HUL,35.327
Bahrain Grand Prix,23.0,PIA,0.0
Bahrain Grand Prix,23.0,RUS,4.982
Bahrain Grand Prix,23.0,NOR,6.531
Bahrain Grand Prix,23.0,LEC,7.22
Bahrain Grand Prix,23.0,HAM,19.41
Bahrain Grand Prix,23.0,VER,20.908
Bahrain Grand Prix,23.0,GAS,13.449
Bahrain Grand Prix,23.0,OCO,16.92
Bahrain Grand Prix,23.0,TSU,24.21
Bahrain Grand Prix,23.0,BEA,28.744
Bahrain Grand Prix,23.0,ANT,18.716
Bahrain Grand Prix,23.0,ALB,31.064
Bahrain Grand Prix,23.0,HAD,33.16
Bahrain Grand Prix,23.0,DOO,21.895
Bahrain Grand Prix,23.0,ALO,38.294
Bahrain Grand Prix,23.0,LAW,42.146
Bahrain Grand Prix,23.0,STR,40.981
Bahrain Grand Prix,23.0,BOR,44.355
Bahrain Grand Prix,23.0,SAI,25.764
Bahrain Grand Prix,23.0,HUL,36.856
Bahrain Grand Prix,24.0,PIA,0.0
Bahrain Grand Prix,24.0,RUS,5.132
Bahrain Grand Prix,24.0,NOR,6.88
Bahrain Grand Prix,24.0,LEC,7.599
Bahrain Grand Prix,24.0,HAM,20.302
Bahrain Grand Prix,24.0,VER,22.145
Bahrain Grand Prix,24.0,GAS,14.255
Bahrain Grand Prix,24.0,OCO,18.126
Bahrain Grand Prix,24.0,TSU,25.607
Bahrain Grand Prix,24.0,BEA,29.8
Bahrain Grand Prix,24.0,ANT,19.724
Bahrain Grand Prix,24.0,ALB,31.453
Bahrain Grand Prix,24.0,HAD,35.048
Bahrain Grand Prix,24.0,DOO,23.683
Bahrain Grand Prix,24.0,ALO,39.419
Bahrain Grand Prix,24.0,LAW,43.547
Bahrain Grand Prix,24.0,STR,42.274
Bahrain Grand Prix,24.0,BOR,46.508
Bahrain Grand Prix,24.0,SAI,26.912
Bahrain Grand Prix,24.0,HUL,38.743
Bahrain Grand Prix,25.0,PIA,0.0
Bahrain Grand Prix,25.0,RUS,5.397
Bahrain Grand Prix,25.0,NOR,8.359
Bahrain Grand Prix,25.0,LEC,7.24
Bahrain Grand Prix,25.0,HAM,20.154
Bahrain Grand Prix,25.0,VER,23.826
Bahrain Grand Prix,25.0,GAS,15.139
Bahrain Grand Prix,25.0,OCO,19.72
Bahrain Grand Prix,25.0,TSU,26.863
Bahrain Grand Prix,25.0,BEA,30.956
Bahrain Grand Prix,25.0,ANT,21.642
Bahrain Grand Prix,25.0,ALB,32.233
Bahrain Grand Prix,25.0,HAD,37.032
Bahrain Grand Prix,25.0,DOO,25.195
Bahrain Grand Prix,25.0,ALO,40.807
Bahrain Grand Prix,25.0,LAW,44.882
Bahrain Grand Prix,25.0,STR,43.921
Bahrain Grand Prix,25.0,BOR,48.055
Bahrain Grand Prix,25.0,SAI,28.169
Bahrain Grand Prix,25.0,HUL,40.532
Bahrain Grand Prix,26.0,PIA,0.0
Bahrain Grand Prix,26.0,RUS,6.052
Bahrain Grand Prix,26.0,NOR,9.184
Bahrain Grand Prix,26.0,LEC,7.326
Bahrain Grand Prix,26.0,HAM,20.149
Bahrain Grand Prix,26.0,VER,28.924
Bahrain Grand Prix,26.0,GAS,16.647
Bahrain Grand Prix,26.0,OCO,22.212
Bahrain Grand Prix,26.0,TSU,28.84
Bahrain Grand Prix,26.0,BEA,32.336
Bahrain Grand Prix,26.0,ANT,23.445
Bahrain Grand Prix,26.0,ALB,33.541
Bahrain Grand Prix,26.0,HAD,39.23
Bahrain Grand Prix,26.0,DOO,27.557
Bahrain Grand Prix,26.0,ALO,41.728
Bahrain Grand Prix,26.0,LAW,46.813
Bahrain Grand Prix,26.0,STR,45.796
Bahrain Grand Prix,26.0,BOR,50.43
Bahrain Grand Prix,26.0,SAI,29.991
Bahrain Grand Prix,26.0,HUL,43.663
Bahrain Grand Prix,27.0,PIA,0.0
Bahrain Grand Prix,27.0,RUS,6.402
Bahrain Grand Prix,27.0,NOR,9.575
Bahrain Grand Prix,27.0,LEC,7.694
Bahrain Grand Prix,27.0,HAM,20.265
Bahrain Grand Prix,27.0,VER,51.39
Bahrain Grand Prix,27.0,GAS,17.82
Bahrain Grand Prix,27.0,OCO,26.594
Bahrain Grand Prix,27.0,TSU,30.789
Bahrain Grand Prix,27.0,BEA,33.915
Bahrain Grand Prix,27.0,ANT,27.634
Bahrain Grand Prix,27.0,ALB,34.669
Bahrain Grand Prix,27.0,HAD,41.116
Bahrain Grand Prix,27.0,DOO,29.499
Bahrain Grand Prix,27.0,ALO,42.828
Bahrain Grand Prix,27.0,LAW,48.55
Bahrain Grand Prix,27.0,STR,47.674
Bahrain Grand Prix,27.0,BOR,53.17
Bahrain Grand Prix,27.0,SAI,31.714
Bahrain Grand Prix,27.0,HUL,48.545
Bahrain Grand Prix,28.0,PIA,0.0
Bahrain Grand Prix,28.0,RUS,6.705
Bahrain Grand Prix,28.0,NOR,9.831
Bahrain Grand Prix,28.0,LEC,8.106
Bahrain Grand Prix,28.0,HAM,20.246
Bahrain Grand Prix,28.0,VER,50.787
Bahrain Grand Prix,28.0,GAS,21.293
Bahrain Grand Prix,28.0,OCO,47.373
Bahrain Grand Prix,28.0,TSU,32.483
Bahrain Grand Prix,28.0,BEA,35.241
Bahrain Grand Prix,28.0,ANT,48.878
Bahrain Grand Prix,28.0,ALB,35.806
Bahrain Grand Prix,28.0,HAD,45.499
Bahrain Grand Prix,28.0,DOO,33.714
Bahrain Grand Prix,28.0,ALO,44.032
Bahrain Grand Prix,28.0,LAW,51.625
Bahrain Grand Prix,28.0,STR,50.264
Bahrain Grand Prix,28.0,BOR,55.347
Bahrain Grand Prix,28.0,SAI,33.257
Bahrain Grand Prix,28.0,HUL,69.664
Bahrain Grand Prix,29.0,PIA,0.0
Bahrain Grand Prix,29.0,RUS,6.805
Bahrain Grand Prix,29.0,NOR,10.284
Bahrain Grand Prix,29.0,LEC,8.21
Bahrain Grand Prix,29.0,HAM,19.857
Bahrain Grand Prix,29.0,VER,49.277
Bahrain Grand Prix,29.0,GAS,41.799
Bahrain Grand Prix,29.0,OCO,46.857
Bahrain Grand Prix,29.0,TSU,33.516
Bahrain Grand Prix,29.0,BEA,37.798
Bahrain Grand Prix,29.0,ANT,47.891
Bahrain Grand Prix,29.0,ALB,36.277
Bahrain Grand Prix,29.0,HAD,66.008
Bahrain Grand Prix,29.0,DOO,54.051
Bahrain Grand Prix,29.0,ALO,45.057
Bahrain Grand Prix,29.0,LAW,53.345
Bahrain Grand Prix,29.0,STR,52.323
Bahrain Grand Prix,29.0,BOR,57.523
Bahrain Grand Prix,29.0,SAI,34.378
Bahrain Grand Prix,29.0,HUL,69.74
Bahrain Grand Prix,30.0,PIA,0.0
Bahrain Grand Prix,30.0,RUS,6.647
Bahrain Grand Prix,30.0,NOR,10.209
Bahrain Grand Prix,30.0,LEC,8.018
Bahrain Grand Prix,30.0,HAM,19.563
Bahrain Grand Prix,30.0,VER,48.16
Bahrain Grand Prix,30.0,GAS,41.256
Bahrain Grand Prix,30.0,OCO,46.144
Bahrain Grand Prix,30.0,TSU,36.459
Bahrain Grand Prix,30.0,BEA,39.226
Bahrain Grand Prix,30.0,ANT,46.77
Bahrain Grand Prix,30.0,ALB,37.63
Bahrain Grand Prix,30.0,HAD,65.149
Bahrain Grand Prix,30.0,DOO,53.827
Bahrain Grand Prix,30.0,ALO,45.723
Bahrain Grand Prix,30.0,LAW,55.476
Bahrain Grand Prix,30.0,STR,54.547
Bahrain Grand Prix,30.0,BOR,59.592
Bahrain Grand Prix,30.0,SAI,35.847
Bahrain Grand Prix,30.0,HUL,69.267
Bahrain Grand Prix,31.0,PIA,0.0
Bahrain Grand Prix,31.0,RUS,7.175
Bahrain Grand Prix,31.0,NOR,10.58
Bahrain Grand Prix,31.0,LEC,8.51
Bahrain Grand Prix,31.0,HAM,19.605
Bahrain Grand Prix,31.0,VER,48.644
Bahrain Grand Prix,31.0,GAS,41.391
Bahrain Grand Prix,31.0,OCO,46.118
Bahrain Grand Prix,31.0,TSU,39.38
Bahrain Grand Prix,31.0,BEA,41.008
Bahrain Grand Prix,31.0,ANT,46.745
Bahrain Grand Prix,31.0,ALB,39.855
Bahrain Grand Prix,31.0,HAD,64.751
Bahrain Grand Prix,31.0,DOO,52.953
Bahrain Grand Prix,31.0,ALO,48.348
Bahrain Grand Prix,31.0,LAW,57.033
Bahrain Grand Prix,31.0,STR,56.378
Bahrain Grand Prix,31.0,BOR,61.965
Bahrain Grand Prix,31.0,SAI,38.776
Bahrain Grand Prix,31.0,HUL,69.469
Bahrain Grand Prix,32.0,PIA,0.0
Bahrain Grand Prix,32.0,RUS,9.489
Bahrain Grand Prix,32.0,NOR,13.582
Bahrain Grand Prix,32.0,LEC,10.924
Bahrain Grand Prix,32.0,HAM,26.566
Bahrain Grand Prix,32.0,VER,64.179
Bahrain Grand Prix,32.0,GAS,56.473
Bahrain Grand Prix,32.0,OCO,61.775
Bahrain Grand Prix,32.0,TSU,54.399
Bahrain Grand Prix,32.0,BEA,59.264
Bahrain Grand Prix,32.0,ANT,62.995
Bahrain Grand Prix,32.0,ALB,58.747
Bahrain Grand Prix,32.0,HAD,86.029
Bahrain Grand Prix,32.0,DOO,70.709
Bahrain Grand Prix,32.0,ALO,66.007
Bahrain Grand Prix,32.0,LAW,77.633
Bahrain Grand Prix,32.0,STR,78.419
Bahrain Grand Prix,32.0,BOR,85.92
Bahrain Grand Prix,32.0,SAI,53.145
Bahrain Grand Prix,32.0,HUL,92.074
Bahrain Grand Prix,33.0,PIA,0.0
Bahrain Grand Prix,33.0,RUS,1.262
Bahrain Grand Prix,33.0,NOR,4.102
Bahrain Grand Prix,33.0,LEC,2.9210000000000003
Bahrain Grand Prix,33.0,HAM,12.691
Bahrain Grand Prix,33.0,VER,30.552
Bahrain Grand Prix,33.0,GAS,21.431
Bahrain Grand Prix,33.0,OCO,28.736
Bahrain Grand Prix,33.0,TSU,39.858
Bahrain Grand Prix,33.0,BEA,42.921
Bahrain Grand Prix,33.0,ANT,48.11
Bahrain Grand Prix,33.0,ALB,43.799
Bahrain Grand Prix,33.0,HAD,55.234
Bahrain Grand Prix,33.0,DOO,38.066
Bahrain Grand Prix,33.0,ALO,51.672
Bahrain Grand Prix,33.0,LAW,63.658
Bahrain Grand Prix,33.0,STR,64.994
Bahrain Grand Prix,33.0,BOR,71.785
Bahrain Grand Prix,33.0,SAI,38.85
Bahrain Grand Prix,33.0,HUL,60.026
Bahrain Grand Prix,34.0,PIA,0.0
Bahrain Grand Prix,34.0,RUS,1.219
Bahrain Grand Prix,34.0,NOR,3.218
Bahrain Grand Prix,34.0,LEC,2.069
Bahrain Grand Prix,34.0,HAM,4.979
Bahrain Grand Prix,34.0,VER,10.358
Bahrain Grand Prix,34.0,GAS,7.048
Bahrain Grand Prix,34.0,OCO,9.055
Bahrain Grand Prix,34.0,TSU,15.342
Bahrain Grand Prix,34.0,BEA,16.271
Bahrain Grand Prix,34.0,ANT,18.553
Bahrain Grand Prix,34.0,ALB,17.732
Bahrain Grand Prix,34.0,HAD,27.636
Bahrain Grand Prix,34.0,DOO,12.445
Bahrain Grand Prix,34.0,ALO,22.779
Bahrain Grand Prix,34.0,LAW,33.212
Bahrain Grand Prix,34.0,STR,35.553
Bahrain Grand Prix,34.0,BOR,37.698
Bahrain Grand Prix,34.0,SAI,14.15
Bahrain Grand Prix,34.0,HUL,31.581
Bahrain Grand Prix,35.0,PIA,0.0
Bahrain Grand Prix,35.0,RUS,0.515
Bahrain Grand Prix,35.0,NOR,1.483
Bahrain Grand Prix,35.0,LEC,1.414
Bahrain Grand Prix,35.0,HAM,1.81
Bahrain Grand Prix,35.0,VER,3.275
Bahrain Grand Prix,35.0,GAS,2.648
Bahrain Grand Prix,35.0,OCO,3.093
Bahrain Grand Prix,35.0,TSU,4.619
Bahrain Grand Prix,35.0,BEA,4.936
Bahrain Grand Prix,35.0,ANT,5.545
Bahrain Grand Prix,35.0,ALB,5.128
Bahrain Grand Prix,35.0,HAD,6.911
Bahrain Grand Prix,35.0,DOO,3.857
Bahrain Grand Prix,35.0,ALO,6.907
Bahrain Grand Prix,35.0,LAW,7.439
Bahrain Grand Prix,35.0,STR,8.25
Bahrain Grand Prix,35.0,BOR,8.296
Bahrain Grand Prix,35.0,SAI,4.38
Bahrain Grand Prix,35.0,HUL,7.103
Bahrain Grand Prix,36.0,PIA,0.0
Bahrain Grand Prix,36.0,RUS,0.893
Bahrain Grand Prix,36.0,NOR,2.848
Bahrain Grand Prix,36.0,LEC,2.406
Bahrain Grand Prix,36.0,HAM,4.184
Bahrain Grand Prix,36.0,VER,6.757
Bahrain Grand Prix,36.0,GAS,4.939
Bahrain Grand Prix,36.0,OCO,6.165
Bahrain Grand Prix,36.0,TSU,7.721
Bahrain Grand Prix,36.0,BEA,8.09
Bahrain Grand Prix,36.0,ANT,10.322
Bahrain Grand Prix,36.0,ALB,9.056
Bahrain Grand Prix,36.0,HAD,12.089
Bahrain Grand Prix,36.0,DOO,7.214
Bahrain Grand Prix,36.0,ALO,12.498
Bahrain Grand Prix,36.0,LAW,11.311
Bahrain Grand Prix,36.0,STR,13.128
Bahrain Grand Prix,36.0,BOR,13.604
Bahrain Grand Prix,36.0,SAI,10.073
Bahrain Grand Prix,36.0,HUL,10.906
Bahrain Grand Prix,37.0,PIA,0.0
Bahrain Grand Prix,37.0,RUS,1.3599999999999999
Bahrain Grand Prix,37.0,NOR,5.44
Bahrain Grand Prix,37.0,LEC,3.355
Bahrain Grand Prix,37.0,HAM,5.044
Bahrain Grand Prix,37.0,VER,8.727
Bahrain Grand Prix,37.0,GAS,6.753
Bahrain Grand Prix,37.0,OCO,8.191
Bahrain Grand Prix,37.0,TSU,9.986
Bahrain Grand Prix,37.0,BEA,10.454
Bahrain Grand Prix,37.0,ANT,12.664
Bahrain Grand Prix,37.0,ALB,11.296
Bahrain Grand Prix,37.0,HAD,15.181
Bahrain Grand Prix,37.0,DOO,9.417
Bahrain Grand Prix,37.0,ALO,15.769
Bahrain Grand Prix,37.0,LAW,14.294
Bahrain Grand Prix,37.0,STR,16.359
Bahrain Grand Prix,37.0,BOR,16.93
Bahrain Grand Prix,37.0,SAI,12.53
Bahrain Grand Prix,37.0,HUL,13.681000000000001
Bahrain Grand Prix,38.0,PIA,0.0
Bahrain Grand Prix,38.0,RUS,1.5699999999999998
Bahrain Grand Prix,38.0,NOR,5.171
Bahrain Grand Prix,38.0,LEC,3.5
Bahrain Grand Prix,38.0,HAM,6.245
Bahrain Grand Prix,38.0,VER,8.901
Bahrain Grand Prix,38.0,GAS,7.438
Bahrain Grand Prix,38.0,OCO,10.275
Bahrain Grand Prix,38.0,TSU,12.318
Bahrain Grand Prix,38.0,BEA,12.765
Bahrain Grand Prix,38.0,ANT,13.652
Bahrain Grand Prix,38.0,ALB,13.17
Bahrain Grand Prix,38.0,HAD,17.015
Bahrain Grand Prix,38.0,DOO,11.564
Bahrain Grand Prix,38.0,ALO,17.678
Bahrain Grand Prix,38.0,LAW,16.124
Bahrain Grand Prix,38.0,STR,18.426
Bahrain Grand Prix,38.0,BOR,18.939
Bahrain Grand Prix,38.0,SAI,15.157
Bahrain Grand Prix,38.0,HUL,15.594
Bahrain Grand Prix,39.0,PIA,0.0
Bahrain Grand Prix,39.0,RUS,1.794
Bahrain Grand Prix,39.0,NOR,5.256
Bahrain Grand Prix,39.0,LEC,3.524
Bahrain Grand Prix,39.0,HAM,6.391
Bahrain Grand Prix,39.0,VER,9.397
Bahrain Grand Prix,39.0,GAS,7.795
Bahrain Grand Prix,39.0,OCO,11.642
Bahrain Grand Prix,39.0,TSU,13.958
Bahrain Grand Prix,39.0,BEA,14.499
Bahrain Grand Prix,39.0,ANT,15.055
Bahrain Grand Prix,39.0,ALB,15.866
Bahrain Grand Prix,39.0,HAD,19.17
Bahrain Grand Prix,39.0,DOO,12.919
Bahrain Grand Prix,39.0,ALO,19.895
Bahrain Grand Prix,39.0,LAW,18.36
Bahrain Grand Prix,39.0,STR,20.581
Bahrain Grand Prix,39.0,BOR,21.198
Bahrain Grand Prix,39.0,SAI,17.275
Bahrain Grand Prix,39.0,HUL,17.696
Bahrain Grand Prix,40.0,PIA,0.0
Bahrain Grand Prix,40.0,RUS,1.905
Bahrain Grand Prix,40.0,NOR,5.017
Bahrain Grand Prix,40.0,LEC,3.444
Bahrain Grand Prix,40.0,HAM,6.6899999999999995
Bahrain Grand Prix,40.0,VER,10.096
Bahrain Grand Prix,40.0,GAS,8.416
Bahrain Grand Prix,40.0,OCO,12.762
Bahrain Grand Prix,40.0,TSU,14.901
Bahrain Grand Prix,40.0,BEA,15.442
Bahrain Grand Prix,40.0,ANT,15.968
Bahrain Grand Prix,40.0,ALB,17.137
Bahrain Grand Prix,40.0,HAD,21.152
Bahrain Grand Prix,40.0,DOO,14.052
Bahrain Grand Prix,40.0,ALO,21.923000000000002
Bahrain Grand Prix,40.0,LAW,20.358
Bahrain Grand Prix,40.0,STR,22.596
Bahrain Grand Prix,40.0,BOR,23.149
Bahrain Grand Prix,40.0,SAI,19.369
Bahrain Grand Prix,40.0,HUL,19.998
Bahrain Grand Prix,41.0,PIA,0.0
Bahrain Grand Prix,41.0,RUS,1.97
Bahrain Grand Prix,41.0,NOR,4.95
Bahrain Grand Prix,41.0,LEC,3.6109999999999998
Bahrain Grand Prix,41.0,HAM,7.212
Bahrain Grand Prix,41.0,VER,10.692
Bahrain Grand Prix,41.0,GAS,8.959
Bahrain Grand Prix,41.0,OCO,13.883
Bahrain Grand Prix,41.0,TSU,16.07
Bahrain Grand Prix,41.0,BEA,16.824
Bahrain Grand Prix,41.0,ANT,17.226
Bahrain Grand Prix,41.0,ALB,18.315
Bahrain Grand Prix,41.0,HAD,23.512
Bahrain Grand Prix,41.0,DOO,15.261
Bahrain Grand Prix,41.0,ALO,24.127
Bahrain Grand Prix,41.0,LAW,21.722
Bahrain Grand Prix,41.0,STR,24.925
Bahrain Grand Prix,41.0,BOR,25.581
Bahrain Grand Prix,41.0,SAI,21.458
Bahrain Grand Prix,41.0,HUL,22.791
Bahrain Grand Prix,42.0,PIA,0.0
Bahrain Grand Prix,42.0,RUS,2.001
Bahrain Grand Prix,42.0,NOR,4.844
Bahrain Grand Prix,42.0,LEC,3.666
Bahrain Grand Prix,42.0,HAM,8.078
Bahrain Grand Prix,42.0,VER,11.606
Bahrain Grand Prix,42.0,GAS,9.967
Bahrain Grand Prix,42.0,OCO,15.35
Bahrain Grand Prix,42.0,TSU,17.428
Bahrain Grand Prix,42.0,BEA,18.084
Bahrain Grand Prix,42.0,ANT,18.674
Bahrain Grand Prix,42.0,ALB,19.768
Bahrain Grand Prix,42.0,HAD,25.824
Bahrain Grand Prix,42.0,DOO,16.545
Bahrain Grand Prix,42.0,ALO,26.561
Bahrain Grand Prix,42.0,LAW,23.042
Bahrain Grand Prix,42.0,STR,27.213
Bahrain Grand Prix,42.0,BOR,27.822
Bahrain Grand Prix,42.0,SAI,24.945
Bahrain Grand Prix,42.0,HUL,25.22
Bahrain Grand Prix,43.0,PIA,0.0
Bahrain Grand Prix,43.0,RUS,2.548
Bahrain Grand Prix,43.0,NOR,4.768
Bahrain Grand Prix,43.0,LEC,4.054
Bahrain Grand Prix,43.0,HAM,8.716
Bahrain Grand Prix,43.0,VER,12.583
Bahrain Grand Prix,43.0,GAS,11.034
Bahrain Grand Prix,43.0,OCO,16.935
Bahrain Grand Prix,43.0,TSU,19.037
Bahrain Grand Prix,43.0,BEA,19.751
Bahrain Grand Prix,43.0,ANT,20.172
Bahrain Grand Prix,43.0,ALB,21.317
Bahrain Grand Prix,43.0,HAD,28.779
Bahrain Grand Prix,43.0,DOO,18.203
Bahrain Grand Prix,43.0,ALO,29.417
Bahrain Grand Prix,43.0,LAW,24.404
Bahrain Grand Prix,43.0,STR,29.991
Bahrain Grand Prix,43.0,BOR,30.623
Bahrain Grand Prix,43.0,SAI,28.434
Bahrain Grand Prix,43.0,HUL,26.561
Bahrain Grand Prix,44.0,PIA,0.0
Bahrain Grand Prix,44.0,RUS,3.144
Bahrain Grand Prix,44.0,NOR,4.931
Bahrain Grand Prix,44.0,LEC,4.312
Bahrain Grand Prix,44.0,HAM,9.428
Bahrain Grand Prix,44.0,VER,13.332
Bahrain Grand Prix,44.0,GAS,11.977
Bahrain Grand Prix,44.0,OCO,18.601
Bahrain Grand Prix,44.0,TSU,20.586
Bahrain Grand Prix,44.0,BEA,21.315
Bahrain Grand Prix,44.0,ANT,21.799
Bahrain Grand Prix,44.0,ALB,22.675
Bahrain Grand Prix,44.0,HAD,30.214
Bahrain Grand Prix,44.0,DOO,19.796
Bahrain Grand Prix,44.0,ALO,31.396
Bahrain Grand Prix,44.0,LAW,25.495
Bahrain Grand Prix,44.0,STR,33.957
Bahrain Grand Prix,44.0,BOR,34.543
Bahrain Grand Prix,44.0,SAI,36.016
Bahrain Grand Prix,44.0,HUL,28.111
Bahrain Grand Prix,45.0,PIA,0.0
Bahrain Grand Prix,45.0,RUS,3.855
Bahrain Grand Prix,45.0,NOR,5.49
Bahrain Grand Prix,45.0,LEC,4.977
Bahrain Grand Prix,45.0,HAM,10.427
Bahrain Grand Prix,45.0,VER,14.682
Bahrain Grand Prix,45.0,GAS,13.3
Bahrain Grand Prix,45.0,OCO,20.205
Bahrain Grand Prix,45.0,TSU,21.776
Bahrain Grand Prix,45.0,BEA,23.147
Bahrain Grand Prix,45.0,ANT,23.591
Bahrain Grand Prix,45.0,ALB,24.336
Bahrain Grand Prix,45.0,HAD,32.198
Bahrain Grand Prix,45.0,DOO,22.762
Bahrain Grand Prix,45.0,ALO,33.782
Bahrain Grand Prix,45.0,LAW,26.996
Bahrain Grand Prix,45.0,STR,36.202
Bahrain Grand Prix,45.0,BOR,37.062
Bahrain Grand Prix,45.0,SAI,72.331
Bahrain Grand Prix,45.0,HUL,30.0
Bahrain Grand Prix,46.0,PIA,0.0
Bahrain Grand Prix,46.0,RUS,4.413
Bahrain Grand Prix,46.0,NOR,7.243
Bahrain Grand Prix,46.0,LEC,5.973
Bahrain Grand Prix,46.0,HAM,11.554
Bahrain Grand Prix,46.0,VER,16.135
Bahrain Grand Prix,46.0,GAS,14.629
Bahrain Grand Prix,46.0,OCO,21.967
Bahrain Grand Prix,46.0,TSU,23.614
Bahrain Grand Prix,46.0,BEA,24.728
Bahrain Grand Prix,46.0,ANT,25.431
Bahrain Grand Prix,46.0,ALB,26.771
Bahrain Grand Prix,46.0,HAD,34.093
Bahrain Grand Prix,46.0,DOO,26.408
Bahrain Grand Prix,46.0,ALO,35.904
Bahrain Grand Prix,46.0,LAW,28.825
Bahrain Grand Prix,46.0,STR,38.599
Bahrain Grand Prix,46.0,BOR,39.315
Bahrain Grand Prix,46.0,HUL,31.712
Bahrain Grand Prix,47.0,PIA,0.0
Bahrain Grand Prix,47.0,RUS,5.031
Bahrain Grand Prix,47.0,NOR,7.468
Bahrain Grand Prix,47.0,LEC,6.657
Bahrain Grand Prix,47.0,HAM,12.346
Bahrain Grand Prix,47.0,VER,17.414
Bahrain Grand Prix,47.0,GAS,16.038
Bahrain Grand Prix,47.0,OCO,23.719
Bahrain Grand Prix,47.0,TSU,25.17
Bahrain Grand Prix,47.0,BEA,26.21
Bahrain Grand Prix,47.0,ANT,27.028
Bahrain Grand Prix,47.0,ALB,27.822
Bahrain Grand Prix,47.0,HAD,35.765
Bahrain Grand Prix,47.0,DOO,29.234
Bahrain Grand Prix,47.0,ALO,37.932
Bahrain Grand Prix,47.0,LAW,30.669
Bahrain Grand Prix,47.0,STR,40.861
Bahrain Grand Prix,47.0,BOR,41.695
Bahrain Grand Prix,47.0,HUL,33.547
Bahrain Grand Prix,48.0,PIA,0.0
Bahrain Grand Prix,48.0,RUS,5.42
Bahrain Grand Prix,48.0,NOR,7.6899999999999995
Bahrain Grand Prix,48.0,LEC,7.254
Bahrain Grand Prix,48.0,HAM,13.006
Bahrain Grand Prix,48.0,VER,18.541
Bahrain Grand Prix,48.0,GAS,17.348
Bahrain Grand Prix,48.0,OCO,25.236
Bahrain Grand Prix,48.0,TSU,26.527
Bahrain Grand Prix,48.0,BEA,27.509
Bahrain Grand Prix,48.0,ANT,28.159
Bahrain Grand Prix,48.0,ALB,29.009
Bahrain Grand Prix,48.0,HAD,37.429
Bahrain Grand Prix,48.0,DOO,31.227
Bahrain Grand Prix,48.0,ALO,39.904
Bahrain Grand Prix,48.0,LAW,32.207
Bahrain Grand Prix,48.0,STR,42.917
Bahrain Grand Prix,48.0,BOR,43.921
Bahrain Grand Prix,48.0,HUL,35.34
Bahrain Grand Prix,49.0,PIA,0.0
Bahrain Grand Prix,49.0,RUS,5.92
Bahrain Grand Prix,49.0,NOR,8.736
Bahrain Grand Prix,49.0,LEC,8.097
Bahrain Grand Prix,49.0,HAM,13.824
Bahrain Grand Prix,49.0,VER,19.346
Bahrain Grand Prix,49.0,GAS,18.295
Bahrain Grand Prix,49.0,OCO,26.227
Bahrain Grand Prix,49.0,TSU,27.543
Bahrain Grand Prix,49.0,BEA,28.385
Bahrain Grand Prix,49.0,ANT,28.959
Bahrain Grand Prix,49.0,ALB,29.821
Bahrain Grand Prix,49.0,HAD,38.599
Bahrain Grand Prix,49.0,DOO,32.605
Bahrain Grand Prix,49.0,ALO,41.631
Bahrain Grand Prix,49.0,LAW,33.189
Bahrain Grand Prix,49.0,STR,44.75
Bahrain Grand Prix,49.0,BOR,45.686
Bahrain Grand Prix,49.0,HUL,36.539
Bahrain Grand Prix,50.0,PIA,0.0
Bahrain Grand Prix,50.0,RUS,6.63
Bahrain Grand Prix,50.0,NOR,9.509
Bahrain Grand Prix,50.0,LEC,8.79
Bahrain Grand Prix,50.0,HAM,15.137
Bahrain Grand Prix,50.0,VER,20.767
Bahrain Grand Prix,50.0,GAS,19.93
Bahrain Grand Prix,50.0,OCO,28.155
Bahrain Grand Prix,50.0,TSU,29.114
Bahrain Grand Prix,50.0,BEA,29.797
Bahrain Grand Prix,50.0,ANT,30.436
Bahrain Grand Prix,50.0,ALB,31.421
Bahrain Grand Prix,50.0,HAD,40.478
Bahrain Grand Prix,50.0,DOO,35.815
Bahrain Grand Prix,50.0,ALO,43.484
Bahrain Grand Prix,50.0,LAW,34.658
Bahrain Grand Prix,50.0,STR,47.212
Bahrain Grand Prix,50.0,BOR,48.015
Bahrain Grand Prix,50.0,HUL,38.162
Bahrain Grand Prix,51.0,PIA,0.0
Bahrain Grand Prix,51.0,RUS,7.902
Bahrain Grand Prix,51.0,NOR,10.487
Bahrain Grand Prix,51.0,LEC,9.964
Bahrain Grand Prix,51.0,HAM,17.144
Bahrain Grand Prix,51.0,VER,22.737
Bahrain Grand Prix,51.0,GAS,21.732
Bahrain Grand Prix,51.0,OCO,30.382
Bahrain Grand Prix,51.0,TSU,31.282
Bahrain Grand Prix,51.0,BEA,32.031
Bahrain Grand Prix,51.0,ANT,32.352
Bahrain Grand Prix,51.0,ALB,33.126
Bahrain Grand Prix,51.0,HAD,42.639
Bahrain Grand Prix,51.0,DOO,38.29
Bahrain Grand Prix,51.0,ALO,45.616
Bahrain Grand Prix,51.0,LAW,36.53
Bahrain Grand Prix,51.0,STR,49.734
Bahrain Grand Prix,51.0,BOR,50.616
Bahrain Grand Prix,51.0,HUL,40.049
Bahrain Grand Prix,52.0,PIA,0.0
Bahrain Grand Prix,52.0,RUS,9.222
Bahrain Grand Prix,52.0,NOR,10.850999999999999
Bahrain Grand Prix,52.0,LEC,12.426
Bahrain Grand Prix,52.0,HAM,18.93
Bahrain Grand Prix,52.0,VER,24.841
Bahrain Grand Prix,52.0,GAS,23.998
Bahrain Grand Prix,52.0,OCO,32.816
Bahrain Grand Prix,52.0,TSU,33.818
Bahrain Grand Prix,52.0,BEA,34.618
Bahrain Grand Prix,52.0,ANT,35.051
Bahrain Grand Prix,52.0,ALB,35.746
Bahrain Grand Prix,52.0,HAD,44.883
Bahrain Grand Prix,52.0,DOO,40.724
Bahrain Grand Prix,52.0,ALO,48.265
Bahrain Grand Prix,52.0,LAW,38.303
Bahrain Grand Prix,52.0,STR,52.467
Bahrain Grand Prix,52.0,BOR,53.206
Bahrain Grand Prix,52.0,HUL,42.113
Bahrain Grand Prix,53.0,PIA,0.0
Bahrain Grand Prix,53.0,RUS,10.301
Bahrain Grand Prix,53.0,NOR,11.255
Bahrain Grand Prix,53.0,LEC,13.676
Bahrain Grand Prix,53.0,HAM,20.759
Bahrain Grand Prix,53.0,VER,26.943
Bahrain Grand Prix,53.0,GAS,26.054
Bahrain Grand Prix,53.0,OCO,34.915
Bahrain Grand Prix,53.0,TSU,35.884
Bahrain Grand Prix,53.0,BEA,36.707
Bahrain Grand Prix,53.0,ANT,37.134
Bahrain Grand Prix,53.0,ALB,37.84
Bahrain Grand Prix,53.0,HAD,47.045
Bahrain Grand Prix,53.0,DOO,42.825
Bahrain Grand Prix,53.0,ALO,50.533
Bahrain Grand Prix,53.0,LAW,40.119
Bahrain Grand Prix,53.0,STR,54.93
Bahrain Grand Prix,53.0,BOR,55.846
Bahrain Grand Prix,53.0,HUL,44.04
Bahrain Grand Prix,54.0,PIA,0.0
Bahrain Grand Prix,54.0,RUS,11.441
Bahrain Grand Prix,54.0,NOR,12.153
Bahrain Grand Prix,54.0,LEC,15.241
Bahrain Grand Prix,54.0,HAM,22.558
Bahrain Grand Prix,54.0,VER,29.112
Bahrain Grand Prix,54.0,GAS,28.321
Bahrain Grand Prix,54.0,OCO,37.099
Bahrain Grand Prix,54.0,TSU,38.181
Bahrain Grand Prix,54.0,BEA,39.121
Bahrain Grand Prix,54.0,ANT,39.617
Bahrain Grand Prix,54.0,ALB,40.225
Bahrain Grand Prix,54.0,HAD,49.819
Bahrain Grand Prix,54.0,DOO,45.153
Bahrain Grand Prix,54.0,ALO,52.746
Bahrain Grand Prix,54.0,LAW,42.296
Bahrain Grand Prix,54.0,STR,57.535
Bahrain Grand Prix,54.0,BOR,58.553
Bahrain Grand Prix,54.0,HUL,46.309
Bahrain Grand Prix,55.0,PIA,0.0
Bahrain Grand Prix,55.0,RUS,12.568999999999999
Bahrain Grand Prix,55.0,NOR,13.234
Bahrain Grand Prix,55.0,LEC,16.568
Bahrain Grand Prix,55.0,HAM,24.325
Bahrain Grand Prix,55.0,VER,31.54
Bahrain Grand Prix,55.0,GAS,30.675
Bahrain Grand Prix,55.0,OCO,39.413
Bahrain Grand Prix,55.0,TSU,40.461
Bahrain Grand Prix,55.0,BEA,41.704
Bahrain Grand Prix,55.0,ANT,42.227
Bahrain Grand Prix,55.0,ALB,42.782
Bahrain Grand Prix,55.0,HAD,51.857
Bahrain Grand Prix,55.0,DOO,47.451
Bahrain Grand Prix,55.0,ALO,55.131
Bahrain Grand Prix,55.0,LAW,44.18
Bahrain Grand Prix,55.0,STR,60.34
Bahrain Grand Prix,55.0,BOR,61.295
Bahrain Grand Prix,55.0,HUL,48.474
Bahrain Grand Prix,56.0,PIA,0.0
Bahrain Grand Prix,56.0,RUS,14.17
Bahrain Grand Prix,56.0,NOR,14.718
Bahrain Grand Prix,56.0,LEC,17.991
Bahrain Grand Prix,56.0,HAM,26.144
Bahrain Grand Prix,56.0,VER,33.313
Bahrain Grand Prix,56.0,GAS,32.636
Bahrain Grand Prix,56.0,OCO,41.725
Bahrain Grand Prix,56.0,TSU,42.807
Bahrain Grand Prix,56.0,BEA,44.47
Bahrain Grand Prix,56.0,ANT,45.049
Bahrain Grand Prix,56.0,ALB,45.759
Bahrain Grand Prix,56.0,HAD,54.398
Bahrain Grand Prix,56.0,DOO,50.019
Bahrain Grand Prix,56.0,ALO,58.206
Bahrain Grand Prix,56.0,LAW,46.332
Bahrain Grand Prix,56.0,STR,63.122
Bahrain Grand Prix,56.0,BOR,64.433
Bahrain Grand Prix,56.0,HUL,51.229
Bahrain Grand Prix,57.0,PIA,0.0
Bahrain Grand Prix,57.0,RUS,15.538
Bahrain Grand Prix,57.0,NOR,16.259
Bahrain Grand Prix,57.0,LEC,19.676
Bahrain Grand Prix,57.0,HAM,27.994
Bahrain Grand Prix,57.0,VER,34.387
Bahrain Grand Prix,57.0,GAS,35.994
Bahrain Grand Prix,57.0,OCO,44.236
Bahrain Grand Prix,57.0,TSU,45.08
Bahrain Grand Prix,57.0,BEA,47.586
Bahrain Grand Prix,57.0,ANT,48.007
Bahrain Grand Prix,57.0,ALB,48.835
Bahrain Grand Prix,57.0,HAD,56.306
Bahrain Grand Prix,57.0,DOO,52.798
Bahrain Grand Prix,57.0,ALO,60.368
Bahrain Grand Prix,57.0,LAW,49.416
Bahrain Grand Prix,57.0,STR,65.514
Bahrain Grand Prix,57.0,BOR,66.908
Bahrain Grand Prix,57.0,HUL,53.464
Saudi Arabian Grand Prix,1.0,PIA,1.923
Saudi Arabian Grand Prix,1.0,VER,0.0
Saudi Arabian Grand Prix,1.0,LEC,4.574
Saudi Arabian Grand Prix,1.0,NOR,12.913
Saudi Arabian Grand Prix,1.0,RUS,4.028
Saudi Arabian Grand Prix,1.0,ANT,6.071
Saudi Arabian Grand Prix,1.0,HAM,9.265
Saudi Arabian Grand Prix,1.0,SAI,10.338
Saudi Arabian Grand Prix,1.0,ALB,14.255
Saudi Arabian Grand Prix,1.0,HAD,17.768
Saudi Arabian Grand Prix,1.0,ALO,15.027
Saudi Arabian Grand Prix,1.0,LAW,19.772
Saudi Arabian Grand Prix,1.0,BEA,20.926
Saudi Arabian Grand Prix,1.0,OCO,26.256
Saudi Arabian Grand Prix,1.0,HUL,23.92
Saudi Arabian Grand Prix,1.0,STR,22.741
Saudi Arabian Grand Prix,1.0,DOO,25.068
Saudi Arabian Grand Prix,1.0,BOR,26.662
Saudi Arabian Grand Prix,1.0,TSU,42.589
Saudi Arabian Grand Prix,1.0,GAS,0.0
Saudi Arabian Grand Prix,2.0,PIA,0.937
Saudi Arabian Grand Prix,2.0,VER,0.0
Saudi Arabian Grand Prix,2.0,LEC,4.474
Saudi Arabian Grand Prix,2.0,NOR,10.501
Saudi Arabian Grand Prix,2.0,RUS,2.784
Saudi Arabian Grand Prix,2.0,ANT,5.668
Saudi Arabian Grand Prix,2.0,HAM,7.899
Saudi Arabian Grand Prix,2.0,SAI,8.722
Saudi Arabian Grand Prix,2.0,ALB,11.515
Saudi Arabian Grand Prix,2.0,HAD,14.714
Saudi Arabian Grand Prix,2.0,ALO,13.307
Saudi Arabian Grand Prix,2.0,LAW,16.299
Saudi Arabian Grand Prix,2.0,BEA,16.823
Saudi Arabian Grand Prix,2.0,OCO,22.864
Saudi Arabian Grand Prix,2.0,HUL,20.418
Saudi Arabian Grand Prix,2.0,STR,17.987
Saudi Arabian Grand Prix,2.0,DOO,21.52
Saudi Arabian Grand Prix,2.0,BOR,23.588
Saudi Arabian Grand Prix,3.0,PIA,0.736
Saudi Arabian Grand Prix,3.0,VER,0.0
Saudi Arabian Grand Prix,3.0,LEC,0.782
Saudi Arabian Grand Prix,3.0,NOR,2.157
Saudi Arabian Grand Prix,3.0,RUS,0.723
Saudi Arabian Grand Prix,3.0,ANT,1.06
Saudi Arabian Grand Prix,3.0,HAM,1.679
Saudi Arabian Grand Prix,3.0,SAI,1.8559999999999999
Saudi Arabian Grand Prix,3.0,ALB,2.551
Saudi Arabian Grand Prix,3.0,HAD,3.191
Saudi Arabian Grand Prix,3.0,ALO,2.723
Saudi Arabian Grand Prix,3.0,LAW,3.551
Saudi Arabian Grand Prix,3.0,BEA,3.817
Saudi Arabian Grand Prix,3.0,OCO,5.75
Saudi Arabian Grand Prix,3.0,HUL,4.787
Saudi Arabian Grand Prix,3.0,STR,4.663
Saudi Arabian Grand Prix,3.0,DOO,5.332
Saudi Arabian Grand Prix,3.0,BOR,6.253
Saudi Arabian Grand Prix,4.0,PIA,1.152
Saudi Arabian Grand Prix,4.0,VER,0.0
Saudi Arabian Grand Prix,4.0,LEC,2.7960000000000003
Saudi Arabian Grand Prix,4.0,NOR,5.399
Saudi Arabian Grand Prix,4.0,RUS,2.062
Saudi Arabian Grand Prix,4.0,ANT,3.513
Saudi Arabian Grand Prix,4.0,HAM,4.273
Saudi Arabian Grand Prix,4.0,SAI,4.839
Saudi Arabian Grand Prix,4.0,ALB,6.106
Saudi Arabian Grand Prix,4.0,HAD,6.987
Saudi Arabian Grand Prix,4.0,ALO,7.107
Saudi Arabian Grand Prix,4.0,LAW,7.433
Saudi Arabian Grand Prix,4.0,BEA,7.909
Saudi Arabian Grand Prix,4.0,OCO,10.16
Saudi Arabian Grand Prix,4.0,HUL,8.981
Saudi Arabian Grand Prix,4.0,STR,8.822
Saudi Arabian Grand Prix,4.0,DOO,9.597
Saudi Arabian Grand Prix,4.0,BOR,10.633
Saudi Arabian Grand Prix,5.0,PIA,0.854
Saudi Arabian Grand Prix,5.0,VER,0.0
Saudi Arabian Grand Prix,5.0,LEC,3.508
Saudi Arabian Grand Prix,5.0,NOR,7.208
Saudi Arabian Grand Prix,5.0,RUS,2.342
Saudi Arabian Grand Prix,5.0,ANT,4.279
Saudi Arabian Grand Prix,5.0,HAM,5.656
Saudi Arabian Grand Prix,5.0,SAI,6.84
Saudi Arabian Grand Prix,5.0,ALB,7.996
Saudi Arabian Grand Prix,5.0,HAD,8.895
Saudi Arabian Grand Prix,5.0,ALO,9.567
Saudi Arabian Grand Prix,5.0,LAW,10.079
Saudi Arabian Grand Prix,5.0,BEA,10.616
Saudi Arabian Grand Prix,5.0,OCO,13.303
Saudi Arabian Grand Prix,5.0,HUL,11.821
Saudi Arabian Grand Prix,5.0,STR,11.461
Saudi Arabian Grand Prix,5.0,DOO,12.600999999999999
Saudi Arabian Grand Prix,5.0,BOR,13.848
Saudi Arabian Grand Prix,6.0,PIA,1.207
Saudi Arabian Grand Prix,6.0,VER,0.0
Saudi Arabian Grand Prix,6.0,LEC,4.464
Saudi Arabian Grand Prix,6.0,NOR,8.686
Saudi Arabian Grand Prix,6.0,RUS,2.851
Saudi Arabian Grand Prix,6.0,ANT,5.101
Saudi Arabian Grand Prix,6.0,HAM,6.551
Saudi Arabian Grand Prix,6.0,SAI,8.391
Saudi Arabian Grand Prix,6.0,ALB,9.58
Saudi Arabian Grand Prix,6.0,HAD,10.334
Saudi Arabian Grand Prix,6.0,ALO,11.373
Saudi Arabian Grand Prix,6.0,LAW,12.06
Saudi Arabian Grand Prix,6.0,BEA,12.896
Saudi Arabian Grand Prix,6.0,OCO,15.696
Saudi Arabian Grand Prix,6.0,HUL,14.232
Saudi Arabian Grand Prix,6.0,STR,13.889
Saudi Arabian Grand Prix,6.0,DOO,14.965
Saudi Arabian Grand Prix,6.0,BOR,16.81
Saudi Arabian Grand Prix,7.0,PIA,1.219
Saudi Arabian Grand Prix,7.0,VER,0.0
Saudi Arabian Grand Prix,7.0,LEC,5.228
Saudi Arabian Grand Prix,7.0,NOR,9.556000000000001
Saudi Arabian Grand Prix,7.0,RUS,3.378
Saudi Arabian Grand Prix,7.0,ANT,5.992
Saudi Arabian Grand Prix,7.0,HAM,8.034
Saudi Arabian Grand Prix,7.0,SAI,10.286
Saudi Arabian Grand Prix,7.0,ALB,11.442
Saudi Arabian Grand Prix,7.0,HAD,12.176
Saudi Arabian Grand Prix,7.0,ALO,13.014
Saudi Arabian Grand Prix,7.0,LAW,13.676
Saudi Arabian Grand Prix,7.0,BEA,14.442
Saudi Arabian Grand Prix,7.0,OCO,17.787
Saudi Arabian Grand Prix,7.0,HUL,16.245
Saudi Arabian Grand Prix,7.0,STR,15.803
Saudi Arabian Grand Prix,7.0,DOO,17.012
Saudi Arabian Grand Prix,7.0,BOR,19.599
Saudi Arabian Grand Prix,8.0,PIA,1.221
Saudi Arabian Grand Prix,8.0,VER,0.0
Saudi Arabian Grand Prix,8.0,LEC,5.422
Saudi Arabian Grand Prix,8.0,NOR,10.126
Saudi Arabian Grand Prix,8.0,RUS,3.344
Saudi Arabian Grand Prix,8.0,ANT,6.699
Saudi Arabian Grand Prix,8.0,HAM,8.587
Saudi Arabian Grand Prix,8.0,SAI,11.534
Saudi Arabian Grand Prix,8.0,ALB,12.768
Saudi Arabian Grand Prix,8.0,HAD,13.528
Saudi Arabian Grand Prix,8.0,ALO,14.305
Saudi Arabian Grand Prix,8.0,LAW,14.87
Saudi Arabian Grand Prix,8.0,BEA,15.636
Saudi Arabian Grand Prix,8.0,OCO,19.348
Saudi Arabian Grand Prix,8.0,HUL,17.878
Saudi Arabian Grand Prix,8.0,STR,17.498
Saudi Arabian Grand Prix,8.0,DOO,18.528
Saudi Arabian Grand Prix,8.0,BOR,22.701999999999998
Saudi Arabian Grand Prix,9.0,PIA,0.923
Saudi Arabian Grand Prix,9.0,VER,0.0
Saudi Arabian Grand Prix,9.0,LEC,5.723
Saudi Arabian Grand Prix,9.0,NOR,10.675
Saudi Arabian Grand Prix,9.0,RUS,3.453
Saudi Arabian Grand Prix,9.0,ANT,7.468
Saudi Arabian Grand Prix,9.0,HAM,9.249
Saudi Arabian Grand Prix,9.0,SAI,12.426
Saudi Arabian Grand Prix,9.0,ALB,13.891
Saudi Arabian Grand Prix,9.0,HAD,14.692
Saudi Arabian Grand Prix,9.0,ALO,15.815
Saudi Arabian Grand Prix,9.0,LAW,16.391
Saudi Arabian Grand Prix,9.0,BEA,17.167
Saudi Arabian Grand Prix,9.0,OCO,21.109
Saudi Arabian Grand Prix,9.0,HUL,19.721
Saudi Arabian Grand Prix,9.0,STR,19.483
Saudi Arabian Grand Prix,9.0,DOO,20.342
Saudi Arabian Grand Prix,9.0,BOR,24.479
Saudi Arabian Grand Prix,10.0,PIA,1.155
Saudi Arabian Grand Prix,10.0,VER,0.0
Saudi Arabian Grand Prix,10.0,LEC,6.329
Saudi Arabian Grand Prix,10.0,NOR,11.193
Saudi Arabian Grand Prix,10.0,RUS,3.766
Saudi Arabian Grand Prix,10.0,ANT,8.189
Saudi Arabian Grand Prix,10.0,HAM,10.016
Saudi Arabian Grand Prix,10.0,SAI,13.482
Saudi Arabian Grand Prix,10.0,ALB,14.97
Saudi Arabian Grand Prix,10.0,HAD,16.265
Saudi Arabian Grand Prix,10.0,ALO,17.1
Saudi Arabian Grand Prix,10.0,LAW,18.114
Saudi Arabian Grand Prix,10.0,BEA,18.859
Saudi Arabian Grand Prix,10.0,OCO,23.381
Saudi Arabian Grand Prix,10.0,HUL,22.198
Saudi Arabian Grand Prix,10.0,STR,21.234
Saudi Arabian Grand Prix,10.0,DOO,22.731
Saudi Arabian Grand Prix,10.0,BOR,26.256
Saudi Arabian Grand Prix,11.0,PIA,0.962
Saudi Arabian Grand Prix,11.0,VER,0.0
Saudi Arabian Grand Prix,11.0,LEC,6.621
Saudi Arabian Grand Prix,11.0,NOR,11.28
Saudi Arabian Grand Prix,11.0,RUS,4.034
Saudi Arabian Grand Prix,11.0,ANT,8.781
Saudi Arabian Grand Prix,11.0,HAM,10.471
Saudi Arabian Grand Prix,11.0,SAI,14.252
Saudi Arabian Grand Prix,11.0,ALB,15.973
Saudi Arabian Grand Prix,11.0,HAD,17.413
Saudi Arabian Grand Prix,11.0,ALO,18.838
Saudi Arabian Grand Prix,11.0,LAW,19.849
Saudi Arabian Grand Prix,11.0,BEA,20.281
Saudi Arabian Grand Prix,11.0,OCO,25.527
Saudi Arabian Grand Prix,11.0,HUL,24.065
Saudi Arabian Grand Prix,11.0,STR,22.947
Saudi Arabian Grand Prix,11.0,DOO,24.697
Saudi Arabian Grand Prix,11.0,BOR,27.993
Saudi Arabian Grand Prix,12.0,PIA,0.772
Saudi Arabian Grand Prix,12.0,VER,0.0
Saudi Arabian Grand Prix,12.0,LEC,7.086
Saudi Arabian Grand Prix,12.0,NOR,11.631
Saudi Arabian Grand Prix,12.0,RUS,4.348
Saudi Arabian Grand Prix,12.0,ANT,9.254
Saudi Arabian Grand Prix,12.0,HAM,11.821
Saudi Arabian Grand Prix,12.0,SAI,15.256
Saudi Arabian Grand Prix,12.0,ALB,16.917
Saudi Arabian Grand Prix,12.0,HAD,18.783
Saudi Arabian Grand Prix,12.0,ALO,20.67
Saudi Arabian Grand Prix,12.0,LAW,21.431
Saudi Arabian Grand Prix,12.0,BEA,22.109
Saudi Arabian Grand Prix,12.0,OCO,27.255
Saudi Arabian Grand Prix,12.0,HUL,25.948
Saudi Arabian Grand Prix,12.0,STR,25.135
Saudi Arabian Grand Prix,12.0,DOO,26.542
Saudi Arabian Grand Prix,12.0,BOR,29.843
Saudi Arabian Grand Prix,13.0,PIA,1.196
Saudi Arabian Grand Prix,13.0,VER,0.0
Saudi Arabian Grand Prix,13.0,LEC,7.447
Saudi Arabian Grand Prix,13.0,NOR,13.529
Saudi Arabian Grand Prix,13.0,RUS,4.845
Saudi Arabian Grand Prix,13.0,ANT,10.155
Saudi Arabian Grand Prix,13.0,HAM,13.644
Saudi Arabian Grand Prix,13.0,SAI,16.39
Saudi Arabian Grand Prix,13.0,ALB,17.978
Saudi Arabian Grand Prix,13.0,HAD,19.999
Saudi Arabian Grand Prix,13.0,ALO,22.71
Saudi Arabian Grand Prix,13.0,LAW,23.261
Saudi Arabian Grand Prix,13.0,BEA,24.119
Saudi Arabian Grand Prix,13.0,OCO,29.517
Saudi Arabian Grand Prix,13.0,HUL,28.072
Saudi Arabian Grand Prix,13.0,STR,27.08
Saudi Arabian Grand Prix,13.0,DOO,28.692
Saudi Arabian Grand Prix,13.0,BOR,31.959
Saudi Arabian Grand Prix,14.0,PIA,1.367
Saudi Arabian Grand Prix,14.0,VER,0.0
Saudi Arabian Grand Prix,14.0,LEC,8.187
Saudi Arabian Grand Prix,14.0,NOR,14.718
Saudi Arabian Grand Prix,14.0,RUS,5.307
Saudi Arabian Grand Prix,14.0,ANT,11.005
Saudi Arabian Grand Prix,14.0,HAM,14.561
Saudi Arabian Grand Prix,14.0,SAI,17.493
Saudi Arabian Grand Prix,14.0,ALB,19.484
Saudi Arabian Grand Prix,14.0,HAD,21.273
Saudi Arabian Grand Prix,14.0,ALO,25.041
Saudi Arabian Grand Prix,14.0,LAW,25.132
Saudi Arabian Grand Prix,14.0,BEA,26.571
Saudi Arabian Grand Prix,14.0,OCO,31.449
Saudi Arabian Grand Prix,14.0,HUL,30.094
Saudi Arabian Grand Prix,14.0,STR,29.206
Saudi Arabian Grand Prix,14.0,DOO,30.504
Saudi Arabian Grand Prix,14.0,BOR,34.064
Saudi Arabian Grand Prix,15.0,PIA,1.616
Saudi Arabian Grand Prix,15.0,VER,0.0
Saudi Arabian Grand Prix,15.0,LEC,8.563
Saudi Arabian Grand Prix,15.0,NOR,15.006
Saudi Arabian Grand Prix,15.0,RUS,5.759
Saudi Arabian Grand Prix,15.0,ANT,11.963
Saudi Arabian Grand Prix,15.0,HAM,16.493
Saudi Arabian Grand Prix,15.0,SAI,18.919
Saudi Arabian Grand Prix,15.0,ALB,20.825
Saudi Arabian Grand Prix,15.0,HAD,22.399
Saudi Arabian Grand Prix,15.0,ALO,27.413
Saudi Arabian Grand Prix,15.0,LAW,26.572
Saudi Arabian Grand Prix,15.0,BEA,29.034
Saudi Arabian Grand Prix,15.0,OCO,34.002
Saudi Arabian Grand Prix,15.0,HUL,32.53
Saudi Arabian Grand Prix,15.0,STR,31.276
Saudi Arabian Grand Prix,15.0,DOO,33.533
Saudi Arabian Grand Prix,15.0,BOR,36.36
Saudi Arabian Grand Prix,16.0,PIA,1.982
Saudi Arabian Grand Prix,16.0,VER,0.0
Saudi Arabian Grand Prix,16.0,LEC,9.098
Saudi Arabian Grand Prix,16.0,NOR,15.418
Saudi Arabian Grand Prix,16.0,RUS,6.389
Saudi Arabian Grand Prix,16.0,ANT,12.893
Saudi Arabian Grand Prix,16.0,HAM,17.69
Saudi Arabian Grand Prix,16.0,SAI,20.387
Saudi Arabian Grand Prix,16.0,ALB,22.109
Saudi Arabian Grand Prix,16.0,HAD,23.814
Saudi Arabian Grand Prix,16.0,ALO,29.152
Saudi Arabian Grand Prix,16.0,LAW,28.343
Saudi Arabian Grand Prix,16.0,BEA,31.471
Saudi Arabian Grand Prix,16.0,OCO,36.327
Saudi Arabian Grand Prix,16.0,HUL,34.731
Saudi Arabian Grand Prix,16.0,STR,33.517
Saudi Arabian Grand Prix,16.0,DOO,35.869
Saudi Arabian Grand Prix,16.0,BOR,38.801
Saudi Arabian Grand Prix,17.0,PIA,2.464
Saudi Arabian Grand Prix,17.0,VER,0.0
Saudi Arabian Grand Prix,17.0,LEC,9.777
Saudi Arabian Grand Prix,17.0,NOR,15.54
Saudi Arabian Grand Prix,17.0,RUS,7.172
Saudi Arabian Grand Prix,17.0,ANT,14.068
Saudi Arabian Grand Prix,17.0,HAM,18.579
Saudi Arabian Grand Prix,17.0,SAI,22.199
Saudi Arabian Grand Prix,17.0,ALB,23.607
Saudi Arabian Grand Prix,17.0,HAD,25.039
Saudi Arabian Grand Prix,17.0,ALO,30.639
Saudi Arabian Grand Prix,17.0,LAW,29.836
Saudi Arabian Grand Prix,17.0,BEA,33.808
Saudi Arabian Grand Prix,17.0,OCO,38.442
Saudi Arabian Grand Prix,17.0,HUL,37.029
Saudi Arabian Grand Prix,17.0,STR,35.612
Saudi Arabian Grand Prix,17.0,DOO,37.915
Saudi Arabian Grand Prix,17.0,BOR,41.091
Saudi Arabian Grand Prix,18.0,PIA,2.814
Saudi Arabian Grand Prix,18.0,VER,0.0
Saudi Arabian Grand Prix,18.0,LEC,10.406
Saudi Arabian Grand Prix,18.0,NOR,15.747
Saudi Arabian Grand Prix,18.0,RUS,7.852
Saudi Arabian Grand Prix,18.0,ANT,15.409
Saudi Arabian Grand Prix,18.0,HAM,19.361
Saudi Arabian Grand Prix,18.0,SAI,23.581
Saudi Arabian Grand Prix,18.0,ALB,25.241
Saudi Arabian Grand Prix,18.0,HAD,26.281
Saudi Arabian Grand Prix,18.0,ALO,32.629
Saudi Arabian Grand Prix,18.0,LAW,31.188
Saudi Arabian Grand Prix,18.0,BEA,38.407
Saudi Arabian Grand Prix,18.0,OCO,41.059
Saudi Arabian Grand Prix,18.0,HUL,39.268
Saudi Arabian Grand Prix,18.0,STR,37.925
Saudi Arabian Grand Prix,18.0,DOO,39.652
Saudi Arabian Grand Prix,18.0,BOR,43.326
Saudi Arabian Grand Prix,19.0,PIA,5.35
Saudi Arabian Grand Prix,19.0,VER,0.0
Saudi Arabian Grand Prix,19.0,LEC,10.889
Saudi Arabian Grand Prix,19.0,NOR,15.702
Saudi Arabian Grand Prix,19.0,RUS,8.794
Saudi Arabian Grand Prix,19.0,ANT,20.427
Saudi Arabian Grand Prix,19.0,HAM,20.339
Saudi Arabian Grand Prix,19.0,SAI,24.997
Saudi Arabian Grand Prix,19.0,ALB,27.223
Saudi Arabian Grand Prix,19.0,HAD,27.776
Saudi Arabian Grand Prix,19.0,ALO,37.302
Saudi Arabian Grand Prix,19.0,LAW,32.433
Saudi Arabian Grand Prix,19.0,BEA,57.797
Saudi Arabian Grand Prix,19.0,OCO,42.767
Saudi Arabian Grand Prix,19.0,HUL,41.755
Saudi Arabian Grand Prix,19.0,STR,39.779
Saudi Arabian Grand Prix,19.0,DOO,42.204
Saudi Arabian Grand Prix,19.0,BOR,45.503
Saudi Arabian Grand Prix,20.0,PIA,21.918
Saudi Arabian Grand Prix,20.0,VER,0.0
Saudi Arabian Grand Prix,20.0,LEC,11.271
Saudi Arabian Grand Prix,20.0,NOR,15.339
Saudi Arabian Grand Prix,20.0,RUS,11.463
Saudi Arabian Grand Prix,20.0,ANT,38.265
Saudi Arabian Grand Prix,20.0,HAM,21.021
Saudi Arabian Grand Prix,20.0,SAI,26.492
Saudi Arabian Grand Prix,20.0,ALB,29.039
Saudi Arabian Grand Prix,20.0,HAD,29.299
Saudi Arabian Grand Prix,20.0,ALO,55.744
Saudi Arabian Grand Prix,20.0,LAW,36.25
Saudi Arabian Grand Prix,20.0,BEA,58.518
Saudi Arabian Grand Prix,20.0,OCO,45.018
Saudi Arabian Grand Prix,20.0,HUL,43.912
Saudi Arabian Grand Prix,20.0,STR,41.458
Saudi Arabian Grand Prix,20.0,DOO,44.759
Saudi Arabian Grand Prix,20.0,BOR,47.469
Saudi Arabian Grand Prix,21.0,PIA,19.213
Saudi Arabian Grand Prix,21.0,VER,0.0
Saudi Arabian Grand Prix,21.0,LEC,8.738
Saudi Arabian Grand Prix,21.0,NOR,12.713
Saudi Arabian Grand Prix,21.0,RUS,25.379
Saudi Arabian Grand Prix,21.0,ANT,35.348
Saudi Arabian Grand Prix,21.0,HAM,19.649
Saudi Arabian Grand Prix,21.0,SAI,27.78
Saudi Arabian Grand Prix,21.0,ALB,28.982
Saudi Arabian Grand Prix,21.0,HAD,29.244
Saudi Arabian Grand Prix,21.0,ALO,53.692
Saudi Arabian Grand Prix,21.0,LAW,51.548
Saudi Arabian Grand Prix,21.0,BEA,56.415
Saudi Arabian Grand Prix,21.0,OCO,44.375
Saudi Arabian Grand Prix,21.0,HUL,43.242
Saudi Arabian Grand Prix,21.0,STR,40.623
Saudi Arabian Grand Prix,21.0,DOO,45.805
Saudi Arabian Grand Prix,21.0,BOR,47.323
Saudi Arabian Grand Prix,22.0,PIA,10.863
Saudi Arabian Grand Prix,22.0,VER,13.458
Saudi Arabian Grand Prix,22.0,LEC,0.0
Saudi Arabian Grand Prix,22.0,NOR,3.971
Saudi Arabian Grand Prix,22.0,RUS,16.625
Saudi Arabian Grand Prix,22.0,ANT,26.712
Saudi Arabian Grand Prix,22.0,HAM,12.844
Saudi Arabian Grand Prix,22.0,SAI,41.23
Saudi Arabian Grand Prix,22.0,ALB,24.696
Saudi Arabian Grand Prix,22.0,HAD,23.007
Saudi Arabian Grand Prix,22.0,ALO,45.994
Saudi Arabian Grand Prix,22.0,LAW,43.555
Saudi Arabian Grand Prix,22.0,BEA,48.734
Saudi Arabian Grand Prix,22.0,OCO,37.751
Saudi Arabian Grand Prix,22.0,HUL,36.328
Saudi Arabian Grand Prix,22.0,STR,33.996
Saudi Arabian Grand Prix,22.0,DOO,39.486
Saudi Arabian Grand Prix,22.0,BOR,41.554
Saudi Arabian Grand Prix,23.0,PIA,10.107
Saudi Arabian Grand Prix,23.0,VER,13.695
Saudi Arabian Grand Prix,23.0,LEC,0.0
Saudi Arabian Grand Prix,23.0,NOR,3.694
Saudi Arabian Grand Prix,23.0,RUS,16.422
Saudi Arabian Grand Prix,23.0,ANT,26.606
Saudi Arabian Grand Prix,23.0,HAM,16.835
Saudi Arabian Grand Prix,23.0,SAI,41.81
Saudi Arabian Grand Prix,23.0,ALB,44.425
Saudi Arabian Grand Prix,23.0,HAD,24.005
Saudi Arabian Grand Prix,23.0,ALO,47.028
Saudi Arabian Grand Prix,23.0,LAW,45.149
Saudi Arabian Grand Prix,23.0,BEA,49.587
Saudi Arabian Grand Prix,23.0,OCO,39.408
Saudi Arabian Grand Prix,23.0,HUL,37.599
Saudi Arabian Grand Prix,23.0,STR,35.763
Saudi Arabian Grand Prix,23.0,DOO,41.669
Saudi Arabian Grand Prix,23.0,BOR,44.293
Saudi Arabian Grand Prix,24.0,PIA,9.259
Saudi Arabian Grand Prix,24.0,VER,13.506
Saudi Arabian Grand Prix,24.0,LEC,0.0
Saudi Arabian Grand Prix,24.0,NOR,3.387
Saudi Arabian Grand Prix,24.0,RUS,16.667
Saudi Arabian Grand Prix,24.0,ANT,26.726
Saudi Arabian Grand Prix,24.0,HAM,35.028
Saudi Arabian Grand Prix,24.0,SAI,42.843
Saudi Arabian Grand Prix,24.0,ALB,45.503
Saudi Arabian Grand Prix,24.0,HAD,24.793
Saudi Arabian Grand Prix,24.0,ALO,48.251
Saudi Arabian Grand Prix,24.0,LAW,47.922
Saudi Arabian Grand Prix,24.0,BEA,50.627
Saudi Arabian Grand Prix,24.0,OCO,41.081
Saudi Arabian Grand Prix,24.0,HUL,39.42
Saudi Arabian Grand Prix,24.0,STR,37.846
Saudi Arabian Grand Prix,24.0,DOO,44.535
Saudi Arabian Grand Prix,24.0,BOR,47.717
Saudi Arabian Grand Prix,25.0,PIA,8.838
Saudi Arabian Grand Prix,25.0,VER,13.06
Saudi Arabian Grand Prix,25.0,LEC,0.0
Saudi Arabian Grand Prix,25.0,NOR,3.511
Saudi Arabian Grand Prix,25.0,RUS,16.804
Saudi Arabian Grand Prix,25.0,ANT,26.993
Saudi Arabian Grand Prix,25.0,HAM,35.552
Saudi Arabian Grand Prix,25.0,SAI,43.253
Saudi Arabian Grand Prix,25.0,ALB,46.613
Saudi Arabian Grand Prix,25.0,HAD,25.372
Saudi Arabian Grand Prix,25.0,ALO,51.769
Saudi Arabian Grand Prix,25.0,LAW,49.251
Saudi Arabian Grand Prix,25.0,BEA,52.603
Saudi Arabian Grand Prix,25.0,OCO,42.939
Saudi Arabian Grand Prix,25.0,HUL,41.193
Saudi Arabian Grand Prix,25.0,STR,39.6
Saudi Arabian Grand Prix,25.0,DOO,47.247
Saudi Arabian Grand Prix,25.0,BOR,51.575
Saudi Arabian Grand Prix,26.0,PIA,8.367
Saudi Arabian Grand Prix,26.0,VER,12.687
Saudi Arabian Grand Prix,26.0,LEC,0.0
Saudi Arabian Grand Prix,26.0,NOR,3.561
Saudi Arabian Grand Prix,26.0,RUS,16.612
Saudi Arabian Grand Prix,26.0,ANT,27.621
Saudi Arabian Grand Prix,26.0,HAM,35.701
Saudi Arabian Grand Prix,26.0,SAI,44.492
Saudi Arabian Grand Prix,26.0,ALB,47.68
Saudi Arabian Grand Prix,26.0,HAD,26.076
Saudi Arabian Grand Prix,26.0,ALO,52.904
Saudi Arabian Grand Prix,26.0,LAW,50.583
Saudi Arabian Grand Prix,26.0,BEA,55.252
Saudi Arabian Grand Prix,26.0,OCO,46.063
Saudi Arabian Grand Prix,26.0,HUL,43.672
Saudi Arabian Grand Prix,26.0,STR,41.497
Saudi Arabian Grand Prix,26.0,DOO,49.458
Saudi Arabian Grand Prix,26.0,BOR,55.106
Saudi Arabian Grand Prix,27.0,PIA,7.757
Saudi Arabian Grand Prix,27.0,VER,12.138
Saudi Arabian Grand Prix,27.0,LEC,0.0
Saudi Arabian Grand Prix,27.0,NOR,3.418
Saudi Arabian Grand Prix,27.0,RUS,16.396
Saudi Arabian Grand Prix,27.0,ANT,27.928
Saudi Arabian Grand Prix,27.0,HAM,35.936
Saudi Arabian Grand Prix,27.0,SAI,45.96
Saudi Arabian Grand Prix,27.0,ALB,48.262
Saudi Arabian Grand Prix,27.0,HAD,26.725
Saudi Arabian Grand Prix,27.0,ALO,54.197
Saudi Arabian Grand Prix,27.0,LAW,52.314
Saudi Arabian Grand Prix,27.0,BEA,56.556
Saudi Arabian Grand Prix,27.0,OCO,48.071
Saudi Arabian Grand Prix,27.0,HUL,45.531
Saudi Arabian Grand Prix,27.0,STR,43.231
Saudi Arabian Grand Prix,27.0,DOO,52.221
Saudi Arabian Grand Prix,27.0,BOR,58.378
Saudi Arabian Grand Prix,28.0,PIA,7.22
Saudi Arabian Grand Prix,28.0,VER,11.728
Saudi Arabian Grand Prix,28.0,LEC,0.0
Saudi Arabian Grand Prix,28.0,NOR,3.385
Saudi Arabian Grand Prix,28.0,RUS,16.327
Saudi Arabian Grand Prix,28.0,ANT,28.393
Saudi Arabian Grand Prix,28.0,HAM,35.933
Saudi Arabian Grand Prix,28.0,SAI,47.25
Saudi Arabian Grand Prix,28.0,ALB,49.426
Saudi Arabian Grand Prix,28.0,HAD,27.588
Saudi Arabian Grand Prix,28.0,ALO,55.943
Saudi Arabian Grand Prix,28.0,LAW,54.136
Saudi Arabian Grand Prix,28.0,BEA,57.923
Saudi Arabian Grand Prix,28.0,OCO,51.212
Saudi Arabian Grand Prix,28.0,HUL,49.142
Saudi Arabian Grand Prix,28.0,STR,45.257
Saudi Arabian Grand Prix,28.0,DOO,55.773
Saudi Arabian Grand Prix,28.0,BOR,60.577
Saudi Arabian Grand Prix,29.0,PIA,3.966
Saudi Arabian Grand Prix,29.0,VER,8.745
Saudi Arabian Grand Prix,29.0,LEC,0.0
Saudi Arabian Grand Prix,29.0,NOR,0.582
Saudi Arabian Grand Prix,29.0,RUS,13.64
Saudi Arabian Grand Prix,29.0,ANT,26.106
Saudi Arabian Grand Prix,29.0,HAM,33.681
Saudi Arabian Grand Prix,29.0,SAI,45.367
Saudi Arabian Grand Prix,29.0,ALB,47.595
Saudi Arabian Grand Prix,29.0,HAD,25.924
Saudi Arabian Grand Prix,29.0,ALO,54.271
Saudi Arabian Grand Prix,29.0,LAW,52.665
Saudi Arabian Grand Prix,29.0,BEA,56.769
Saudi Arabian Grand Prix,29.0,OCO,50.963
Saudi Arabian Grand Prix,29.0,HUL,49.3
Saudi Arabian Grand Prix,29.0,STR,44.366
Saudi Arabian Grand Prix,29.0,DOO,56.135
Saudi Arabian Grand Prix,29.0,BOR,59.632
Saudi Arabian Grand Prix,30.0,PIA,3.166
Saudi Arabian Grand Prix,30.0,VER,7.818
Saudi Arabian Grand Prix,30.0,LEC,16.756
Saudi Arabian Grand Prix,30.0,NOR,0.0
Saudi Arabian Grand Prix,30.0,RUS,13.208
Saudi Arabian Grand Prix,30.0,ANT,26.718
Saudi Arabian Grand Prix,30.0,HAM,33.507
Saudi Arabian Grand Prix,30.0,SAI,45.942
Saudi Arabian Grand Prix,30.0,ALB,48.042
Saudi Arabian Grand Prix,30.0,HAD,28.184
Saudi Arabian Grand Prix,30.0,ALO,55.274
Saudi Arabian Grand Prix,30.0,LAW,53.652
Saudi Arabian Grand Prix,30.0,BEA,58.238
Saudi Arabian Grand Prix,30.0,OCO,52.34
Saudi Arabian Grand Prix,30.0,HUL,51.047
Saudi Arabian Grand Prix,30.0,STR,45.882
Saudi Arabian Grand Prix,30.0,DOO,57.943
Saudi Arabian Grand Prix,30.0,BOR,61.001
Saudi Arabian Grand Prix,31.0,PIA,2.988
Saudi Arabian Grand Prix,31.0,VER,7.648
Saudi Arabian Grand Prix,31.0,LEC,16.245
Saudi Arabian Grand Prix,31.0,NOR,0.0
Saudi Arabian Grand Prix,31.0,RUS,13.331
Saudi Arabian Grand Prix,31.0,ANT,27.762
Saudi Arabian Grand Prix,31.0,HAM,34.947
Saudi Arabian Grand Prix,31.0,SAI,47.328
Saudi Arabian Grand Prix,31.0,ALB,49.013
Saudi Arabian Grand Prix,31.0,HAD,30.653
Saudi Arabian Grand Prix,31.0,ALO,57.22
Saudi Arabian Grand Prix,31.0,LAW,55.307
Saudi Arabian Grand Prix,31.0,BEA,60.406
Saudi Arabian Grand Prix,31.0,OCO,54.7
Saudi Arabian Grand Prix,31.0,HUL,53.142
Saudi Arabian Grand Prix,31.0,STR,49.786
Saudi Arabian Grand Prix,31.0,DOO,61.989
Saudi Arabian Grand Prix,31.0,BOR,63.603
Saudi Arabian Grand Prix,32.0,PIA,2.758
Saudi Arabian Grand Prix,32.0,VER,7.404
Saudi Arabian Grand Prix,32.0,LEC,15.659
Saudi Arabian Grand Prix,32.0,NOR,0.0
Saudi Arabian Grand Prix,32.0,RUS,13.207
Saudi Arabian Grand Prix,32.0,ANT,28.629
Saudi Arabian Grand Prix,32.0,HAM,35.525
Saudi Arabian Grand Prix,32.0,SAI,48.039
Saudi Arabian Grand Prix,32.0,ALB,49.777
Saudi Arabian Grand Prix,32.0,HAD,32.257
Saudi Arabian Grand Prix,32.0,ALO,58.817
Saudi Arabian Grand Prix,32.0,LAW,57.045
Saudi Arabian Grand Prix,32.0,BEA,62.132
Saudi Arabian Grand Prix,32.0,OCO,56.829
Saudi Arabian Grand Prix,32.0,HUL,55.493
Saudi Arabian Grand Prix,32.0,STR,52.515
Saudi Arabian Grand Prix,32.0,DOO,67.165
Saudi Arabian Grand Prix,32.0,BOR,65.781
Saudi Arabian Grand Prix,33.0,PIA,2.32
Saudi Arabian Grand Prix,33.0,VER,7.045
Saudi Arabian Grand Prix,33.0,LEC,15.05
Saudi Arabian Grand Prix,33.0,NOR,0.0
Saudi Arabian Grand Prix,33.0,RUS,13.056
Saudi Arabian Grand Prix,33.0,ANT,29.243
Saudi Arabian Grand Prix,33.0,HAM,36.033
Saudi Arabian Grand Prix,33.0,SAI,48.557
Saudi Arabian Grand Prix,33.0,ALB,50.612
Saudi Arabian Grand Prix,33.0,HAD,33.757
Saudi Arabian Grand Prix,33.0,ALO,59.978
Saudi Arabian Grand Prix,33.0,LAW,58.148
Saudi Arabian Grand Prix,33.0,BEA,63.678
Saudi Arabian Grand Prix,33.0,OCO,59.608
Saudi Arabian Grand Prix,33.0,HUL,60.404
Saudi Arabian Grand Prix,33.0,STR,54.604
Saudi Arabian Grand Prix,33.0,DOO,87.655
Saudi Arabian Grand Prix,33.0,BOR,67.705
Saudi Arabian Grand Prix,34.0,PIA,0.0
Saudi Arabian Grand Prix,34.0,VER,4.22
Saudi Arabian Grand Prix,34.0,LEC,12.222
Saudi Arabian Grand Prix,34.0,NOR,0.584
Saudi Arabian Grand Prix,34.0,RUS,10.443
Saudi Arabian Grand Prix,34.0,ANT,27.519
Saudi Arabian Grand Prix,34.0,HAM,34.388
Saudi Arabian Grand Prix,34.0,SAI,47.005
Saudi Arabian Grand Prix,34.0,ALB,48.881
Saudi Arabian Grand Prix,34.0,HAD,35.235
Saudi Arabian Grand Prix,34.0,ALO,58.918
Saudi Arabian Grand Prix,34.0,LAW,56.351
Saudi Arabian Grand Prix,34.0,BEA,62.763
Saudi Arabian Grand Prix,34.0,OCO,60.075
Saudi Arabian Grand Prix,34.0,HUL,74.552
Saudi Arabian Grand Prix,34.0,STR,54.263
Saudi Arabian Grand Prix,34.0,DOO,85.393
Saudi Arabian Grand Prix,34.0,BOR,67.178
Saudi Arabian Grand Prix,35.0,PIA,0.0
Saudi Arabian Grand Prix,35.0,VER,4.408
Saudi Arabian Grand Prix,35.0,LEC,12.057
Saudi Arabian Grand Prix,35.0,NOR,17.896
Saudi Arabian Grand Prix,35.0,RUS,10.854
Saudi Arabian Grand Prix,35.0,ANT,28.776
Saudi Arabian Grand Prix,35.0,HAM,35.397
Saudi Arabian Grand Prix,35.0,SAI,48.358
Saudi Arabian Grand Prix,35.0,ALB,50.145
Saudi Arabian Grand Prix,35.0,HAD,53.17
Saudi Arabian Grand Prix,35.0,ALO,60.801
Saudi Arabian Grand Prix,35.0,LAW,58.197
Saudi Arabian Grand Prix,35.0,BEA,64.34
Saudi Arabian Grand Prix,35.0,OCO,62.177
Saudi Arabian Grand Prix,35.0,HUL,75.655
Saudi Arabian Grand Prix,35.0,STR,56.898
Saudi Arabian Grand Prix,35.0,DOO,86.257
Saudi Arabian Grand Prix,35.0,BOR,69.371
Saudi Arabian Grand Prix,36.0,PIA,0.0
Saudi Arabian Grand Prix,36.0,VER,4.475
Saudi Arabian Grand Prix,36.0,LEC,12.171
Saudi Arabian Grand Prix,36.0,NOR,17.704
Saudi Arabian Grand Prix,36.0,RUS,11.148
Saudi Arabian Grand Prix,36.0,ANT,29.732
Saudi Arabian Grand Prix,36.0,HAM,36.064
Saudi Arabian Grand Prix,36.0,SAI,49.694
Saudi Arabian Grand Prix,36.0,ALB,51.259
Saudi Arabian Grand Prix,36.0,HAD,54.058
Saudi Arabian Grand Prix,36.0,ALO,62.354
Saudi Arabian Grand Prix,36.0,LAW,59.442
Saudi Arabian Grand Prix,36.0,BEA,66.006
Saudi Arabian Grand Prix,36.0,OCO,64.148
Saudi Arabian Grand Prix,36.0,HUL,77.313
Saudi Arabian Grand Prix,36.0,STR,59.447
Saudi Arabian Grand Prix,36.0,DOO,87.39
Saudi Arabian Grand Prix,36.0,BOR,71.726
Saudi Arabian Grand Prix,37.0,PIA,0.0
Saudi Arabian Grand Prix,37.0,VER,4.6850000000000005
Saudi Arabian Grand Prix,37.0,LEC,11.744
Saudi Arabian Grand Prix,37.0,NOR,17.134
Saudi Arabian Grand Prix,37.0,RUS,11.517
Saudi Arabian Grand Prix,37.0,ANT,30.696
Saudi Arabian Grand Prix,37.0,HAM,36.408
Saudi Arabian Grand Prix,37.0,SAI,51.263
Saudi Arabian Grand Prix,37.0,ALB,52.737
Saudi Arabian Grand Prix,37.0,HAD,54.699
Saudi Arabian Grand Prix,37.0,ALO,64.162
Saudi Arabian Grand Prix,37.0,LAW,60.669
Saudi Arabian Grand Prix,37.0,BEA,67.638
Saudi Arabian Grand Prix,37.0,OCO,65.907
Saudi Arabian Grand Prix,37.0,HUL,78.77
Saudi Arabian Grand Prix,37.0,STR,62.713
Saudi Arabian Grand Prix,37.0,DOO,88.276
Saudi Arabian Grand Prix,37.0,BOR,73.629
Saudi Arabian Grand Prix,38.0,PIA,0.0
Saudi Arabian Grand Prix,38.0,VER,4.732
Saudi Arabian Grand Prix,38.0,LEC,12.038
Saudi Arabian Grand Prix,38.0,NOR,16.614
Saudi Arabian Grand Prix,38.0,RUS,14.098
Saudi Arabian Grand Prix,38.0,ANT,31.705
Saudi Arabian Grand Prix,38.0,HAM,36.67
Saudi Arabian Grand Prix,38.0,SAI,52.731
Saudi Arabian Grand Prix,38.0,ALB,53.992
Saudi Arabian Grand Prix,38.0,HAD,55.798
Saudi Arabian Grand Prix,38.0,ALO,65.593
Saudi Arabian Grand Prix,38.0,LAW,61.468
Saudi Arabian Grand Prix,38.0,BEA,69.202
Saudi Arabian Grand Prix,38.0,OCO,67.951
Saudi Arabian Grand Prix,38.0,HUL,79.622
Saudi Arabian Grand Prix,38.0,STR,65.377
Saudi Arabian Grand Prix,38.0,DOO,89.128
Saudi Arabian Grand Prix,38.0,BOR,75.713
Saudi Arabian Grand Prix,39.0,PIA,0.0
Saudi Arabian Grand Prix,39.0,VER,4.712
Saudi Arabian Grand Prix,39.0,LEC,11.661
Saudi Arabian Grand Prix,39.0,NOR,16.105
Saudi Arabian Grand Prix,39.0,RUS,14.714
Saudi Arabian Grand Prix,39.0,ANT,32.444
Saudi Arabian Grand Prix,39.0,HAM,37.254
Saudi Arabian Grand Prix,39.0,SAI,54.823
Saudi Arabian Grand Prix,39.0,ALB,55.409
Saudi Arabian Grand Prix,39.0,HAD,56.354
Saudi Arabian Grand Prix,39.0,ALO,66.788
Saudi Arabian Grand Prix,39.0,LAW,62.383
Saudi Arabian Grand Prix,39.0,BEA,70.483
Saudi Arabian Grand Prix,39.0,OCO,70.007
Saudi Arabian Grand Prix,39.0,HUL,80.367
Saudi Arabian Grand Prix,39.0,STR,72.22
Saudi Arabian Grand Prix,39.0,DOO,90.278
Saudi Arabian Grand Prix,39.0,BOR,77.459
Saudi Arabian Grand Prix,40.0,PIA,0.0
Saudi Arabian Grand Prix,40.0,VER,4.494
Saudi Arabian Grand Prix,40.0,LEC,11.232
Saudi Arabian Grand Prix,40.0,NOR,15.759
Saudi Arabian Grand Prix,40.0,RUS,15.634
Saudi Arabian Grand Prix,40.0,ANT,33.151
Saudi Arabian Grand Prix,40.0,HAM,37.309
Saudi Arabian Grand Prix,40.0,SAI,55.909
Saudi Arabian Grand Prix,40.0,ALB,56.72
Saudi Arabian Grand Prix,40.0,HAD,57.098
Saudi Arabian Grand Prix,40.0,ALO,68.446
Saudi Arabian Grand Prix,40.0,LAW,62.823
Saudi Arabian Grand Prix,40.0,BEA,71.665
Saudi Arabian Grand Prix,40.0,OCO,72.869
Saudi Arabian Grand Prix,40.0,HUL,81.122
Saudi Arabian Grand Prix,40.0,STR,90.0
Saudi Arabian Grand Prix,40.0,DOO,92.352
Saudi Arabian Grand Prix,40.0,BOR,79.147
Saudi Arabian Grand Prix,41.0,PIA,0.0
Saudi Arabian Grand Prix,41.0,VER,4.075
Saudi Arabian Grand Prix,41.0,LEC,10.499
Saudi Arabian Grand Prix,41.0,NOR,14.55
Saudi Arabian Grand Prix,41.0,RUS,17.348
Saudi Arabian Grand Prix,41.0,ANT,33.479
Saudi Arabian Grand Prix,41.0,HAM,37.344
Saudi Arabian Grand Prix,41.0,SAI,56.94
Saudi Arabian Grand Prix,41.0,ALB,57.634
Saudi Arabian Grand Prix,41.0,HAD,58.044
Saudi Arabian Grand Prix,41.0,ALO,69.703
Saudi Arabian Grand Prix,41.0,LAW,63.382
Saudi Arabian Grand Prix,41.0,BEA,72.455
Saudi Arabian Grand Prix,41.0,OCO,74.615
Saudi Arabian Grand Prix,41.0,HUL,82.426
Saudi Arabian Grand Prix,41.0,STR,90.466
Saudi Arabian Grand Prix,41.0,DOO,95.145
Saudi Arabian Grand Prix,41.0,BOR,81.05
Saudi Arabian Grand Prix,42.0,PIA,0.0
Saudi Arabian Grand Prix,42.0,VER,3.8890000000000002
Saudi Arabian Grand Prix,42.0,LEC,10.071
Saudi Arabian Grand Prix,42.0,NOR,13.856
Saudi Arabian Grand Prix,42.0,RUS,18.812
Saudi Arabian Grand Prix,42.0,ANT,34.109
Saudi Arabian Grand Prix,42.0,HAM,37.298
Saudi Arabian Grand Prix,42.0,SAI,58.159
Saudi Arabian Grand Prix,42.0,ALB,58.802
Saudi Arabian Grand Prix,42.0,HAD,59.25
Saudi Arabian Grand Prix,42.0,ALO,71.269
Saudi Arabian Grand Prix,42.0,LAW,64.008
Saudi Arabian Grand Prix,42.0,BEA,73.524
Saudi Arabian Grand Prix,42.0,OCO,76.66
Saudi Arabian Grand Prix,42.0,HUL,83.868
Saudi Arabian Grand Prix,42.0,STR,91.152
Saudi Arabian Grand Prix,42.0,DOO,98.136
Saudi Arabian Grand Prix,42.0,BOR,85.286
Saudi Arabian Grand Prix,43.0,PIA,0.0
Saudi Arabian Grand Prix,43.0,VER,4.2
Saudi Arabian Grand Prix,43.0,LEC,9.458
Saudi Arabian Grand Prix,43.0,NOR,12.842
Saudi Arabian Grand Prix,43.0,RUS,19.438
Saudi Arabian Grand Prix,43.0,ANT,34.653
Saudi Arabian Grand Prix,43.0,HAM,37.027
Saudi Arabian Grand Prix,43.0,SAI,59.221
Saudi Arabian Grand Prix,43.0,ALB,59.883
Saudi Arabian Grand Prix,43.0,HAD,60.552
Saudi Arabian Grand Prix,43.0,ALO,72.231
Saudi Arabian Grand Prix,43.0,LAW,64.135
Saudi Arabian Grand Prix,43.0,BEA,74.299
Saudi Arabian Grand Prix,43.0,OCO,78.757
Saudi Arabian Grand Prix,43.0,HUL,84.603
Saudi Arabian Grand Prix,43.0,STR,91.157
Saudi Arabian Grand Prix,43.0,DOO,99.854
Saudi Arabian Grand Prix,43.0,BOR,87.77
Saudi Arabian Grand Prix,44.0,PIA,0.0
Saudi Arabian Grand Prix,44.0,VER,3.8970000000000002
Saudi Arabian Grand Prix,44.0,LEC,9.116
Saudi Arabian Grand Prix,44.0,NOR,12.084
Saudi Arabian Grand Prix,44.0,RUS,20.268
Saudi Arabian Grand Prix,44.0,ANT,34.713
Saudi Arabian Grand Prix,44.0,HAM,37.001
Saudi Arabian Grand Prix,44.0,SAI,60.074
Saudi Arabian Grand Prix,44.0,ALB,60.933
Saudi Arabian Grand Prix,44.0,HAD,61.596
Saudi Arabian Grand Prix,44.0,ALO,72.912
Saudi Arabian Grand Prix,44.0,LAW,64.575
Saudi Arabian Grand Prix,44.0,BEA,75.092
Saudi Arabian Grand Prix,44.0,OCO,80.672
Saudi Arabian Grand Prix,44.0,HUL,85.639
Saudi Arabian Grand Prix,44.0,STR,91.087
Saudi Arabian Grand Prix,44.0,DOO,103.159
Saudi Arabian Grand Prix,44.0,BOR,89.78
Saudi Arabian Grand Prix,45.0,PIA,0.0
Saudi Arabian Grand Prix,45.0,VER,3.9699999999999998
Saudi Arabian Grand Prix,45.0,LEC,9.811
Saudi Arabian Grand Prix,45.0,NOR,11.804
Saudi Arabian Grand Prix,45.0,RUS,21.582
Saudi Arabian Grand Prix,45.0,ANT,35.264
Saudi Arabian Grand Prix,45.0,HAM,37.429
Saudi Arabian Grand Prix,45.0,SAI,61.485
Saudi Arabian Grand Prix,45.0,ALB,62.194
Saudi Arabian Grand Prix,45.0,HAD,62.61
Saudi Arabian Grand Prix,45.0,ALO,74.113
Saudi Arabian Grand Prix,45.0,LAW,65.495
Saudi Arabian Grand Prix,45.0,BEA,76.073
Saudi Arabian Grand Prix,45.0,OCO,82.899
Saudi Arabian Grand Prix,45.0,HUL,87.275
Saudi Arabian Grand Prix,45.0,STR,93.585
Saudi Arabian Grand Prix,45.0,DOO,107.267
Saudi Arabian Grand Prix,45.0,BOR,92.904
Saudi Arabian Grand Prix,46.0,PIA,0.0
Saudi Arabian Grand Prix,46.0,VER,2.942
Saudi Arabian Grand Prix,46.0,LEC,8.884
Saudi Arabian Grand Prix,46.0,NOR,10.831
Saudi Arabian Grand Prix,46.0,RUS,22.135
Saudi Arabian Grand Prix,46.0,ANT,34.721
Saudi Arabian Grand Prix,46.0,HAM,37.184
Saudi Arabian Grand Prix,46.0,SAI,61.669
Saudi Arabian Grand Prix,46.0,ALB,62.434
Saudi Arabian Grand Prix,46.0,HAD,62.929
Saudi Arabian Grand Prix,46.0,ALO,74.124
Saudi Arabian Grand Prix,46.0,LAW,65.238
Saudi Arabian Grand Prix,46.0,BEA,76.28
Saudi Arabian Grand Prix,46.0,OCO,84.123
Saudi Arabian Grand Prix,46.0,HUL,88.167
Saudi Arabian Grand Prix,46.0,STR,94.487
Saudi Arabian Grand Prix,46.0,DOO,108.34
Saudi Arabian Grand Prix,46.0,BOR,98.536
Saudi Arabian Grand Prix,47.0,PIA,0.0
Saudi Arabian Grand Prix,47.0,VER,3.146
Saudi Arabian Grand Prix,47.0,LEC,8.447
Saudi Arabian Grand Prix,47.0,NOR,10.403
Saudi Arabian Grand Prix,47.0,RUS,23.417
Saudi Arabian Grand Prix,47.0,ANT,34.799
Saudi Arabian Grand Prix,47.0,HAM,37.575
Saudi Arabian Grand Prix,47.0,SAI,62.64
Saudi Arabian Grand Prix,47.0,ALB,63.242
Saudi Arabian Grand Prix,47.0,HAD,63.857
Saudi Arabian Grand Prix,47.0,ALO,74.523
Saudi Arabian Grand Prix,47.0,LAW,65.853
Saudi Arabian Grand Prix,47.0,BEA,76.956
Saudi Arabian Grand Prix,47.0,OCO,85.763
Saudi Arabian Grand Prix,47.0,HUL,89.631
Saudi Arabian Grand Prix,47.0,STR,95.181
Saudi Arabian Grand Prix,47.0,DOO,109.941
Saudi Arabian Grand Prix,47.0,BOR,104.211
Saudi Arabian Grand Prix,48.0,PIA,0.0
Saudi Arabian Grand Prix,48.0,VER,3.115
Saudi Arabian Grand Prix,48.0,LEC,8.326
Saudi Arabian Grand Prix,48.0,NOR,9.806000000000001
Saudi Arabian Grand Prix,48.0,RUS,24.65
Saudi Arabian Grand Prix,48.0,ANT,34.829
Saudi Arabian Grand Prix,48.0,HAM,37.745
Saudi Arabian Grand Prix,48.0,SAI,63.503
Saudi Arabian Grand Prix,48.0,ALB,64.242
Saudi Arabian Grand Prix,48.0,HAD,64.763
Saudi Arabian Grand Prix,48.0,ALO,74.973
Saudi Arabian Grand Prix,48.0,LAW,66.394
Saudi Arabian Grand Prix,48.0,BEA,77.64
Saudi Arabian Grand Prix,48.0,OCO,88.063
Saudi Arabian Grand Prix,48.0,HUL,91.133
Saudi Arabian Grand Prix,48.0,STR,97.479
Saudi Arabian Grand Prix,48.0,DOO,110.363
Saudi Arabian Grand Prix,48.0,BOR,108.613
Saudi Arabian Grand Prix,49.0,PIA,0.0
Saudi Arabian Grand Prix,49.0,VER,2.468
Saudi Arabian Grand Prix,49.0,LEC,7.591
Saudi Arabian Grand Prix,49.0,NOR,9.057
Saudi Arabian Grand Prix,49.0,RUS,25.449
Saudi Arabian Grand Prix,49.0,ANT,34.406
Saudi Arabian Grand Prix,49.0,HAM,37.83
Saudi Arabian Grand Prix,49.0,SAI,64.378
Saudi Arabian Grand Prix,49.0,ALB,65.078
Saudi Arabian Grand Prix,49.0,HAD,65.587
Saudi Arabian Grand Prix,49.0,ALO,75.055
Saudi Arabian Grand Prix,49.0,LAW,66.614
Saudi Arabian Grand Prix,49.0,BEA,78.088
Saudi Arabian Grand Prix,49.0,OCO,90.4
Saudi Arabian Grand Prix,49.0,HUL,96.653
Saudi Arabian Grand Prix,49.0,STR,97.759
Saudi Arabian Grand Prix,49.0,DOO,111.342
Saudi Arabian Grand Prix,49.0,BOR,111.384
Saudi Arabian Grand Prix,50.0,PIA,0.0
Saudi Arabian Grand Prix,50.0,VER,2.693
Saudi Arabian Grand Prix,50.0,LEC,7.941
Saudi Arabian Grand Prix,50.0,NOR,9.179
Saudi Arabian Grand Prix,50.0,RUS,27.111
Saudi Arabian Grand Prix,50.0,ANT,34.574
Saudi Arabian Grand Prix,50.0,HAM,39.037
Saudi Arabian Grand Prix,50.0,SAI,64.616
Saudi Arabian Grand Prix,50.0,ALB,66.503
Saudi Arabian Grand Prix,50.0,HAD,66.983
Saudi Arabian Grand Prix,50.0,ALO,75.848
Saudi Arabian Grand Prix,50.0,LAW,68.35
Saudi Arabian Grand Prix,50.0,BEA,79.098
Saudi Arabian Grand Prix,50.0,OCO,99.573
Miami Grand Prix,1.0,VER,0.0
Miami Grand Prix,1.0,GAS,9.805
Miami Grand Prix,1.0,ANT,1.181
Miami Grand Prix,1.0,ALO,9.244
Miami Grand Prix,1.0,LEC,4.892
Miami Grand Prix,1.0,STR,8.065
Miami Grand Prix,1.0,TSU,5.538
Miami Grand Prix,1.0,ALB,3.113
Miami Grand Prix,1.0,HUL,7.6370000000000005
Miami Grand Prix,1.0,LAW,20.295
Miami Grand Prix,1.0,OCO,5.886
Miami Grand Prix,1.0,NOR,3.608
Miami Grand Prix,1.0,HAM,6.848
Miami Grand Prix,1.0,BOR,7.415
Miami Grand Prix,1.0,SAI,4.062
Miami Grand Prix,1.0,HAD,6.456
Miami Grand Prix,1.0,RUS,2.509
Miami Grand Prix,1.0,DOO,0.0
Miami Grand Prix,1.0,PIA,1.466
Miami Grand Prix,1.0,BEA,8.981
Miami Grand Prix,2.0,VER,0.0
Miami Grand Prix,2.0,GAS,24.381
Miami Grand Prix,2.0,ANT,2.329
Miami Grand Prix,2.0,ALO,23.159
Miami Grand Prix,2.0,LEC,10.147
Miami Grand Prix,2.0,STR,21.436
Miami Grand Prix,2.0,TSU,10.918
Miami Grand Prix,2.0,ALB,5.625
Miami Grand Prix,2.0,HUL,19.172
Miami Grand Prix,2.0,LAW,30.915
Miami Grand Prix,2.0,OCO,12.381
Miami Grand Prix,2.0,NOR,7.566
Miami Grand Prix,2.0,HAM,15.044
Miami Grand Prix,2.0,BOR,17.397
Miami Grand Prix,2.0,SAI,8.341
Miami Grand Prix,2.0,HAD,14.754
Miami Grand Prix,2.0,RUS,4.212
Miami Grand Prix,2.0,PIA,3.015
Miami Grand Prix,2.0,BEA,22.48
Miami Grand Prix,3.0,VER,0.0
Miami Grand Prix,3.0,GAS,14.168
Miami Grand Prix,3.0,ANT,1.288
Miami Grand Prix,3.0,ALO,12.971
Miami Grand Prix,3.0,LEC,5.586
Miami Grand Prix,3.0,STR,11.787
Miami Grand Prix,3.0,TSU,6.948
Miami Grand Prix,3.0,ALB,3.219
Miami Grand Prix,3.0,HUL,11.01
Miami Grand Prix,3.0,LAW,22.882
Miami Grand Prix,3.0,OCO,8.021
Miami Grand Prix,3.0,NOR,3.621
Miami Grand Prix,3.0,HAM,10.029
Miami Grand Prix,3.0,BOR,10.421
Miami Grand Prix,3.0,SAI,4.331
Miami Grand Prix,3.0,HAD,9.903
Miami Grand Prix,3.0,RUS,2.356
Miami Grand Prix,3.0,PIA,1.689
Miami Grand Prix,3.0,BEA,12.539
Miami Grand Prix,4.0,VER,0.0
Miami Grand Prix,4.0,GAS,15.653
Miami Grand Prix,4.0,ANT,1.7349999999999999
Miami Grand Prix,4.0,ALO,14.095
Miami Grand Prix,4.0,LEC,5.78
Miami Grand Prix,4.0,STR,13.11
Miami Grand Prix,4.0,TSU,7.334
Miami Grand Prix,4.0,ALB,3.729
Miami Grand Prix,4.0,HUL,12.622
Miami Grand Prix,4.0,LAW,23.628
Miami Grand Prix,4.0,OCO,8.122
Miami Grand Prix,4.0,NOR,3.18
Miami Grand Prix,4.0,HAM,9.872
Miami Grand Prix,4.0,BOR,12.374
Miami Grand Prix,4.0,SAI,4.283
Miami Grand Prix,4.0,HAD,11.88
Miami Grand Prix,4.0,RUS,2.433
Miami Grand Prix,4.0,PIA,1.04
Miami Grand Prix,4.0,BEA,13.814
Miami Grand Prix,5.0,VER,0.0
Miami Grand Prix,5.0,GAS,17.643
Miami Grand Prix,5.0,ANT,2.461
Miami Grand Prix,5.0,ALO,16.026
Miami Grand Prix,5.0,LEC,6.156
Miami Grand Prix,5.0,STR,14.873
Miami Grand Prix,5.0,TSU,8.146
Miami Grand Prix,5.0,ALB,5.432
Miami Grand Prix,5.0,HUL,14.041
Miami Grand Prix,5.0,LAW,26.021
Miami Grand Prix,5.0,OCO,8.745
Miami Grand Prix,5.0,NOR,3.686
Miami Grand Prix,5.0,HAM,10.638
Miami Grand Prix,5.0,BOR,13.435
Miami Grand Prix,5.0,SAI,4.482
Miami Grand Prix,5.0,HAD,12.71
Miami Grand Prix,5.0,RUS,3.079
Miami Grand Prix,5.0,PIA,1.189
Miami Grand Prix,5.0,BEA,15.568999999999999
Miami Grand Prix,6.0,VER,0.0
Miami Grand Prix,6.0,GAS,19.842
Miami Grand Prix,6.0,ANT,3.248
Miami Grand Prix,6.0,ALO,17.625
Miami Grand Prix,6.0,LEC,7.423
Miami Grand Prix,6.0,STR,15.989
Miami Grand Prix,6.0,TSU,9.086
Miami Grand Prix,6.0,ALB,6.542
Miami Grand Prix,6.0,HUL,15.256
Miami Grand Prix,6.0,LAW,28.259
Miami Grand Prix,6.0,OCO,9.762
Miami Grand Prix,6.0,NOR,4.224
Miami Grand Prix,6.0,HAM,11.952
Miami Grand Prix,6.0,BOR,14.473
Miami Grand Prix,6.0,SAI,5.703
Miami Grand Prix,6.0,HAD,13.905
Miami Grand Prix,6.0,RUS,4.019
Miami Grand Prix,6.0,PIA,1.1400000000000001
Miami Grand Prix,6.0,BEA,16.962
Miami Grand Prix,7.0,VER,0.0
Miami Grand Prix,7.0,GAS,21.778
Miami Grand Prix,7.0,ANT,4.194
Miami Grand Prix,7.0,ALO,19.027
Miami Grand Prix,7.0,LEC,8.387
Miami Grand Prix,7.0,STR,17.487
Miami Grand Prix,7.0,TSU,10.079
Miami Grand Prix,7.0,ALB,7.441
Miami Grand Prix,7.0,HUL,16.749
Miami Grand Prix,7.0,LAW,30.222
Miami Grand Prix,7.0,OCO,10.733
Miami Grand Prix,7.0,NOR,5.149
Miami Grand Prix,7.0,HAM,12.829
Miami Grand Prix,7.0,BOR,15.997
Miami Grand Prix,7.0,SAI,6.649
Miami Grand Prix,7.0,HAD,14.936
Miami Grand Prix,7.0,RUS,6.298
Miami Grand Prix,7.0,PIA,1.254
Miami Grand Prix,7.0,BEA,18.303
Miami Grand Prix,8.0,VER,0.0
Miami Grand Prix,8.0,GAS,23.282
Miami Grand Prix,8.0,ANT,4.556
Miami Grand Prix,8.0,ALO,19.831
Miami Grand Prix,8.0,LEC,9.219
Miami Grand Prix,8.0,STR,18.373
Miami Grand Prix,8.0,TSU,10.683
Miami Grand Prix,8.0,ALB,7.975
Miami Grand Prix,8.0,HUL,17.581
Miami Grand Prix,8.0,LAW,31.776
Miami Grand Prix,8.0,OCO,11.295
Miami Grand Prix,8.0,NOR,4.993
Miami Grand Prix,8.0,HAM,13.475
Miami Grand Prix,8.0,BOR,17.008
Miami Grand Prix,8.0,SAI,7.296
Miami Grand Prix,8.0,HAD,15.695
Miami Grand Prix,8.0,RUS,6.851
Miami Grand Prix,8.0,PIA,0.656
Miami Grand Prix,8.0,BEA,19.27
Miami Grand Prix,9.0,VER,0.0
Miami Grand Prix,9.0,GAS,24.603
Miami Grand Prix,9.0,ANT,5.834
Miami Grand Prix,9.0,ALO,28.469
Miami Grand Prix,9.0,LEC,9.846
Miami Grand Prix,9.0,STR,19.588
Miami Grand Prix,9.0,TSU,11.549
Miami Grand Prix,9.0,ALB,8.583
Miami Grand Prix,9.0,HUL,18.692
Miami Grand Prix,9.0,LAW,33.464
Miami Grand Prix,9.0,OCO,12.901
Miami Grand Prix,9.0,NOR,4.733
Miami Grand Prix,9.0,HAM,14.233
Miami Grand Prix,9.0,BOR,17.871
Miami Grand Prix,9.0,SAI,7.99
Miami Grand Prix,9.0,HAD,16.688
Miami Grand Prix,9.0,RUS,7.396
Miami Grand Prix,9.0,PIA,0.486
Miami Grand Prix,9.0,BEA,20.49
Miami Grand Prix,10.0,VER,0.0
Miami Grand Prix,10.0,GAS,25.641
Miami Grand Prix,10.0,ANT,6.446
Miami Grand Prix,10.0,ALO,29.261
Miami Grand Prix,10.0,LEC,10.304
Miami Grand Prix,10.0,STR,21.039
Miami Grand Prix,10.0,TSU,12.302
Miami Grand Prix,10.0,ALB,9.025
Miami Grand Prix,10.0,HUL,19.884
Miami Grand Prix,10.0,LAW,35.276
Miami Grand Prix,10.0,OCO,13.787
Miami Grand Prix,10.0,NOR,4.242
Miami Grand Prix,10.0,HAM,14.717
Miami Grand Prix,10.0,BOR,18.918
Miami Grand Prix,10.0,SAI,8.504
Miami Grand Prix,10.0,HAD,17.501
Miami Grand Prix,10.0,RUS,8.165
Miami Grand Prix,10.0,PIA,0.17
Miami Grand Prix,10.0,BEA,21.855
Miami Grand Prix,11.0,VER,0.0
Miami Grand Prix,11.0,GAS,26.299
Miami Grand Prix,11.0,ANT,6.641
Miami Grand Prix,11.0,ALO,29.85
Miami Grand Prix,11.0,LEC,11.267
Miami Grand Prix,11.0,STR,22.122
Miami Grand Prix,11.0,TSU,12.926
Miami Grand Prix,11.0,ALB,9.999
Miami Grand Prix,11.0,HUL,21.025
Miami Grand Prix,11.0,LAW,36.671
Miami Grand Prix,11.0,OCO,14.449
Miami Grand Prix,11.0,NOR,3.347
Miami Grand Prix,11.0,HAM,15.45
Miami Grand Prix,11.0,BOR,19.884
Miami Grand Prix,11.0,SAI,9.561
Miami Grand Prix,11.0,HAD,18.001
Miami Grand Prix,11.0,RUS,8.24
Miami Grand Prix,11.0,PIA,0.475
Miami Grand Prix,11.0,BEA,22.986
Miami Grand Prix,12.0,VER,0.0
Miami Grand Prix,12.0,GAS,27.307
Miami Grand Prix,12.0,ANT,7.13
Miami Grand Prix,12.0,ALO,30.162
Miami Grand Prix,12.0,LEC,12.127
Miami Grand Prix,12.0,STR,23.433
Miami Grand Prix,12.0,TSU,13.929
Miami Grand Prix,12.0,ALB,11.278
Miami Grand Prix,12.0,HUL,22.23
Miami Grand Prix,12.0,LAW,38.522
Miami Grand Prix,12.0,OCO,15.366
Miami Grand Prix,12.0,NOR,3.016
Miami Grand Prix,12.0,HAM,16.253
Miami Grand Prix,12.0,BOR,21.029
Miami Grand Prix,12.0,SAI,10.704
Miami Grand Prix,12.0,HAD,19.0
Miami Grand Prix,12.0,RUS,8.84
Miami Grand Prix,12.0,PIA,0.492
Miami Grand Prix,12.0,BEA,24.11
Miami Grand Prix,13.0,VER,0.0
Miami Grand Prix,13.0,GAS,28.148
Miami Grand Prix,13.0,ANT,7.603
Miami Grand Prix,13.0,ALO,30.872
Miami Grand Prix,13.0,LEC,12.967
Miami Grand Prix,13.0,STR,24.986
Miami Grand Prix,13.0,TSU,14.882
Miami Grand Prix,13.0,ALB,12.037
Miami Grand Prix,13.0,HUL,23.348
Miami Grand Prix,13.0,LAW,40.601
Miami Grand Prix,13.0,OCO,16.155
Miami Grand Prix,13.0,NOR,2.489
Miami Grand Prix,13.0,HAM,16.825
Miami Grand Prix,13.0,BOR,22.159
Miami Grand Prix,13.0,SAI,11.475999999999999
Miami Grand Prix,13.0,HAD,19.873
Miami Grand Prix,13.0,RUS,9.397
Miami Grand Prix,13.0,PIA,0.099
Miami Grand Prix,13.0,BEA,25.475
Miami Grand Prix,14.0,VER,1.642
Miami Grand Prix,14.0,GAS,28.372
Miami Grand Prix,14.0,ANT,7.21
Miami Grand Prix,14.0,ALO,30.919
Miami Grand Prix,14.0,LEC,13.482
Miami Grand Prix,14.0,STR,26.122
Miami Grand Prix,14.0,TSU,14.902
Miami Grand Prix,14.0,ALB,11.653
Miami Grand Prix,14.0,HUL,23.823
Miami Grand Prix,14.0,LAW,42.114
Miami Grand Prix,14.0,OCO,16.284
Miami Grand Prix,14.0,NOR,1.737
Miami Grand Prix,14.0,HAM,16.807
Miami Grand Prix,14.0,BOR,22.277
Miami Grand Prix,14.0,SAI,12.005
Miami Grand Prix,14.0,HAD,20.429
Miami Grand Prix,14.0,RUS,9.031
Miami Grand Prix,14.0,PIA,0.0
Miami Grand Prix,14.0,BEA,26.658
Miami Grand Prix,15.0,VER,3.5620000000000003
Miami Grand Prix,15.0,GAS,30.331
Miami Grand Prix,15.0,ANT,8.296
Miami Grand Prix,15.0,ALO,32.393
Miami Grand Prix,15.0,LEC,15.075
Miami Grand Prix,15.0,STR,28.0
Miami Grand Prix,15.0,TSU,16.575
Miami Grand Prix,15.0,ALB,12.805
Miami Grand Prix,15.0,HUL,25.75
Miami Grand Prix,15.0,LAW,44.99
Miami Grand Prix,15.0,OCO,17.845
Miami Grand Prix,15.0,NOR,3.864
Miami Grand Prix,15.0,HAM,18.36
Miami Grand Prix,15.0,BOR,24.008
Miami Grand Prix,15.0,SAI,13.727
Miami Grand Prix,15.0,HAD,21.854
Miami Grand Prix,15.0,RUS,9.97
Miami Grand Prix,15.0,PIA,0.0
Miami Grand Prix,15.0,BEA,28.72
Miami Grand Prix,16.0,VER,5.053
Miami Grand Prix,16.0,GAS,32.034
Miami Grand Prix,16.0,ANT,9.487
Miami Grand Prix,16.0,ALO,33.952
Miami Grand Prix,16.0,LEC,16.595
Miami Grand Prix,16.0,STR,30.226
Miami Grand Prix,16.0,TSU,18.254
Miami Grand Prix,16.0,ALB,13.73
Miami Grand Prix,16.0,HUL,27.654
Miami Grand Prix,16.0,LAW,47.704
Miami Grand Prix,16.0,OCO,19.855
Miami Grand Prix,16.0,NOR,5.276
Miami Grand Prix,16.0,HAM,20.186
Miami Grand Prix,16.0,BOR,26.099
Miami Grand Prix,16.0,SAI,14.955
Miami Grand Prix,16.0,HAD,23.318
Miami Grand Prix,16.0,RUS,11.169
Miami Grand Prix,16.0,PIA,0.0
Miami Grand Prix,16.0,BEA,30.617
Miami Grand Prix,17.0,VER,8.117
Miami Grand Prix,17.0,GAS,33.719
Miami Grand Prix,17.0,ANT,10.428
Miami Grand Prix,17.0,ALO,35.636
Miami Grand Prix,17.0,LEC,17.852
Miami Grand Prix,17.0,STR,32.292
Miami Grand Prix,17.0,TSU,19.674
Miami Grand Prix,17.0,ALB,14.443
Miami Grand Prix,17.0,HUL,29.468
Miami Grand Prix,17.0,LAW,50.731
Miami Grand Prix,17.0,OCO,21.248
Miami Grand Prix,17.0,NOR,8.338
Miami Grand Prix,17.0,HAM,21.792
Miami Grand Prix,17.0,BOR,27.887
Miami Grand Prix,17.0,SAI,16.019
Miami Grand Prix,17.0,HAD,24.891
Miami Grand Prix,17.0,RUS,12.066
Miami Grand Prix,17.0,PIA,0.0
Miami Grand Prix,17.0,BEA,32.821
Miami Grand Prix,18.0,VER,9.416
Miami Grand Prix,18.0,GAS,35.293
Miami Grand Prix,18.0,ANT,11.488
Miami Grand Prix,18.0,ALO,36.995
Miami Grand Prix,18.0,LEC,19.167
Miami Grand Prix,18.0,STR,33.928
Miami Grand Prix,18.0,TSU,21.045
Miami Grand Prix,18.0,ALB,15.137
Miami Grand Prix,18.0,HUL,31.135
Miami Grand Prix,18.0,LAW,53.499
Miami Grand Prix,18.0,OCO,22.904
Miami Grand Prix,18.0,NOR,8.768
Miami Grand Prix,18.0,HAM,23.278
Miami Grand Prix,18.0,BOR,29.823
Miami Grand Prix,18.0,SAI,17.322
Miami Grand Prix,18.0,HAD,26.267
Miami Grand Prix,18.0,RUS,13.212
Miami Grand Prix,18.0,PIA,0.0
Miami Grand Prix,18.0,BEA,34.56
Miami Grand Prix,19.0,VER,10.578
Miami Grand Prix,19.0,GAS,37.194
Miami Grand Prix,19.0,ANT,12.939
Miami Grand Prix,19.0,ALO,38.572
Miami Grand Prix,19.0,LEC,20.115
Miami Grand Prix,19.0,STR,35.811
Miami Grand Prix,19.0,TSU,22.531
Miami Grand Prix,19.0,ALB,16.211
Miami Grand Prix,19.0,HUL,32.934
Miami Grand Prix,19.0,LAW,56.338
Miami Grand Prix,19.0,OCO,24.648
Miami Grand Prix,19.0,NOR,9.144
Miami Grand Prix,19.0,HAM,25.06
Miami Grand Prix,19.0,BOR,36.571
Miami Grand Prix,19.0,SAI,18.206
Miami Grand Prix,19.0,HAD,27.97
Miami Grand Prix,19.0,RUS,14.408
Miami Grand Prix,19.0,PIA,0.0
Miami Grand Prix,19.0,BEA,36.431
Miami Grand Prix,20.0,VER,12.151
Miami Grand Prix,20.0,GAS,38.924
Miami Grand Prix,20.0,ANT,14.129
Miami Grand Prix,20.0,ALO,40.051
Miami Grand Prix,20.0,LEC,21.075
Miami Grand Prix,20.0,STR,42.488
Miami Grand Prix,20.0,TSU,23.97
Miami Grand Prix,20.0,ALB,17.101
Miami Grand Prix,20.0,HUL,34.475
Miami Grand Prix,20.0,LAW,59.075
Miami Grand Prix,20.0,OCO,25.926
Miami Grand Prix,20.0,NOR,9.317
Miami Grand Prix,20.0,HAM,26.314
Miami Grand Prix,20.0,BOR,51.418
Miami Grand Prix,20.0,SAI,19.153
Miami Grand Prix,20.0,HAD,29.549
Miami Grand Prix,20.0,RUS,15.448
Miami Grand Prix,20.0,PIA,0.0
Miami Grand Prix,20.0,BEA,38.333
Miami Grand Prix,21.0,VER,13.022
Miami Grand Prix,21.0,GAS,40.245
Miami Grand Prix,21.0,ANT,15.088
Miami Grand Prix,21.0,ALO,41.75
Miami Grand Prix,21.0,LEC,21.926
Miami Grand Prix,21.0,STR,57.128
Miami Grand Prix,21.0,TSU,24.906
Miami Grand Prix,21.0,ALB,17.83
Miami Grand Prix,21.0,HUL,35.935
Miami Grand Prix,21.0,LAW,61.745
Miami Grand Prix,21.0,OCO,27.583
Miami Grand Prix,21.0,NOR,9.05
Miami Grand Prix,21.0,HAM,27.821
Miami Grand Prix,21.0,BOR,51.924
Miami Grand Prix,21.0,SAI,20.544
Miami Grand Prix,21.0,HAD,30.796
Miami Grand Prix,21.0,RUS,16.446
Miami Grand Prix,21.0,PIA,0.0
Miami Grand Prix,21.0,BEA,39.598
Miami Grand Prix,22.0,VER,13.651
Miami Grand Prix,22.0,GAS,41.427
Miami Grand Prix,22.0,ANT,15.955
Miami Grand Prix,22.0,ALO,43.411
Miami Grand Prix,22.0,LEC,22.818
Miami Grand Prix,22.0,STR,57.823
Miami Grand Prix,22.0,TSU,25.892
Miami Grand Prix,22.0,ALB,18.377
Miami Grand Prix,22.0,HUL,37.364
Miami Grand Prix,22.0,LAW,64.335
Miami Grand Prix,22.0,OCO,30.842
Miami Grand Prix,22.0,NOR,8.744
Miami Grand Prix,22.0,HAM,30.347
Miami Grand Prix,22.0,BOR,52.495
Miami Grand Prix,22.0,SAI,21.559
Miami Grand Prix,22.0,HAD,37.534
Miami Grand Prix,22.0,RUS,17.195
Miami Grand Prix,22.0,PIA,0.0
Miami Grand Prix,22.0,BEA,40.726
Miami Grand Prix,23.0,VER,14.822
Miami Grand Prix,23.0,GAS,42.76
Miami Grand Prix,23.0,ANT,16.89
Miami Grand Prix,23.0,ALO,45.407
Miami Grand Prix,23.0,LEC,24.038
Miami Grand Prix,23.0,STR,59.377
Miami Grand Prix,23.0,TSU,27.282
Miami Grand Prix,23.0,ALB,19.309
Miami Grand Prix,23.0,HUL,38.78
Miami Grand Prix,23.0,LAW,67.4
Miami Grand Prix,23.0,OCO,38.202
Miami Grand Prix,23.0,NOR,8.757
Miami Grand Prix,23.0,HAM,32.269
Miami Grand Prix,23.0,BOR,53.453
Miami Grand Prix,23.0,SAI,22.651
Miami Grand Prix,23.0,HAD,51.826
Miami Grand Prix,23.0,RUS,18.162
Miami Grand Prix,23.0,PIA,0.0
Miami Grand Prix,23.0,BEA,42.349
Miami Grand Prix,24.0,VER,15.833
Miami Grand Prix,24.0,GAS,44.162
Miami Grand Prix,24.0,ANT,17.961
Miami Grand Prix,24.0,ALO,47.143
Miami Grand Prix,24.0,LEC,25.467
Miami Grand Prix,24.0,STR,60.952
Miami Grand Prix,24.0,TSU,28.526
Miami Grand Prix,24.0,ALB,20.31
Miami Grand Prix,24.0,HUL,40.089
Miami Grand Prix,24.0,LAW,70.308
Miami Grand Prix,24.0,OCO,53.539
Miami Grand Prix,24.0,NOR,8.64
Miami Grand Prix,24.0,HAM,33.476
Miami Grand Prix,24.0,BOR,55.299
Miami Grand Prix,24.0,SAI,24.068
Miami Grand Prix,24.0,HAD,52.429
Miami Grand Prix,24.0,RUS,19.273
Miami Grand Prix,24.0,PIA,0.0
Miami Grand Prix,24.0,BEA,43.6
Miami Grand Prix,25.0,VER,16.964
Miami Grand Prix,25.0,GAS,45.623
Miami Grand Prix,25.0,ANT,23.826999999999998
Miami Grand Prix,25.0,ALO,49.019
Miami Grand Prix,25.0,LEC,26.492
Miami Grand Prix,25.0,STR,62.247
Miami Grand Prix,25.0,TSU,29.662
Miami Grand Prix,25.0,ALB,20.994
Miami Grand Prix,25.0,HUL,41.138
Miami Grand Prix,25.0,LAW,73.01
Miami Grand Prix,25.0,OCO,53.505
Miami Grand Prix,25.0,NOR,8.701
Miami Grand Prix,25.0,HAM,34.758
Miami Grand Prix,25.0,BOR,57.069
Miami Grand Prix,25.0,SAI,30.009
Miami Grand Prix,25.0,HAD,52.681
Miami Grand Prix,25.0,RUS,20.237
Miami Grand Prix,25.0,PIA,0.0
Miami Grand Prix,25.0,BEA,45.262
Miami Grand Prix,26.0,VER,22.392
Miami Grand Prix,26.0,GAS,48.475
Miami Grand Prix,26.0,ANT,40.467
Miami Grand Prix,26.0,ALO,50.717
Miami Grand Prix,26.0,LEC,27.734
Miami Grand Prix,26.0,STR,63.374
Miami Grand Prix,26.0,TSU,30.789
Miami Grand Prix,26.0,ALB,26.766
Miami Grand Prix,26.0,HUL,42.897
Miami Grand Prix,26.0,LAW,75.615
Miami Grand Prix,26.0,OCO,53.461
Miami Grand Prix,26.0,NOR,8.471
Miami Grand Prix,26.0,HAM,35.754
Miami Grand Prix,26.0,BOR,58.384
Miami Grand Prix,26.0,SAI,44.229
Miami Grand Prix,26.0,HAD,53.027
Miami Grand Prix,26.0,RUS,20.75
Miami Grand Prix,26.0,PIA,0.0
Miami Grand Prix,26.0,BEA,47.895
Miami Grand Prix,27.0,VER,36.471
Miami Grand Prix,27.0,GAS,49.813
Miami Grand Prix,27.0,ANT,39.83
Miami Grand Prix,27.0,ALO,52.288
Miami Grand Prix,27.0,LEC,28.754
Miami Grand Prix,27.0,STR,64.469
Miami Grand Prix,27.0,TSU,36.737
Miami Grand Prix,27.0,ALB,40.603
Miami Grand Prix,27.0,HUL,44.739
Miami Grand Prix,27.0,LAW,78.555
Miami Grand Prix,27.0,OCO,53.989
Miami Grand Prix,27.0,NOR,8.651
Miami Grand Prix,27.0,HAM,37.146
Miami Grand Prix,27.0,BOR,59.372
Miami Grand Prix,27.0,SAI,43.995
Miami Grand Prix,27.0,HAD,53.497
Miami Grand Prix,27.0,RUS,21.482
Miami Grand Prix,27.0,PIA,0.0
Miami Grand Prix,27.0,BEA,50.067
Miami Grand Prix,28.0,VER,41.365
Miami Grand Prix,28.0,GAS,59.326
Miami Grand Prix,28.0,ANT,45.822
Miami Grand Prix,28.0,ALO,69.221
Miami Grand Prix,28.0,LEC,29.264
Miami Grand Prix,28.0,STR,79.001
Miami Grand Prix,28.0,TSU,60.125
Miami Grand Prix,28.0,ALB,47.139
Miami Grand Prix,28.0,HUL,53.601
Miami Grand Prix,28.0,LAW,104.978
Miami Grand Prix,28.0,OCO,65.972
Miami Grand Prix,28.0,NOR,8.719
Miami Grand Prix,28.0,HAM,45.214
Miami Grand Prix,28.0,BOR,72.389
Miami Grand Prix,28.0,SAI,50.368
Miami Grand Prix,28.0,HAD,65.589
Miami Grand Prix,28.0,RUS,22.155
Miami Grand Prix,28.0,PIA,0.0
Miami Grand Prix,28.0,BEA,108.349
Miami Grand Prix,29.0,VER,46.951
Miami Grand Prix,29.0,GAS,63.032
Miami Grand Prix,29.0,ANT,51.554
Miami Grand Prix,29.0,ALO,78.833
Miami Grand Prix,29.0,LEC,41.324
Miami Grand Prix,29.0,STR,79.915
Miami Grand Prix,29.0,TSU,63.755
Miami Grand Prix,29.0,ALB,52.279
Miami Grand Prix,29.0,HUL,59.659
Miami Grand Prix,29.0,LAW,104.506
Miami Grand Prix,29.0,OCO,67.724
Miami Grand Prix,29.0,NOR,11.487
Miami Grand Prix,29.0,HAM,61.242
Miami Grand Prix,29.0,BOR,74.868
Miami Grand Prix,29.0,SAI,56.597
Miami Grand Prix,29.0,HAD,67.19
Miami Grand Prix,29.0,RUS,31.418
Miami Grand Prix,29.0,PIA,0.0
Miami Grand Prix,30.0,VER,25.089
Miami Grand Prix,30.0,GAS,42.443
Miami Grand Prix,30.0,ANT,29.579
Miami Grand Prix,30.0,ALO,57.895
Miami Grand Prix,30.0,LEC,34.179
Miami Grand Prix,30.0,STR,58.958
Miami Grand Prix,30.0,TSU,41.525
Miami Grand Prix,30.0,ALB,29.721
Miami Grand Prix,30.0,HUL,38.633
Miami Grand Prix,30.0,LAW,82.515
Miami Grand Prix,30.0,OCO,45.085
Miami Grand Prix,30.0,NOR,7.015
Miami Grand Prix,30.0,HAM,38.101
Miami Grand Prix,30.0,BOR,78.156
Miami Grand Prix,30.0,SAI,34.382
Miami Grand Prix,30.0,HAD,44.662
Miami Grand Prix,30.0,RUS,23.502
Miami Grand Prix,30.0,PIA,0.0
Miami Grand Prix,31.0,VER,25.944
Miami Grand Prix,31.0,GAS,44.796
Miami Grand Prix,31.0,ANT,32.126
Miami Grand Prix,31.0,ALO,60.58
Miami Grand Prix,31.0,LEC,37.632
Miami Grand Prix,31.0,STR,61.762
Miami Grand Prix,31.0,TSU,43.053
Miami Grand Prix,31.0,ALB,30.622
Miami Grand Prix,31.0,HUL,41.591
Miami Grand Prix,31.0,LAW,84.706
Miami Grand Prix,31.0,OCO,46.792
Miami Grand Prix,31.0,NOR,7.22
Miami Grand Prix,31.0,HAM,39.07
Miami Grand Prix,31.0,BOR,137.986
Miami Grand Prix,31.0,SAI,36.985
Miami Grand Prix,31.0,HAD,46.163
Miami Grand Prix,31.0,RUS,23.65
Miami Grand Prix,31.0,PIA,0.0
Miami Grand Prix,32.0,VER,27.514
Miami Grand Prix,32.0,GAS,53.155
Miami Grand Prix,32.0,ANT,33.882
Miami Grand Prix,32.0,ALO,71.623
Miami Grand Prix,32.0,LEC,39.062
Miami Grand Prix,32.0,STR,74.334
Miami Grand Prix,32.0,TSU,45.844
Miami Grand Prix,32.0,ALB,31.925
Miami Grand Prix,32.0,HUL,44.61
Miami Grand Prix,32.0,LAW,106.4
Miami Grand Prix,32.0,OCO,53.746
Miami Grand Prix,32.0,NOR,7.423
Miami Grand Prix,32.0,HAM,40.08
Miami Grand Prix,32.0,SAI,38.371
Miami Grand Prix,32.0,HAD,51.972
Miami Grand Prix,32.0,RUS,24.647
Miami Grand Prix,32.0,PIA,0.0
Miami Grand Prix,33.0,VER,36.008
Miami Grand Prix,33.0,GAS,65.944
Miami Grand Prix,33.0,ANT,43.075
Miami Grand Prix,33.0,ALO,72.126
Miami Grand Prix,33.0,LEC,49.3
Miami Grand Prix,33.0,STR,73.531
Miami Grand Prix,33.0,TSU,53.847
Miami Grand Prix,33.0,ALB,40.625
Miami Grand Prix,33.0,HUL,53.093
Miami Grand Prix,33.0,LAW,95.406
Miami Grand Prix,33.0,OCO,57.41
Miami Grand Prix,33.0,NOR,10.753
Miami Grand Prix,33.0,HAM,49.668
Miami Grand Prix,33.0,SAI,49.241
Miami Grand Prix,33.0,HAD,56.867
Miami Grand Prix,33.0,RUS,32.727
Miami Grand Prix,33.0,PIA,0.0
Miami Grand Prix,34.0,VER,28.841
Miami Grand Prix,34.0,GAS,59.27
Miami Grand Prix,34.0,ANT,35.874
Miami Grand Prix,34.0,ALO,66.444
Miami Grand Prix,34.0,LEC,42.067
Miami Grand Prix,34.0,STR,67.674
Miami Grand Prix,34.0,TSU,47.194
Miami Grand Prix,34.0,ALB,33.187
Miami Grand Prix,34.0,HUL,47.862
Miami Grand Prix,34.0,LAW,91.873
Miami Grand Prix,34.0,OCO,50.694
Miami Grand Prix,34.0,NOR,7.331
Miami Grand Prix,34.0,HAM,42.544
Miami Grand Prix,34.0,SAI,43.174
Miami Grand Prix,34.0,HAD,50.13
Miami Grand Prix,34.0,RUS,25.507
Miami Grand Prix,34.0,PIA,0.0
Miami Grand Prix,35.0,VER,29.699
Miami Grand Prix,35.0,GAS,60.607
Miami Grand Prix,35.0,ANT,36.859
Miami Grand Prix,35.0,ALO,69.062
Miami Grand Prix,35.0,LEC,42.706
Miami Grand Prix,35.0,STR,70.185
Miami Grand Prix,35.0,TSU,48.782
Miami Grand Prix,35.0,ALB,34.508
Miami Grand Prix,35.0,HUL,50.695
Miami Grand Prix,35.0,LAW,94.906
Miami Grand Prix,35.0,OCO,52.383
Miami Grand Prix,35.0,NOR,7.343
Miami Grand Prix,35.0,HAM,43.284
Miami Grand Prix,35.0,SAI,44.055
Miami Grand Prix,35.0,HAD,51.796
Miami Grand Prix,35.0,RUS,26.541
Miami Grand Prix,35.0,PIA,0.0
Miami Grand Prix,36.0,VER,30.327
Miami Grand Prix,36.0,GAS,61.939
Miami Grand Prix,36.0,ANT,37.606
Miami Grand Prix,36.0,ALO,71.088
Miami Grand Prix,36.0,LEC,43.229
Miami Grand Prix,36.0,STR,72.371
Miami Grand Prix,36.0,TSU,49.868
Miami Grand Prix,36.0,ALB,35.106
Miami Grand Prix,36.0,HUL,57.696
Miami Grand Prix,36.0,LAW,112.175
Miami Grand Prix,36.0,OCO,53.832
Miami Grand Prix,36.0,NOR,6.888
Miami Grand Prix,36.0,HAM,43.806
Miami Grand Prix,36.0,SAI,44.986
Miami Grand Prix,36.0,HAD,53.325
Miami Grand Prix,36.0,RUS,27.459
Miami Grand Prix,36.0,PIA,0.0
Miami Grand Prix,37.0,VER,31.008
Miami Grand Prix,37.0,GAS,63.551
Miami Grand Prix,37.0,ANT,38.888
Miami Grand Prix,37.0,ALO,73.659
Miami Grand Prix,37.0,LEC,44.129
Miami Grand Prix,37.0,STR,75.3
Miami Grand Prix,37.0,TSU,51.293
Miami Grand Prix,37.0,ALB,36.147
Miami Grand Prix,37.0,HUL,72.59
Miami Grand Prix,37.0,OCO,55.509
Miami Grand Prix,37.0,NOR,6.793
Miami Grand Prix,37.0,HAM,44.592
Miami Grand Prix,37.0,SAI,45.916
Miami Grand Prix,37.0,HAD,55.002
Miami Grand Prix,37.0,RUS,28.586
Miami Grand Prix,37.0,PIA,0.0
Miami Grand Prix,38.0,VER,31.833
Miami Grand Prix,38.0,GAS,65.026
Miami Grand Prix,38.0,ANT,39.807
Miami Grand Prix,38.0,ALO,74.779
Miami Grand Prix,38.0,LEC,46.252
Miami Grand Prix,38.0,STR,77.431
Miami Grand Prix,38.0,TSU,52.325
Miami Grand Prix,38.0,ALB,37.343
Miami Grand Prix,38.0,HUL,73.788
Miami Grand Prix,38.0,OCO,56.945
Miami Grand Prix,38.0,NOR,6.822
Miami Grand Prix,38.0,HAM,45.247
Miami Grand Prix,38.0,SAI,47.163
Miami Grand Prix,38.0,HAD,56.287
Miami Grand Prix,38.0,RUS,29.278
Miami Grand Prix,38.0,PIA,0.0
Miami Grand Prix,39.0,VER,32.432
Miami Grand Prix,39.0,GAS,66.434
Miami Grand Prix,39.0,ANT,40.801
Miami Grand Prix,39.0,ALO,76.596
Miami Grand Prix,39.0,LEC,47.382
Miami Grand Prix,39.0,STR,79.474
Miami Grand Prix,39.0,TSU,53.688
Miami Grand Prix,39.0,ALB,38.5
Miami Grand Prix,39.0,HUL,74.638
Miami Grand Prix,39.0,OCO,58.304
Miami Grand Prix,39.0,NOR,6.796
Miami Grand Prix,39.0,HAM,46.014
Miami Grand Prix,39.0,SAI,48.254
Miami Grand Prix,39.0,HAD,57.6
Miami Grand Prix,39.0,RUS,30.084
Miami Grand Prix,39.0,PIA,0.0
Miami Grand Prix,40.0,VER,32.939
Miami Grand Prix,40.0,GAS,67.653
Miami Grand Prix,40.0,ANT,41.853
Miami Grand Prix,40.0,ALO,78.437
Miami Grand Prix,40.0,LEC,48.168
Miami Grand Prix,40.0,STR,81.404
Miami Grand Prix,40.0,TSU,54.78
Miami Grand Prix,40.0,ALB,39.445
Miami Grand Prix,40.0,HUL,75.893
Miami Grand Prix,40.0,OCO,59.63
Miami Grand Prix,40.0,NOR,6.677
Miami Grand Prix,40.0,HAM,46.825
Miami Grand Prix,40.0,SAI,49.576
Miami Grand Prix,40.0,HAD,58.908
Miami Grand Prix,40.0,RUS,30.751
Miami Grand Prix,40.0,PIA,0.0
Miami Grand Prix,41.0,VER,33.035
Miami Grand Prix,41.0,GAS,68.92
Miami Grand Prix,41.0,ANT,43.208
Miami Grand Prix,41.0,ALO,80.188
Miami Grand Prix,41.0,LEC,49.034
Miami Grand Prix,41.0,STR,83.215
Miami Grand Prix,41.0,TSU,55.755
Miami Grand Prix,41.0,ALB,40.05
Miami Grand Prix,41.0,HUL,76.726
Miami Grand Prix,41.0,OCO,60.599
Miami Grand Prix,41.0,NOR,6.475
Miami Grand Prix,41.0,HAM,47.744
Miami Grand Prix,41.0,SAI,50.416
Miami Grand Prix,41.0,HAD,60.111
Miami Grand Prix,41.0,RUS,31.229
Miami Grand Prix,41.0,PIA,0.0
Miami Grand Prix,42.0,VER,33.413
Miami Grand Prix,42.0,GAS,70.141
Miami Grand Prix,42.0,ANT,44.481
Miami Grand Prix,42.0,ALO,82.127
Miami Grand Prix,42.0,LEC,49.824
Miami Grand Prix,42.0,STR,85.113
Miami Grand Prix,42.0,TSU,56.659
Miami Grand Prix,42.0,ALB,41.132
Miami Grand Prix,42.0,HUL,77.749
Miami Grand Prix,42.0,OCO,61.834
Miami Grand Prix,42.0,NOR,6.331
Miami Grand Prix,42.0,HAM,48.646
Miami Grand Prix,42.0,SAI,51.268
Miami Grand Prix,42.0,HAD,61.285
Miami Grand Prix,42.0,RUS,31.677
Miami Grand Prix,42.0,PIA,0.0
Miami Grand Prix,43.0,VER,33.775
Miami Grand Prix,43.0,GAS,71.239
Miami Grand Prix,43.0,ANT,45.684
Miami Grand Prix,43.0,ALO,83.661
Miami Grand Prix,43.0,LEC,50.669
Miami Grand Prix,43.0,STR,86.89
Miami Grand Prix,43.0,TSU,57.475
Miami Grand Prix,43.0,ALB,41.891
Miami Grand Prix,43.0,HUL,78.351
Miami Grand Prix,43.0,OCO,63.091
Miami Grand Prix,43.0,NOR,6.062
Miami Grand Prix,43.0,HAM,49.755
Miami Grand Prix,43.0,SAI,52.103
Miami Grand Prix,43.0,HAD,62.31
Miami Grand Prix,43.0,RUS,32.224
Miami Grand Prix,43.0,PIA,0.0
Miami Grand Prix,44.0,VER,34.46
Miami Grand Prix,44.0,GAS,72.545
Miami Grand Prix,44.0,ANT,46.734
Miami Grand Prix,44.0,ALO,85.484
Miami Grand Prix,44.0,LEC,51.589
Miami Grand Prix,44.0,STR,89.106
Miami Grand Prix,44.0,TSU,58.521
Miami Grand Prix,44.0,ALB,42.923
Miami Grand Prix,44.0,HUL,79.322
Miami Grand Prix,44.0,OCO,64.79
Miami Grand Prix,44.0,NOR,5.949
Miami Grand Prix,44.0,HAM,50.892
Miami Grand Prix,44.0,SAI,53.123
Miami Grand Prix,44.0,HAD,63.632
Miami Grand Prix,44.0,RUS,32.882
Miami Grand Prix,44.0,PIA,0.0
Miami Grand Prix,45.0,VER,34.514
Miami Grand Prix,45.0,GAS,74.401
Miami Grand Prix,45.0,ANT,47.571
Miami Grand Prix,45.0,ALO,86.823
Miami Grand Prix,45.0,LEC,52.167
Miami Grand Prix,45.0,STR,93.055
Miami Grand Prix,45.0,TSU,59.267
Miami Grand Prix,45.0,ALB,43.456
Miami Grand Prix,45.0,HUL,80.054
Miami Grand Prix,45.0,OCO,66.3
Miami Grand Prix,45.0,NOR,5.455
Miami Grand Prix,45.0,HAM,51.349
Miami Grand Prix,45.0,SAI,53.822
Miami Grand Prix,45.0,HAD,64.555
Miami Grand Prix,45.0,RUS,33.13
Miami Grand Prix,45.0,PIA,0.0
Miami Grand Prix,46.0,VER,34.838
Miami Grand Prix,46.0,GAS,75.661
Miami Grand Prix,46.0,ANT,48.49
Miami Grand Prix,46.0,ALO,88.429
Miami Grand Prix,46.0,LEC,52.848
Miami Grand Prix,46.0,STR,96.997
Miami Grand Prix,46.0,TSU,60.041
Miami Grand Prix,46.0,ALB,43.876
Miami Grand Prix,46.0,HUL,80.454
Miami Grand Prix,46.0,OCO,67.485
Miami Grand Prix,46.0,NOR,4.784
Miami Grand Prix,46.0,HAM,51.706
Miami Grand Prix,46.0,SAI,54.207
Miami Grand Prix,46.0,HAD,65.432
Miami Grand Prix,46.0,RUS,33.255
Miami Grand Prix,46.0,PIA,0.0
Miami Grand Prix,47.0,VER,35.602
Miami Grand Prix,47.0,GAS,76.727
Miami Grand Prix,47.0,ANT,49.493
Miami Grand Prix,47.0,ALO,91.523
Miami Grand Prix,47.0,LEC,53.46
Miami Grand Prix,47.0,STR,99.287
Miami Grand Prix,47.0,TSU,60.715
Miami Grand Prix,47.0,ALB,44.516
Miami Grand Prix,47.0,HUL,81.134
Miami Grand Prix,47.0,OCO,68.775
Miami Grand Prix,47.0,NOR,4.467
Miami Grand Prix,47.0,HAM,52.807
Miami Grand Prix,47.0,SAI,54.963
Miami Grand Prix,47.0,HAD,66.632
Miami Grand Prix,47.0,RUS,33.762
Miami Grand Prix,47.0,PIA,0.0
Miami Grand Prix,48.0,VER,35.922
Miami Grand Prix,48.0,GAS,77.495
Miami Grand Prix,48.0,ANT,50.006
Miami Grand Prix,48.0,ALO,93.52
Miami Grand Prix,48.0,LEC,53.789
Miami Grand Prix,48.0,STR,101.249
Miami Grand Prix,48.0,TSU,61.684
Miami Grand Prix,48.0,ALB,45.012
Miami Grand Prix,48.0,HUL,81.699
Miami Grand Prix,48.0,OCO,69.749
Miami Grand Prix,48.0,NOR,4.018
Miami Grand Prix,48.0,HAM,53.139
Miami Grand Prix,48.0,SAI,55.337
Miami Grand Prix,48.0,HAD,67.245
Miami Grand Prix,48.0,RUS,34.024
Miami Grand Prix,48.0,PIA,0.0
Miami Grand Prix,49.0,VER,36.52
Miami Grand Prix,49.0,GAS,78.807
Miami Grand Prix,49.0,ANT,51.145
Miami Grand Prix,49.0,ALO,97.492
Miami Grand Prix,49.0,LEC,54.646
Miami Grand Prix,49.0,STR,103.301
Miami Grand Prix,49.0,TSU,62.823
Miami Grand Prix,49.0,ALB,45.859
Miami Grand Prix,49.0,HUL,82.861
Miami Grand Prix,49.0,OCO,71.681
Miami Grand Prix,49.0,NOR,4.237
Miami Grand Prix,49.0,HAM,54.033
Miami Grand Prix,49.0,SAI,56.194
Miami Grand Prix,49.0,HAD,68.295
Miami Grand Prix,49.0,RUS,34.974
Miami Grand Prix,49.0,PIA,0.0
Miami Grand Prix,50.0,VER,37.052
Miami Grand Prix,50.0,GAS,80.062
Miami Grand Prix,50.0,ANT,51.955
Miami Grand Prix,50.0,ALO,100.291
Miami Grand Prix,50.0,LEC,55.338
Miami Grand Prix,50.0,STR,104.934
Miami Grand Prix,50.0,TSU,64.05
Miami Grand Prix,50.0,ALB,46.673
Miami Grand Prix,50.0,HUL,83.952
Miami Grand Prix,50.0,OCO,73.187
Miami Grand Prix,50.0,NOR,3.892
Miami Grand Prix,50.0,HAM,54.57
Miami Grand Prix,50.0,SAI,57.038
Miami Grand Prix,50.0,HAD,69.156
Miami Grand Prix,50.0,RUS,35.59
Miami Grand Prix,50.0,PIA,0.0
Miami Grand Prix,51.0,VER,37.483
Miami Grand Prix,51.0,GAS,81.456
Miami Grand Prix,51.0,ANT,52.817
Miami Grand Prix,51.0,ALO,102.415
Miami Grand Prix,51.0,LEC,55.792
Miami Grand Prix,51.0,STR,106.86
Miami Grand Prix,51.0,TSU,65.126
Miami Grand Prix,51.0,ALB,47.257
Miami Grand Prix,51.0,HUL,85.212
Miami Grand Prix,51.0,OCO,74.67
Miami Grand Prix,51.0,NOR,3.689
Miami Grand Prix,51.0,HAM,55.223
Miami Grand Prix,51.0,SAI,57.748
Miami Grand Prix,51.0,HAD,70.024
Miami Grand Prix,51.0,RUS,36.131
Miami Grand Prix,51.0,PIA,0.0
Miami Grand Prix,52.0,VER,38.011
Miami Grand Prix,52.0,GAS,83.301
Miami Grand Prix,52.0,ANT,53.545
Miami Grand Prix,52.0,ALO,104.151
Miami Grand Prix,52.0,LEC,56.522
Miami Grand Prix,52.0,STR,108.895
Miami Grand Prix,52.0,TSU,66.118
Miami Grand Prix,52.0,ALB,47.696
Miami Grand Prix,52.0,HUL,86.734
Miami Grand Prix,52.0,OCO,76.191
Miami Grand Prix,52.0,NOR,3.842
Miami Grand Prix,52.0,HAM,57.14
Miami Grand Prix,52.0,SAI,58.266
Miami Grand Prix,52.0,HAD,71.007
Miami Grand Prix,52.0,RUS,36.523
Miami Grand Prix,52.0,PIA,0.0
Miami Grand Prix,53.0,VER,38.24
Miami Grand Prix,53.0,GAS,84.591
Miami Grand Prix,53.0,ANT,53.875
Miami Grand Prix,53.0,ALO,106.102
Miami Grand Prix,53.0,LEC,56.415
Miami Grand Prix,53.0,STR,110.503
Miami Grand Prix,53.0,TSU,66.727
Miami Grand Prix,53.0,ALB,47.726
Miami Grand Prix,53.0,HUL,87.495
Miami Grand Prix,53.0,OCO,77.348
Miami Grand Prix,53.0,NOR,3.724
Miami Grand Prix,53.0,HAM,57.261
Miami Grand Prix,53.0,SAI,58.485
Miami Grand Prix,53.0,HAD,71.658
Miami Grand Prix,53.0,RUS,36.383
Miami Grand Prix,53.0,PIA,0.0
Miami Grand Prix,54.0,VER,39.577
Miami Grand Prix,54.0,GAS,86.259
Miami Grand Prix,54.0,ANT,54.518
Miami Grand Prix,54.0,ALO,108.328
Miami Grand Prix,54.0,LEC,56.642
Miami Grand Prix,54.0,STR,112.42
Miami Grand Prix,54.0,TSU,67.799
Miami Grand Prix,54.0,ALB,48.114
Miami Grand Prix,54.0,HUL,88.363
Miami Grand Prix,54.0,OCO,78.873
Miami Grand Prix,54.0,NOR,3.93
Miami Grand Prix,54.0,HAM,57.985
Miami Grand Prix,54.0,SAI,59.12
Miami Grand Prix,54.0,HAD,72.606
Miami Grand Prix,54.0,RUS,36.63
Miami Grand Prix,54.0,PIA,0.0
Miami Grand Prix,55.0,VER,39.339
Miami Grand Prix,55.0,GAS,87.072
Miami Grand Prix,55.0,ANT,54.586
Miami Grand Prix,55.0,ALO,109.722
Miami Grand Prix,55.0,LEC,56.482
Miami Grand Prix,55.0,STR,113.735
Miami Grand Prix,55.0,TSU,68.002
Miami Grand Prix,55.0,ALB,47.835
Miami Grand Prix,55.0,HUL,88.758
Miami Grand Prix,55.0,OCO,79.698
Miami Grand Prix,55.0,NOR,3.933
Miami Grand Prix,55.0,HAM,58.223
Miami Grand Prix,55.0,SAI,59.16
Miami Grand Prix,55.0,HAD,72.973
Miami Grand Prix,55.0,RUS,36.658
Miami Grand Prix,55.0,PIA,0.0
Miami Grand Prix,56.0,VER,39.411
Miami Grand Prix,56.0,GAS,88.012
Miami Grand Prix,56.0,ANT,54.944
Miami Grand Prix,56.0,ALO,111.42
Miami Grand Prix,56.0,LEC,56.61
Miami Grand Prix,56.0,STR,115.603
Miami Grand Prix,56.0,TSU,68.824
Miami Grand Prix,56.0,ALB,47.931
Miami Grand Prix,56.0,HUL,91.596
Miami Grand Prix,56.0,OCO,80.601
Miami Grand Prix,56.0,NOR,4.086
Miami Grand Prix,56.0,HAM,58.669
Miami Grand Prix,56.0,SAI,59.759
Miami Grand Prix,56.0,HAD,73.73
Miami Grand Prix,56.0,RUS,37.08
Miami Grand Prix,56.0,PIA,0.0
Miami Grand Prix,57.0,VER,39.956
Miami Grand Prix,57.0,GAS,90.445
Miami Grand Prix,57.0,ANT,55.502
Miami Grand Prix,57.0,LEC,57.036
Miami Grand Prix,57.0,TSU,69.434
Miami Grand Prix,57.0,ALB,48.067
Miami Grand Prix,57.0,OCO,82.006
Miami Grand Prix,57.0,NOR,4.63
Miami Grand Prix,57.0,HAM,60.186
Miami Grand Prix,57.0,SAI,60.577
Miami Grand Prix,57.0,HAD,74.602
Miami Grand Prix,57.0,RUS,37.644
Miami Grand Prix,57.0,PIA,0.0
Emilia Romagna Grand Prix,1.0,VER,0.0
Emilia Romagna Grand Prix,1.0,GAS,5.244
Emilia Romagna Grand Prix,1.0,ANT,6.542
Emilia Romagna Grand Prix,1.0,ALO,3.368
Emilia Romagna Grand Prix,1.0,LEC,5.579
Emilia Romagna Grand Prix,1.0,STR,4.765
Emilia Romagna Grand Prix,1.0,TSU,12.064
Emilia Romagna Grand Prix,1.0,ALB,4.411
Emilia Romagna Grand Prix,1.0,HUL,8.943999999999999
Emilia Romagna Grand Prix,1.0,LAW,7.953
Emilia Romagna Grand Prix,1.0,OCO,13.505
Emilia Romagna Grand Prix,1.0,NOR,2.814
Emilia Romagna Grand Prix,1.0,COL,9.378
Emilia Romagna Grand Prix,1.0,HAM,6.989
Emilia Romagna Grand Prix,1.0,BOR,7.424
Emilia Romagna Grand Prix,1.0,SAI,3.941
Emilia Romagna Grand Prix,1.0,HAD,6.053
Emilia Romagna Grand Prix,1.0,RUS,1.976
Emilia Romagna Grand Prix,1.0,PIA,0.974
Emilia Romagna Grand Prix,1.0,BEA,10.059
Emilia Romagna Grand Prix,2.0,VER,0.0
Emilia Romagna Grand Prix,2.0,GAS,6.884
Emilia Romagna Grand Prix,2.0,ANT,8.704
Emilia Romagna Grand Prix,2.0,ALO,4.3870000000000005
Emilia Romagna Grand Prix,2.0,LEC,7.3469999999999995
Emilia Romagna Grand Prix,2.0,STR,6.131
Emilia Romagna Grand Prix,2.0,TSU,13.659
Emilia Romagna Grand Prix,2.0,ALB,5.603
Emilia Romagna Grand Prix,2.0,HUL,11.092
Emilia Romagna Grand Prix,2.0,LAW,10.452
Emilia Romagna Grand Prix,2.0,OCO,36.861
Emilia Romagna Grand Prix,2.0,NOR,3.502
Emilia Romagna Grand Prix,2.0,COL,11.604
Emilia Romagna Grand Prix,2.0,HAM,8.92
Emilia Romagna Grand Prix,2.0,BOR,9.712
Emilia Romagna Grand Prix,2.0,SAI,5.01
Emilia Romagna Grand Prix,2.0,HAD,7.898
Emilia Romagna Grand Prix,2.0,RUS,2.441
Emilia Romagna Grand Prix,2.0,PIA,1.444
Emilia Romagna Grand Prix,2.0,BEA,12.764
Emilia Romagna Grand Prix,3.0,VER,0.0
Emilia Romagna Grand Prix,3.0,GAS,11.392
Emilia Romagna Grand Prix,3.0,ANT,9.234
Emilia Romagna Grand Prix,3.0,ALO,4.7379999999999995
Emilia Romagna Grand Prix,3.0,LEC,7.66
Emilia Romagna Grand Prix,3.0,STR,6.703
Emilia Romagna Grand Prix,3.0,TSU,14.663
Emilia Romagna Grand Prix,3.0,ALB,6.119
Emilia Romagna Grand Prix,3.0,HUL,12.504
Emilia Romagna Grand Prix,3.0,LAW,11.931000000000001
Emilia Romagna Grand Prix,3.0,OCO,37.016
Emilia Romagna Grand Prix,3.0,NOR,3.706
Emilia Romagna Grand Prix,3.0,COL,13.215
Emilia Romagna Grand Prix,3.0,HAM,9.742
Emilia Romagna Grand Prix,3.0,BOR,10.691
Emilia Romagna Grand Prix,3.0,SAI,5.408
Emilia Romagna Grand Prix,3.0,HAD,8.573
Emilia Romagna Grand Prix,3.0,RUS,2.801
Emilia Romagna Grand Prix,3.0,PIA,1.5310000000000001
Emilia Romagna Grand Prix,3.0,BEA,14.125
Emilia Romagna Grand Prix,4.0,VER,0.0
Emilia Romagna Grand Prix,4.0,GAS,11.979
Emilia Romagna Grand Prix,4.0,ANT,9.255
Emilia Romagna Grand Prix,4.0,ALO,5.163
Emilia Romagna Grand Prix,4.0,LEC,7.87
Emilia Romagna Grand Prix,4.0,STR,7.424
Emilia Romagna Grand Prix,4.0,TSU,15.947
Emilia Romagna Grand Prix,4.0,ALB,6.654
Emilia Romagna Grand Prix,4.0,HUL,13.72
Emilia Romagna Grand Prix,4.0,LAW,12.823
Emilia Romagna Grand Prix,4.0,OCO,37.221
Emilia Romagna Grand Prix,4.0,NOR,4.135
Emilia Romagna Grand Prix,4.0,COL,14.449
Emilia Romagna Grand Prix,4.0,HAM,9.754
Emilia Romagna Grand Prix,4.0,BOR,11.055
Emilia Romagna Grand Prix,4.0,SAI,5.697
Emilia Romagna Grand Prix,4.0,HAD,8.588
Emilia Romagna Grand Prix,4.0,RUS,3.29
Emilia Romagna Grand Prix,4.0,PIA,1.603
Emilia Romagna Grand Prix,4.0,BEA,15.248
Emilia Romagna Grand Prix,5.0,VER,0.0
Emilia Romagna Grand Prix,5.0,GAS,12.419
Emilia Romagna Grand Prix,5.0,ANT,9.553
Emilia Romagna Grand Prix,5.0,ALO,5.336
Emilia Romagna Grand Prix,5.0,LEC,8.348
Emilia Romagna Grand Prix,5.0,STR,7.723
Emilia Romagna Grand Prix,5.0,TSU,16.984
Emilia Romagna Grand Prix,5.0,ALB,7.041
Emilia Romagna Grand Prix,5.0,HUL,14.414
Emilia Romagna Grand Prix,5.0,LAW,13.512
Emilia Romagna Grand Prix,5.0,OCO,37.644
Emilia Romagna Grand Prix,5.0,NOR,4.4879999999999995
Emilia Romagna Grand Prix,5.0,COL,15.273
Emilia Romagna Grand Prix,5.0,HAM,9.965
Emilia Romagna Grand Prix,5.0,BOR,11.639
Emilia Romagna Grand Prix,5.0,SAI,6.177
Emilia Romagna Grand Prix,5.0,HAD,8.959
Emilia Romagna Grand Prix,5.0,RUS,3.447
Emilia Romagna Grand Prix,5.0,PIA,1.471
Emilia Romagna Grand Prix,5.0,BEA,16.287
Emilia Romagna Grand Prix,6.0,VER,0.0
Emilia Romagna Grand Prix,6.0,GAS,12.983
Emilia Romagna Grand Prix,6.0,ANT,10.299
Emilia Romagna Grand Prix,6.0,ALO,6.087
Emilia Romagna Grand Prix,6.0,LEC,8.992
Emilia Romagna Grand Prix,6.0,STR,8.473
Emilia Romagna Grand Prix,6.0,TSU,18.093
Emilia Romagna Grand Prix,6.0,ALB,7.73
Emilia Romagna Grand Prix,6.0,HUL,15.608
Emilia Romagna Grand Prix,6.0,LAW,14.333
Emilia Romagna Grand Prix,6.0,OCO,38.276
Emilia Romagna Grand Prix,6.0,NOR,5.029
Emilia Romagna Grand Prix,6.0,COL,16.379
Emilia Romagna Grand Prix,6.0,HAM,10.637
Emilia Romagna Grand Prix,6.0,BOR,12.337
Emilia Romagna Grand Prix,6.0,SAI,6.959
Emilia Romagna Grand Prix,6.0,HAD,9.628
Emilia Romagna Grand Prix,6.0,RUS,4.243
Emilia Romagna Grand Prix,6.0,PIA,1.81
Emilia Romagna Grand Prix,6.0,BEA,17.355
Emilia Romagna Grand Prix,7.0,VER,0.0
Emilia Romagna Grand Prix,7.0,GAS,13.949
Emilia Romagna Grand Prix,7.0,ANT,10.797
Emilia Romagna Grand Prix,7.0,ALO,6.246
Emilia Romagna Grand Prix,7.0,LEC,9.658
Emilia Romagna Grand Prix,7.0,STR,8.652
Emilia Romagna Grand Prix,7.0,TSU,18.776
Emilia Romagna Grand Prix,7.0,ALB,7.817
Emilia Romagna Grand Prix,7.0,HUL,16.34
Emilia Romagna Grand Prix,7.0,LAW,14.901
Emilia Romagna Grand Prix,7.0,OCO,38.578
Emilia Romagna Grand Prix,7.0,NOR,4.88
Emilia Romagna Grand Prix,7.0,COL,17.128
Emilia Romagna Grand Prix,7.0,HAM,11.091
Emilia Romagna Grand Prix,7.0,BOR,12.706
Emilia Romagna Grand Prix,7.0,SAI,6.843
Emilia Romagna Grand Prix,7.0,HAD,10.339
Emilia Romagna Grand Prix,7.0,RUS,4.252
Emilia Romagna Grand Prix,7.0,PIA,1.721
Emilia Romagna Grand Prix,7.0,BEA,18.309
Emilia Romagna Grand Prix,8.0,VER,0.0
Emilia Romagna Grand Prix,8.0,GAS,14.669
Emilia Romagna Grand Prix,8.0,ANT,11.967
Emilia Romagna Grand Prix,8.0,ALO,6.987
Emilia Romagna Grand Prix,8.0,LEC,10.262
Emilia Romagna Grand Prix,8.0,STR,9.53
Emilia Romagna Grand Prix,8.0,TSU,20.079
Emilia Romagna Grand Prix,8.0,ALB,8.564
Emilia Romagna Grand Prix,8.0,HUL,17.418
Emilia Romagna Grand Prix,8.0,LAW,15.806000000000001
Emilia Romagna Grand Prix,8.0,OCO,39.168
Emilia Romagna Grand Prix,8.0,NOR,5.384
Emilia Romagna Grand Prix,8.0,COL,18.23
Emilia Romagna Grand Prix,8.0,HAM,12.303
Emilia Romagna Grand Prix,8.0,BOR,13.752
Emilia Romagna Grand Prix,8.0,SAI,7.799
Emilia Romagna Grand Prix,8.0,HAD,11.22
Emilia Romagna Grand Prix,8.0,RUS,4.79
Emilia Romagna Grand Prix,8.0,PIA,1.693
Emilia Romagna Grand Prix,8.0,BEA,19.371
Emilia Romagna Grand Prix,9.0,VER,0.0
Emilia Romagna Grand Prix,9.0,GAS,19.874
Emilia Romagna Grand Prix,9.0,ANT,12.426
Emilia Romagna Grand Prix,9.0,ALO,7.781
Emilia Romagna Grand Prix,9.0,LEC,10.781
Emilia Romagna Grand Prix,9.0,STR,10.176
Emilia Romagna Grand Prix,9.0,TSU,21.145
Emilia Romagna Grand Prix,9.0,ALB,9.344
Emilia Romagna Grand Prix,9.0,HUL,18.359
Emilia Romagna Grand Prix,9.0,LAW,16.739
Emilia Romagna Grand Prix,9.0,OCO,39.859
Emilia Romagna Grand Prix,9.0,NOR,6.676
Emilia Romagna Grand Prix,9.0,COL,18.95
Emilia Romagna Grand Prix,9.0,HAM,13.017
Emilia Romagna Grand Prix,9.0,BOR,14.746
Emilia Romagna Grand Prix,9.0,SAI,8.647
Emilia Romagna Grand Prix,9.0,HAD,11.659
Emilia Romagna Grand Prix,9.0,RUS,6.091
Emilia Romagna Grand Prix,9.0,PIA,1.667
Emilia Romagna Grand Prix,9.0,BEA,20.583
Emilia Romagna Grand Prix,10.0,VER,0.0
Emilia Romagna Grand Prix,10.0,GAS,44.023
Emilia Romagna Grand Prix,10.0,ANT,13.129
Emilia Romagna Grand Prix,10.0,ALO,9.352
Emilia Romagna Grand Prix,10.0,LEC,16.275
Emilia Romagna Grand Prix,10.0,STR,11.386
Emilia Romagna Grand Prix,10.0,TSU,22.36
Emilia Romagna Grand Prix,10.0,ALB,10.69
Emilia Romagna Grand Prix,10.0,HUL,19.136
Emilia Romagna Grand Prix,10.0,LAW,21.682
Emilia Romagna Grand Prix,10.0,OCO,40.807
Emilia Romagna Grand Prix,10.0,NOR,8.401
Emilia Romagna Grand Prix,10.0,COL,20.2
Emilia Romagna Grand Prix,10.0,HAM,13.81
Emilia Romagna Grand Prix,10.0,BOR,16.09
Emilia Romagna Grand Prix,10.0,SAI,10.141
Emilia Romagna Grand Prix,10.0,HAD,12.616
Emilia Romagna Grand Prix,10.0,RUS,7.93
Emilia Romagna Grand Prix,10.0,PIA,2.152
Emilia Romagna Grand Prix,10.0,BEA,21.398
Emilia Romagna Grand Prix,11.0,VER,0.0
Emilia Romagna Grand Prix,11.0,GAS,43.977
Emilia Romagna Grand Prix,11.0,ANT,14.593
Emilia Romagna Grand Prix,11.0,ALO,12.103
Emilia Romagna Grand Prix,11.0,LEC,37.44
Emilia Romagna Grand Prix,11.0,STR,13.572
Emilia Romagna Grand Prix,11.0,TSU,23.064
Emilia Romagna Grand Prix,11.0,ALB,13.111
Emilia Romagna Grand Prix,11.0,HUL,20.264
Emilia Romagna Grand Prix,11.0,LAW,45.845
Emilia Romagna Grand Prix,11.0,OCO,41.744
Emilia Romagna Grand Prix,11.0,NOR,10.162
Emilia Romagna Grand Prix,11.0,COL,21.014
Emilia Romagna Grand Prix,11.0,HAM,15.072
Emilia Romagna Grand Prix,11.0,BOR,17.655
Emilia Romagna Grand Prix,11.0,SAI,17.155
Emilia Romagna Grand Prix,11.0,HAD,14.106
Emilia Romagna Grand Prix,11.0,RUS,15.915
Emilia Romagna Grand Prix,11.0,PIA,2.604
Emilia Romagna Grand Prix,11.0,BEA,22.128
Emilia Romagna Grand Prix,12.0,VER,0.0
Emilia Romagna Grand Prix,12.0,GAS,43.788
Emilia Romagna Grand Prix,12.0,ANT,16.157
Emilia Romagna Grand Prix,12.0,ALO,16.745
Emilia Romagna Grand Prix,12.0,LEC,36.435
Emilia Romagna Grand Prix,12.0,STR,14.815
Emilia Romagna Grand Prix,12.0,TSU,23.994
Emilia Romagna Grand Prix,12.0,ALB,13.893
Emilia Romagna Grand Prix,12.0,HUL,21.469
Emilia Romagna Grand Prix,12.0,LAW,46.038
Emilia Romagna Grand Prix,12.0,OCO,42.758
Emilia Romagna Grand Prix,12.0,NOR,10.673
Emilia Romagna Grand Prix,12.0,COL,22.407
Emilia Romagna Grand Prix,12.0,HAM,16.679
Emilia Romagna Grand Prix,12.0,BOR,23.736
Emilia Romagna Grand Prix,12.0,SAI,39.466
Emilia Romagna Grand Prix,12.0,HAD,15.602
Emilia Romagna Grand Prix,12.0,RUS,38.11
Emilia Romagna Grand Prix,12.0,PIA,2.774
Emilia Romagna Grand Prix,12.0,BEA,23.211
Emilia Romagna Grand Prix,13.0,VER,0.0
Emilia Romagna Grand Prix,13.0,GAS,44.546
Emilia Romagna Grand Prix,13.0,ANT,17.383
Emilia Romagna Grand Prix,13.0,ALO,39.647
Emilia Romagna Grand Prix,13.0,LEC,36.117
Emilia Romagna Grand Prix,13.0,STR,15.648
Emilia Romagna Grand Prix,13.0,TSU,25.178
Emilia Romagna Grand Prix,13.0,ALB,14.216
Emilia Romagna Grand Prix,13.0,HUL,22.502
Emilia Romagna Grand Prix,13.0,LAW,45.848
Emilia Romagna Grand Prix,13.0,OCO,44.173
Emilia Romagna Grand Prix,13.0,NOR,10.53
Emilia Romagna Grand Prix,13.0,COL,23.407
Emilia Romagna Grand Prix,13.0,HAM,17.899
Emilia Romagna Grand Prix,13.0,BOR,48.228
Emilia Romagna Grand Prix,13.0,SAI,40.223
Emilia Romagna Grand Prix,13.0,HAD,16.629
Emilia Romagna Grand Prix,13.0,RUS,38.009
Emilia Romagna Grand Prix,13.0,PIA,7.5440000000000005
Emilia Romagna Grand Prix,13.0,BEA,24.25
Emilia Romagna Grand Prix,14.0,VER,0.0
Emilia Romagna Grand Prix,14.0,GAS,44.583
Emilia Romagna Grand Prix,14.0,ANT,18.494
Emilia Romagna Grand Prix,14.0,ALO,41.288
Emilia Romagna Grand Prix,14.0,LEC,35.771
Emilia Romagna Grand Prix,14.0,STR,21.26
Emilia Romagna Grand Prix,14.0,TSU,26.65
Emilia Romagna Grand Prix,14.0,ALB,14.793
Emilia Romagna Grand Prix,14.0,HUL,23.697
Emilia Romagna Grand Prix,14.0,LAW,46.928
Emilia Romagna Grand Prix,14.0,OCO,46.638
Emilia Romagna Grand Prix,14.0,NOR,10.45
Emilia Romagna Grand Prix,14.0,COL,24.814
Emilia Romagna Grand Prix,14.0,HAM,19.108
Emilia Romagna Grand Prix,14.0,BOR,48.712
Emilia Romagna Grand Prix,14.0,SAI,40.089
Emilia Romagna Grand Prix,14.0,HAD,17.711
Emilia Romagna Grand Prix,14.0,RUS,38.017
Emilia Romagna Grand Prix,14.0,PIA,31.266
Emilia Romagna Grand Prix,14.0,BEA,25.719
Emilia Romagna Grand Prix,15.0,VER,0.0
Emilia Romagna Grand Prix,15.0,GAS,44.936
Emilia Romagna Grand Prix,15.0,ANT,19.461
Emilia Romagna Grand Prix,15.0,ALO,42.391
Emilia Romagna Grand Prix,15.0,LEC,35.596
Emilia Romagna Grand Prix,15.0,STR,45.381
Emilia Romagna Grand Prix,15.0,TSU,28.275
Emilia Romagna Grand Prix,15.0,ALB,15.58
Emilia Romagna Grand Prix,15.0,HUL,24.933
Emilia Romagna Grand Prix,15.0,LAW,47.914
Emilia Romagna Grand Prix,15.0,OCO,49.486
Emilia Romagna Grand Prix,15.0,NOR,10.275
Emilia Romagna Grand Prix,15.0,COL,26.362
Emilia Romagna Grand Prix,15.0,HAM,20.068
Emilia Romagna Grand Prix,15.0,BOR,49.919
Emilia Romagna Grand Prix,15.0,SAI,40.422
Emilia Romagna Grand Prix,15.0,HAD,18.516
Emilia Romagna Grand Prix,15.0,RUS,38.142
Emilia Romagna Grand Prix,15.0,PIA,30.989
Emilia Romagna Grand Prix,15.0,BEA,27.385
Emilia Romagna Grand Prix,16.0,VER,0.0
Emilia Romagna Grand Prix,16.0,GAS,46.667
Emilia Romagna Grand Prix,16.0,ANT,20.605
Emilia Romagna Grand Prix,16.0,ALO,42.678
Emilia Romagna Grand Prix,16.0,LEC,35.278
Emilia Romagna Grand Prix,16.0,STR,45.658
Emilia Romagna Grand Prix,16.0,TSU,29.731
Emilia Romagna Grand Prix,16.0,ALB,16.092
Emilia Romagna Grand Prix,16.0,HUL,25.928
Emilia Romagna Grand Prix,16.0,LAW,48.63
Emilia Romagna Grand Prix,16.0,OCO,52.166
Emilia Romagna Grand Prix,16.0,NOR,9.828
Emilia Romagna Grand Prix,16.0,COL,27.692
Emilia Romagna Grand Prix,16.0,HAM,21.347
Emilia Romagna Grand Prix,16.0,BOR,50.722
Emilia Romagna Grand Prix,16.0,SAI,40.435
Emilia Romagna Grand Prix,16.0,HAD,19.571
Emilia Romagna Grand Prix,16.0,RUS,38.436
Emilia Romagna Grand Prix,16.0,PIA,30.598
Emilia Romagna Grand Prix,16.0,BEA,28.773
Emilia Romagna Grand Prix,17.0,VER,0.0
Emilia Romagna Grand Prix,17.0,GAS,47.827
Emilia Romagna Grand Prix,17.0,ANT,21.846
Emilia Romagna Grand Prix,17.0,ALO,43.354
Emilia Romagna Grand Prix,17.0,LEC,34.975
Emilia Romagna Grand Prix,17.0,STR,46.603
Emilia Romagna Grand Prix,17.0,TSU,31.259
Emilia Romagna Grand Prix,17.0,ALB,16.866
Emilia Romagna Grand Prix,17.0,HUL,27.275
Emilia Romagna Grand Prix,17.0,LAW,49.735
Emilia Romagna Grand Prix,17.0,OCO,53.98
Emilia Romagna Grand Prix,17.0,NOR,9.637
Emilia Romagna Grand Prix,17.0,COL,29.118
Emilia Romagna Grand Prix,17.0,HAM,22.543
Emilia Romagna Grand Prix,17.0,BOR,51.987
Emilia Romagna Grand Prix,17.0,SAI,40.841
Emilia Romagna Grand Prix,17.0,HAD,20.638
Emilia Romagna Grand Prix,17.0,RUS,39.075
Emilia Romagna Grand Prix,17.0,PIA,31.482
Emilia Romagna Grand Prix,17.0,BEA,30.415
Emilia Romagna Grand Prix,18.0,VER,0.0
Emilia Romagna Grand Prix,18.0,GAS,48.951
Emilia Romagna Grand Prix,18.0,ANT,23.232
Emilia Romagna Grand Prix,18.0,ALO,44.433
Emilia Romagna Grand Prix,18.0,LEC,35.617
Emilia Romagna Grand Prix,18.0,STR,47.685
Emilia Romagna Grand Prix,18.0,TSU,34.028
Emilia Romagna Grand Prix,18.0,ALB,17.83
Emilia Romagna Grand Prix,18.0,HUL,28.744
Emilia Romagna Grand Prix,18.0,LAW,50.882
Emilia Romagna Grand Prix,18.0,OCO,55.84
Emilia Romagna Grand Prix,18.0,NOR,9.903
Emilia Romagna Grand Prix,18.0,COL,31.167
Emilia Romagna Grand Prix,18.0,HAM,24.065
Emilia Romagna Grand Prix,18.0,BOR,53.387
Emilia Romagna Grand Prix,18.0,SAI,41.443
Emilia Romagna Grand Prix,18.0,HAD,22.268
Emilia Romagna Grand Prix,18.0,RUS,39.775
Emilia Romagna Grand Prix,18.0,PIA,32.786
Emilia Romagna Grand Prix,18.0,BEA,32.518
Emilia Romagna Grand Prix,19.0,VER,0.0
Emilia Romagna Grand Prix,19.0,GAS,49.686
Emilia Romagna Grand Prix,19.0,ANT,24.408
Emilia Romagna Grand Prix,19.0,ALO,44.902
Emilia Romagna Grand Prix,19.0,LEC,35.713
Emilia Romagna Grand Prix,19.0,STR,48.476
Emilia Romagna Grand Prix,19.0,TSU,35.447
Emilia Romagna Grand Prix,19.0,ALB,18.354
Emilia Romagna Grand Prix,19.0,HUL,29.92
Emilia Romagna Grand Prix,19.0,LAW,51.604
Emilia Romagna Grand Prix,19.0,OCO,57.017
Emilia Romagna Grand Prix,19.0,NOR,9.594
Emilia Romagna Grand Prix,19.0,COL,32.973
Emilia Romagna Grand Prix,19.0,HAM,25.007
Emilia Romagna Grand Prix,19.0,BOR,54.273
Emilia Romagna Grand Prix,19.0,SAI,41.814
Emilia Romagna Grand Prix,19.0,HAD,23.454
Emilia Romagna Grand Prix,19.0,RUS,40.054
Emilia Romagna Grand Prix,19.0,PIA,33.103
Emilia Romagna Grand Prix,19.0,BEA,34.507
Emilia Romagna Grand Prix,20.0,VER,0.0
Emilia Romagna Grand Prix,20.0,GAS,50.464
Emilia Romagna Grand Prix,20.0,ANT,25.806
Emilia Romagna Grand Prix,20.0,ALO,45.783
Emilia Romagna Grand Prix,20.0,LEC,37.796
Emilia Romagna Grand Prix,20.0,STR,49.182
Emilia Romagna Grand Prix,20.0,TSU,37.467
Emilia Romagna Grand Prix,20.0,ALB,19.123
Emilia Romagna Grand Prix,20.0,HUL,31.582
Emilia Romagna Grand Prix,20.0,LAW,52.565
Emilia Romagna Grand Prix,20.0,OCO,58.547
Emilia Romagna Grand Prix,20.0,NOR,9.559
Emilia Romagna Grand Prix,20.0,COL,35.459
Emilia Romagna Grand Prix,20.0,HAM,26.461
Emilia Romagna Grand Prix,20.0,BOR,55.472
Emilia Romagna Grand Prix,20.0,SAI,42.134
Emilia Romagna Grand Prix,20.0,HAD,24.668
Emilia Romagna Grand Prix,20.0,RUS,40.928
Emilia Romagna Grand Prix,20.0,PIA,33.45
Emilia Romagna Grand Prix,20.0,BEA,36.273
Emilia Romagna Grand Prix,21.0,VER,0.0
Emilia Romagna Grand Prix,21.0,GAS,51.849
Emilia Romagna Grand Prix,21.0,ANT,26.943
Emilia Romagna Grand Prix,21.0,ALO,47.075
Emilia Romagna Grand Prix,21.0,LEC,38.483
Emilia Romagna Grand Prix,21.0,STR,50.379
Emilia Romagna Grand Prix,21.0,TSU,39.975
Emilia Romagna Grand Prix,21.0,ALB,20.01
Emilia Romagna Grand Prix,21.0,HUL,33.111
Emilia Romagna Grand Prix,21.0,LAW,53.603
Emilia Romagna Grand Prix,21.0,OCO,59.598
Emilia Romagna Grand Prix,21.0,NOR,9.687
Emilia Romagna Grand Prix,21.0,COL,37.288
Emilia Romagna Grand Prix,21.0,HAM,27.944
Emilia Romagna Grand Prix,21.0,BOR,56.401
Emilia Romagna Grand Prix,21.0,SAI,42.891
Emilia Romagna Grand Prix,21.0,HAD,25.951999999999998
Emilia Romagna Grand Prix,21.0,RUS,41.761
Emilia Romagna Grand Prix,21.0,PIA,33.738
Emilia Romagna Grand Prix,21.0,BEA,38.054
Emilia Romagna Grand Prix,22.0,VER,0.0
Emilia Romagna Grand Prix,22.0,GAS,53.005
Emilia Romagna Grand Prix,22.0,ANT,28.219
Emilia Romagna Grand Prix,22.0,ALO,47.7
Emilia Romagna Grand Prix,22.0,LEC,40.046
Emilia Romagna Grand Prix,22.0,STR,51.351
Emilia Romagna Grand Prix,22.0,TSU,41.528
Emilia Romagna Grand Prix,22.0,ALB,20.661
Emilia Romagna Grand Prix,22.0,HUL,35.692
Emilia Romagna Grand Prix,22.0,LAW,54.505
Emilia Romagna Grand Prix,22.0,OCO,61.088
Emilia Romagna Grand Prix,22.0,NOR,9.444
Emilia Romagna Grand Prix,22.0,COL,43.32
Emilia Romagna Grand Prix,22.0,HAM,29.187
Emilia Romagna Grand Prix,22.0,BOR,57.22
Emilia Romagna Grand Prix,22.0,SAI,43.64
Emilia Romagna Grand Prix,22.0,HAD,27.043
Emilia Romagna Grand Prix,22.0,RUS,42.243
Emilia Romagna Grand Prix,22.0,PIA,33.516
Emilia Romagna Grand Prix,22.0,BEA,39.764
Emilia Romagna Grand Prix,23.0,VER,0.0
Emilia Romagna Grand Prix,23.0,GAS,53.894
Emilia Romagna Grand Prix,23.0,ANT,29.091
Emilia Romagna Grand Prix,23.0,ALO,48.1
Emilia Romagna Grand Prix,23.0,LEC,39.458
Emilia Romagna Grand Prix,23.0,STR,52.042
Emilia Romagna Grand Prix,23.0,TSU,42.795
Emilia Romagna Grand Prix,23.0,ALB,20.998
Emilia Romagna Grand Prix,23.0,HUL,36.778
Emilia Romagna Grand Prix,23.0,LAW,55.488
Emilia Romagna Grand Prix,23.0,OCO,62.058
Emilia Romagna Grand Prix,23.0,NOR,9.168
Emilia Romagna Grand Prix,23.0,COL,67.739
Emilia Romagna Grand Prix,23.0,HAM,29.951
Emilia Romagna Grand Prix,23.0,BOR,57.78
Emilia Romagna Grand Prix,23.0,SAI,44.532
Emilia Romagna Grand Prix,23.0,HAD,27.971
Emilia Romagna Grand Prix,23.0,RUS,43.355
Emilia Romagna Grand Prix,23.0,PIA,32.792
Emilia Romagna Grand Prix,23.0,BEA,41.677
Emilia Romagna Grand Prix,24.0,VER,0.0
Emilia Romagna Grand Prix,24.0,GAS,54.965
Emilia Romagna Grand Prix,24.0,ANT,30.337
Emilia Romagna Grand Prix,24.0,ALO,48.893
Emilia Romagna Grand Prix,24.0,LEC,39.358
Emilia Romagna Grand Prix,24.0,STR,52.721
Emilia Romagna Grand Prix,24.0,TSU,43.847
Emilia Romagna Grand Prix,24.0,ALB,21.584
Emilia Romagna Grand Prix,24.0,HUL,37.866
Emilia Romagna Grand Prix,24.0,LAW,56.388
Emilia Romagna Grand Prix,24.0,OCO,63.2
Emilia Romagna Grand Prix,24.0,NOR,9.181
Emilia Romagna Grand Prix,24.0,COL,67.308
Emilia Romagna Grand Prix,24.0,HAM,30.967
Emilia Romagna Grand Prix,24.0,BOR,58.745
Emilia Romagna Grand Prix,24.0,SAI,45.602
Emilia Romagna Grand Prix,24.0,HAD,28.987
Emilia Romagna Grand Prix,24.0,RUS,44.25
Emilia Romagna Grand Prix,24.0,PIA,32.236
Emilia Romagna Grand Prix,24.0,BEA,42.308
Emilia Romagna Grand Prix,25.0,VER,0.0
Emilia Romagna Grand Prix,25.0,GAS,56.08
Emilia Romagna Grand Prix,25.0,ANT,31.291
Emilia Romagna Grand Prix,25.0,ALO,50.108
Emilia Romagna Grand Prix,25.0,LEC,39.806
Emilia Romagna Grand Prix,25.0,STR,53.584
Emilia Romagna Grand Prix,25.0,TSU,46.015
Emilia Romagna Grand Prix,25.0,ALB,22.463
Emilia Romagna Grand Prix,25.0,HUL,38.849
Emilia Romagna Grand Prix,25.0,LAW,57.527
Emilia Romagna Grand Prix,25.0,OCO,64.434
Emilia Romagna Grand Prix,25.0,NOR,9.379
Emilia Romagna Grand Prix,25.0,COL,66.746
Emilia Romagna Grand Prix,25.0,HAM,32.171
Emilia Romagna Grand Prix,25.0,BOR,59.792
Emilia Romagna Grand Prix,25.0,SAI,46.946
Emilia Romagna Grand Prix,25.0,HAD,29.958
Emilia Romagna Grand Prix,25.0,RUS,44.442
Emilia Romagna Grand Prix,25.0,PIA,32.392
Emilia Romagna Grand Prix,25.0,BEA,42.927
Emilia Romagna Grand Prix,26.0,VER,0.0
Emilia Romagna Grand Prix,26.0,GAS,57.603
Emilia Romagna Grand Prix,26.0,ANT,32.492
Emilia Romagna Grand Prix,26.0,ALO,51.48
Emilia Romagna Grand Prix,26.0,LEC,40.893
Emilia Romagna Grand Prix,26.0,STR,54.914
Emilia Romagna Grand Prix,26.0,TSU,47.46
Emilia Romagna Grand Prix,26.0,ALB,23.84
Emilia Romagna Grand Prix,26.0,HUL,40.496
Emilia Romagna Grand Prix,26.0,LAW,59.172
Emilia Romagna Grand Prix,26.0,OCO,66.069
Emilia Romagna Grand Prix,26.0,NOR,9.597
Emilia Romagna Grand Prix,26.0,COL,67.398
Emilia Romagna Grand Prix,26.0,HAM,33.938
Emilia Romagna Grand Prix,26.0,BOR,61.526
Emilia Romagna Grand Prix,26.0,SAI,48.327
Emilia Romagna Grand Prix,26.0,HAD,31.092
Emilia Romagna Grand Prix,26.0,RUS,45.09
Emilia Romagna Grand Prix,26.0,PIA,32.918
Emilia Romagna Grand Prix,26.0,BEA,43.782
Emilia Romagna Grand Prix,27.0,VER,0.0
Emilia Romagna Grand Prix,27.0,GAS,58.941
Emilia Romagna Grand Prix,27.0,ANT,34.037
Emilia Romagna Grand Prix,27.0,ALO,52.482
Emilia Romagna Grand Prix,27.0,LEC,40.257
Emilia Romagna Grand Prix,27.0,STR,56.23
Emilia Romagna Grand Prix,27.0,TSU,48.601
Emilia Romagna Grand Prix,27.0,ALB,24.582
Emilia Romagna Grand Prix,27.0,HUL,42.644
Emilia Romagna Grand Prix,27.0,LAW,60.735
Emilia Romagna Grand Prix,27.0,OCO,67.145
Emilia Romagna Grand Prix,27.0,NOR,9.773
Emilia Romagna Grand Prix,27.0,COL,67.687
Emilia Romagna Grand Prix,27.0,HAM,34.775
Emilia Romagna Grand Prix,27.0,BOR,62.847
Emilia Romagna Grand Prix,27.0,SAI,49.253
Emilia Romagna Grand Prix,27.0,HAD,32.077
Emilia Romagna Grand Prix,27.0,RUS,45.188
Emilia Romagna Grand Prix,27.0,PIA,32.544
Emilia Romagna Grand Prix,27.0,BEA,44.414
Emilia Romagna Grand Prix,28.0,VER,0.0
Emilia Romagna Grand Prix,28.0,GAS,60.205
Emilia Romagna Grand Prix,28.0,ANT,34.855
Emilia Romagna Grand Prix,28.0,ALO,53.294
Emilia Romagna Grand Prix,28.0,LEC,39.835
Emilia Romagna Grand Prix,28.0,STR,57.006
Emilia Romagna Grand Prix,28.0,TSU,49.549
Emilia Romagna Grand Prix,28.0,ALB,25.46
Emilia Romagna Grand Prix,28.0,HUL,43.24
Emilia Romagna Grand Prix,28.0,LAW,62.101
Emilia Romagna Grand Prix,28.0,OCO,135.566
Emilia Romagna Grand Prix,28.0,NOR,14.379
Emilia Romagna Grand Prix,28.0,COL,68.905
Emilia Romagna Grand Prix,28.0,HAM,35.793
Emilia Romagna Grand Prix,28.0,BOR,64.016
Emilia Romagna Grand Prix,28.0,SAI,50.461
Emilia Romagna Grand Prix,28.0,HAD,33.946
Emilia Romagna Grand Prix,28.0,RUS,45.426
Emilia Romagna Grand Prix,28.0,PIA,32.168
Emilia Romagna Grand Prix,28.0,BEA,44.788
Emilia Romagna Grand Prix,29.0,VER,0.0
Emilia Romagna Grand Prix,29.0,GAS,81.737
Emilia Romagna Grand Prix,29.0,ANT,48.12
Emilia Romagna Grand Prix,29.0,ALO,69.527
Emilia Romagna Grand Prix,29.0,LEC,53.849
Emilia Romagna Grand Prix,29.0,STR,74.926
Emilia Romagna Grand Prix,29.0,TSU,67.779
Emilia Romagna Grand Prix,29.0,ALB,35.79
Emilia Romagna Grand Prix,29.0,HUL,58.713
Emilia Romagna Grand Prix,29.0,LAW,85.176
Emilia Romagna Grand Prix,29.0,NOR,46.662
Emilia Romagna Grand Prix,29.0,COL,89.537
Emilia Romagna Grand Prix,29.0,HAM,48.613
Emilia Romagna Grand Prix,29.0,BOR,87.863
Emilia Romagna Grand Prix,29.0,SAI,68.327
Emilia Romagna Grand Prix,29.0,HAD,47.433
Emilia Romagna Grand Prix,29.0,RUS,61.161
Emilia Romagna Grand Prix,29.0,PIA,42.1
Emilia Romagna Grand Prix,29.0,BEA,60.78
Emilia Romagna Grand Prix,30.0,VER,0.0
Emilia Romagna Grand Prix,30.0,GAS,77.099
Emilia Romagna Grand Prix,30.0,ANT,48.005
Emilia Romagna Grand Prix,30.0,ALO,53.525
Emilia Romagna Grand Prix,30.0,LEC,56.571
Emilia Romagna Grand Prix,30.0,STR,56.093
Emilia Romagna Grand Prix,30.0,TSU,65.042
Emilia Romagna Grand Prix,30.0,ALB,35.839
Emilia Romagna Grand Prix,30.0,HUL,58.428
Emilia Romagna Grand Prix,30.0,LAW,78.804
Emilia Romagna Grand Prix,30.0,NOR,27.566
Emilia Romagna Grand Prix,30.0,COL,66.866
Emilia Romagna Grand Prix,30.0,HAM,52.702
Emilia Romagna Grand Prix,30.0,BOR,80.267
Emilia Romagna Grand Prix,30.0,SAI,66.078
Emilia Romagna Grand Prix,30.0,HAD,46.898
Emilia Romagna Grand Prix,30.0,RUS,60.859
Emilia Romagna Grand Prix,30.0,PIA,24.45
Emilia Romagna Grand Prix,30.0,BEA,61.476
Emilia Romagna Grand Prix,31.0,VER,0.0
Emilia Romagna Grand Prix,31.0,GAS,61.028
Emilia Romagna Grand Prix,31.0,ANT,35.647
Emilia Romagna Grand Prix,31.0,ALO,39.42
Emilia Romagna Grand Prix,31.0,LEC,42.157
Emilia Romagna Grand Prix,31.0,STR,41.968
Emilia Romagna Grand Prix,31.0,TSU,49.543
Emilia Romagna Grand Prix,31.0,ALB,26.072
Emilia Romagna Grand Prix,31.0,HUL,43.716
Emilia Romagna Grand Prix,31.0,LAW,62.933
Emilia Romagna Grand Prix,31.0,NOR,20.001
Emilia Romagna Grand Prix,31.0,COL,52.14
Emilia Romagna Grand Prix,31.0,HAM,36.728
Emilia Romagna Grand Prix,31.0,BOR,64.911
Emilia Romagna Grand Prix,31.0,SAI,50.115
Emilia Romagna Grand Prix,31.0,HAD,35.14
Emilia Romagna Grand Prix,31.0,RUS,44.972
Emilia Romagna Grand Prix,31.0,PIA,33.445
Emilia Romagna Grand Prix,31.0,BEA,53.243
Emilia Romagna Grand Prix,32.0,VER,0.0
Emilia Romagna Grand Prix,32.0,GAS,61.835
Emilia Romagna Grand Prix,32.0,ANT,36.978
Emilia Romagna Grand Prix,32.0,ALO,41.269
Emilia Romagna Grand Prix,32.0,LEC,41.837
Emilia Romagna Grand Prix,32.0,STR,44.149
Emilia Romagna Grand Prix,32.0,TSU,51.91
Emilia Romagna Grand Prix,32.0,ALB,26.126
Emilia Romagna Grand Prix,32.0,HUL,44.995
Emilia Romagna Grand Prix,32.0,LAW,63.503
Emilia Romagna Grand Prix,32.0,NOR,19.487
Emilia Romagna Grand Prix,32.0,COL,53.258
Emilia Romagna Grand Prix,32.0,HAM,37.996
Emilia Romagna Grand Prix,32.0,BOR,66.123
Emilia Romagna Grand Prix,32.0,SAI,50.969
Emilia Romagna Grand Prix,32.0,HAD,35.754
Emilia Romagna Grand Prix,32.0,RUS,45.33
Emilia Romagna Grand Prix,32.0,PIA,33.067
Emilia Romagna Grand Prix,32.0,BEA,103.16
Emilia Romagna Grand Prix,33.0,VER,0.0
Emilia Romagna Grand Prix,33.0,GAS,62.742
Emilia Romagna Grand Prix,33.0,ANT,37.251
Emilia Romagna Grand Prix,33.0,ALO,45.197
Emilia Romagna Grand Prix,33.0,LEC,41.883
Emilia Romagna Grand Prix,33.0,STR,45.903
Emilia Romagna Grand Prix,33.0,TSU,52.709
Emilia Romagna Grand Prix,33.0,ALB,26.465
Emilia Romagna Grand Prix,33.0,HUL,47.135
Emilia Romagna Grand Prix,33.0,LAW,64.315
Emilia Romagna Grand Prix,33.0,NOR,19.18
Emilia Romagna Grand Prix,33.0,COL,54.475
Emilia Romagna Grand Prix,33.0,HAM,37.733
Emilia Romagna Grand Prix,33.0,BOR,66.962
Emilia Romagna Grand Prix,33.0,SAI,51.489
Emilia Romagna Grand Prix,33.0,HAD,36.139
Emilia Romagna Grand Prix,33.0,RUS,46.25
Emilia Romagna Grand Prix,33.0,PIA,32.489
Emilia Romagna Grand Prix,33.0,BEA,102.853
Emilia Romagna Grand Prix,34.0,VER,0.0
Emilia Romagna Grand Prix,34.0,GAS,63.33
Emilia Romagna Grand Prix,34.0,ANT,38.848
Emilia Romagna Grand Prix,34.0,ALO,47.198
Emilia Romagna Grand Prix,34.0,LEC,41.565
Emilia Romagna Grand Prix,34.0,STR,48.191
Emilia Romagna Grand Prix,34.0,TSU,53.804
Emilia Romagna Grand Prix,34.0,ALB,27.018
Emilia Romagna Grand Prix,34.0,HUL,49.227
Emilia Romagna Grand Prix,34.0,LAW,65.152
Emilia Romagna Grand Prix,34.0,NOR,18.957
Emilia Romagna Grand Prix,34.0,COL,55.509
Emilia Romagna Grand Prix,34.0,HAM,36.935
Emilia Romagna Grand Prix,34.0,BOR,67.77
Emilia Romagna Grand Prix,34.0,SAI,52.401
Emilia Romagna Grand Prix,34.0,HAD,36.163
Emilia Romagna Grand Prix,34.0,RUS,48.454
Emilia Romagna Grand Prix,34.0,PIA,31.992
Emilia Romagna Grand Prix,34.0,BEA,102.93
Emilia Romagna Grand Prix,35.0,VER,0.0
Emilia Romagna Grand Prix,35.0,GAS,64.218
Emilia Romagna Grand Prix,35.0,ANT,39.906
Emilia Romagna Grand Prix,35.0,ALO,49.893
Emilia Romagna Grand Prix,35.0,LEC,41.261
Emilia Romagna Grand Prix,35.0,STR,51.345
Emilia Romagna Grand Prix,35.0,TSU,54.97
Emilia Romagna Grand Prix,35.0,ALB,27.62
Emilia Romagna Grand Prix,35.0,HUL,51.751
Emilia Romagna Grand Prix,35.0,LAW,66.157
Emilia Romagna Grand Prix,35.0,NOR,18.781
Emilia Romagna Grand Prix,35.0,COL,56.556
Emilia Romagna Grand Prix,35.0,HAM,37.097
Emilia Romagna Grand Prix,35.0,BOR,68.831
Emilia Romagna Grand Prix,35.0,SAI,53.604
Emilia Romagna Grand Prix,35.0,HAD,36.568
Emilia Romagna Grand Prix,35.0,RUS,50.186
Emilia Romagna Grand Prix,35.0,PIA,31.528
Emilia Romagna Grand Prix,35.0,BEA,102.934
Emilia Romagna Grand Prix,36.0,VER,0.0
Emilia Romagna Grand Prix,36.0,GAS,65.028
Emilia Romagna Grand Prix,36.0,ANT,40.768
Emilia Romagna Grand Prix,36.0,ALO,52.752
Emilia Romagna Grand Prix,36.0,LEC,41.434
Emilia Romagna Grand Prix,36.0,STR,54.786
Emilia Romagna Grand Prix,36.0,TSU,56.28
Emilia Romagna Grand Prix,36.0,ALB,28.352
Emilia Romagna Grand Prix,36.0,HUL,53.411
Emilia Romagna Grand Prix,36.0,LAW,67.274
Emilia Romagna Grand Prix,36.0,NOR,18.674
Emilia Romagna Grand Prix,36.0,COL,57.576
Emilia Romagna Grand Prix,36.0,HAM,37.341
Emilia Romagna Grand Prix,36.0,BOR,70.263
Emilia Romagna Grand Prix,36.0,SAI,55.212
Emilia Romagna Grand Prix,36.0,HAD,38.703
Emilia Romagna Grand Prix,36.0,RUS,50.901
Emilia Romagna Grand Prix,36.0,PIA,31.309
Emilia Romagna Grand Prix,36.0,BEA,103.225
Emilia Romagna Grand Prix,37.0,VER,0.0
Emilia Romagna Grand Prix,37.0,GAS,66.116
Emilia Romagna Grand Prix,37.0,ANT,42.148
Emilia Romagna Grand Prix,37.0,ALO,55.015
Emilia Romagna Grand Prix,37.0,LEC,42.553
Emilia Romagna Grand Prix,37.0,STR,58.105
Emilia Romagna Grand Prix,37.0,TSU,58.525
Emilia Romagna Grand Prix,37.0,ALB,29.341
Emilia Romagna Grand Prix,37.0,HUL,55.729
Emilia Romagna Grand Prix,37.0,LAW,68.561
Emilia Romagna Grand Prix,37.0,NOR,18.596
Emilia Romagna Grand Prix,37.0,COL,59.658
Emilia Romagna Grand Prix,37.0,HAM,38.858
Emilia Romagna Grand Prix,37.0,BOR,71.596
Emilia Romagna Grand Prix,37.0,SAI,56.812
Emilia Romagna Grand Prix,37.0,HAD,40.186
Emilia Romagna Grand Prix,37.0,RUS,51.739
Emilia Romagna Grand Prix,37.0,PIA,31.186
Emilia Romagna Grand Prix,37.0,BEA,103.668
Emilia Romagna Grand Prix,38.0,VER,0.0
Emilia Romagna Grand Prix,38.0,GAS,67.366
Emilia Romagna Grand Prix,38.0,ANT,44.304
Emilia Romagna Grand Prix,38.0,ALO,57.036
Emilia Romagna Grand Prix,38.0,LEC,42.613
Emilia Romagna Grand Prix,38.0,STR,61.286
Emilia Romagna Grand Prix,38.0,TSU,59.871
Emilia Romagna Grand Prix,38.0,ALB,30.247
Emilia Romagna Grand Prix,38.0,HUL,57.463
Emilia Romagna Grand Prix,38.0,LAW,69.882
Emilia Romagna Grand Prix,38.0,NOR,18.354
Emilia Romagna Grand Prix,38.0,COL,61.987
Emilia Romagna Grand Prix,38.0,HAM,39.895
Emilia Romagna Grand Prix,38.0,BOR,73.021
Emilia Romagna Grand Prix,38.0,SAI,58.276
Emilia Romagna Grand Prix,38.0,HAD,41.416
Emilia Romagna Grand Prix,38.0,RUS,52.413
Emilia Romagna Grand Prix,38.0,PIA,31.141
Emilia Romagna Grand Prix,38.0,BEA,103.765
Emilia Romagna Grand Prix,39.0,VER,0.0
Emilia Romagna Grand Prix,39.0,GAS,68.942
Emilia Romagna Grand Prix,39.0,ANT,45.73
Emilia Romagna Grand Prix,39.0,ALO,59.653
Emilia Romagna Grand Prix,39.0,LEC,43.361
Emilia Romagna Grand Prix,39.0,STR,63.471
Emilia Romagna Grand Prix,39.0,TSU,61.585
Emilia Romagna Grand Prix,39.0,ALB,31.01
Emilia Romagna Grand Prix,39.0,HUL,58.19
Emilia Romagna Grand Prix,39.0,LAW,71.16
Emilia Romagna Grand Prix,39.0,NOR,18.244
Emilia Romagna Grand Prix,39.0,COL,65.029
Emilia Romagna Grand Prix,39.0,HAM,41.054
Emilia Romagna Grand Prix,39.0,BOR,74.375
Emilia Romagna Grand Prix,39.0,SAI,60.114
Emilia Romagna Grand Prix,39.0,HAD,42.659
Emilia Romagna Grand Prix,39.0,RUS,53.172
Emilia Romagna Grand Prix,39.0,PIA,31.447
Emilia Romagna Grand Prix,39.0,BEA,103.97
Emilia Romagna Grand Prix,40.0,VER,0.0
Emilia Romagna Grand Prix,40.0,GAS,70.504
Emilia Romagna Grand Prix,40.0,ANT,47.033
Emilia Romagna Grand Prix,40.0,ALO,62.775
Emilia Romagna Grand Prix,40.0,LEC,44.232
Emilia Romagna Grand Prix,40.0,STR,66.155
Emilia Romagna Grand Prix,40.0,TSU,63.544
Emilia Romagna Grand Prix,40.0,ALB,32.882
Emilia Romagna Grand Prix,40.0,HUL,59.989
Emilia Romagna Grand Prix,40.0,LAW,72.725
Emilia Romagna Grand Prix,40.0,NOR,18.103
Emilia Romagna Grand Prix,40.0,COL,68.139
Emilia Romagna Grand Prix,40.0,HAM,41.655
Emilia Romagna Grand Prix,40.0,BOR,76.1
Emilia Romagna Grand Prix,40.0,SAI,61.048
Emilia Romagna Grand Prix,40.0,HAD,43.715
Emilia Romagna Grand Prix,40.0,RUS,53.633
Emilia Romagna Grand Prix,40.0,PIA,31.192
Emilia Romagna Grand Prix,40.0,BEA,103.966
Emilia Romagna Grand Prix,41.0,VER,0.0
Emilia Romagna Grand Prix,41.0,GAS,72.22
Emilia Romagna Grand Prix,41.0,ANT,48.38
Emilia Romagna Grand Prix,41.0,ALO,65.931
Emilia Romagna Grand Prix,41.0,LEC,44.296
Emilia Romagna Grand Prix,41.0,STR,68.723
Emilia Romagna Grand Prix,41.0,TSU,66.244
Emilia Romagna Grand Prix,41.0,ALB,33.987
Emilia Romagna Grand Prix,41.0,HUL,61.825
Emilia Romagna Grand Prix,41.0,LAW,74.503
Emilia Romagna Grand Prix,41.0,NOR,17.93
Emilia Romagna Grand Prix,41.0,COL,70.752
Emilia Romagna Grand Prix,41.0,HAM,42.249
Emilia Romagna Grand Prix,41.0,BOR,77.739
Emilia Romagna Grand Prix,41.0,SAI,62.447
Emilia Romagna Grand Prix,41.0,HAD,45.824
Emilia Romagna Grand Prix,41.0,RUS,54.51
Emilia Romagna Grand Prix,41.0,PIA,32.011
Emilia Romagna Grand Prix,41.0,BEA,104.538
Emilia Romagna Grand Prix,42.0,VER,0.0
Emilia Romagna Grand Prix,42.0,GAS,74.097
Emilia Romagna Grand Prix,42.0,ANT,49.886
Emilia Romagna Grand Prix,42.0,ALO,69.421
Emilia Romagna Grand Prix,42.0,LEC,44.493
Emilia Romagna Grand Prix,42.0,STR,71.562
Emilia Romagna Grand Prix,42.0,TSU,67.555
Emilia Romagna Grand Prix,42.0,ALB,35.018
Emilia Romagna Grand Prix,42.0,HUL,64.707
Emilia Romagna Grand Prix,42.0,LAW,76.024
Emilia Romagna Grand Prix,42.0,NOR,18.053
Emilia Romagna Grand Prix,42.0,COL,73.124
Emilia Romagna Grand Prix,42.0,HAM,42.994
Emilia Romagna Grand Prix,42.0,BOR,81.244
Emilia Romagna Grand Prix,42.0,SAI,63.091
Emilia Romagna Grand Prix,42.0,HAD,47.126
Emilia Romagna Grand Prix,42.0,RUS,55.306
Emilia Romagna Grand Prix,42.0,PIA,32.457
Emilia Romagna Grand Prix,42.0,BEA,105.076
Emilia Romagna Grand Prix,43.0,VER,0.0
Emilia Romagna Grand Prix,43.0,GAS,76.329
Emilia Romagna Grand Prix,43.0,ANT,50.954
Emilia Romagna Grand Prix,43.0,ALO,71.235
Emilia Romagna Grand Prix,43.0,LEC,44.895
Emilia Romagna Grand Prix,43.0,STR,73.86
Emilia Romagna Grand Prix,43.0,TSU,69.09
Emilia Romagna Grand Prix,43.0,ALB,35.853
Emilia Romagna Grand Prix,43.0,HUL,66.814
Emilia Romagna Grand Prix,43.0,LAW,78.496
Emilia Romagna Grand Prix,43.0,NOR,18.253
Emilia Romagna Grand Prix,43.0,COL,77.531
Emilia Romagna Grand Prix,43.0,HAM,43.257
Emilia Romagna Grand Prix,43.0,BOR,82.737
Emilia Romagna Grand Prix,43.0,SAI,63.962
Emilia Romagna Grand Prix,43.0,HAD,48.393
Emilia Romagna Grand Prix,43.0,RUS,56.03
Emilia Romagna Grand Prix,43.0,PIA,32.135
Emilia Romagna Grand Prix,43.0,BEA,105.756
Emilia Romagna Grand Prix,44.0,VER,0.0
Emilia Romagna Grand Prix,44.0,GAS,78.247
Emilia Romagna Grand Prix,44.0,ANT,51.998
Emilia Romagna Grand Prix,44.0,ALO,72.852
Emilia Romagna Grand Prix,44.0,LEC,44.98
Emilia Romagna Grand Prix,44.0,STR,75.953
Emilia Romagna Grand Prix,44.0,TSU,70.478
Emilia Romagna Grand Prix,44.0,ALB,36.479
Emilia Romagna Grand Prix,44.0,HUL,68.498
Emilia Romagna Grand Prix,44.0,LAW,81.795
Emilia Romagna Grand Prix,44.0,NOR,18.245
Emilia Romagna Grand Prix,44.0,COL,80.986
Emilia Romagna Grand Prix,44.0,HAM,43.5
Emilia Romagna Grand Prix,44.0,BOR,84.006
Emilia Romagna Grand Prix,44.0,SAI,64.576
Emilia Romagna Grand Prix,44.0,HAD,49.302
Emilia Romagna Grand Prix,44.0,RUS,56.451
Emilia Romagna Grand Prix,44.0,PIA,32.194
Emilia Romagna Grand Prix,44.0,BEA,106.36
Emilia Romagna Grand Prix,45.0,VER,0.0
Emilia Romagna Grand Prix,45.0,GAS,89.29
Emilia Romagna Grand Prix,45.0,ANT,121.831
Emilia Romagna Grand Prix,45.0,ALO,84.255
Emilia Romagna Grand Prix,45.0,LEC,44.915
Emilia Romagna Grand Prix,45.0,STR,87.962
Emilia Romagna Grand Prix,45.0,TSU,80.98
Emilia Romagna Grand Prix,45.0,ALB,36.821
Emilia Romagna Grand Prix,45.0,HUL,77.728
Emilia Romagna Grand Prix,45.0,LAW,95.213
Emilia Romagna Grand Prix,45.0,NOR,18.48
Emilia Romagna Grand Prix,45.0,COL,92.956
Emilia Romagna Grand Prix,45.0,HAM,43.1
Emilia Romagna Grand Prix,45.0,BOR,97.675
Emilia Romagna Grand Prix,45.0,SAI,70.757
Emilia Romagna Grand Prix,45.0,HAD,50.161
Emilia Romagna Grand Prix,45.0,RUS,56.79
Emilia Romagna Grand Prix,45.0,PIA,32.366
Emilia Romagna Grand Prix,45.0,BEA,128.134
Emilia Romagna Grand Prix,46.0,VER,0.0
Emilia Romagna Grand Prix,46.0,GAS,106.386
Emilia Romagna Grand Prix,46.0,ALO,104.984
Emilia Romagna Grand Prix,46.0,LEC,58.366
Emilia Romagna Grand Prix,46.0,STR,108.447
Emilia Romagna Grand Prix,46.0,TSU,96.598
Emilia Romagna Grand Prix,46.0,ALB,48.496
Emilia Romagna Grand Prix,46.0,HUL,93.8
Emilia Romagna Grand Prix,46.0,LAW,113.254
Emilia Romagna Grand Prix,46.0,NOR,26.499
Emilia Romagna Grand Prix,46.0,COL,115.13
Emilia Romagna Grand Prix,46.0,HAM,59.678
Emilia Romagna Grand Prix,46.0,BOR,119.102
Emilia Romagna Grand Prix,46.0,SAI,85.734
Emilia Romagna Grand Prix,46.0,HAD,69.874
Emilia Romagna Grand Prix,46.0,RUS,75.55
Emilia Romagna Grand Prix,46.0,PIA,41.147
Emilia Romagna Grand Prix,46.0,BEA,145.272
Emilia Romagna Grand Prix,47.0,VER,0.0
Emilia Romagna Grand Prix,47.0,GAS,69.884
Emilia Romagna Grand Prix,47.0,ALO,91.659
Emilia Romagna Grand Prix,47.0,LEC,36.371
Emilia Romagna Grand Prix,47.0,STR,96.772
Emilia Romagna Grand Prix,47.0,TSU,69.552
Emilia Romagna Grand Prix,47.0,ALB,29.896
Emilia Romagna Grand Prix,47.0,HUL,67.46
Emilia Romagna Grand Prix,47.0,LAW,78.279
Emilia Romagna Grand Prix,47.0,NOR,26.042
Emilia Romagna Grand Prix,47.0,COL,99.3
Emilia Romagna Grand Prix,47.0,HAM,56.292
Emilia Romagna Grand Prix,47.0,BOR,101.524
Emilia Romagna Grand Prix,47.0,SAI,56.618
Emilia Romagna Grand Prix,47.0,HAD,66.949
Emilia Romagna Grand Prix,47.0,RUS,53.234
Emilia Romagna Grand Prix,47.0,PIA,18.967
Emilia Romagna Grand Prix,47.0,BEA,133.939
Emilia Romagna Grand Prix,48.0,VER,0.0
Emilia Romagna Grand Prix,48.0,GAS,36.623
Emilia Romagna Grand Prix,48.0,ALO,55.014
Emilia Romagna Grand Prix,48.0,LEC,7.089
Emilia Romagna Grand Prix,48.0,STR,56.621
Emilia Romagna Grand Prix,48.0,TSU,33.357
Emilia Romagna Grand Prix,48.0,ALB,18.694
Emilia Romagna Grand Prix,48.0,HUL,31.404
Emilia Romagna Grand Prix,48.0,LAW,41.813
Emilia Romagna Grand Prix,48.0,NOR,5.692
Emilia Romagna Grand Prix,48.0,COL,58.729
Emilia Romagna Grand Prix,48.0,HAM,23.341
Emilia Romagna Grand Prix,48.0,BOR,61.077
Emilia Romagna Grand Prix,48.0,SAI,26.349
Emilia Romagna Grand Prix,48.0,HAD,30.681
Emilia Romagna Grand Prix,48.0,RUS,20.822
Emilia Romagna Grand Prix,48.0,PIA,3.159
Emilia Romagna Grand Prix,48.0,BEA,126.757
Emilia Romagna Grand Prix,49.0,VER,0.0
Emilia Romagna Grand Prix,49.0,GAS,16.099
Emilia Romagna Grand Prix,49.0,ALO,21.842
Emilia Romagna Grand Prix,49.0,LEC,5.494
Emilia Romagna Grand Prix,49.0,STR,23.873
Emilia Romagna Grand Prix,49.0,TSU,15.235
Emilia Romagna Grand Prix,49.0,ALB,6.418
Emilia Romagna Grand Prix,49.0,HUL,13.868
Emilia Romagna Grand Prix,49.0,LAW,17.891
Emilia Romagna Grand Prix,49.0,NOR,4.082
Emilia Romagna Grand Prix,49.0,COL,26.279
Emilia Romagna Grand Prix,49.0,HAM,8.58
Emilia Romagna Grand Prix,49.0,BOR,28.008
Emilia Romagna Grand Prix,49.0,SAI,10.449
Emilia Romagna Grand Prix,49.0,HAD,11.941
Emilia Romagna Grand Prix,49.0,RUS,7.469
Emilia Romagna Grand Prix,49.0,PIA,2.149
Emilia Romagna Grand Prix,49.0,BEA,130.779
Emilia Romagna Grand Prix,50.0,VER,0.0
Emilia Romagna Grand Prix,50.0,GAS,16.463
Emilia Romagna Grand Prix,50.0,ALO,19.16
Emilia Romagna Grand Prix,50.0,LEC,4.842
Emilia Romagna Grand Prix,50.0,STR,20.829
Emilia Romagna Grand Prix,50.0,TSU,14.96
Emilia Romagna Grand Prix,50.0,ALB,5.37
Emilia Romagna Grand Prix,50.0,HUL,13.159
Emilia Romagna Grand Prix,50.0,LAW,17.585
Emilia Romagna Grand Prix,50.0,NOR,2.862
Emilia Romagna Grand Prix,50.0,COL,21.823
Emilia Romagna Grand Prix,50.0,HAM,8.535
Emilia Romagna Grand Prix,50.0,BOR,22.496
Emilia Romagna Grand Prix,50.0,SAI,10.153
Emilia Romagna Grand Prix,50.0,HAD,12.332
Emilia Romagna Grand Prix,50.0,RUS,6.924
Emilia Romagna Grand Prix,50.0,PIA,1.516
Emilia Romagna Grand Prix,50.0,BEA,122.823
Emilia Romagna Grand Prix,51.0,VER,0.0
Emilia Romagna Grand Prix,51.0,GAS,18.008
Emilia Romagna Grand Prix,51.0,ALO,20.884
Emilia Romagna Grand Prix,51.0,LEC,5.185
Emilia Romagna Grand Prix,51.0,STR,22.914
Emilia Romagna Grand Prix,51.0,TSU,16.41
Emilia Romagna Grand Prix,51.0,ALB,6.823
Emilia Romagna Grand Prix,51.0,HUL,14.682
Emilia Romagna Grand Prix,51.0,LAW,19.767
Emilia Romagna Grand Prix,51.0,NOR,3.622
Emilia Romagna Grand Prix,51.0,COL,24.352
Emilia Romagna Grand Prix,51.0,HAM,9.579
Emilia Romagna Grand Prix,51.0,BOR,25.34
Emilia Romagna Grand Prix,51.0,SAI,10.9
Emilia Romagna Grand Prix,51.0,HAD,13.001
Emilia Romagna Grand Prix,51.0,RUS,8.415
Emilia Romagna Grand Prix,51.0,PIA,2.325
Emilia Romagna Grand Prix,51.0,BEA,87.486
Emilia Romagna Grand Prix,52.0,VER,0.0
Emilia Romagna Grand Prix,52.0,GAS,16.808
Emilia Romagna Grand Prix,52.0,ALO,19.146
Emilia Romagna Grand Prix,52.0,LEC,4.57
Emilia Romagna Grand Prix,52.0,STR,21.239
Emilia Romagna Grand Prix,52.0,TSU,15.188
Emilia Romagna Grand Prix,52.0,ALB,5.467
Emilia Romagna Grand Prix,52.0,HUL,13.178
Emilia Romagna Grand Prix,52.0,LAW,18.313
Emilia Romagna Grand Prix,52.0,NOR,2.452
Emilia Romagna Grand Prix,52.0,COL,22.356
Emilia Romagna Grand Prix,52.0,HAM,7.879
Emilia Romagna Grand Prix,52.0,BOR,23.679
Emilia Romagna Grand Prix,52.0,SAI,9.645
Emilia Romagna Grand Prix,52.0,HAD,12.105
Emilia Romagna Grand Prix,52.0,RUS,6.551
Emilia Romagna Grand Prix,52.0,PIA,0.924
Emilia Romagna Grand Prix,52.0,BEA,46.714
Emilia Romagna Grand Prix,53.0,VER,0.0
Emilia Romagna Grand Prix,53.0,GAS,4.479
Emilia Romagna Grand Prix,53.0,ALO,5.149
Emilia Romagna Grand Prix,53.0,LEC,1.446
Emilia Romagna Grand Prix,53.0,STR,5.539
Emilia Romagna Grand Prix,53.0,TSU,4.1
Emilia Romagna Grand Prix,53.0,ALB,1.99
Emilia Romagna Grand Prix,53.0,HUL,3.711
Emilia Romagna Grand Prix,53.0,LAW,4.885
Emilia Romagna Grand Prix,53.0,NOR,1.085
Emilia Romagna Grand Prix,53.0,COL,6.047
Emilia Romagna Grand Prix,53.0,HAM,2.534
Emilia Romagna Grand Prix,53.0,BOR,6.49
Emilia Romagna Grand Prix,53.0,SAI,3.054
Emilia Romagna Grand Prix,53.0,HAD,3.447
Emilia Romagna Grand Prix,53.0,RUS,2.311
Emilia Romagna Grand Prix,53.0,PIA,0.675
Emilia Romagna Grand Prix,53.0,BEA,6.89
Emilia Romagna Grand Prix,54.0,VER,0.0
Emilia Romagna Grand Prix,54.0,GAS,8.492
Emilia Romagna Grand Prix,54.0,ALO,9.296
Emilia Romagna Grand Prix,54.0,LEC,3.423
Emilia Romagna Grand Prix,54.0,STR,9.672
Emilia Romagna Grand Prix,54.0,TSU,7.338
Emilia Romagna Grand Prix,54.0,ALB,4.036
Emilia Romagna Grand Prix,54.0,HUL,8.031
Emilia Romagna Grand Prix,54.0,LAW,8.981
Emilia Romagna Grand Prix,54.0,NOR,2.273
Emilia Romagna Grand Prix,54.0,COL,10.192
Emilia Romagna Grand Prix,54.0,HAM,5.473
Emilia Romagna Grand Prix,54.0,BOR,10.797
Emilia Romagna Grand Prix,54.0,SAI,6.213
Emilia Romagna Grand Prix,54.0,HAD,6.595
Emilia Romagna Grand Prix,54.0,RUS,4.975
Emilia Romagna Grand Prix,54.0,PIA,1.5150000000000001
Emilia Romagna Grand Prix,54.0,BEA,11.231
Emilia Romagna Grand Prix,55.0,VER,0.0
Emilia Romagna Grand Prix,55.0,GAS,11.489
Emilia Romagna Grand Prix,55.0,ALO,12.217
Emilia Romagna Grand Prix,55.0,LEC,4.625
Emilia Romagna Grand Prix,55.0,STR,13.541
Emilia Romagna Grand Prix,55.0,TSU,9.954
Emilia Romagna Grand Prix,55.0,ALB,5.471
Emilia Romagna Grand Prix,55.0,HUL,10.862
Emilia Romagna Grand Prix,55.0,LAW,13.244
Emilia Romagna Grand Prix,55.0,NOR,3.277
Emilia Romagna Grand Prix,55.0,COL,14.082
Emilia Romagna Grand Prix,55.0,HAM,6.99
Emilia Romagna Grand Prix,55.0,BOR,14.786
Emilia Romagna Grand Prix,55.0,SAI,7.996
Emilia Romagna Grand Prix,55.0,HAD,8.587
Emilia Romagna Grand Prix,55.0,RUS,6.494
Emilia Romagna Grand Prix,55.0,PIA,2.407
Emilia Romagna Grand Prix,55.0,BEA,15.113
Emilia Romagna Grand Prix,56.0,VER,0.0
Emilia Romagna Grand Prix,56.0,GAS,13.995
Emilia Romagna Grand Prix,56.0,ALO,14.358
Emilia Romagna Grand Prix,56.0,LEC,5.572
Emilia Romagna Grand Prix,56.0,STR,16.373
Emilia Romagna Grand Prix,56.0,TSU,12.369
Emilia Romagna Grand Prix,56.0,ALB,6.242
Emilia Romagna Grand Prix,56.0,HUL,13.345
Emilia Romagna Grand Prix,56.0,LAW,15.725999999999999
Emilia Romagna Grand Prix,56.0,NOR,3.98
Emilia Romagna Grand Prix,56.0,COL,17.028
Emilia Romagna Grand Prix,56.0,HAM,9.736
Emilia Romagna Grand Prix,56.0,BOR,17.994
Emilia Romagna Grand Prix,56.0,SAI,10.508
Emilia Romagna Grand Prix,56.0,HAD,10.829
Emilia Romagna Grand Prix,56.0,RUS,9.331
Emilia Romagna Grand Prix,56.0,PIA,3.2
Emilia Romagna Grand Prix,56.0,BEA,18.408
Emilia Romagna Grand Prix,57.0,VER,0.0
Emilia Romagna Grand Prix,57.0,GAS,17.46
Emilia Romagna Grand Prix,57.0,ALO,16.445
Emilia Romagna Grand Prix,57.0,LEC,6.492
Emilia Romagna Grand Prix,57.0,STR,18.81
Emilia Romagna Grand Prix,57.0,TSU,14.798
Emilia Romagna Grand Prix,57.0,ALB,7.041
Emilia Romagna Grand Prix,57.0,HUL,15.604
Emilia Romagna Grand Prix,57.0,LAW,18.268
Emilia Romagna Grand Prix,57.0,NOR,4.7059999999999995
Emilia Romagna Grand Prix,57.0,COL,19.153
Emilia Romagna Grand Prix,57.0,HAM,9.962
Emilia Romagna Grand Prix,57.0,BOR,20.404
Emilia Romagna Grand Prix,57.0,SAI,12.41
Emilia Romagna Grand Prix,57.0,HAD,12.984
Emilia Romagna Grand Prix,57.0,RUS,11.628
Emilia Romagna Grand Prix,57.0,PIA,4.171
Emilia Romagna Grand Prix,57.0,BEA,20.901
Emilia Romagna Grand Prix,58.0,VER,0.0
Emilia Romagna Grand Prix,58.0,GAS,19.87
Emilia Romagna Grand Prix,58.0,ALO,18.736
Emilia Romagna Grand Prix,58.0,LEC,8.824
Emilia Romagna Grand Prix,58.0,STR,21.323
Emilia Romagna Grand Prix,58.0,TSU,17.222
Emilia Romagna Grand Prix,58.0,ALB,9.34
Emilia Romagna Grand Prix,58.0,HUL,18.23
Emilia Romagna Grand Prix,58.0,LAW,20.845
Emilia Romagna Grand Prix,58.0,NOR,5.398
Emilia Romagna Grand Prix,58.0,COL,21.938
Emilia Romagna Grand Prix,58.0,HAM,10.754
Emilia Romagna Grand Prix,58.0,BOR,24.522
Emilia Romagna Grand Prix,58.0,SAI,14.258
Emilia Romagna Grand Prix,58.0,HAD,15.602
Emilia Romagna Grand Prix,58.0,RUS,13.507
Emilia Romagna Grand Prix,58.0,PIA,7.285
Emilia Romagna Grand Prix,58.0,BEA,23.333
Emilia Romagna Grand Prix,59.0,VER,0.0
Emilia Romagna Grand Prix,59.0,GAS,22.63
Emilia Romagna Grand Prix,59.0,ALO,20.6
Emilia Romagna Grand Prix,59.0,LEC,10.926
Emilia Romagna Grand Prix,59.0,STR,24.002
Emilia Romagna Grand Prix,59.0,TSU,19.642
Emilia Romagna Grand Prix,59.0,ALB,11.402
Emilia Romagna Grand Prix,59.0,HUL,21.648
Emilia Romagna Grand Prix,59.0,LAW,23.565
Emilia Romagna Grand Prix,59.0,NOR,5.793
Emilia Romagna Grand Prix,59.0,COL,24.405
Emilia Romagna Grand Prix,59.0,HAM,12.14
Emilia Romagna Grand Prix,59.0,BOR,27.835
Emilia Romagna Grand Prix,59.0,SAI,16.373
Emilia Romagna Grand Prix,59.0,HAD,17.811
Emilia Romagna Grand Prix,59.0,RUS,15.453
Emilia Romagna Grand Prix,59.0,PIA,8.877
Emilia Romagna Grand Prix,59.0,BEA,25.461
Emilia Romagna Grand Prix,60.0,VER,0.0
Emilia Romagna Grand Prix,60.0,GAS,24.719
Emilia Romagna Grand Prix,60.0,ALO,22.102
Emilia Romagna Grand Prix,60.0,LEC,13.167
Emilia Romagna Grand Prix,60.0,STR,26.11
Emilia Romagna Grand Prix,60.0,TSU,21.242
Emilia Romagna Grand Prix,60.0,ALB,14.349
Emilia Romagna Grand Prix,60.0,HUL,23.641
Emilia Romagna Grand Prix,60.0,LAW,25.599
Emilia Romagna Grand Prix,60.0,NOR,5.834
Emilia Romagna Grand Prix,60.0,COL,26.61
Emilia Romagna Grand Prix,60.0,HAM,13.582
Emilia Romagna Grand Prix,60.0,BOR,30.562
Emilia Romagna Grand Prix,60.0,SAI,17.879
Emilia Romagna Grand Prix,60.0,HAD,18.845
Emilia Romagna Grand Prix,60.0,RUS,16.835
Emilia Romagna Grand Prix,60.0,PIA,9.921
Emilia Romagna Grand Prix,60.0,BEA,27.347
Emilia Romagna Grand Prix,61.0,VER,0.0
Emilia Romagna Grand Prix,61.0,GAS,27.094
Emilia Romagna Grand Prix,61.0,ALO,23.597
Emilia Romagna Grand Prix,61.0,LEC,15.381
Emilia Romagna Grand Prix,61.0,STR,28.406
Emilia Romagna Grand Prix,61.0,TSU,22.924
Emilia Romagna Grand Prix,61.0,ALB,15.914
Emilia Romagna Grand Prix,61.0,HUL,26.166
Emilia Romagna Grand Prix,61.0,LAW,27.887
Emilia Romagna Grand Prix,61.0,NOR,6.299
Emilia Romagna Grand Prix,61.0,COL,28.791
Emilia Romagna Grand Prix,61.0,HAM,13.448
Emilia Romagna Grand Prix,61.0,BOR,33.101
Emilia Romagna Grand Prix,61.0,SAI,19.464
Emilia Romagna Grand Prix,61.0,HAD,20.091
Emilia Romagna Grand Prix,61.0,RUS,18.277
Emilia Romagna Grand Prix,61.0,PIA,11.247
Emilia Romagna Grand Prix,61.0,BEA,29.367
Emilia Romagna Grand Prix,62.0,VER,0.0
Emilia Romagna Grand Prix,62.0,GAS,29.199
Emilia Romagna Grand Prix,62.0,ALO,25.064
Emilia Romagna Grand Prix,62.0,LEC,17.787
Emilia Romagna Grand Prix,62.0,STR,30.656
Emilia Romagna Grand Prix,62.0,TSU,24.565
Emilia Romagna Grand Prix,62.0,ALB,18.245
Emilia Romagna Grand Prix,62.0,HUL,27.97
Emilia Romagna Grand Prix,62.0,LAW,30.151
Emilia Romagna Grand Prix,62.0,NOR,6.3870000000000005
Emilia Romagna Grand Prix,62.0,COL,31.089
Emilia Romagna Grand Prix,62.0,HAM,13.696
Emilia Romagna Grand Prix,62.0,BOR,35.855
Emilia Romagna Grand Prix,62.0,SAI,21.183
Emilia Romagna Grand Prix,62.0,HAD,21.574
Emilia Romagna Grand Prix,62.0,RUS,20.159
Emilia Romagna Grand Prix,62.0,PIA,11.999
Emilia Romagna Grand Prix,62.0,BEA,31.641
Emilia Romagna Grand Prix,63.0,VER,0.0
Emilia Romagna Grand Prix,63.0,GAS,31.424
Emilia Romagna Grand Prix,63.0,ALO,27.25
Emilia Romagna Grand Prix,63.0,LEC,20.774
Emilia Romagna Grand Prix,63.0,STR,32.993
Emilia Romagna Grand Prix,63.0,TSU,26.446
Emilia Romagna Grand Prix,63.0,ALB,17.945
Emilia Romagna Grand Prix,63.0,HUL,30.296
Emilia Romagna Grand Prix,63.0,LAW,32.511
Emilia Romagna Grand Prix,63.0,NOR,6.109
Emilia Romagna Grand Prix,63.0,COL,33.411
Emilia Romagna Grand Prix,63.0,HAM,14.356
Emilia Romagna Grand Prix,63.0,BOR,38.572
Emilia Romagna Grand Prix,63.0,SAI,22.898
Emilia Romagna Grand Prix,63.0,HAD,23.586
Emilia Romagna Grand Prix,63.0,RUS,22.034
Emilia Romagna Grand Prix,63.0,PIA,12.956
Emilia Romagna Grand Prix,63.0,BEA,33.808
Monaco Grand Prix,1.0,VER,3.68
Monaco Grand Prix,1.0,GAS,28.883
Monaco Grand Prix,1.0,ANT,11.381
Monaco Grand Prix,1.0,ALO,4.992
Monaco Grand Prix,1.0,LEC,1.141
Monaco Grand Prix,1.0,STR,14.678
Monaco Grand Prix,1.0,TSU,27.136
Monaco Grand Prix,1.0,ALB,8.139
Monaco Grand Prix,1.0,HUL,9.448
Monaco Grand Prix,1.0,LAW,7.183
Monaco Grand Prix,1.0,OCO,6.586
Monaco Grand Prix,1.0,NOR,0.0
Monaco Grand Prix,1.0,COL,13.237
Monaco Grand Prix,1.0,HAM,6.066
Monaco Grand Prix,1.0,BOR,62.224
Monaco Grand Prix,1.0,SAI,9.073
Monaco Grand Prix,1.0,HAD,4.227
Monaco Grand Prix,1.0,RUS,10.737
Monaco Grand Prix,1.0,PIA,2.801
Monaco Grand Prix,1.0,BEA,56.592
Monaco Grand Prix,2.0,VER,5.364
Monaco Grand Prix,2.0,GAS,33.223
Monaco Grand Prix,2.0,ANT,18.155
Monaco Grand Prix,2.0,ALO,7.43
Monaco Grand Prix,2.0,LEC,1.276
Monaco Grand Prix,2.0,STR,19.85
Monaco Grand Prix,2.0,TSU,31.378
Monaco Grand Prix,2.0,ALB,15.657
Monaco Grand Prix,2.0,HUL,17.218
Monaco Grand Prix,2.0,LAW,14.857
Monaco Grand Prix,2.0,OCO,13.479
Monaco Grand Prix,2.0,NOR,0.0
Monaco Grand Prix,2.0,COL,19.497
Monaco Grand Prix,2.0,HAM,12.869
Monaco Grand Prix,2.0,BOR,67.336
Monaco Grand Prix,2.0,SAI,16.048
Monaco Grand Prix,2.0,HAD,6.285
Monaco Grand Prix,2.0,RUS,17.696
Monaco Grand Prix,2.0,PIA,4.633
Monaco Grand Prix,2.0,BEA,62.612
Monaco Grand Prix,3.0,VER,5.164
Monaco Grand Prix,3.0,GAS,32.931
Monaco Grand Prix,3.0,ANT,18.011
Monaco Grand Prix,3.0,ALO,7.626
Monaco Grand Prix,3.0,LEC,1.066
Monaco Grand Prix,3.0,STR,20.188
Monaco Grand Prix,3.0,TSU,30.908
Monaco Grand Prix,3.0,ALB,14.988
Monaco Grand Prix,3.0,HUL,16.309
Monaco Grand Prix,3.0,LAW,14.346
Monaco Grand Prix,3.0,OCO,13.651
Monaco Grand Prix,3.0,NOR,0.0
Monaco Grand Prix,3.0,COL,19.395
Monaco Grand Prix,3.0,HAM,13.066
Monaco Grand Prix,3.0,BOR,67.683
Monaco Grand Prix,3.0,SAI,15.419
Monaco Grand Prix,3.0,HAD,6.684
Monaco Grand Prix,3.0,RUS,17.244
Monaco Grand Prix,3.0,PIA,3.794
Monaco Grand Prix,3.0,BEA,63.931
Monaco Grand Prix,4.0,VER,3.89
Monaco Grand Prix,4.0,GAS,22.876
Monaco Grand Prix,4.0,ANT,13.022
Monaco Grand Prix,4.0,ALO,5.737
Monaco Grand Prix,4.0,LEC,0.75
Monaco Grand Prix,4.0,STR,14.977
Monaco Grand Prix,4.0,TSU,22.441
Monaco Grand Prix,4.0,ALB,9.43
Monaco Grand Prix,4.0,HUL,11.441
Monaco Grand Prix,4.0,LAW,8.136
Monaco Grand Prix,4.0,OCO,7.317
Monaco Grand Prix,4.0,NOR,0.0
Monaco Grand Prix,4.0,COL,14.307
Monaco Grand Prix,4.0,HAM,6.232
Monaco Grand Prix,4.0,BOR,49.728
Monaco Grand Prix,4.0,SAI,10.663
Monaco Grand Prix,4.0,HAD,4.76
Monaco Grand Prix,4.0,RUS,12.347
Monaco Grand Prix,4.0,PIA,2.906
Monaco Grand Prix,4.0,BEA,44.494
Monaco Grand Prix,5.0,VER,6.64
Monaco Grand Prix,5.0,GAS,23.69
Monaco Grand Prix,5.0,ANT,15.349
Monaco Grand Prix,5.0,ALO,8.627
Monaco Grand Prix,5.0,LEC,1.501
Monaco Grand Prix,5.0,STR,17.212
Monaco Grand Prix,5.0,TSU,23.054
Monaco Grand Prix,5.0,ALB,11.845
Monaco Grand Prix,5.0,HUL,13.866
Monaco Grand Prix,5.0,LAW,10.852
Monaco Grand Prix,5.0,OCO,9.933
Monaco Grand Prix,5.0,NOR,0.0
Monaco Grand Prix,5.0,COL,16.256
Monaco Grand Prix,5.0,HAM,9.239
Monaco Grand Prix,5.0,BOR,48.072
Monaco Grand Prix,5.0,SAI,13.193
Monaco Grand Prix,5.0,HAD,7.662
Monaco Grand Prix,5.0,RUS,14.873
Monaco Grand Prix,5.0,PIA,4.904
Monaco Grand Prix,5.0,BEA,42.02
Monaco Grand Prix,6.0,VER,7.479
Monaco Grand Prix,6.0,GAS,22.572
Monaco Grand Prix,6.0,ANT,16.934
Monaco Grand Prix,6.0,ALO,9.879
Monaco Grand Prix,6.0,LEC,1.596
Monaco Grand Prix,6.0,STR,18.346
Monaco Grand Prix,6.0,TSU,22.163
Monaco Grand Prix,6.0,ALB,14.099
Monaco Grand Prix,6.0,HUL,15.668
Monaco Grand Prix,6.0,LAW,13.222
Monaco Grand Prix,6.0,OCO,11.267
Monaco Grand Prix,6.0,NOR,0.0
Monaco Grand Prix,6.0,COL,17.83
Monaco Grand Prix,6.0,HAM,10.292
Monaco Grand Prix,6.0,BOR,44.657
Monaco Grand Prix,6.0,SAI,15.077
Monaco Grand Prix,6.0,HAD,8.633
Monaco Grand Prix,6.0,RUS,16.451
Monaco Grand Prix,6.0,PIA,5.525
Monaco Grand Prix,6.0,BEA,37.703
Monaco Grand Prix,7.0,VER,7.977
Monaco Grand Prix,7.0,GAS,23.364
Monaco Grand Prix,7.0,ANT,19.658
Monaco Grand Prix,7.0,ALO,11.631
Monaco Grand Prix,7.0,LEC,1.782
Monaco Grand Prix,7.0,STR,21.072
Monaco Grand Prix,7.0,TSU,22.85
Monaco Grand Prix,7.0,ALB,16.916
Monaco Grand Prix,7.0,HUL,18.462
Monaco Grand Prix,7.0,LAW,16.259
Monaco Grand Prix,7.0,OCO,13.342
Monaco Grand Prix,7.0,NOR,0.0
Monaco Grand Prix,7.0,COL,20.275
Monaco Grand Prix,7.0,HAM,12.753
Monaco Grand Prix,7.0,BOR,41.908
Monaco Grand Prix,7.0,SAI,18.184
Monaco Grand Prix,7.0,HAD,9.717
Monaco Grand Prix,7.0,RUS,19.195
Monaco Grand Prix,7.0,PIA,6.316
Monaco Grand Prix,7.0,BEA,34.291
Monaco Grand Prix,8.0,VER,8.065
Monaco Grand Prix,8.0,GAS,38.98
Monaco Grand Prix,8.0,ANT,22.909
Monaco Grand Prix,8.0,ALO,13.11
Monaco Grand Prix,8.0,LEC,2.146
Monaco Grand Prix,8.0,STR,25.109
Monaco Grand Prix,8.0,TSU,28.575
Monaco Grand Prix,8.0,ALB,19.761
Monaco Grand Prix,8.0,HUL,21.136
Monaco Grand Prix,8.0,LAW,18.984
Monaco Grand Prix,8.0,OCO,14.923
Monaco Grand Prix,8.0,NOR,0.0
Monaco Grand Prix,8.0,COL,23.636
Monaco Grand Prix,8.0,HAM,14.166
Monaco Grand Prix,8.0,BOR,42.613
Monaco Grand Prix,8.0,SAI,20.942
Monaco Grand Prix,8.0,HAD,10.479
Monaco Grand Prix,8.0,RUS,22.362
Monaco Grand Prix,8.0,PIA,6.719
Monaco Grand Prix,8.0,BEA,34.968
Monaco Grand Prix,9.0,VER,7.122
Monaco Grand Prix,9.0,ANT,24.087
Monaco Grand Prix,9.0,ALO,13.145
Monaco Grand Prix,9.0,LEC,1.21
Monaco Grand Prix,9.0,STR,25.282
Monaco Grand Prix,9.0,TSU,26.038
Monaco Grand Prix,9.0,ALB,21.764
Monaco Grand Prix,9.0,HUL,23.019
Monaco Grand Prix,9.0,LAW,21.386
Monaco Grand Prix,9.0,OCO,15.487
Monaco Grand Prix,9.0,NOR,0.0
Monaco Grand Prix,9.0,COL,24.685
Monaco Grand Prix,9.0,HAM,14.036
Monaco Grand Prix,9.0,BOR,38.876
Monaco Grand Prix,9.0,SAI,22.467
Monaco Grand Prix,9.0,HAD,10.299
Monaco Grand Prix,9.0,RUS,23.604
Monaco Grand Prix,9.0,PIA,6.852
Monaco Grand Prix,9.0,BEA,29.287
Monaco Grand Prix,10.0,VER,5.906
Monaco Grand Prix,10.0,ANT,25.225
Monaco Grand Prix,10.0,ALO,12.927
Monaco Grand Prix,10.0,LEC,0.737
Monaco Grand Prix,10.0,STR,26.605
Monaco Grand Prix,10.0,TSU,27.476
Monaco Grand Prix,10.0,ALB,22.907
Monaco Grand Prix,10.0,HUL,24.141
Monaco Grand Prix,10.0,LAW,22.422
Monaco Grand Prix,10.0,OCO,15.432
Monaco Grand Prix,10.0,NOR,0.0
Monaco Grand Prix,10.0,COL,26.009
Monaco Grand Prix,10.0,HAM,14.179
Monaco Grand Prix,10.0,BOR,35.273
Monaco Grand Prix,10.0,SAI,23.75
Monaco Grand Prix,10.0,HAD,8.443
Monaco Grand Prix,10.0,RUS,24.72
Monaco Grand Prix,10.0,PIA,5.627
Monaco Grand Prix,10.0,BEA,28.457
Monaco Grand Prix,11.0,VER,3.616
Monaco Grand Prix,11.0,ANT,25.348
Monaco Grand Prix,11.0,ALO,10.625
Monaco Grand Prix,11.0,LEC,0.856
Monaco Grand Prix,11.0,STR,26.951999999999998
Monaco Grand Prix,11.0,TSU,27.793
Monaco Grand Prix,11.0,ALB,22.583
Monaco Grand Prix,11.0,HUL,23.774
Monaco Grand Prix,11.0,LAW,21.999
Monaco Grand Prix,11.0,OCO,12.98
Monaco Grand Prix,11.0,NOR,0.0
Monaco Grand Prix,11.0,COL,26.089
Monaco Grand Prix,11.0,HAM,11.528
Monaco Grand Prix,11.0,BOR,31.758
Monaco Grand Prix,11.0,SAI,23.409
Monaco Grand Prix,11.0,HAD,6.855
Monaco Grand Prix,11.0,RUS,24.802
Monaco Grand Prix,11.0,PIA,3.191
Monaco Grand Prix,11.0,BEA,28.703
Monaco Grand Prix,12.0,VER,5.444
Monaco Grand Prix,12.0,ANT,28.836
Monaco Grand Prix,12.0,ALO,11.644
Monaco Grand Prix,12.0,LEC,0.995
Monaco Grand Prix,12.0,STR,30.217
Monaco Grand Prix,12.0,TSU,31.13
Monaco Grand Prix,12.0,ALB,25.943
Monaco Grand Prix,12.0,HUL,44.217
Monaco Grand Prix,12.0,LAW,25.47
Monaco Grand Prix,12.0,OCO,14.038
Monaco Grand Prix,12.0,NOR,0.0
Monaco Grand Prix,12.0,COL,29.616
Monaco Grand Prix,12.0,HAM,12.758
Monaco Grand Prix,12.0,BOR,33.262
Monaco Grand Prix,12.0,SAI,27.243
Monaco Grand Prix,12.0,HAD,7.931
Monaco Grand Prix,12.0,RUS,28.228
Monaco Grand Prix,12.0,PIA,4.284
Monaco Grand Prix,12.0,BEA,31.804
Monaco Grand Prix,13.0,VER,6.578
Monaco Grand Prix,13.0,ANT,31.716
Monaco Grand Prix,13.0,ALO,12.067
Monaco Grand Prix,13.0,LEC,1.214
Monaco Grand Prix,13.0,STR,33.616
Monaco Grand Prix,13.0,TSU,34.443
Monaco Grand Prix,13.0,ALB,29.199
Monaco Grand Prix,13.0,HUL,46.508
Monaco Grand Prix,13.0,LAW,28.873
Monaco Grand Prix,13.0,OCO,15.291
Monaco Grand Prix,13.0,NOR,0.0
Monaco Grand Prix,13.0,COL,49.545
Monaco Grand Prix,13.0,HAM,13.568999999999999
Monaco Grand Prix,13.0,BOR,36.362
Monaco Grand Prix,13.0,SAI,30.404
Monaco Grand Prix,13.0,HAD,9.031
Monaco Grand Prix,13.0,RUS,31.141
Monaco Grand Prix,13.0,PIA,5.044
Monaco Grand Prix,13.0,BEA,35.496
Monaco Grand Prix,14.0,VER,7.266
Monaco Grand Prix,14.0,ANT,34.669
Monaco Grand Prix,14.0,ALO,12.24
Monaco Grand Prix,14.0,LEC,1.722
Monaco Grand Prix,14.0,STR,35.966
Monaco Grand Prix,14.0,TSU,37.096
Monaco Grand Prix,14.0,ALB,32.894
Monaco Grand Prix,14.0,HUL,46.492
Monaco Grand Prix,14.0,LAW,32.323
Monaco Grand Prix,14.0,OCO,15.622
Monaco Grand Prix,14.0,NOR,0.0
Monaco Grand Prix,14.0,COL,53.485
Monaco Grand Prix,14.0,HAM,13.598
Monaco Grand Prix,14.0,BOR,38.721
Monaco Grand Prix,14.0,SAI,33.711
Monaco Grand Prix,14.0,HAD,26.981
Monaco Grand Prix,14.0,RUS,34.266
Monaco Grand Prix,14.0,PIA,5.334
Monaco Grand Prix,14.0,BEA,37.76
Monaco Grand Prix,15.0,VER,7.973
Monaco Grand Prix,15.0,ANT,38.854
Monaco Grand Prix,15.0,ALO,12.16
Monaco Grand Prix,15.0,LEC,2.091
Monaco Grand Prix,15.0,STR,39.64
Monaco Grand Prix,15.0,TSU,40.509
Monaco Grand Prix,15.0,ALB,37.364
Monaco Grand Prix,15.0,HUL,47.372
Monaco Grand Prix,15.0,LAW,36.811
Monaco Grand Prix,15.0,OCO,16.526
Monaco Grand Prix,15.0,NOR,0.0
Monaco Grand Prix,15.0,COL,53.321
Monaco Grand Prix,15.0,HAM,13.916
Monaco Grand Prix,15.0,BOR,41.695
Monaco Grand Prix,15.0,SAI,38.037
Monaco Grand Prix,15.0,HAD,31.079
Monaco Grand Prix,15.0,RUS,38.357
Monaco Grand Prix,15.0,PIA,5.183
Monaco Grand Prix,15.0,BEA,41.281
Monaco Grand Prix,16.0,VER,8.451
Monaco Grand Prix,16.0,ANT,44.685
Monaco Grand Prix,16.0,ALO,31.414
Monaco Grand Prix,16.0,LEC,2.92
Monaco Grand Prix,16.0,STR,45.172
Monaco Grand Prix,16.0,TSU,46.039
Monaco Grand Prix,16.0,ALB,43.142
Monaco Grand Prix,16.0,HUL,50.775
Monaco Grand Prix,16.0,LAW,42.589
Monaco Grand Prix,16.0,OCO,36.552
Monaco Grand Prix,16.0,NOR,0.0
Monaco Grand Prix,16.0,COL,53.842
Monaco Grand Prix,16.0,HAM,14.943
Monaco Grand Prix,16.0,BOR,47.159
Monaco Grand Prix,16.0,SAI,43.82
Monaco Grand Prix,16.0,HAD,32.146
Monaco Grand Prix,16.0,RUS,44.209
Monaco Grand Prix,16.0,PIA,5.912
Monaco Grand Prix,16.0,BEA,47.005
Monaco Grand Prix,17.0,VER,8.923
Monaco Grand Prix,17.0,ANT,51.208
Monaco Grand Prix,17.0,ALO,37.038
Monaco Grand Prix,17.0,LEC,3.529
Monaco Grand Prix,17.0,STR,68.338
Monaco Grand Prix,17.0,TSU,52.461
Monaco Grand Prix,17.0,ALB,49.461
Monaco Grand Prix,17.0,HUL,56.085
Monaco Grand Prix,17.0,LAW,48.909
Monaco Grand Prix,17.0,OCO,40.694
Monaco Grand Prix,17.0,NOR,0.0
Monaco Grand Prix,17.0,COL,56.73
Monaco Grand Prix,17.0,HAM,15.261
Monaco Grand Prix,17.0,BOR,53.437
Monaco Grand Prix,17.0,SAI,50.221
Monaco Grand Prix,17.0,HAD,34.678
Monaco Grand Prix,17.0,RUS,50.607
Monaco Grand Prix,17.0,PIA,6.71
Monaco Grand Prix,17.0,BEA,70.212
Monaco Grand Prix,18.0,VER,8.678
Monaco Grand Prix,18.0,ANT,56.064
Monaco Grand Prix,18.0,ALO,38.598
Monaco Grand Prix,18.0,LEC,3.07
Monaco Grand Prix,18.0,STR,72.621
Monaco Grand Prix,18.0,TSU,56.789
Monaco Grand Prix,18.0,ALB,54.416
Monaco Grand Prix,18.0,HUL,58.849
Monaco Grand Prix,18.0,LAW,53.854
Monaco Grand Prix,18.0,OCO,41.188
Monaco Grand Prix,18.0,NOR,0.0
Monaco Grand Prix,18.0,COL,59.801
Monaco Grand Prix,18.0,HAM,31.843
Monaco Grand Prix,18.0,BOR,57.379
Monaco Grand Prix,18.0,SAI,55.084
Monaco Grand Prix,18.0,HAD,35.77
Monaco Grand Prix,18.0,RUS,55.453
Monaco Grand Prix,18.0,PIA,6.364
Monaco Grand Prix,18.0,BEA,73.358
Monaco Grand Prix,19.0,VER,5.505
Monaco Grand Prix,19.0,ANT,57.102
Monaco Grand Prix,19.0,ALO,37.238
Monaco Grand Prix,19.0,LEC,0.0
Monaco Grand Prix,19.0,STR,70.616
Monaco Grand Prix,19.0,TSU,57.955
Monaco Grand Prix,19.0,ALB,55.109
Monaco Grand Prix,19.0,HUL,59.321
Monaco Grand Prix,19.0,LAW,54.601
Monaco Grand Prix,19.0,OCO,39.342
Monaco Grand Prix,19.0,NOR,13.668
Monaco Grand Prix,19.0,COL,60.066
Monaco Grand Prix,19.0,HAM,31.299
Monaco Grand Prix,19.0,BOR,58.522
Monaco Grand Prix,19.0,SAI,56.02
Monaco Grand Prix,19.0,HAD,50.508
Monaco Grand Prix,19.0,RUS,56.496
Monaco Grand Prix,19.0,PIA,2.827
Monaco Grand Prix,19.0,BEA,71.057
Monaco Grand Prix,20.0,VER,5.931
Monaco Grand Prix,20.0,ANT,61.137
Monaco Grand Prix,20.0,ALO,39.698
Monaco Grand Prix,20.0,LEC,0.0
Monaco Grand Prix,20.0,STR,72.242
Monaco Grand Prix,20.0,TSU,62.044
Monaco Grand Prix,20.0,ALB,58.23
Monaco Grand Prix,20.0,HUL,63.895
Monaco Grand Prix,20.0,LAW,57.192
Monaco Grand Prix,20.0,OCO,41.134
Monaco Grand Prix,20.0,NOR,16.894
Monaco Grand Prix,20.0,COL,64.555
Monaco Grand Prix,20.0,HAM,31.557
Monaco Grand Prix,20.0,BOR,63.05
Monaco Grand Prix,20.0,SAI,59.068
Monaco Grand Prix,20.0,HAD,54.876
Monaco Grand Prix,20.0,RUS,60.202
Monaco Grand Prix,20.0,PIA,21.74
Monaco Grand Prix,20.0,BEA,72.78
Monaco Grand Prix,21.0,VER,5.397
Monaco Grand Prix,21.0,ANT,63.269
Monaco Grand Prix,21.0,ALO,41.837
Monaco Grand Prix,21.0,LEC,0.0
Monaco Grand Prix,21.0,STR,73.367
Monaco Grand Prix,21.0,TSU,64.147
Monaco Grand Prix,21.0,ALB,59.544
Monaco Grand Prix,21.0,HUL,66.263
Monaco Grand Prix,21.0,LAW,58.467
Monaco Grand Prix,21.0,OCO,42.855
Monaco Grand Prix,21.0,NOR,16.371
Monaco Grand Prix,21.0,COL,66.987
Monaco Grand Prix,21.0,HAM,31.525
Monaco Grand Prix,21.0,BOR,64.986
Monaco Grand Prix,21.0,SAI,60.747
Monaco Grand Prix,21.0,HAD,55.23
Monaco Grand Prix,21.0,RUS,62.195
Monaco Grand Prix,21.0,PIA,23.972
Monaco Grand Prix,21.0,BEA,74.187
Monaco Grand Prix,22.0,VER,0.0
Monaco Grand Prix,22.0,ANT,59.854
Monaco Grand Prix,22.0,ALO,40.087
Monaco Grand Prix,22.0,LEC,11.724
Monaco Grand Prix,22.0,STR,69.352
Monaco Grand Prix,22.0,TSU,60.854
Monaco Grand Prix,22.0,ALB,55.857
Monaco Grand Prix,22.0,HUL,63.084
Monaco Grand Prix,22.0,LAW,54.513
Monaco Grand Prix,22.0,OCO,40.667
Monaco Grand Prix,22.0,NOR,10.529
Monaco Grand Prix,22.0,COL,64.107
Monaco Grand Prix,22.0,HAM,25.84
Monaco Grand Prix,22.0,BOR,61.962
Monaco Grand Prix,22.0,SAI,57.123
Monaco Grand Prix,22.0,HAD,50.899
Monaco Grand Prix,22.0,RUS,58.808
Monaco Grand Prix,22.0,PIA,17.102
Monaco Grand Prix,22.0,BEA,70.061
Monaco Grand Prix,23.0,VER,0.0
Monaco Grand Prix,23.0,ANT,61.573
Monaco Grand Prix,23.0,ALO,42.78
Monaco Grand Prix,23.0,LEC,16.569
Monaco Grand Prix,23.0,STR,70.677
Monaco Grand Prix,23.0,TSU,62.533
Monaco Grand Prix,23.0,ALB,57.159
Monaco Grand Prix,23.0,HUL,65.387
Monaco Grand Prix,23.0,LAW,56.043
Monaco Grand Prix,23.0,OCO,43.488
Monaco Grand Prix,23.0,NOR,10.59
Monaco Grand Prix,23.0,COL,66.479
Monaco Grand Prix,23.0,HAM,25.598
Monaco Grand Prix,23.0,BOR,63.924
Monaco Grand Prix,23.0,SAI,58.619
Monaco Grand Prix,23.0,HAD,53.226
Monaco Grand Prix,23.0,RUS,60.454
Monaco Grand Prix,23.0,PIA,19.638
Monaco Grand Prix,23.0,BEA,71.349
Monaco Grand Prix,24.0,VER,0.0
Monaco Grand Prix,24.0,ANT,63.331
Monaco Grand Prix,24.0,ALO,45.347
Monaco Grand Prix,24.0,LEC,17.408
Monaco Grand Prix,24.0,STR,72.538
Monaco Grand Prix,24.0,TSU,64.378
Monaco Grand Prix,24.0,ALB,58.932
Monaco Grand Prix,24.0,HUL,67.261
Monaco Grand Prix,24.0,LAW,57.574
Monaco Grand Prix,24.0,OCO,46.218
Monaco Grand Prix,24.0,NOR,10.629
Monaco Grand Prix,24.0,COL,68.531
Monaco Grand Prix,24.0,HAM,25.629
Monaco Grand Prix,24.0,BOR,66.029
Monaco Grand Prix,24.0,SAI,60.456
Monaco Grand Prix,24.0,HAD,55.835
Monaco Grand Prix,24.0,RUS,62.208
Monaco Grand Prix,24.0,PIA,19.944
Monaco Grand Prix,24.0,BEA,73.224
Monaco Grand Prix,25.0,VER,0.0
Monaco Grand Prix,25.0,ANT,66.933
Monaco Grand Prix,25.0,ALO,47.857
Monaco Grand Prix,25.0,LEC,16.851
Monaco Grand Prix,25.0,STR,74.604
Monaco Grand Prix,25.0,TSU,67.616
Monaco Grand Prix,25.0,ALB,61.41
Monaco Grand Prix,25.0,HUL,69.624
Monaco Grand Prix,25.0,LAW,59.989
Monaco Grand Prix,25.0,OCO,48.763
Monaco Grand Prix,25.0,NOR,9.854
Monaco Grand Prix,25.0,COL,70.565
Monaco Grand Prix,25.0,HAM,25.152
Monaco Grand Prix,25.0,BOR,68.819
Monaco Grand Prix,25.0,SAI,66.007
Monaco Grand Prix,25.0,HAD,58.492
Monaco Grand Prix,25.0,RUS,66.249
Monaco Grand Prix,25.0,PIA,19.709
Monaco Grand Prix,25.0,BEA,76.418
Monaco Grand Prix,26.0,VER,0.0
Monaco Grand Prix,26.0,ANT,70.124
Monaco Grand Prix,26.0,ALO,47.862
Monaco Grand Prix,26.0,LEC,15.277
Monaco Grand Prix,26.0,STR,77.217
Monaco Grand Prix,26.0,TSU,70.858
Monaco Grand Prix,26.0,ALB,62.386
Monaco Grand Prix,26.0,HUL,72.06
Monaco Grand Prix,26.0,LAW,61.157
Monaco Grand Prix,26.0,OCO,49.002
Monaco Grand Prix,26.0,NOR,8.293
Monaco Grand Prix,26.0,COL,89.849
Monaco Grand Prix,26.0,HAM,23.668
Monaco Grand Prix,26.0,BOR,88.706
Monaco Grand Prix,26.0,SAI,69.029
Monaco Grand Prix,26.0,HAD,59.829
Monaco Grand Prix,26.0,RUS,69.452
Monaco Grand Prix,26.0,PIA,18.381
Monaco Grand Prix,26.0,BEA,78.164
Monaco Grand Prix,27.0,VER,0.0
Monaco Grand Prix,27.0,ANT,73.247
Monaco Grand Prix,27.0,ALO,48.283
Monaco Grand Prix,27.0,LEC,13.773
Monaco Grand Prix,27.0,STR,77.921
Monaco Grand Prix,27.0,TSU,74.1
Monaco Grand Prix,27.0,ALB,63.248
Monaco Grand Prix,27.0,HUL,75.209
Monaco Grand Prix,27.0,LAW,61.874
Monaco Grand Prix,27.0,OCO,49.384
Monaco Grand Prix,27.0,NOR,6.592
Monaco Grand Prix,27.0,COL,93.763
Monaco Grand Prix,27.0,HAM,21.878
Monaco Grand Prix,27.0,BOR,92.592
Monaco Grand Prix,27.0,SAI,72.294
Monaco Grand Prix,27.0,HAD,59.988
Monaco Grand Prix,27.0,RUS,72.582
Monaco Grand Prix,27.0,PIA,16.83
Monaco Grand Prix,27.0,BEA,78.841
Monaco Grand Prix,28.0,VER,11.441
Monaco Grand Prix,28.0,ANT,71.947
Monaco Grand Prix,28.0,ALO,43.487
Monaco Grand Prix,28.0,LEC,7.412
Monaco Grand Prix,28.0,STR,73.983
Monaco Grand Prix,28.0,TSU,72.676
Monaco Grand Prix,28.0,ALB,58.739
Monaco Grand Prix,28.0,HUL,73.263
Monaco Grand Prix,28.0,LAW,57.566
Monaco Grand Prix,28.0,OCO,62.179
Monaco Grand Prix,28.0,NOR,0.0
Monaco Grand Prix,28.0,COL,90.688
Monaco Grand Prix,28.0,HAM,16.088
Monaco Grand Prix,28.0,BOR,87.402
Monaco Grand Prix,28.0,SAI,70.701
Monaco Grand Prix,28.0,HAD,55.219
Monaco Grand Prix,28.0,RUS,71.045
Monaco Grand Prix,28.0,PIA,11.176
Monaco Grand Prix,28.0,BEA,74.757
Monaco Grand Prix,29.0,VER,14.235
Monaco Grand Prix,29.0,ANT,75.244
Monaco Grand Prix,29.0,ALO,43.989
Monaco Grand Prix,29.0,LEC,5.84
Monaco Grand Prix,29.0,STR,78.325
Monaco Grand Prix,29.0,TSU,76.212
Monaco Grand Prix,29.0,ALB,59.931
Monaco Grand Prix,29.0,HUL,77.235
Monaco Grand Prix,29.0,LAW,58.529
Monaco Grand Prix,29.0,OCO,65.89
Monaco Grand Prix,29.0,NOR,0.0
Monaco Grand Prix,29.0,COL,90.825
Monaco Grand Prix,29.0,HAM,17.121
Monaco Grand Prix,29.0,BOR,86.818
Monaco Grand Prix,29.0,SAI,74.037
Monaco Grand Prix,29.0,HAD,55.939
Monaco Grand Prix,29.0,RUS,74.515
Monaco Grand Prix,29.0,PIA,10.135
Monaco Grand Prix,29.0,BEA,80.545
Monaco Grand Prix,30.0,VER,12.05
Monaco Grand Prix,30.0,ANT,78.391
Monaco Grand Prix,30.0,ALO,44.037
Monaco Grand Prix,30.0,LEC,3.7119999999999997
Monaco Grand Prix,30.0,STR,81.312
Monaco Grand Prix,30.0,TSU,79.118
Monaco Grand Prix,30.0,ALB,59.56
Monaco Grand Prix,30.0,HUL,80.368
Monaco Grand Prix,30.0,LAW,57.877
Monaco Grand Prix,30.0,OCO,64.427
Monaco Grand Prix,30.0,NOR,0.0
Monaco Grand Prix,30.0,COL,88.864
Monaco Grand Prix,30.0,HAM,15.746
Monaco Grand Prix,30.0,BOR,85.102
Monaco Grand Prix,30.0,SAI,77.422
Monaco Grand Prix,30.0,HAD,55.112
Monaco Grand Prix,30.0,RUS,77.77
Monaco Grand Prix,30.0,PIA,7.744
Monaco Grand Prix,30.0,BEA,82.064
Monaco Grand Prix,31.0,VER,10.386
Monaco Grand Prix,31.0,ANT,81.403
Monaco Grand Prix,31.0,ALO,43.382
Monaco Grand Prix,31.0,LEC,3.6879999999999997
Monaco Grand Prix,31.0,STR,84.236
Monaco Grand Prix,31.0,TSU,82.409
Monaco Grand Prix,31.0,ALB,59.633
Monaco Grand Prix,31.0,HUL,83.46
Monaco Grand Prix,31.0,LAW,74.611
Monaco Grand Prix,31.0,OCO,63.06
Monaco Grand Prix,31.0,NOR,0.0
Monaco Grand Prix,31.0,COL,88.074
Monaco Grand Prix,31.0,HAM,14.597
Monaco Grand Prix,31.0,BOR,86.519
Monaco Grand Prix,31.0,SAI,77.902
Monaco Grand Prix,31.0,HAD,54.604
Monaco Grand Prix,31.0,RUS,79.041
Monaco Grand Prix,31.0,PIA,6.682
Monaco Grand Prix,31.0,BEA,85.194
Monaco Grand Prix,32.0,VER,11.099
Monaco Grand Prix,32.0,ANT,86.381
Monaco Grand Prix,32.0,ALO,44.759
Monaco Grand Prix,32.0,LEC,5.395
Monaco Grand Prix,32.0,STR,90.023
Monaco Grand Prix,32.0,TSU,88.649
Monaco Grand Prix,32.0,ALB,77.916
Monaco Grand Prix,32.0,HUL,89.351
Monaco Grand Prix,32.0,LAW,79.101
Monaco Grand Prix,32.0,OCO,63.852
Monaco Grand Prix,32.0,NOR,0.0
Monaco Grand Prix,32.0,COL,93.208
Monaco Grand Prix,32.0,HAM,15.562
Monaco Grand Prix,32.0,BOR,91.155
Monaco Grand Prix,32.0,SAI,83.245
Monaco Grand Prix,32.0,HAD,56.2
Monaco Grand Prix,32.0,RUS,83.714
Monaco Grand Prix,32.0,PIA,8.793
Monaco Grand Prix,32.0,BEA,90.71
Monaco Grand Prix,33.0,VER,12.67
Monaco Grand Prix,33.0,ANT,91.083
Monaco Grand Prix,33.0,ALO,45.94
Monaco Grand Prix,33.0,LEC,6.268
Monaco Grand Prix,33.0,STR,93.611
Monaco Grand Prix,33.0,TSU,92.042
Monaco Grand Prix,33.0,ALB,85.51
Monaco Grand Prix,33.0,HUL,92.549
Monaco Grand Prix,33.0,LAW,82.744
Monaco Grand Prix,33.0,OCO,64.43
Monaco Grand Prix,33.0,NOR,0.0
Monaco Grand Prix,33.0,COL,97.094
Monaco Grand Prix,33.0,HAM,17.456
Monaco Grand Prix,33.0,BOR,95.789
Monaco Grand Prix,33.0,SAI,89.481
Monaco Grand Prix,33.0,HAD,57.602
Monaco Grand Prix,33.0,RUS,90.207
Monaco Grand Prix,33.0,PIA,10.475999999999999
Monaco Grand Prix,33.0,BEA,94.852
Monaco Grand Prix,34.0,VER,13.781
Monaco Grand Prix,34.0,ANT,95.157
Monaco Grand Prix,34.0,ALO,48.598
Monaco Grand Prix,34.0,LEC,6.559
Monaco Grand Prix,34.0,STR,99.121
Monaco Grand Prix,34.0,TSU,95.976
Monaco Grand Prix,34.0,ALB,91.053
Monaco Grand Prix,34.0,HUL,96.26
Monaco Grand Prix,34.0,LAW,84.48
Monaco Grand Prix,34.0,OCO,64.898
Monaco Grand Prix,34.0,NOR,0.0
Monaco Grand Prix,34.0,COL,101.109
Monaco Grand Prix,34.0,HAM,20.333
Monaco Grand Prix,34.0,BOR,100.376
Monaco Grand Prix,34.0,SAI,94.012
Monaco Grand Prix,34.0,HAD,58.983
Monaco Grand Prix,34.0,RUS,94.454
Monaco Grand Prix,34.0,PIA,11.734
Monaco Grand Prix,34.0,BEA,99.888
Monaco Grand Prix,35.0,VER,14.927
Monaco Grand Prix,35.0,ANT,100.431
Monaco Grand Prix,35.0,ALO,50.438
Monaco Grand Prix,35.0,LEC,6.724
Monaco Grand Prix,35.0,STR,103.154
Monaco Grand Prix,35.0,TSU,102.061
Monaco Grand Prix,35.0,ALB,93.25
Monaco Grand Prix,35.0,HUL,102.67
Monaco Grand Prix,35.0,LAW,86.238
Monaco Grand Prix,35.0,OCO,66.56
Monaco Grand Prix,35.0,NOR,0.0
Monaco Grand Prix,35.0,COL,105.595
Monaco Grand Prix,35.0,HAM,23.975
Monaco Grand Prix,35.0,BOR,121.439
Monaco Grand Prix,35.0,SAI,99.292
Monaco Grand Prix,35.0,HAD,61.011
Monaco Grand Prix,35.0,RUS,99.489
Monaco Grand Prix,35.0,PIA,12.369
Monaco Grand Prix,35.0,BEA,103.71
Monaco Grand Prix,36.0,VER,15.118
Monaco Grand Prix,36.0,ANT,105.515
Monaco Grand Prix,36.0,ALO,51.853
Monaco Grand Prix,36.0,LEC,5.994
Monaco Grand Prix,36.0,STR,107.281
Monaco Grand Prix,36.0,TSU,106.221
Monaco Grand Prix,36.0,ALB,94.65
Monaco Grand Prix,36.0,HUL,106.527
Monaco Grand Prix,36.0,LAW,91.724
Monaco Grand Prix,36.0,OCO,67.924
Monaco Grand Prix,36.0,NOR,0.0
Monaco Grand Prix,36.0,COL,108.765
Monaco Grand Prix,36.0,HAM,26.408
Monaco Grand Prix,36.0,BOR,125.261
Monaco Grand Prix,36.0,SAI,104.285
Monaco Grand Prix,36.0,HAD,62.351
Monaco Grand Prix,36.0,RUS,104.656
Monaco Grand Prix,36.0,PIA,12.691
Monaco Grand Prix,36.0,BEA,107.984
Monaco Grand Prix,37.0,VER,15.473
Monaco Grand Prix,37.0,ANT,109.715
Monaco Grand Prix,37.0,ALO,127.183
Monaco Grand Prix,37.0,LEC,5.429
Monaco Grand Prix,37.0,STR,111.557
Monaco Grand Prix,37.0,TSU,110.484
Monaco Grand Prix,37.0,ALB,96.133
Monaco Grand Prix,37.0,HUL,110.761
Monaco Grand Prix,37.0,LAW,92.944
Monaco Grand Prix,37.0,OCO,70.451
Monaco Grand Prix,37.0,NOR,0.0
Monaco Grand Prix,37.0,COL,112.755
Monaco Grand Prix,37.0,HAM,29.026
Monaco Grand Prix,37.0,BOR,125.475
Monaco Grand Prix,37.0,SAI,108.368
Monaco Grand Prix,37.0,HAD,64.1
Monaco Grand Prix,37.0,RUS,108.911
Monaco Grand Prix,37.0,PIA,13.417
Monaco Grand Prix,37.0,BEA,112.199
Monaco Grand Prix,38.0,VER,15.243
Monaco Grand Prix,38.0,ANT,113.189
Monaco Grand Prix,38.0,LEC,5.092
Monaco Grand Prix,38.0,STR,114.902
Monaco Grand Prix,38.0,TSU,113.745
Monaco Grand Prix,38.0,ALB,96.755
Monaco Grand Prix,38.0,HUL,114.126
Monaco Grand Prix,38.0,LAW,94.001
Monaco Grand Prix,38.0,OCO,71.842
Monaco Grand Prix,38.0,NOR,0.0
Monaco Grand Prix,38.0,COL,116.576
Monaco Grand Prix,38.0,HAM,30.057
Monaco Grand Prix,38.0,BOR,125.538
Monaco Grand Prix,38.0,SAI,111.987
Monaco Grand Prix,38.0,HAD,65.593
Monaco Grand Prix,38.0,RUS,112.472
Monaco Grand Prix,38.0,PIA,12.985
Monaco Grand Prix,38.0,BEA,115.625
Monaco Grand Prix,39.0,VER,15.887
Monaco Grand Prix,39.0,ANT,117.769
Monaco Grand Prix,39.0,LEC,5.091
Monaco Grand Prix,39.0,STR,119.566
Monaco Grand Prix,39.0,TSU,118.483
Monaco Grand Prix,39.0,ALB,97.917
Monaco Grand Prix,39.0,HUL,118.861
Monaco Grand Prix,39.0,LAW,95.66
Monaco Grand Prix,39.0,OCO,76.111
Monaco Grand Prix,39.0,NOR,0.0
Monaco Grand Prix,39.0,COL,121.324
Monaco Grand Prix,39.0,HAM,31.362
Monaco Grand Prix,39.0,BOR,127.285
Monaco Grand Prix,39.0,SAI,116.665
Monaco Grand Prix,39.0,HAD,68.372
Monaco Grand Prix,39.0,RUS,117.196
Monaco Grand Prix,39.0,PIA,13.438
Monaco Grand Prix,39.0,BEA,120.275
Monaco Grand Prix,40.0,VER,15.071
Monaco Grand Prix,40.0,ANT,121.482
Monaco Grand Prix,40.0,LEC,3.91
Monaco Grand Prix,40.0,STR,123.114
Monaco Grand Prix,40.0,TSU,122.159
Monaco Grand Prix,40.0,ALB,114.836
Monaco Grand Prix,40.0,HUL,122.428
Monaco Grand Prix,40.0,LAW,112.89
Monaco Grand Prix,40.0,OCO,77.399
Monaco Grand Prix,40.0,NOR,0.0
Monaco Grand Prix,40.0,COL,124.53
Monaco Grand Prix,40.0,HAM,31.076
Monaco Grand Prix,40.0,BOR,128.383
Monaco Grand Prix,40.0,SAI,120.416
Monaco Grand Prix,40.0,HAD,70.16
Monaco Grand Prix,40.0,RUS,120.895
Monaco Grand Prix,40.0,PIA,12.545
Monaco Grand Prix,40.0,BEA,123.806
Monaco Grand Prix,41.0,VER,15.435
Monaco Grand Prix,41.0,ANT,125.516
Monaco Grand Prix,41.0,LEC,4.719
Monaco Grand Prix,41.0,STR,127.789
Monaco Grand Prix,41.0,TSU,126.405
Monaco Grand Prix,41.0,ALB,122.208
Monaco Grand Prix,41.0,HUL,126.977
Monaco Grand Prix,41.0,LAW,119.747
Monaco Grand Prix,41.0,OCO,81.499
Monaco Grand Prix,41.0,NOR,0.0
Monaco Grand Prix,41.0,COL,129.37
Monaco Grand Prix,41.0,HAM,32.161
Monaco Grand Prix,41.0,BOR,131.204
Monaco Grand Prix,41.0,SAI,123.212
Monaco Grand Prix,41.0,HAD,73.376
Monaco Grand Prix,41.0,RUS,124.141
Monaco Grand Prix,41.0,PIA,12.816
Monaco Grand Prix,41.0,BEA,128.521
Monaco Grand Prix,42.0,VER,15.472
Monaco Grand Prix,42.0,ANT,128.217
Monaco Grand Prix,42.0,LEC,5.433
Monaco Grand Prix,42.0,STR,130.733
Monaco Grand Prix,42.0,TSU,129.278
Monaco Grand Prix,42.0,ALB,126.608
Monaco Grand Prix,42.0,HUL,129.873
Monaco Grand Prix,42.0,LAW,122.071
Monaco Grand Prix,42.0,OCO,83.32
Monaco Grand Prix,42.0,NOR,0.0
Monaco Grand Prix,42.0,COL,132.749
Monaco Grand Prix,42.0,HAM,32.726
Monaco Grand Prix,42.0,BOR,134.463
Monaco Grand Prix,42.0,SAI,125.499
Monaco Grand Prix,42.0,HAD,78.642
Monaco Grand Prix,42.0,RUS,127.339
Monaco Grand Prix,42.0,PIA,12.534
Monaco Grand Prix,42.0,BEA,131.526
Monaco Grand Prix,43.0,VER,15.865
Monaco Grand Prix,43.0,ANT,132.353
Monaco Grand Prix,43.0,LEC,5.8149999999999995
Monaco Grand Prix,43.0,STR,134.321
Monaco Grand Prix,43.0,TSU,133.154
Monaco Grand Prix,43.0,ALB,131.072
Monaco Grand Prix,43.0,HUL,133.628
Monaco Grand Prix,43.0,LAW,123.828
Monaco Grand Prix,43.0,OCO,85.73
Monaco Grand Prix,43.0,NOR,0.0
Monaco Grand Prix,43.0,COL,136.116
Monaco Grand Prix,43.0,HAM,33.406
Monaco Grand Prix,43.0,BOR,137.326
Monaco Grand Prix,43.0,SAI,127.206
Monaco Grand Prix,43.0,HAD,83.392
Monaco Grand Prix,43.0,RUS,131.659
Monaco Grand Prix,43.0,PIA,13.541
Monaco Grand Prix,43.0,BEA,135.0
Monaco Grand Prix,44.0,VER,16.373
Monaco Grand Prix,44.0,ANT,137.366
Monaco Grand Prix,44.0,LEC,6.208
Monaco Grand Prix,44.0,STR,139.064
Monaco Grand Prix,44.0,TSU,138.109
Monaco Grand Prix,44.0,ALB,136.425
Monaco Grand Prix,44.0,HUL,155.383
Monaco Grand Prix,44.0,LAW,125.914
Monaco Grand Prix,44.0,OCO,89.182
Monaco Grand Prix,44.0,NOR,0.0
Monaco Grand Prix,44.0,COL,140.683
Monaco Grand Prix,44.0,HAM,34.22
Monaco Grand Prix,44.0,BOR,141.804
Monaco Grand Prix,44.0,SAI,129.393
Monaco Grand Prix,44.0,HAD,86.45
Monaco Grand Prix,44.0,RUS,136.859
Monaco Grand Prix,44.0,PIA,14.345
Monaco Grand Prix,44.0,BEA,139.639
Monaco Grand Prix,45.0,VER,16.219
Monaco Grand Prix,45.0,ANT,142.233
Monaco Grand Prix,45.0,LEC,6.034
Monaco Grand Prix,45.0,STR,143.725
Monaco Grand Prix,45.0,TSU,142.991
Monaco Grand Prix,45.0,ALB,141.265
Monaco Grand Prix,45.0,HUL,160.067
Monaco Grand Prix,45.0,LAW,127.135
Monaco Grand Prix,45.0,OCO,93.25
Monaco Grand Prix,45.0,NOR,0.0
Monaco Grand Prix,45.0,COL,145.009
Monaco Grand Prix,45.0,HAM,34.685
Monaco Grand Prix,45.0,BOR,145.878
Monaco Grand Prix,45.0,SAI,131.133
Monaco Grand Prix,45.0,HAD,89.98
Monaco Grand Prix,45.0,RUS,141.667
Monaco Grand Prix,45.0,PIA,15.085
Monaco Grand Prix,45.0,BEA,144.312
Monaco Grand Prix,46.0,VER,16.939
Monaco Grand Prix,46.0,ANT,147.321
Monaco Grand Prix,46.0,LEC,6.196
Monaco Grand Prix,46.0,STR,148.568
Monaco Grand Prix,46.0,TSU,148.06
Monaco Grand Prix,46.0,ALB,146.42
Monaco Grand Prix,46.0,HUL,161.799
Monaco Grand Prix,46.0,LAW,128.434
Monaco Grand Prix,46.0,OCO,96.08
Monaco Grand Prix,46.0,NOR,0.0
Monaco Grand Prix,46.0,COL,151.022
Monaco Grand Prix,46.0,HAM,35.831
Monaco Grand Prix,46.0,BOR,151.554
Monaco Grand Prix,46.0,SAI,133.037
Monaco Grand Prix,46.0,HAD,95.41
Monaco Grand Prix,46.0,RUS,146.779
Monaco Grand Prix,46.0,PIA,15.783
Monaco Grand Prix,46.0,BEA,149.429
Monaco Grand Prix,47.0,VER,17.441
Monaco Grand Prix,47.0,ANT,153.095
Monaco Grand Prix,47.0,LEC,6.373
Monaco Grand Prix,47.0,STR,154.595
Monaco Grand Prix,47.0,TSU,153.906
Monaco Grand Prix,47.0,ALB,151.236
Monaco Grand Prix,47.0,HUL,162.665
Monaco Grand Prix,47.0,LAW,129.538
Monaco Grand Prix,47.0,OCO,99.064
Monaco Grand Prix,47.0,NOR,0.0
Monaco Grand Prix,47.0,COL,156.554
Monaco Grand Prix,47.0,HAM,37.177
Monaco Grand Prix,47.0,BOR,157.324
Monaco Grand Prix,47.0,SAI,134.196
Monaco Grand Prix,47.0,HAD,98.182
Monaco Grand Prix,47.0,RUS,152.381
Monaco Grand Prix,47.0,PIA,15.518
Monaco Grand Prix,47.0,BEA,155.15
Monaco Grand Prix,48.0,VER,16.278
Monaco Grand Prix,48.0,ANT,156.238
Monaco Grand Prix,48.0,LEC,5.4030000000000005
Monaco Grand Prix,48.0,STR,157.512
Monaco Grand Prix,48.0,TSU,157.184
Monaco Grand Prix,48.0,ALB,155.728
Monaco Grand Prix,48.0,HUL,163.21
Monaco Grand Prix,48.0,LAW,129.255
Monaco Grand Prix,48.0,OCO,101.431
Monaco Grand Prix,48.0,NOR,0.0
Monaco Grand Prix,48.0,COL,159.093
Monaco Grand Prix,48.0,HAM,36.589
Monaco Grand Prix,48.0,BOR,159.639
Monaco Grand Prix,48.0,SAI,151.37
Monaco Grand Prix,48.0,HAD,99.932
Monaco Grand Prix,48.0,RUS,154.157
Monaco Grand Prix,48.0,PIA,30.845
Monaco Grand Prix,48.0,BEA,158.414
Monaco Grand Prix,49.0,VER,13.855
Monaco Grand Prix,49.0,ANT,157.882
Monaco Grand Prix,49.0,LEC,20.696
Monaco Grand Prix,49.0,STR,159.079
Monaco Grand Prix,49.0,TSU,158.498
Monaco Grand Prix,49.0,ALB,157.278
Monaco Grand Prix,49.0,HUL,165.202
Monaco Grand Prix,49.0,LAW,128.138
Monaco Grand Prix,49.0,OCO,102.982
Monaco Grand Prix,49.0,NOR,0.0
Monaco Grand Prix,49.0,COL,160.568
Monaco Grand Prix,49.0,HAM,35.474
Monaco Grand Prix,49.0,BOR,161.366
Monaco Grand Prix,49.0,SAI,153.648
Monaco Grand Prix,49.0,HAD,101.324
Monaco Grand Prix,49.0,RUS,154.852
Monaco Grand Prix,49.0,PIA,32.622
Monaco Grand Prix,49.0,BEA,159.651
Monaco Grand Prix,50.0,VER,0.0
Monaco Grand Prix,50.0,ANT,148.694
Monaco Grand Prix,50.0,LEC,9.515
Monaco Grand Prix,50.0,STR,149.799
Monaco Grand Prix,50.0,TSU,149.422
Monaco Grand Prix,50.0,ALB,148.163
Monaco Grand Prix,50.0,HUL,153.346
Monaco Grand Prix,50.0,LAW,115.336
Monaco Grand Prix,50.0,OCO,92.603
Monaco Grand Prix,50.0,NOR,2.612
Monaco Grand Prix,50.0,COL,152.252
Monaco Grand Prix,50.0,HAM,22.887
Monaco Grand Prix,50.0,BOR,152.764
Monaco Grand Prix,50.0,SAI,140.654
Monaco Grand Prix,50.0,HAD,90.278
Monaco Grand Prix,50.0,RUS,142.537
Monaco Grand Prix,50.0,PIA,18.462
Monaco Grand Prix,50.0,BEA,150.473
Monaco Grand Prix,51.0,VER,0.0
Monaco Grand Prix,51.0,ANT,153.87
Monaco Grand Prix,51.0,LEC,8.718
Monaco Grand Prix,51.0,STR,154.923
Monaco Grand Prix,51.0,TSU,154.524
Monaco Grand Prix,51.0,ALB,152.826
Monaco Grand Prix,51.0,HUL,159.358
Monaco Grand Prix,51.0,LAW,115.57
Monaco Grand Prix,51.0,OCO,95.862
Monaco Grand Prix,51.0,NOR,5.684
Monaco Grand Prix,51.0,COL,157.809
Monaco Grand Prix,51.0,HAM,23.281
Monaco Grand Prix,51.0,BOR,158.297
Monaco Grand Prix,51.0,SAI,139.985
Monaco Grand Prix,51.0,HAD,94.045
Monaco Grand Prix,51.0,RUS,143.467
Monaco Grand Prix,51.0,PIA,18.01
Monaco Grand Prix,51.0,BEA,157.513
Monaco Grand Prix,52.0,VER,0.0
Monaco Grand Prix,52.0,ANT,159.504
Monaco Grand Prix,52.0,LEC,6.811
Monaco Grand Prix,52.0,STR,160.85
Monaco Grand Prix,52.0,TSU,160.087
Monaco Grand Prix,52.0,ALB,156.628
Monaco Grand Prix,52.0,HUL,163.406
Monaco Grand Prix,52.0,LAW,114.619
Monaco Grand Prix,52.0,OCO,96.984
Monaco Grand Prix,52.0,NOR,4.395
Monaco Grand Prix,52.0,COL,161.904
Monaco Grand Prix,52.0,HAM,22.447
Monaco Grand Prix,52.0,BOR,162.778
Monaco Grand Prix,52.0,SAI,138.291
Monaco Grand Prix,52.0,HAD,95.435
Monaco Grand Prix,52.0,RUS,143.162
Monaco Grand Prix,52.0,PIA,15.769
Monaco Grand Prix,52.0,BEA,161.173
Monaco Grand Prix,53.0,VER,0.0
Monaco Grand Prix,53.0,ANT,161.22
Monaco Grand Prix,53.0,LEC,4.671
Monaco Grand Prix,53.0,STR,162.266
Monaco Grand Prix,53.0,TSU,161.935
Monaco Grand Prix,53.0,ALB,158.484
Monaco Grand Prix,53.0,HUL,165.487
Monaco Grand Prix,53.0,LAW,112.428
Monaco Grand Prix,53.0,OCO,98.57
Monaco Grand Prix,53.0,NOR,2.6959999999999997
Monaco Grand Prix,53.0,COL,164.612
Monaco Grand Prix,53.0,HAM,21.085
Monaco Grand Prix,53.0,BOR,165.196
Monaco Grand Prix,53.0,SAI,152.19
Monaco Grand Prix,53.0,HAD,95.308
Monaco Grand Prix,53.0,RUS,153.548
Monaco Grand Prix,53.0,PIA,12.226
Monaco Grand Prix,53.0,BEA,163.932
Monaco Grand Prix,54.0,VER,0.0
Monaco Grand Prix,54.0,ANT,164.951
Monaco Grand Prix,54.0,LEC,5.907
Monaco Grand Prix,54.0,STR,166.187
Monaco Grand Prix,54.0,TSU,165.629
Monaco Grand Prix,54.0,ALB,160.001
Monaco Grand Prix,54.0,HUL,168.456
Monaco Grand Prix,54.0,LAW,111.877
Monaco Grand Prix,54.0,OCO,100.442
Monaco Grand Prix,54.0,NOR,3.132
Monaco Grand Prix,54.0,COL,167.45
Monaco Grand Prix,54.0,HAM,21.43
Monaco Grand Prix,54.0,BOR,168.028
Monaco Grand Prix,54.0,SAI,157.019
Monaco Grand Prix,54.0,HAD,99.159
Monaco Grand Prix,54.0,RUS,158.458
Monaco Grand Prix,54.0,PIA,11.057
Monaco Grand Prix,54.0,BEA,166.88
Monaco Grand Prix,55.0,VER,0.0
Monaco Grand Prix,55.0,ANT,168.297
Monaco Grand Prix,55.0,LEC,4.784
Monaco Grand Prix,55.0,STR,169.372
Monaco Grand Prix,55.0,TSU,168.82
Monaco Grand Prix,55.0,ALB,161.467
Monaco Grand Prix,55.0,HUL,171.991
Monaco Grand Prix,55.0,LAW,111.854
Monaco Grand Prix,55.0,OCO,103.314
Monaco Grand Prix,55.0,NOR,2.505
Monaco Grand Prix,55.0,COL,170.522
Monaco Grand Prix,55.0,HAM,22.467
Monaco Grand Prix,55.0,BOR,171.231
Monaco Grand Prix,55.0,SAI,156.798
Monaco Grand Prix,55.0,HAD,101.402
Monaco Grand Prix,55.0,RUS,159.293
Monaco Grand Prix,55.0,PIA,11.681000000000001
Monaco Grand Prix,55.0,BEA,169.919
Monaco Grand Prix,56.0,VER,0.0
Monaco Grand Prix,56.0,ANT,171.263
Monaco Grand Prix,56.0,LEC,3.7960000000000003
Monaco Grand Prix,56.0,STR,172.407
Monaco Grand Prix,56.0,TSU,171.898
Monaco Grand Prix,56.0,ALB,165.296
Monaco Grand Prix,56.0,HUL,174.637
Monaco Grand Prix,56.0,LAW,113.484
Monaco Grand Prix,56.0,OCO,105.525
Monaco Grand Prix,56.0,NOR,1.996
Monaco Grand Prix,56.0,COL,173.681
Monaco Grand Prix,56.0,HAM,40.703
Monaco Grand Prix,56.0,BOR,174.352
Monaco Grand Prix,56.0,SAI,156.064
Monaco Grand Prix,56.0,HAD,103.556
Monaco Grand Prix,56.0,RUS,162.442
Monaco Grand Prix,56.0,PIA,11.464
Monaco Grand Prix,56.0,BEA,172.895
Monaco Grand Prix,57.0,VER,0.0
Monaco Grand Prix,57.0,ANT,174.356
Monaco Grand Prix,57.0,LEC,2.82
Monaco Grand Prix,57.0,STR,175.483
Monaco Grand Prix,57.0,TSU,174.977
Monaco Grand Prix,57.0,ALB,166.014
Monaco Grand Prix,57.0,HUL,177.88
Monaco Grand Prix,57.0,LAW,114.649
Monaco Grand Prix,57.0,OCO,107.978
Monaco Grand Prix,57.0,NOR,1.254
Monaco Grand Prix,57.0,COL,176.689
Monaco Grand Prix,57.0,HAM,46.753
Monaco Grand Prix,57.0,BOR,177.372
Monaco Grand Prix,57.0,SAI,155.67
Monaco Grand Prix,57.0,HAD,105.406
Monaco Grand Prix,57.0,RUS,163.739
Monaco Grand Prix,57.0,PIA,10.856
Monaco Grand Prix,57.0,BEA,176.061
Monaco Grand Prix,58.0,VER,0.0
Monaco Grand Prix,58.0,ANT,177.502
Monaco Grand Prix,58.0,LEC,2.1390000000000002
Monaco Grand Prix,58.0,STR,178.352
Monaco Grand Prix,58.0,TSU,177.983
Monaco Grand Prix,58.0,ALB,166.562
Monaco Grand Prix,58.0,HUL,180.575
Monaco Grand Prix,58.0,LAW,117.086
Monaco Grand Prix,58.0,OCO,109.915
Monaco Grand Prix,58.0,NOR,1.166
Monaco Grand Prix,58.0,COL,179.691
Monaco Grand Prix,58.0,HAM,49.855
Monaco Grand Prix,58.0,BOR,180.243
Monaco Grand Prix,58.0,SAI,156.637
Monaco Grand Prix,58.0,HAD,107.143
Monaco Grand Prix,58.0,RUS,164.529
Monaco Grand Prix,58.0,PIA,10.439
Monaco Grand Prix,58.0,BEA,178.852
Monaco Grand Prix,59.0,VER,0.0
Monaco Grand Prix,59.0,ANT,181.208
Monaco Grand Prix,59.0,LEC,1.496
Monaco Grand Prix,59.0,STR,182.185
Monaco Grand Prix,59.0,TSU,181.661
Monaco Grand Prix,59.0,ALB,166.721
Monaco Grand Prix,59.0,HUL,184.512
Monaco Grand Prix,59.0,LAW,118.508
Monaco Grand Prix,59.0,OCO,111.702
Monaco Grand Prix,59.0,NOR,0.923
Monaco Grand Prix,59.0,COL,183.404
Monaco Grand Prix,59.0,HAM,51.191
Monaco Grand Prix,59.0,BOR,183.89
Monaco Grand Prix,59.0,SAI,159.241
Monaco Grand Prix,59.0,HAD,109.51
Monaco Grand Prix,59.0,RUS,165.261
Monaco Grand Prix,59.0,PIA,9.005
Monaco Grand Prix,59.0,BEA,182.735
Monaco Grand Prix,60.0,VER,0.0
Monaco Grand Prix,60.0,ANT,184.817
Monaco Grand Prix,60.0,LEC,1.849
Monaco Grand Prix,60.0,STR,185.677
Monaco Grand Prix,60.0,TSU,185.383
Monaco Grand Prix,60.0,ALB,167.359
Monaco Grand Prix,60.0,HUL,187.932
Monaco Grand Prix,60.0,LAW,120.092
Monaco Grand Prix,60.0,OCO,114.22
Monaco Grand Prix,60.0,NOR,1.419
Monaco Grand Prix,60.0,COL,187.003
Monaco Grand Prix,60.0,HAM,51.87
Monaco Grand Prix,60.0,BOR,187.61
Monaco Grand Prix,60.0,SAI,160.846
Monaco Grand Prix,60.0,HAD,112.43
Monaco Grand Prix,60.0,RUS,166.38
Monaco Grand Prix,60.0,PIA,7.662
Monaco Grand Prix,60.0,BEA,186.316
Monaco Grand Prix,61.0,VER,0.0
Monaco Grand Prix,61.0,ANT,188.343
Monaco Grand Prix,61.0,LEC,2.19
Monaco Grand Prix,61.0,STR,189.364
Monaco Grand Prix,61.0,TSU,188.866
Monaco Grand Prix,61.0,ALB,168.341
Monaco Grand Prix,61.0,HUL,191.909
Monaco Grand Prix,61.0,LAW,121.201
Monaco Grand Prix,61.0,OCO,116.8
Monaco Grand Prix,61.0,NOR,1.554
Monaco Grand Prix,61.0,COL,190.817
Monaco Grand Prix,61.0,HAM,52.237
Monaco Grand Prix,61.0,BOR,191.343
Monaco Grand Prix,61.0,SAI,162.404
Monaco Grand Prix,61.0,HAD,115.435
Monaco Grand Prix,61.0,RUS,167.314
Monaco Grand Prix,61.0,PIA,7.083
Monaco Grand Prix,61.0,BEA,189.967
Monaco Grand Prix,62.0,VER,0.0
Monaco Grand Prix,62.0,ANT,191.661
Monaco Grand Prix,62.0,LEC,2.706
Monaco Grand Prix,62.0,STR,192.516
Monaco Grand Prix,62.0,TSU,192.166
Monaco Grand Prix,62.0,ALB,169.581
Monaco Grand Prix,62.0,HUL,198.344
Monaco Grand Prix,62.0,LAW,122.935
Monaco Grand Prix,62.0,OCO,119.34
Monaco Grand Prix,62.0,NOR,1.938
Monaco Grand Prix,62.0,COL,193.901
Monaco Grand Prix,62.0,HAM,52.023
Monaco Grand Prix,62.0,BOR,194.479
Monaco Grand Prix,62.0,SAI,164.264
Monaco Grand Prix,62.0,HAD,118.181
Monaco Grand Prix,62.0,RUS,186.262
Monaco Grand Prix,62.0,PIA,7.166
Monaco Grand Prix,62.0,BEA,193.201
Monaco Grand Prix,63.0,VER,0.0
Monaco Grand Prix,63.0,ANT,195.457
Monaco Grand Prix,63.0,LEC,2.983
Monaco Grand Prix,63.0,STR,196.402
Monaco Grand Prix,63.0,TSU,196.001
Monaco Grand Prix,63.0,ALB,169.575
Monaco Grand Prix,63.0,HUL,202.462
Monaco Grand Prix,63.0,LAW,125.458
Monaco Grand Prix,63.0,OCO,122.547
Monaco Grand Prix,63.0,NOR,2.151
Monaco Grand Prix,63.0,COL,197.69
Monaco Grand Prix,63.0,HAM,51.128
Monaco Grand Prix,63.0,BOR,198.297
Monaco Grand Prix,63.0,SAI,167.04
Monaco Grand Prix,63.0,HAD,121.164
Monaco Grand Prix,63.0,RUS,188.935
Monaco Grand Prix,63.0,PIA,6.459
Monaco Grand Prix,63.0,BEA,196.949
Monaco Grand Prix,64.0,VER,0.0
Monaco Grand Prix,64.0,ANT,198.674
Monaco Grand Prix,64.0,LEC,3.012
Monaco Grand Prix,64.0,STR,218.339
Monaco Grand Prix,64.0,TSU,199.273
Monaco Grand Prix,64.0,ALB,170.563
Monaco Grand Prix,64.0,HUL,207.369
Monaco Grand Prix,64.0,LAW,127.373
Monaco Grand Prix,64.0,OCO,125.21
Monaco Grand Prix,64.0,NOR,2.224
Monaco Grand Prix,64.0,COL,200.829
Monaco Grand Prix,64.0,HAM,52.194
Monaco Grand Prix,64.0,BOR,205.215
Monaco Grand Prix,64.0,SAI,172.006
Monaco Grand Prix,64.0,HAD,124.223
Monaco Grand Prix,64.0,RUS,187.559
Monaco Grand Prix,64.0,PIA,6.423
Monaco Grand Prix,64.0,BEA,200.113
Monaco Grand Prix,65.0,VER,0.0
Monaco Grand Prix,65.0,ANT,201.248
Monaco Grand Prix,65.0,LEC,3.285
Monaco Grand Prix,65.0,STR,221.161
Monaco Grand Prix,65.0,TSU,201.762
Monaco Grand Prix,65.0,ALB,170.597
Monaco Grand Prix,65.0,HUL,209.818
Monaco Grand Prix,65.0,LAW,131.41
Monaco Grand Prix,65.0,OCO,128.359
Monaco Grand Prix,65.0,NOR,2.58
Monaco Grand Prix,65.0,COL,203.045
Monaco Grand Prix,65.0,HAM,53.31
Monaco Grand Prix,65.0,BOR,209.053
Monaco Grand Prix,65.0,SAI,173.038
Monaco Grand Prix,65.0,HAD,127.226
Monaco Grand Prix,65.0,RUS,186.717
Monaco Grand Prix,65.0,PIA,5.962
Monaco Grand Prix,65.0,BEA,202.168
Monaco Grand Prix,66.0,VER,0.0
Monaco Grand Prix,66.0,ANT,203.432
Monaco Grand Prix,66.0,LEC,2.9859999999999998
Monaco Grand Prix,66.0,STR,220.833
Monaco Grand Prix,66.0,TSU,204.158
Monaco Grand Prix,66.0,ALB,170.253
Monaco Grand Prix,66.0,HUL,211.538
Monaco Grand Prix,66.0,LAW,133.151
Monaco Grand Prix,66.0,OCO,131.955
Monaco Grand Prix,66.0,NOR,2.334
Monaco Grand Prix,66.0,COL,205.348
Monaco Grand Prix,66.0,HAM,54.755
Monaco Grand Prix,66.0,BOR,211.163
Monaco Grand Prix,66.0,SAI,172.088
Monaco Grand Prix,66.0,HAD,129.532
Monaco Grand Prix,66.0,RUS,185.421
Monaco Grand Prix,66.0,PIA,5.854
Monaco Grand Prix,66.0,BEA,204.702
Monaco Grand Prix,67.0,VER,0.0
Monaco Grand Prix,67.0,ANT,203.432
Monaco Grand Prix,67.0,LEC,2.36
Monaco Grand Prix,67.0,STR,220.159
Monaco Grand Prix,67.0,TSU,204.576
Monaco Grand Prix,67.0,ALB,169.63
Monaco Grand Prix,67.0,HUL,213.432
Monaco Grand Prix,67.0,LAW,135.009
Monaco Grand Prix,67.0,OCO,133.805
Monaco Grand Prix,67.0,NOR,1.79
Monaco Grand Prix,67.0,COL,207.815
Monaco Grand Prix,67.0,HAM,55.22
Monaco Grand Prix,67.0,BOR,213.024
Monaco Grand Prix,67.0,SAI,173.538
Monaco Grand Prix,67.0,HAD,132.998
Monaco Grand Prix,67.0,RUS,183.353
Monaco Grand Prix,67.0,PIA,5.317
Monaco Grand Prix,67.0,BEA,205.513
Monaco Grand Prix,68.0,VER,0.0
Monaco Grand Prix,68.0,ANT,202.178
Monaco Grand Prix,68.0,LEC,1.7229999999999999
Monaco Grand Prix,68.0,STR,219.212
Monaco Grand Prix,68.0,TSU,204.269
Monaco Grand Prix,68.0,ALB,168.242
Monaco Grand Prix,68.0,HUL,214.876
Monaco Grand Prix,68.0,LAW,136.099
Monaco Grand Prix,68.0,OCO,134.999
Monaco Grand Prix,68.0,NOR,1.1320000000000001
Monaco Grand Prix,68.0,COL,208.642
Monaco Grand Prix,68.0,HAM,54.808
Monaco Grand Prix,68.0,BOR,213.999
Monaco Grand Prix,68.0,SAI,171.253
Monaco Grand Prix,68.0,HAD,134.005
Monaco Grand Prix,68.0,RUS,198.157
Monaco Grand Prix,68.0,PIA,4.304
Monaco Grand Prix,68.0,BEA,206.842
Monaco Grand Prix,69.0,VER,0.0
Monaco Grand Prix,69.0,ANT,220.236
Monaco Grand Prix,69.0,LEC,1.764
Monaco Grand Prix,69.0,STR,218.396
Monaco Grand Prix,69.0,TSU,206.538
Monaco Grand Prix,69.0,ALB,168.969
Monaco Grand Prix,69.0,HUL,215.787
Monaco Grand Prix,69.0,LAW,137.172
Monaco Grand Prix,69.0,OCO,135.921
Monaco Grand Prix,69.0,NOR,1.053
Monaco Grand Prix,69.0,COL,209.282
Monaco Grand Prix,69.0,HAM,54.33
Monaco Grand Prix,69.0,BOR,214.921
Monaco Grand Prix,69.0,SAI,171.966
Monaco Grand Prix,69.0,HAD,134.859
Monaco Grand Prix,69.0,RUS,200.213
Monaco Grand Prix,69.0,PIA,3.879
Monaco Grand Prix,69.0,BEA,206.966
Monaco Grand Prix,70.0,VER,0.0
Monaco Grand Prix,70.0,ANT,223.927
Monaco Grand Prix,70.0,LEC,2.002
Monaco Grand Prix,70.0,STR,218.799
Monaco Grand Prix,70.0,TSU,206.772
Monaco Grand Prix,70.0,ALB,169.167
Monaco Grand Prix,70.0,HUL,216.716
Monaco Grand Prix,70.0,LAW,138.265
Monaco Grand Prix,70.0,OCO,137.178
Monaco Grand Prix,70.0,NOR,1.479
Monaco Grand Prix,70.0,COL,210.177
Monaco Grand Prix,70.0,HAM,53.775
Monaco Grand Prix,70.0,BOR,216.205
Monaco Grand Prix,70.0,SAI,170.514
Monaco Grand Prix,70.0,HAD,136.049
Monaco Grand Prix,70.0,RUS,198.704
Monaco Grand Prix,70.0,PIA,3.966
Monaco Grand Prix,70.0,BEA,207.817
Monaco Grand Prix,71.0,VER,0.0
Monaco Grand Prix,71.0,ANT,239.381
Monaco Grand Prix,71.0,LEC,2.254
Monaco Grand Prix,71.0,STR,219.296
Monaco Grand Prix,71.0,TSU,206.321
Monaco Grand Prix,71.0,ALB,168.86
Monaco Grand Prix,71.0,HUL,217.26
Monaco Grand Prix,71.0,LAW,139.26
Monaco Grand Prix,71.0,OCO,137.948
Monaco Grand Prix,71.0,NOR,1.783
Monaco Grand Prix,71.0,COL,210.375
Monaco Grand Prix,71.0,HAM,52.805
Monaco Grand Prix,71.0,BOR,216.631
Monaco Grand Prix,71.0,SAI,170.876
Monaco Grand Prix,71.0,HAD,136.789
Monaco Grand Prix,71.0,RUS,196.699
Monaco Grand Prix,71.0,PIA,3.503
Monaco Grand Prix,71.0,BEA,207.507
Monaco Grand Prix,72.0,VER,0.0
Monaco Grand Prix,72.0,ANT,242.318
Monaco Grand Prix,72.0,LEC,2.661
Monaco Grand Prix,72.0,STR,219.385
Monaco Grand Prix,72.0,TSU,205.569
Monaco Grand Prix,72.0,ALB,168.658
Monaco Grand Prix,72.0,HUL,217.87
Monaco Grand Prix,72.0,LAW,139.58
Monaco Grand Prix,72.0,OCO,138.644
Monaco Grand Prix,72.0,NOR,2.091
Monaco Grand Prix,72.0,COL,210.438
Monaco Grand Prix,72.0,HAM,51.006
Monaco Grand Prix,72.0,BOR,217.183
Monaco Grand Prix,72.0,SAI,170.598
Monaco Grand Prix,72.0,HAD,137.637
Monaco Grand Prix,72.0,RUS,194.492
Monaco Grand Prix,72.0,PIA,3.572
Monaco Grand Prix,72.0,BEA,206.862
Monaco Grand Prix,73.0,VER,0.0
Monaco Grand Prix,73.0,ANT,239.748
Monaco Grand Prix,73.0,LEC,2.789
Monaco Grand Prix,73.0,STR,219.116
Monaco Grand Prix,73.0,TSU,221.274
Monaco Grand Prix,73.0,ALB,167.587
Monaco Grand Prix,73.0,HUL,218.366
Monaco Grand Prix,73.0,LAW,139.956
Monaco Grand Prix,73.0,OCO,139.075
Monaco Grand Prix,73.0,NOR,2.225
Monaco Grand Prix,73.0,COL,209.886
Monaco Grand Prix,73.0,HAM,48.875
Monaco Grand Prix,73.0,BOR,217.736
Monaco Grand Prix,73.0,SAI,170.907
Monaco Grand Prix,73.0,HAD,138.14
Monaco Grand Prix,73.0,RUS,191.867
Monaco Grand Prix,73.0,PIA,3.565
Monaco Grand Prix,73.0,BEA,205.996
Monaco Grand Prix,74.0,VER,0.0
Monaco Grand Prix,74.0,ANT,236.917
Monaco Grand Prix,74.0,LEC,2.6879999999999997
Monaco Grand Prix,74.0,STR,219.828
Monaco Grand Prix,74.0,TSU,224.392
Monaco Grand Prix,74.0,ALB,165.835
Monaco Grand Prix,74.0,HUL,219.428
Monaco Grand Prix,74.0,LAW,140.673
Monaco Grand Prix,74.0,OCO,139.306
Monaco Grand Prix,74.0,NOR,2.163
Monaco Grand Prix,74.0,COL,209.101
Monaco Grand Prix,74.0,HAM,47.914
Monaco Grand Prix,74.0,BOR,218.218
Monaco Grand Prix,74.0,SAI,168.853
Monaco Grand Prix,74.0,HAD,138.418
Monaco Grand Prix,74.0,RUS,188.923
Monaco Grand Prix,74.0,PIA,3.409
Monaco Grand Prix,74.0,BEA,205.012
Monaco Grand Prix,75.0,VER,0.0
Monaco Grand Prix,75.0,ANT,235.407
Monaco Grand Prix,75.0,LEC,2.6870000000000003
Monaco Grand Prix,75.0,STR,219.797
Monaco Grand Prix,75.0,TSU,222.961
Monaco Grand Prix,75.0,ALB,164.091
Monaco Grand Prix,75.0,HUL,219.588
Monaco Grand Prix,75.0,LAW,141.086
Monaco Grand Prix,75.0,OCO,139.676
Monaco Grand Prix,75.0,NOR,2.224
Monaco Grand Prix,75.0,COL,208.677
Monaco Grand Prix,75.0,HAM,47.887
Monaco Grand Prix,75.0,BOR,218.555
Monaco Grand Prix,75.0,SAI,167.048
Monaco Grand Prix,75.0,HAD,138.649
Monaco Grand Prix,75.0,RUS,186.352
Monaco Grand Prix,75.0,PIA,3.204
Monaco Grand Prix,75.0,BEA,204.467
Monaco Grand Prix,76.0,VER,0.0
Monaco Grand Prix,76.0,LEC,2.182
Monaco Grand Prix,76.0,STR,220.925
Monaco Grand Prix,76.0,TSU,222.379
Monaco Grand Prix,76.0,ALB,162.399
Monaco Grand Prix,76.0,HUL,222.074
Monaco Grand Prix,76.0,LAW,140.646
Monaco Grand Prix,76.0,OCO,139.812
Monaco Grand Prix,76.0,NOR,1.592
Monaco Grand Prix,76.0,COL,207.644
Monaco Grand Prix,76.0,HAM,47.956
Monaco Grand Prix,76.0,BOR,218.954
Monaco Grand Prix,76.0,SAI,165.762
Monaco Grand Prix,76.0,HAD,138.814
Monaco Grand Prix,76.0,RUS,184.374
Monaco Grand Prix,76.0,PIA,2.645
Monaco Grand Prix,76.0,BEA,205.223
Monaco Grand Prix,77.0,VER,16.023
Monaco Grand Prix,77.0,LEC,0.983
Monaco Grand Prix,77.0,LAW,139.967
Monaco Grand Prix,77.0,OCO,139.25
Monaco Grand Prix,77.0,NOR,0.0
Monaco Grand Prix,77.0,HAM,47.169
Monaco Grand Prix,77.0,HAD,138.303
Monaco Grand Prix,77.0,PIA,1.859
Monaco Grand Prix,78.0,VER,20.572
Monaco Grand Prix,78.0,LEC,3.1310000000000002
Monaco Grand Prix,78.0,NOR,0.0
Monaco Grand Prix,78.0,HAM,51.387
Monaco Grand Prix,78.0,PIA,3.658
Spanish Grand Prix,1.0,VER,0.817
Spanish Grand Prix,1.0,GAS,5.055
Spanish Grand Prix,1.0,ANT,4.502
Spanish Grand Prix,1.0,ALO,5.882
Spanish Grand Prix,1.0,LEC,3.396
Spanish Grand Prix,1.0,TSU,10.735
Spanish Grand Prix,1.0,ALB,7.505
Spanish Grand Prix,1.0,HUL,6.022
Spanish Grand Prix,1.0,LAW,7.074
Spanish Grand Prix,1.0,OCO,8.349
Spanish Grand Prix,1.0,NOR,1.779
Spanish Grand Prix,1.0,COL,9.439
Spanish Grand Prix,1.0,HAM,2.4699999999999998
Spanish Grand Prix,1.0,BOR,6.481
Spanish Grand Prix,1.0,SAI,8.93
Spanish Grand Prix,1.0,HAD,5.532
Spanish Grand Prix,1.0,RUS,3.738
Spanish Grand Prix,1.0,PIA,0.0
Spanish Grand Prix,1.0,BEA,7.958
Spanish Grand Prix,2.0,VER,0.689
Spanish Grand Prix,2.0,GAS,7.507
Spanish Grand Prix,2.0,ANT,6.4030000000000005
Spanish Grand Prix,2.0,ALO,9.058
Spanish Grand Prix,2.0,LEC,4.606
Spanish Grand Prix,2.0,TSU,14.006
Spanish Grand Prix,2.0,ALB,10.997
Spanish Grand Prix,2.0,HUL,8.623
Spanish Grand Prix,2.0,LAW,10.083
Spanish Grand Prix,2.0,OCO,11.953
Spanish Grand Prix,2.0,NOR,2.472
Spanish Grand Prix,2.0,COL,13.221
Spanish Grand Prix,2.0,HAM,3.627
Spanish Grand Prix,2.0,BOR,9.545
Spanish Grand Prix,2.0,SAI,12.57
Spanish Grand Prix,2.0,HAD,8.179
Spanish Grand Prix,2.0,RUS,5.091
Spanish Grand Prix,2.0,PIA,0.0
Spanish Grand Prix,2.0,BEA,11.615
Spanish Grand Prix,3.0,VER,1.3599999999999999
Spanish Grand Prix,3.0,GAS,9.774000000000001
Spanish Grand Prix,3.0,ANT,8.411
Spanish Grand Prix,3.0,ALO,11.616
Spanish Grand Prix,3.0,LEC,5.549
Spanish Grand Prix,3.0,TSU,17.145
Spanish Grand Prix,3.0,ALB,13.716
Spanish Grand Prix,3.0,HUL,10.895
Spanish Grand Prix,3.0,LAW,12.850999999999999
Spanish Grand Prix,3.0,OCO,14.723
Spanish Grand Prix,3.0,NOR,3.296
Spanish Grand Prix,3.0,COL,16.416
Spanish Grand Prix,3.0,HAM,4.514
Spanish Grand Prix,3.0,BOR,12.172
Spanish Grand Prix,3.0,SAI,15.609
Spanish Grand Prix,3.0,HAD,10.285
Spanish Grand Prix,3.0,RUS,6.61
Spanish Grand Prix,3.0,PIA,0.0
Spanish Grand Prix,3.0,BEA,14.352
Spanish Grand Prix,4.0,VER,2.033
Spanish Grand Prix,4.0,GAS,10.744
Spanish Grand Prix,4.0,ANT,9.426
Spanish Grand Prix,4.0,ALO,13.222
Spanish Grand Prix,4.0,LEC,5.915
Spanish Grand Prix,4.0,TSU,19.371
Spanish Grand Prix,4.0,ALB,15.484
Spanish Grand Prix,4.0,HUL,12.292
Spanish Grand Prix,4.0,LAW,14.523
Spanish Grand Prix,4.0,OCO,16.737
Spanish Grand Prix,4.0,NOR,3.737
Spanish Grand Prix,4.0,COL,18.459
Spanish Grand Prix,4.0,HAM,4.7940000000000005
Spanish Grand Prix,4.0,BOR,13.927
Spanish Grand Prix,4.0,SAI,17.62
Spanish Grand Prix,4.0,HAD,11.707
Spanish Grand Prix,4.0,RUS,7.377
Spanish Grand Prix,4.0,PIA,0.0
Spanish Grand Prix,4.0,BEA,16.337
Spanish Grand Prix,5.0,VER,2.5300000000000002
Spanish Grand Prix,5.0,GAS,11.958
Spanish Grand Prix,5.0,ANT,10.327
Spanish Grand Prix,5.0,ALO,14.643
Spanish Grand Prix,5.0,LEC,6.198
Spanish Grand Prix,5.0,TSU,21.153
Spanish Grand Prix,5.0,ALB,17.554
Spanish Grand Prix,5.0,HUL,13.535
Spanish Grand Prix,5.0,LAW,16.479
Spanish Grand Prix,5.0,OCO,18.754
Spanish Grand Prix,5.0,NOR,3.914
Spanish Grand Prix,5.0,COL,20.328
Spanish Grand Prix,5.0,HAM,5.436
Spanish Grand Prix,5.0,BOR,15.59
Spanish Grand Prix,5.0,SAI,19.623
Spanish Grand Prix,5.0,HAD,12.887
Spanish Grand Prix,5.0,RUS,8.04
Spanish Grand Prix,5.0,PIA,0.0
Spanish Grand Prix,5.0,BEA,18.047
Spanish Grand Prix,6.0,VER,3.098
Spanish Grand Prix,6.0,GAS,13.495
Spanish Grand Prix,6.0,ANT,11.55
Spanish Grand Prix,6.0,ALO,16.059
Spanish Grand Prix,6.0,LEC,7.312
Spanish Grand Prix,6.0,TSU,23.759
Spanish Grand Prix,6.0,ALB,23.584
Spanish Grand Prix,6.0,HUL,15.021
Spanish Grand Prix,6.0,LAW,18.362
Spanish Grand Prix,6.0,OCO,21.086
Spanish Grand Prix,6.0,NOR,4.373
Spanish Grand Prix,6.0,COL,22.85
Spanish Grand Prix,6.0,HAM,6.747
Spanish Grand Prix,6.0,BOR,17.502
Spanish Grand Prix,6.0,SAI,22.205
Spanish Grand Prix,6.0,HAD,14.453
Spanish Grand Prix,6.0,RUS,9.169
Spanish Grand Prix,6.0,PIA,0.0
Spanish Grand Prix,6.0,BEA,20.38
Spanish Grand Prix,7.0,VER,2.927
Spanish Grand Prix,7.0,GAS,14.528
Spanish Grand Prix,7.0,ANT,12.326
Spanish Grand Prix,7.0,ALO,17.375
Spanish Grand Prix,7.0,LEC,8.103
Spanish Grand Prix,7.0,TSU,25.778
Spanish Grand Prix,7.0,ALB,50.293
Spanish Grand Prix,7.0,HUL,16.405
Spanish Grand Prix,7.0,LAW,20.126
Spanish Grand Prix,7.0,OCO,22.435
Spanish Grand Prix,7.0,NOR,4.279
Spanish Grand Prix,7.0,COL,24.998
Spanish Grand Prix,7.0,HAM,7.439
Spanish Grand Prix,7.0,BOR,19.102
Spanish Grand Prix,7.0,SAI,24.182
Spanish Grand Prix,7.0,HAD,15.686
Spanish Grand Prix,7.0,RUS,9.922
Spanish Grand Prix,7.0,PIA,0.0
Spanish Grand Prix,7.0,BEA,21.517
Spanish Grand Prix,8.0,VER,3.118
Spanish Grand Prix,8.0,GAS,16.013
Spanish Grand Prix,8.0,ANT,13.355
Spanish Grand Prix,8.0,ALO,18.968
Spanish Grand Prix,8.0,LEC,9.116
Spanish Grand Prix,8.0,TSU,31.967
Spanish Grand Prix,8.0,ALB,50.008
Spanish Grand Prix,8.0,HUL,17.84
Spanish Grand Prix,8.0,LAW,22.228
Spanish Grand Prix,8.0,OCO,24.25
Spanish Grand Prix,8.0,NOR,4.353
Spanish Grand Prix,8.0,COL,27.555
Spanish Grand Prix,8.0,HAM,8.54
Spanish Grand Prix,8.0,BOR,21.407
Spanish Grand Prix,8.0,SAI,26.759
Spanish Grand Prix,8.0,HAD,17.175
Spanish Grand Prix,8.0,RUS,10.832
Spanish Grand Prix,8.0,PIA,0.0
Spanish Grand Prix,8.0,BEA,26.875
Spanish Grand Prix,9.0,VER,3.519
Spanish Grand Prix,9.0,GAS,17.406
Spanish Grand Prix,9.0,ANT,14.332
Spanish Grand Prix,9.0,ALO,20.699
Spanish Grand Prix,9.0,LEC,10.475999999999999
Spanish Grand Prix,9.0,TSU,50.178
Spanish Grand Prix,9.0,ALB,49.749
Spanish Grand Prix,9.0,HUL,22.924
Spanish Grand Prix,9.0,LAW,24.699
Spanish Grand Prix,9.0,OCO,26.297
Spanish Grand Prix,9.0,NOR,4.536
Spanish Grand Prix,9.0,COL,29.882
Spanish Grand Prix,9.0,HAM,9.747
Spanish Grand Prix,9.0,BOR,23.888
Spanish Grand Prix,9.0,SAI,32.303
Spanish Grand Prix,9.0,HAD,18.514
Spanish Grand Prix,9.0,RUS,12.201
Spanish Grand Prix,9.0,PIA,0.0
Spanish Grand Prix,9.0,BEA,43.777
Spanish Grand Prix,10.0,VER,3.792
Spanish Grand Prix,10.0,GAS,22.186
Spanish Grand Prix,10.0,ANT,15.433
Spanish Grand Prix,10.0,ALO,22.122
Spanish Grand Prix,10.0,LEC,10.614
Spanish Grand Prix,10.0,TSU,49.176
Spanish Grand Prix,10.0,ALB,50.321
Spanish Grand Prix,10.0,HUL,40.929
Spanish Grand Prix,10.0,LAW,26.509
Spanish Grand Prix,10.0,OCO,28.24
Spanish Grand Prix,10.0,NOR,4.575
Spanish Grand Prix,10.0,COL,31.139
Spanish Grand Prix,10.0,HAM,11.925
Spanish Grand Prix,10.0,BOR,25.657
Spanish Grand Prix,10.0,SAI,59.728
Spanish Grand Prix,10.0,HAD,19.795
Spanish Grand Prix,10.0,RUS,13.392
Spanish Grand Prix,10.0,PIA,0.0
Spanish Grand Prix,10.0,BEA,43.273
Spanish Grand Prix,11.0,VER,3.799
Spanish Grand Prix,11.0,GAS,39.888
Spanish Grand Prix,11.0,ANT,16.318
Spanish Grand Prix,11.0,ALO,23.29
Spanish Grand Prix,11.0,LEC,10.482
Spanish Grand Prix,11.0,TSU,48.685
Spanish Grand Prix,11.0,ALB,50.196
Spanish Grand Prix,11.0,HUL,41.256
Spanish Grand Prix,11.0,LAW,27.858
Spanish Grand Prix,11.0,OCO,29.874
Spanish Grand Prix,11.0,NOR,4.398
Spanish Grand Prix,11.0,COL,33.047
Spanish Grand Prix,11.0,HAM,12.341
Spanish Grand Prix,11.0,BOR,27.027
Spanish Grand Prix,11.0,SAI,59.693
Spanish Grand Prix,11.0,HAD,20.552
Spanish Grand Prix,11.0,RUS,13.728
Spanish Grand Prix,11.0,PIA,0.0
Spanish Grand Prix,11.0,BEA,43.852
Spanish Grand Prix,12.0,VER,4.331
Spanish Grand Prix,12.0,GAS,40.461
Spanish Grand Prix,12.0,ANT,16.963
Spanish Grand Prix,12.0,ALO,24.668
Spanish Grand Prix,12.0,LEC,10.477
Spanish Grand Prix,12.0,TSU,49.168
Spanish Grand Prix,12.0,ALB,50.984
Spanish Grand Prix,12.0,HUL,41.95
Spanish Grand Prix,12.0,LAW,29.595
Spanish Grand Prix,12.0,OCO,31.699
Spanish Grand Prix,12.0,NOR,4.768
Spanish Grand Prix,12.0,COL,34.993
Spanish Grand Prix,12.0,HAM,12.865
Spanish Grand Prix,12.0,BOR,29.254
Spanish Grand Prix,12.0,SAI,59.622
Spanish Grand Prix,12.0,HAD,21.427
Spanish Grand Prix,12.0,RUS,14.262
Spanish Grand Prix,12.0,PIA,0.0
Spanish Grand Prix,12.0,BEA,45.141
Spanish Grand Prix,13.0,VER,9.328
Spanish Grand Prix,13.0,GAS,41.68
Spanish Grand Prix,13.0,ANT,17.775
Spanish Grand Prix,13.0,ALO,34.3
Spanish Grand Prix,13.0,LEC,10.85
Spanish Grand Prix,13.0,TSU,50.068
Spanish Grand Prix,13.0,ALB,51.883
Spanish Grand Prix,13.0,HUL,43.818
Spanish Grand Prix,13.0,LAW,30.839
Spanish Grand Prix,13.0,OCO,34.729
Spanish Grand Prix,13.0,NOR,4.266
Spanish Grand Prix,13.0,COL,37.702
Spanish Grand Prix,13.0,HAM,13.66
Spanish Grand Prix,13.0,BOR,32.777
Spanish Grand Prix,13.0,SAI,60.157
Spanish Grand Prix,13.0,HAD,22.57
Spanish Grand Prix,13.0,RUS,15.284
Spanish Grand Prix,13.0,PIA,0.0
Spanish Grand Prix,13.0,BEA,46.435
Spanish Grand Prix,14.0,VER,25.748
Spanish Grand Prix,14.0,GAS,43.089
Spanish Grand Prix,14.0,ANT,19.308
Spanish Grand Prix,14.0,ALO,37.539
Spanish Grand Prix,14.0,LEC,11.411
Spanish Grand Prix,14.0,TSU,51.175
Spanish Grand Prix,14.0,ALB,52.896
Spanish Grand Prix,14.0,HUL,45.645
Spanish Grand Prix,14.0,LAW,32.251
Spanish Grand Prix,14.0,OCO,38.337
Spanish Grand Prix,14.0,NOR,4.144
Spanish Grand Prix,14.0,COL,43.637
Spanish Grand Prix,14.0,HAM,15.2
Spanish Grand Prix,14.0,BOR,35.063
Spanish Grand Prix,14.0,SAI,60.833
Spanish Grand Prix,14.0,HAD,24.025
Spanish Grand Prix,14.0,RUS,16.843
Spanish Grand Prix,14.0,PIA,0.0
Spanish Grand Prix,14.0,BEA,48.099
Spanish Grand Prix,15.0,VER,24.574
Spanish Grand Prix,15.0,GAS,44.224
Spanish Grand Prix,15.0,ANT,20.685
Spanish Grand Prix,15.0,ALO,44.693
Spanish Grand Prix,15.0,LEC,12.307
Spanish Grand Prix,15.0,TSU,52.086
Spanish Grand Prix,15.0,ALB,53.83
Spanish Grand Prix,15.0,HUL,46.641
Spanish Grand Prix,15.0,LAW,33.415
Spanish Grand Prix,15.0,OCO,41.123
Spanish Grand Prix,15.0,NOR,4.266
Spanish Grand Prix,15.0,COL,61.967
Spanish Grand Prix,15.0,HAM,16.265
Spanish Grand Prix,15.0,BOR,37.554
Spanish Grand Prix,15.0,SAI,61.327
Spanish Grand Prix,15.0,HAD,25.76
Spanish Grand Prix,15.0,RUS,18.007
Spanish Grand Prix,15.0,PIA,0.0
Spanish Grand Prix,15.0,BEA,49.421
Spanish Grand Prix,16.0,VER,23.365
Spanish Grand Prix,16.0,GAS,45.21
Spanish Grand Prix,16.0,ANT,21.925
Spanish Grand Prix,16.0,ALO,64.321
Spanish Grand Prix,16.0,LEC,13.129
Spanish Grand Prix,16.0,TSU,52.993
Spanish Grand Prix,16.0,ALB,54.954
Spanish Grand Prix,16.0,HUL,47.531
Spanish Grand Prix,16.0,LAW,34.723
Spanish Grand Prix,16.0,OCO,42.821
Spanish Grand Prix,16.0,NOR,4.273
Spanish Grand Prix,16.0,COL,62.694
Spanish Grand Prix,16.0,HAM,21.345
Spanish Grand Prix,16.0,BOR,39.951
Spanish Grand Prix,16.0,SAI,61.988
Spanish Grand Prix,16.0,HAD,27.417
Spanish Grand Prix,16.0,RUS,18.895
Spanish Grand Prix,16.0,PIA,0.0
Spanish Grand Prix,16.0,BEA,50.408
Spanish Grand Prix,17.0,VER,22.719
Spanish Grand Prix,17.0,GAS,46.189
Spanish Grand Prix,17.0,ANT,23.485
Spanish Grand Prix,17.0,ALO,64.118
Spanish Grand Prix,17.0,LEC,17.625
Spanish Grand Prix,17.0,TSU,54.279
Spanish Grand Prix,17.0,ALB,55.946
Spanish Grand Prix,17.0,HUL,48.703
Spanish Grand Prix,17.0,LAW,36.374
Spanish Grand Prix,17.0,OCO,45.428
Spanish Grand Prix,17.0,NOR,4.462
Spanish Grand Prix,17.0,COL,63.662
Spanish Grand Prix,17.0,HAM,40.468
Spanish Grand Prix,17.0,BOR,43.432
Spanish Grand Prix,17.0,SAI,62.91
Spanish Grand Prix,17.0,HAD,29.313
Spanish Grand Prix,17.0,RUS,19.62
Spanish Grand Prix,17.0,PIA,0.0
Spanish Grand Prix,17.0,BEA,51.528
Spanish Grand Prix,18.0,VER,21.812
Spanish Grand Prix,18.0,GAS,48.248
Spanish Grand Prix,18.0,ANT,25.233
Spanish Grand Prix,18.0,ALO,64.45
Spanish Grand Prix,18.0,LEC,36.103
Spanish Grand Prix,18.0,TSU,55.577
Spanish Grand Prix,18.0,ALB,57.213
Spanish Grand Prix,18.0,HUL,50.109
Spanish Grand Prix,18.0,LAW,43.127
Spanish Grand Prix,18.0,OCO,47.775
Spanish Grand Prix,18.0,NOR,4.687
Spanish Grand Prix,18.0,COL,65.774
Spanish Grand Prix,18.0,HAM,40.723
Spanish Grand Prix,18.0,BOR,46.182
Spanish Grand Prix,18.0,SAI,65.345
Spanish Grand Prix,18.0,HAD,31.201
Spanish Grand Prix,18.0,RUS,20.659
Spanish Grand Prix,18.0,PIA,0.0
Spanish Grand Prix,18.0,BEA,53.147
Spanish Grand Prix,19.0,VER,21.221
Spanish Grand Prix,19.0,GAS,49.335
Spanish Grand Prix,19.0,ANT,26.643
Spanish Grand Prix,19.0,ALO,64.633
Spanish Grand Prix,19.0,LEC,35.838
Spanish Grand Prix,19.0,TSU,56.943
Spanish Grand Prix,19.0,ALB,58.326
Spanish Grand Prix,19.0,HUL,51.562
Spanish Grand Prix,19.0,LAW,62.32
Spanish Grand Prix,19.0,OCO,51.27
Spanish Grand Prix,19.0,NOR,4.926
Spanish Grand Prix,19.0,COL,67.283
Spanish Grand Prix,19.0,HAM,41.221
Spanish Grand Prix,19.0,BOR,52.998
Spanish Grand Prix,19.0,SAI,66.503
Spanish Grand Prix,19.0,HAD,36.658
Spanish Grand Prix,19.0,RUS,22.78
Spanish Grand Prix,19.0,PIA,0.0
Spanish Grand Prix,19.0,BEA,54.707
Spanish Grand Prix,20.0,VER,19.935
Spanish Grand Prix,20.0,GAS,49.872
Spanish Grand Prix,20.0,ANT,28.057
Spanish Grand Prix,20.0,ALO,64.365
Spanish Grand Prix,20.0,LEC,35.487
Spanish Grand Prix,20.0,TSU,58.743
Spanish Grand Prix,20.0,ALB,59.546
Spanish Grand Prix,20.0,HUL,52.1
Spanish Grand Prix,20.0,LAW,62.538
Spanish Grand Prix,20.0,OCO,58.221
Spanish Grand Prix,20.0,NOR,5.378
Spanish Grand Prix,20.0,COL,68.545
Spanish Grand Prix,20.0,HAM,40.85
Spanish Grand Prix,20.0,BOR,73.46
Spanish Grand Prix,20.0,SAI,67.271
Spanish Grand Prix,20.0,HAD,54.692
Spanish Grand Prix,20.0,RUS,27.809
Spanish Grand Prix,20.0,PIA,0.0
Spanish Grand Prix,20.0,BEA,57.339
Spanish Grand Prix,21.0,VER,18.375
Spanish Grand Prix,21.0,GAS,50.203
Spanish Grand Prix,21.0,ANT,33.331
Spanish Grand Prix,21.0,ALO,63.853
Spanish Grand Prix,21.0,LEC,34.123
Spanish Grand Prix,21.0,TSU,59.768
Spanish Grand Prix,21.0,ALB,60.515
Spanish Grand Prix,21.0,HUL,52.344
Spanish Grand Prix,21.0,LAW,62.254
Spanish Grand Prix,21.0,OCO,76.731
Spanish Grand Prix,21.0,NOR,9.524000000000001
Spanish Grand Prix,21.0,COL,69.723
Spanish Grand Prix,21.0,HAM,39.924
Spanish Grand Prix,21.0,BOR,73.963
Spanish Grand Prix,21.0,SAI,67.653
Spanish Grand Prix,21.0,HAD,53.941
Spanish Grand Prix,21.0,RUS,43.54
Spanish Grand Prix,21.0,PIA,0.0
Spanish Grand Prix,21.0,BEA,58.155
Spanish Grand Prix,22.0,VER,12.78
Spanish Grand Prix,22.0,GAS,46.833
Spanish Grand Prix,22.0,ANT,47.781
Spanish Grand Prix,22.0,ALO,60.207
Spanish Grand Prix,22.0,LEC,28.806
Spanish Grand Prix,22.0,TSU,56.786
Spanish Grand Prix,22.0,ALB,57.668
Spanish Grand Prix,22.0,HUL,49.468
Spanish Grand Prix,22.0,LAW,58.739
Spanish Grand Prix,22.0,OCO,72.049
Spanish Grand Prix,22.0,NOR,23.376
Spanish Grand Prix,22.0,COL,67.029
Spanish Grand Prix,22.0,HAM,34.969
Spanish Grand Prix,22.0,BOR,69.892
Spanish Grand Prix,22.0,SAI,64.356
Spanish Grand Prix,22.0,HAD,50.124
Spanish Grand Prix,22.0,RUS,37.468
Spanish Grand Prix,22.0,PIA,0.0
Spanish Grand Prix,22.0,BEA,55.259
Spanish Grand Prix,23.0,VER,0.0
Spanish Grand Prix,23.0,GAS,36.203
Spanish Grand Prix,23.0,ANT,36.468
Spanish Grand Prix,23.0,ALO,48.86
Spanish Grand Prix,23.0,LEC,15.31
Spanish Grand Prix,23.0,TSU,46.275
Spanish Grand Prix,23.0,ALB,47.227
Spanish Grand Prix,23.0,HUL,38.266
Spanish Grand Prix,23.0,LAW,47.63
Spanish Grand Prix,23.0,OCO,59.879
Spanish Grand Prix,23.0,NOR,10.257
Spanish Grand Prix,23.0,COL,56.628
Spanish Grand Prix,23.0,HAM,22.036
Spanish Grand Prix,23.0,BOR,58.381
Spanish Grand Prix,23.0,SAI,53.255
Spanish Grand Prix,23.0,HAD,38.628
Spanish Grand Prix,23.0,RUS,24.017
Spanish Grand Prix,23.0,PIA,5.716
Spanish Grand Prix,23.0,BEA,44.825
Spanish Grand Prix,24.0,VER,0.0
Spanish Grand Prix,24.0,GAS,39.46
Spanish Grand Prix,24.0,ANT,37.017
Spanish Grand Prix,24.0,ALO,51.772
Spanish Grand Prix,24.0,LEC,14.93
Spanish Grand Prix,24.0,TSU,52.365
Spanish Grand Prix,24.0,ALB,50.746
Spanish Grand Prix,24.0,HUL,41.742
Spanish Grand Prix,24.0,LAW,51.203
Spanish Grand Prix,24.0,OCO,60.946
Spanish Grand Prix,24.0,NOR,10.14
Spanish Grand Prix,24.0,COL,59.377
Spanish Grand Prix,24.0,HAM,22.382
Spanish Grand Prix,24.0,BOR,59.906
Spanish Grand Prix,24.0,SAI,54.994
Spanish Grand Prix,24.0,HAD,40.037
Spanish Grand Prix,24.0,RUS,24.133
Spanish Grand Prix,24.0,PIA,5.743
Spanish Grand Prix,24.0,BEA,47.382
Spanish Grand Prix,25.0,VER,0.0
Spanish Grand Prix,25.0,GAS,42.091
Spanish Grand Prix,25.0,ANT,37.787
Spanish Grand Prix,25.0,ALO,53.375
Spanish Grand Prix,25.0,LEC,14.417
Spanish Grand Prix,25.0,TSU,70.895
Spanish Grand Prix,25.0,ALB,55.029
Spanish Grand Prix,25.0,HUL,43.725
Spanish Grand Prix,25.0,LAW,51.85
Spanish Grand Prix,25.0,OCO,63.378
Spanish Grand Prix,25.0,NOR,9.933
Spanish Grand Prix,25.0,COL,62.982
Spanish Grand Prix,25.0,HAM,22.767
Spanish Grand Prix,25.0,BOR,60.974
Spanish Grand Prix,25.0,SAI,56.737
Spanish Grand Prix,25.0,HAD,41.096
Spanish Grand Prix,25.0,RUS,24.42
Spanish Grand Prix,25.0,PIA,5.469
Spanish Grand Prix,25.0,BEA,49.169
Spanish Grand Prix,26.0,VER,0.0
Spanish Grand Prix,26.0,GAS,43.993
Spanish Grand Prix,26.0,ANT,38.179
Spanish Grand Prix,26.0,ALO,54.412
Spanish Grand Prix,26.0,LEC,14.018
Spanish Grand Prix,26.0,TSU,70.705
Spanish Grand Prix,26.0,ALB,64.515
Spanish Grand Prix,26.0,HUL,45.08
Spanish Grand Prix,26.0,LAW,52.481
Spanish Grand Prix,26.0,OCO,64.235
Spanish Grand Prix,26.0,NOR,9.463
Spanish Grand Prix,26.0,COL,66.597
Spanish Grand Prix,26.0,HAM,23.033
Spanish Grand Prix,26.0,BOR,61.817
Spanish Grand Prix,26.0,SAI,58.27
Spanish Grand Prix,26.0,HAD,42.029
Spanish Grand Prix,26.0,RUS,24.63
Spanish Grand Prix,26.0,PIA,5.0
Spanish Grand Prix,26.0,BEA,50.846
Spanish Grand Prix,27.0,VER,0.0
Spanish Grand Prix,27.0,GAS,45.516
Spanish Grand Prix,27.0,ANT,38.203
Spanish Grand Prix,27.0,ALO,55.134
Spanish Grand Prix,27.0,LEC,13.327
Spanish Grand Prix,27.0,TSU,70.414
Spanish Grand Prix,27.0,ALB,106.062
Spanish Grand Prix,27.0,HUL,45.962
Spanish Grand Prix,27.0,LAW,53.169
Spanish Grand Prix,27.0,OCO,64.811
Spanish Grand Prix,27.0,NOR,8.759
Spanish Grand Prix,27.0,COL,68.691
Spanish Grand Prix,27.0,HAM,22.787
Spanish Grand Prix,27.0,BOR,62.144
Spanish Grand Prix,27.0,SAI,59.284
Spanish Grand Prix,27.0,HAD,42.336
Spanish Grand Prix,27.0,RUS,24.269
Spanish Grand Prix,27.0,PIA,4.077
Spanish Grand Prix,27.0,BEA,51.976
Spanish Grand Prix,28.0,VER,0.0
Spanish Grand Prix,28.0,GAS,48.17
Spanish Grand Prix,28.0,ANT,38.108
Spanish Grand Prix,28.0,ALO,55.984
Spanish Grand Prix,28.0,LEC,12.808
Spanish Grand Prix,28.0,TSU,70.96
Spanish Grand Prix,28.0,HUL,46.091
Spanish Grand Prix,28.0,LAW,54.078
Spanish Grand Prix,28.0,OCO,65.19
Spanish Grand Prix,28.0,NOR,7.978
Spanish Grand Prix,28.0,COL,70.61
Spanish Grand Prix,28.0,HAM,22.687
Spanish Grand Prix,28.0,BOR,62.723
Spanish Grand Prix,28.0,SAI,60.581
Spanish Grand Prix,28.0,HAD,42.761
Spanish Grand Prix,28.0,RUS,24.415
Spanish Grand Prix,28.0,PIA,3.401
Spanish Grand Prix,28.0,BEA,53.067
Spanish Grand Prix,29.0,VER,1.189
Spanish Grand Prix,29.0,GAS,47.153
Spanish Grand Prix,29.0,ANT,35.306
Spanish Grand Prix,29.0,ALO,54.169
Spanish Grand Prix,29.0,LEC,9.467
Spanish Grand Prix,29.0,TSU,68.02
Spanish Grand Prix,29.0,HUL,44.115
Spanish Grand Prix,29.0,LAW,52.252
Spanish Grand Prix,29.0,OCO,63.099
Spanish Grand Prix,29.0,NOR,4.674
Spanish Grand Prix,29.0,COL,70.793
Spanish Grand Prix,29.0,HAM,19.573
Spanish Grand Prix,29.0,BOR,60.943
Spanish Grand Prix,29.0,SAI,59.366
Spanish Grand Prix,29.0,HAD,40.092
Spanish Grand Prix,29.0,RUS,21.444
Spanish Grand Prix,29.0,PIA,0.0
Spanish Grand Prix,29.0,BEA,51.323
Spanish Grand Prix,30.0,VER,17.661
Spanish Grand Prix,30.0,GAS,49.604
Spanish Grand Prix,30.0,ANT,35.894
Spanish Grand Prix,30.0,ALO,55.812
Spanish Grand Prix,30.0,LEC,9.748
Spanish Grand Prix,30.0,TSU,68.442
Spanish Grand Prix,30.0,HUL,45.503
Spanish Grand Prix,30.0,LAW,53.918
Spanish Grand Prix,30.0,OCO,64.414
Spanish Grand Prix,30.0,NOR,4.856
Spanish Grand Prix,30.0,COL,73.631
Spanish Grand Prix,30.0,HAM,20.949
Spanish Grand Prix,30.0,BOR,62.584
Spanish Grand Prix,30.0,SAI,61.477
Spanish Grand Prix,30.0,HAD,41.143
Spanish Grand Prix,30.0,RUS,22.064
Spanish Grand Prix,30.0,PIA,0.0
Spanish Grand Prix,30.0,BEA,53.264
Spanish Grand Prix,31.0,VER,16.158
Spanish Grand Prix,31.0,GAS,56.152
Spanish Grand Prix,31.0,ANT,36.704
Spanish Grand Prix,31.0,ALO,58.289
Spanish Grand Prix,31.0,LEC,10.114
Spanish Grand Prix,31.0,TSU,69.401
Spanish Grand Prix,31.0,HUL,46.944
Spanish Grand Prix,31.0,LAW,57.274
Spanish Grand Prix,31.0,OCO,66.387
Spanish Grand Prix,31.0,NOR,5.455
Spanish Grand Prix,31.0,COL,76.505
Spanish Grand Prix,31.0,HAM,21.573
Spanish Grand Prix,31.0,BOR,64.477
Spanish Grand Prix,31.0,SAI,63.784
Spanish Grand Prix,31.0,HAD,42.333
Spanish Grand Prix,31.0,RUS,22.766
Spanish Grand Prix,31.0,PIA,0.0
Spanish Grand Prix,31.0,BEA,56.675
Spanish Grand Prix,32.0,VER,14.63
Spanish Grand Prix,32.0,GAS,75.708
Spanish Grand Prix,32.0,ANT,37.196
Spanish Grand Prix,32.0,ALO,60.693
Spanish Grand Prix,32.0,LEC,10.138
Spanish Grand Prix,32.0,TSU,70.224
Spanish Grand Prix,32.0,HUL,48.899
Spanish Grand Prix,32.0,LAW,59.684
Spanish Grand Prix,32.0,OCO,68.021
Spanish Grand Prix,32.0,NOR,5.538
Spanish Grand Prix,32.0,COL,79.779
Spanish Grand Prix,32.0,HAM,21.907
Spanish Grand Prix,32.0,BOR,66.613
Spanish Grand Prix,32.0,SAI,65.794
Spanish Grand Prix,32.0,HAD,43.131
Spanish Grand Prix,32.0,RUS,23.316
Spanish Grand Prix,32.0,PIA,0.0
Spanish Grand Prix,32.0,BEA,58.562
Spanish Grand Prix,33.0,VER,12.97
Spanish Grand Prix,33.0,GAS,76.355
Spanish Grand Prix,33.0,ANT,37.358
Spanish Grand Prix,33.0,ALO,62.224
Spanish Grand Prix,33.0,LEC,9.991
Spanish Grand Prix,33.0,TSU,70.786
Spanish Grand Prix,33.0,HUL,49.926
Spanish Grand Prix,33.0,LAW,61.013
Spanish Grand Prix,33.0,OCO,69.234
Spanish Grand Prix,33.0,NOR,5.053
Spanish Grand Prix,33.0,COL,83.633
Spanish Grand Prix,33.0,HAM,21.777
Spanish Grand Prix,33.0,BOR,68.13
Spanish Grand Prix,33.0,SAI,67.697
Spanish Grand Prix,33.0,HAD,43.651
Spanish Grand Prix,33.0,RUS,23.598
Spanish Grand Prix,33.0,PIA,0.0
Spanish Grand Prix,33.0,BEA,60.035
Spanish Grand Prix,34.0,VER,11.42
Spanish Grand Prix,34.0,GAS,77.486
Spanish Grand Prix,34.0,ANT,37.808
Spanish Grand Prix,34.0,ALO,63.757
Spanish Grand Prix,34.0,LEC,9.855
Spanish Grand Prix,34.0,TSU,72.186
Spanish Grand Prix,34.0,HUL,51.062
Spanish Grand Prix,34.0,LAW,61.926
Spanish Grand Prix,34.0,OCO,71.417
Spanish Grand Prix,34.0,NOR,4.492
Spanish Grand Prix,34.0,COL,87.115
Spanish Grand Prix,34.0,HAM,21.589
Spanish Grand Prix,34.0,BOR,69.53
Spanish Grand Prix,34.0,SAI,74.135
Spanish Grand Prix,34.0,HAD,44.131
Spanish Grand Prix,34.0,RUS,23.545
Spanish Grand Prix,34.0,PIA,0.0
Spanish Grand Prix,34.0,BEA,61.463
Spanish Grand Prix,35.0,VER,10.411
Spanish Grand Prix,35.0,GAS,78.615
Spanish Grand Prix,35.0,ANT,38.386
Spanish Grand Prix,35.0,ALO,65.825
Spanish Grand Prix,35.0,LEC,10.104
Spanish Grand Prix,35.0,TSU,73.488
Spanish Grand Prix,35.0,HUL,52.318
Spanish Grand Prix,35.0,LAW,62.819
Spanish Grand Prix,35.0,OCO,72.733
Spanish Grand Prix,35.0,NOR,4.196
Spanish Grand Prix,35.0,COL,89.28
Spanish Grand Prix,35.0,HAM,21.722
Spanish Grand Prix,35.0,BOR,71.046
Spanish Grand Prix,35.0,SAI,93.514
Spanish Grand Prix,35.0,HAD,45.004
Spanish Grand Prix,35.0,RUS,24.014
Spanish Grand Prix,35.0,PIA,0.0
Spanish Grand Prix,35.0,BEA,68.378
Spanish Grand Prix,36.0,VER,9.5
Spanish Grand Prix,36.0,GAS,81.366
Spanish Grand Prix,36.0,ANT,38.987
Spanish Grand Prix,36.0,ALO,66.914
Spanish Grand Prix,36.0,LEC,11.134
Spanish Grand Prix,36.0,TSU,74.707
Spanish Grand Prix,36.0,HUL,53.314
Spanish Grand Prix,36.0,LAW,64.157
Spanish Grand Prix,36.0,OCO,73.915
Spanish Grand Prix,36.0,NOR,3.6790000000000003
Spanish Grand Prix,36.0,COL,94.516
Spanish Grand Prix,36.0,HAM,22.045
Spanish Grand Prix,36.0,BOR,72.021
Spanish Grand Prix,36.0,SAI,94.863
Spanish Grand Prix,36.0,HAD,46.01
Spanish Grand Prix,36.0,RUS,24.253
Spanish Grand Prix,36.0,PIA,0.0
Spanish Grand Prix,36.0,BEA,86.926
Spanish Grand Prix,37.0,VER,8.151
Spanish Grand Prix,37.0,GAS,82.338
Spanish Grand Prix,37.0,ANT,39.282
Spanish Grand Prix,37.0,ALO,67.957
Spanish Grand Prix,37.0,LEC,11.788
Spanish Grand Prix,37.0,TSU,75.605
Spanish Grand Prix,37.0,HUL,54.122
Spanish Grand Prix,37.0,LAW,65.084
Spanish Grand Prix,37.0,OCO,74.938
Spanish Grand Prix,37.0,NOR,2.872
Spanish Grand Prix,37.0,COL,97.454
Spanish Grand Prix,37.0,HAM,22.372
Spanish Grand Prix,37.0,BOR,72.727
Spanish Grand Prix,37.0,SAI,95.13
Spanish Grand Prix,37.0,HAD,46.623
Spanish Grand Prix,37.0,RUS,24.333
Spanish Grand Prix,37.0,PIA,0.0
Spanish Grand Prix,37.0,BEA,89.152
Spanish Grand Prix,38.0,VER,7.913
Spanish Grand Prix,38.0,GAS,84.887
Spanish Grand Prix,38.0,ANT,40.182
Spanish Grand Prix,38.0,ALO,69.902
Spanish Grand Prix,38.0,LEC,12.932
Spanish Grand Prix,38.0,TSU,76.904
Spanish Grand Prix,38.0,HUL,55.943
Spanish Grand Prix,38.0,LAW,66.605
Spanish Grand Prix,38.0,OCO,78.089
Spanish Grand Prix,38.0,NOR,3.292
Spanish Grand Prix,38.0,COL,100.452
Spanish Grand Prix,38.0,HAM,23.203
Spanish Grand Prix,38.0,BOR,74.478
Spanish Grand Prix,38.0,SAI,96.41
Spanish Grand Prix,38.0,HAD,47.854
Spanish Grand Prix,38.0,RUS,25.176
Spanish Grand Prix,38.0,PIA,0.0
Spanish Grand Prix,38.0,BEA,90.327
Spanish Grand Prix,39.0,VER,7.618
Spanish Grand Prix,39.0,GAS,86.173
Spanish Grand Prix,39.0,ANT,40.608
Spanish Grand Prix,39.0,ALO,71.674
Spanish Grand Prix,39.0,LEC,13.899000000000001
Spanish Grand Prix,39.0,TSU,78.041
Spanish Grand Prix,39.0,HUL,57.386
Spanish Grand Prix,39.0,LAW,67.803
Spanish Grand Prix,39.0,OCO,81.234
Spanish Grand Prix,39.0,NOR,2.7960000000000003
Spanish Grand Prix,39.0,COL,106.951
Spanish Grand Prix,39.0,HAM,23.957
Spanish Grand Prix,39.0,BOR,75.537
Spanish Grand Prix,39.0,SAI,97.577
Spanish Grand Prix,39.0,HAD,48.647
Spanish Grand Prix,39.0,RUS,25.73
Spanish Grand Prix,39.0,PIA,0.0
Spanish Grand Prix,39.0,BEA,90.89
Spanish Grand Prix,40.0,VER,7.051
Spanish Grand Prix,40.0,GAS,88.379
Spanish Grand Prix,40.0,ANT,40.771
Spanish Grand Prix,40.0,ALO,73.084
Spanish Grand Prix,40.0,LEC,19.362
Spanish Grand Prix,40.0,TSU,78.73
Spanish Grand Prix,40.0,HUL,58.607
Spanish Grand Prix,40.0,LAW,68.831
Spanish Grand Prix,40.0,OCO,83.745
Spanish Grand Prix,40.0,NOR,2.354
Spanish Grand Prix,40.0,COL,126.212
Spanish Grand Prix,40.0,HAM,24.434
Spanish Grand Prix,40.0,BOR,76.125
Spanish Grand Prix,40.0,SAI,97.841
Spanish Grand Prix,40.0,HAD,49.331
Spanish Grand Prix,40.0,RUS,26.325
Spanish Grand Prix,40.0,PIA,0.0
Spanish Grand Prix,40.0,BEA,91.446
Spanish Grand Prix,41.0,VER,6.848
Spanish Grand Prix,41.0,GAS,89.38
Spanish Grand Prix,41.0,ANT,41.351
Spanish Grand Prix,41.0,ALO,74.939
Spanish Grand Prix,41.0,LEC,37.801
Spanish Grand Prix,41.0,TSU,81.464
Spanish Grand Prix,41.0,HUL,59.612
Spanish Grand Prix,41.0,LAW,70.106
Spanish Grand Prix,41.0,OCO,84.834
Spanish Grand Prix,41.0,NOR,2.797
Spanish Grand Prix,41.0,COL,124.44
Spanish Grand Prix,41.0,HAM,24.862
Spanish Grand Prix,41.0,BOR,77.106
Spanish Grand Prix,41.0,SAI,98.201
Spanish Grand Prix,41.0,HAD,50.195
Spanish Grand Prix,41.0,RUS,30.784
Spanish Grand Prix,41.0,PIA,0.0
Spanish Grand Prix,41.0,BEA,91.936
Spanish Grand Prix,42.0,VER,6.67
Spanish Grand Prix,42.0,GAS,89.997
Spanish Grand Prix,42.0,ANT,41.923
Spanish Grand Prix,42.0,ALO,80.265
Spanish Grand Prix,42.0,LEC,37.014
Spanish Grand Prix,42.0,TSU,84.173
Spanish Grand Prix,42.0,HUL,60.825
Spanish Grand Prix,42.0,LAW,71.001
Spanish Grand Prix,42.0,OCO,86.381
Spanish Grand Prix,42.0,NOR,2.597
Spanish Grand Prix,42.0,COL,126.415
Spanish Grand Prix,42.0,HAM,25.57
Spanish Grand Prix,42.0,BOR,78.256
Spanish Grand Prix,42.0,SAI,98.643
Spanish Grand Prix,42.0,HAD,51.164
Spanish Grand Prix,42.0,RUS,45.858
Spanish Grand Prix,42.0,PIA,0.0
Spanish Grand Prix,42.0,BEA,92.25
Spanish Grand Prix,43.0,VER,7.315
Spanish Grand Prix,43.0,GAS,91.318
Spanish Grand Prix,43.0,ANT,43.145
Spanish Grand Prix,43.0,ALO,99.295
Spanish Grand Prix,43.0,LEC,37.095
Spanish Grand Prix,43.0,TSU,86.117
Spanish Grand Prix,43.0,HUL,63.019
Spanish Grand Prix,43.0,LAW,72.622
Spanish Grand Prix,43.0,OCO,92.446
Spanish Grand Prix,43.0,NOR,2.932
Spanish Grand Prix,43.0,COL,127.731
Spanish Grand Prix,43.0,HAM,27.11
Spanish Grand Prix,43.0,BOR,81.946
Spanish Grand Prix,43.0,SAI,100.635
Spanish Grand Prix,43.0,HAD,52.708
Spanish Grand Prix,43.0,RUS,44.806
Spanish Grand Prix,43.0,PIA,0.0
Spanish Grand Prix,43.0,BEA,93.508
Spanish Grand Prix,44.0,VER,7.461
Spanish Grand Prix,44.0,GAS,92.828
Spanish Grand Prix,44.0,ANT,45.055
Spanish Grand Prix,44.0,ALO,98.598
Spanish Grand Prix,44.0,LEC,36.722
Spanish Grand Prix,44.0,TSU,93.885
Spanish Grand Prix,44.0,HUL,65.417
Spanish Grand Prix,44.0,LAW,77.638
Spanish Grand Prix,44.0,OCO,110.92
Spanish Grand Prix,44.0,NOR,3.222
Spanish Grand Prix,44.0,COL,129.062
Spanish Grand Prix,44.0,HAM,28.346
Spanish Grand Prix,44.0,BOR,85.526
Spanish Grand Prix,44.0,SAI,101.762
Spanish Grand Prix,44.0,HAD,53.856
Spanish Grand Prix,44.0,RUS,44.191
Spanish Grand Prix,44.0,PIA,0.0
Spanish Grand Prix,44.0,BEA,94.343
Spanish Grand Prix,45.0,VER,8.324
Spanish Grand Prix,45.0,GAS,94.14
Spanish Grand Prix,45.0,ANT,46.906
Spanish Grand Prix,45.0,ALO,98.867
Spanish Grand Prix,45.0,LEC,36.465
Spanish Grand Prix,45.0,TSU,112.667
Spanish Grand Prix,45.0,HUL,71.568
Spanish Grand Prix,45.0,LAW,97.818
Spanish Grand Prix,45.0,OCO,111.734
Spanish Grand Prix,45.0,NOR,4.21
Spanish Grand Prix,45.0,COL,130.674
Spanish Grand Prix,45.0,HAM,30.32
Spanish Grand Prix,45.0,BOR,87.635
Spanish Grand Prix,45.0,SAI,102.997
Spanish Grand Prix,45.0,HAD,55.3
Spanish Grand Prix,45.0,RUS,43.929
Spanish Grand Prix,45.0,PIA,0.0
Spanish Grand Prix,45.0,BEA,95.484
Spanish Grand Prix,46.0,VER,9.456
Spanish Grand Prix,46.0,GAS,95.468
Spanish Grand Prix,46.0,ANT,48.612
Spanish Grand Prix,46.0,ALO,99.335
Spanish Grand Prix,46.0,LEC,37.107
Spanish Grand Prix,46.0,TSU,111.43
Spanish Grand Prix,46.0,HUL,91.485
Spanish Grand Prix,46.0,LAW,98.47
Spanish Grand Prix,46.0,OCO,111.123
Spanish Grand Prix,46.0,NOR,5.002
Spanish Grand Prix,46.0,COL,132.167
Spanish Grand Prix,46.0,HAM,36.201
Spanish Grand Prix,46.0,BOR,92.798
Spanish Grand Prix,46.0,SAI,104.35
Spanish Grand Prix,46.0,HAD,56.94
Spanish Grand Prix,46.0,RUS,44.045
Spanish Grand Prix,46.0,PIA,0.0
Spanish Grand Prix,46.0,BEA,96.485
Spanish Grand Prix,47.0,VER,13.384
Spanish Grand Prix,47.0,GAS,96.259
Spanish Grand Prix,47.0,ANT,49.604
Spanish Grand Prix,47.0,ALO,99.292
Spanish Grand Prix,47.0,LEC,37.283
Spanish Grand Prix,47.0,TSU,112.009
Spanish Grand Prix,47.0,HUL,92.666
Spanish Grand Prix,47.0,LAW,98.451
Spanish Grand Prix,47.0,OCO,112.911
Spanish Grand Prix,47.0,NOR,5.454
Spanish Grand Prix,47.0,COL,132.81
Spanish Grand Prix,47.0,HAM,56.359
Spanish Grand Prix,47.0,BOR,94.687
Spanish Grand Prix,47.0,SAI,105.098
Spanish Grand Prix,47.0,HAD,59.273
Spanish Grand Prix,47.0,RUS,43.808
Spanish Grand Prix,47.0,PIA,0.0
Spanish Grand Prix,47.0,BEA,96.872
Spanish Grand Prix,48.0,VER,29.921
Spanish Grand Prix,48.0,GAS,97.505
Spanish Grand Prix,48.0,ANT,50.66
Spanish Grand Prix,48.0,ALO,99.845
Spanish Grand Prix,48.0,LEC,37.209
Spanish Grand Prix,48.0,TSU,112.129
Spanish Grand Prix,48.0,HUL,94.093
Spanish Grand Prix,48.0,LAW,98.933
Spanish Grand Prix,48.0,OCO,113.073
Spanish Grand Prix,48.0,NOR,10.075
Spanish Grand Prix,48.0,COL,135.596
Spanish Grand Prix,48.0,HAM,55.316
Spanish Grand Prix,48.0,BOR,96.573
Spanish Grand Prix,48.0,SAI,106.22
Spanish Grand Prix,48.0,HAD,64.218
Spanish Grand Prix,48.0,RUS,43.477
Spanish Grand Prix,48.0,PIA,0.0
Spanish Grand Prix,48.0,BEA,98.457
Spanish Grand Prix,49.0,VER,23.872
Spanish Grand Prix,49.0,GAS,94.961
Spanish Grand Prix,49.0,ANT,51.681
Spanish Grand Prix,49.0,ALO,98.426
Spanish Grand Prix,49.0,LEC,33.754
Spanish Grand Prix,49.0,TSU,108.072
Spanish Grand Prix,49.0,HUL,91.602
Spanish Grand Prix,49.0,LAW,96.527
Spanish Grand Prix,49.0,OCO,109.177
Spanish Grand Prix,49.0,NOR,23.285
Spanish Grand Prix,49.0,COL,132.511
Spanish Grand Prix,49.0,HAM,50.724
Spanish Grand Prix,49.0,BOR,97.866
Spanish Grand Prix,49.0,SAI,104.644
Spanish Grand Prix,49.0,HAD,79.237
Spanish Grand Prix,49.0,RUS,39.408
Spanish Grand Prix,49.0,PIA,0.0
Spanish Grand Prix,49.0,BEA,95.985
Spanish Grand Prix,50.0,VER,4.129
Spanish Grand Prix,50.0,GAS,77.256
Spanish Grand Prix,50.0,ANT,54.238
Spanish Grand Prix,50.0,ALO,82.064
Spanish Grand Prix,50.0,LEC,15.711
Spanish Grand Prix,50.0,TSU,89.632
Spanish Grand Prix,50.0,HUL,73.656
Spanish Grand Prix,50.0,LAW,80.678
Spanish Grand Prix,50.0,OCO,90.986
Spanish Grand Prix,50.0,NOR,2.849
Spanish Grand Prix,50.0,COL,114.827
Spanish Grand Prix,50.0,HAM,31.328
Spanish Grand Prix,50.0,BOR,98.158
Spanish Grand Prix,50.0,SAI,87.306
Spanish Grand Prix,50.0,HAD,61.544
Spanish Grand Prix,50.0,RUS,21.084
Spanish Grand Prix,50.0,PIA,0.0
Spanish Grand Prix,50.0,BEA,80.22
Spanish Grand Prix,51.0,VER,4.083
Spanish Grand Prix,51.0,GAS,80.36
Spanish Grand Prix,51.0,ANT,53.786
Spanish Grand Prix,51.0,ALO,85.413
Spanish Grand Prix,51.0,LEC,16.746
Spanish Grand Prix,51.0,TSU,90.806
Spanish Grand Prix,51.0,HUL,74.812
Spanish Grand Prix,51.0,LAW,84.872
Spanish Grand Prix,51.0,OCO,92.032
Spanish Grand Prix,51.0,NOR,2.384
Spanish Grand Prix,51.0,COL,116.123
Spanish Grand Prix,51.0,HAM,31.27
Spanish Grand Prix,51.0,BOR,97.675
Spanish Grand Prix,51.0,SAI,89.02
Spanish Grand Prix,51.0,HAD,62.375
Spanish Grand Prix,51.0,RUS,21.775
Spanish Grand Prix,51.0,PIA,0.0
Spanish Grand Prix,51.0,BEA,84.403
Spanish Grand Prix,52.0,VER,3.969
Spanish Grand Prix,52.0,GAS,84.376
Spanish Grand Prix,52.0,ANT,53.245
Spanish Grand Prix,52.0,ALO,86.849
Spanish Grand Prix,52.0,LEC,17.781
Spanish Grand Prix,52.0,TSU,92.108
Spanish Grand Prix,52.0,HUL,76.003
Spanish Grand Prix,52.0,LAW,85.881
Spanish Grand Prix,52.0,OCO,93.133
Spanish Grand Prix,52.0,NOR,2.622
Spanish Grand Prix,52.0,COL,117.447
Spanish Grand Prix,52.0,HAM,31.119
Spanish Grand Prix,52.0,BOR,98.265
Spanish Grand Prix,52.0,SAI,90.827
Spanish Grand Prix,52.0,HAD,63.281
Spanish Grand Prix,52.0,RUS,22.259
Spanish Grand Prix,52.0,PIA,0.0
Spanish Grand Prix,52.0,BEA,88.311
Spanish Grand Prix,53.0,VER,5.025
Spanish Grand Prix,53.0,GAS,86.654
Spanish Grand Prix,53.0,ANT,54.4
Spanish Grand Prix,53.0,ALO,89.101
Spanish Grand Prix,53.0,LEC,19.57
Spanish Grand Prix,53.0,TSU,93.941
Spanish Grand Prix,53.0,HUL,79.251
Spanish Grand Prix,53.0,LAW,87.982
Spanish Grand Prix,53.0,OCO,95.198
Spanish Grand Prix,53.0,NOR,3.082
Spanish Grand Prix,53.0,COL,119.642
Spanish Grand Prix,53.0,HAM,32.394
Spanish Grand Prix,53.0,BOR,99.834
Spanish Grand Prix,53.0,SAI,93.359
Spanish Grand Prix,53.0,HAD,64.991
Spanish Grand Prix,53.0,RUS,23.8
Spanish Grand Prix,53.0,PIA,0.0
Spanish Grand Prix,53.0,BEA,91.384
Spanish Grand Prix,54.0,VER,5.843
Spanish Grand Prix,54.0,GAS,103.471
Spanish Grand Prix,54.0,ANT,126.634
Spanish Grand Prix,54.0,ALO,108.723
Spanish Grand Prix,54.0,LEC,21.63
Spanish Grand Prix,54.0,TSU,116.35
Spanish Grand Prix,54.0,HUL,94.3
Spanish Grand Prix,54.0,LAW,105.48
Spanish Grand Prix,54.0,OCO,115.505
Spanish Grand Prix,54.0,NOR,3.43
Spanish Grand Prix,54.0,COL,150.457
Spanish Grand Prix,54.0,HAM,33.885
Spanish Grand Prix,54.0,BOR,119.887
Spanish Grand Prix,54.0,SAI,112.889
Spanish Grand Prix,54.0,HAD,74.899
Spanish Grand Prix,54.0,RUS,25.612
Spanish Grand Prix,54.0,PIA,0.0
Spanish Grand Prix,54.0,BEA,112.373
Spanish Grand Prix,55.0,VER,9.331
Spanish Grand Prix,55.0,GAS,123.25
Spanish Grand Prix,55.0,ALO,156.267
Spanish Grand Prix,55.0,LEC,32.405
Spanish Grand Prix,55.0,TSU,158.866
Spanish Grand Prix,55.0,HUL,112.619
Spanish Grand Prix,55.0,LAW,150.002
Spanish Grand Prix,55.0,OCO,153.099
Spanish Grand Prix,55.0,NOR,5.471
Spanish Grand Prix,55.0,COL,184.151
Spanish Grand Prix,55.0,HAM,48.494
Spanish Grand Prix,55.0,BOR,155.305
Spanish Grand Prix,55.0,SAI,151.679
Spanish Grand Prix,55.0,HAD,94.373
Spanish Grand Prix,55.0,RUS,36.58
Spanish Grand Prix,55.0,PIA,0.0
Spanish Grand Prix,55.0,BEA,157.295
Spanish Grand Prix,56.0,VER,5.663
Spanish Grand Prix,56.0,GAS,81.262
Spanish Grand Prix,56.0,ALO,134.854
Spanish Grand Prix,56.0,LEC,11.459
Spanish Grand Prix,56.0,TSU,137.36
Spanish Grand Prix,56.0,HUL,57.574
Spanish Grand Prix,56.0,LAW,127.369
Spanish Grand Prix,56.0,OCO,130.444
Spanish Grand Prix,56.0,NOR,3.374
Spanish Grand Prix,56.0,COL,143.169
Spanish Grand Prix,56.0,HAM,28.83
Spanish Grand Prix,56.0,BOR,133.391
Spanish Grand Prix,56.0,SAI,140.599
Spanish Grand Prix,56.0,HAD,54.022
Spanish Grand Prix,56.0,RUS,15.333
Spanish Grand Prix,56.0,PIA,0.0
Spanish Grand Prix,56.0,BEA,135.787
Spanish Grand Prix,57.0,VER,6.851
Spanish Grand Prix,57.0,GAS,44.007
Spanish Grand Prix,57.0,ALO,124.744
Spanish Grand Prix,57.0,LEC,13.21
Spanish Grand Prix,57.0,TSU,127.164
Spanish Grand Prix,57.0,HUL,41.953
Spanish Grand Prix,57.0,LAW,121.729
Spanish Grand Prix,57.0,OCO,122.985
Spanish Grand Prix,57.0,NOR,3.8369999999999997
Spanish Grand Prix,57.0,COL,131.786
Spanish Grand Prix,57.0,HAM,16.717
Spanish Grand Prix,57.0,BOR,124.328
Spanish Grand Prix,57.0,SAI,129.481
Spanish Grand Prix,57.0,HAD,21.252
Spanish Grand Prix,57.0,RUS,15.697
Spanish Grand Prix,57.0,PIA,0.0
Spanish Grand Prix,57.0,BEA,125.325
Spanish Grand Prix,58.0,VER,3.642
Spanish Grand Prix,58.0,GAS,10.704
Spanish Grand Prix,58.0,ALO,76.52
Spanish Grand Prix,58.0,LEC,5.092
Spanish Grand Prix,58.0,TSU,78.031
Spanish Grand Prix,58.0,HUL,9.118
Spanish Grand Prix,58.0,LAW,74.007
Spanish Grand Prix,58.0,OCO,74.767
Spanish Grand Prix,58.0,NOR,2.21
Spanish Grand Prix,58.0,COL,83.187
Spanish Grand Prix,58.0,HAM,7.536
Spanish Grand Prix,58.0,BOR,75.182
Spanish Grand Prix,58.0,SAI,80.44
Spanish Grand Prix,58.0,HAD,8.203
Spanish Grand Prix,58.0,RUS,6.058
Spanish Grand Prix,58.0,PIA,0.0
Spanish Grand Prix,58.0,BEA,77.014
Spanish Grand Prix,59.0,VER,2.401
Spanish Grand Prix,59.0,GAS,12.046
Spanish Grand Prix,59.0,ALO,33.849
Spanish Grand Prix,59.0,LEC,4.131
Spanish Grand Prix,59.0,TSU,36.7
Spanish Grand Prix,59.0,HUL,9.514
Spanish Grand Prix,59.0,LAW,31.353
Spanish Grand Prix,59.0,OCO,32.101
Spanish Grand Prix,59.0,NOR,1.5939999999999999
Spanish Grand Prix,59.0,COL,41.974
Spanish Grand Prix,59.0,HAM,6.853
Spanish Grand Prix,59.0,BOR,33.036
Spanish Grand Prix,59.0,SAI,38.692
Spanish Grand Prix,59.0,HAD,7.96
Spanish Grand Prix,59.0,RUS,4.886
Spanish Grand Prix,59.0,PIA,0.0
Spanish Grand Prix,59.0,BEA,35.22
Spanish Grand Prix,60.0,VER,1.146
Spanish Grand Prix,60.0,GAS,3.168
Spanish Grand Prix,60.0,ALO,4.877
Spanish Grand Prix,60.0,LEC,1.201
Spanish Grand Prix,60.0,TSU,6.061
Spanish Grand Prix,60.0,HUL,2.673
Spanish Grand Prix,60.0,LAW,3.823
Spanish Grand Prix,60.0,OCO,4.391
Spanish Grand Prix,60.0,NOR,0.539
Spanish Grand Prix,60.0,COL,6.8469999999999995
Spanish Grand Prix,60.0,HAM,1.968
Spanish Grand Prix,60.0,BOR,4.644
Spanish Grand Prix,60.0,SAI,6.139
Spanish Grand Prix,60.0,HAD,2.448
Spanish Grand Prix,60.0,RUS,1.639
Spanish Grand Prix,60.0,PIA,0.0
Spanish Grand Prix,60.0,BEA,5.441
Spanish Grand Prix,61.0,VER,4.265
Spanish Grand Prix,61.0,GAS,7.5280000000000005
Spanish Grand Prix,61.0,ALO,9.772
Spanish Grand Prix,61.0,LEC,3.005
Spanish Grand Prix,61.0,TSU,11.678
Spanish Grand Prix,61.0,HUL,5.953
Spanish Grand Prix,61.0,LAW,8.801
Spanish Grand Prix,61.0,OCO,10.764
Spanish Grand Prix,61.0,NOR,0.983
Spanish Grand Prix,61.0,COL,13.176
Spanish Grand Prix,61.0,HAM,5.587
Spanish Grand Prix,61.0,BOR,9.263
Spanish Grand Prix,61.0,SAI,12.028
Spanish Grand Prix,61.0,HAD,6.932
Spanish Grand Prix,61.0,RUS,4.739
Spanish Grand Prix,61.0,PIA,0.0
Spanish Grand Prix,61.0,BEA,11.175
Spanish Grand Prix,62.0,VER,5.351
Spanish Grand Prix,62.0,GAS,10.34
Spanish Grand Prix,62.0,ALO,13.389
Spanish Grand Prix,62.0,LEC,4.331
Spanish Grand Prix,62.0,TSU,16.141
Spanish Grand Prix,62.0,HUL,8.302
Spanish Grand Prix,62.0,LAW,12.292
Spanish Grand Prix,62.0,OCO,14.995
Spanish Grand Prix,62.0,NOR,1.264
Spanish Grand Prix,62.0,COL,17.644
Spanish Grand Prix,62.0,HAM,7.36
Spanish Grand Prix,62.0,BOR,12.893
Spanish Grand Prix,62.0,SAI,16.625
Spanish Grand Prix,62.0,HAD,9.375
Spanish Grand Prix,62.0,RUS,6.05
Spanish Grand Prix,62.0,PIA,0.0
Spanish Grand Prix,62.0,BEA,15.497
Spanish Grand Prix,63.0,VER,6.582
Spanish Grand Prix,63.0,GAS,11.859
Spanish Grand Prix,63.0,ALO,16.898
Spanish Grand Prix,63.0,LEC,5.563
Spanish Grand Prix,63.0,TSU,20.014
Spanish Grand Prix,63.0,HUL,9.5
Spanish Grand Prix,63.0,LAW,15.802
Spanish Grand Prix,63.0,OCO,19.399
Spanish Grand Prix,63.0,NOR,1.603
Spanish Grand Prix,63.0,COL,21.543
Spanish Grand Prix,63.0,HAM,8.922
Spanish Grand Prix,63.0,BOR,16.495
Spanish Grand Prix,63.0,SAI,20.462
Spanish Grand Prix,63.0,HAD,10.768
Spanish Grand Prix,63.0,RUS,7.267
Spanish Grand Prix,63.0,PIA,0.0
Spanish Grand Prix,63.0,BEA,18.027
Spanish Grand Prix,64.0,VER,10.062
Spanish Grand Prix,64.0,GAS,14.07
Spanish Grand Prix,64.0,ALO,19.381
Spanish Grand Prix,64.0,LEC,7.113
Spanish Grand Prix,64.0,TSU,22.96
Spanish Grand Prix,64.0,HUL,11.535
Spanish Grand Prix,64.0,LAW,19.056
Spanish Grand Prix,64.0,OCO,23.99
Spanish Grand Prix,64.0,NOR,1.8860000000000001
Spanish Grand Prix,64.0,COL,25.499
Spanish Grand Prix,64.0,HAM,11.175
Spanish Grand Prix,64.0,BOR,20.459
Spanish Grand Prix,64.0,SAI,24.532
Spanish Grand Prix,64.0,HAD,12.699
Spanish Grand Prix,64.0,RUS,9.48
Spanish Grand Prix,64.0,PIA,0.0
Spanish Grand Prix,64.0,BEA,21.747
Spanish Grand Prix,65.0,VER,11.19
Spanish Grand Prix,65.0,GAS,16.178
Spanish Grand Prix,65.0,ALO,20.881
Spanish Grand Prix,65.0,LEC,8.763
Spanish Grand Prix,65.0,TSU,26.157
Spanish Grand Prix,65.0,HUL,12.597
Spanish Grand Prix,65.0,LAW,22.962
Spanish Grand Prix,65.0,OCO,28.441
Spanish Grand Prix,65.0,NOR,2.3970000000000002
Spanish Grand Prix,65.0,COL,28.848
Spanish Grand Prix,65.0,HAM,13.919
Spanish Grand Prix,65.0,BOR,23.756
Spanish Grand Prix,65.0,SAI,26.855
Spanish Grand Prix,65.0,HAD,14.506
Spanish Grand Prix,65.0,RUS,10.235
Spanish Grand Prix,65.0,PIA,0.0
Spanish Grand Prix,65.0,BEA,24.835
Spanish Grand Prix,66.0,VER,11.826
Spanish Grand Prix,66.0,GAS,17.882
Spanish Grand Prix,66.0,ALO,21.564
Spanish Grand Prix,66.0,LEC,10.455
Spanish Grand Prix,66.0,TSU,28.822
Spanish Grand Prix,66.0,HUL,13.648
Spanish Grand Prix,66.0,LAW,25.532
Spanish Grand Prix,66.0,OCO,32.197
Spanish Grand Prix,66.0,NOR,2.471
Spanish Grand Prix,66.0,COL,31.381
Spanish Grand Prix,66.0,HAM,15.508
Spanish Grand Prix,66.0,BOR,25.996
Spanish Grand Prix,66.0,SAI,29.309
Spanish Grand Prix,66.0,HAD,16.022
Spanish Grand Prix,66.0,RUS,11.359
Spanish Grand Prix,66.0,PIA,0.0
Spanish Grand Prix,66.0,BEA,27.065
Canadian Grand Prix,1.0,VER,0.697
Canadian Grand Prix,1.0,GAS,12.475
Canadian Grand Prix,1.0,ANT,1.467
Canadian Grand Prix,1.0,ALO,3.479
Canadian Grand Prix,1.0,LEC,4.478
Canadian Grand Prix,1.0,STR,9.75
Canadian Grand Prix,1.0,TSU,9.482
Canadian Grand Prix,1.0,ALB,7.591
Canadian Grand Prix,1.0,HUL,6.109
Canadian Grand Prix,1.0,LAW,11.446
Canadian Grand Prix,1.0,OCO,8.304
Canadian Grand Prix,1.0,NOR,3.8890000000000002
Canadian Grand Prix,1.0,COL,6.985
Canadian Grand Prix,1.0,HAM,2.843
Canadian Grand Prix,1.0,BOR,8.791
Canadian Grand Prix,1.0,SAI,9.121
Canadian Grand Prix,1.0,HAD,7.411
Canadian Grand Prix,1.0,RUS,0.0
Canadian Grand Prix,1.0,PIA,2.087
Canadian Grand Prix,1.0,BEA,8.086
Canadian Grand Prix,2.0,VER,0.678
Canadian Grand Prix,2.0,GAS,15.374
Canadian Grand Prix,2.0,ANT,1.6139999999999999
Canadian Grand Prix,2.0,ALO,4.444
Canadian Grand Prix,2.0,LEC,5.825
Canadian Grand Prix,2.0,STR,13.488
Canadian Grand Prix,2.0,TSU,13.085
Canadian Grand Prix,2.0,ALB,9.884
Canadian Grand Prix,2.0,HUL,7.5440000000000005
Canadian Grand Prix,2.0,LAW,14.533
Canadian Grand Prix,2.0,OCO,11.11
Canadian Grand Prix,2.0,NOR,5.138
Canadian Grand Prix,2.0,COL,9.025
Canadian Grand Prix,2.0,HAM,3.726
Canadian Grand Prix,2.0,BOR,11.541
Canadian Grand Prix,2.0,SAI,12.157
Canadian Grand Prix,2.0,HAD,9.393
Canadian Grand Prix,2.0,RUS,0.0
Canadian Grand Prix,2.0,PIA,3.16
Canadian Grand Prix,2.0,BEA,10.472
Canadian Grand Prix,3.0,VER,0.519
Canadian Grand Prix,3.0,GAS,17.956
Canadian Grand Prix,3.0,ANT,2.239
Canadian Grand Prix,3.0,ALO,5.304
Canadian Grand Prix,3.0,LEC,7.525
Canadian Grand Prix,3.0,STR,16.073
Canadian Grand Prix,3.0,TSU,15.198
Canadian Grand Prix,3.0,ALB,11.762
Canadian Grand Prix,3.0,HUL,9.145
Canadian Grand Prix,3.0,LAW,16.762
Canadian Grand Prix,3.0,OCO,12.871
Canadian Grand Prix,3.0,NOR,6.24
Canadian Grand Prix,3.0,COL,10.472
Canadian Grand Prix,3.0,HAM,4.34
Canadian Grand Prix,3.0,BOR,13.462
Canadian Grand Prix,3.0,SAI,14.303
Canadian Grand Prix,3.0,HAD,10.737
Canadian Grand Prix,3.0,RUS,0.0
Canadian Grand Prix,3.0,PIA,3.621
Canadian Grand Prix,3.0,BEA,12.227
Canadian Grand Prix,4.0,VER,0.458
Canadian Grand Prix,4.0,GAS,20.681
Canadian Grand Prix,4.0,ANT,2.61
Canadian Grand Prix,4.0,ALO,5.995
Canadian Grand Prix,4.0,LEC,9.423
Canadian Grand Prix,4.0,STR,18.229
Canadian Grand Prix,4.0,TSU,16.989
Canadian Grand Prix,4.0,ALB,13.252
Canadian Grand Prix,4.0,HUL,11.054
Canadian Grand Prix,4.0,LAW,19.378
Canadian Grand Prix,4.0,OCO,14.466
Canadian Grand Prix,4.0,NOR,7.32
Canadian Grand Prix,4.0,COL,12.037
Canadian Grand Prix,4.0,HAM,5.336
Canadian Grand Prix,4.0,BOR,14.983
Canadian Grand Prix,4.0,SAI,15.828
Canadian Grand Prix,4.0,HAD,12.631
Canadian Grand Prix,4.0,RUS,0.0
Canadian Grand Prix,4.0,PIA,4.172
Canadian Grand Prix,4.0,BEA,13.957
Canadian Grand Prix,5.0,VER,0.551
Canadian Grand Prix,5.0,GAS,23.06
Canadian Grand Prix,5.0,ANT,2.988
Canadian Grand Prix,5.0,ALO,6.856
Canadian Grand Prix,5.0,LEC,11.189
Canadian Grand Prix,5.0,STR,20.299
Canadian Grand Prix,5.0,TSU,18.575
Canadian Grand Prix,5.0,ALB,14.953
Canadian Grand Prix,5.0,HUL,12.591
Canadian Grand Prix,5.0,LAW,21.567
Canadian Grand Prix,5.0,OCO,16.151
Canadian Grand Prix,5.0,NOR,8.408
Canadian Grand Prix,5.0,COL,13.535
Canadian Grand Prix,5.0,HAM,6.035
Canadian Grand Prix,5.0,BOR,16.764
Canadian Grand Prix,5.0,SAI,17.337
Canadian Grand Prix,5.0,HAD,14.021
Canadian Grand Prix,5.0,RUS,0.0
Canadian Grand Prix,5.0,PIA,4.761
Canadian Grand Prix,5.0,BEA,15.508
Canadian Grand Prix,6.0,VER,1.098
Canadian Grand Prix,6.0,GAS,24.936
Canadian Grand Prix,6.0,ANT,3.163
Canadian Grand Prix,6.0,ALO,7.382
Canadian Grand Prix,6.0,LEC,12.013
Canadian Grand Prix,6.0,STR,21.911
Canadian Grand Prix,6.0,TSU,19.948
Canadian Grand Prix,6.0,ALB,16.271
Canadian Grand Prix,6.0,HUL,13.902
Canadian Grand Prix,6.0,LAW,23.262
Canadian Grand Prix,6.0,OCO,17.526
Canadian Grand Prix,6.0,NOR,9.081
Canadian Grand Prix,6.0,COL,14.953
Canadian Grand Prix,6.0,HAM,6.557
Canadian Grand Prix,6.0,BOR,18.029
Canadian Grand Prix,6.0,SAI,18.964
Canadian Grand Prix,6.0,HAD,15.499
Canadian Grand Prix,6.0,RUS,0.0
Canadian Grand Prix,6.0,PIA,4.986
Canadian Grand Prix,6.0,BEA,16.914
Canadian Grand Prix,7.0,VER,1.314
Canadian Grand Prix,7.0,GAS,26.315
Canadian Grand Prix,7.0,ANT,3.074
Canadian Grand Prix,7.0,ALO,7.55
Canadian Grand Prix,7.0,LEC,12.943
Canadian Grand Prix,7.0,STR,23.003
Canadian Grand Prix,7.0,TSU,21.08
Canadian Grand Prix,7.0,ALB,17.199
Canadian Grand Prix,7.0,HUL,14.505
Canadian Grand Prix,7.0,LAW,24.511
Canadian Grand Prix,7.0,OCO,18.552
Canadian Grand Prix,7.0,NOR,9.363
Canadian Grand Prix,7.0,COL,16.015
Canadian Grand Prix,7.0,HAM,6.671
Canadian Grand Prix,7.0,BOR,19.196
Canadian Grand Prix,7.0,SAI,20.214
Canadian Grand Prix,7.0,HAD,16.527
Canadian Grand Prix,7.0,RUS,0.0
Canadian Grand Prix,7.0,PIA,5.058
Canadian Grand Prix,7.0,BEA,17.826999999999998
Canadian Grand Prix,8.0,VER,1.541
Canadian Grand Prix,8.0,GAS,27.601
Canadian Grand Prix,8.0,ANT,3.097
Canadian Grand Prix,8.0,ALO,7.506
Canadian Grand Prix,8.0,LEC,12.96
Canadian Grand Prix,8.0,STR,24.226
Canadian Grand Prix,8.0,TSU,22.237
Canadian Grand Prix,8.0,ALB,18.286
Canadian Grand Prix,8.0,HUL,15.442
Canadian Grand Prix,8.0,LAW,25.615
Canadian Grand Prix,8.0,OCO,19.636
Canadian Grand Prix,8.0,NOR,9.438
Canadian Grand Prix,8.0,COL,16.864
Canadian Grand Prix,8.0,HAM,6.691
Canadian Grand Prix,8.0,BOR,20.355
Canadian Grand Prix,8.0,SAI,21.081
Canadian Grand Prix,8.0,HAD,17.415
Canadian Grand Prix,8.0,RUS,0.0
Canadian Grand Prix,8.0,PIA,5.026
Canadian Grand Prix,8.0,BEA,18.905
Canadian Grand Prix,9.0,VER,1.6949999999999998
Canadian Grand Prix,9.0,GAS,28.82
Canadian Grand Prix,9.0,ANT,2.928
Canadian Grand Prix,9.0,ALO,8.106
Canadian Grand Prix,9.0,LEC,13.212
Canadian Grand Prix,9.0,STR,25.275
Canadian Grand Prix,9.0,TSU,23.074
Canadian Grand Prix,9.0,ALB,18.953
Canadian Grand Prix,9.0,HUL,15.88
Canadian Grand Prix,9.0,LAW,26.995
Canadian Grand Prix,9.0,OCO,20.438
Canadian Grand Prix,9.0,NOR,9.534
Canadian Grand Prix,9.0,COL,17.661
Canadian Grand Prix,9.0,HAM,6.74
Canadian Grand Prix,9.0,BOR,21.21
Canadian Grand Prix,9.0,SAI,21.706
Canadian Grand Prix,9.0,HAD,18.188
Canadian Grand Prix,9.0,RUS,0.0
Canadian Grand Prix,9.0,PIA,5.132
Canadian Grand Prix,9.0,BEA,19.596
Canadian Grand Prix,10.0,VER,1.837
Canadian Grand Prix,10.0,GAS,30.054
Canadian Grand Prix,10.0,ANT,2.952
Canadian Grand Prix,10.0,ALO,9.489
Canadian Grand Prix,10.0,LEC,13.762
Canadian Grand Prix,10.0,STR,26.218
Canadian Grand Prix,10.0,TSU,23.627
Canadian Grand Prix,10.0,ALB,19.822
Canadian Grand Prix,10.0,HUL,16.574
Canadian Grand Prix,10.0,LAW,27.809
Canadian Grand Prix,10.0,OCO,21.179
Canadian Grand Prix,10.0,NOR,9.774000000000001
Canadian Grand Prix,10.0,COL,18.759
Canadian Grand Prix,10.0,HAM,6.912
Canadian Grand Prix,10.0,BOR,21.863
Canadian Grand Prix,10.0,SAI,22.669
Canadian Grand Prix,10.0,HAD,19.355
Canadian Grand Prix,10.0,RUS,0.0
Canadian Grand Prix,10.0,PIA,5.369
Canadian Grand Prix,10.0,BEA,20.437
Canadian Grand Prix,11.0,VER,2.27
Canadian Grand Prix,11.0,GAS,31.061
Canadian Grand Prix,11.0,ANT,2.721
Canadian Grand Prix,11.0,ALO,11.265
Canadian Grand Prix,11.0,LEC,13.878
Canadian Grand Prix,11.0,STR,27.054
Canadian Grand Prix,11.0,TSU,24.431
Canadian Grand Prix,11.0,ALB,21.287
Canadian Grand Prix,11.0,HUL,17.529
Canadian Grand Prix,11.0,LAW,28.621
Canadian Grand Prix,11.0,OCO,22.35
Canadian Grand Prix,11.0,NOR,10.498
Canadian Grand Prix,11.0,COL,19.854
Canadian Grand Prix,11.0,HAM,7.08
Canadian Grand Prix,11.0,BOR,22.895
Canadian Grand Prix,11.0,SAI,23.409
Canadian Grand Prix,11.0,HAD,21.013
Canadian Grand Prix,11.0,RUS,0.0
Canadian Grand Prix,11.0,PIA,5.41
Canadian Grand Prix,11.0,BEA,21.937
Canadian Grand Prix,12.0,VER,18.665
Canadian Grand Prix,12.0,GAS,31.93
Canadian Grand Prix,12.0,ANT,2.996
Canadian Grand Prix,12.0,ALO,12.8
Canadian Grand Prix,12.0,LEC,14.161
Canadian Grand Prix,12.0,STR,28.143
Canadian Grand Prix,12.0,TSU,25.766
Canadian Grand Prix,12.0,ALB,22.922
Canadian Grand Prix,12.0,HUL,17.951
Canadian Grand Prix,12.0,LAW,29.587
Canadian Grand Prix,12.0,OCO,23.93
Canadian Grand Prix,12.0,NOR,10.494
Canadian Grand Prix,12.0,COL,21.349
Canadian Grand Prix,12.0,HAM,7.704
Canadian Grand Prix,12.0,BOR,24.412
Canadian Grand Prix,12.0,SAI,24.932
Canadian Grand Prix,12.0,HAD,23.451
Canadian Grand Prix,12.0,RUS,0.0
Canadian Grand Prix,12.0,PIA,5.632
Canadian Grand Prix,12.0,BEA,23.85
Canadian Grand Prix,13.0,VER,16.987
Canadian Grand Prix,13.0,GAS,29.104
Canadian Grand Prix,13.0,ANT,0.0
Canadian Grand Prix,13.0,ALO,10.624
Canadian Grand Prix,13.0,LEC,10.095
Canadian Grand Prix,13.0,STR,25.527
Canadian Grand Prix,13.0,TSU,24.28
Canadian Grand Prix,13.0,ALB,20.081
Canadian Grand Prix,13.0,HUL,14.459
Canadian Grand Prix,13.0,LAW,26.964
Canadian Grand Prix,13.0,OCO,21.968
Canadian Grand Prix,13.0,NOR,6.144
Canadian Grand Prix,13.0,COL,18.503
Canadian Grand Prix,13.0,HAM,4.186
Canadian Grand Prix,13.0,BOR,23.288
Canadian Grand Prix,13.0,SAI,23.688
Canadian Grand Prix,13.0,HAD,39.39
Canadian Grand Prix,13.0,RUS,11.625
Canadian Grand Prix,13.0,PIA,1.88
Canadian Grand Prix,13.0,BEA,22.841
Canadian Grand Prix,14.0,VER,14.027
Canadian Grand Prix,14.0,GAS,28.276
Canadian Grand Prix,14.0,ANT,14.207
Canadian Grand Prix,14.0,ALO,10.511
Canadian Grand Prix,14.0,LEC,7.9190000000000005
Canadian Grand Prix,14.0,STR,24.986
Canadian Grand Prix,14.0,TSU,24.238
Canadian Grand Prix,14.0,ALB,19.088
Canadian Grand Prix,14.0,HUL,13.293
Canadian Grand Prix,14.0,LAW,26.365
Canadian Grand Prix,14.0,OCO,20.97
Canadian Grand Prix,14.0,NOR,3.698
Canadian Grand Prix,14.0,COL,34.704
Canadian Grand Prix,14.0,HAM,2.769
Canadian Grand Prix,14.0,BOR,22.58
Canadian Grand Prix,14.0,SAI,23.535
Canadian Grand Prix,14.0,HAD,40.783
Canadian Grand Prix,14.0,RUS,11.478
Canadian Grand Prix,14.0,PIA,0.0
Canadian Grand Prix,14.0,BEA,22.384
Canadian Grand Prix,15.0,VER,13.194
Canadian Grand Prix,15.0,GAS,28.942
Canadian Grand Prix,15.0,ANT,16.778
Canadian Grand Prix,15.0,ALO,28.708
Canadian Grand Prix,15.0,LEC,7.091
Canadian Grand Prix,15.0,STR,26.375
Canadian Grand Prix,15.0,TSU,24.947
Canadian Grand Prix,15.0,ALB,20.0
Canadian Grand Prix,15.0,HUL,14.047
Canadian Grand Prix,15.0,LAW,27.541
Canadian Grand Prix,15.0,OCO,21.749
Canadian Grand Prix,15.0,NOR,3.609
Canadian Grand Prix,15.0,COL,38.309
Canadian Grand Prix,15.0,HAM,20.549
Canadian Grand Prix,15.0,BOR,23.473
Canadian Grand Prix,15.0,SAI,24.213
Canadian Grand Prix,15.0,HAD,41.128
Canadian Grand Prix,15.0,RUS,11.109
Canadian Grand Prix,15.0,PIA,0.0
Canadian Grand Prix,15.0,BEA,23.081
Canadian Grand Prix,16.0,VER,9.002
Canadian Grand Prix,16.0,GAS,26.786
Canadian Grand Prix,16.0,ANT,12.571
Canadian Grand Prix,16.0,ALO,28.353
Canadian Grand Prix,16.0,LEC,3.482
Canadian Grand Prix,16.0,STR,24.464
Canadian Grand Prix,16.0,TSU,22.68
Canadian Grand Prix,16.0,ALB,17.844
Canadian Grand Prix,16.0,HUL,11.993
Canadian Grand Prix,16.0,LAW,25.553
Canadian Grand Prix,16.0,OCO,19.25
Canadian Grand Prix,16.0,NOR,0.0
Canadian Grand Prix,16.0,COL,35.815
Canadian Grand Prix,16.0,HAM,20.539
Canadian Grand Prix,16.0,BOR,23.002
Canadian Grand Prix,16.0,SAI,21.853
Canadian Grand Prix,16.0,HAD,38.371
Canadian Grand Prix,16.0,RUS,6.779
Canadian Grand Prix,16.0,PIA,12.62
Canadian Grand Prix,16.0,BEA,21.369
Canadian Grand Prix,17.0,VER,8.625
Canadian Grand Prix,17.0,GAS,28.233
Canadian Grand Prix,17.0,ANT,13.193
Canadian Grand Prix,17.0,ALO,28.563
Canadian Grand Prix,17.0,LEC,3.243
Canadian Grand Prix,17.0,STR,26.08
Canadian Grand Prix,17.0,TSU,24.204
Canadian Grand Prix,17.0,ALB,19.717
Canadian Grand Prix,17.0,HUL,13.921
Canadian Grand Prix,17.0,LAW,27.158
Canadian Grand Prix,17.0,OCO,20.701
Canadian Grand Prix,17.0,NOR,0.0
Canadian Grand Prix,17.0,COL,36.991
Canadian Grand Prix,17.0,HAM,21.819
Canadian Grand Prix,17.0,BOR,24.92
Canadian Grand Prix,17.0,SAI,23.019
Canadian Grand Prix,17.0,HAD,39.431
Canadian Grand Prix,17.0,RUS,6.316
Canadian Grand Prix,17.0,PIA,16.053
Canadian Grand Prix,17.0,BEA,23.745
Canadian Grand Prix,18.0,VER,8.445
Canadian Grand Prix,18.0,GAS,29.193
Canadian Grand Prix,18.0,ANT,13.148
Canadian Grand Prix,18.0,ALO,29.607
Canadian Grand Prix,18.0,LEC,3.179
Canadian Grand Prix,18.0,STR,27.863
Canadian Grand Prix,18.0,TSU,25.92
Canadian Grand Prix,18.0,ALB,21.622
Canadian Grand Prix,18.0,HUL,16.276
Canadian Grand Prix,18.0,LAW,28.68
Canadian Grand Prix,18.0,OCO,22.098
Canadian Grand Prix,18.0,NOR,0.0
Canadian Grand Prix,18.0,COL,38.165
Canadian Grand Prix,18.0,HAM,22.492
Canadian Grand Prix,18.0,BOR,26.926
Canadian Grand Prix,18.0,SAI,24.03
Canadian Grand Prix,18.0,HAD,40.621
Canadian Grand Prix,18.0,RUS,6.045
Canadian Grand Prix,18.0,PIA,15.438
Canadian Grand Prix,18.0,BEA,42.625
Canadian Grand Prix,19.0,VER,7.932
Canadian Grand Prix,19.0,GAS,31.162
Canadian Grand Prix,19.0,ANT,12.88
Canadian Grand Prix,19.0,ALO,30.377
Canadian Grand Prix,19.0,LEC,3.099
Canadian Grand Prix,19.0,STR,29.391
Canadian Grand Prix,19.0,TSU,27.151
Canadian Grand Prix,19.0,ALB,24.179
Canadian Grand Prix,19.0,HUL,34.394
Canadian Grand Prix,19.0,LAW,30.108
Canadian Grand Prix,19.0,OCO,23.523
Canadian Grand Prix,19.0,NOR,0.0
Canadian Grand Prix,19.0,COL,39.024
Canadian Grand Prix,19.0,HAM,24.199
Canadian Grand Prix,19.0,BOR,28.651
Canadian Grand Prix,19.0,SAI,24.807
Canadian Grand Prix,19.0,HAD,41.665
Canadian Grand Prix,19.0,RUS,5.635
Canadian Grand Prix,19.0,PIA,15.843
Canadian Grand Prix,19.0,BEA,46.371
Canadian Grand Prix,20.0,VER,7.333
Canadian Grand Prix,20.0,GAS,32.596
Canadian Grand Prix,20.0,ANT,12.448
Canadian Grand Prix,20.0,ALO,31.723
Canadian Grand Prix,20.0,LEC,2.839
Canadian Grand Prix,20.0,STR,30.956
Canadian Grand Prix,20.0,TSU,28.456
Canadian Grand Prix,20.0,ALB,27.893
Canadian Grand Prix,20.0,HUL,38.267
Canadian Grand Prix,20.0,LAW,32.531
Canadian Grand Prix,20.0,OCO,25.39
Canadian Grand Prix,20.0,NOR,0.0
Canadian Grand Prix,20.0,COL,40.16
Canadian Grand Prix,20.0,HAM,24.936
Canadian Grand Prix,20.0,BOR,29.908
Canadian Grand Prix,20.0,SAI,26.668
Canadian Grand Prix,20.0,HAD,42.496
Canadian Grand Prix,20.0,RUS,5.139
Canadian Grand Prix,20.0,PIA,15.361
Canadian Grand Prix,20.0,BEA,46.538
Canadian Grand Prix,21.0,VER,6.862
Canadian Grand Prix,21.0,GAS,35.3
Canadian Grand Prix,21.0,ANT,12.036
Canadian Grand Prix,21.0,ALO,33.302
Canadian Grand Prix,21.0,LEC,2.893
Canadian Grand Prix,21.0,STR,34.099
Canadian Grand Prix,21.0,TSU,30.518
Canadian Grand Prix,21.0,ALB,30.951
Canadian Grand Prix,21.0,HUL,39.518
Canadian Grand Prix,21.0,LAW,34.865
Canadian Grand Prix,21.0,OCO,26.706
Canadian Grand Prix,21.0,NOR,0.0
Canadian Grand Prix,21.0,COL,41.418
Canadian Grand Prix,21.0,HAM,25.398
Canadian Grand Prix,21.0,BOR,31.953
Canadian Grand Prix,21.0,SAI,27.678
Canadian Grand Prix,21.0,HAD,43.378
Canadian Grand Prix,21.0,RUS,4.966
Canadian Grand Prix,21.0,PIA,15.001
Canadian Grand Prix,21.0,BEA,47.535
Canadian Grand Prix,22.0,VER,6.242
Canadian Grand Prix,22.0,GAS,37.03
Canadian Grand Prix,22.0,ANT,11.641
Canadian Grand Prix,22.0,ALO,34.254
Canadian Grand Prix,22.0,LEC,3.05
Canadian Grand Prix,22.0,STR,35.718
Canadian Grand Prix,22.0,TSU,31.912
Canadian Grand Prix,22.0,ALB,34.078
Canadian Grand Prix,22.0,HUL,40.925
Canadian Grand Prix,22.0,LAW,36.555
Canadian Grand Prix,22.0,OCO,27.526
Canadian Grand Prix,22.0,NOR,0.0
Canadian Grand Prix,22.0,COL,42.832
Canadian Grand Prix,22.0,HAM,25.66
Canadian Grand Prix,22.0,BOR,33.484
Canadian Grand Prix,22.0,SAI,28.589
Canadian Grand Prix,22.0,HAD,44.194
Canadian Grand Prix,22.0,RUS,4.719
Canadian Grand Prix,22.0,PIA,14.714
Canadian Grand Prix,22.0,BEA,48.102
Canadian Grand Prix,23.0,VER,5.925
Canadian Grand Prix,23.0,GAS,39.333
Canadian Grand Prix,23.0,ANT,11.649000000000001
Canadian Grand Prix,23.0,ALO,34.905
Canadian Grand Prix,23.0,LEC,3.062
Canadian Grand Prix,23.0,STR,38.129
Canadian Grand Prix,23.0,TSU,33.205
Canadian Grand Prix,23.0,ALB,55.166
Canadian Grand Prix,23.0,HUL,42.36
Canadian Grand Prix,23.0,LAW,39.011
Canadian Grand Prix,23.0,OCO,28.396
Canadian Grand Prix,23.0,NOR,0.0
Canadian Grand Prix,23.0,COL,44.313
Canadian Grand Prix,23.0,HAM,25.948
Canadian Grand Prix,23.0,BOR,35.478
Canadian Grand Prix,23.0,SAI,29.74
Canadian Grand Prix,23.0,HAD,45.675
Canadian Grand Prix,23.0,RUS,4.571
Canadian Grand Prix,23.0,PIA,14.523
Canadian Grand Prix,23.0,BEA,48.647
Canadian Grand Prix,24.0,VER,5.541
Canadian Grand Prix,24.0,GAS,41.176
Canadian Grand Prix,24.0,ANT,11.386
Canadian Grand Prix,24.0,ALO,35.879
Canadian Grand Prix,24.0,LEC,3.034
Canadian Grand Prix,24.0,STR,55.785
Canadian Grand Prix,24.0,TSU,34.182
Canadian Grand Prix,24.0,ALB,59.847
Canadian Grand Prix,24.0,HUL,43.388
Canadian Grand Prix,24.0,LAW,40.461
Canadian Grand Prix,24.0,OCO,29.363
Canadian Grand Prix,24.0,NOR,0.0
Canadian Grand Prix,24.0,COL,45.675
Canadian Grand Prix,24.0,HAM,26.005
Canadian Grand Prix,24.0,BOR,37.753
Canadian Grand Prix,24.0,SAI,30.879
Canadian Grand Prix,24.0,HAD,46.941
Canadian Grand Prix,24.0,RUS,4.148
Canadian Grand Prix,24.0,PIA,14.14
Canadian Grand Prix,24.0,BEA,49.157
Canadian Grand Prix,25.0,VER,4.814
Canadian Grand Prix,25.0,GAS,41.93
Canadian Grand Prix,25.0,ANT,11.166
Canadian Grand Prix,25.0,ALO,36.102
Canadian Grand Prix,25.0,LEC,2.588
Canadian Grand Prix,25.0,STR,58.939
Canadian Grand Prix,25.0,TSU,34.846
Canadian Grand Prix,25.0,ALB,60.049
Canadian Grand Prix,25.0,HUL,44.281
Canadian Grand Prix,25.0,LAW,41.515
Canadian Grand Prix,25.0,OCO,30.135
Canadian Grand Prix,25.0,NOR,0.0
Canadian Grand Prix,25.0,COL,46.318
Canadian Grand Prix,25.0,HAM,26.129
Canadian Grand Prix,25.0,BOR,39.404
Canadian Grand Prix,25.0,SAI,31.808
Canadian Grand Prix,25.0,HAD,47.561
Canadian Grand Prix,25.0,RUS,3.246
Canadian Grand Prix,25.0,PIA,13.578
Canadian Grand Prix,25.0,BEA,49.492
Canadian Grand Prix,26.0,VER,4.175
Canadian Grand Prix,26.0,GAS,43.027
Canadian Grand Prix,26.0,ANT,10.541
Canadian Grand Prix,26.0,ALO,36.401
Canadian Grand Prix,26.0,LEC,2.775
Canadian Grand Prix,26.0,STR,59.162
Canadian Grand Prix,26.0,TSU,35.757
Canadian Grand Prix,26.0,ALB,60.429
Canadian Grand Prix,26.0,HUL,45.386
Canadian Grand Prix,26.0,LAW,42.701
Canadian Grand Prix,26.0,OCO,31.397
Canadian Grand Prix,26.0,NOR,0.0
Canadian Grand Prix,26.0,COL,47.361
Canadian Grand Prix,26.0,HAM,26.004
Canadian Grand Prix,26.0,BOR,40.987
Canadian Grand Prix,26.0,SAI,32.745
Canadian Grand Prix,26.0,HAD,48.163
Canadian Grand Prix,26.0,RUS,2.191
Canadian Grand Prix,26.0,PIA,12.988
Canadian Grand Prix,26.0,BEA,49.679
Canadian Grand Prix,27.0,VER,3.318
Canadian Grand Prix,27.0,GAS,44.316
Canadian Grand Prix,27.0,ANT,9.885
Canadian Grand Prix,27.0,ALO,37.029
Canadian Grand Prix,27.0,LEC,2.9459999999999997
Canadian Grand Prix,27.0,STR,59.558
Canadian Grand Prix,27.0,TSU,36.863
Canadian Grand Prix,27.0,ALB,60.62
Canadian Grand Prix,27.0,HUL,46.53
Canadian Grand Prix,27.0,LAW,43.942
Canadian Grand Prix,27.0,OCO,32.416
Canadian Grand Prix,27.0,NOR,0.0
Canadian Grand Prix,27.0,COL,48.357
Canadian Grand Prix,27.0,HAM,25.566
Canadian Grand Prix,27.0,BOR,42.541
Canadian Grand Prix,27.0,SAI,33.724
Canadian Grand Prix,27.0,HAD,49.155
Canadian Grand Prix,27.0,RUS,1.913
Canadian Grand Prix,27.0,PIA,12.361
Canadian Grand Prix,27.0,BEA,50.066
Canadian Grand Prix,28.0,VER,3.302
Canadian Grand Prix,28.0,GAS,45.81
Canadian Grand Prix,28.0,ANT,9.303
Canadian Grand Prix,28.0,ALO,38.008
Canadian Grand Prix,28.0,LEC,18.729
Canadian Grand Prix,28.0,STR,59.703
Canadian Grand Prix,28.0,TSU,38.559
Canadian Grand Prix,28.0,ALB,61.125
Canadian Grand Prix,28.0,HUL,47.635
Canadian Grand Prix,28.0,LAW,45.401
Canadian Grand Prix,28.0,OCO,33.531
Canadian Grand Prix,28.0,NOR,0.0
Canadian Grand Prix,28.0,COL,49.352
Canadian Grand Prix,28.0,HAM,25.511
Canadian Grand Prix,28.0,BOR,43.959
Canadian Grand Prix,28.0,SAI,35.569
Canadian Grand Prix,28.0,HAD,49.877
Canadian Grand Prix,28.0,RUS,1.488
Canadian Grand Prix,28.0,PIA,11.759
Canadian Grand Prix,28.0,BEA,50.361
Canadian Grand Prix,29.0,VER,1.893
Canadian Grand Prix,29.0,GAS,46.213
Canadian Grand Prix,29.0,ANT,7.519
Canadian Grand Prix,29.0,ALO,38.016
Canadian Grand Prix,29.0,LEC,20.257
Canadian Grand Prix,29.0,STR,58.882
Canadian Grand Prix,29.0,TSU,38.93
Canadian Grand Prix,29.0,ALB,60.284
Canadian Grand Prix,29.0,HUL,47.459
Canadian Grand Prix,29.0,LAW,45.825
Canadian Grand Prix,29.0,OCO,33.341
Canadian Grand Prix,29.0,NOR,14.737
Canadian Grand Prix,29.0,COL,49.092
Canadian Grand Prix,29.0,HAM,24.254
Canadian Grand Prix,29.0,BOR,44.274
Canadian Grand Prix,29.0,SAI,35.586
Canadian Grand Prix,29.0,HAD,49.55
Canadian Grand Prix,29.0,RUS,0.0
Canadian Grand Prix,29.0,PIA,10.024
Canadian Grand Prix,29.0,BEA,49.946
Canadian Grand Prix,30.0,VER,2.278
Canadian Grand Prix,30.0,GAS,48.252
Canadian Grand Prix,30.0,ANT,7.276
Canadian Grand Prix,30.0,ALO,38.848
Canadian Grand Prix,30.0,LEC,20.284
Canadian Grand Prix,30.0,STR,59.748
Canadian Grand Prix,30.0,TSU,41.184
Canadian Grand Prix,30.0,ALB,61.122
Canadian Grand Prix,30.0,HUL,48.864
Canadian Grand Prix,30.0,LAW,47.782
Canadian Grand Prix,30.0,OCO,35.024
Canadian Grand Prix,30.0,NOR,17.261
Canadian Grand Prix,30.0,COL,50.414
Canadian Grand Prix,30.0,HAM,24.869
Canadian Grand Prix,30.0,BOR,46.156
Canadian Grand Prix,30.0,SAI,37.32
Canadian Grand Prix,30.0,HAD,50.744
Canadian Grand Prix,30.0,RUS,0.0
Canadian Grand Prix,30.0,PIA,9.648
Canadian Grand Prix,30.0,BEA,51.467
Canadian Grand Prix,31.0,VER,2.539
Canadian Grand Prix,31.0,GAS,50.266
Canadian Grand Prix,31.0,ANT,7.316
Canadian Grand Prix,31.0,ALO,39.77
Canadian Grand Prix,31.0,LEC,20.211
Canadian Grand Prix,31.0,STR,60.503
Canadian Grand Prix,31.0,TSU,43.127
Canadian Grand Prix,31.0,ALB,61.755
Canadian Grand Prix,31.0,HUL,50.803
Canadian Grand Prix,31.0,LAW,49.88
Canadian Grand Prix,31.0,OCO,36.639
Canadian Grand Prix,31.0,NOR,16.951999999999998
Canadian Grand Prix,31.0,COL,51.612
Canadian Grand Prix,31.0,HAM,25.49
Canadian Grand Prix,31.0,BOR,48.137
Canadian Grand Prix,31.0,SAI,38.711
Canadian Grand Prix,31.0,HAD,52.304
Canadian Grand Prix,31.0,RUS,0.0
Canadian Grand Prix,31.0,PIA,9.457
Canadian Grand Prix,31.0,BEA,52.751
Canadian Grand Prix,32.0,VER,2.9619999999999997
Canadian Grand Prix,32.0,GAS,52.824
Canadian Grand Prix,32.0,ANT,7.288
Canadian Grand Prix,32.0,ALO,40.847
Canadian Grand Prix,32.0,LEC,20.124
Canadian Grand Prix,32.0,STR,61.441
Canadian Grand Prix,32.0,TSU,44.913
Canadian Grand Prix,32.0,ALB,62.735
Canadian Grand Prix,32.0,HUL,53.22
Canadian Grand Prix,32.0,LAW,52.187
Canadian Grand Prix,32.0,OCO,38.456
Canadian Grand Prix,32.0,NOR,16.807
Canadian Grand Prix,32.0,COL,53.767
Canadian Grand Prix,32.0,HAM,25.871
Canadian Grand Prix,32.0,BOR,50.416
Canadian Grand Prix,32.0,SAI,40.407
Canadian Grand Prix,32.0,HAD,54.331
Canadian Grand Prix,32.0,RUS,0.0
Canadian Grand Prix,32.0,PIA,9.45
Canadian Grand Prix,32.0,BEA,57.038
Canadian Grand Prix,33.0,VER,3.561
Canadian Grand Prix,33.0,GAS,54.74
Canadian Grand Prix,33.0,ANT,7.126
Canadian Grand Prix,33.0,ALO,42.408
Canadian Grand Prix,33.0,LEC,19.834
Canadian Grand Prix,33.0,STR,62.191
Canadian Grand Prix,33.0,TSU,46.55
Canadian Grand Prix,33.0,ALB,63.372
Canadian Grand Prix,33.0,HUL,55.048
Canadian Grand Prix,33.0,LAW,54.153
Canadian Grand Prix,33.0,OCO,40.069
Canadian Grand Prix,33.0,NOR,16.404
Canadian Grand Prix,33.0,COL,55.845
Canadian Grand Prix,33.0,HAM,26.16
Canadian Grand Prix,33.0,BOR,52.353
Canadian Grand Prix,33.0,SAI,42.957
Canadian Grand Prix,33.0,HAD,56.223
Canadian Grand Prix,33.0,RUS,0.0
Canadian Grand Prix,33.0,PIA,9.3
Canadian Grand Prix,33.0,BEA,58.853
Canadian Grand Prix,34.0,VER,4.062
Canadian Grand Prix,34.0,GAS,57.112
Canadian Grand Prix,34.0,ANT,7.024
Canadian Grand Prix,34.0,ALO,43.949
Canadian Grand Prix,34.0,LEC,19.644
Canadian Grand Prix,34.0,STR,62.914
Canadian Grand Prix,34.0,TSU,48.469
Canadian Grand Prix,34.0,ALB,64.062
Canadian Grand Prix,34.0,HUL,56.625
Canadian Grand Prix,34.0,LAW,56.372
Canadian Grand Prix,34.0,OCO,41.937
Canadian Grand Prix,34.0,NOR,15.855
Canadian Grand Prix,34.0,COL,57.744
Canadian Grand Prix,34.0,HAM,26.481
Canadian Grand Prix,34.0,BOR,54.564
Canadian Grand Prix,34.0,SAI,44.791
Canadian Grand Prix,34.0,HAD,58.077
Canadian Grand Prix,34.0,RUS,0.0
Canadian Grand Prix,34.0,PIA,9.072
Canadian Grand Prix,34.0,BEA,59.942
Canadian Grand Prix,35.0,VER,4.707
Canadian Grand Prix,35.0,GAS,60.148
Canadian Grand Prix,35.0,ANT,6.808
Canadian Grand Prix,35.0,ALO,44.951
Canadian Grand Prix,35.0,LEC,19.399
Canadian Grand Prix,35.0,STR,63.553
Canadian Grand Prix,35.0,TSU,50.382
Canadian Grand Prix,35.0,ALB,65.048
Canadian Grand Prix,35.0,HUL,58.114
Canadian Grand Prix,35.0,LAW,58.616
Canadian Grand Prix,35.0,OCO,43.699
Canadian Grand Prix,35.0,NOR,15.243
Canadian Grand Prix,35.0,COL,59.714
Canadian Grand Prix,35.0,HAM,26.731
Canadian Grand Prix,35.0,BOR,56.599
Canadian Grand Prix,35.0,SAI,47.124
Canadian Grand Prix,35.0,HAD,60.421
Canadian Grand Prix,35.0,RUS,0.0
Canadian Grand Prix,35.0,PIA,8.938
Canadian Grand Prix,35.0,BEA,61.324
Canadian Grand Prix,36.0,VER,5.257
Canadian Grand Prix,36.0,GAS,61.817
Canadian Grand Prix,36.0,ANT,6.68
Canadian Grand Prix,36.0,ALO,45.811
Canadian Grand Prix,36.0,LEC,19.351
Canadian Grand Prix,36.0,STR,64.37
Canadian Grand Prix,36.0,TSU,52.278
Canadian Grand Prix,36.0,ALB,65.8
Canadian Grand Prix,36.0,HUL,58.962
Canadian Grand Prix,36.0,LAW,60.793
Canadian Grand Prix,36.0,OCO,45.278
Canadian Grand Prix,36.0,NOR,14.883
Canadian Grand Prix,36.0,COL,61.218
Canadian Grand Prix,36.0,HAM,27.109
Canadian Grand Prix,36.0,BOR,58.593
Canadian Grand Prix,36.0,SAI,48.949
Canadian Grand Prix,36.0,HAD,62.183
Canadian Grand Prix,36.0,RUS,0.0
Canadian Grand Prix,36.0,PIA,9.082
Canadian Grand Prix,36.0,BEA,62.874
Canadian Grand Prix,37.0,VER,21.64
Canadian Grand Prix,37.0,GAS,63.861
Canadian Grand Prix,37.0,ANT,6.763
Canadian Grand Prix,37.0,ALO,47.066
Canadian Grand Prix,37.0,LEC,18.868
Canadian Grand Prix,37.0,STR,65.262
Canadian Grand Prix,37.0,TSU,54.135
Canadian Grand Prix,37.0,ALB,66.679
Canadian Grand Prix,37.0,HUL,60.563
Canadian Grand Prix,37.0,LAW,63.45
Canadian Grand Prix,37.0,OCO,47.532
Canadian Grand Prix,37.0,NOR,14.595
Canadian Grand Prix,37.0,COL,62.82
Canadian Grand Prix,37.0,HAM,27.6
Canadian Grand Prix,37.0,BOR,61.394
Canadian Grand Prix,37.0,SAI,50.676
Canadian Grand Prix,37.0,HAD,64.222
Canadian Grand Prix,37.0,RUS,0.0
Canadian Grand Prix,37.0,PIA,8.801
Canadian Grand Prix,37.0,BEA,64.55
Canadian Grand Prix,38.0,VER,24.794
Canadian Grand Prix,38.0,GAS,66.395
Canadian Grand Prix,38.0,ANT,22.257
Canadian Grand Prix,38.0,ALO,48.175
Canadian Grand Prix,38.0,LEC,18.39
Canadian Grand Prix,38.0,STR,67.734
Canadian Grand Prix,38.0,TSU,55.972
Canadian Grand Prix,38.0,ALB,68.112
Canadian Grand Prix,38.0,HUL,61.67
Canadian Grand Prix,38.0,LAW,81.87
Canadian Grand Prix,38.0,OCO,49.879
Canadian Grand Prix,38.0,NOR,14.188
Canadian Grand Prix,38.0,COL,65.25
Canadian Grand Prix,38.0,HAM,27.778
Canadian Grand Prix,38.0,BOR,63.703
Canadian Grand Prix,38.0,SAI,52.439
Canadian Grand Prix,38.0,HAD,66.778
Canadian Grand Prix,38.0,RUS,0.0
Canadian Grand Prix,38.0,PIA,8.434
Canadian Grand Prix,38.0,BEA,67.266
Canadian Grand Prix,39.0,VER,24.271
Canadian Grand Prix,39.0,GAS,67.711
Canadian Grand Prix,39.0,ANT,25.599
Canadian Grand Prix,39.0,ALO,48.774
Canadian Grand Prix,39.0,LEC,17.595
Canadian Grand Prix,39.0,STR,69.188
Canadian Grand Prix,39.0,TSU,57.551
Canadian Grand Prix,39.0,ALB,69.614
Canadian Grand Prix,39.0,HUL,62.728
Canadian Grand Prix,39.0,LAW,86.875
Canadian Grand Prix,39.0,OCO,51.148
Canadian Grand Prix,39.0,NOR,13.147
Canadian Grand Prix,39.0,COL,65.709
Canadian Grand Prix,39.0,HAM,28.009
Canadian Grand Prix,39.0,BOR,65.202
Canadian Grand Prix,39.0,SAI,53.9
Canadian Grand Prix,39.0,HAD,68.181
Canadian Grand Prix,39.0,RUS,0.0
Canadian Grand Prix,39.0,PIA,8.33
Canadian Grand Prix,39.0,BEA,68.527
Canadian Grand Prix,40.0,VER,24.021
Canadian Grand Prix,40.0,GAS,69.056
Canadian Grand Prix,40.0,ANT,25.238
Canadian Grand Prix,40.0,ALO,49.417
Canadian Grand Prix,40.0,LEC,17.12
Canadian Grand Prix,40.0,STR,70.449
Canadian Grand Prix,40.0,TSU,59.172
Canadian Grand Prix,40.0,ALB,71.053
Canadian Grand Prix,40.0,HUL,63.563
Canadian Grand Prix,40.0,LAW,88.965
Canadian Grand Prix,40.0,OCO,52.416
Canadian Grand Prix,40.0,NOR,12.285
Canadian Grand Prix,40.0,COL,67.142
Canadian Grand Prix,40.0,HAM,28.388
Canadian Grand Prix,40.0,BOR,66.695
Canadian Grand Prix,40.0,SAI,55.329
Canadian Grand Prix,40.0,HAD,69.483
Canadian Grand Prix,40.0,RUS,0.0
Canadian Grand Prix,40.0,PIA,8.39
Canadian Grand Prix,40.0,BEA,69.886
Canadian Grand Prix,41.0,VER,23.835
Canadian Grand Prix,41.0,GAS,70.717
Canadian Grand Prix,41.0,ANT,25.271
Canadian Grand Prix,41.0,ALO,50.135
Canadian Grand Prix,41.0,LEC,16.895
Canadian Grand Prix,41.0,STR,71.737
Canadian Grand Prix,41.0,TSU,60.903
Canadian Grand Prix,41.0,ALB,72.433
Canadian Grand Prix,41.0,HUL,64.424
Canadian Grand Prix,41.0,LAW,90.479
Canadian Grand Prix,41.0,OCO,53.844
Canadian Grand Prix,41.0,NOR,11.923
Canadian Grand Prix,41.0,COL,69.335
Canadian Grand Prix,41.0,HAM,29.134
Canadian Grand Prix,41.0,BOR,68.502
Canadian Grand Prix,41.0,SAI,56.612
Canadian Grand Prix,41.0,HAD,71.035
Canadian Grand Prix,41.0,RUS,0.0
Canadian Grand Prix,41.0,PIA,8.33
Canadian Grand Prix,41.0,BEA,71.222
Canadian Grand Prix,42.0,VER,15.411
Canadian Grand Prix,42.0,GAS,64.345
Canadian Grand Prix,42.0,ANT,16.973
Canadian Grand Prix,42.0,ALO,42.295
Canadian Grand Prix,42.0,LEC,8.443
Canadian Grand Prix,42.0,STR,65.398
Canadian Grand Prix,42.0,TSU,54.158
Canadian Grand Prix,42.0,ALB,67.073
Canadian Grand Prix,42.0,HUL,56.879
Canadian Grand Prix,42.0,LAW,83.935
Canadian Grand Prix,42.0,OCO,47.068
Canadian Grand Prix,42.0,NOR,3.179
Canadian Grand Prix,42.0,COL,62.71
Canadian Grand Prix,42.0,HAM,21.954
Canadian Grand Prix,42.0,BOR,62.293
Canadian Grand Prix,42.0,SAI,49.756
Canadian Grand Prix,42.0,HAD,64.169
Canadian Grand Prix,42.0,RUS,8.568999999999999
Canadian Grand Prix,42.0,PIA,0.0
Canadian Grand Prix,42.0,BEA,64.726
Canadian Grand Prix,43.0,VER,14.835
Canadian Grand Prix,43.0,GAS,66.444
Canadian Grand Prix,43.0,ANT,16.994
Canadian Grand Prix,43.0,ALO,42.649
Canadian Grand Prix,43.0,LEC,8.165
Canadian Grand Prix,43.0,STR,67.081
Canadian Grand Prix,43.0,TSU,55.447
Canadian Grand Prix,43.0,ALB,67.894
Canadian Grand Prix,43.0,HUL,57.401
Canadian Grand Prix,43.0,LAW,85.609
Canadian Grand Prix,43.0,OCO,48.154
Canadian Grand Prix,43.0,NOR,2.823
Canadian Grand Prix,43.0,COL,65.042
Canadian Grand Prix,43.0,HAM,22.883
Canadian Grand Prix,43.0,BOR,64.137
Canadian Grand Prix,43.0,SAI,51.227
Canadian Grand Prix,43.0,HAD,65.581
Canadian Grand Prix,43.0,RUS,11.406
Canadian Grand Prix,43.0,PIA,0.0
Canadian Grand Prix,43.0,BEA,66.15
Canadian Grand Prix,44.0,VER,14.511
Canadian Grand Prix,44.0,GAS,69.224
Canadian Grand Prix,44.0,ANT,16.482
Canadian Grand Prix,44.0,ALO,43.067
Canadian Grand Prix,44.0,LEC,7.529
Canadian Grand Prix,44.0,STR,68.87
Canadian Grand Prix,44.0,TSU,56.695
Canadian Grand Prix,44.0,ALB,70.408
Canadian Grand Prix,44.0,HUL,58.067
Canadian Grand Prix,44.0,LAW,87.592
Canadian Grand Prix,44.0,OCO,49.311
Canadian Grand Prix,44.0,NOR,2.8609999999999998
Canadian Grand Prix,44.0,COL,66.345
Canadian Grand Prix,44.0,HAM,23.949
Canadian Grand Prix,44.0,BOR,65.615
Canadian Grand Prix,44.0,SAI,52.367
Canadian Grand Prix,44.0,HAD,66.951
Canadian Grand Prix,44.0,RUS,10.966
Canadian Grand Prix,44.0,PIA,0.0
Canadian Grand Prix,44.0,BEA,67.241
Canadian Grand Prix,45.0,VER,11.092
Canadian Grand Prix,45.0,GAS,69.051
Canadian Grand Prix,45.0,ANT,13.185
Canadian Grand Prix,45.0,ALO,40.717
Canadian Grand Prix,45.0,LEC,5.228
Canadian Grand Prix,45.0,STR,67.282
Canadian Grand Prix,45.0,TSU,55.232
Canadian Grand Prix,45.0,ALB,69.014
Canadian Grand Prix,45.0,HUL,56.075
Canadian Grand Prix,45.0,LAW,86.351
Canadian Grand Prix,45.0,OCO,47.532
Canadian Grand Prix,45.0,NOR,0.0
Canadian Grand Prix,45.0,COL,64.921
Canadian Grand Prix,45.0,HAM,37.601
Canadian Grand Prix,45.0,BOR,64.194
Canadian Grand Prix,45.0,SAI,50.733
Canadian Grand Prix,45.0,HAD,66.583
Canadian Grand Prix,45.0,RUS,7.792
Canadian Grand Prix,45.0,PIA,12.703
Canadian Grand Prix,45.0,BEA,66.602
Canadian Grand Prix,46.0,VER,10.797
Canadian Grand Prix,46.0,GAS,71.245
Canadian Grand Prix,46.0,ANT,12.79
Canadian Grand Prix,46.0,ALO,41.577
Canadian Grand Prix,46.0,LEC,4.939
Canadian Grand Prix,46.0,STR,69.481
Canadian Grand Prix,46.0,TSU,56.699
Canadian Grand Prix,46.0,ALB,75.687
Canadian Grand Prix,46.0,HUL,56.874
Canadian Grand Prix,46.0,LAW,89.471
Canadian Grand Prix,46.0,OCO,48.848
Canadian Grand Prix,46.0,NOR,0.0
Canadian Grand Prix,46.0,COL,66.195
Canadian Grand Prix,46.0,HAM,40.745
Canadian Grand Prix,46.0,BOR,65.6
Canadian Grand Prix,46.0,SAI,52.122
Canadian Grand Prix,46.0,HAD,68.959
Canadian Grand Prix,46.0,RUS,7.607
Canadian Grand Prix,46.0,PIA,15.276
Canadian Grand Prix,46.0,BEA,68.718
Canadian Grand Prix,47.0,VER,5.764
Canadian Grand Prix,47.0,GAS,68.097
Canadian Grand Prix,47.0,ANT,7.647
Canadian Grand Prix,47.0,ALO,38.151
Canadian Grand Prix,47.0,LEC,0.0
Canadian Grand Prix,47.0,STR,66.722
Canadian Grand Prix,47.0,TSU,53.277
Canadian Grand Prix,47.0,ALB,145.315
Canadian Grand Prix,47.0,HUL,53.643
Canadian Grand Prix,47.0,LAW,86.747
Canadian Grand Prix,47.0,OCO,45.316
Canadian Grand Prix,47.0,NOR,11.238
Canadian Grand Prix,47.0,COL,62.654
Canadian Grand Prix,47.0,HAM,36.101
Canadian Grand Prix,47.0,BOR,62.31
Canadian Grand Prix,47.0,SAI,48.536
Canadian Grand Prix,47.0,HAD,66.382
Canadian Grand Prix,47.0,RUS,2.572
Canadian Grand Prix,47.0,PIA,9.8
Canadian Grand Prix,47.0,BEA,66.235
Canadian Grand Prix,48.0,VER,5.929
Canadian Grand Prix,48.0,GAS,69.94
Canadian Grand Prix,48.0,ANT,7.645
Canadian Grand Prix,48.0,ALO,40.507
Canadian Grand Prix,48.0,LEC,0.0
Canadian Grand Prix,48.0,STR,69.211
Canadian Grand Prix,48.0,TSU,55.103
Canadian Grand Prix,48.0,HUL,54.343
Canadian Grand Prix,48.0,LAW,88.877
Canadian Grand Prix,48.0,OCO,47.403
Canadian Grand Prix,48.0,NOR,14.053
Canadian Grand Prix,48.0,COL,64.825
Canadian Grand Prix,48.0,HAM,37.757
Canadian Grand Prix,48.0,BOR,64.39
Canadian Grand Prix,48.0,SAI,50.023
Canadian Grand Prix,48.0,HAD,68.653
Canadian Grand Prix,48.0,RUS,2.589
Canadian Grand Prix,48.0,PIA,9.838
Canadian Grand Prix,48.0,BEA,68.13
Canadian Grand Prix,49.0,VER,4.813
Canadian Grand Prix,49.0,GAS,70.503
Canadian Grand Prix,49.0,ANT,6.518
Canadian Grand Prix,49.0,ALO,41.319
Canadian Grand Prix,49.0,LEC,0.0
Canadian Grand Prix,49.0,STR,69.656
Canadian Grand Prix,49.0,TSU,56.28
Canadian Grand Prix,49.0,HUL,53.996
Canadian Grand Prix,49.0,LAW,90.212
Canadian Grand Prix,49.0,OCO,47.934
Canadian Grand Prix,49.0,NOR,12.739
Canadian Grand Prix,49.0,COL,66.199
Canadian Grand Prix,49.0,HAM,37.299
Canadian Grand Prix,49.0,BOR,81.795
Canadian Grand Prix,49.0,SAI,50.757
Canadian Grand Prix,49.0,HAD,68.916
Canadian Grand Prix,49.0,RUS,1.7570000000000001
Canadian Grand Prix,49.0,PIA,8.428
Canadian Grand Prix,49.0,BEA,68.459
Canadian Grand Prix,50.0,VER,4.376
Canadian Grand Prix,50.0,GAS,71.545
Canadian Grand Prix,50.0,ANT,6.057
Canadian Grand Prix,50.0,ALO,58.606
Canadian Grand Prix,50.0,LEC,0.0
Canadian Grand Prix,50.0,STR,70.69
Canadian Grand Prix,50.0,TSU,57.752
Canadian Grand Prix,50.0,HUL,54.494
Canadian Grand Prix,50.0,LAW,91.083
Canadian Grand Prix,50.0,OCO,49.304
Canadian Grand Prix,50.0,NOR,11.771
Canadian Grand Prix,50.0,COL,67.656
Canadian Grand Prix,50.0,HAM,37.373
Canadian Grand Prix,50.0,BOR,87.183
Canadian Grand Prix,50.0,SAI,51.98
Canadian Grand Prix,50.0,HAD,69.886
Canadian Grand Prix,50.0,RUS,1.498
Canadian Grand Prix,50.0,PIA,7.497
Canadian Grand Prix,50.0,BEA,69.383
Canadian Grand Prix,51.0,VER,3.9290000000000003
Canadian Grand Prix,51.0,GAS,72.464
Canadian Grand Prix,51.0,ANT,5.6899999999999995
Canadian Grand Prix,51.0,ALO,61.509
Canadian Grand Prix,51.0,LEC,0.0
Canadian Grand Prix,51.0,STR,98.788
Canadian Grand Prix,51.0,TSU,58.995
Canadian Grand Prix,51.0,HUL,54.982
Canadian Grand Prix,51.0,LAW,92.029
Canadian Grand Prix,51.0,OCO,50.428
Canadian Grand Prix,51.0,NOR,10.594
Canadian Grand Prix,51.0,COL,68.65
Canadian Grand Prix,51.0,HAM,37.59
Canadian Grand Prix,51.0,BOR,87.671
Canadian Grand Prix,51.0,SAI,53.045
Canadian Grand Prix,51.0,HAD,70.688
Canadian Grand Prix,51.0,RUS,1.3820000000000001
Canadian Grand Prix,51.0,PIA,6.726
Canadian Grand Prix,51.0,BEA,69.915
Canadian Grand Prix,52.0,VER,3.981
Canadian Grand Prix,52.0,GAS,73.943
Canadian Grand Prix,52.0,ANT,5.781
Canadian Grand Prix,52.0,ALO,62.069
Canadian Grand Prix,52.0,LEC,0.0
Canadian Grand Prix,52.0,STR,102.653
Canadian Grand Prix,52.0,TSU,60.838
Canadian Grand Prix,52.0,HUL,55.812
Canadian Grand Prix,52.0,LAW,93.288
Canadian Grand Prix,52.0,OCO,51.751
Canadian Grand Prix,52.0,NOR,10.214
Canadian Grand Prix,52.0,COL,69.955
Canadian Grand Prix,52.0,HAM,38.197
Canadian Grand Prix,52.0,BOR,88.228
Canadian Grand Prix,52.0,SAI,54.41
Canadian Grand Prix,52.0,HAD,72.183
Canadian Grand Prix,52.0,RUS,1.5779999999999998
Canadian Grand Prix,52.0,PIA,6.249
Canadian Grand Prix,52.0,BEA,71.005
Canadian Grand Prix,53.0,VER,2.301
Canadian Grand Prix,53.0,GAS,90.387
Canadian Grand Prix,53.0,ANT,3.732
Canadian Grand Prix,53.0,ALO,60.341
Canadian Grand Prix,53.0,LEC,14.777
Canadian Grand Prix,53.0,STR,101.098
Canadian Grand Prix,53.0,TSU,61.236
Canadian Grand Prix,53.0,HUL,54.682
Canadian Grand Prix,53.0,LAW,94.38
Canadian Grand Prix,53.0,OCO,51.429
Canadian Grand Prix,53.0,NOR,7.79
Canadian Grand Prix,53.0,COL,69.232
Canadian Grand Prix,53.0,HAM,36.694
Canadian Grand Prix,53.0,BOR,87.07
Canadian Grand Prix,53.0,SAI,54.289
Canadian Grand Prix,53.0,HAD,72.124
Canadian Grand Prix,53.0,RUS,0.0
Canadian Grand Prix,53.0,PIA,4.093
Canadian Grand Prix,53.0,BEA,70.153
Canadian Grand Prix,54.0,VER,2.31
Canadian Grand Prix,54.0,GAS,94.598
Canadian Grand Prix,54.0,ANT,3.68
Canadian Grand Prix,54.0,ALO,60.648
Canadian Grand Prix,54.0,LEC,18.511
Canadian Grand Prix,54.0,STR,101.527
Canadian Grand Prix,54.0,TSU,63.228
Canadian Grand Prix,54.0,HUL,56.387
Canadian Grand Prix,54.0,LAW,108.919
Canadian Grand Prix,54.0,OCO,52.986
Canadian Grand Prix,54.0,NOR,7.2620000000000005
Canadian Grand Prix,54.0,COL,70.632
Canadian Grand Prix,54.0,HAM,37.242
Canadian Grand Prix,54.0,BOR,87.867
Canadian Grand Prix,54.0,SAI,56.107
Canadian Grand Prix,54.0,HAD,73.818
Canadian Grand Prix,54.0,RUS,0.0
Canadian Grand Prix,54.0,PIA,4.213
Canadian Grand Prix,54.0,BEA,70.927
Canadian Grand Prix,55.0,VER,2.208
Canadian Grand Prix,55.0,GAS,95.081
Canadian Grand Prix,55.0,ANT,3.609
Canadian Grand Prix,55.0,ALO,61.206
Canadian Grand Prix,55.0,LEC,18.841
Canadian Grand Prix,55.0,STR,101.621
Canadian Grand Prix,55.0,TSU,64.936
Canadian Grand Prix,55.0,HUL,58.318
Canadian Grand Prix,55.0,OCO,54.723
Canadian Grand Prix,55.0,NOR,6.652
Canadian Grand Prix,55.0,COL,72.623
Canadian Grand Prix,55.0,HAM,37.374
Canadian Grand Prix,55.0,BOR,88.533
Canadian Grand Prix,55.0,SAI,58.104
Canadian Grand Prix,55.0,HAD,79.416
Canadian Grand Prix,55.0,RUS,0.0
Canadian Grand Prix,55.0,PIA,3.8609999999999998
Canadian Grand Prix,55.0,BEA,72.724
Canadian Grand Prix,56.0,VER,1.744
Canadian Grand Prix,56.0,GAS,95.721
Canadian Grand Prix,56.0,ANT,3.573
Canadian Grand Prix,56.0,ALO,62.19
Canadian Grand Prix,56.0,LEC,18.524
Canadian Grand Prix,56.0,STR,101.637
Canadian Grand Prix,56.0,TSU,84.46
Canadian Grand Prix,56.0,HUL,60.336
Canadian Grand Prix,56.0,OCO,56.337
Canadian Grand Prix,56.0,NOR,6.373
Canadian Grand Prix,56.0,COL,76.253
Canadian Grand Prix,56.0,HAM,37.546
Canadian Grand Prix,56.0,BOR,89.051
Canadian Grand Prix,56.0,SAI,60.491
Canadian Grand Prix,56.0,HAD,83.205
Canadian Grand Prix,56.0,RUS,0.0
Canadian Grand Prix,56.0,PIA,4.491
Canadian Grand Prix,56.0,BEA,76.965
Canadian Grand Prix,57.0,VER,1.199
Canadian Grand Prix,57.0,GAS,96.145
Canadian Grand Prix,57.0,ANT,3.054
Canadian Grand Prix,57.0,ALO,62.363
Canadian Grand Prix,57.0,LEC,17.683
Canadian Grand Prix,57.0,STR,101.437
Canadian Grand Prix,57.0,TSU,89.002
Canadian Grand Prix,57.0,HUL,61.126
Canadian Grand Prix,57.0,OCO,74.946
Canadian Grand Prix,57.0,NOR,5.661
Canadian Grand Prix,57.0,COL,80.422
Canadian Grand Prix,57.0,HAM,37.853
Canadian Grand Prix,57.0,BOR,89.99
Canadian Grand Prix,57.0,SAI,78.84
Canadian Grand Prix,57.0,HAD,84.543
Canadian Grand Prix,57.0,RUS,0.0
Canadian Grand Prix,57.0,PIA,3.755
Canadian Grand Prix,57.0,BEA,80.787
Canadian Grand Prix,58.0,VER,1.627
Canadian Grand Prix,58.0,GAS,97.089
Canadian Grand Prix,58.0,ANT,3.521
Canadian Grand Prix,58.0,ALO,62.862
Canadian Grand Prix,58.0,LEC,17.554
Canadian Grand Prix,58.0,STR,101.974
Canadian Grand Prix,58.0,TSU,89.904
Canadian Grand Prix,58.0,HUL,62.289
Canadian Grand Prix,58.0,OCO,81.685
Canadian Grand Prix,58.0,NOR,5.801
Canadian Grand Prix,58.0,COL,83.895
Canadian Grand Prix,58.0,HAM,38.495
Canadian Grand Prix,58.0,BOR,91.762
Canadian Grand Prix,58.0,SAI,82.993
Canadian Grand Prix,58.0,HAD,86.587
Canadian Grand Prix,58.0,RUS,0.0
Canadian Grand Prix,58.0,PIA,4.554
Canadian Grand Prix,58.0,BEA,84.338
Canadian Grand Prix,59.0,VER,1.895
Canadian Grand Prix,59.0,GAS,97.744
Canadian Grand Prix,59.0,ANT,3.6959999999999997
Canadian Grand Prix,59.0,ALO,64.09
Canadian Grand Prix,59.0,LEC,17.886
Canadian Grand Prix,59.0,STR,102.533
Canadian Grand Prix,59.0,TSU,90.796
Canadian Grand Prix,59.0,HUL,63.807
Canadian Grand Prix,59.0,OCO,82.404
Canadian Grand Prix,59.0,NOR,5.859
Canadian Grand Prix,59.0,COL,88.174
Canadian Grand Prix,59.0,HAM,39.298
Canadian Grand Prix,59.0,BOR,94.472
Canadian Grand Prix,59.0,SAI,82.916
Canadian Grand Prix,59.0,HAD,88.454
Canadian Grand Prix,59.0,RUS,0.0
Canadian Grand Prix,59.0,PIA,5.192
Canadian Grand Prix,59.0,BEA,87.299
Canadian Grand Prix,60.0,VER,2.091
Canadian Grand Prix,60.0,GAS,98.385
Canadian Grand Prix,60.0,ANT,3.661
Canadian Grand Prix,60.0,ALO,65.797
Canadian Grand Prix,60.0,LEC,18.628
Canadian Grand Prix,60.0,STR,103.001
Canadian Grand Prix,60.0,TSU,91.816
Canadian Grand Prix,60.0,HUL,65.333
Canadian Grand Prix,60.0,OCO,82.51
Canadian Grand Prix,60.0,NOR,5.6690000000000005
Canadian Grand Prix,60.0,COL,90.845
Canadian Grand Prix,60.0,HAM,40.035
Canadian Grand Prix,60.0,BOR,95.873
Canadian Grand Prix,60.0,SAI,83.209
Canadian Grand Prix,60.0,HAD,91.326
Canadian Grand Prix,60.0,RUS,0.0
Canadian Grand Prix,60.0,PIA,5.2
Canadian Grand Prix,60.0,BEA,88.954
Canadian Grand Prix,61.0,VER,2.225
Canadian Grand Prix,61.0,GAS,99.132
Canadian Grand Prix,61.0,ANT,3.823
Canadian Grand Prix,61.0,ALO,67.083
Canadian Grand Prix,61.0,LEC,18.988
Canadian Grand Prix,61.0,STR,103.555
Canadian Grand Prix,61.0,TSU,95.618
Canadian Grand Prix,61.0,HUL,67.168
Canadian Grand Prix,61.0,OCO,82.746
Canadian Grand Prix,61.0,NOR,5.563
Canadian Grand Prix,61.0,COL,93.105
Canadian Grand Prix,61.0,HAM,41.606
Canadian Grand Prix,61.0,BOR,97.091
Canadian Grand Prix,61.0,SAI,84.151
Canadian Grand Prix,61.0,HAD,93.441
Canadian Grand Prix,61.0,RUS,0.0
Canadian Grand Prix,61.0,PIA,5.211
Canadian Grand Prix,61.0,BEA,90.243
Canadian Grand Prix,62.0,VER,2.206
Canadian Grand Prix,62.0,GAS,100.26
Canadian Grand Prix,62.0,ANT,4.001
Canadian Grand Prix,62.0,ALO,68.367
Canadian Grand Prix,62.0,LEC,20.463
Canadian Grand Prix,62.0,STR,104.34
Canadian Grand Prix,62.0,TSU,97.625
Canadian Grand Prix,62.0,HUL,69.102
Canadian Grand Prix,62.0,OCO,83.436
Canadian Grand Prix,62.0,NOR,5.558
Canadian Grand Prix,62.0,COL,96.946
Canadian Grand Prix,62.0,HAM,42.261
Canadian Grand Prix,62.0,BOR,98.84
Canadian Grand Prix,62.0,SAI,85.007
Canadian Grand Prix,62.0,HAD,98.118
Canadian Grand Prix,62.0,RUS,0.0
Canadian Grand Prix,62.0,PIA,5.173
Canadian Grand Prix,62.0,BEA,91.334
Canadian Grand Prix,63.0,VER,2.44
Canadian Grand Prix,63.0,GAS,101.134
Canadian Grand Prix,63.0,ANT,4.524
Canadian Grand Prix,63.0,ALO,69.272
Canadian Grand Prix,63.0,LEC,22.059
Canadian Grand Prix,63.0,STR,105.368
Canadian Grand Prix,63.0,TSU,99.824
Canadian Grand Prix,63.0,HUL,70.493
Canadian Grand Prix,63.0,OCO,84.299
Canadian Grand Prix,63.0,NOR,5.858
Canadian Grand Prix,63.0,COL,99.449
Canadian Grand Prix,63.0,HAM,43.315
Canadian Grand Prix,63.0,BOR,100.749
Canadian Grand Prix,63.0,SAI,85.969
Canadian Grand Prix,63.0,HAD,100.312
Canadian Grand Prix,63.0,RUS,0.0
Canadian Grand Prix,63.0,PIA,5.417
Canadian Grand Prix,63.0,BEA,92.67
Canadian Grand Prix,64.0,VER,2.543
Canadian Grand Prix,64.0,GAS,104.627
Canadian Grand Prix,64.0,ANT,4.787
Canadian Grand Prix,64.0,ALO,69.997
Canadian Grand Prix,64.0,LEC,22.042
Canadian Grand Prix,64.0,STR,106.411
Canadian Grand Prix,64.0,TSU,101.433
Canadian Grand Prix,64.0,HUL,71.732
Canadian Grand Prix,64.0,OCO,84.936
Canadian Grand Prix,64.0,NOR,5.842
Canadian Grand Prix,64.0,COL,101.974
Canadian Grand Prix,64.0,HAM,43.819
Canadian Grand Prix,64.0,BOR,104.113
Canadian Grand Prix,64.0,SAI,86.12
Canadian Grand Prix,64.0,HAD,104.578
Canadian Grand Prix,64.0,RUS,0.0
Canadian Grand Prix,64.0,PIA,5.371
Canadian Grand Prix,64.0,BEA,93.772
Canadian Grand Prix,65.0,VER,2.8040000000000003
Canadian Grand Prix,65.0,GAS,106.47
Canadian Grand Prix,65.0,ANT,4.961
Canadian Grand Prix,65.0,ALO,70.852
Canadian Grand Prix,65.0,LEC,23.016
Canadian Grand Prix,65.0,STR,108.557
Canadian Grand Prix,65.0,TSU,102.914
Canadian Grand Prix,65.0,HUL,72.74
Canadian Grand Prix,65.0,OCO,85.354
Canadian Grand Prix,65.0,NOR,5.707
Canadian Grand Prix,65.0,COL,103.889
Canadian Grand Prix,65.0,HAM,44.634
Canadian Grand Prix,65.0,BOR,105.786
Canadian Grand Prix,65.0,SAI,86.215
Canadian Grand Prix,65.0,HAD,107.752
Canadian Grand Prix,65.0,RUS,0.0
Canadian Grand Prix,65.0,PIA,5.416
Canadian Grand Prix,65.0,BEA,94.884
Canadian Grand Prix,66.0,VER,2.668
Canadian Grand Prix,66.0,GAS,148.455
Canadian Grand Prix,66.0,ANT,5.084
Canadian Grand Prix,66.0,ALO,95.846
Canadian Grand Prix,66.0,LEC,23.829
Canadian Grand Prix,66.0,STR,157.413
Canadian Grand Prix,66.0,TSU,141.583
Canadian Grand Prix,66.0,HUL,100.018
Canadian Grand Prix,66.0,OCO,117.08
Canadian Grand Prix,66.0,NOR,6.404
Canadian Grand Prix,66.0,COL,144.099
Canadian Grand Prix,66.0,HAM,52.512
Canadian Grand Prix,66.0,BOR,145.02
Canadian Grand Prix,66.0,SAI,117.636
Canadian Grand Prix,66.0,HAD,154.698
Canadian Grand Prix,66.0,RUS,0.0
Canadian Grand Prix,66.0,PIA,6.327
Canadian Grand Prix,66.0,BEA,139.217
Canadian Grand Prix,67.0,VER,2.646
Canadian Grand Prix,67.0,GAS,160.382
Canadian Grand Prix,67.0,ANT,5.756
Canadian Grand Prix,67.0,ALO,106.094
Canadian Grand Prix,67.0,LEC,32.833
Canadian Grand Prix,67.0,STR,169.847
Canadian Grand Prix,67.0,TSU,155.325
Canadian Grand Prix,67.0,HUL,108.88
Canadian Grand Prix,67.0,OCO,130.668
Canadian Grand Prix,67.0,NOR,52.904
Canadian Grand Prix,67.0,COL,157.519
Canadian Grand Prix,67.0,HAM,64.736
Canadian Grand Prix,67.0,BOR,159.082
Canadian Grand Prix,67.0,SAI,131.615
Canadian Grand Prix,67.0,HAD,166.849
Canadian Grand Prix,67.0,RUS,0.0
Canadian Grand Prix,67.0,PIA,14.359
Canadian Grand Prix,67.0,BEA,152.549
Canadian Grand Prix,68.0,VER,1.153
Canadian Grand Prix,68.0,GAS,140.343
Canadian Grand Prix,68.0,ANT,2.29
Canadian Grand Prix,68.0,ALO,78.647
Canadian Grand Prix,68.0,LEC,21.002
Canadian Grand Prix,68.0,STR,144.889
Canadian Grand Prix,68.0,TSU,134.905
Canadian Grand Prix,68.0,HUL,81.291
Canadian Grand Prix,68.0,OCO,127.14
Canadian Grand Prix,68.0,COL,136.584
Canadian Grand Prix,68.0,HAM,48.585
Canadian Grand Prix,68.0,BOR,138.343
Canadian Grand Prix,68.0,SAI,128.386
Canadian Grand Prix,68.0,HAD,142.978
Canadian Grand Prix,68.0,RUS,0.0
Canadian Grand Prix,68.0,PIA,6.037
Canadian Grand Prix,68.0,BEA,132.845
Canadian Grand Prix,69.0,VER,1.081
Canadian Grand Prix,69.0,GAS,135.486
Canadian Grand Prix,69.0,ANT,2.179
Canadian Grand Prix,69.0,ALO,51.4
Canadian Grand Prix,69.0,LEC,7.985
Canadian Grand Prix,69.0,STR,136.599
Canadian Grand Prix,69.0,TSU,132.992
Canadian Grand Prix,69.0,HUL,54.329
Canadian Grand Prix,69.0,OCO,129.009
Canadian Grand Prix,69.0,COL,134.554
Canadian Grand Prix,69.0,HAM,22.499
Canadian Grand Prix,69.0,BOR,135.415
Canadian Grand Prix,69.0,SAI,129.422
Canadian Grand Prix,69.0,HAD,136.273
Canadian Grand Prix,69.0,RUS,0.0
Canadian Grand Prix,69.0,PIA,6.155
Canadian Grand Prix,69.0,BEA,131.253
Canadian Grand Prix,70.0,VER,0.228
Canadian Grand Prix,70.0,ANT,1.014
Canadian Grand Prix,70.0,ALO,10.972
Canadian Grand Prix,70.0,LEC,3.442
Canadian Grand Prix,70.0,HUL,15.364
Canadian Grand Prix,70.0,HAM,10.713
Canadian Grand Prix,70.0,RUS,0.0
Canadian Grand Prix,70.0,PIA,2.109
Austrian Grand Prix,1.0,NOR,0.0
Austrian Grand Prix,1.0,PIA,1.845
Austrian Grand Prix,1.0,LEC,5.341
Austrian Grand Prix,1.0,HAM,7.879
Austrian Grand Prix,1.0,RUS,8.826
Austrian Grand Prix,1.0,LAW,16.025
Austrian Grand Prix,1.0,ALO,17.066
Austrian Grand Prix,1.0,BOR,13.83
Austrian Grand Prix,1.0,HUL,29.764
Austrian Grand Prix,1.0,OCO,22.921
Austrian Grand Prix,1.0,BEA,20.573
Austrian Grand Prix,1.0,HAD,28.226
Austrian Grand Prix,1.0,GAS,11.461
Austrian Grand Prix,1.0,STR,21.896
Austrian Grand Prix,1.0,COL,18.922
Austrian Grand Prix,1.0,TSU,25.407
Austrian Grand Prix,1.0,ALB,13.316
Austrian Grand Prix,1.0,VER,0.0
Austrian Grand Prix,1.0,ANT,0.0
Austrian Grand Prix,2.0,NOR,0.0
Austrian Grand Prix,2.0,PIA,0.927
Austrian Grand Prix,2.0,LEC,2.447
Austrian Grand Prix,2.0,HAM,3.894
Austrian Grand Prix,2.0,RUS,5.733
Austrian Grand Prix,2.0,LAW,10.15
Austrian Grand Prix,2.0,ALO,11.093
Austrian Grand Prix,2.0,BOR,9.253
Austrian Grand Prix,2.0,HUL,20.256
Austrian Grand Prix,2.0,OCO,15.888
Austrian Grand Prix,2.0,BEA,13.288
Austrian Grand Prix,2.0,HAD,16.117
Austrian Grand Prix,2.0,GAS,7.291
Austrian Grand Prix,2.0,STR,15.092
Austrian Grand Prix,2.0,COL,11.943
Austrian Grand Prix,2.0,TSU,17.83
Austrian Grand Prix,2.0,ALB,8.492
Austrian Grand Prix,3.0,NOR,0.0
Austrian Grand Prix,3.0,PIA,0.542
Austrian Grand Prix,3.0,LEC,1.018
Austrian Grand Prix,3.0,HAM,1.484
Austrian Grand Prix,3.0,RUS,1.865
Austrian Grand Prix,3.0,LAW,3.424
Austrian Grand Prix,3.0,ALO,3.8529999999999998
Austrian Grand Prix,3.0,BOR,3.007
Austrian Grand Prix,3.0,HUL,6.596
Austrian Grand Prix,3.0,OCO,5.418
Austrian Grand Prix,3.0,BEA,4.482
Austrian Grand Prix,3.0,HAD,7.084
Austrian Grand Prix,3.0,GAS,2.314
Austrian Grand Prix,3.0,STR,4.973
Austrian Grand Prix,3.0,COL,4.159
Austrian Grand Prix,3.0,TSU,6.001
Austrian Grand Prix,3.0,ALB,2.652
Austrian Grand Prix,4.0,NOR,0.0
Austrian Grand Prix,4.0,PIA,0.815
Austrian Grand Prix,4.0,LEC,1.6989999999999998
Austrian Grand Prix,4.0,HAM,2.63
Austrian Grand Prix,4.0,RUS,3.282
Austrian Grand Prix,4.0,LAW,5.52
Austrian Grand Prix,4.0,ALO,6.062
Austrian Grand Prix,4.0,BOR,4.873
Austrian Grand Prix,4.0,HUL,8.658
Austrian Grand Prix,4.0,OCO,7.701
Austrian Grand Prix,4.0,BEA,6.918
Austrian Grand Prix,4.0,HAD,9.116
Austrian Grand Prix,4.0,GAS,3.919
Austrian Grand Prix,4.0,STR,7.436
Austrian Grand Prix,4.0,COL,6.49
Austrian Grand Prix,4.0,TSU,8.291
Austrian Grand Prix,4.0,ALB,4.373
Austrian Grand Prix,5.0,NOR,0.0
Austrian Grand Prix,5.0,PIA,0.894
Austrian Grand Prix,5.0,LEC,2.068
Austrian Grand Prix,5.0,HAM,3.4859999999999998
Austrian Grand Prix,5.0,RUS,4.377
Austrian Grand Prix,5.0,LAW,7.101
Austrian Grand Prix,5.0,ALO,7.584
Austrian Grand Prix,5.0,BOR,6.299
Austrian Grand Prix,5.0,HUL,10.834
Austrian Grand Prix,5.0,OCO,9.855
Austrian Grand Prix,5.0,BEA,8.316
Austrian Grand Prix,5.0,HAD,11.269
Austrian Grand Prix,5.0,GAS,5.158
Austrian Grand Prix,5.0,STR,9.366
Austrian Grand Prix,5.0,COL,8.817
Austrian Grand Prix,5.0,TSU,10.408
Austrian Grand Prix,5.0,ALB,5.678
Austrian Grand Prix,6.0,NOR,0.0
Austrian Grand Prix,6.0,PIA,0.774
Austrian Grand Prix,6.0,LEC,2.818
Austrian Grand Prix,6.0,HAM,4.335
Austrian Grand Prix,6.0,RUS,5.511
Austrian Grand Prix,6.0,LAW,8.747
Austrian Grand Prix,6.0,ALO,9.519
Austrian Grand Prix,6.0,BOR,7.772
Austrian Grand Prix,6.0,HUL,13.231
Austrian Grand Prix,6.0,OCO,11.953
Austrian Grand Prix,6.0,BEA,10.242
Austrian Grand Prix,6.0,HAD,13.887
Austrian Grand Prix,6.0,GAS,6.474
Austrian Grand Prix,6.0,STR,11.518
Austrian Grand Prix,6.0,COL,10.89
Austrian Grand Prix,6.0,TSU,12.597
Austrian Grand Prix,6.0,ALB,7.099
Austrian Grand Prix,7.0,NOR,0.0
Austrian Grand Prix,7.0,PIA,0.906
Austrian Grand Prix,7.0,LEC,3.698
Austrian Grand Prix,7.0,HAM,5.574
Austrian Grand Prix,7.0,RUS,6.937
Austrian Grand Prix,7.0,LAW,10.447
Austrian Grand Prix,7.0,ALO,11.016
Austrian Grand Prix,7.0,BOR,9.405
Austrian Grand Prix,7.0,HUL,15.425
Austrian Grand Prix,7.0,OCO,13.956
Austrian Grand Prix,7.0,BEA,11.736
Austrian Grand Prix,7.0,HAD,16.152
Austrian Grand Prix,7.0,GAS,8.015
Austrian Grand Prix,7.0,STR,13.274000000000001
Austrian Grand Prix,7.0,COL,12.419
Austrian Grand Prix,7.0,TSU,14.616
Austrian Grand Prix,7.0,ALB,8.795
Austrian Grand Prix,8.0,NOR,0.0
Austrian Grand Prix,8.0,PIA,0.966
Austrian Grand Prix,8.0,LEC,4.216
Austrian Grand Prix,8.0,HAM,6.35
Austrian Grand Prix,8.0,RUS,8.117
Austrian Grand Prix,8.0,LAW,11.994
Austrian Grand Prix,8.0,ALO,12.707
Austrian Grand Prix,8.0,BOR,10.98
Austrian Grand Prix,8.0,HUL,16.98
Austrian Grand Prix,8.0,OCO,15.471
Austrian Grand Prix,8.0,BEA,13.401
Austrian Grand Prix,8.0,HAD,17.732
Austrian Grand Prix,8.0,GAS,9.646
Austrian Grand Prix,8.0,STR,14.811
Austrian Grand Prix,8.0,COL,14.25
Austrian Grand Prix,8.0,TSU,16.171
Austrian Grand Prix,8.0,ALB,10.251
Austrian Grand Prix,9.0,NOR,0.0
Austrian Grand Prix,9.0,PIA,0.749
Austrian Grand Prix,9.0,LEC,4.851
Austrian Grand Prix,9.0,HAM,7.408
Austrian Grand Prix,9.0,RUS,9.56
Austrian Grand Prix,9.0,LAW,13.557
Austrian Grand Prix,9.0,ALO,14.125
Austrian Grand Prix,9.0,BOR,12.733
Austrian Grand Prix,9.0,HUL,18.693
Austrian Grand Prix,9.0,OCO,17.169
Austrian Grand Prix,9.0,BEA,15.105
Austrian Grand Prix,9.0,HAD,19.252
Austrian Grand Prix,9.0,GAS,12.289
Austrian Grand Prix,9.0,STR,16.49
Austrian Grand Prix,9.0,COL,15.83
Austrian Grand Prix,9.0,TSU,17.883
Austrian Grand Prix,9.0,ALB,11.404
Austrian Grand Prix,10.0,NOR,0.0
Austrian Grand Prix,10.0,PIA,0.646
Austrian Grand Prix,10.0,LEC,4.968
Austrian Grand Prix,10.0,HAM,8.789
Austrian Grand Prix,10.0,RUS,10.768
Austrian Grand Prix,10.0,LAW,15.039
Austrian Grand Prix,10.0,ALO,15.705
Austrian Grand Prix,10.0,BOR,14.189
Austrian Grand Prix,10.0,HUL,19.859
Austrian Grand Prix,10.0,OCO,18.531
Austrian Grand Prix,10.0,BEA,16.475
Austrian Grand Prix,10.0,HAD,20.816
Austrian Grand Prix,10.0,GAS,13.912
Austrian Grand Prix,10.0,STR,17.795
Austrian Grand Prix,10.0,COL,17.164
Austrian Grand Prix,10.0,TSU,19.368
Austrian Grand Prix,10.0,ALB,12.853
Austrian Grand Prix,11.0,NOR,0.0
Austrian Grand Prix,11.0,PIA,0.708
Austrian Grand Prix,11.0,LEC,4.587
Austrian Grand Prix,11.0,HAM,9.012
Austrian Grand Prix,11.0,RUS,11.287
Austrian Grand Prix,11.0,LAW,15.696
Austrian Grand Prix,11.0,ALO,16.243
Austrian Grand Prix,11.0,BOR,14.843
Austrian Grand Prix,11.0,HUL,20.45
Austrian Grand Prix,11.0,OCO,19.229
Austrian Grand Prix,11.0,BEA,20.067
Austrian Grand Prix,11.0,HAD,21.078
Austrian Grand Prix,11.0,GAS,14.488
Austrian Grand Prix,11.0,STR,18.562
Austrian Grand Prix,11.0,COL,18.24
Austrian Grand Prix,11.0,TSU,19.987
Austrian Grand Prix,11.0,ALB,13.448
Austrian Grand Prix,12.0,NOR,0.0
Austrian Grand Prix,12.0,PIA,0.965
Austrian Grand Prix,12.0,LEC,5.026
Austrian Grand Prix,12.0,HAM,9.719
Austrian Grand Prix,12.0,RUS,12.335
Austrian Grand Prix,12.0,LAW,17.69
Austrian Grand Prix,12.0,ALO,18.086
Austrian Grand Prix,12.0,BOR,16.071
Austrian Grand Prix,12.0,HUL,25.352
Austrian Grand Prix,12.0,OCO,20.566
Austrian Grand Prix,12.0,BEA,38.043
Austrian Grand Prix,12.0,HAD,22.671
Austrian Grand Prix,12.0,GAS,20.28
Austrian Grand Prix,12.0,STR,21.082
Austrian Grand Prix,12.0,COL,20.109
Austrian Grand Prix,12.0,TSU,21.701
Austrian Grand Prix,12.0,ALB,14.58
Austrian Grand Prix,13.0,NOR,0.0
Austrian Grand Prix,13.0,PIA,0.914
Austrian Grand Prix,13.0,LEC,5.585
Austrian Grand Prix,13.0,HAM,10.387
Austrian Grand Prix,13.0,RUS,13.718
Austrian Grand Prix,13.0,LAW,19.004
Austrian Grand Prix,13.0,ALO,19.834
Austrian Grand Prix,13.0,BOR,17.805
Austrian Grand Prix,13.0,HUL,42.806
Austrian Grand Prix,13.0,OCO,22.4
Austrian Grand Prix,13.0,BEA,38.91
Austrian Grand Prix,13.0,HAD,24.956
Austrian Grand Prix,13.0,GAS,39.588
Austrian Grand Prix,13.0,STR,24.294
Austrian Grand Prix,13.0,COL,26.513
Austrian Grand Prix,13.0,TSU,24.701999999999998
Austrian Grand Prix,13.0,ALB,18.564
Austrian Grand Prix,14.0,NOR,0.0
Austrian Grand Prix,14.0,PIA,0.276
Austrian Grand Prix,14.0,LEC,5.564
Austrian Grand Prix,14.0,HAM,9.77
Austrian Grand Prix,14.0,RUS,14.249
Austrian Grand Prix,14.0,LAW,19.211
Austrian Grand Prix,14.0,ALO,20.044
Austrian Grand Prix,14.0,BOR,17.905
Austrian Grand Prix,14.0,HUL,42.86
Austrian Grand Prix,14.0,OCO,23.218
Austrian Grand Prix,14.0,BEA,38.476
Austrian Grand Prix,14.0,HAD,26.329
Austrian Grand Prix,14.0,GAS,39.264
Austrian Grand Prix,14.0,STR,24.94
Austrian Grand Prix,14.0,COL,45.002
Austrian Grand Prix,14.0,TSU,25.657
Austrian Grand Prix,14.0,ALB,34.861
Austrian Grand Prix,15.0,NOR,0.0
Austrian Grand Prix,15.0,PIA,0.75
Austrian Grand Prix,15.0,LEC,5.341
Austrian Grand Prix,15.0,HAM,9.213
Austrian Grand Prix,15.0,RUS,14.529
Austrian Grand Prix,15.0,LAW,19.488
Austrian Grand Prix,15.0,ALO,20.272
Austrian Grand Prix,15.0,BOR,18.059
Austrian Grand Prix,15.0,HUL,42.321
Austrian Grand Prix,15.0,OCO,23.697
Austrian Grand Prix,15.0,BEA,39.329
Austrian Grand Prix,15.0,HAD,27.582
Austrian Grand Prix,15.0,GAS,38.29
Austrian Grand Prix,15.0,STR,27.068
Austrian Grand Prix,15.0,COL,44.497
Austrian Grand Prix,15.0,TSU,26.326
Austrian Grand Prix,15.0,ALB,42.432
Austrian Grand Prix,16.0,NOR,0.0
Austrian Grand Prix,16.0,PIA,0.702
Austrian Grand Prix,16.0,LEC,5.293
Austrian Grand Prix,16.0,HAM,9.285
Austrian Grand Prix,16.0,RUS,15.499
Austrian Grand Prix,16.0,LAW,20.17
Austrian Grand Prix,16.0,ALO,20.9
Austrian Grand Prix,16.0,BOR,18.624
Austrian Grand Prix,16.0,HUL,42.113
Austrian Grand Prix,16.0,OCO,24.57
Austrian Grand Prix,16.0,BEA,39.836
Austrian Grand Prix,16.0,HAD,28.888
Austrian Grand Prix,16.0,GAS,38.424
Austrian Grand Prix,16.0,STR,28.355
Austrian Grand Prix,16.0,COL,44.407
Austrian Grand Prix,16.0,TSU,27.599
Austrian Grand Prix,17.0,NOR,0.0
Austrian Grand Prix,17.0,PIA,0.925
Austrian Grand Prix,17.0,LEC,6.199
Austrian Grand Prix,17.0,HAM,9.508
Austrian Grand Prix,17.0,RUS,16.333
Austrian Grand Prix,17.0,LAW,21.065
Austrian Grand Prix,17.0,ALO,21.854
Austrian Grand Prix,17.0,BOR,19.535
Austrian Grand Prix,17.0,HUL,42.151
Austrian Grand Prix,17.0,OCO,25.628
Austrian Grand Prix,17.0,BEA,40.485
Austrian Grand Prix,17.0,HAD,30.055
Austrian Grand Prix,17.0,GAS,38.619
Austrian Grand Prix,17.0,STR,29.369
Austrian Grand Prix,17.0,COL,44.273
Austrian Grand Prix,17.0,TSU,28.606
Austrian Grand Prix,18.0,NOR,0.0
Austrian Grand Prix,18.0,PIA,0.845
Austrian Grand Prix,18.0,LEC,6.643
Austrian Grand Prix,18.0,HAM,9.771
Austrian Grand Prix,18.0,RUS,20.793
Austrian Grand Prix,18.0,LAW,21.853
Austrian Grand Prix,18.0,ALO,22.654
Austrian Grand Prix,18.0,BOR,20.191
Austrian Grand Prix,18.0,HUL,42.329
Austrian Grand Prix,18.0,OCO,26.608
Austrian Grand Prix,18.0,BEA,40.898
Austrian Grand Prix,18.0,HAD,30.938
Austrian Grand Prix,18.0,GAS,39.079
Austrian Grand Prix,18.0,STR,30.468
Austrian Grand Prix,18.0,COL,44.247
Austrian Grand Prix,18.0,TSU,32.848
Austrian Grand Prix,19.0,NOR,0.0
Austrian Grand Prix,19.0,PIA,0.665
Austrian Grand Prix,19.0,LEC,6.7219999999999995
Austrian Grand Prix,19.0,HAM,9.539
Austrian Grand Prix,19.0,RUS,37.627
Austrian Grand Prix,19.0,LAW,22.334
Austrian Grand Prix,19.0,ALO,23.22
Austrian Grand Prix,19.0,BOR,20.715
Austrian Grand Prix,19.0,HUL,42.032
Austrian Grand Prix,19.0,OCO,30.881
Austrian Grand Prix,19.0,BEA,41.297
Austrian Grand Prix,19.0,HAD,32.36
Austrian Grand Prix,19.0,GAS,39.356
Austrian Grand Prix,19.0,STR,31.803
Austrian Grand Prix,19.0,COL,44.217
Austrian Grand Prix,19.0,TSU,49.476
Austrian Grand Prix,20.0,NOR,2.366
Austrian Grand Prix,20.0,PIA,0.0
Austrian Grand Prix,20.0,LEC,6.03
Austrian Grand Prix,20.0,HAM,8.865
Austrian Grand Prix,20.0,RUS,36.919
Austrian Grand Prix,20.0,LAW,22.466
Austrian Grand Prix,20.0,ALO,23.233
Austrian Grand Prix,20.0,BOR,20.811
Austrian Grand Prix,20.0,HUL,41.185
Austrian Grand Prix,20.0,OCO,48.575
Austrian Grand Prix,20.0,BEA,40.865
Austrian Grand Prix,20.0,HAD,33.351
Austrian Grand Prix,20.0,GAS,38.948
Austrian Grand Prix,20.0,STR,32.845
Austrian Grand Prix,20.0,COL,43.674
Austrian Grand Prix,20.0,TSU,49.729
Austrian Grand Prix,21.0,NOR,19.557
Austrian Grand Prix,21.0,PIA,0.0
Austrian Grand Prix,21.0,LEC,6.449
Austrian Grand Prix,21.0,HAM,9.969
Austrian Grand Prix,21.0,RUS,37.733
Austrian Grand Prix,21.0,LAW,23.718
Austrian Grand Prix,21.0,ALO,24.56
Austrian Grand Prix,21.0,BOR,25.249
Austrian Grand Prix,21.0,HUL,41.893
Austrian Grand Prix,21.0,OCO,48.195
Austrian Grand Prix,21.0,BEA,41.627
Austrian Grand Prix,21.0,HAD,35.024
Austrian Grand Prix,21.0,GAS,39.644
Austrian Grand Prix,21.0,STR,34.433
Austrian Grand Prix,21.0,COL,44.117
Austrian Grand Prix,21.0,TSU,49.644
Austrian Grand Prix,22.0,NOR,18.54
Austrian Grand Prix,22.0,PIA,0.0
Austrian Grand Prix,22.0,LEC,6.714
Austrian Grand Prix,22.0,HAM,10.101
Austrian Grand Prix,22.0,RUS,38.084
Austrian Grand Prix,22.0,LAW,24.193
Austrian Grand Prix,22.0,ALO,25.068
Austrian Grand Prix,22.0,BOR,43.554
Austrian Grand Prix,22.0,HUL,41.878
Austrian Grand Prix,22.0,OCO,47.818
Austrian Grand Prix,22.0,BEA,43.052
Austrian Grand Prix,22.0,HAD,36.288
Austrian Grand Prix,22.0,GAS,40.049
Austrian Grand Prix,22.0,STR,35.67
Austrian Grand Prix,22.0,COL,44.565
Austrian Grand Prix,22.0,TSU,49.629
Austrian Grand Prix,23.0,NOR,17.303
Austrian Grand Prix,23.0,PIA,0.0
Austrian Grand Prix,23.0,LEC,6.6850000000000005
Austrian Grand Prix,23.0,HAM,10.229
Austrian Grand Prix,23.0,RUS,38.365
Austrian Grand Prix,23.0,LAW,24.401
Austrian Grand Prix,23.0,ALO,25.241
Austrian Grand Prix,23.0,BOR,42.761
Austrian Grand Prix,23.0,HUL,41.409
Austrian Grand Prix,23.0,OCO,46.895
Austrian Grand Prix,23.0,BEA,43.67
Austrian Grand Prix,23.0,HAD,37.089
Austrian Grand Prix,23.0,GAS,39.865
Austrian Grand Prix,23.0,STR,36.464
Austrian Grand Prix,23.0,COL,44.513
Austrian Grand Prix,23.0,TSU,48.993
Austrian Grand Prix,24.0,NOR,12.404
Austrian Grand Prix,24.0,PIA,0.0
Austrian Grand Prix,24.0,LEC,3.377
Austrian Grand Prix,24.0,HAM,6.633
Austrian Grand Prix,24.0,RUS,35.004
Austrian Grand Prix,24.0,LAW,21.301
Austrian Grand Prix,24.0,ALO,22.079
Austrian Grand Prix,24.0,BOR,38.944
Austrian Grand Prix,24.0,HUL,37.605
Austrian Grand Prix,24.0,OCO,42.925
Austrian Grand Prix,24.0,BEA,40.342
Austrian Grand Prix,24.0,HAD,34.347
Austrian Grand Prix,24.0,GAS,36.474
Austrian Grand Prix,24.0,STR,33.772
Austrian Grand Prix,24.0,COL,41.278
Austrian Grand Prix,24.0,TSU,45.046
Austrian Grand Prix,25.0,NOR,3.828
Austrian Grand Prix,25.0,PIA,10.108
Austrian Grand Prix,25.0,LEC,0.208
Austrian Grand Prix,25.0,HAM,0.0
Austrian Grand Prix,25.0,RUS,28.231
Austrian Grand Prix,25.0,LAW,14.702
Austrian Grand Prix,25.0,ALO,15.534
Austrian Grand Prix,25.0,BOR,31.223
Austrian Grand Prix,25.0,HUL,30.485
Austrian Grand Prix,25.0,OCO,35.494
Austrian Grand Prix,25.0,BEA,33.389
Austrian Grand Prix,25.0,HAD,27.441
Austrian Grand Prix,25.0,GAS,30.171
Austrian Grand Prix,25.0,STR,29.566
Austrian Grand Prix,25.0,COL,34.448
Austrian Grand Prix,25.0,TSU,37.675
Austrian Grand Prix,26.0,NOR,0.0
Austrian Grand Prix,26.0,PIA,6.514
Austrian Grand Prix,26.0,LEC,14.116
Austrian Grand Prix,26.0,HAM,1.066
Austrian Grand Prix,26.0,RUS,25.261
Austrian Grand Prix,26.0,LAW,12.771
Austrian Grand Prix,26.0,ALO,13.735
Austrian Grand Prix,26.0,BOR,28.945
Austrian Grand Prix,26.0,HUL,28.485
Austrian Grand Prix,26.0,OCO,33.038
Austrian Grand Prix,26.0,BEA,31.624
Austrian Grand Prix,26.0,HAD,26.595
Austrian Grand Prix,26.0,GAS,28.051
Austrian Grand Prix,26.0,STR,34.523
Austrian Grand Prix,26.0,COL,32.666
Austrian Grand Prix,26.0,TSU,34.903
Austrian Grand Prix,27.0,NOR,0.0
Austrian Grand Prix,27.0,PIA,6.5120000000000005
Austrian Grand Prix,27.0,LEC,15.478
Austrian Grand Prix,27.0,HAM,18.571
Austrian Grand Prix,27.0,RUS,26.911
Austrian Grand Prix,27.0,LAW,14.877
Austrian Grand Prix,27.0,ALO,16.456
Austrian Grand Prix,27.0,BOR,30.737
Austrian Grand Prix,27.0,HUL,30.105
Austrian Grand Prix,27.0,OCO,35.721
Austrian Grand Prix,27.0,BEA,33.292
Austrian Grand Prix,27.0,HAD,29.013
Austrian Grand Prix,27.0,GAS,31.947
Austrian Grand Prix,27.0,STR,54.233
Austrian Grand Prix,27.0,COL,34.92
Austrian Grand Prix,27.0,TSU,36.635
Austrian Grand Prix,28.0,NOR,0.0
Austrian Grand Prix,28.0,PIA,6.503
Austrian Grand Prix,28.0,LEC,16.606
Austrian Grand Prix,28.0,HAM,19.273
Austrian Grand Prix,28.0,RUS,28.721
Austrian Grand Prix,28.0,LAW,18.158
Austrian Grand Prix,28.0,ALO,18.961
Austrian Grand Prix,28.0,BOR,32.171
Austrian Grand Prix,28.0,HUL,33.17
Austrian Grand Prix,28.0,OCO,37.064
Austrian Grand Prix,28.0,BEA,35.465
Austrian Grand Prix,28.0,HAD,34.319
Austrian Grand Prix,28.0,GAS,34.657
Austrian Grand Prix,28.0,STR,55.271
Austrian Grand Prix,28.0,COL,38.118
Austrian Grand Prix,28.0,TSU,38.765
Austrian Grand Prix,29.0,NOR,0.0
Austrian Grand Prix,29.0,PIA,6.443
Austrian Grand Prix,29.0,LEC,17.52
Austrian Grand Prix,29.0,HAM,20.432
Austrian Grand Prix,29.0,RUS,30.466
Austrian Grand Prix,29.0,LAW,21.74
Austrian Grand Prix,29.0,ALO,22.914
Austrian Grand Prix,29.0,BOR,33.263
Austrian Grand Prix,29.0,HUL,34.571
Austrian Grand Prix,29.0,OCO,38.943
Austrian Grand Prix,29.0,BEA,38.412
Austrian Grand Prix,29.0,HAD,53.109
Austrian Grand Prix,29.0,GAS,36.738
Austrian Grand Prix,29.0,STR,56.287
Austrian Grand Prix,29.0,COL,40.148
Austrian Grand Prix,29.0,TSU,40.661
Austrian Grand Prix,30.0,NOR,0.0
Austrian Grand Prix,30.0,PIA,6.145
Austrian Grand Prix,30.0,LEC,18.024
Austrian Grand Prix,30.0,HAM,20.966
Austrian Grand Prix,30.0,RUS,31.906
Austrian Grand Prix,30.0,LAW,24.079
Austrian Grand Prix,30.0,ALO,25.405
Austrian Grand Prix,30.0,BOR,34.366
Austrian Grand Prix,30.0,HUL,36.168
Austrian Grand Prix,30.0,OCO,40.005
Austrian Grand Prix,30.0,BEA,41.271
Austrian Grand Prix,30.0,HAD,54.207
Austrian Grand Prix,30.0,GAS,38.769
Austrian Grand Prix,30.0,STR,57.462
Austrian Grand Prix,30.0,COL,47.336
Austrian Grand Prix,30.0,TSU,50.059
Austrian Grand Prix,31.0,NOR,0.0
Austrian Grand Prix,31.0,PIA,5.947
Austrian Grand Prix,31.0,LEC,18.495
Austrian Grand Prix,31.0,HAM,21.399
Austrian Grand Prix,31.0,RUS,33.13
Austrian Grand Prix,31.0,LAW,26.354
Austrian Grand Prix,31.0,ALO,27.758
Austrian Grand Prix,31.0,BOR,35.411
Austrian Grand Prix,31.0,HUL,37.697
Austrian Grand Prix,31.0,OCO,41.359
Austrian Grand Prix,31.0,BEA,42.936
Austrian Grand Prix,31.0,HAD,55.326
Austrian Grand Prix,31.0,GAS,40.603
Austrian Grand Prix,31.0,STR,58.695
Austrian Grand Prix,31.0,COL,50.297
Austrian Grand Prix,31.0,TSU,78.021
Austrian Grand Prix,32.0,NOR,0.0
Austrian Grand Prix,32.0,PIA,5.85
Austrian Grand Prix,32.0,LEC,18.721
Austrian Grand Prix,32.0,HAM,21.786
Austrian Grand Prix,32.0,RUS,34.353
Austrian Grand Prix,32.0,LAW,32.097
Austrian Grand Prix,32.0,ALO,30.297
Austrian Grand Prix,32.0,BOR,36.525
Austrian Grand Prix,32.0,HUL,39.39
Austrian Grand Prix,32.0,OCO,43.046
Austrian Grand Prix,32.0,BEA,44.663
Austrian Grand Prix,32.0,HAD,56.298
Austrian Grand Prix,32.0,GAS,42.844
Austrian Grand Prix,32.0,STR,60.232
Austrian Grand Prix,32.0,COL,52.54
Austrian Grand Prix,32.0,TSU,78.944
Austrian Grand Prix,33.0,NOR,0.0
Austrian Grand Prix,33.0,PIA,5.688
Austrian Grand Prix,33.0,LEC,18.836
Austrian Grand Prix,33.0,HAM,22.048
Austrian Grand Prix,33.0,RUS,35.296
Austrian Grand Prix,33.0,LAW,51.684
Austrian Grand Prix,33.0,ALO,36.506
Austrian Grand Prix,33.0,BOR,37.795
Austrian Grand Prix,33.0,HUL,40.79
Austrian Grand Prix,33.0,OCO,44.196
Austrian Grand Prix,33.0,BEA,46.473
Austrian Grand Prix,33.0,HAD,57.314
Austrian Grand Prix,33.0,GAS,45.795
Austrian Grand Prix,33.0,STR,61.295
Austrian Grand Prix,33.0,COL,54.685
Austrian Grand Prix,33.0,TSU,79.551
Austrian Grand Prix,34.0,NOR,0.0
Austrian Grand Prix,34.0,PIA,5.323
Austrian Grand Prix,34.0,LEC,18.976
Austrian Grand Prix,34.0,HAM,22.256
Austrian Grand Prix,34.0,RUS,36.225
Austrian Grand Prix,34.0,LAW,53.136
Austrian Grand Prix,34.0,ALO,54.949
Austrian Grand Prix,34.0,BOR,38.727
Austrian Grand Prix,34.0,HUL,42.152
Austrian Grand Prix,34.0,OCO,45.575
Austrian Grand Prix,34.0,BEA,48.536
Austrian Grand Prix,34.0,HAD,58.533
Austrian Grand Prix,34.0,GAS,47.939
Austrian Grand Prix,34.0,STR,62.375
Austrian Grand Prix,34.0,COL,56.97
Austrian Grand Prix,34.0,TSU,80.018
Austrian Grand Prix,35.0,NOR,0.0
Austrian Grand Prix,35.0,PIA,5.389
Austrian Grand Prix,35.0,LEC,19.245
Austrian Grand Prix,35.0,HAM,22.84
Austrian Grand Prix,35.0,RUS,37.085
Austrian Grand Prix,35.0,LAW,54.43
Austrian Grand Prix,35.0,ALO,56.506
Austrian Grand Prix,35.0,BOR,40.073
Austrian Grand Prix,35.0,HUL,43.723
Austrian Grand Prix,35.0,OCO,46.853
Austrian Grand Prix,35.0,BEA,50.475
Austrian Grand Prix,35.0,HAD,59.891
Austrian Grand Prix,35.0,GAS,51.467
Austrian Grand Prix,35.0,STR,63.938
Austrian Grand Prix,35.0,COL,59.192
Austrian Grand Prix,35.0,TSU,80.854
Austrian Grand Prix,36.0,NOR,0.0
Austrian Grand Prix,36.0,PIA,5.54
Austrian Grand Prix,36.0,LEC,19.613
Austrian Grand Prix,36.0,HAM,22.956
Austrian Grand Prix,36.0,RUS,38.107
Austrian Grand Prix,36.0,LAW,55.785
Austrian Grand Prix,36.0,ALO,57.924
Austrian Grand Prix,36.0,BOR,41.339
Austrian Grand Prix,36.0,HUL,45.275
Austrian Grand Prix,36.0,OCO,47.931
Austrian Grand Prix,36.0,BEA,52.135
Austrian Grand Prix,36.0,HAD,61.097
Austrian Grand Prix,36.0,GAS,53.787
Austrian Grand Prix,36.0,STR,65.502
Austrian Grand Prix,36.0,COL,62.743
Austrian Grand Prix,36.0,TSU,81.734
Austrian Grand Prix,37.0,NOR,0.0
Austrian Grand Prix,37.0,PIA,5.243
Austrian Grand Prix,37.0,LEC,19.173
Austrian Grand Prix,37.0,HAM,22.842
Austrian Grand Prix,37.0,RUS,38.785
Austrian Grand Prix,37.0,LAW,56.713
Austrian Grand Prix,37.0,ALO,58.842
Austrian Grand Prix,37.0,BOR,42.176
Austrian Grand Prix,37.0,HUL,46.298
Austrian Grand Prix,37.0,OCO,48.815
Austrian Grand Prix,37.0,BEA,53.544
Austrian Grand Prix,37.0,HAD,61.785
Austrian Grand Prix,37.0,GAS,55.582
Austrian Grand Prix,37.0,STR,66.496
Austrian Grand Prix,37.0,COL,64.822
Austrian Grand Prix,37.0,TSU,82.171
Austrian Grand Prix,38.0,NOR,0.0
Austrian Grand Prix,38.0,PIA,4.793
Austrian Grand Prix,38.0,LEC,18.812
Austrian Grand Prix,38.0,HAM,22.438
Austrian Grand Prix,38.0,RUS,39.489
Austrian Grand Prix,38.0,LAW,58.38
Austrian Grand Prix,38.0,ALO,59.699
Austrian Grand Prix,38.0,BOR,43.033
Austrian Grand Prix,38.0,HUL,47.372
Austrian Grand Prix,38.0,OCO,49.831
Austrian Grand Prix,38.0,BEA,55.133
Austrian Grand Prix,38.0,HAD,62.331
Austrian Grand Prix,38.0,GAS,61.172
Austrian Grand Prix,38.0,STR,67.689
Austrian Grand Prix,38.0,COL,67.21
Austrian Grand Prix,38.0,TSU,82.463
Austrian Grand Prix,39.0,NOR,0.0
Austrian Grand Prix,39.0,PIA,4.275
Austrian Grand Prix,39.0,LEC,18.358
Austrian Grand Prix,39.0,HAM,22.538
Austrian Grand Prix,39.0,RUS,39.935
Austrian Grand Prix,39.0,LAW,58.775
Austrian Grand Prix,39.0,ALO,59.679
Austrian Grand Prix,39.0,BOR,44.007
Austrian Grand Prix,39.0,HUL,48.323
Austrian Grand Prix,39.0,OCO,50.678
Austrian Grand Prix,39.0,BEA,59.261
Austrian Grand Prix,39.0,HAD,62.713
Austrian Grand Prix,39.0,GAS,79.815
Austrian Grand Prix,39.0,STR,68.447
Austrian Grand Prix,39.0,COL,72.948
Austrian Grand Prix,39.0,TSU,82.764
Austrian Grand Prix,40.0,NOR,0.0
Austrian Grand Prix,40.0,PIA,3.23
Austrian Grand Prix,40.0,LEC,17.292
Austrian Grand Prix,40.0,HAM,21.497
Austrian Grand Prix,40.0,RUS,39.958
Austrian Grand Prix,40.0,LAW,58.18
Austrian Grand Prix,40.0,ALO,59.172
Austrian Grand Prix,40.0,BOR,44.12
Austrian Grand Prix,40.0,HUL,48.349
Austrian Grand Prix,40.0,OCO,50.593
Austrian Grand Prix,40.0,BEA,76.818
Austrian Grand Prix,40.0,HAD,62.235
Austrian Grand Prix,40.0,GAS,79.89
Austrian Grand Prix,40.0,STR,68.838
Austrian Grand Prix,40.0,COL,89.672
Austrian Grand Prix,40.0,TSU,82.568
Austrian Grand Prix,41.0,NOR,0.0
Austrian Grand Prix,41.0,PIA,3.068
Austrian Grand Prix,41.0,LEC,17.157
Austrian Grand Prix,41.0,HAM,21.704
Austrian Grand Prix,41.0,RUS,40.791
Austrian Grand Prix,41.0,LAW,58.403
Austrian Grand Prix,41.0,ALO,59.33
Austrian Grand Prix,41.0,BOR,45.208
Austrian Grand Prix,41.0,HUL,49.491
Austrian Grand Prix,41.0,OCO,51.619
Austrian Grand Prix,41.0,BEA,77.3
Austrian Grand Prix,41.0,HAD,62.641
Austrian Grand Prix,41.0,GAS,80.232
Austrian Grand Prix,41.0,STR,71.23
Austrian Grand Prix,41.0,COL,89.917
Austrian Grand Prix,41.0,TSU,82.98
Austrian Grand Prix,42.0,NOR,0.0
Austrian Grand Prix,42.0,PIA,3.06
Austrian Grand Prix,42.0,LEC,17.128
Austrian Grand Prix,42.0,HAM,21.983
Austrian Grand Prix,42.0,RUS,41.686
Austrian Grand Prix,42.0,LAW,58.591
Austrian Grand Prix,42.0,ALO,59.486
Austrian Grand Prix,42.0,BOR,45.912
Austrian Grand Prix,42.0,HUL,54.162
Austrian Grand Prix,42.0,OCO,52.64
Austrian Grand Prix,42.0,BEA,77.452
Austrian Grand Prix,42.0,HAD,63.07
Austrian Grand Prix,42.0,GAS,80.887
Austrian Grand Prix,42.0,STR,72.166
Austrian Grand Prix,42.0,COL,90.075
Austrian Grand Prix,42.0,TSU,83.588
Austrian Grand Prix,43.0,NOR,0.0
Austrian Grand Prix,43.0,PIA,3.525
Austrian Grand Prix,43.0,LEC,17.209
Austrian Grand Prix,43.0,HAM,22.268
Austrian Grand Prix,43.0,RUS,42.631
Austrian Grand Prix,43.0,LAW,59.116
Austrian Grand Prix,43.0,ALO,59.916
Austrian Grand Prix,43.0,BOR,47.049
Austrian Grand Prix,43.0,HUL,71.552
Austrian Grand Prix,43.0,OCO,53.664
Austrian Grand Prix,43.0,BEA,77.775
Austrian Grand Prix,43.0,HAD,63.811
Austrian Grand Prix,43.0,GAS,81.465
Austrian Grand Prix,43.0,STR,74.568
Austrian Grand Prix,43.0,COL,90.185
Austrian Grand Prix,43.0,TSU,84.498
Austrian Grand Prix,44.0,NOR,0.0
Austrian Grand Prix,44.0,PIA,3.598
Austrian Grand Prix,44.0,LEC,17.382
Austrian Grand Prix,44.0,HAM,22.8
Austrian Grand Prix,44.0,RUS,43.742
Austrian Grand Prix,44.0,LAW,59.835
Austrian Grand Prix,44.0,ALO,60.613
Austrian Grand Prix,44.0,BOR,48.378
Austrian Grand Prix,44.0,HUL,72.463
Austrian Grand Prix,44.0,OCO,54.838
Austrian Grand Prix,44.0,BEA,78.337
Austrian Grand Prix,44.0,HAD,64.395
Austrian Grand Prix,44.0,GAS,82.229
Austrian Grand Prix,44.0,STR,76.007
Austrian Grand Prix,44.0,COL,90.165
Austrian Grand Prix,44.0,TSU,85.426
Austrian Grand Prix,45.0,NOR,0.0
Austrian Grand Prix,45.0,PIA,3.705
Austrian Grand Prix,45.0,LEC,17.317
Austrian Grand Prix,45.0,HAM,23.366
Austrian Grand Prix,45.0,RUS,47.921
Austrian Grand Prix,45.0,LAW,59.909
Austrian Grand Prix,45.0,ALO,60.824
Austrian Grand Prix,45.0,BOR,49.187
Austrian Grand Prix,45.0,HUL,72.587
Austrian Grand Prix,45.0,OCO,55.622
Austrian Grand Prix,45.0,BEA,78.473
Austrian Grand Prix,45.0,HAD,64.725
Austrian Grand Prix,45.0,GAS,82.364
Austrian Grand Prix,45.0,STR,77.14
Austrian Grand Prix,45.0,COL,89.964
Austrian Grand Prix,45.0,TSU,85.732
Austrian Grand Prix,46.0,NOR,0.0
Austrian Grand Prix,46.0,PIA,4.076
Austrian Grand Prix,46.0,LEC,17.564
Austrian Grand Prix,46.0,HAM,24.035
Austrian Grand Prix,46.0,RUS,65.083
Austrian Grand Prix,46.0,LAW,60.317
Austrian Grand Prix,46.0,ALO,61.118
Austrian Grand Prix,46.0,BOR,50.412
Austrian Grand Prix,46.0,HUL,75.272
Austrian Grand Prix,46.0,OCO,56.545
Austrian Grand Prix,46.0,BEA,79.093
Austrian Grand Prix,46.0,HAD,66.258
Austrian Grand Prix,46.0,GAS,82.838
Austrian Grand Prix,46.0,STR,78.275
Austrian Grand Prix,46.0,COL,90.07
Austrian Grand Prix,46.0,TSU,86.566
Austrian Grand Prix,47.0,NOR,0.0
Austrian Grand Prix,47.0,PIA,3.577
Austrian Grand Prix,47.0,LEC,17.481
Austrian Grand Prix,47.0,HAM,24.347
Austrian Grand Prix,47.0,RUS,64.485
Austrian Grand Prix,47.0,LAW,60.415
Austrian Grand Prix,47.0,ALO,61.277
Austrian Grand Prix,47.0,BOR,51.146
Austrian Grand Prix,47.0,HUL,75.755
Austrian Grand Prix,47.0,OCO,57.28
Austrian Grand Prix,47.0,BEA,79.77
Austrian Grand Prix,47.0,HAD,66.7
Austrian Grand Prix,47.0,GAS,83.078
Austrian Grand Prix,47.0,STR,79.368
Austrian Grand Prix,47.0,COL,90.639
Austrian Grand Prix,47.0,TSU,88.995
Austrian Grand Prix,48.0,NOR,0.0
Austrian Grand Prix,48.0,PIA,4.125
Austrian Grand Prix,48.0,LEC,17.167
Austrian Grand Prix,48.0,HAM,26.051
Austrian Grand Prix,48.0,RUS,63.944
Austrian Grand Prix,48.0,LAW,60.586
Austrian Grand Prix,48.0,ALO,61.506
Austrian Grand Prix,48.0,BOR,52.264
Austrian Grand Prix,48.0,HUL,76.327
Austrian Grand Prix,48.0,OCO,58.05
Austrian Grand Prix,48.0,BEA,80.004
Austrian Grand Prix,48.0,HAD,67.082
Austrian Grand Prix,48.0,GAS,83.481
Austrian Grand Prix,48.0,STR,81.532
Austrian Grand Prix,48.0,COL,90.959
Austrian Grand Prix,48.0,TSU,89.633
Austrian Grand Prix,49.0,NOR,0.0
Austrian Grand Prix,49.0,PIA,4.253
Austrian Grand Prix,49.0,LEC,20.979
Austrian Grand Prix,49.0,HAM,26.411
Austrian Grand Prix,49.0,RUS,63.695
Austrian Grand Prix,49.0,LAW,60.738
Austrian Grand Prix,49.0,ALO,61.637
Austrian Grand Prix,49.0,BOR,56.865
Austrian Grand Prix,49.0,HUL,76.512
Austrian Grand Prix,49.0,OCO,58.804
Austrian Grand Prix,49.0,BEA,80.249
Austrian Grand Prix,49.0,HAD,67.333
Austrian Grand Prix,49.0,GAS,83.963
Austrian Grand Prix,49.0,STR,82.652
Austrian Grand Prix,49.0,COL,91.346
Austrian Grand Prix,49.0,TSU,90.218
Austrian Grand Prix,50.0,NOR,0.0
Austrian Grand Prix,50.0,PIA,4.105
Austrian Grand Prix,50.0,LEC,38.107
Austrian Grand Prix,50.0,HAM,30.14
Austrian Grand Prix,50.0,RUS,63.436
Austrian Grand Prix,50.0,LAW,60.93
Austrian Grand Prix,50.0,ALO,61.729
Austrian Grand Prix,50.0,BOR,75.488
Austrian Grand Prix,50.0,HUL,76.936
Austrian Grand Prix,50.0,OCO,63.263
Austrian Grand Prix,50.0,BEA,80.508
Austrian Grand Prix,50.0,HAD,67.747
Austrian Grand Prix,50.0,GAS,84.465
Austrian Grand Prix,50.0,STR,83.434
Austrian Grand Prix,50.0,COL,91.736
Austrian Grand Prix,50.0,TSU,90.668
Austrian Grand Prix,51.0,NOR,0.0
Austrian Grand Prix,51.0,PIA,3.927
Austrian Grand Prix,51.0,LEC,37.348
Austrian Grand Prix,51.0,HAM,45.575
Austrian Grand Prix,51.0,RUS,63.034
Austrian Grand Prix,51.0,LAW,60.815
Austrian Grand Prix,51.0,ALO,61.766
Austrian Grand Prix,51.0,BOR,75.193
Austrian Grand Prix,51.0,HUL,76.806
Austrian Grand Prix,51.0,OCO,80.586
Austrian Grand Prix,51.0,BEA,81.882
Austrian Grand Prix,51.0,HAD,68.68
Austrian Grand Prix,51.0,GAS,85.306
Austrian Grand Prix,51.0,STR,84.478
Austrian Grand Prix,51.0,COL,91.962
Austrian Grand Prix,51.0,TSU,91.145
Austrian Grand Prix,52.0,NOR,0.011
Austrian Grand Prix,52.0,PIA,0.0
Austrian Grand Prix,52.0,LEC,32.829
Austrian Grand Prix,52.0,HAM,40.749
Austrian Grand Prix,52.0,RUS,59.069
Austrian Grand Prix,52.0,LAW,57.248
Austrian Grand Prix,52.0,ALO,58.15
Austrian Grand Prix,52.0,BOR,71.038
Austrian Grand Prix,52.0,HUL,73.158
Austrian Grand Prix,52.0,OCO,76.332
Austrian Grand Prix,52.0,BEA,78.352
Austrian Grand Prix,52.0,HAD,65.963
Austrian Grand Prix,52.0,GAS,82.267
Austrian Grand Prix,52.0,STR,81.688
Austrian Grand Prix,52.0,COL,88.885
Austrian Grand Prix,52.0,TSU,88.387
Austrian Grand Prix,53.0,NOR,13.098
Austrian Grand Prix,53.0,PIA,0.0
Austrian Grand Prix,53.0,LEC,29.135
Austrian Grand Prix,53.0,HAM,36.339
Austrian Grand Prix,53.0,RUS,55.932
Austrian Grand Prix,53.0,LAW,54.362
Austrian Grand Prix,53.0,ALO,55.319
Austrian Grand Prix,53.0,BOR,67.433
Austrian Grand Prix,53.0,HUL,70.065
Austrian Grand Prix,53.0,OCO,72.877
Austrian Grand Prix,53.0,BEA,75.787
Austrian Grand Prix,53.0,HAD,64.139
Austrian Grand Prix,53.0,GAS,79.612
Austrian Grand Prix,53.0,STR,84.286
Austrian Grand Prix,53.0,COL,88.663
Austrian Grand Prix,53.0,TSU,88.236
Austrian Grand Prix,54.0,NOR,0.0
Austrian Grand Prix,54.0,PIA,4.22
Austrian Grand Prix,54.0,LEC,16.076
Austrian Grand Prix,54.0,HAM,23.231
Austrian Grand Prix,54.0,RUS,43.624
Austrian Grand Prix,54.0,LAW,42.809
Austrian Grand Prix,54.0,ALO,44.409
Austrian Grand Prix,54.0,BOR,55.022
Austrian Grand Prix,54.0,HUL,57.835
Austrian Grand Prix,54.0,OCO,60.643
Austrian Grand Prix,54.0,BEA,64.394
Austrian Grand Prix,54.0,HAD,53.52
Austrian Grand Prix,54.0,GAS,69.337
Austrian Grand Prix,54.0,STR,89.396
Austrian Grand Prix,54.0,COL,77.425
Austrian Grand Prix,54.0,TSU,78.448
Austrian Grand Prix,55.0,NOR,0.0
Austrian Grand Prix,55.0,PIA,3.421
Austrian Grand Prix,55.0,LEC,15.689
Austrian Grand Prix,55.0,HAM,22.631
Austrian Grand Prix,55.0,RUS,44.005
Austrian Grand Prix,55.0,LAW,45.277
Austrian Grand Prix,55.0,ALO,45.911
Austrian Grand Prix,55.0,BOR,55.972
Austrian Grand Prix,55.0,HUL,58.666
Austrian Grand Prix,55.0,OCO,60.836
Austrian Grand Prix,55.0,BEA,65.251
Austrian Grand Prix,55.0,HAD,55.593
Austrian Grand Prix,55.0,GAS,71.208
Austrian Grand Prix,55.0,STR,89.253
Austrian Grand Prix,55.0,COL,78.748
Austrian Grand Prix,55.0,TSU,80.003
Austrian Grand Prix,56.0,NOR,0.0
Austrian Grand Prix,56.0,PIA,3.177
Austrian Grand Prix,56.0,LEC,15.927
Austrian Grand Prix,56.0,HAM,23.093
Austrian Grand Prix,56.0,RUS,45.409
Austrian Grand Prix,56.0,LAW,47.206
Austrian Grand Prix,56.0,ALO,47.993
Austrian Grand Prix,56.0,BOR,57.297
Austrian Grand Prix,56.0,HUL,60.011
Austrian Grand Prix,56.0,OCO,62.074
Austrian Grand Prix,56.0,BEA,67.001
Austrian Grand Prix,56.0,HAD,59.226
Austrian Grand Prix,56.0,GAS,74.213
Austrian Grand Prix,56.0,STR,90.189
Austrian Grand Prix,56.0,COL,80.79
Austrian Grand Prix,56.0,TSU,82.499
Austrian Grand Prix,57.0,NOR,0.0
Austrian Grand Prix,57.0,PIA,3.364
Austrian Grand Prix,57.0,LEC,16.18
Austrian Grand Prix,57.0,HAM,23.479
Austrian Grand Prix,57.0,RUS,46.71
Austrian Grand Prix,57.0,LAW,48.91
Austrian Grand Prix,57.0,ALO,49.636
Austrian Grand Prix,57.0,BOR,58.7
Austrian Grand Prix,57.0,HUL,60.918
Austrian Grand Prix,57.0,OCO,63.399
Austrian Grand Prix,57.0,BEA,70.459
Austrian Grand Prix,57.0,HAD,62.832
Austrian Grand Prix,57.0,GAS,75.945
Austrian Grand Prix,57.0,STR,91.089
Austrian Grand Prix,57.0,COL,82.454
Austrian Grand Prix,57.0,TSU,85.926
Austrian Grand Prix,58.0,NOR,0.0
Austrian Grand Prix,58.0,PIA,3.195
Austrian Grand Prix,58.0,LEC,16.693
Austrian Grand Prix,58.0,HAM,23.822
Austrian Grand Prix,58.0,RUS,48.182
Austrian Grand Prix,58.0,LAW,50.561
Austrian Grand Prix,58.0,ALO,51.564
Austrian Grand Prix,58.0,BOR,60.022
Austrian Grand Prix,58.0,HUL,62.253
Austrian Grand Prix,58.0,OCO,64.694
Austrian Grand Prix,58.0,BEA,73.446
Austrian Grand Prix,58.0,HAD,66.351
Austrian Grand Prix,58.0,GAS,78.063
Austrian Grand Prix,58.0,STR,94.156
Austrian Grand Prix,58.0,COL,84.456
Austrian Grand Prix,58.0,TSU,88.015
Austrian Grand Prix,59.0,NOR,0.0
Austrian Grand Prix,59.0,PIA,2.684
Austrian Grand Prix,59.0,LEC,17.194
Austrian Grand Prix,59.0,HAM,24.697
Austrian Grand Prix,59.0,RUS,49.472
Austrian Grand Prix,59.0,LAW,52.393
Austrian Grand Prix,59.0,ALO,53.381
Austrian Grand Prix,59.0,BOR,60.876
Austrian Grand Prix,59.0,HUL,63.278
Austrian Grand Prix,59.0,OCO,65.917
Austrian Grand Prix,59.0,BEA,75.494
Austrian Grand Prix,59.0,HAD,69.815
Austrian Grand Prix,59.0,GAS,79.85
Austrian Grand Prix,59.0,STR,95.303
Austrian Grand Prix,59.0,COL,87.873
Austrian Grand Prix,59.0,TSU,90.42
Austrian Grand Prix,60.0,NOR,0.0
Austrian Grand Prix,60.0,PIA,2.091
Austrian Grand Prix,60.0,LEC,17.556
Austrian Grand Prix,60.0,HAM,25.343
Austrian Grand Prix,60.0,RUS,50.756
Austrian Grand Prix,60.0,LAW,53.894
Austrian Grand Prix,60.0,ALO,54.852
Austrian Grand Prix,60.0,BOR,61.445
Austrian Grand Prix,60.0,HUL,64.392
Austrian Grand Prix,60.0,OCO,66.919
Austrian Grand Prix,60.0,BEA,77.076
Austrian Grand Prix,60.0,HAD,73.403
Austrian Grand Prix,60.0,GAS,82.153
Austrian Grand Prix,60.0,STR,96.249
Austrian Grand Prix,60.0,COL,89.661
Austrian Grand Prix,60.0,TSU,95.775
Austrian Grand Prix,61.0,NOR,0.0
Austrian Grand Prix,61.0,PIA,1.9809999999999999
Austrian Grand Prix,61.0,LEC,18.095
Austrian Grand Prix,61.0,HAM,26.337
Austrian Grand Prix,61.0,RUS,52.354
Austrian Grand Prix,61.0,LAW,55.787
Austrian Grand Prix,61.0,ALO,56.778
Austrian Grand Prix,61.0,BOR,62.475
Austrian Grand Prix,61.0,HUL,65.862
Austrian Grand Prix,61.0,OCO,71.308
Austrian Grand Prix,61.0,BEA,78.966
Austrian Grand Prix,61.0,HAD,76.395
Austrian Grand Prix,61.0,GAS,84.784
Austrian Grand Prix,61.0,STR,97.785
Austrian Grand Prix,61.0,COL,91.809
Austrian Grand Prix,61.0,TSU,128.141
Austrian Grand Prix,62.0,NOR,0.0
Austrian Grand Prix,62.0,PIA,1.688
Austrian Grand Prix,62.0,LEC,18.28
Austrian Grand Prix,62.0,HAM,26.959
Austrian Grand Prix,62.0,RUS,53.606
Austrian Grand Prix,62.0,LAW,57.442
Austrian Grand Prix,62.0,ALO,58.285
Austrian Grand Prix,62.0,BOR,63.185
Austrian Grand Prix,62.0,HUL,67.193
Austrian Grand Prix,62.0,OCO,72.424
Austrian Grand Prix,62.0,BEA,81.083
Austrian Grand Prix,62.0,HAD,78.988
Austrian Grand Prix,62.0,GAS,87.287
Austrian Grand Prix,62.0,STR,98.784
Austrian Grand Prix,62.0,COL,93.637
Austrian Grand Prix,62.0,TSU,129.278
Austrian Grand Prix,63.0,NOR,0.0
Austrian Grand Prix,63.0,PIA,1.893
Austrian Grand Prix,63.0,LEC,18.948
Austrian Grand Prix,63.0,HAM,27.503
Austrian Grand Prix,63.0,RUS,55.015
Austrian Grand Prix,63.0,LAW,59.132
Austrian Grand Prix,63.0,ALO,60.049
Austrian Grand Prix,63.0,BOR,63.748
Austrian Grand Prix,63.0,HUL,70.165
Austrian Grand Prix,63.0,OCO,73.743
Austrian Grand Prix,63.0,BEA,82.83
Austrian Grand Prix,63.0,HAD,81.697
Austrian Grand Prix,63.0,GAS,90.209
Austrian Grand Prix,63.0,STR,99.362
Austrian Grand Prix,63.0,COL,95.365
Austrian Grand Prix,63.0,TSU,130.832
Austrian Grand Prix,64.0,NOR,0.0
Austrian Grand Prix,64.0,PIA,2.19
Austrian Grand Prix,64.0,LEC,19.56
Austrian Grand Prix,64.0,HAM,27.936
Austrian Grand Prix,64.0,RUS,56.533
Austrian Grand Prix,64.0,LAW,60.733
Austrian Grand Prix,64.0,ALO,61.649
Austrian Grand Prix,64.0,BOR,64.347
Austrian Grand Prix,64.0,HUL,72.156
Austrian Grand Prix,64.0,OCO,74.832
Austrian Grand Prix,64.0,BEA,85.128
Austrian Grand Prix,64.0,HAD,84.098
Austrian Grand Prix,64.0,GAS,92.274
Austrian Grand Prix,64.0,STR,100.261
Austrian Grand Prix,64.0,COL,99.024
Austrian Grand Prix,64.0,TSU,132.738
Austrian Grand Prix,65.0,NOR,0.0
Austrian Grand Prix,65.0,PIA,1.9260000000000002
Austrian Grand Prix,65.0,LEC,20.069
Austrian Grand Prix,65.0,HAM,28.629
Austrian Grand Prix,65.0,RUS,58.01
Austrian Grand Prix,65.0,LAW,62.197
Austrian Grand Prix,65.0,ALO,63.295
Austrian Grand Prix,65.0,BOR,65.009
Austrian Grand Prix,65.0,HUL,73.212
Austrian Grand Prix,65.0,OCO,76.07
Austrian Grand Prix,65.0,BEA,87.283
Austrian Grand Prix,65.0,HAD,86.641
Austrian Grand Prix,65.0,GAS,94.408
Austrian Grand Prix,65.0,STR,101.462
Austrian Grand Prix,65.0,COL,101.123
Austrian Grand Prix,65.0,TSU,136.11
Austrian Grand Prix,66.0,NOR,0.0
Austrian Grand Prix,66.0,PIA,1.92
Austrian Grand Prix,66.0,LEC,20.204
Austrian Grand Prix,66.0,HAM,28.903
Austrian Grand Prix,66.0,RUS,59.583
Austrian Grand Prix,66.0,LAW,63.733
Austrian Grand Prix,66.0,ALO,65.37
Austrian Grand Prix,66.0,BOR,65.91
Austrian Grand Prix,66.0,HUL,74.544
Austrian Grand Prix,66.0,OCO,77.37
Austrian Grand Prix,66.0,BEA,89.039
Austrian Grand Prix,66.0,HAD,91.577
Austrian Grand Prix,66.0,GAS,96.511
Austrian Grand Prix,66.0,STR,102.604
Austrian Grand Prix,66.0,COL,103.806
Austrian Grand Prix,66.0,TSU,137.843
Austrian Grand Prix,67.0,NOR,0.0
Austrian Grand Prix,67.0,PIA,1.907
Austrian Grand Prix,67.0,LEC,21.12
Austrian Grand Prix,67.0,HAM,29.318
Austrian Grand Prix,67.0,RUS,60.988
Austrian Grand Prix,67.0,LAW,65.089
Austrian Grand Prix,67.0,ALO,67.236
Austrian Grand Prix,67.0,BOR,67.566
Austrian Grand Prix,67.0,HUL,75.718
Austrian Grand Prix,67.0,OCO,78.447
Austrian Grand Prix,67.0,BEA,92.684
Austrian Grand Prix,67.0,HAD,94.192
Austrian Grand Prix,67.0,GAS,99.947
Austrian Grand Prix,67.0,STR,103.291
Austrian Grand Prix,67.0,COL,105.634
Austrian Grand Prix,67.0,TSU,141.908
Austrian Grand Prix,68.0,NOR,0.0
Austrian Grand Prix,68.0,PIA,1.72
Austrian Grand Prix,68.0,LEC,20.948
Austrian Grand Prix,68.0,HAM,29.432
Austrian Grand Prix,68.0,RUS,61.891
Austrian Grand Prix,68.0,LAW,65.804
Austrian Grand Prix,68.0,ALO,69.247
Austrian Grand Prix,68.0,BOR,70.347
Austrian Grand Prix,68.0,HUL,76.552
Austrian Grand Prix,68.0,OCO,79.233
Austrian Grand Prix,68.0,BEA,93.971
Austrian Grand Prix,68.0,HAD,96.113
Austrian Grand Prix,68.0,GAS,101.303
Austrian Grand Prix,68.0,STR,103.276
Austrian Grand Prix,68.0,COL,106.851
Austrian Grand Prix,68.0,TSU,142.254
Austrian Grand Prix,69.0,NOR,0.0
Austrian Grand Prix,69.0,PIA,1.3439999999999999
Austrian Grand Prix,69.0,LEC,20.225
Austrian Grand Prix,69.0,HAM,28.898
Austrian Grand Prix,69.0,RUS,62.007
Austrian Grand Prix,69.0,LAW,66.127
Austrian Grand Prix,69.0,ALO,70.868
Austrian Grand Prix,69.0,BOR,71.383
Austrian Grand Prix,69.0,HUL,77.151
Austrian Grand Prix,69.0,OCO,79.417
Austrian Grand Prix,69.0,BEA,94.285
Austrian Grand Prix,69.0,HAD,97.388
Austrian Grand Prix,69.0,GAS,102.486
Austrian Grand Prix,69.0,STR,103.893
Austrian Grand Prix,69.0,COL,107.123
Austrian Grand Prix,70.0,NOR,0.0
Austrian Grand Prix,70.0,PIA,2.695
Austrian Grand Prix,70.0,LEC,19.82
Austrian Grand Prix,70.0,HAM,29.02
Austrian Grand Prix,70.0,RUS,62.396
Austrian Grand Prix,70.0,LAW,67.754
British Grand Prix,1.0,VER,0.0
British Grand Prix,1.0,GAS,3.238
British Grand Prix,1.0,ANT,5.784
British Grand Prix,1.0,ALO,4.648
British Grand Prix,1.0,LEC,26.158
British Grand Prix,1.0,STR,8.393
British Grand Prix,1.0,TSU,7.077
British Grand Prix,1.0,ALB,6.36
British Grand Prix,1.0,HUL,7.6129999999999995
British Grand Prix,1.0,LAW,0.0
British Grand Prix,1.0,OCO,8.826
British Grand Prix,1.0,NOR,2.376
British Grand Prix,1.0,HAM,3.007
British Grand Prix,1.0,BOR,29.382
British Grand Prix,1.0,SAI,5.434
British Grand Prix,1.0,HAD,27.351
British Grand Prix,1.0,RUS,24.747
British Grand Prix,1.0,PIA,0.734
British Grand Prix,1.0,BEA,30.522
British Grand Prix,2.0,VER,0.0
British Grand Prix,2.0,GAS,5.861
British Grand Prix,2.0,ANT,3.415
British Grand Prix,2.0,ALO,6.726
British Grand Prix,2.0,LEC,28.428
British Grand Prix,2.0,STR,12.794
British Grand Prix,2.0,TSU,10.381
British Grand Prix,2.0,ALB,9.527
British Grand Prix,2.0,HUL,11.645
British Grand Prix,2.0,OCO,14.161
British Grand Prix,2.0,NOR,3.023
British Grand Prix,2.0,HAM,5.02
British Grand Prix,2.0,BOR,31.564
British Grand Prix,2.0,SAI,7.913
British Grand Prix,2.0,HAD,30.468
British Grand Prix,2.0,RUS,26.087
British Grand Prix,2.0,PIA,0.267
British Grand Prix,2.0,BEA,32.044
British Grand Prix,3.0,VER,0.0
British Grand Prix,3.0,GAS,5.922
British Grand Prix,3.0,ANT,19.617
British Grand Prix,3.0,ALO,6.596
British Grand Prix,3.0,LEC,26.943
British Grand Prix,3.0,STR,11.364
British Grand Prix,3.0,TSU,9.548
British Grand Prix,3.0,ALB,8.826
British Grand Prix,3.0,HUL,10.151
British Grand Prix,3.0,OCO,12.377
British Grand Prix,3.0,NOR,3.109
British Grand Prix,3.0,HAM,4.025
British Grand Prix,3.0,BOR,30.328
British Grand Prix,3.0,SAI,7.796
British Grand Prix,3.0,HAD,29.092
British Grand Prix,3.0,RUS,25.157
British Grand Prix,3.0,PIA,0.705
British Grand Prix,3.0,BEA,31.896
British Grand Prix,4.0,VER,0.0
British Grand Prix,4.0,GAS,5.82
British Grand Prix,4.0,ANT,29.084
British Grand Prix,4.0,ALO,6.7059999999999995
British Grand Prix,4.0,LEC,34.368
British Grand Prix,4.0,STR,11.993
British Grand Prix,4.0,TSU,10.038
British Grand Prix,4.0,ALB,9.032
British Grand Prix,4.0,HUL,11.146
British Grand Prix,4.0,OCO,13.075
British Grand Prix,4.0,NOR,3.292
British Grand Prix,4.0,HAM,4.79
British Grand Prix,4.0,BOR,74.76
British Grand Prix,4.0,SAI,8.244
British Grand Prix,4.0,HAD,37.066
British Grand Prix,4.0,RUS,31.007
British Grand Prix,4.0,PIA,0.965
British Grand Prix,4.0,BEA,38.283
British Grand Prix,5.0,VER,0.0
British Grand Prix,5.0,GAS,9.989
British Grand Prix,5.0,ANT,46.08
British Grand Prix,5.0,ALO,11.433
British Grand Prix,5.0,LEC,48.017
British Grand Prix,5.0,STR,19.079
British Grand Prix,5.0,TSU,16.335
British Grand Prix,5.0,ALB,15.084
British Grand Prix,5.0,HUL,17.912
British Grand Prix,5.0,OCO,20.431
British Grand Prix,5.0,NOR,3.516
British Grand Prix,5.0,HAM,7.658
British Grand Prix,5.0,SAI,14.079
British Grand Prix,5.0,HAD,52.105
British Grand Prix,5.0,RUS,41.623
British Grand Prix,5.0,PIA,0.611
British Grand Prix,5.0,BEA,53.767
British Grand Prix,6.0,VER,0.0
British Grand Prix,6.0,GAS,6.466
British Grand Prix,6.0,ANT,42.053
British Grand Prix,6.0,ALO,8.287
British Grand Prix,6.0,LEC,46.137
British Grand Prix,6.0,STR,11.277
British Grand Prix,6.0,TSU,12.413
British Grand Prix,6.0,ALB,11.503
British Grand Prix,6.0,HUL,14.263
British Grand Prix,6.0,OCO,16.379
British Grand Prix,6.0,NOR,2.96
British Grand Prix,6.0,HAM,4.614
British Grand Prix,6.0,SAI,9.867
British Grand Prix,6.0,HAD,50.077
British Grand Prix,6.0,RUS,39.322
British Grand Prix,6.0,PIA,0.448
British Grand Prix,6.0,BEA,51.445
British Grand Prix,7.0,VER,0.0
British Grand Prix,7.0,GAS,6.948
British Grand Prix,7.0,ANT,35.042
British Grand Prix,7.0,ALO,7.803
British Grand Prix,7.0,LEC,36.132
British Grand Prix,7.0,STR,20.553
British Grand Prix,7.0,TSU,11.909
British Grand Prix,7.0,ALB,10.55
British Grand Prix,7.0,HUL,13.453
British Grand Prix,7.0,OCO,15.267
British Grand Prix,7.0,NOR,3.637
British Grand Prix,7.0,HAM,6.076
British Grand Prix,7.0,SAI,9.525
British Grand Prix,7.0,HAD,39.281
British Grand Prix,7.0,RUS,30.45
British Grand Prix,7.0,PIA,0.671
British Grand Prix,7.0,BEA,40.11
British Grand Prix,8.0,VER,0.992
British Grand Prix,8.0,GAS,8.189
British Grand Prix,8.0,ANT,35.776
British Grand Prix,8.0,ALO,9.381
British Grand Prix,8.0,LEC,36.02
British Grand Prix,8.0,STR,19.064
British Grand Prix,8.0,TSU,14.024
British Grand Prix,8.0,ALB,12.204
British Grand Prix,8.0,HUL,15.128
British Grand Prix,8.0,OCO,17.718
British Grand Prix,8.0,NOR,3.664
British Grand Prix,8.0,HAM,7.336
British Grand Prix,8.0,SAI,10.91
British Grand Prix,8.0,HAD,38.198
British Grand Prix,8.0,RUS,26.895
British Grand Prix,8.0,PIA,0.0
British Grand Prix,8.0,BEA,39.279
British Grand Prix,9.0,VER,2.925
British Grand Prix,9.0,GAS,11.758
British Grand Prix,9.0,ANT,30.719
British Grand Prix,9.0,ALO,12.557
British Grand Prix,9.0,LEC,32.568
British Grand Prix,9.0,STR,19.583
British Grand Prix,9.0,TSU,18.631
British Grand Prix,9.0,ALB,16.699
British Grand Prix,9.0,HUL,16.614
British Grand Prix,9.0,OCO,22.686
British Grand Prix,9.0,NOR,4.866
British Grand Prix,9.0,HAM,10.992
British Grand Prix,9.0,SAI,14.336
British Grand Prix,9.0,HAD,35.51
British Grand Prix,9.0,RUS,24.005
British Grand Prix,9.0,PIA,0.0
British Grand Prix,9.0,BEA,37.317
British Grand Prix,10.0,VER,4.467
British Grand Prix,10.0,GAS,15.821
British Grand Prix,10.0,ANT,51.808
British Grand Prix,10.0,ALO,16.618
British Grand Prix,10.0,LEC,27.77
British Grand Prix,10.0,STR,15.401
British Grand Prix,10.0,TSU,23.824
British Grand Prix,10.0,ALB,21.027
British Grand Prix,10.0,HUL,36.396
British Grand Prix,10.0,OCO,27.566
British Grand Prix,10.0,NOR,5.833
British Grand Prix,10.0,HAM,14.344
British Grand Prix,10.0,SAI,17.977
British Grand Prix,10.0,HAD,33.311
British Grand Prix,10.0,RUS,21.532
British Grand Prix,10.0,PIA,0.0
British Grand Prix,10.0,BEA,35.635
British Grand Prix,11.0,VER,9.027
British Grand Prix,11.0,GAS,19.124
British Grand Prix,11.0,ANT,54.31
British Grand Prix,11.0,ALO,20.159
British Grand Prix,11.0,LEC,50.409
British Grand Prix,11.0,STR,35.728
British Grand Prix,11.0,TSU,29.132
British Grand Prix,11.0,ALB,27.081
British Grand Prix,11.0,HUL,36.248
British Grand Prix,11.0,OCO,33.495
British Grand Prix,11.0,NOR,7.631
British Grand Prix,11.0,HAM,17.891
British Grand Prix,11.0,SAI,21.728
British Grand Prix,11.0,HAD,57.351
British Grand Prix,11.0,RUS,40.476
British Grand Prix,11.0,PIA,0.0
British Grand Prix,11.0,BEA,58.514
British Grand Prix,12.0,VER,9.791
British Grand Prix,12.0,GAS,19.977
British Grand Prix,12.0,ANT,35.169
British Grand Prix,12.0,ALO,21.525
British Grand Prix,12.0,LEC,32.401
British Grand Prix,12.0,STR,16.732
British Grand Prix,12.0,TSU,31.343
British Grand Prix,12.0,ALB,10.611
British Grand Prix,12.0,HUL,17.445
British Grand Prix,12.0,OCO,18.131
British Grand Prix,12.0,NOR,11.932
British Grand Prix,12.0,HAM,18.785
British Grand Prix,12.0,SAI,23.712
British Grand Prix,12.0,HAD,39.54
British Grand Prix,12.0,RUS,21.897
British Grand Prix,12.0,PIA,0.0
British Grand Prix,12.0,BEA,40.874
British Grand Prix,13.0,VER,13.43
British Grand Prix,13.0,GAS,28.23
British Grand Prix,13.0,ANT,46.482
British Grand Prix,13.0,ALO,36.282
British Grand Prix,13.0,LEC,45.399
British Grand Prix,13.0,STR,21.281
British Grand Prix,13.0,TSU,43.52
British Grand Prix,13.0,ALB,41.786
British Grand Prix,13.0,HUL,23.675
British Grand Prix,13.0,OCO,30.715
British Grand Prix,13.0,NOR,13.952
British Grand Prix,13.0,HAM,31.954
British Grand Prix,13.0,SAI,39.228
British Grand Prix,13.0,HAD,49.171
British Grand Prix,13.0,RUS,34.091
British Grand Prix,13.0,PIA,0.0
British Grand Prix,13.0,BEA,52.001
British Grand Prix,14.0,VER,14.44
British Grand Prix,14.0,GAS,29.054
British Grand Prix,14.0,ANT,47.162
British Grand Prix,14.0,ALO,37.045
British Grand Prix,14.0,LEC,44.959
British Grand Prix,14.0,STR,24.231
British Grand Prix,14.0,TSU,41.259
British Grand Prix,14.0,ALB,39.667
British Grand Prix,14.0,HUL,26.472
British Grand Prix,14.0,OCO,31.402
British Grand Prix,14.0,NOR,17.002
British Grand Prix,14.0,HAM,32.767
British Grand Prix,14.0,SAI,39.061
British Grand Prix,14.0,HAD,49.738
British Grand Prix,14.0,RUS,36.145
British Grand Prix,14.0,PIA,0.0
British Grand Prix,14.0,BEA,53.042
British Grand Prix,15.0,VER,1.8639999999999999
British Grand Prix,15.0,GAS,7.268
British Grand Prix,15.0,ANT,17.731
British Grand Prix,15.0,ALO,11.041
British Grand Prix,15.0,LEC,16.787
British Grand Prix,15.0,STR,5.725
British Grand Prix,15.0,TSU,15.441
British Grand Prix,15.0,ALB,14.203
British Grand Prix,15.0,HUL,6.496
British Grand Prix,15.0,OCO,8.507
British Grand Prix,15.0,NOR,4.428
British Grand Prix,15.0,HAM,9.297
British Grand Prix,15.0,SAI,13.491
British Grand Prix,15.0,HAD,19.107
British Grand Prix,15.0,RUS,10.434
British Grand Prix,15.0,PIA,0.0
British Grand Prix,15.0,BEA,19.903
British Grand Prix,16.0,VER,1.137
British Grand Prix,16.0,GAS,7.383
British Grand Prix,16.0,ANT,16.721
British Grand Prix,16.0,ALO,11.049
British Grand Prix,16.0,LEC,15.778
British Grand Prix,16.0,STR,5.148
British Grand Prix,16.0,TSU,14.32
British Grand Prix,16.0,ALB,13.128
British Grand Prix,16.0,HUL,6.241
British Grand Prix,16.0,OCO,8.513
British Grand Prix,16.0,NOR,3.531
British Grand Prix,16.0,HAM,8.959
British Grand Prix,16.0,SAI,12.117
British Grand Prix,16.0,HAD,18.187
British Grand Prix,16.0,RUS,9.849
British Grand Prix,16.0,PIA,0.0
British Grand Prix,16.0,BEA,19.21
British Grand Prix,17.0,VER,0.966
British Grand Prix,17.0,GAS,3.945
British Grand Prix,17.0,ANT,9.195
British Grand Prix,17.0,ALO,6.246
British Grand Prix,17.0,LEC,8.606
British Grand Prix,17.0,STR,2.621
British Grand Prix,17.0,TSU,8.24
British Grand Prix,17.0,ALB,7.511
British Grand Prix,17.0,HUL,3.279
British Grand Prix,17.0,OCO,4.67
British Grand Prix,17.0,NOR,1.933
British Grand Prix,17.0,HAM,5.132
British Grand Prix,17.0,SAI,7.075
British Grand Prix,17.0,HAD,9.747
British Grand Prix,17.0,RUS,5.294
British Grand Prix,17.0,PIA,0.0
British Grand Prix,17.0,BEA,10.634
British Grand Prix,18.0,VER,1.588
British Grand Prix,18.0,GAS,10.683
British Grand Prix,18.0,ANT,24.951999999999998
British Grand Prix,18.0,ALO,15.232
British Grand Prix,18.0,LEC,20.897
British Grand Prix,18.0,STR,5.495
British Grand Prix,18.0,TSU,22.959
British Grand Prix,18.0,ALB,18.139
British Grand Prix,18.0,HUL,9.419
British Grand Prix,18.0,OCO,10.079
British Grand Prix,18.0,NOR,3.714
British Grand Prix,18.0,HAM,11.41
British Grand Prix,18.0,SAI,17.697
British Grand Prix,18.0,HAD,41.704
British Grand Prix,18.0,RUS,12.65
British Grand Prix,18.0,PIA,0.0
British Grand Prix,18.0,BEA,23.833
British Grand Prix,19.0,VER,1.705
British Grand Prix,19.0,GAS,7.852
British Grand Prix,19.0,ANT,16.526
British Grand Prix,19.0,ALO,11.247
British Grand Prix,19.0,LEC,14.171
British Grand Prix,19.0,STR,5.681
British Grand Prix,19.0,TSU,15.117
British Grand Prix,19.0,ALB,13.245
British Grand Prix,19.0,HUL,6.788
British Grand Prix,19.0,OCO,17.573
British Grand Prix,19.0,NOR,4.235
British Grand Prix,19.0,HAM,8.414
British Grand Prix,19.0,SAI,12.206
British Grand Prix,19.0,RUS,10.215
British Grand Prix,19.0,PIA,0.0
British Grand Prix,19.0,BEA,16.129
British Grand Prix,20.0,VER,1.112
British Grand Prix,20.0,GAS,7.868
British Grand Prix,20.0,ANT,7.761
British Grand Prix,20.0,ALO,11.251
British Grand Prix,20.0,LEC,15.759
British Grand Prix,20.0,STR,5.448
British Grand Prix,20.0,TSU,16.667
British Grand Prix,20.0,ALB,13.977
British Grand Prix,20.0,HUL,6.72
British Grand Prix,20.0,OCO,18.955
British Grand Prix,20.0,NOR,4.053
British Grand Prix,20.0,HAM,8.555
British Grand Prix,20.0,SAI,13.25
British Grand Prix,20.0,RUS,10.101
British Grand Prix,20.0,PIA,0.0
British Grand Prix,20.0,BEA,17.441
British Grand Prix,21.0,VER,7.727
British Grand Prix,21.0,GAS,4.52
British Grand Prix,21.0,ANT,10.98
British Grand Prix,21.0,ALO,6.306
British Grand Prix,21.0,LEC,8.666
British Grand Prix,21.0,STR,3.352
British Grand Prix,21.0,TSU,8.943999999999999
British Grand Prix,21.0,ALB,8.099
British Grand Prix,21.0,HUL,4.102
British Grand Prix,21.0,OCO,9.846
British Grand Prix,21.0,NOR,2.447
British Grand Prix,21.0,HAM,5.126
British Grand Prix,21.0,SAI,7.169
British Grand Prix,21.0,RUS,5.566
British Grand Prix,21.0,PIA,0.0
British Grand Prix,21.0,BEA,9.488
British Grand Prix,22.0,VER,14.251
British Grand Prix,22.0,GAS,9.909
British Grand Prix,22.0,ANT,21.987
British Grand Prix,22.0,ALO,12.2
British Grand Prix,22.0,LEC,15.963
British Grand Prix,22.0,STR,7.803
British Grand Prix,22.0,TSU,19.068
British Grand Prix,22.0,ALB,15.042
British Grand Prix,22.0,HUL,8.758
British Grand Prix,22.0,OCO,18.292
British Grand Prix,22.0,NOR,3.292
British Grand Prix,22.0,HAM,10.658
British Grand Prix,22.0,SAI,13.372
British Grand Prix,22.0,RUS,11.323
British Grand Prix,22.0,PIA,0.0
British Grand Prix,22.0,BEA,19.75
British Grand Prix,23.0,VER,17.814
British Grand Prix,23.0,GAS,13.192
British Grand Prix,23.0,ANT,36.387
British Grand Prix,23.0,ALO,16.109
British Grand Prix,23.0,LEC,19.954
British Grand Prix,23.0,STR,10.461
British Grand Prix,23.0,TSU,24.552
British Grand Prix,23.0,ALB,19.036
British Grand Prix,23.0,HUL,11.684
British Grand Prix,23.0,OCO,21.985
British Grand Prix,23.0,NOR,3.375
British Grand Prix,23.0,HAM,13.876
British Grand Prix,23.0,SAI,16.965
British Grand Prix,23.0,RUS,14.393
British Grand Prix,23.0,PIA,0.0
British Grand Prix,23.0,BEA,25.405
British Grand Prix,24.0,VER,20.853
British Grand Prix,24.0,GAS,15.845
British Grand Prix,24.0,ALO,19.01
British Grand Prix,24.0,LEC,22.797
British Grand Prix,24.0,STR,12.156
British Grand Prix,24.0,TSU,28.041
British Grand Prix,24.0,ALB,22.004
British Grand Prix,24.0,HUL,13.181
British Grand Prix,24.0,OCO,24.609
British Grand Prix,24.0,NOR,3.231
British Grand Prix,24.0,HAM,17.751
British Grand Prix,24.0,SAI,19.846
British Grand Prix,24.0,RUS,16.438
British Grand Prix,24.0,PIA,0.0
British Grand Prix,24.0,BEA,28.735
British Grand Prix,25.0,VER,23.411
British Grand Prix,25.0,GAS,18.468
British Grand Prix,25.0,ALO,21.587
British Grand Prix,25.0,LEC,25.467
British Grand Prix,25.0,STR,14.242
British Grand Prix,25.0,TSU,31.122
British Grand Prix,25.0,ALB,24.433
British Grand Prix,25.0,HUL,15.316
British Grand Prix,25.0,OCO,27.263
British Grand Prix,25.0,NOR,3.667
British Grand Prix,25.0,HAM,19.89
British Grand Prix,25.0,SAI,22.494
British Grand Prix,25.0,RUS,19.16
British Grand Prix,25.0,PIA,0.0
British Grand Prix,25.0,BEA,31.781
British Grand Prix,26.0,VER,26.069
British Grand Prix,26.0,GAS,21.066
British Grand Prix,26.0,ALO,23.918
British Grand Prix,26.0,LEC,27.951
British Grand Prix,26.0,STR,16.121
British Grand Prix,26.0,TSU,35.479
British Grand Prix,26.0,ALB,27.144
British Grand Prix,26.0,HUL,17.575
British Grand Prix,26.0,OCO,29.853
British Grand Prix,26.0,NOR,4.025
British Grand Prix,26.0,HAM,21.979
British Grand Prix,26.0,SAI,25.135
British Grand Prix,26.0,RUS,22.404
British Grand Prix,26.0,PIA,0.0
British Grand Prix,26.0,BEA,33.292
British Grand Prix,27.0,VER,27.839
British Grand Prix,27.0,GAS,22.138
British Grand Prix,27.0,ALO,25.312
British Grand Prix,27.0,LEC,29.696
British Grand Prix,27.0,STR,17.317
British Grand Prix,27.0,TSU,37.634
British Grand Prix,27.0,ALB,29.093
British Grand Prix,27.0,HUL,19.19
British Grand Prix,27.0,OCO,31.645
British Grand Prix,27.0,NOR,3.988
British Grand Prix,27.0,HAM,22.768
British Grand Prix,27.0,SAI,26.774
British Grand Prix,27.0,RUS,24.125
British Grand Prix,27.0,PIA,0.0
British Grand Prix,27.0,BEA,33.897
British Grand Prix,28.0,VER,29.654
British Grand Prix,28.0,GAS,23.285
British Grand Prix,28.0,ALO,26.663
British Grand Prix,28.0,LEC,31.996
British Grand Prix,28.0,STR,18.545
British Grand Prix,28.0,TSU,40.728
British Grand Prix,28.0,ALB,31.032
British Grand Prix,28.0,HUL,20.176
British Grand Prix,28.0,OCO,34.091
British Grand Prix,28.0,NOR,3.922
British Grand Prix,28.0,HAM,24.008
British Grand Prix,28.0,SAI,28.611
British Grand Prix,28.0,RUS,25.366
British Grand Prix,28.0,PIA,0.0
British Grand Prix,28.0,BEA,35.381
British Grand Prix,29.0,VER,31.555
British Grand Prix,29.0,GAS,25.439
British Grand Prix,29.0,ALO,27.611
British Grand Prix,29.0,LEC,33.653
British Grand Prix,29.0,STR,19.197
British Grand Prix,29.0,TSU,42.464
British Grand Prix,29.0,ALB,32.808
British Grand Prix,29.0,HUL,21.004
British Grand Prix,29.0,OCO,36.774
British Grand Prix,29.0,NOR,3.741
British Grand Prix,29.0,HAM,25.044
British Grand Prix,29.0,SAI,30.175
British Grand Prix,29.0,RUS,26.42
British Grand Prix,29.0,PIA,0.0
British Grand Prix,29.0,BEA,37.492
British Grand Prix,30.0,VER,33.389
British Grand Prix,30.0,GAS,27.613
British Grand Prix,30.0,ALO,29.005
British Grand Prix,30.0,LEC,35.277
British Grand Prix,30.0,STR,20.404
British Grand Prix,30.0,TSU,43.965
British Grand Prix,30.0,ALB,34.539
British Grand Prix,30.0,HUL,21.496
British Grand Prix,30.0,OCO,40.69
British Grand Prix,30.0,NOR,3.257
British Grand Prix,30.0,HAM,25.727
British Grand Prix,30.0,SAI,32.0
British Grand Prix,30.0,RUS,28.247
British Grand Prix,30.0,PIA,0.0
British Grand Prix,30.0,BEA,38.874
British Grand Prix,31.0,VER,35.306
British Grand Prix,31.0,GAS,29.475
British Grand Prix,31.0,ALO,30.988
British Grand Prix,31.0,LEC,37.467
British Grand Prix,31.0,STR,21.858
British Grand Prix,31.0,TSU,46.117
British Grand Prix,31.0,ALB,36.658
British Grand Prix,31.0,HUL,22.686
British Grand Prix,31.0,OCO,42.557
British Grand Prix,31.0,NOR,2.702
British Grand Prix,31.0,HAM,26.675
British Grand Prix,31.0,SAI,34.105
British Grand Prix,31.0,RUS,30.311
British Grand Prix,31.0,PIA,0.0
British Grand Prix,31.0,BEA,40.232
British Grand Prix,32.0,VER,37.807
British Grand Prix,32.0,GAS,31.833
British Grand Prix,32.0,ALO,33.565
British Grand Prix,32.0,LEC,40.644
British Grand Prix,32.0,STR,24.125
British Grand Prix,32.0,TSU,49.046
British Grand Prix,32.0,ALB,39.774
British Grand Prix,32.0,HUL,24.622
British Grand Prix,32.0,OCO,44.458
British Grand Prix,32.0,NOR,2.617
British Grand Prix,32.0,HAM,27.694
British Grand Prix,32.0,SAI,37.202
British Grand Prix,32.0,RUS,32.487
British Grand Prix,32.0,PIA,0.0
British Grand Prix,32.0,BEA,42.2
British Grand Prix,33.0,VER,40.45
British Grand Prix,33.0,GAS,35.375
British Grand Prix,33.0,ALO,36.233
British Grand Prix,33.0,LEC,43.077
British Grand Prix,33.0,STR,26.265
British Grand Prix,33.0,TSU,53.046
British Grand Prix,33.0,ALB,42.174
British Grand Prix,33.0,HUL,26.841
British Grand Prix,33.0,OCO,46.765
British Grand Prix,33.0,NOR,2.365
British Grand Prix,33.0,HAM,28.598
British Grand Prix,33.0,SAI,39.953
British Grand Prix,33.0,RUS,35.752
British Grand Prix,33.0,PIA,0.0
British Grand Prix,33.0,BEA,44.474
British Grand Prix,34.0,VER,42.987
British Grand Prix,34.0,GAS,38.216
British Grand Prix,34.0,ALO,39.559
British Grand Prix,34.0,LEC,45.715
British Grand Prix,34.0,STR,29.76
British Grand Prix,34.0,TSU,57.18
British Grand Prix,34.0,ALB,45.078
British Grand Prix,34.0,HUL,28.544
British Grand Prix,34.0,OCO,49.418
British Grand Prix,34.0,NOR,2.115
British Grand Prix,34.0,HAM,30.256
British Grand Prix,34.0,SAI,43.713
British Grand Prix,34.0,RUS,38.725
British Grand Prix,34.0,PIA,0.0
British Grand Prix,34.0,BEA,47.036
British Grand Prix,35.0,VER,44.513
British Grand Prix,35.0,GAS,39.893
British Grand Prix,35.0,ALO,41.706
British Grand Prix,35.0,LEC,48.039
British Grand Prix,35.0,STR,33.894
British Grand Prix,35.0,TSU,61.328
British Grand Prix,35.0,ALB,49.651
British Grand Prix,35.0,HUL,28.916
British Grand Prix,35.0,OCO,51.763
British Grand Prix,35.0,NOR,2.127
British Grand Prix,35.0,HAM,30.609
British Grand Prix,35.0,SAI,47.097
British Grand Prix,35.0,RUS,40.429
British Grand Prix,35.0,PIA,0.0
British Grand Prix,35.0,BEA,50.384
British Grand Prix,36.0,VER,45.467
British Grand Prix,36.0,GAS,41.343
British Grand Prix,36.0,ALO,43.252
British Grand Prix,36.0,LEC,50.026
British Grand Prix,36.0,STR,36.063
British Grand Prix,36.0,TSU,64.884
British Grand Prix,36.0,ALB,51.646
British Grand Prix,36.0,HUL,29.465
British Grand Prix,36.0,OCO,53.681
British Grand Prix,36.0,NOR,1.867
British Grand Prix,36.0,HAM,30.993
British Grand Prix,36.0,SAI,49.279
British Grand Prix,36.0,RUS,41.961
British Grand Prix,36.0,PIA,0.0
British Grand Prix,36.0,BEA,52.351
British Grand Prix,37.0,VER,46.699
British Grand Prix,37.0,GAS,42.817
British Grand Prix,37.0,ALO,43.039
British Grand Prix,37.0,LEC,52.669
British Grand Prix,37.0,STR,38.452
British Grand Prix,37.0,TSU,69.149
British Grand Prix,37.0,ALB,53.979
British Grand Prix,37.0,HUL,30.123
British Grand Prix,37.0,OCO,56.296
British Grand Prix,37.0,NOR,2.319
British Grand Prix,37.0,HAM,31.149
British Grand Prix,37.0,SAI,51.985
British Grand Prix,37.0,RUS,43.46
British Grand Prix,37.0,PIA,0.0
British Grand Prix,37.0,BEA,55.169
British Grand Prix,38.0,VER,47.762
British Grand Prix,38.0,GAS,45.616
British Grand Prix,38.0,ALO,79.713
British Grand Prix,38.0,LEC,54.999
British Grand Prix,38.0,STR,40.704
British Grand Prix,38.0,TSU,73.833
British Grand Prix,38.0,ALB,56.519
British Grand Prix,38.0,HUL,31.019
British Grand Prix,38.0,OCO,58.841
British Grand Prix,38.0,NOR,1.8599999999999999
British Grand Prix,38.0,HAM,32.171
British Grand Prix,38.0,SAI,54.55
British Grand Prix,38.0,RUS,44.511
British Grand Prix,38.0,PIA,0.0
British Grand Prix,38.0,BEA,57.668
British Grand Prix,39.0,VER,48.72
British Grand Prix,39.0,GAS,47.685
British Grand Prix,39.0,ALO,87.579
British Grand Prix,39.0,LEC,56.25
British Grand Prix,39.0,STR,42.843
British Grand Prix,39.0,TSU,78.835
British Grand Prix,39.0,ALB,59.42
British Grand Prix,39.0,HUL,31.32
British Grand Prix,39.0,OCO,61.1
British Grand Prix,39.0,NOR,1.6099999999999999
British Grand Prix,39.0,HAM,33.207
British Grand Prix,39.0,SAI,58.641
British Grand Prix,39.0,RUS,82.233
British Grand Prix,39.0,PIA,0.0
British Grand Prix,39.0,BEA,60.146
British Grand Prix,40.0,VER,50.733
British Grand Prix,40.0,GAS,50.531
British Grand Prix,40.0,ALO,90.777
British Grand Prix,40.0,LEC,56.422
British Grand Prix,40.0,STR,45.69
British Grand Prix,40.0,TSU,83.806
British Grand Prix,40.0,ALB,62.184
British Grand Prix,40.0,HUL,31.955
British Grand Prix,40.0,OCO,63.614
British Grand Prix,40.0,NOR,1.435
British Grand Prix,40.0,HAM,34.443
British Grand Prix,40.0,SAI,61.323
British Grand Prix,40.0,RUS,88.512
British Grand Prix,40.0,PIA,0.0
British Grand Prix,40.0,BEA,62.963
British Grand Prix,41.0,VER,50.925
British Grand Prix,41.0,GAS,53.384
British Grand Prix,41.0,ALO,92.174
British Grand Prix,41.0,LEC,56.765
British Grand Prix,41.0,STR,47.368
British Grand Prix,41.0,TSU,87.791
British Grand Prix,41.0,ALB,64.411
British Grand Prix,41.0,HUL,33.398
British Grand Prix,41.0,OCO,66.372
British Grand Prix,41.0,NOR,1.459
British Grand Prix,41.0,HAM,34.723
British Grand Prix,41.0,SAI,62.314
British Grand Prix,41.0,RUS,90.328
British Grand Prix,41.0,PIA,0.0
British Grand Prix,41.0,BEA,63.565
British Grand Prix,42.0,VER,79.839
British Grand Prix,42.0,GAS,81.144
British Grand Prix,42.0,ALO,92.719
British Grand Prix,42.0,LEC,60.815
British Grand Prix,42.0,STR,72.923
British Grand Prix,42.0,TSU,132.987
British Grand Prix,42.0,ALB,64.761
British Grand Prix,42.0,HUL,33.44
British Grand Prix,42.0,OCO,67.446
British Grand Prix,42.0,NOR,1.367
British Grand Prix,42.0,HAM,65.625
British Grand Prix,42.0,SAI,87.515
British Grand Prix,42.0,RUS,92.112
British Grand Prix,42.0,PIA,0.0
British Grand Prix,42.0,BEA,89.651
British Grand Prix,43.0,VER,81.84
British Grand Prix,43.0,GAS,82.426
British Grand Prix,43.0,ALO,92.394
British Grand Prix,43.0,LEC,104.387
British Grand Prix,43.0,STR,72.056
British Grand Prix,43.0,TSU,137.149
British Grand Prix,43.0,ALB,91.448
British Grand Prix,43.0,HUL,57.221
British Grand Prix,43.0,OCO,102.254
British Grand Prix,43.0,NOR,2.894
British Grand Prix,43.0,HAM,65.076
British Grand Prix,43.0,SAI,97.408
British Grand Prix,43.0,RUS,93.203
British Grand Prix,43.0,PIA,0.0
British Grand Prix,43.0,BEA,94.684
British Grand Prix,44.0,VER,75.208
British Grand Prix,44.0,GAS,76.328
British Grand Prix,44.0,ALO,84.232
British Grand Prix,44.0,LEC,101.666
British Grand Prix,44.0,STR,67.538
British Grand Prix,44.0,TSU,133.949
British Grand Prix,44.0,ALB,84.924
British Grand Prix,44.0,HUL,51.089
British Grand Prix,44.0,OCO,96.458
British Grand Prix,44.0,NOR,0.0
British Grand Prix,44.0,HAM,58.153
British Grand Prix,44.0,SAI,92.115
British Grand Prix,44.0,RUS,87.116
British Grand Prix,44.0,PIA,27.839
British Grand Prix,44.0,BEA,87.761
British Grand Prix,45.0,VER,51.104
British Grand Prix,45.0,GAS,52.138
British Grand Prix,45.0,ALO,59.403
British Grand Prix,45.0,LEC,77.449
British Grand Prix,45.0,STR,43.625
British Grand Prix,45.0,TSU,111.638
British Grand Prix,45.0,ALB,61.639
British Grand Prix,45.0,HUL,26.614
British Grand Prix,45.0,OCO,71.183
British Grand Prix,45.0,NOR,0.0
British Grand Prix,45.0,HAM,34.143
British Grand Prix,45.0,SAI,67.684
British Grand Prix,45.0,RUS,62.963
British Grand Prix,45.0,PIA,4.761
British Grand Prix,45.0,BEA,63.548
British Grand Prix,46.0,VER,52.287
British Grand Prix,46.0,GAS,53.062
British Grand Prix,46.0,ALO,60.026
British Grand Prix,46.0,LEC,77.633
British Grand Prix,46.0,STR,44.907
British Grand Prix,46.0,TSU,114.351
British Grand Prix,46.0,ALB,62.543
British Grand Prix,46.0,HUL,27.532
British Grand Prix,46.0,OCO,71.966
British Grand Prix,46.0,NOR,0.0
British Grand Prix,46.0,HAM,33.694
British Grand Prix,46.0,SAI,69.987
British Grand Prix,46.0,RUS,63.327
British Grand Prix,46.0,PIA,4.657
British Grand Prix,46.0,BEA,63.873
British Grand Prix,47.0,VER,53.964
British Grand Prix,47.0,GAS,54.851
British Grand Prix,47.0,ALO,61.377
British Grand Prix,47.0,LEC,79.155
British Grand Prix,47.0,STR,47.145
British Grand Prix,47.0,TSU,117.292
British Grand Prix,47.0,ALB,63.817
British Grand Prix,47.0,HUL,29.427
British Grand Prix,47.0,OCO,73.353
British Grand Prix,47.0,NOR,0.0
British Grand Prix,47.0,HAM,36.767
British Grand Prix,47.0,SAI,71.774
British Grand Prix,47.0,RUS,65.218
British Grand Prix,47.0,PIA,5.231
British Grand Prix,47.0,BEA,65.936
British Grand Prix,48.0,VER,55.006
British Grand Prix,48.0,GAS,55.868
British Grand Prix,48.0,ALO,62.312
British Grand Prix,48.0,LEC,80.695
British Grand Prix,48.0,STR,49.543
British Grand Prix,48.0,TSU,119.223
British Grand Prix,48.0,ALB,64.41
British Grand Prix,48.0,HUL,31.161
British Grand Prix,48.0,OCO,74.442
British Grand Prix,48.0,NOR,0.0
British Grand Prix,48.0,HAM,37.818
British Grand Prix,48.0,SAI,73.11
British Grand Prix,48.0,RUS,66.723
British Grand Prix,48.0,PIA,6.314
British Grand Prix,48.0,BEA,67.243
British Grand Prix,49.0,VER,54.95
British Grand Prix,49.0,GAS,56.392
British Grand Prix,49.0,ALO,62.43
British Grand Prix,49.0,LEC,81.63
British Grand Prix,49.0,STR,52.478
British Grand Prix,49.0,TSU,119.861
British Grand Prix,49.0,ALB,64.323
British Grand Prix,49.0,HUL,32.007
British Grand Prix,49.0,OCO,75.155
British Grand Prix,49.0,NOR,0.0
British Grand Prix,49.0,HAM,37.599
British Grand Prix,49.0,SAI,73.827
British Grand Prix,49.0,RUS,67.803
British Grand Prix,49.0,PIA,6.288
British Grand Prix,49.0,BEA,68.281
British Grand Prix,50.0,VER,55.319
British Grand Prix,50.0,GAS,57.473
British Grand Prix,50.0,ALO,63.452
British Grand Prix,50.0,LEC,82.528
British Grand Prix,50.0,STR,54.645
British Grand Prix,50.0,TSU,121.589
British Grand Prix,50.0,ALB,64.449
British Grand Prix,50.0,HUL,33.069
British Grand Prix,50.0,OCO,76.45
British Grand Prix,50.0,NOR,0.0
British Grand Prix,50.0,HAM,38.453
British Grand Prix,50.0,SAI,75.871
British Grand Prix,50.0,RUS,68.838
British Grand Prix,50.0,PIA,6.053
British Grand Prix,50.0,BEA,69.281
British Grand Prix,51.0,VER,56.023
British Grand Prix,51.0,GAS,58.669
British Grand Prix,51.0,ALO,63.761
British Grand Prix,51.0,LEC,83.499
British Grand Prix,51.0,STR,58.029
British Grand Prix,51.0,TSU,122.885
British Grand Prix,51.0,ALB,64.3
British Grand Prix,51.0,HUL,33.733
British Grand Prix,51.0,OCO,77.21
British Grand Prix,51.0,NOR,0.0
British Grand Prix,51.0,HAM,38.848
British Grand Prix,51.0,SAI,76.619
British Grand Prix,51.0,RUS,69.438
British Grand Prix,51.0,PIA,5.121
British Grand Prix,51.0,BEA,70.133
British Grand Prix,52.0,VER,56.722
British Grand Prix,52.0,GAS,59.863
British Grand Prix,52.0,ALO,65.816
British Grand Prix,52.0,LEC,84.438
British Grand Prix,52.0,STR,60.586
British Grand Prix,52.0,ALB,64.062
British Grand Prix,52.0,HUL,34.748
British Grand Prix,52.0,OCO,77.338
British Grand Prix,52.0,NOR,0.0
British Grand Prix,52.0,HAM,39.82
British Grand Prix,52.0,SAI,76.574
British Grand Prix,52.0,RUS,70.648
British Grand Prix,52.0,PIA,6.771
British Grand Prix,52.0,BEA,72.028
Belgian Grand Prix,1.0,PIA,0.911
Belgian Grand Prix,1.0,NOR,0.0
Belgian Grand Prix,1.0,LEC,3.871
Belgian Grand Prix,1.0,VER,5.374
Belgian Grand Prix,1.0,RUS,9.103
Belgian Grand Prix,1.0,ALB,6.6370000000000005
Belgian Grand Prix,1.0,HAM,28.968
Belgian Grand Prix,1.0,LAW,13.701
Belgian Grand Prix,1.0,BOR,14.805
Belgian Grand Prix,1.0,GAS,19.81
Belgian Grand Prix,1.0,BEA,17.463
Belgian Grand Prix,1.0,HUL,21.946
Belgian Grand Prix,1.0,TSU,11.026
Belgian Grand Prix,1.0,STR,24.497
Belgian Grand Prix,1.0,OCO,16.906
Belgian Grand Prix,1.0,ANT,31.826999999999998
Belgian Grand Prix,1.0,ALO,34.075
Belgian Grand Prix,1.0,SAI,26.843
Belgian Grand Prix,1.0,COL,22.909
Belgian Grand Prix,1.0,HAD,12.295
Belgian Grand Prix,2.0,PIA,1.807
Belgian Grand Prix,2.0,NOR,0.0
Belgian Grand Prix,2.0,LEC,3.909
Belgian Grand Prix,2.0,VER,5.22
Belgian Grand Prix,2.0,RUS,8.091
Belgian Grand Prix,2.0,ALB,6.628
Belgian Grand Prix,2.0,HAM,27.106
Belgian Grand Prix,2.0,LAW,13.121
Belgian Grand Prix,2.0,BOR,13.805
Belgian Grand Prix,2.0,GAS,17.886
Belgian Grand Prix,2.0,BEA,16.32
Belgian Grand Prix,2.0,HUL,19.017
Belgian Grand Prix,2.0,TSU,10.509
Belgian Grand Prix,2.0,STR,23.941
Belgian Grand Prix,2.0,OCO,15.058
Belgian Grand Prix,2.0,ANT,28.49
Belgian Grand Prix,2.0,ALO,31.3
Belgian Grand Prix,2.0,SAI,25.824
Belgian Grand Prix,2.0,COL,21.544
Belgian Grand Prix,2.0,HAD,12.122
Belgian Grand Prix,3.0,PIA,0.849
Belgian Grand Prix,3.0,NOR,0.0
Belgian Grand Prix,3.0,LEC,2.698
Belgian Grand Prix,3.0,VER,4.261
Belgian Grand Prix,3.0,RUS,7.321
Belgian Grand Prix,3.0,ALB,4.868
Belgian Grand Prix,3.0,HAM,26.936
Belgian Grand Prix,3.0,LAW,12.278
Belgian Grand Prix,3.0,BOR,13.913
Belgian Grand Prix,3.0,GAS,18.553
Belgian Grand Prix,3.0,BEA,16.563
Belgian Grand Prix,3.0,HUL,20.57
Belgian Grand Prix,3.0,TSU,9.198
Belgian Grand Prix,3.0,STR,23.685
Belgian Grand Prix,3.0,OCO,15.729
Belgian Grand Prix,3.0,ANT,28.292
Belgian Grand Prix,3.0,ALO,30.368
Belgian Grand Prix,3.0,SAI,25.884
Belgian Grand Prix,3.0,COL,21.841
Belgian Grand Prix,3.0,HAD,11.062
Belgian Grand Prix,4.0,PIA,0.375
Belgian Grand Prix,4.0,NOR,0.0
Belgian Grand Prix,4.0,LEC,1.003
Belgian Grand Prix,4.0,VER,1.194
Belgian Grand Prix,4.0,RUS,2.318
Belgian Grand Prix,4.0,ALB,1.799
Belgian Grand Prix,4.0,HAM,9.711
Belgian Grand Prix,4.0,LAW,3.842
Belgian Grand Prix,4.0,BOR,4.936
Belgian Grand Prix,4.0,GAS,6.7219999999999995
Belgian Grand Prix,4.0,BEA,5.943
Belgian Grand Prix,4.0,HUL,7.286
Belgian Grand Prix,4.0,TSU,2.919
Belgian Grand Prix,4.0,STR,8.801
Belgian Grand Prix,4.0,OCO,5.586
Belgian Grand Prix,4.0,ANT,10.487
Belgian Grand Prix,4.0,ALO,11.553
Belgian Grand Prix,4.0,SAI,9.333
Belgian Grand Prix,4.0,COL,7.875
Belgian Grand Prix,4.0,HAD,3.5
Belgian Grand Prix,5.0,PIA,0.0
Belgian Grand Prix,5.0,NOR,1.101
Belgian Grand Prix,5.0,LEC,1.999
Belgian Grand Prix,5.0,VER,2.423
Belgian Grand Prix,5.0,RUS,4.321
Belgian Grand Prix,5.0,ALB,3.675
Belgian Grand Prix,5.0,HAM,13.821
Belgian Grand Prix,5.0,LAW,7.103
Belgian Grand Prix,5.0,BOR,9.101
Belgian Grand Prix,5.0,GAS,11.064
Belgian Grand Prix,5.0,BEA,10.528
Belgian Grand Prix,5.0,HUL,11.618
Belgian Grand Prix,5.0,TSU,5.85
Belgian Grand Prix,5.0,STR,13.562
Belgian Grand Prix,5.0,OCO,10.143
Belgian Grand Prix,5.0,ANT,14.311
Belgian Grand Prix,5.0,ALO,14.912
Belgian Grand Prix,5.0,SAI,13.177
Belgian Grand Prix,5.0,COL,12.681000000000001
Belgian Grand Prix,5.0,HAD,6.564
Belgian Grand Prix,6.0,PIA,0.0
Belgian Grand Prix,6.0,NOR,1.022
Belgian Grand Prix,6.0,LEC,2.926
Belgian Grand Prix,6.0,VER,3.398
Belgian Grand Prix,6.0,RUS,4.997
Belgian Grand Prix,6.0,ALB,6.212
Belgian Grand Prix,6.0,HAM,16.758
Belgian Grand Prix,6.0,LAW,9.1
Belgian Grand Prix,6.0,BOR,11.051
Belgian Grand Prix,6.0,GAS,13.946
Belgian Grand Prix,6.0,BEA,13.186
Belgian Grand Prix,6.0,HUL,14.452
Belgian Grand Prix,6.0,TSU,7.466
Belgian Grand Prix,6.0,STR,17.509
Belgian Grand Prix,6.0,OCO,12.506
Belgian Grand Prix,6.0,ANT,17.943
Belgian Grand Prix,6.0,ALO,18.454
Belgian Grand Prix,6.0,SAI,16.229
Belgian Grand Prix,6.0,COL,15.741
Belgian Grand Prix,6.0,HAD,8.604
Belgian Grand Prix,7.0,PIA,0.0
Belgian Grand Prix,7.0,NOR,1.113
Belgian Grand Prix,7.0,LEC,3.7119999999999997
Belgian Grand Prix,7.0,VER,4.172
Belgian Grand Prix,7.0,RUS,5.647
Belgian Grand Prix,7.0,ALB,7.77
Belgian Grand Prix,7.0,HAM,19.5
Belgian Grand Prix,7.0,LAW,11.128
Belgian Grand Prix,7.0,BOR,12.744
Belgian Grand Prix,7.0,GAS,16.972
Belgian Grand Prix,7.0,BEA,15.125
Belgian Grand Prix,7.0,HUL,17.559
Belgian Grand Prix,7.0,TSU,8.956
Belgian Grand Prix,7.0,STR,21.423
Belgian Grand Prix,7.0,OCO,14.568999999999999
Belgian Grand Prix,7.0,ANT,20.363
Belgian Grand Prix,7.0,ALO,21.965
Belgian Grand Prix,7.0,SAI,19.817
Belgian Grand Prix,7.0,COL,19.074
Belgian Grand Prix,7.0,HAD,10.513
Belgian Grand Prix,8.0,PIA,0.0
Belgian Grand Prix,8.0,NOR,1.249
Belgian Grand Prix,8.0,LEC,4.921
Belgian Grand Prix,8.0,VER,5.554
Belgian Grand Prix,8.0,RUS,7.508
Belgian Grand Prix,8.0,ALB,9.63
Belgian Grand Prix,8.0,HAM,20.488
Belgian Grand Prix,8.0,LAW,13.263
Belgian Grand Prix,8.0,BOR,14.734
Belgian Grand Prix,8.0,GAS,19.589
Belgian Grand Prix,8.0,BEA,17.917
Belgian Grand Prix,8.0,HUL,20.916
Belgian Grand Prix,8.0,TSU,10.675
Belgian Grand Prix,8.0,STR,24.678
Belgian Grand Prix,8.0,OCO,17.137
Belgian Grand Prix,8.0,ANT,23.971
Belgian Grand Prix,8.0,ALO,25.245
Belgian Grand Prix,8.0,SAI,23.53
Belgian Grand Prix,8.0,COL,22.909
Belgian Grand Prix,8.0,HAD,12.739
Belgian Grand Prix,9.0,PIA,0.0
Belgian Grand Prix,9.0,NOR,1.681
Belgian Grand Prix,9.0,LEC,7.222
Belgian Grand Prix,9.0,VER,7.607
Belgian Grand Prix,9.0,RUS,9.991
Belgian Grand Prix,9.0,ALB,11.798
Belgian Grand Prix,9.0,HAM,23.468
Belgian Grand Prix,9.0,LAW,16.016
Belgian Grand Prix,9.0,BOR,17.321
Belgian Grand Prix,9.0,GAS,25.037
Belgian Grand Prix,9.0,BEA,20.796
Belgian Grand Prix,9.0,HUL,25.397
Belgian Grand Prix,9.0,TSU,12.746
Belgian Grand Prix,9.0,STR,28.51
Belgian Grand Prix,9.0,OCO,20.309
Belgian Grand Prix,9.0,ANT,27.966
Belgian Grand Prix,9.0,ALO,29.165
Belgian Grand Prix,9.0,SAI,27.243
Belgian Grand Prix,9.0,COL,26.597
Belgian Grand Prix,9.0,HAD,15.152
Belgian Grand Prix,10.0,PIA,0.0
Belgian Grand Prix,10.0,NOR,1.862
Belgian Grand Prix,10.0,LEC,9.326
Belgian Grand Prix,10.0,VER,9.481
Belgian Grand Prix,10.0,RUS,12.092
Belgian Grand Prix,10.0,ALB,13.798
Belgian Grand Prix,10.0,HAM,24.821
Belgian Grand Prix,10.0,LAW,18.449
Belgian Grand Prix,10.0,BOR,20.05
Belgian Grand Prix,10.0,GAS,28.45
Belgian Grand Prix,10.0,BEA,23.688
Belgian Grand Prix,10.0,HUL,29.368
Belgian Grand Prix,10.0,TSU,15.622
Belgian Grand Prix,10.0,STR,33.092
Belgian Grand Prix,10.0,OCO,23.515
Belgian Grand Prix,10.0,ANT,31.486
Belgian Grand Prix,10.0,ALO,32.661
Belgian Grand Prix,10.0,SAI,30.903
Belgian Grand Prix,10.0,COL,30.242
Belgian Grand Prix,10.0,HAD,17.784
Belgian Grand Prix,11.0,PIA,0.0
Belgian Grand Prix,11.0,NOR,1.972
Belgian Grand Prix,11.0,LEC,10.338
Belgian Grand Prix,11.0,VER,10.983
Belgian Grand Prix,11.0,RUS,14.012
Belgian Grand Prix,11.0,ALB,15.771
Belgian Grand Prix,11.0,HAM,33.952
Belgian Grand Prix,11.0,LAW,21.278
Belgian Grand Prix,11.0,BOR,23.21
Belgian Grand Prix,11.0,GAS,37.042
Belgian Grand Prix,11.0,BEA,24.963
Belgian Grand Prix,11.0,HUL,37.597
Belgian Grand Prix,11.0,TSU,18.293
Belgian Grand Prix,11.0,STR,36.914
Belgian Grand Prix,11.0,OCO,27.705
Belgian Grand Prix,11.0,ANT,35.453
Belgian Grand Prix,11.0,ALO,41.007
Belgian Grand Prix,11.0,SAI,34.415
Belgian Grand Prix,11.0,COL,33.513
Belgian Grand Prix,11.0,HAD,20.622
Belgian Grand Prix,12.0,PIA,3.589
Belgian Grand Prix,12.0,NOR,0.0
Belgian Grand Prix,12.0,LEC,13.763
Belgian Grand Prix,12.0,VER,14.179
Belgian Grand Prix,12.0,RUS,18.319
Belgian Grand Prix,12.0,ALB,20.025
Belgian Grand Prix,12.0,HAM,43.736
Belgian Grand Prix,12.0,LAW,26.544
Belgian Grand Prix,12.0,BOR,28.749
Belgian Grand Prix,12.0,GAS,50.107
Belgian Grand Prix,12.0,BEA,29.794
Belgian Grand Prix,12.0,HUL,46.845
Belgian Grand Prix,12.0,TSU,19.236
Belgian Grand Prix,12.0,STR,42.076
Belgian Grand Prix,12.0,OCO,29.524
Belgian Grand Prix,12.0,ANT,41.287
Belgian Grand Prix,12.0,ALO,51.763
Belgian Grand Prix,12.0,SAI,39.225
Belgian Grand Prix,12.0,COL,38.192
Belgian Grand Prix,12.0,HAD,22.432
Belgian Grand Prix,13.0,PIA,10.951
Belgian Grand Prix,13.0,NOR,0.0
Belgian Grand Prix,13.0,LEC,27.464
Belgian Grand Prix,13.0,VER,28.216
Belgian Grand Prix,13.0,RUS,28.773
Belgian Grand Prix,13.0,ALB,30.306
Belgian Grand Prix,13.0,HAM,31.824
Belgian Grand Prix,13.0,LAW,37.395
Belgian Grand Prix,13.0,BOR,38.264
Belgian Grand Prix,13.0,GAS,40.101
Belgian Grand Prix,13.0,BEA,40.665
Belgian Grand Prix,13.0,HUL,38.837
Belgian Grand Prix,13.0,TSU,23.427
Belgian Grand Prix,13.0,STR,49.844
Belgian Grand Prix,13.0,OCO,35.761
Belgian Grand Prix,13.0,ANT,48.962
Belgian Grand Prix,13.0,ALO,41.076
Belgian Grand Prix,13.0,SAI,51.207
Belgian Grand Prix,13.0,COL,45.407
Belgian Grand Prix,13.0,HAD,25.148
Belgian Grand Prix,14.0,PIA,0.0
Belgian Grand Prix,14.0,NOR,9.081
Belgian Grand Prix,14.0,LEC,15.599
Belgian Grand Prix,14.0,VER,16.667
Belgian Grand Prix,14.0,RUS,17.297
Belgian Grand Prix,14.0,ALB,18.693
Belgian Grand Prix,14.0,HAM,19.553
Belgian Grand Prix,14.0,LAW,26.284
Belgian Grand Prix,14.0,BOR,28.39
Belgian Grand Prix,14.0,GAS,29.137
Belgian Grand Prix,14.0,BEA,33.916
Belgian Grand Prix,14.0,HUL,27.288
Belgian Grand Prix,14.0,TSU,32.949
Belgian Grand Prix,14.0,STR,38.34
Belgian Grand Prix,14.0,OCO,46.404
Belgian Grand Prix,14.0,ANT,37.437
Belgian Grand Prix,14.0,ALO,33.463
Belgian Grand Prix,14.0,SAI,39.199
Belgian Grand Prix,14.0,COL,34.984
Belgian Grand Prix,14.0,HAD,35.693
Belgian Grand Prix,15.0,PIA,0.0
Belgian Grand Prix,15.0,NOR,8.953
Belgian Grand Prix,15.0,LEC,14.703
Belgian Grand Prix,15.0,VER,15.739
Belgian Grand Prix,15.0,RUS,16.726
Belgian Grand Prix,15.0,ALB,18.215
Belgian Grand Prix,15.0,HAM,19.051
Belgian Grand Prix,15.0,LAW,25.863
Belgian Grand Prix,15.0,BOR,27.669
Belgian Grand Prix,15.0,GAS,30.268
Belgian Grand Prix,15.0,BEA,35.082
Belgian Grand Prix,15.0,HUL,26.968
Belgian Grand Prix,15.0,TSU,33.735
Belgian Grand Prix,15.0,STR,38.488
Belgian Grand Prix,15.0,OCO,48.702
Belgian Grand Prix,15.0,ANT,37.167
Belgian Grand Prix,15.0,ALO,34.597
Belgian Grand Prix,15.0,SAI,39.15
Belgian Grand Prix,15.0,COL,35.604
Belgian Grand Prix,15.0,HAD,36.624
Belgian Grand Prix,16.0,PIA,0.0
Belgian Grand Prix,16.0,NOR,9.108
Belgian Grand Prix,16.0,LEC,14.516
Belgian Grand Prix,16.0,VER,15.619
Belgian Grand Prix,16.0,RUS,16.751
Belgian Grand Prix,16.0,ALB,18.494
Belgian Grand Prix,16.0,HAM,19.349
Belgian Grand Prix,16.0,LAW,26.738
Belgian Grand Prix,16.0,BOR,28.807
Belgian Grand Prix,16.0,GAS,32.536
Belgian Grand Prix,16.0,BEA,37.252
Belgian Grand Prix,16.0,HUL,27.816
Belgian Grand Prix,16.0,TSU,35.906
Belgian Grand Prix,16.0,STR,40.112
Belgian Grand Prix,16.0,OCO,50.377
Belgian Grand Prix,16.0,ANT,39.401
Belgian Grand Prix,16.0,ALO,36.773
Belgian Grand Prix,16.0,SAI,40.597
Belgian Grand Prix,16.0,COL,38.111
Belgian Grand Prix,16.0,HAD,38.938
Belgian Grand Prix,17.0,PIA,0.0
Belgian Grand Prix,17.0,NOR,8.774000000000001
Belgian Grand Prix,17.0,LEC,14.475999999999999
Belgian Grand Prix,17.0,VER,15.514
Belgian Grand Prix,17.0,RUS,17.261
Belgian Grand Prix,17.0,ALB,18.948
Belgian Grand Prix,17.0,HAM,19.942
Belgian Grand Prix,17.0,LAW,27.89
Belgian Grand Prix,17.0,BOR,29.936
Belgian Grand Prix,17.0,GAS,34.452
Belgian Grand Prix,17.0,BEA,38.195
Belgian Grand Prix,17.0,HUL,29.029
Belgian Grand Prix,17.0,TSU,37.388
Belgian Grand Prix,17.0,STR,42.111
Belgian Grand Prix,17.0,OCO,52.059
Belgian Grand Prix,17.0,ANT,40.879
Belgian Grand Prix,17.0,ALO,39.173
Belgian Grand Prix,17.0,SAI,42.882
Belgian Grand Prix,17.0,COL,40.505
Belgian Grand Prix,17.0,HAD,41.707
Belgian Grand Prix,18.0,PIA,0.0
Belgian Grand Prix,18.0,NOR,8.607
Belgian Grand Prix,18.0,LEC,14.409
Belgian Grand Prix,18.0,VER,16.35
Belgian Grand Prix,18.0,RUS,17.927
Belgian Grand Prix,18.0,ALB,19.6
Belgian Grand Prix,18.0,HAM,20.558
Belgian Grand Prix,18.0,LAW,29.093
Belgian Grand Prix,18.0,BOR,31.1
Belgian Grand Prix,18.0,GAS,36.176
Belgian Grand Prix,18.0,BEA,39.041
Belgian Grand Prix,18.0,HUL,30.443
Belgian Grand Prix,18.0,TSU,38.179
Belgian Grand Prix,18.0,STR,43.455
Belgian Grand Prix,18.0,OCO,53.626
Belgian Grand Prix,18.0,ANT,42.544
Belgian Grand Prix,18.0,ALO,40.019
Belgian Grand Prix,18.0,SAI,45.131
Belgian Grand Prix,18.0,COL,42.074
Belgian Grand Prix,18.0,HAD,44.693
Belgian Grand Prix,19.0,PIA,0.0
Belgian Grand Prix,19.0,NOR,8.189
Belgian Grand Prix,19.0,LEC,14.433
Belgian Grand Prix,19.0,VER,16.763
Belgian Grand Prix,19.0,RUS,18.411
Belgian Grand Prix,19.0,ALB,20.495
Belgian Grand Prix,19.0,HAM,21.791
Belgian Grand Prix,19.0,LAW,30.3
Belgian Grand Prix,19.0,BOR,32.731
Belgian Grand Prix,19.0,GAS,38.195
Belgian Grand Prix,19.0,BEA,40.376
Belgian Grand Prix,19.0,HUL,32.172
Belgian Grand Prix,19.0,TSU,39.535
Belgian Grand Prix,19.0,STR,45.393
Belgian Grand Prix,19.0,OCO,55.728
Belgian Grand Prix,19.0,ANT,44.567
Belgian Grand Prix,19.0,ALO,41.253
Belgian Grand Prix,19.0,SAI,46.8
Belgian Grand Prix,19.0,COL,44.145
Belgian Grand Prix,19.0,HAD,48.202
Belgian Grand Prix,20.0,PIA,0.0
Belgian Grand Prix,20.0,NOR,8.063
Belgian Grand Prix,20.0,LEC,14.755
Belgian Grand Prix,20.0,VER,16.841
Belgian Grand Prix,20.0,RUS,19.071
Belgian Grand Prix,20.0,ALB,21.056
Belgian Grand Prix,20.0,HAM,23.05
Belgian Grand Prix,20.0,LAW,31.874
Belgian Grand Prix,20.0,BOR,33.864
Belgian Grand Prix,20.0,GAS,39.919
Belgian Grand Prix,20.0,BEA,41.588
Belgian Grand Prix,20.0,HUL,35.429
Belgian Grand Prix,20.0,TSU,40.795
Belgian Grand Prix,20.0,STR,47.387
Belgian Grand Prix,20.0,OCO,57.729
Belgian Grand Prix,20.0,ANT,44.929
Belgian Grand Prix,20.0,ALO,42.662
Belgian Grand Prix,20.0,SAI,48.693
Belgian Grand Prix,20.0,COL,46.902
Belgian Grand Prix,20.0,HAD,55.693
Belgian Grand Prix,21.0,PIA,0.0
Belgian Grand Prix,21.0,NOR,8.121
Belgian Grand Prix,21.0,LEC,15.264
Belgian Grand Prix,21.0,VER,17.427
Belgian Grand Prix,21.0,RUS,20.128
Belgian Grand Prix,21.0,ALB,22.001
Belgian Grand Prix,21.0,HAM,24.459
Belgian Grand Prix,21.0,LAW,33.496
Belgian Grand Prix,21.0,BOR,35.113
Belgian Grand Prix,21.0,GAS,42.129
Belgian Grand Prix,21.0,BEA,43.525
Belgian Grand Prix,21.0,HUL,37.468
Belgian Grand Prix,21.0,TSU,42.743
Belgian Grand Prix,21.0,STR,49.993
Belgian Grand Prix,21.0,OCO,59.557
Belgian Grand Prix,21.0,ANT,46.208
Belgian Grand Prix,21.0,ALO,44.42
Belgian Grand Prix,21.0,SAI,50.895
Belgian Grand Prix,21.0,COL,49.626
Belgian Grand Prix,21.0,HAD,75.576
Belgian Grand Prix,22.0,PIA,0.0
Belgian Grand Prix,22.0,NOR,8.261
Belgian Grand Prix,22.0,LEC,16.161
Belgian Grand Prix,22.0,VER,18.251
Belgian Grand Prix,22.0,RUS,21.35
Belgian Grand Prix,22.0,ALB,23.331
Belgian Grand Prix,22.0,HAM,25.866
Belgian Grand Prix,22.0,LAW,34.899
Belgian Grand Prix,22.0,BOR,36.461
Belgian Grand Prix,22.0,GAS,44.632
Belgian Grand Prix,22.0,BEA,45.959
Belgian Grand Prix,22.0,HUL,39.34
Belgian Grand Prix,22.0,TSU,45.185
Belgian Grand Prix,22.0,STR,51.786
Belgian Grand Prix,22.0,OCO,61.635
Belgian Grand Prix,22.0,ANT,47.395
Belgian Grand Prix,22.0,ALO,46.749
Belgian Grand Prix,22.0,SAI,54.068
Belgian Grand Prix,22.0,COL,53.295
Belgian Grand Prix,22.0,HAD,77.976
Belgian Grand Prix,23.0,PIA,0.0
Belgian Grand Prix,23.0,NOR,8.362
Belgian Grand Prix,23.0,LEC,16.39
Belgian Grand Prix,23.0,VER,18.685
Belgian Grand Prix,23.0,RUS,22.139
Belgian Grand Prix,23.0,ALB,24.413
Belgian Grand Prix,23.0,HAM,26.787
Belgian Grand Prix,23.0,LAW,36.058
Belgian Grand Prix,23.0,BOR,37.467
Belgian Grand Prix,23.0,GAS,46.46
Belgian Grand Prix,23.0,BEA,48.039
Belgian Grand Prix,23.0,HUL,40.912
Belgian Grand Prix,23.0,TSU,47.125
Belgian Grand Prix,23.0,STR,53.588
Belgian Grand Prix,23.0,OCO,63.312
Belgian Grand Prix,23.0,ANT,49.376
Belgian Grand Prix,23.0,ALO,48.807
Belgian Grand Prix,23.0,SAI,56.616
Belgian Grand Prix,23.0,COL,55.763
Belgian Grand Prix,23.0,HAD,79.723
Belgian Grand Prix,24.0,PIA,0.0
Belgian Grand Prix,24.0,NOR,8.081
Belgian Grand Prix,24.0,LEC,16.645
Belgian Grand Prix,24.0,VER,19.034
Belgian Grand Prix,24.0,RUS,23.067
Belgian Grand Prix,24.0,ALB,25.451
Belgian Grand Prix,24.0,HAM,27.349
Belgian Grand Prix,24.0,LAW,37.09
Belgian Grand Prix,24.0,BOR,38.535
Belgian Grand Prix,24.0,GAS,48.13
Belgian Grand Prix,24.0,BEA,49.491
Belgian Grand Prix,24.0,HUL,42.165
Belgian Grand Prix,24.0,TSU,48.582
Belgian Grand Prix,24.0,STR,55.117
Belgian Grand Prix,24.0,OCO,65.184
Belgian Grand Prix,24.0,ANT,50.833
Belgian Grand Prix,24.0,ALO,50.205
Belgian Grand Prix,24.0,SAI,58.834
Belgian Grand Prix,24.0,COL,58.165
Belgian Grand Prix,24.0,HAD,81.338
Belgian Grand Prix,25.0,PIA,0.0
Belgian Grand Prix,25.0,NOR,7.865
Belgian Grand Prix,25.0,LEC,17.083
Belgian Grand Prix,25.0,VER,19.267
Belgian Grand Prix,25.0,RUS,23.829
Belgian Grand Prix,25.0,ALB,26.41
Belgian Grand Prix,25.0,HAM,28.336
Belgian Grand Prix,25.0,LAW,37.965
Belgian Grand Prix,25.0,BOR,39.629
Belgian Grand Prix,25.0,GAS,49.708
Belgian Grand Prix,25.0,BEA,51.098
Belgian Grand Prix,25.0,HUL,43.696
Belgian Grand Prix,25.0,TSU,50.401
Belgian Grand Prix,25.0,STR,56.58
Belgian Grand Prix,25.0,OCO,66.727
Belgian Grand Prix,25.0,ANT,52.419
Belgian Grand Prix,25.0,ALO,51.826
Belgian Grand Prix,25.0,SAI,61.015
Belgian Grand Prix,25.0,COL,60.173
Belgian Grand Prix,25.0,HAD,83.325
Belgian Grand Prix,26.0,PIA,0.0
Belgian Grand Prix,26.0,NOR,9.118
Belgian Grand Prix,26.0,LEC,17.386
Belgian Grand Prix,26.0,VER,19.573
Belgian Grand Prix,26.0,RUS,24.442
Belgian Grand Prix,26.0,ALB,27.541
Belgian Grand Prix,26.0,HAM,29.019
Belgian Grand Prix,26.0,LAW,38.98
Belgian Grand Prix,26.0,BOR,40.593
Belgian Grand Prix,26.0,GAS,51.087
Belgian Grand Prix,26.0,BEA,52.57
Belgian Grand Prix,26.0,HUL,44.945
Belgian Grand Prix,26.0,TSU,51.667
Belgian Grand Prix,26.0,STR,58.023
Belgian Grand Prix,26.0,OCO,67.999
Belgian Grand Prix,26.0,ANT,53.842
Belgian Grand Prix,26.0,ALO,53.329
Belgian Grand Prix,26.0,SAI,67.883
Belgian Grand Prix,26.0,COL,62.281
Belgian Grand Prix,26.0,HAD,85.17
Belgian Grand Prix,27.0,PIA,0.0
Belgian Grand Prix,27.0,NOR,9.264
Belgian Grand Prix,27.0,LEC,17.734
Belgian Grand Prix,27.0,VER,19.853
Belgian Grand Prix,27.0,RUS,25.342
Belgian Grand Prix,27.0,ALB,28.46
Belgian Grand Prix,27.0,HAM,29.705
Belgian Grand Prix,27.0,LAW,40.169
Belgian Grand Prix,27.0,BOR,41.874
Belgian Grand Prix,27.0,GAS,52.766
Belgian Grand Prix,27.0,BEA,54.067
Belgian Grand Prix,27.0,HUL,46.629
Belgian Grand Prix,27.0,TSU,53.428
Belgian Grand Prix,27.0,STR,59.657
Belgian Grand Prix,27.0,OCO,69.701
Belgian Grand Prix,27.0,ANT,54.601
Belgian Grand Prix,27.0,ALO,55.57
Belgian Grand Prix,27.0,SAI,85.905
Belgian Grand Prix,27.0,COL,64.845
Belgian Grand Prix,27.0,HAD,87.611
Belgian Grand Prix,28.0,PIA,0.0
Belgian Grand Prix,28.0,NOR,8.767
Belgian Grand Prix,28.0,LEC,17.862
Belgian Grand Prix,28.0,VER,20.035
Belgian Grand Prix,28.0,RUS,25.989
Belgian Grand Prix,28.0,ALB,29.188
Belgian Grand Prix,28.0,HAM,30.395
Belgian Grand Prix,28.0,LAW,41.302
Belgian Grand Prix,28.0,BOR,42.905
Belgian Grand Prix,28.0,GAS,54.36
Belgian Grand Prix,28.0,BEA,55.584
Belgian Grand Prix,28.0,HUL,48.165
Belgian Grand Prix,28.0,TSU,55.086
Belgian Grand Prix,28.0,STR,61.541
Belgian Grand Prix,28.0,OCO,70.99
Belgian Grand Prix,28.0,ANT,56.091
Belgian Grand Prix,28.0,ALO,57.828
Belgian Grand Prix,28.0,SAI,85.868
Belgian Grand Prix,28.0,COL,71.318
Belgian Grand Prix,28.0,HAD,89.224
Belgian Grand Prix,29.0,PIA,0.0
Belgian Grand Prix,29.0,NOR,8.596
Belgian Grand Prix,29.0,LEC,18.348
Belgian Grand Prix,29.0,VER,20.414
Belgian Grand Prix,29.0,RUS,27.022
Belgian Grand Prix,29.0,ALB,30.389
Belgian Grand Prix,29.0,HAM,31.178
Belgian Grand Prix,29.0,LAW,42.485
Belgian Grand Prix,29.0,BOR,44.327
Belgian Grand Prix,29.0,GAS,56.188
Belgian Grand Prix,29.0,BEA,57.483
Belgian Grand Prix,29.0,HUL,50.062
Belgian Grand Prix,29.0,TSU,56.889
Belgian Grand Prix,29.0,STR,63.374
Belgian Grand Prix,29.0,OCO,72.517
Belgian Grand Prix,29.0,ANT,57.97
Belgian Grand Prix,29.0,ALO,64.214
Belgian Grand Prix,29.0,SAI,86.31
Belgian Grand Prix,29.0,COL,87.898
Belgian Grand Prix,29.0,HAD,91.179
Belgian Grand Prix,30.0,PIA,0.0
Belgian Grand Prix,30.0,NOR,8.28
Belgian Grand Prix,30.0,LEC,18.581
Belgian Grand Prix,30.0,VER,20.537
Belgian Grand Prix,30.0,RUS,28.004
Belgian Grand Prix,30.0,ALB,31.337
Belgian Grand Prix,30.0,HAM,32.009
Belgian Grand Prix,30.0,LAW,43.392
Belgian Grand Prix,30.0,BOR,45.658
Belgian Grand Prix,30.0,GAS,57.802
Belgian Grand Prix,30.0,BEA,59.033
Belgian Grand Prix,30.0,HUL,52.045
Belgian Grand Prix,30.0,TSU,58.445
Belgian Grand Prix,30.0,STR,64.798
Belgian Grand Prix,30.0,OCO,73.835
Belgian Grand Prix,30.0,ANT,64.208
Belgian Grand Prix,30.0,ALO,80.005
Belgian Grand Prix,30.0,SAI,86.178
Belgian Grand Prix,30.0,COL,87.797
Belgian Grand Prix,30.0,HAD,93.101
Belgian Grand Prix,31.0,PIA,0.0
Belgian Grand Prix,31.0,NOR,8.169
Belgian Grand Prix,31.0,LEC,18.758
Belgian Grand Prix,31.0,VER,20.779
Belgian Grand Prix,31.0,RUS,29.03
Belgian Grand Prix,31.0,ALB,32.172
Belgian Grand Prix,31.0,HAM,32.884
Belgian Grand Prix,31.0,LAW,44.333
Belgian Grand Prix,31.0,BOR,47.239
Belgian Grand Prix,31.0,GAS,59.234
Belgian Grand Prix,31.0,BEA,60.651
Belgian Grand Prix,31.0,HUL,54.219
Belgian Grand Prix,31.0,TSU,59.989
Belgian Grand Prix,31.0,STR,66.705
Belgian Grand Prix,31.0,OCO,75.2
Belgian Grand Prix,31.0,ANT,78.715
Belgian Grand Prix,31.0,ALO,79.822
Belgian Grand Prix,31.0,SAI,86.736
Belgian Grand Prix,31.0,COL,87.995
Belgian Grand Prix,31.0,HAD,95.016
Belgian Grand Prix,32.0,PIA,0.0
Belgian Grand Prix,32.0,NOR,7.775
Belgian Grand Prix,32.0,LEC,18.866
Belgian Grand Prix,32.0,VER,21.052
Belgian Grand Prix,32.0,RUS,30.012
Belgian Grand Prix,32.0,ALB,32.943
Belgian Grand Prix,32.0,HAM,33.506
Belgian Grand Prix,32.0,LAW,45.207
Belgian Grand Prix,32.0,BOR,47.931
Belgian Grand Prix,32.0,GAS,60.521
Belgian Grand Prix,32.0,BEA,61.932
Belgian Grand Prix,32.0,HUL,60.217
Belgian Grand Prix,32.0,TSU,61.321
Belgian Grand Prix,32.0,STR,67.937
Belgian Grand Prix,32.0,OCO,76.355
Belgian Grand Prix,32.0,ANT,77.218
Belgian Grand Prix,32.0,ALO,79.313
Belgian Grand Prix,32.0,SAI,86.865
Belgian Grand Prix,32.0,COL,88.192
Belgian Grand Prix,32.0,HAD,96.526
Belgian Grand Prix,33.0,PIA,0.0
Belgian Grand Prix,33.0,NOR,7.209
Belgian Grand Prix,33.0,LEC,18.734
Belgian Grand Prix,33.0,VER,21.037
Belgian Grand Prix,33.0,RUS,30.529
Belgian Grand Prix,33.0,ALB,33.491
Belgian Grand Prix,33.0,HAM,34.184
Belgian Grand Prix,33.0,LAW,45.656
Belgian Grand Prix,33.0,BOR,48.533
Belgian Grand Prix,33.0,GAS,61.472
Belgian Grand Prix,33.0,BEA,63.36
Belgian Grand Prix,33.0,HUL,76.796
Belgian Grand Prix,33.0,TSU,62.251
Belgian Grand Prix,33.0,STR,68.769
Belgian Grand Prix,33.0,OCO,76.514
Belgian Grand Prix,33.0,ANT,77.293
Belgian Grand Prix,33.0,ALO,79.038
Belgian Grand Prix,33.0,SAI,86.703
Belgian Grand Prix,33.0,COL,88.333
Belgian Grand Prix,33.0,HAD,97.67
Belgian Grand Prix,34.0,PIA,0.0
Belgian Grand Prix,34.0,NOR,7.971
Belgian Grand Prix,34.0,LEC,18.922
Belgian Grand Prix,34.0,VER,21.025
Belgian Grand Prix,34.0,RUS,31.23
Belgian Grand Prix,34.0,ALB,34.493
Belgian Grand Prix,34.0,HAM,35.316
Belgian Grand Prix,34.0,LAW,46.21
Belgian Grand Prix,34.0,BOR,49.383
Belgian Grand Prix,34.0,GAS,62.631
Belgian Grand Prix,34.0,BEA,64.59
Belgian Grand Prix,34.0,HUL,75.515
Belgian Grand Prix,34.0,TSU,63.4
Belgian Grand Prix,34.0,STR,69.873
Belgian Grand Prix,34.0,OCO,78.622
Belgian Grand Prix,34.0,ANT,78.947
Belgian Grand Prix,34.0,ALO,79.63
Belgian Grand Prix,34.0,SAI,87.363
Belgian Grand Prix,34.0,COL,88.724
Belgian Grand Prix,34.0,HAD,99.522
Belgian Grand Prix,35.0,PIA,0.0
Belgian Grand Prix,35.0,NOR,7.502
Belgian Grand Prix,35.0,LEC,18.969
Belgian Grand Prix,35.0,VER,21.198
Belgian Grand Prix,35.0,RUS,31.634
Belgian Grand Prix,35.0,ALB,35.098
Belgian Grand Prix,35.0,HAM,35.886
Belgian Grand Prix,35.0,LAW,46.791
Belgian Grand Prix,35.0,BOR,50.186
Belgian Grand Prix,35.0,GAS,63.787
Belgian Grand Prix,35.0,BEA,65.281
Belgian Grand Prix,35.0,HUL,74.796
Belgian Grand Prix,35.0,TSU,64.486
Belgian Grand Prix,35.0,STR,70.835
Belgian Grand Prix,35.0,OCO,80.116
Belgian Grand Prix,35.0,ANT,80.79
Belgian Grand Prix,35.0,ALO,81.137
Belgian Grand Prix,35.0,SAI,87.873
Belgian Grand Prix,35.0,COL,89.61
Belgian Grand Prix,35.0,HAD,101.207
Belgian Grand Prix,36.0,PIA,0.0
Belgian Grand Prix,36.0,NOR,6.899
Belgian Grand Prix,36.0,LEC,19.689
Belgian Grand Prix,36.0,VER,21.203
Belgian Grand Prix,36.0,RUS,32.199
Belgian Grand Prix,36.0,ALB,35.422
Belgian Grand Prix,36.0,HAM,36.399
Belgian Grand Prix,36.0,LAW,47.051
Belgian Grand Prix,36.0,BOR,50.798
Belgian Grand Prix,36.0,GAS,64.727
Belgian Grand Prix,36.0,BEA,66.121
Belgian Grand Prix,36.0,HUL,74.087
Belgian Grand Prix,36.0,TSU,65.561
Belgian Grand Prix,36.0,STR,71.729
Belgian Grand Prix,36.0,OCO,80.888
Belgian Grand Prix,36.0,ANT,81.449
Belgian Grand Prix,36.0,ALO,82.229
Belgian Grand Prix,36.0,SAI,88.371
Belgian Grand Prix,36.0,COL,90.432
Belgian Grand Prix,36.0,HAD,102.757
Belgian Grand Prix,37.0,PIA,0.0
Belgian Grand Prix,37.0,NOR,6.205
Belgian Grand Prix,37.0,LEC,19.971
Belgian Grand Prix,37.0,VER,21.062
Belgian Grand Prix,37.0,RUS,32.353
Belgian Grand Prix,37.0,ALB,36.153
Belgian Grand Prix,37.0,HAM,37.049
Belgian Grand Prix,37.0,LAW,47.378
Belgian Grand Prix,37.0,BOR,51.575
Belgian Grand Prix,37.0,GAS,66.101
Belgian Grand Prix,37.0,BEA,67.219
Belgian Grand Prix,37.0,HUL,74.035
Belgian Grand Prix,37.0,TSU,66.74
Belgian Grand Prix,37.0,STR,72.696
Belgian Grand Prix,37.0,OCO,81.545
Belgian Grand Prix,37.0,ANT,82.133
Belgian Grand Prix,37.0,ALO,82.86
Belgian Grand Prix,37.0,SAI,88.632
Belgian Grand Prix,37.0,COL,90.829
Belgian Grand Prix,37.0,HAD,104.37
Belgian Grand Prix,38.0,PIA,0.0
Belgian Grand Prix,38.0,NOR,5.5440000000000005
Belgian Grand Prix,38.0,LEC,19.971
Belgian Grand Prix,38.0,VER,21.103
Belgian Grand Prix,38.0,RUS,32.82
Belgian Grand Prix,38.0,ALB,36.619
Belgian Grand Prix,38.0,HAM,37.877
Belgian Grand Prix,38.0,LAW,47.68
Belgian Grand Prix,38.0,BOR,52.375
Belgian Grand Prix,38.0,GAS,67.09
Belgian Grand Prix,38.0,BEA,68.403
Belgian Grand Prix,38.0,HUL,74.096
Belgian Grand Prix,38.0,TSU,67.897
Belgian Grand Prix,38.0,STR,73.561
Belgian Grand Prix,38.0,OCO,82.356
Belgian Grand Prix,38.0,ANT,82.784
Belgian Grand Prix,38.0,ALO,83.354
Belgian Grand Prix,38.0,SAI,89.088
Belgian Grand Prix,38.0,COL,91.734
Belgian Grand Prix,38.0,HAD,108.381
Belgian Grand Prix,39.0,PIA,0.0
Belgian Grand Prix,39.0,NOR,4.72
Belgian Grand Prix,39.0,LEC,19.667
Belgian Grand Prix,39.0,VER,20.768
Belgian Grand Prix,39.0,RUS,32.935
Belgian Grand Prix,39.0,ALB,36.969
Belgian Grand Prix,39.0,HAM,38.169
Belgian Grand Prix,39.0,LAW,48.212
Belgian Grand Prix,39.0,BOR,53.091
Belgian Grand Prix,39.0,GAS,67.865
Belgian Grand Prix,39.0,BEA,69.337
Belgian Grand Prix,39.0,HUL,72.666
Belgian Grand Prix,39.0,TSU,68.769
Belgian Grand Prix,39.0,STR,74.937
Belgian Grand Prix,39.0,OCO,83.091
Belgian Grand Prix,39.0,ANT,83.605
Belgian Grand Prix,39.0,ALO,84.081
Belgian Grand Prix,39.0,SAI,89.262
Belgian Grand Prix,39.0,COL,92.327
Belgian Grand Prix,39.0,HAD,111.545
Belgian Grand Prix,40.0,PIA,0.0
Belgian Grand Prix,40.0,NOR,4.382
Belgian Grand Prix,40.0,LEC,19.515
Belgian Grand Prix,40.0,VER,20.538
Belgian Grand Prix,40.0,RUS,33.527
Belgian Grand Prix,40.0,ALB,37.458
Belgian Grand Prix,40.0,HAM,38.869
Belgian Grand Prix,40.0,LAW,48.647
Belgian Grand Prix,40.0,BOR,53.744
Belgian Grand Prix,40.0,GAS,68.973
Belgian Grand Prix,40.0,BEA,70.402
Belgian Grand Prix,40.0,HUL,72.433
Belgian Grand Prix,40.0,TSU,69.703
Belgian Grand Prix,40.0,STR,75.852
Belgian Grand Prix,40.0,OCO,83.908
Belgian Grand Prix,40.0,ANT,84.345
Belgian Grand Prix,40.0,ALO,84.904
Belgian Grand Prix,40.0,SAI,90.059
Belgian Grand Prix,40.0,COL,93.236
Belgian Grand Prix,40.0,HAD,113.415
Belgian Grand Prix,41.0,PIA,0.0
Belgian Grand Prix,41.0,NOR,3.782
Belgian Grand Prix,41.0,LEC,19.555
Belgian Grand Prix,41.0,VER,20.612
Belgian Grand Prix,41.0,RUS,33.984
Belgian Grand Prix,41.0,ALB,38.344
Belgian Grand Prix,41.0,HAM,39.601
Belgian Grand Prix,41.0,LAW,49.29
Belgian Grand Prix,41.0,BOR,54.566
Belgian Grand Prix,41.0,GAS,70.082
Belgian Grand Prix,41.0,BEA,71.772
Belgian Grand Prix,41.0,HUL,72.571
Belgian Grand Prix,41.0,TSU,70.818
Belgian Grand Prix,41.0,STR,77.008
Belgian Grand Prix,41.0,OCO,84.893
Belgian Grand Prix,41.0,ANT,85.281
Belgian Grand Prix,41.0,ALO,86.058
Belgian Grand Prix,41.0,SAI,91.023
Belgian Grand Prix,41.0,COL,94.25
Belgian Grand Prix,41.0,HAD,116.594
Belgian Grand Prix,42.0,PIA,0.0
Belgian Grand Prix,42.0,NOR,3.106
Belgian Grand Prix,42.0,LEC,19.937
Belgian Grand Prix,42.0,VER,21.371
Belgian Grand Prix,42.0,RUS,34.781
Belgian Grand Prix,42.0,ALB,39.298
Belgian Grand Prix,42.0,HAM,40.629
Belgian Grand Prix,42.0,LAW,51.539
Belgian Grand Prix,42.0,BOR,55.813
Belgian Grand Prix,42.0,GAS,71.326
Belgian Grand Prix,42.0,BEA,72.823
Belgian Grand Prix,42.0,HUL,73.416
Belgian Grand Prix,42.0,TSU,72.126
Belgian Grand Prix,42.0,STR,78.413
Belgian Grand Prix,42.0,OCO,85.929
Belgian Grand Prix,42.0,ANT,86.478
Belgian Grand Prix,42.0,ALO,87.393
Belgian Grand Prix,42.0,SAI,92.215
Belgian Grand Prix,42.0,COL,95.427
Belgian Grand Prix,42.0,HAD,118.74
Belgian Grand Prix,43.0,PIA,0.0
Belgian Grand Prix,43.0,NOR,5.121
Belgian Grand Prix,43.0,LEC,20.811
Belgian Grand Prix,43.0,VER,22.241
Belgian Grand Prix,43.0,RUS,35.641
Belgian Grand Prix,43.0,ALB,40.475
Belgian Grand Prix,43.0,HAM,41.457
Belgian Grand Prix,43.0,LAW,52.561
Belgian Grand Prix,43.0,BOR,57.095
Belgian Grand Prix,43.0,GAS,73.151
Belgian Grand Prix,43.0,BEA,73.826
Belgian Grand Prix,43.0,HUL,75.314
Belgian Grand Prix,43.0,TSU,74.768
Belgian Grand Prix,43.0,STR,80.295
Belgian Grand Prix,43.0,OCO,87.146
Belgian Grand Prix,43.0,ANT,87.617
Belgian Grand Prix,43.0,ALO,88.42
Belgian Grand Prix,43.0,SAI,93.403
Belgian Grand Prix,43.0,COL,96.599
Belgian Grand Prix,43.0,HAD,120.701
Belgian Grand Prix,44.0,PIA,0.0
Belgian Grand Prix,44.0,NOR,3.39
Belgian Grand Prix,44.0,LEC,20.194
Belgian Grand Prix,44.0,VER,21.621
Belgian Grand Prix,44.0,RUS,34.789
Belgian Grand Prix,44.0,ALB,39.906
Belgian Grand Prix,44.0,HAM,40.596
Belgian Grand Prix,44.0,LAW,51.882
Belgian Grand Prix,44.0,BOR,56.346
Belgian Grand Prix,44.0,GAS,72.693
Belgian Grand Prix,44.0,BEA,73.119
Belgian Grand Prix,44.0,HUL,73.554
Belgian Grand Prix,44.0,TSU,75.322
Belgian Grand Prix,44.0,STR,79.768
Belgian Grand Prix,44.0,OCO,86.069
Belgian Grand Prix,44.0,ANT,86.707
Belgian Grand Prix,44.0,ALO,87.905
Belgian Grand Prix,44.0,SAI,92.005
Belgian Grand Prix,44.0,COL,95.266
Hungarian Grand Prix,1.0,NOR,2.726
Hungarian Grand Prix,1.0,PIA,0.626
Hungarian Grand Prix,1.0,RUS,1.108
Hungarian Grand Prix,1.0,LEC,0.0
Hungarian Grand Prix,1.0,ALO,2.145
Hungarian Grand Prix,1.0,BOR,3.341
Hungarian Grand Prix,1.0,STR,3.9130000000000003
Hungarian Grand Prix,1.0,LAW,4.501
Hungarian Grand Prix,1.0,VER,4.974
Hungarian Grand Prix,1.0,ANT,7.021
Hungarian Grand Prix,1.0,HAD,6.083
Hungarian Grand Prix,1.0,HAM,7.594
Hungarian Grand Prix,1.0,HUL,8.91
Hungarian Grand Prix,1.0,SAI,6.5600000000000005
Hungarian Grand Prix,1.0,ALB,8.606
Hungarian Grand Prix,1.0,OCO,8.002
Hungarian Grand Prix,1.0,TSU,10.343
Hungarian Grand Prix,1.0,COL,9.592
Hungarian Grand Prix,1.0,GAS,9.816
Hungarian Grand Prix,1.0,BEA,5.536
Hungarian Grand Prix,2.0,NOR,3.8609999999999998
Hungarian Grand Prix,2.0,PIA,1.039
Hungarian Grand Prix,2.0,RUS,2.101
Hungarian Grand Prix,2.0,LEC,0.0
Hungarian Grand Prix,2.0,ALO,3.729
Hungarian Grand Prix,2.0,BOR,4.493
Hungarian Grand Prix,2.0,STR,5.182
Hungarian Grand Prix,2.0,LAW,6.843
Hungarian Grand Prix,2.0,VER,6.016
Hungarian Grand Prix,2.0,ANT,9.243
Hungarian Grand Prix,2.0,HAD,8.227
Hungarian Grand Prix,2.0,HAM,9.66
Hungarian Grand Prix,2.0,HUL,11.034
Hungarian Grand Prix,2.0,SAI,8.7
Hungarian Grand Prix,2.0,ALB,10.639
Hungarian Grand Prix,2.0,OCO,10.255
Hungarian Grand Prix,2.0,TSU,13.078
Hungarian Grand Prix,2.0,COL,11.651
Hungarian Grand Prix,2.0,GAS,12.317
Hungarian Grand Prix,2.0,BEA,7.434
Hungarian Grand Prix,3.0,NOR,4.589
Hungarian Grand Prix,3.0,PIA,1.646
Hungarian Grand Prix,3.0,RUS,2.9939999999999998
Hungarian Grand Prix,3.0,LEC,0.0
Hungarian Grand Prix,3.0,ALO,5.954
Hungarian Grand Prix,3.0,BOR,6.572
Hungarian Grand Prix,3.0,STR,8.009
Hungarian Grand Prix,3.0,LAW,8.629
Hungarian Grand Prix,3.0,VER,7.331
Hungarian Grand Prix,3.0,ANT,10.92
Hungarian Grand Prix,3.0,HAD,9.748
Hungarian Grand Prix,3.0,HAM,11.502
Hungarian Grand Prix,3.0,HUL,12.661
Hungarian Grand Prix,3.0,SAI,10.378
Hungarian Grand Prix,3.0,ALB,12.403
Hungarian Grand Prix,3.0,OCO,11.969
Hungarian Grand Prix,3.0,TSU,14.606
Hungarian Grand Prix,3.0,COL,13.407
Hungarian Grand Prix,3.0,GAS,14.102
Hungarian Grand Prix,3.0,BEA,9.178
Hungarian Grand Prix,4.0,NOR,5.188
Hungarian Grand Prix,4.0,PIA,2.125
Hungarian Grand Prix,4.0,RUS,3.676
Hungarian Grand Prix,4.0,LEC,0.0
Hungarian Grand Prix,4.0,ALO,7.491
Hungarian Grand Prix,4.0,BOR,8.029
Hungarian Grand Prix,4.0,STR,9.539
Hungarian Grand Prix,4.0,LAW,10.325
Hungarian Grand Prix,4.0,VER,8.906
Hungarian Grand Prix,4.0,ANT,12.844
Hungarian Grand Prix,4.0,HAD,11.71
Hungarian Grand Prix,4.0,HAM,13.406
Hungarian Grand Prix,4.0,HUL,14.78
Hungarian Grand Prix,4.0,SAI,12.247
Hungarian Grand Prix,4.0,ALB,14.388
Hungarian Grand Prix,4.0,OCO,13.991
Hungarian Grand Prix,4.0,TSU,16.557
Hungarian Grand Prix,4.0,COL,15.636
Hungarian Grand Prix,4.0,GAS,15.756
Hungarian Grand Prix,4.0,BEA,10.98
Hungarian Grand Prix,5.0,NOR,5.509
Hungarian Grand Prix,5.0,PIA,2.459
Hungarian Grand Prix,5.0,RUS,4.025
Hungarian Grand Prix,5.0,LEC,0.0
Hungarian Grand Prix,5.0,ALO,8.598
Hungarian Grand Prix,5.0,BOR,9.509
Hungarian Grand Prix,5.0,STR,11.113
Hungarian Grand Prix,5.0,LAW,11.759
Hungarian Grand Prix,5.0,VER,10.401
Hungarian Grand Prix,5.0,ANT,14.454
Hungarian Grand Prix,5.0,HAD,13.364
Hungarian Grand Prix,5.0,HAM,15.101
Hungarian Grand Prix,5.0,HUL,18.91
Hungarian Grand Prix,5.0,SAI,13.886
Hungarian Grand Prix,5.0,ALB,16.326
Hungarian Grand Prix,5.0,OCO,15.709
Hungarian Grand Prix,5.0,TSU,18.559
Hungarian Grand Prix,5.0,COL,18.02
Hungarian Grand Prix,5.0,GAS,17.274
Hungarian Grand Prix,5.0,BEA,12.599
Hungarian Grand Prix,6.0,NOR,5.333
Hungarian Grand Prix,6.0,PIA,2.7
Hungarian Grand Prix,6.0,RUS,4.182
Hungarian Grand Prix,6.0,LEC,0.0
Hungarian Grand Prix,6.0,ALO,9.727
Hungarian Grand Prix,6.0,BOR,10.654
Hungarian Grand Prix,6.0,STR,12.218
Hungarian Grand Prix,6.0,LAW,13.047
Hungarian Grand Prix,6.0,VER,11.44
Hungarian Grand Prix,6.0,ANT,15.882
Hungarian Grand Prix,6.0,HAD,14.5
Hungarian Grand Prix,6.0,HAM,16.523
Hungarian Grand Prix,6.0,HUL,36.771
Hungarian Grand Prix,6.0,SAI,15.287
Hungarian Grand Prix,6.0,ALB,17.915
Hungarian Grand Prix,6.0,OCO,17.236
Hungarian Grand Prix,6.0,TSU,20.275
Hungarian Grand Prix,6.0,COL,19.434
Hungarian Grand Prix,6.0,GAS,18.739
Hungarian Grand Prix,6.0,BEA,13.791
Hungarian Grand Prix,7.0,NOR,5.504
Hungarian Grand Prix,7.0,PIA,2.6879999999999997
Hungarian Grand Prix,7.0,RUS,4.381
Hungarian Grand Prix,7.0,LEC,0.0
Hungarian Grand Prix,7.0,ALO,10.886
Hungarian Grand Prix,7.0,BOR,11.751
Hungarian Grand Prix,7.0,STR,13.497
Hungarian Grand Prix,7.0,LAW,14.426
Hungarian Grand Prix,7.0,VER,12.669
Hungarian Grand Prix,7.0,ANT,17.419
Hungarian Grand Prix,7.0,HAD,16.174
Hungarian Grand Prix,7.0,HAM,18.113
Hungarian Grand Prix,7.0,HUL,36.703
Hungarian Grand Prix,7.0,SAI,16.753
Hungarian Grand Prix,7.0,ALB,19.542
Hungarian Grand Prix,7.0,OCO,18.912
Hungarian Grand Prix,7.0,TSU,21.981
Hungarian Grand Prix,7.0,COL,20.958
Hungarian Grand Prix,7.0,GAS,20.332
Hungarian Grand Prix,7.0,BEA,15.349
Hungarian Grand Prix,8.0,NOR,5.75
Hungarian Grand Prix,8.0,PIA,2.888
Hungarian Grand Prix,8.0,RUS,4.702
Hungarian Grand Prix,8.0,LEC,0.0
Hungarian Grand Prix,8.0,ALO,12.637
Hungarian Grand Prix,8.0,BOR,13.56
Hungarian Grand Prix,8.0,STR,15.204
Hungarian Grand Prix,8.0,LAW,15.941
Hungarian Grand Prix,8.0,VER,14.411
Hungarian Grand Prix,8.0,ANT,18.868
Hungarian Grand Prix,8.0,HAD,17.55
Hungarian Grand Prix,8.0,HAM,19.593
Hungarian Grand Prix,8.0,HUL,36.945
Hungarian Grand Prix,8.0,SAI,18.223
Hungarian Grand Prix,8.0,ALB,21.235
Hungarian Grand Prix,8.0,OCO,20.389
Hungarian Grand Prix,8.0,TSU,23.842
Hungarian Grand Prix,8.0,COL,22.902
Hungarian Grand Prix,8.0,GAS,22.054
Hungarian Grand Prix,8.0,BEA,16.723
Hungarian Grand Prix,9.0,NOR,5.507
Hungarian Grand Prix,9.0,PIA,2.9050000000000002
Hungarian Grand Prix,9.0,RUS,4.811
Hungarian Grand Prix,9.0,LEC,0.0
Hungarian Grand Prix,9.0,ALO,13.974
Hungarian Grand Prix,9.0,BOR,14.919
Hungarian Grand Prix,9.0,STR,16.731
Hungarian Grand Prix,9.0,LAW,17.523
Hungarian Grand Prix,9.0,VER,15.859
Hungarian Grand Prix,9.0,ANT,20.545
Hungarian Grand Prix,9.0,HAD,19.174
Hungarian Grand Prix,9.0,HAM,21.28
Hungarian Grand Prix,9.0,HUL,37.159
Hungarian Grand Prix,9.0,SAI,19.794
Hungarian Grand Prix,9.0,ALB,22.727
Hungarian Grand Prix,9.0,OCO,22.026
Hungarian Grand Prix,9.0,TSU,25.727
Hungarian Grand Prix,9.0,COL,24.608
Hungarian Grand Prix,9.0,GAS,23.764
Hungarian Grand Prix,9.0,BEA,18.386
Hungarian Grand Prix,10.0,NOR,5.652
Hungarian Grand Prix,10.0,PIA,2.624
Hungarian Grand Prix,10.0,RUS,5.035
Hungarian Grand Prix,10.0,LEC,0.0
Hungarian Grand Prix,10.0,ALO,15.152
Hungarian Grand Prix,10.0,BOR,15.998
Hungarian Grand Prix,10.0,STR,18.038
Hungarian Grand Prix,10.0,LAW,18.845
Hungarian Grand Prix,10.0,VER,17.105
Hungarian Grand Prix,10.0,ANT,22.004
Hungarian Grand Prix,10.0,HAD,20.475
Hungarian Grand Prix,10.0,HAM,22.746
Hungarian Grand Prix,10.0,HUL,37.594
Hungarian Grand Prix,10.0,SAI,21.376
Hungarian Grand Prix,10.0,ALB,24.399
Hungarian Grand Prix,10.0,OCO,23.609
Hungarian Grand Prix,10.0,TSU,27.207
Hungarian Grand Prix,10.0,COL,26.174
Hungarian Grand Prix,10.0,GAS,25.26
Hungarian Grand Prix,10.0,BEA,19.826
Hungarian Grand Prix,11.0,NOR,6.061
Hungarian Grand Prix,11.0,PIA,2.682
Hungarian Grand Prix,11.0,RUS,5.379
Hungarian Grand Prix,11.0,LEC,0.0
Hungarian Grand Prix,11.0,ALO,16.186
Hungarian Grand Prix,11.0,BOR,17.172
Hungarian Grand Prix,11.0,STR,19.441
Hungarian Grand Prix,11.0,LAW,20.427
Hungarian Grand Prix,11.0,VER,18.558
Hungarian Grand Prix,11.0,ANT,23.741
Hungarian Grand Prix,11.0,HAD,22.188
Hungarian Grand Prix,11.0,HAM,24.371
Hungarian Grand Prix,11.0,HUL,38.038
Hungarian Grand Prix,11.0,SAI,23.064
Hungarian Grand Prix,11.0,ALB,26.044
Hungarian Grand Prix,11.0,OCO,25.337
Hungarian Grand Prix,11.0,TSU,29.037
Hungarian Grand Prix,11.0,COL,27.898
Hungarian Grand Prix,11.0,GAS,26.859
Hungarian Grand Prix,11.0,BEA,21.571
Hungarian Grand Prix,12.0,NOR,6.44
Hungarian Grand Prix,12.0,PIA,2.596
Hungarian Grand Prix,12.0,RUS,5.476
Hungarian Grand Prix,12.0,LEC,0.0
Hungarian Grand Prix,12.0,ALO,17.089
Hungarian Grand Prix,12.0,BOR,18.091
Hungarian Grand Prix,12.0,STR,20.672
Hungarian Grand Prix,12.0,LAW,21.618
Hungarian Grand Prix,12.0,VER,19.68
Hungarian Grand Prix,12.0,ANT,25.609
Hungarian Grand Prix,12.0,HAD,23.923000000000002
Hungarian Grand Prix,12.0,HAM,26.171
Hungarian Grand Prix,12.0,HUL,38.124
Hungarian Grand Prix,12.0,SAI,24.891
Hungarian Grand Prix,12.0,ALB,27.758
Hungarian Grand Prix,12.0,OCO,27.106
Hungarian Grand Prix,12.0,TSU,30.779
Hungarian Grand Prix,12.0,COL,29.507
Hungarian Grand Prix,12.0,GAS,28.7
Hungarian Grand Prix,12.0,BEA,23.115
Hungarian Grand Prix,13.0,NOR,7.215
Hungarian Grand Prix,13.0,PIA,2.927
Hungarian Grand Prix,13.0,RUS,5.891
Hungarian Grand Prix,13.0,LEC,0.0
Hungarian Grand Prix,13.0,ALO,17.968
Hungarian Grand Prix,13.0,BOR,19.335
Hungarian Grand Prix,13.0,STR,21.942
Hungarian Grand Prix,13.0,LAW,23.045
Hungarian Grand Prix,13.0,VER,20.924
Hungarian Grand Prix,13.0,ANT,27.312
Hungarian Grand Prix,13.0,HAD,25.449
Hungarian Grand Prix,13.0,HAM,27.79
Hungarian Grand Prix,13.0,HUL,38.688
Hungarian Grand Prix,13.0,SAI,26.469
Hungarian Grand Prix,13.0,ALB,29.512
Hungarian Grand Prix,13.0,OCO,28.759
Hungarian Grand Prix,13.0,TSU,32.517
Hungarian Grand Prix,13.0,COL,33.508
Hungarian Grand Prix,13.0,GAS,30.465
Hungarian Grand Prix,13.0,BEA,24.73
Hungarian Grand Prix,14.0,NOR,7.391
Hungarian Grand Prix,14.0,PIA,3.014
Hungarian Grand Prix,14.0,RUS,6.254
Hungarian Grand Prix,14.0,LEC,0.0
Hungarian Grand Prix,14.0,ALO,18.757
Hungarian Grand Prix,14.0,BOR,20.366
Hungarian Grand Prix,14.0,STR,23.174
Hungarian Grand Prix,14.0,LAW,24.116
Hungarian Grand Prix,14.0,VER,22.029
Hungarian Grand Prix,14.0,ANT,28.83
Hungarian Grand Prix,14.0,HAD,26.964
Hungarian Grand Prix,14.0,HAM,29.497
Hungarian Grand Prix,14.0,HUL,39.071
Hungarian Grand Prix,14.0,SAI,28.122
Hungarian Grand Prix,14.0,ALB,33.766
Hungarian Grand Prix,14.0,OCO,33.04
Hungarian Grand Prix,14.0,TSU,34.191
Hungarian Grand Prix,14.0,COL,61.666
Hungarian Grand Prix,14.0,GAS,32.464
Hungarian Grand Prix,14.0,BEA,26.255
Hungarian Grand Prix,15.0,NOR,7.5440000000000005
Hungarian Grand Prix,15.0,PIA,3.009
Hungarian Grand Prix,15.0,RUS,6.577
Hungarian Grand Prix,15.0,LEC,0.0
Hungarian Grand Prix,15.0,ALO,19.396
Hungarian Grand Prix,15.0,BOR,21.306
Hungarian Grand Prix,15.0,STR,24.295
Hungarian Grand Prix,15.0,LAW,25.3
Hungarian Grand Prix,15.0,VER,23.089
Hungarian Grand Prix,15.0,ANT,30.652
Hungarian Grand Prix,15.0,HAD,28.587
Hungarian Grand Prix,15.0,HAM,31.31
Hungarian Grand Prix,15.0,HUL,39.193
Hungarian Grand Prix,15.0,SAI,32.173
Hungarian Grand Prix,15.0,ALB,52.195
Hungarian Grand Prix,15.0,OCO,53.29
Hungarian Grand Prix,15.0,TSU,35.915
Hungarian Grand Prix,15.0,COL,61.275
Hungarian Grand Prix,15.0,GAS,33.859
Hungarian Grand Prix,15.0,BEA,27.918
Hungarian Grand Prix,16.0,NOR,7.112
Hungarian Grand Prix,16.0,PIA,2.672
Hungarian Grand Prix,16.0,RUS,6.194
Hungarian Grand Prix,16.0,LEC,0.0
Hungarian Grand Prix,16.0,ALO,18.92
Hungarian Grand Prix,16.0,BOR,21.723
Hungarian Grand Prix,16.0,STR,25.15
Hungarian Grand Prix,16.0,LAW,26.189
Hungarian Grand Prix,16.0,VER,23.745
Hungarian Grand Prix,16.0,ANT,31.339
Hungarian Grand Prix,16.0,HAD,30.04
Hungarian Grand Prix,16.0,HAM,32.196
Hungarian Grand Prix,16.0,HUL,39.212
Hungarian Grand Prix,16.0,SAI,49.543
Hungarian Grand Prix,16.0,ALB,51.717
Hungarian Grand Prix,16.0,OCO,52.855
Hungarian Grand Prix,16.0,TSU,37.037
Hungarian Grand Prix,16.0,COL,60.447
Hungarian Grand Prix,16.0,GAS,34.854
Hungarian Grand Prix,16.0,BEA,29.41
Hungarian Grand Prix,17.0,NOR,7.431
Hungarian Grand Prix,17.0,PIA,2.508
Hungarian Grand Prix,17.0,RUS,6.257
Hungarian Grand Prix,17.0,LEC,0.0
Hungarian Grand Prix,17.0,ALO,18.484
Hungarian Grand Prix,17.0,BOR,22.572
Hungarian Grand Prix,17.0,STR,26.2
Hungarian Grand Prix,17.0,LAW,27.201
Hungarian Grand Prix,17.0,VER,27.081
Hungarian Grand Prix,17.0,ANT,32.733
Hungarian Grand Prix,17.0,HAD,31.605
Hungarian Grand Prix,17.0,HAM,33.431
Hungarian Grand Prix,17.0,HUL,39.844
Hungarian Grand Prix,17.0,SAI,49.147
Hungarian Grand Prix,17.0,ALB,51.269
Hungarian Grand Prix,17.0,OCO,52.551
Hungarian Grand Prix,17.0,TSU,38.383
Hungarian Grand Prix,17.0,COL,60.021
Hungarian Grand Prix,17.0,GAS,35.986
Hungarian Grand Prix,17.0,BEA,30.869
Hungarian Grand Prix,18.0,NOR,7.304
Hungarian Grand Prix,18.0,PIA,4.86
Hungarian Grand Prix,18.0,RUS,6.284
Hungarian Grand Prix,18.0,LEC,0.0
Hungarian Grand Prix,18.0,ALO,18.248
Hungarian Grand Prix,18.0,BOR,23.331
Hungarian Grand Prix,18.0,STR,26.783
Hungarian Grand Prix,18.0,LAW,28.185
Hungarian Grand Prix,18.0,VER,44.017
Hungarian Grand Prix,18.0,ANT,34.071
Hungarian Grand Prix,18.0,HAD,32.933
Hungarian Grand Prix,18.0,HAM,34.922
Hungarian Grand Prix,18.0,HUL,40.315
Hungarian Grand Prix,18.0,SAI,49.0
Hungarian Grand Prix,18.0,ALB,51.084
Hungarian Grand Prix,18.0,OCO,52.169
Hungarian Grand Prix,18.0,TSU,39.682
Hungarian Grand Prix,18.0,COL,59.637
Hungarian Grand Prix,18.0,GAS,37.107
Hungarian Grand Prix,18.0,BEA,32.272
Hungarian Grand Prix,19.0,NOR,4.782
Hungarian Grand Prix,19.0,PIA,19.222
Hungarian Grand Prix,19.0,RUS,6.458
Hungarian Grand Prix,19.0,LEC,0.0
Hungarian Grand Prix,19.0,ALO,15.915
Hungarian Grand Prix,19.0,BOR,22.427
Hungarian Grand Prix,19.0,STR,25.197
Hungarian Grand Prix,19.0,LAW,27.089
Hungarian Grand Prix,19.0,VER,40.853
Hungarian Grand Prix,19.0,ANT,33.196
Hungarian Grand Prix,19.0,HAD,32.149
Hungarian Grand Prix,19.0,HAM,33.949
Hungarian Grand Prix,19.0,HUL,39.266
Hungarian Grand Prix,19.0,SAI,46.438
Hungarian Grand Prix,19.0,ALB,48.757
Hungarian Grand Prix,19.0,OCO,49.917
Hungarian Grand Prix,19.0,TSU,38.929
Hungarian Grand Prix,19.0,COL,57.118
Hungarian Grand Prix,19.0,GAS,36.108
Hungarian Grand Prix,19.0,BEA,31.422
Hungarian Grand Prix,20.0,NOR,0.0
Hungarian Grand Prix,20.0,PIA,14.08
Hungarian Grand Prix,20.0,RUS,20.076
Hungarian Grand Prix,20.0,LEC,12.861
Hungarian Grand Prix,20.0,ALO,12.269
Hungarian Grand Prix,20.0,BOR,19.709
Hungarian Grand Prix,20.0,STR,22.399
Hungarian Grand Prix,20.0,LAW,24.14
Hungarian Grand Prix,20.0,VER,36.875
Hungarian Grand Prix,20.0,ANT,30.596
Hungarian Grand Prix,20.0,HAD,29.644
Hungarian Grand Prix,20.0,HAM,31.22
Hungarian Grand Prix,20.0,HUL,35.067
Hungarian Grand Prix,20.0,SAI,42.355
Hungarian Grand Prix,20.0,ALB,44.719
Hungarian Grand Prix,20.0,OCO,45.89
Hungarian Grand Prix,20.0,TSU,40.822
Hungarian Grand Prix,20.0,COL,52.781
Hungarian Grand Prix,20.0,GAS,33.468
Hungarian Grand Prix,20.0,BEA,29.07
Hungarian Grand Prix,21.0,NOR,0.0
Hungarian Grand Prix,21.0,PIA,14.522
Hungarian Grand Prix,21.0,RUS,19.219
Hungarian Grand Prix,21.0,LEC,12.689
Hungarian Grand Prix,21.0,ALO,14.301
Hungarian Grand Prix,21.0,BOR,22.1
Hungarian Grand Prix,21.0,STR,23.935
Hungarian Grand Prix,21.0,LAW,25.758
Hungarian Grand Prix,21.0,VER,37.134
Hungarian Grand Prix,21.0,ANT,35.237
Hungarian Grand Prix,21.0,HAD,31.956
Hungarian Grand Prix,21.0,HAM,33.351
Hungarian Grand Prix,21.0,HUL,36.346
Hungarian Grand Prix,21.0,SAI,42.78
Hungarian Grand Prix,21.0,ALB,45.395
Hungarian Grand Prix,21.0,OCO,46.559
Hungarian Grand Prix,21.0,TSU,59.952
Hungarian Grand Prix,21.0,COL,52.977
Hungarian Grand Prix,21.0,GAS,35.291
Hungarian Grand Prix,21.0,BEA,31.253
Hungarian Grand Prix,22.0,NOR,0.0
Hungarian Grand Prix,22.0,PIA,13.576
Hungarian Grand Prix,22.0,RUS,18.363
Hungarian Grand Prix,22.0,LEC,11.545
Hungarian Grand Prix,22.0,ALO,15.671
Hungarian Grand Prix,22.0,BOR,23.215
Hungarian Grand Prix,22.0,STR,24.836
Hungarian Grand Prix,22.0,LAW,26.849
Hungarian Grand Prix,22.0,VER,37.545
Hungarian Grand Prix,22.0,ANT,56.35
Hungarian Grand Prix,22.0,HAD,33.795
Hungarian Grand Prix,22.0,HAM,34.492
Hungarian Grand Prix,22.0,HUL,38.744
Hungarian Grand Prix,22.0,SAI,42.937
Hungarian Grand Prix,22.0,ALB,45.671
Hungarian Grand Prix,22.0,OCO,46.995
Hungarian Grand Prix,22.0,TSU,59.273
Hungarian Grand Prix,22.0,COL,52.968
Hungarian Grand Prix,22.0,GAS,36.687
Hungarian Grand Prix,22.0,BEA,33.014
Hungarian Grand Prix,23.0,NOR,0.0
Hungarian Grand Prix,23.0,PIA,12.628
Hungarian Grand Prix,23.0,RUS,17.824
Hungarian Grand Prix,23.0,LEC,10.381
Hungarian Grand Prix,23.0,ALO,16.226
Hungarian Grand Prix,23.0,BOR,24.235
Hungarian Grand Prix,23.0,STR,25.914
Hungarian Grand Prix,23.0,LAW,27.902
Hungarian Grand Prix,23.0,VER,38.736
Hungarian Grand Prix,23.0,ANT,55.424
Hungarian Grand Prix,23.0,HAD,35.473
Hungarian Grand Prix,23.0,HAM,36.56
Hungarian Grand Prix,23.0,HUL,39.988
Hungarian Grand Prix,23.0,SAI,43.035
Hungarian Grand Prix,23.0,ALB,46.023
Hungarian Grand Prix,23.0,OCO,47.548
Hungarian Grand Prix,23.0,TSU,58.529
Hungarian Grand Prix,23.0,COL,53.054
Hungarian Grand Prix,23.0,GAS,38.258
Hungarian Grand Prix,23.0,BEA,34.564
Hungarian Grand Prix,24.0,NOR,0.0
Hungarian Grand Prix,24.0,PIA,11.64
Hungarian Grand Prix,24.0,RUS,17.154
Hungarian Grand Prix,24.0,LEC,9.544
Hungarian Grand Prix,24.0,ALO,16.471
Hungarian Grand Prix,24.0,BOR,24.895
Hungarian Grand Prix,24.0,STR,26.874
Hungarian Grand Prix,24.0,LAW,28.838
Hungarian Grand Prix,24.0,VER,38.858
Hungarian Grand Prix,24.0,ANT,55.251
Hungarian Grand Prix,24.0,HAD,37.044
Hungarian Grand Prix,24.0,HAM,37.886
Hungarian Grand Prix,24.0,HUL,41.194
Hungarian Grand Prix,24.0,SAI,43.483
Hungarian Grand Prix,24.0,ALB,46.517
Hungarian Grand Prix,24.0,OCO,48.143
Hungarian Grand Prix,24.0,TSU,58.19
Hungarian Grand Prix,24.0,COL,53.518
Hungarian Grand Prix,24.0,GAS,40.535
Hungarian Grand Prix,24.0,BEA,36.361
Hungarian Grand Prix,25.0,NOR,0.0
Hungarian Grand Prix,25.0,PIA,10.614
Hungarian Grand Prix,25.0,RUS,17.681
Hungarian Grand Prix,25.0,LEC,8.831
Hungarian Grand Prix,25.0,ALO,17.241
Hungarian Grand Prix,25.0,BOR,26.002
Hungarian Grand Prix,25.0,STR,28.186
Hungarian Grand Prix,25.0,LAW,30.107
Hungarian Grand Prix,25.0,VER,40.062
Hungarian Grand Prix,25.0,ANT,55.28
Hungarian Grand Prix,25.0,HAD,38.977
Hungarian Grand Prix,25.0,HAM,39.741
Hungarian Grand Prix,25.0,HUL,42.676
Hungarian Grand Prix,25.0,SAI,44.247
Hungarian Grand Prix,25.0,ALB,47.404
Hungarian Grand Prix,25.0,OCO,49.003
Hungarian Grand Prix,25.0,TSU,58.097
Hungarian Grand Prix,25.0,COL,54.002
Hungarian Grand Prix,25.0,GAS,42.161
Hungarian Grand Prix,25.0,BEA,38.331
Hungarian Grand Prix,26.0,NOR,0.0
Hungarian Grand Prix,26.0,PIA,9.504
Hungarian Grand Prix,26.0,RUS,16.92
Hungarian Grand Prix,26.0,LEC,7.8149999999999995
Hungarian Grand Prix,26.0,ALO,18.538
Hungarian Grand Prix,26.0,BOR,26.714
Hungarian Grand Prix,26.0,STR,29.162
Hungarian Grand Prix,26.0,LAW,31.021
Hungarian Grand Prix,26.0,VER,42.468
Hungarian Grand Prix,26.0,ANT,55.257
Hungarian Grand Prix,26.0,HAD,41.048
Hungarian Grand Prix,26.0,HAM,41.793
Hungarian Grand Prix,26.0,HUL,44.509
Hungarian Grand Prix,26.0,SAI,45.57
Hungarian Grand Prix,26.0,ALB,48.159
Hungarian Grand Prix,26.0,OCO,49.626
Hungarian Grand Prix,26.0,TSU,58.203
Hungarian Grand Prix,26.0,COL,54.17
Hungarian Grand Prix,26.0,GAS,43.91
Hungarian Grand Prix,26.0,BEA,40.383
Hungarian Grand Prix,27.0,NOR,0.0
Hungarian Grand Prix,27.0,PIA,8.335
Hungarian Grand Prix,27.0,RUS,16.289
Hungarian Grand Prix,27.0,LEC,6.594
Hungarian Grand Prix,27.0,ALO,19.065
Hungarian Grand Prix,27.0,BOR,27.47
Hungarian Grand Prix,27.0,STR,29.915
Hungarian Grand Prix,27.0,LAW,31.916
Hungarian Grand Prix,27.0,VER,44.192
Hungarian Grand Prix,27.0,ANT,55.165
Hungarian Grand Prix,27.0,HAD,42.841
Hungarian Grand Prix,27.0,HAM,43.716
Hungarian Grand Prix,27.0,HUL,46.058
Hungarian Grand Prix,27.0,SAI,46.886
Hungarian Grand Prix,27.0,ALB,49.143
Hungarian Grand Prix,27.0,OCO,50.811
Hungarian Grand Prix,27.0,TSU,58.321
Hungarian Grand Prix,27.0,COL,54.466
Hungarian Grand Prix,27.0,GAS,45.602
Hungarian Grand Prix,27.0,BEA,42.276
Hungarian Grand Prix,28.0,NOR,0.0
Hungarian Grand Prix,28.0,PIA,7.188
Hungarian Grand Prix,28.0,RUS,15.43
Hungarian Grand Prix,28.0,LEC,5.561
Hungarian Grand Prix,28.0,ALO,19.738
Hungarian Grand Prix,28.0,BOR,28.299
Hungarian Grand Prix,28.0,STR,30.805
Hungarian Grand Prix,28.0,LAW,32.92
Hungarian Grand Prix,28.0,VER,46.164
Hungarian Grand Prix,28.0,ANT,55.49
Hungarian Grand Prix,28.0,HAD,45.262
Hungarian Grand Prix,28.0,HAM,45.871
Hungarian Grand Prix,28.0,HUL,47.963
Hungarian Grand Prix,28.0,SAI,48.669
Hungarian Grand Prix,28.0,ALB,50.451
Hungarian Grand Prix,28.0,OCO,52.014
Hungarian Grand Prix,28.0,TSU,58.496
Hungarian Grand Prix,28.0,COL,54.758
Hungarian Grand Prix,28.0,GAS,47.53
Hungarian Grand Prix,28.0,BEA,44.532
Hungarian Grand Prix,29.0,NOR,0.0
Hungarian Grand Prix,29.0,PIA,6.247
Hungarian Grand Prix,29.0,RUS,14.577
Hungarian Grand Prix,29.0,LEC,4.608
Hungarian Grand Prix,29.0,ALO,20.242
Hungarian Grand Prix,29.0,BOR,28.637
Hungarian Grand Prix,29.0,STR,31.364
Hungarian Grand Prix,29.0,LAW,33.496
Hungarian Grand Prix,29.0,VER,47.213
Hungarian Grand Prix,29.0,ANT,55.541
Hungarian Grand Prix,29.0,HAD,46.544
Hungarian Grand Prix,29.0,HAM,48.828
Hungarian Grand Prix,29.0,HUL,50.154
Hungarian Grand Prix,29.0,SAI,50.678
Hungarian Grand Prix,29.0,ALB,51.739
Hungarian Grand Prix,29.0,OCO,52.945
Hungarian Grand Prix,29.0,TSU,58.318
Hungarian Grand Prix,29.0,COL,54.951
Hungarian Grand Prix,29.0,GAS,49.493
Hungarian Grand Prix,29.0,BEA,45.89
Hungarian Grand Prix,30.0,NOR,0.0
Hungarian Grand Prix,30.0,PIA,4.955
Hungarian Grand Prix,30.0,RUS,13.409
Hungarian Grand Prix,30.0,LEC,3.458
Hungarian Grand Prix,30.0,ALO,20.637
Hungarian Grand Prix,30.0,BOR,29.225
Hungarian Grand Prix,30.0,STR,32.014
Hungarian Grand Prix,30.0,LAW,33.898
Hungarian Grand Prix,30.0,VER,47.35
Hungarian Grand Prix,30.0,ANT,56.439
Hungarian Grand Prix,30.0,HAD,48.539
Hungarian Grand Prix,30.0,HAM,49.87
Hungarian Grand Prix,30.0,HUL,51.536
Hungarian Grand Prix,30.0,SAI,52.273
Hungarian Grand Prix,30.0,ALB,53.559
Hungarian Grand Prix,30.0,OCO,54.339
Hungarian Grand Prix,30.0,TSU,58.488
Hungarian Grand Prix,30.0,COL,55.921
Hungarian Grand Prix,30.0,GAS,51.054
Hungarian Grand Prix,30.0,BEA,49.288
Hungarian Grand Prix,31.0,NOR,0.571
Hungarian Grand Prix,31.0,PIA,1.474
Hungarian Grand Prix,31.0,RUS,10.067
Hungarian Grand Prix,31.0,LEC,0.0
Hungarian Grand Prix,31.0,ALO,18.744
Hungarian Grand Prix,31.0,BOR,27.102
Hungarian Grand Prix,31.0,STR,30.483
Hungarian Grand Prix,31.0,LAW,32.092
Hungarian Grand Prix,31.0,VER,43.67
Hungarian Grand Prix,31.0,ANT,55.433
Hungarian Grand Prix,31.0,HAD,46.802
Hungarian Grand Prix,31.0,HAM,47.685
Hungarian Grand Prix,31.0,HUL,50.232
Hungarian Grand Prix,31.0,SAI,50.876
Hungarian Grand Prix,31.0,ALB,52.204
Hungarian Grand Prix,31.0,OCO,53.299
Hungarian Grand Prix,31.0,TSU,56.853
Hungarian Grand Prix,31.0,COL,54.84
Hungarian Grand Prix,31.0,GAS,49.668
Hungarian Grand Prix,31.0,BEA,65.027
Hungarian Grand Prix,32.0,NOR,18.969
Hungarian Grand Prix,32.0,PIA,1.4769999999999999
Hungarian Grand Prix,32.0,RUS,9.927
Hungarian Grand Prix,32.0,LEC,0.0
Hungarian Grand Prix,32.0,ALO,20.756
Hungarian Grand Prix,32.0,BOR,28.606
Hungarian Grand Prix,32.0,STR,32.315
Hungarian Grand Prix,32.0,LAW,33.686
Hungarian Grand Prix,32.0,VER,43.86
Hungarian Grand Prix,32.0,ANT,57.194
Hungarian Grand Prix,32.0,HAD,48.477
Hungarian Grand Prix,32.0,HAM,49.375
Hungarian Grand Prix,32.0,HUL,52.229
Hungarian Grand Prix,32.0,SAI,52.915
Hungarian Grand Prix,32.0,ALB,54.274
Hungarian Grand Prix,32.0,OCO,55.596
Hungarian Grand Prix,32.0,TSU,58.607
Hungarian Grand Prix,32.0,COL,56.58
Hungarian Grand Prix,32.0,GAS,54.299
Hungarian Grand Prix,32.0,BEA,65.525
Hungarian Grand Prix,33.0,NOR,18.932
Hungarian Grand Prix,33.0,PIA,1.579
Hungarian Grand Prix,33.0,RUS,9.915
Hungarian Grand Prix,33.0,LEC,0.0
Hungarian Grand Prix,33.0,ALO,22.362
Hungarian Grand Prix,33.0,BOR,30.03
Hungarian Grand Prix,33.0,STR,34.343
Hungarian Grand Prix,33.0,LAW,35.23
Hungarian Grand Prix,33.0,VER,44.033
Hungarian Grand Prix,33.0,ANT,59.23
Hungarian Grand Prix,33.0,HAD,52.572
Hungarian Grand Prix,33.0,HAM,50.963
Hungarian Grand Prix,33.0,HUL,52.677
Hungarian Grand Prix,33.0,SAI,53.932
Hungarian Grand Prix,33.0,ALB,56.086
Hungarian Grand Prix,33.0,OCO,57.581
Hungarian Grand Prix,33.0,TSU,60.597
Hungarian Grand Prix,33.0,COL,58.683
Hungarian Grand Prix,33.0,GAS,72.994
Hungarian Grand Prix,33.0,BEA,66.608
Hungarian Grand Prix,34.0,NOR,18.572
Hungarian Grand Prix,34.0,PIA,1.876
Hungarian Grand Prix,34.0,RUS,10.153
Hungarian Grand Prix,34.0,LEC,0.0
Hungarian Grand Prix,34.0,ALO,24.224
Hungarian Grand Prix,34.0,BOR,31.794
Hungarian Grand Prix,34.0,STR,36.49
Hungarian Grand Prix,34.0,LAW,37.376
Hungarian Grand Prix,34.0,VER,44.91
Hungarian Grand Prix,34.0,ANT,61.604
Hungarian Grand Prix,34.0,HAD,71.109
Hungarian Grand Prix,34.0,HAM,52.108
Hungarian Grand Prix,34.0,HUL,54.31
Hungarian Grand Prix,34.0,SAI,55.917
Hungarian Grand Prix,34.0,ALB,58.11
Hungarian Grand Prix,34.0,OCO,59.628
Hungarian Grand Prix,34.0,TSU,62.984
Hungarian Grand Prix,34.0,COL,61.026
Hungarian Grand Prix,34.0,GAS,73.88
Hungarian Grand Prix,34.0,BEA,68.258
Hungarian Grand Prix,35.0,NOR,17.805
Hungarian Grand Prix,35.0,PIA,1.928
Hungarian Grand Prix,35.0,RUS,10.036
Hungarian Grand Prix,35.0,LEC,0.0
Hungarian Grand Prix,35.0,ALO,25.873
Hungarian Grand Prix,35.0,BOR,33.181
Hungarian Grand Prix,35.0,STR,38.676
Hungarian Grand Prix,35.0,LAW,39.231
Hungarian Grand Prix,35.0,VER,45.193
Hungarian Grand Prix,35.0,ANT,63.337
Hungarian Grand Prix,35.0,HAD,71.097
Hungarian Grand Prix,35.0,HAM,52.889
Hungarian Grand Prix,35.0,HUL,55.475
Hungarian Grand Prix,35.0,SAI,57.289
Hungarian Grand Prix,35.0,ALB,59.714
Hungarian Grand Prix,35.0,OCO,61.515
Hungarian Grand Prix,35.0,TSU,64.853
Hungarian Grand Prix,35.0,COL,65.139
Hungarian Grand Prix,35.0,GAS,73.994
Hungarian Grand Prix,35.0,BEA,69.284
Hungarian Grand Prix,36.0,NOR,17.06
Hungarian Grand Prix,36.0,PIA,2.092
Hungarian Grand Prix,36.0,RUS,9.847
Hungarian Grand Prix,36.0,LEC,0.0
Hungarian Grand Prix,36.0,ALO,27.519
Hungarian Grand Prix,36.0,BOR,34.854
Hungarian Grand Prix,36.0,STR,44.062
Hungarian Grand Prix,36.0,LAW,41.687
Hungarian Grand Prix,36.0,VER,45.503
Hungarian Grand Prix,36.0,ANT,64.015
Hungarian Grand Prix,36.0,HAD,71.368
Hungarian Grand Prix,36.0,HAM,54.038
Hungarian Grand Prix,36.0,HUL,56.805
Hungarian Grand Prix,36.0,SAI,58.688
Hungarian Grand Prix,36.0,ALB,61.491
Hungarian Grand Prix,36.0,OCO,63.22
Hungarian Grand Prix,36.0,TSU,66.512
Hungarian Grand Prix,36.0,COL,89.331
Hungarian Grand Prix,36.0,GAS,74.385
Hungarian Grand Prix,36.0,BEA,70.413
Hungarian Grand Prix,37.0,NOR,16.768
Hungarian Grand Prix,37.0,PIA,1.988
Hungarian Grand Prix,37.0,RUS,10.024
Hungarian Grand Prix,37.0,LEC,0.0
Hungarian Grand Prix,37.0,ALO,29.732
Hungarian Grand Prix,37.0,BOR,36.524
Hungarian Grand Prix,37.0,STR,62.184
Hungarian Grand Prix,37.0,LAW,42.698
Hungarian Grand Prix,37.0,VER,45.947
Hungarian Grand Prix,37.0,ANT,66.053
Hungarian Grand Prix,37.0,HAD,71.533
Hungarian Grand Prix,37.0,HAM,54.962
Hungarian Grand Prix,37.0,HUL,58.269
Hungarian Grand Prix,37.0,SAI,60.262
Hungarian Grand Prix,37.0,ALB,64.556
Hungarian Grand Prix,37.0,OCO,65.565
Hungarian Grand Prix,37.0,TSU,70.553
Hungarian Grand Prix,37.0,COL,88.89
Hungarian Grand Prix,37.0,GAS,74.923
Hungarian Grand Prix,37.0,BEA,71.134
Hungarian Grand Prix,38.0,NOR,15.484
Hungarian Grand Prix,38.0,PIA,1.8
Hungarian Grand Prix,38.0,RUS,9.758
Hungarian Grand Prix,38.0,LEC,0.0
Hungarian Grand Prix,38.0,ALO,31.248
Hungarian Grand Prix,38.0,BOR,37.764
Hungarian Grand Prix,38.0,STR,61.991
Hungarian Grand Prix,38.0,LAW,43.891
Hungarian Grand Prix,38.0,VER,46.603
Hungarian Grand Prix,38.0,ANT,67.474
Hungarian Grand Prix,38.0,HAD,71.239
Hungarian Grand Prix,38.0,HAM,55.55
Hungarian Grand Prix,38.0,HUL,59.415
Hungarian Grand Prix,38.0,SAI,61.501
Hungarian Grand Prix,38.0,ALB,68.149
Hungarian Grand Prix,38.0,OCO,66.973
Hungarian Grand Prix,38.0,TSU,89.456
Hungarian Grand Prix,38.0,COL,92.782
Hungarian Grand Prix,38.0,GAS,75.281
Hungarian Grand Prix,38.0,BEA,73.334
Hungarian Grand Prix,39.0,NOR,14.156
Hungarian Grand Prix,39.0,PIA,1.612
Hungarian Grand Prix,39.0,RUS,10.193
Hungarian Grand Prix,39.0,LEC,0.0
Hungarian Grand Prix,39.0,ALO,36.059
Hungarian Grand Prix,39.0,BOR,38.92
Hungarian Grand Prix,39.0,STR,61.967
Hungarian Grand Prix,39.0,LAW,44.985
Hungarian Grand Prix,39.0,VER,47.013
Hungarian Grand Prix,39.0,ANT,68.26
Hungarian Grand Prix,39.0,HAD,71.333
Hungarian Grand Prix,39.0,HAM,56.358
Hungarian Grand Prix,39.0,HUL,60.501
Hungarian Grand Prix,39.0,SAI,64.093
Hungarian Grand Prix,39.0,ALB,87.933
Hungarian Grand Prix,39.0,OCO,67.558
Hungarian Grand Prix,39.0,TSU,89.895
Hungarian Grand Prix,39.0,COL,93.249
Hungarian Grand Prix,39.0,GAS,75.534
Hungarian Grand Prix,39.0,BEA,73.925
Hungarian Grand Prix,40.0,NOR,11.361
Hungarian Grand Prix,40.0,PIA,0.0
Hungarian Grand Prix,40.0,RUS,8.658
Hungarian Grand Prix,40.0,LEC,0.781
Hungarian Grand Prix,40.0,ALO,54.521
Hungarian Grand Prix,40.0,BOR,40.936
Hungarian Grand Prix,40.0,STR,60.417
Hungarian Grand Prix,40.0,LAW,46.824
Hungarian Grand Prix,40.0,VER,45.873
Hungarian Grand Prix,40.0,ANT,67.342
Hungarian Grand Prix,40.0,HAD,69.792
Hungarian Grand Prix,40.0,HAM,56.339
Hungarian Grand Prix,40.0,HUL,59.966
Hungarian Grand Prix,40.0,SAI,63.597
Hungarian Grand Prix,40.0,ALB,85.916
Hungarian Grand Prix,40.0,OCO,66.76
Hungarian Grand Prix,40.0,TSU,87.892
Hungarian Grand Prix,40.0,COL,94.069
Hungarian Grand Prix,40.0,GAS,74.195
Hungarian Grand Prix,40.0,BEA,72.879
Hungarian Grand Prix,41.0,NOR,10.877
Hungarian Grand Prix,41.0,PIA,0.0
Hungarian Grand Prix,41.0,RUS,9.286
Hungarian Grand Prix,41.0,LEC,17.735
Hungarian Grand Prix,41.0,ALO,56.298
Hungarian Grand Prix,41.0,BOR,60.088
Hungarian Grand Prix,41.0,STR,61.644
Hungarian Grand Prix,41.0,LAW,67.027
Hungarian Grand Prix,41.0,VER,46.665
Hungarian Grand Prix,41.0,ANT,68.525
Hungarian Grand Prix,41.0,HAD,70.597
Hungarian Grand Prix,41.0,HAM,58.144
Hungarian Grand Prix,41.0,HUL,65.857
Hungarian Grand Prix,41.0,SAI,65.346
Hungarian Grand Prix,41.0,ALB,86.245
Hungarian Grand Prix,41.0,OCO,69.937
Hungarian Grand Prix,41.0,TSU,88.278
Hungarian Grand Prix,41.0,COL,94.41
Hungarian Grand Prix,41.0,GAS,75.415
Hungarian Grand Prix,41.0,BEA,74.717
Hungarian Grand Prix,42.0,NOR,10.373
Hungarian Grand Prix,42.0,PIA,0.0
Hungarian Grand Prix,42.0,RUS,9.737
Hungarian Grand Prix,42.0,LEC,17.448
Hungarian Grand Prix,42.0,ALO,57.76
Hungarian Grand Prix,42.0,BOR,60.59
Hungarian Grand Prix,42.0,STR,62.369
Hungarian Grand Prix,42.0,LAW,67.506
Hungarian Grand Prix,42.0,VER,47.717
Hungarian Grand Prix,42.0,ANT,69.272
Hungarian Grand Prix,42.0,HAD,72.082
Hungarian Grand Prix,42.0,HAM,63.165
Hungarian Grand Prix,42.0,HUL,93.452
Hungarian Grand Prix,42.0,SAI,67.01
Hungarian Grand Prix,42.0,ALB,86.592
Hungarian Grand Prix,42.0,OCO,71.66
Hungarian Grand Prix,42.0,TSU,88.601
Hungarian Grand Prix,42.0,COL,95.329
Hungarian Grand Prix,42.0,GAS,76.652
Hungarian Grand Prix,42.0,BEA,75.989
Hungarian Grand Prix,43.0,NOR,10.796
Hungarian Grand Prix,43.0,PIA,0.0
Hungarian Grand Prix,43.0,RUS,12.997
Hungarian Grand Prix,43.0,LEC,16.972
Hungarian Grand Prix,43.0,ALO,59.12
Hungarian Grand Prix,43.0,BOR,60.467
Hungarian Grand Prix,43.0,STR,62.982
Hungarian Grand Prix,43.0,LAW,67.848
Hungarian Grand Prix,43.0,VER,48.608
Hungarian Grand Prix,43.0,ANT,70.837
Hungarian Grand Prix,43.0,HAD,73.415
Hungarian Grand Prix,43.0,HAM,83.685
Hungarian Grand Prix,43.0,HUL,93.48
Hungarian Grand Prix,43.0,SAI,70.104
Hungarian Grand Prix,43.0,ALB,87.043
Hungarian Grand Prix,43.0,OCO,73.101
Hungarian Grand Prix,43.0,TSU,89.146
Hungarian Grand Prix,43.0,COL,95.757
Hungarian Grand Prix,43.0,GAS,78.12
Hungarian Grand Prix,43.0,BEA,77.461
Hungarian Grand Prix,44.0,NOR,8.732
Hungarian Grand Prix,44.0,PIA,0.0
Hungarian Grand Prix,44.0,RUS,29.258
Hungarian Grand Prix,44.0,LEC,15.402
Hungarian Grand Prix,44.0,ALO,58.495
Hungarian Grand Prix,44.0,BOR,59.773
Hungarian Grand Prix,44.0,STR,62.438
Hungarian Grand Prix,44.0,LAW,66.923
Hungarian Grand Prix,44.0,VER,48.264
Hungarian Grand Prix,44.0,ANT,70.954
Hungarian Grand Prix,44.0,HAD,72.784
Hungarian Grand Prix,44.0,HAM,82.627
Hungarian Grand Prix,44.0,HUL,92.008
Hungarian Grand Prix,44.0,SAI,70.318
Hungarian Grand Prix,44.0,ALB,86.276
Hungarian Grand Prix,44.0,OCO,74.723
Hungarian Grand Prix,44.0,TSU,88.386
Hungarian Grand Prix,44.0,COL,95.117
Hungarian Grand Prix,44.0,GAS,78.431
Hungarian Grand Prix,44.0,BEA,77.778
Hungarian Grand Prix,45.0,NOR,5.448
Hungarian Grand Prix,45.0,PIA,0.0
Hungarian Grand Prix,45.0,RUS,24.68
Hungarian Grand Prix,45.0,LEC,12.512
Hungarian Grand Prix,45.0,ALO,55.803
Hungarian Grand Prix,45.0,BOR,57.439
Hungarian Grand Prix,45.0,STR,60.137
Hungarian Grand Prix,45.0,LAW,64.212
Hungarian Grand Prix,45.0,VER,46.213
Hungarian Grand Prix,45.0,ANT,68.447
Hungarian Grand Prix,45.0,HAD,70.743
Hungarian Grand Prix,45.0,HAM,79.502
Hungarian Grand Prix,45.0,HUL,88.894
Hungarian Grand Prix,45.0,SAI,70.174
Hungarian Grand Prix,45.0,ALB,83.648
Hungarian Grand Prix,45.0,OCO,73.209
Hungarian Grand Prix,45.0,TSU,87.793
Hungarian Grand Prix,45.0,COL,94.768
Hungarian Grand Prix,45.0,GAS,76.893
Hungarian Grand Prix,45.0,BEA,76.321
Hungarian Grand Prix,46.0,NOR,0.0
Hungarian Grand Prix,46.0,PIA,12.073
Hungarian Grand Prix,46.0,RUS,18.466
Hungarian Grand Prix,46.0,LEC,7.247
Hungarian Grand Prix,46.0,ALO,51.557
Hungarian Grand Prix,46.0,BOR,53.024
Hungarian Grand Prix,46.0,STR,55.642
Hungarian Grand Prix,46.0,LAW,59.376
Hungarian Grand Prix,46.0,VER,42.023
Hungarian Grand Prix,46.0,ANT,63.699
Hungarian Grand Prix,46.0,HAD,67.167
Hungarian Grand Prix,46.0,HAM,74.812
Hungarian Grand Prix,46.0,HUL,83.781
Hungarian Grand Prix,46.0,SAI,66.789
Hungarian Grand Prix,46.0,ALB,78.863
Hungarian Grand Prix,46.0,OCO,69.79
Hungarian Grand Prix,46.0,TSU,83.148
Hungarian Grand Prix,46.0,COL,90.199
Hungarian Grand Prix,46.0,GAS,72.501
Hungarian Grand Prix,46.0,BEA,74.51
Hungarian Grand Prix,47.0,NOR,0.0
Hungarian Grand Prix,47.0,PIA,11.381
Hungarian Grand Prix,47.0,RUS,17.739
Hungarian Grand Prix,47.0,LEC,7.329
Hungarian Grand Prix,47.0,ALO,52.355
Hungarian Grand Prix,47.0,BOR,53.878
Hungarian Grand Prix,47.0,STR,56.476
Hungarian Grand Prix,47.0,LAW,60.018
Hungarian Grand Prix,47.0,VER,43.598
Hungarian Grand Prix,47.0,ANT,64.381
Hungarian Grand Prix,47.0,HAD,67.751
Hungarian Grand Prix,47.0,HAM,75.238
Hungarian Grand Prix,47.0,HUL,85.102
Hungarian Grand Prix,47.0,SAI,69.813
Hungarian Grand Prix,47.0,ALB,82.672
Hungarian Grand Prix,47.0,OCO,71.712
Hungarian Grand Prix,47.0,TSU,84.59
Hungarian Grand Prix,47.0,COL,93.531
Hungarian Grand Prix,47.0,GAS,73.855
Hungarian Grand Prix,47.0,BEA,78.545
Hungarian Grand Prix,48.0,NOR,0.0
Hungarian Grand Prix,48.0,PIA,10.556000000000001
Hungarian Grand Prix,48.0,RUS,17.07
Hungarian Grand Prix,48.0,LEC,7.61
Hungarian Grand Prix,48.0,ALO,52.442
Hungarian Grand Prix,48.0,BOR,54.04
Hungarian Grand Prix,48.0,STR,57.081
Hungarian Grand Prix,48.0,LAW,60.364
Hungarian Grand Prix,48.0,VER,47.393
Hungarian Grand Prix,48.0,ANT,64.814
Hungarian Grand Prix,48.0,HAD,68.01
Hungarian Grand Prix,48.0,HAM,75.548
Hungarian Grand Prix,48.0,HUL,86.31
Hungarian Grand Prix,48.0,SAI,71.758
Hungarian Grand Prix,48.0,ALB,84.021
Hungarian Grand Prix,48.0,OCO,73.507
Hungarian Grand Prix,48.0,TSU,85.981
Hungarian Grand Prix,48.0,COL,94.425
Hungarian Grand Prix,48.0,GAS,75.224
Hungarian Grand Prix,48.0,BEA,87.722
Hungarian Grand Prix,49.0,NOR,0.0
Hungarian Grand Prix,49.0,PIA,9.841
Hungarian Grand Prix,49.0,RUS,16.737
Hungarian Grand Prix,49.0,LEC,8.083
Hungarian Grand Prix,49.0,ALO,53.193
Hungarian Grand Prix,49.0,BOR,54.756
Hungarian Grand Prix,49.0,STR,57.53
Hungarian Grand Prix,49.0,LAW,60.88
Hungarian Grand Prix,49.0,VER,65.038
Hungarian Grand Prix,49.0,ANT,67.726
Hungarian Grand Prix,49.0,HAD,68.927
Hungarian Grand Prix,49.0,HAM,75.824
Hungarian Grand Prix,49.0,HUL,87.675
Hungarian Grand Prix,49.0,SAI,73.863
Hungarian Grand Prix,49.0,ALB,84.328
Hungarian Grand Prix,49.0,OCO,75.445
Hungarian Grand Prix,49.0,TSU,91.741
Hungarian Grand Prix,49.0,COL,95.641
Hungarian Grand Prix,49.0,GAS,77.521
Hungarian Grand Prix,50.0,NOR,0.0
Hungarian Grand Prix,50.0,PIA,9.517
Hungarian Grand Prix,50.0,RUS,16.467
Hungarian Grand Prix,50.0,LEC,9.171
Hungarian Grand Prix,50.0,ALO,53.982
Hungarian Grand Prix,50.0,BOR,55.273
Hungarian Grand Prix,50.0,STR,57.994
Hungarian Grand Prix,50.0,LAW,61.178
Hungarian Grand Prix,50.0,VER,64.087
Hungarian Grand Prix,50.0,ANT,68.479
Hungarian Grand Prix,50.0,HAD,69.518
Hungarian Grand Prix,50.0,HAM,76.258
Hungarian Grand Prix,50.0,HUL,88.251
Hungarian Grand Prix,50.0,SAI,75.862
Hungarian Grand Prix,50.0,ALB,84.928
Hungarian Grand Prix,50.0,OCO,77.915
Hungarian Grand Prix,50.0,TSU,93.575
Hungarian Grand Prix,50.0,COL,99.574
Hungarian Grand Prix,50.0,GAS,78.941
Hungarian Grand Prix,51.0,NOR,0.0
Hungarian Grand Prix,51.0,PIA,8.238
Hungarian Grand Prix,51.0,RUS,15.941
Hungarian Grand Prix,51.0,LEC,10.5
Hungarian Grand Prix,51.0,ALO,54.075
Hungarian Grand Prix,51.0,BOR,55.455
Hungarian Grand Prix,51.0,STR,58.198
Hungarian Grand Prix,51.0,LAW,61.306
Hungarian Grand Prix,51.0,VER,62.997
Hungarian Grand Prix,51.0,ANT,68.517
Hungarian Grand Prix,51.0,HAD,69.841
Hungarian Grand Prix,51.0,HAM,75.68
Hungarian Grand Prix,51.0,HUL,89.878
Hungarian Grand Prix,51.0,SAI,80.731
Hungarian Grand Prix,51.0,ALB,85.386
Hungarian Grand Prix,51.0,OCO,79.665
Hungarian Grand Prix,51.0,TSU,94.731
Hungarian Grand Prix,51.0,COL,100.214
Hungarian Grand Prix,51.0,GAS,81.46
Hungarian Grand Prix,52.0,NOR,0.0
Hungarian Grand Prix,52.0,PIA,6.8309999999999995
Hungarian Grand Prix,52.0,RUS,15.27
Hungarian Grand Prix,52.0,LEC,10.823
Hungarian Grand Prix,52.0,ALO,53.571
Hungarian Grand Prix,52.0,BOR,55.452
Hungarian Grand Prix,52.0,STR,58.116
Hungarian Grand Prix,52.0,LAW,61.014
Hungarian Grand Prix,52.0,VER,61.968
Hungarian Grand Prix,52.0,ANT,68.479
Hungarian Grand Prix,52.0,HAD,69.944
Hungarian Grand Prix,52.0,HAM,75.049
Hungarian Grand Prix,52.0,HUL,89.279
Hungarian Grand Prix,52.0,SAI,98.468
Hungarian Grand Prix,52.0,ALB,85.83
Hungarian Grand Prix,52.0,OCO,82.816
Hungarian Grand Prix,52.0,TSU,97.913
Hungarian Grand Prix,52.0,COL,101.235
Hungarian Grand Prix,52.0,GAS,83.417
Hungarian Grand Prix,53.0,NOR,0.0
Hungarian Grand Prix,53.0,PIA,6.285
Hungarian Grand Prix,53.0,RUS,15.26
Hungarian Grand Prix,53.0,LEC,11.486
Hungarian Grand Prix,53.0,ALO,53.698
Hungarian Grand Prix,53.0,BOR,56.017
Hungarian Grand Prix,53.0,STR,58.731
Hungarian Grand Prix,53.0,LAW,61.285
Hungarian Grand Prix,53.0,VER,62.006
Hungarian Grand Prix,53.0,ANT,69.043
Hungarian Grand Prix,53.0,HAD,70.721
Hungarian Grand Prix,53.0,HAM,75.247
Hungarian Grand Prix,53.0,HUL,89.782
Hungarian Grand Prix,53.0,SAI,98.061
Hungarian Grand Prix,53.0,ALB,88.026
Hungarian Grand Prix,53.0,OCO,84.665
Hungarian Grand Prix,53.0,TSU,100.505
Hungarian Grand Prix,53.0,COL,102.646
Hungarian Grand Prix,53.0,GAS,85.648
Hungarian Grand Prix,54.0,NOR,0.0
Hungarian Grand Prix,54.0,PIA,6.095
Hungarian Grand Prix,54.0,RUS,15.303
Hungarian Grand Prix,54.0,LEC,12.123
Hungarian Grand Prix,54.0,ALO,53.654
Hungarian Grand Prix,54.0,BOR,56.833
Hungarian Grand Prix,54.0,STR,59.497
Hungarian Grand Prix,54.0,LAW,61.829
Hungarian Grand Prix,54.0,VER,62.489
Hungarian Grand Prix,54.0,ANT,69.631
Hungarian Grand Prix,54.0,HAD,71.367
Hungarian Grand Prix,54.0,HAM,75.257
Hungarian Grand Prix,54.0,HUL,90.932
Hungarian Grand Prix,54.0,SAI,98.171
Hungarian Grand Prix,54.0,ALB,90.032
Hungarian Grand Prix,54.0,OCO,88.611
Hungarian Grand Prix,54.0,TSU,102.278
Hungarian Grand Prix,54.0,COL,104.109
Hungarian Grand Prix,54.0,GAS,89.215
Hungarian Grand Prix,55.0,NOR,0.0
Hungarian Grand Prix,55.0,PIA,5.534
Hungarian Grand Prix,55.0,RUS,15.557
Hungarian Grand Prix,55.0,LEC,13.285
Hungarian Grand Prix,55.0,ALO,53.889
Hungarian Grand Prix,55.0,BOR,57.778
Hungarian Grand Prix,55.0,STR,60.2
Hungarian Grand Prix,55.0,LAW,62.405
Hungarian Grand Prix,55.0,VER,63.329
Hungarian Grand Prix,55.0,ANT,70.86
Hungarian Grand Prix,55.0,HAD,72.29
Hungarian Grand Prix,55.0,HAM,75.274
Hungarian Grand Prix,55.0,HUL,92.674
Hungarian Grand Prix,55.0,SAI,98.626
Hungarian Grand Prix,55.0,ALB,92.324
Hungarian Grand Prix,55.0,OCO,90.803
Hungarian Grand Prix,55.0,TSU,103.901
Hungarian Grand Prix,55.0,COL,105.657
Hungarian Grand Prix,55.0,GAS,91.537
Hungarian Grand Prix,56.0,NOR,0.0
Hungarian Grand Prix,56.0,PIA,4.793
Hungarian Grand Prix,56.0,RUS,16.044
Hungarian Grand Prix,56.0,LEC,14.457
Hungarian Grand Prix,56.0,ALO,54.271
Hungarian Grand Prix,56.0,BOR,58.533
Hungarian Grand Prix,56.0,STR,60.847
Hungarian Grand Prix,56.0,LAW,62.709
Hungarian Grand Prix,56.0,VER,63.482
Hungarian Grand Prix,56.0,ANT,71.732
Hungarian Grand Prix,56.0,HAD,73.108
Hungarian Grand Prix,56.0,HAM,75.617
Hungarian Grand Prix,56.0,HUL,97.211
Hungarian Grand Prix,56.0,SAI,99.014
Hungarian Grand Prix,56.0,ALB,94.279
Hungarian Grand Prix,56.0,OCO,92.786
Hungarian Grand Prix,56.0,TSU,105.269
Hungarian Grand Prix,56.0,COL,107.195
Hungarian Grand Prix,56.0,GAS,93.499
Hungarian Grand Prix,57.0,NOR,0.0
Hungarian Grand Prix,57.0,PIA,4.313
Hungarian Grand Prix,57.0,RUS,17.352
Hungarian Grand Prix,57.0,LEC,16.414
Hungarian Grand Prix,57.0,ALO,55.238
Hungarian Grand Prix,57.0,BOR,59.451
Hungarian Grand Prix,57.0,STR,61.779
Hungarian Grand Prix,57.0,LAW,63.536
Hungarian Grand Prix,57.0,VER,64.411
Hungarian Grand Prix,57.0,ANT,72.978
Hungarian Grand Prix,57.0,HAD,74.269
Hungarian Grand Prix,57.0,HAM,76.168
Hungarian Grand Prix,57.0,HUL,99.554
Hungarian Grand Prix,57.0,SAI,99.957
Hungarian Grand Prix,57.0,ALB,96.655
Hungarian Grand Prix,57.0,OCO,94.955
Hungarian Grand Prix,57.0,TSU,106.759
Hungarian Grand Prix,57.0,COL,109.004
Hungarian Grand Prix,57.0,GAS,95.86
Hungarian Grand Prix,58.0,NOR,0.0
Hungarian Grand Prix,58.0,PIA,3.648
Hungarian Grand Prix,58.0,RUS,18.219
Hungarian Grand Prix,58.0,LEC,17.672
Hungarian Grand Prix,58.0,ALO,55.99
Hungarian Grand Prix,58.0,BOR,60.05
Hungarian Grand Prix,58.0,STR,62.423
Hungarian Grand Prix,58.0,LAW,64.152
Hungarian Grand Prix,58.0,VER,64.944
Hungarian Grand Prix,58.0,ANT,73.871
Hungarian Grand Prix,58.0,HAD,75.166
Hungarian Grand Prix,58.0,HAM,76.465
Hungarian Grand Prix,58.0,HUL,102.444
Hungarian Grand Prix,58.0,SAI,101.488
Hungarian Grand Prix,58.0,ALB,101.093
Hungarian Grand Prix,58.0,OCO,96.894
Hungarian Grand Prix,58.0,TSU,108.287
Hungarian Grand Prix,58.0,COL,110.552
Hungarian Grand Prix,58.0,GAS,97.658
Hungarian Grand Prix,59.0,NOR,0.0
Hungarian Grand Prix,59.0,PIA,3.465
Hungarian Grand Prix,59.0,RUS,19.774
Hungarian Grand Prix,59.0,LEC,19.066
Hungarian Grand Prix,59.0,ALO,57.017
Hungarian Grand Prix,59.0,BOR,60.968
Hungarian Grand Prix,59.0,STR,63.213
Hungarian Grand Prix,59.0,LAW,64.95
Hungarian Grand Prix,59.0,VER,65.671
Hungarian Grand Prix,59.0,ANT,75.102
Hungarian Grand Prix,59.0,HAD,76.296
Hungarian Grand Prix,59.0,HAM,77.171
Hungarian Grand Prix,59.0,HUL,104.222
Hungarian Grand Prix,59.0,SAI,102.391
Hungarian Grand Prix,59.0,ALB,103.818
Hungarian Grand Prix,59.0,OCO,99.106
Hungarian Grand Prix,59.0,TSU,109.651
Hungarian Grand Prix,59.0,COL,112.078
Hungarian Grand Prix,59.0,GAS,102.007
Hungarian Grand Prix,60.0,NOR,0.0
Hungarian Grand Prix,60.0,PIA,2.836
Hungarian Grand Prix,60.0,RUS,21.184
Hungarian Grand Prix,60.0,LEC,20.631
Hungarian Grand Prix,60.0,ALO,57.424
Hungarian Grand Prix,60.0,BOR,61.533
Hungarian Grand Prix,60.0,STR,63.858
Hungarian Grand Prix,60.0,LAW,65.495
Hungarian Grand Prix,60.0,VER,66.292
Hungarian Grand Prix,60.0,ANT,75.837
Hungarian Grand Prix,60.0,HAD,77.092
Hungarian Grand Prix,60.0,HAM,77.938
Hungarian Grand Prix,60.0,HUL,105.387
Hungarian Grand Prix,60.0,SAI,104.409
Hungarian Grand Prix,60.0,ALB,106.307
Hungarian Grand Prix,60.0,OCO,100.996
Hungarian Grand Prix,60.0,TSU,111.046
Hungarian Grand Prix,60.0,COL,113.499
Hungarian Grand Prix,60.0,GAS,104.019
Hungarian Grand Prix,61.0,NOR,0.0
Hungarian Grand Prix,61.0,PIA,2.39
Hungarian Grand Prix,61.0,RUS,22.633
Hungarian Grand Prix,61.0,LEC,22.239
Hungarian Grand Prix,61.0,ALO,57.754
Hungarian Grand Prix,61.0,BOR,62.221
Hungarian Grand Prix,61.0,STR,64.462
Hungarian Grand Prix,61.0,LAW,66.14
Hungarian Grand Prix,61.0,VER,66.974
Hungarian Grand Prix,61.0,ANT,76.763
Hungarian Grand Prix,61.0,HAD,77.988
Hungarian Grand Prix,61.0,HAM,78.826
Hungarian Grand Prix,61.0,HUL,107.302
Hungarian Grand Prix,61.0,SAI,107.654
Hungarian Grand Prix,61.0,ALB,109.095
Hungarian Grand Prix,61.0,OCO,103.273
Hungarian Grand Prix,61.0,TSU,112.394
Hungarian Grand Prix,61.0,COL,115.003
Hungarian Grand Prix,61.0,GAS,106.792
Hungarian Grand Prix,62.0,NOR,0.0
Hungarian Grand Prix,62.0,PIA,1.8559999999999999
Hungarian Grand Prix,62.0,RUS,23.477
Hungarian Grand Prix,62.0,LEC,24.889
Hungarian Grand Prix,62.0,ALO,57.744
Hungarian Grand Prix,62.0,BOR,62.499
Hungarian Grand Prix,62.0,STR,64.732
Hungarian Grand Prix,62.0,LAW,66.467
Hungarian Grand Prix,62.0,VER,67.344
Hungarian Grand Prix,62.0,ANT,77.723
Hungarian Grand Prix,62.0,HAD,78.676
Hungarian Grand Prix,62.0,HAM,79.362
Hungarian Grand Prix,62.0,HUL,109.388
Hungarian Grand Prix,62.0,SAI,109.807
Hungarian Grand Prix,62.0,ALB,111.21
Hungarian Grand Prix,62.0,OCO,108.237
Hungarian Grand Prix,62.0,TSU,113.772
Hungarian Grand Prix,62.0,COL,116.048
Hungarian Grand Prix,62.0,GAS,109.139
Hungarian Grand Prix,63.0,NOR,0.0
Hungarian Grand Prix,63.0,PIA,1.231
Hungarian Grand Prix,63.0,RUS,22.79
Hungarian Grand Prix,63.0,LEC,25.755
Hungarian Grand Prix,63.0,ALO,58.551
Hungarian Grand Prix,63.0,BOR,62.454
Hungarian Grand Prix,63.0,STR,64.867
Hungarian Grand Prix,63.0,LAW,66.645
Hungarian Grand Prix,63.0,VER,67.621
Hungarian Grand Prix,63.0,ANT,78.546
Hungarian Grand Prix,63.0,HAD,79.277
Hungarian Grand Prix,63.0,HAM,81.74
Hungarian Grand Prix,63.0,HUL,110.542
Hungarian Grand Prix,63.0,SAI,110.841
Hungarian Grand Prix,63.0,ALB,113.315
Hungarian Grand Prix,63.0,OCO,110.096
Hungarian Grand Prix,63.0,TSU,115.014
Hungarian Grand Prix,63.0,COL,117.027
Hungarian Grand Prix,63.0,GAS,112.835
Hungarian Grand Prix,64.0,NOR,0.0
Hungarian Grand Prix,64.0,PIA,1.073
Hungarian Grand Prix,64.0,RUS,22.066
Hungarian Grand Prix,64.0,LEC,26.779
Hungarian Grand Prix,64.0,ALO,58.603
Hungarian Grand Prix,64.0,BOR,62.221
Hungarian Grand Prix,64.0,STR,64.713
Hungarian Grand Prix,64.0,LAW,66.41
Hungarian Grand Prix,64.0,VER,67.564
Hungarian Grand Prix,64.0,ANT,78.89
Hungarian Grand Prix,64.0,HAD,79.518
Hungarian Grand Prix,64.0,HAM,82.617
Hungarian Grand Prix,64.0,HUL,110.136
Hungarian Grand Prix,64.0,SAI,112.9
Hungarian Grand Prix,64.0,ALB,114.082
Hungarian Grand Prix,64.0,OCO,112.603
Hungarian Grand Prix,64.0,TSU,116.604
Hungarian Grand Prix,64.0,COL,118.123
Hungarian Grand Prix,64.0,GAS,115.847
Hungarian Grand Prix,65.0,NOR,0.0
Hungarian Grand Prix,65.0,PIA,0.837
Hungarian Grand Prix,65.0,RUS,21.699
Hungarian Grand Prix,65.0,LEC,27.93
Hungarian Grand Prix,65.0,ALO,58.578
Hungarian Grand Prix,65.0,BOR,62.643
Hungarian Grand Prix,65.0,STR,64.996
Hungarian Grand Prix,65.0,LAW,66.723
Hungarian Grand Prix,65.0,VER,67.839
Hungarian Grand Prix,65.0,ANT,82.538
Hungarian Grand Prix,65.0,HAD,83.205
Hungarian Grand Prix,65.0,HAM,83.892
Hungarian Grand Prix,65.0,HUL,110.732
Hungarian Grand Prix,65.0,SAI,112.557
Hungarian Grand Prix,65.0,ALB,115.993
Hungarian Grand Prix,65.0,OCO,115.551
Hungarian Grand Prix,65.0,TSU,118.424
Hungarian Grand Prix,65.0,COL,119.412
Hungarian Grand Prix,65.0,GAS,117.611
Hungarian Grand Prix,66.0,NOR,0.0
Hungarian Grand Prix,66.0,PIA,0.901
Hungarian Grand Prix,66.0,RUS,21.549
Hungarian Grand Prix,66.0,LEC,29.131
Hungarian Grand Prix,66.0,ALO,58.879
Hungarian Grand Prix,66.0,BOR,63.238
Hungarian Grand Prix,66.0,STR,65.425
Hungarian Grand Prix,66.0,LAW,67.093
Hungarian Grand Prix,66.0,VER,68.403
Hungarian Grand Prix,66.0,ANT,83.554
Hungarian Grand Prix,66.0,HAD,84.186
Hungarian Grand Prix,66.0,HAM,84.865
Hungarian Grand Prix,66.0,HUL,111.397
Hungarian Grand Prix,66.0,SAI,112.844
Hungarian Grand Prix,66.0,ALB,116.705
Hungarian Grand Prix,66.0,OCO,118.856
Hungarian Grand Prix,66.0,TSU,120.402
Hungarian Grand Prix,66.0,COL,121.152
Hungarian Grand Prix,66.0,GAS,119.689
Hungarian Grand Prix,67.0,NOR,0.0
Hungarian Grand Prix,67.0,PIA,0.704
Hungarian Grand Prix,67.0,RUS,21.753
Hungarian Grand Prix,67.0,LEC,30.579
Hungarian Grand Prix,67.0,ALO,58.84
Hungarian Grand Prix,67.0,BOR,63.827
Hungarian Grand Prix,67.0,STR,65.888
Hungarian Grand Prix,67.0,LAW,67.679
Hungarian Grand Prix,67.0,VER,69.1
Hungarian Grand Prix,67.0,ANT,84.814
Hungarian Grand Prix,67.0,HAD,85.294
Hungarian Grand Prix,67.0,HAM,86.136
Hungarian Grand Prix,67.0,HUL,111.013
Hungarian Grand Prix,67.0,SAI,113.474
Hungarian Grand Prix,67.0,ALB,117.499
Hungarian Grand Prix,67.0,OCO,121.083
Hungarian Grand Prix,67.0,TSU,122.745
Hungarian Grand Prix,67.0,COL,123.31
Hungarian Grand Prix,67.0,GAS,121.999
Hungarian Grand Prix,68.0,NOR,0.0
Hungarian Grand Prix,68.0,PIA,0.658
Hungarian Grand Prix,68.0,RUS,21.737
Hungarian Grand Prix,68.0,LEC,32.968
Hungarian Grand Prix,68.0,ALO,59.168
Hungarian Grand Prix,68.0,BOR,64.614
Hungarian Grand Prix,68.0,STR,66.554
Hungarian Grand Prix,68.0,LAW,68.445
Hungarian Grand Prix,68.0,VER,70.108
Hungarian Grand Prix,68.0,ANT,87.416
Hungarian Grand Prix,68.0,HAD,88.22
Hungarian Grand Prix,68.0,HAM,88.953
Hungarian Grand Prix,68.0,HUL,111.759
Hungarian Grand Prix,68.0,SAI,113.819
Hungarian Grand Prix,68.0,ALB,118.255
Hungarian Grand Prix,68.0,OCO,123.34
Hungarian Grand Prix,68.0,TSU,125.086
Hungarian Grand Prix,68.0,COL,125.88
Hungarian Grand Prix,68.0,GAS,124.394
Hungarian Grand Prix,69.0,NOR,0.0
Hungarian Grand Prix,69.0,PIA,0.749
Hungarian Grand Prix,69.0,RUS,21.658
Hungarian Grand Prix,69.0,LEC,35.36
Hungarian Grand Prix,69.0,ALO,58.906
Hungarian Grand Prix,69.0,BOR,65.161
Hungarian Grand Prix,69.0,STR,67.218
Hungarian Grand Prix,69.0,LAW,68.725
Hungarian Grand Prix,69.0,VER,71.155
Hungarian Grand Prix,69.0,ANT,88.363
Hungarian Grand Prix,69.0,HAD,89.214
Hungarian Grand Prix,69.0,HAM,90.575
Hungarian Grand Prix,69.0,HUL,111.982
Hungarian Grand Prix,69.0,SAI,114.04
Hungarian Grand Prix,69.0,ALB,118.825
Hungarian Grand Prix,69.0,OCO,125.972
Hungarian Grand Prix,69.0,TSU,127.657
Hungarian Grand Prix,69.0,COL,128.084
Hungarian Grand Prix,69.0,GAS,127.058
Hungarian Grand Prix,70.0,NOR,0.0
Hungarian Grand Prix,70.0,PIA,0.698
Hungarian Grand Prix,70.0,RUS,21.916
Hungarian Grand Prix,70.0,LEC,37.56
Hungarian Grand Prix,70.0,ALO,59.04
Hungarian Grand Prix,70.0,BOR,66.169
Hungarian Grand Prix,70.0,STR,68.174
Hungarian Grand Prix,70.0,LAW,69.451
Hungarian Grand Prix,70.0,VER,72.645
Dutch Grand Prix,1.0,VER,1.058
Dutch Grand Prix,1.0,GAS,7.76
Dutch Grand Prix,1.0,ANT,6.84
Dutch Grand Prix,1.0,ALO,7.311
Dutch Grand Prix,1.0,LEC,3.077
Dutch Grand Prix,1.0,STR,9.653
Dutch Grand Prix,1.0,TSU,6.251
Dutch Grand Prix,1.0,ALB,5.906
Dutch Grand Prix,1.0,HUL,8.829
Dutch Grand Prix,1.0,LAW,4.908
Dutch Grand Prix,1.0,OCO,8.577
Dutch Grand Prix,1.0,NOR,2.106
Dutch Grand Prix,1.0,COL,8.148
Dutch Grand Prix,1.0,HAM,4.415
Dutch Grand Prix,1.0,BOR,9.094
Dutch Grand Prix,1.0,SAI,5.493
Dutch Grand Prix,1.0,HAD,2.87
Dutch Grand Prix,1.0,RUS,3.763
Dutch Grand Prix,1.0,PIA,0.0
Dutch Grand Prix,1.0,BEA,12.8
Dutch Grand Prix,2.0,VER,1.617
Dutch Grand Prix,2.0,GAS,9.605
Dutch Grand Prix,2.0,ANT,8.548
Dutch Grand Prix,2.0,ALO,8.871
Dutch Grand Prix,2.0,LEC,4.408
Dutch Grand Prix,2.0,STR,11.728
Dutch Grand Prix,2.0,TSU,7.804
Dutch Grand Prix,2.0,ALB,7.306
Dutch Grand Prix,2.0,HUL,10.63
Dutch Grand Prix,2.0,LAW,6.082
Dutch Grand Prix,2.0,OCO,10.487
Dutch Grand Prix,2.0,NOR,3.047
Dutch Grand Prix,2.0,COL,10.03
Dutch Grand Prix,2.0,HAM,5.386
Dutch Grand Prix,2.0,BOR,11.283
Dutch Grand Prix,2.0,SAI,6.7219999999999995
Dutch Grand Prix,2.0,HAD,3.675
Dutch Grand Prix,2.0,RUS,4.7059999999999995
Dutch Grand Prix,2.0,PIA,0.0
Dutch Grand Prix,2.0,BEA,13.981
Dutch Grand Prix,3.0,VER,1.9220000000000002
Dutch Grand Prix,3.0,GAS,10.575
Dutch Grand Prix,3.0,ANT,9.451
Dutch Grand Prix,3.0,ALO,10.012
Dutch Grand Prix,3.0,LEC,4.969
Dutch Grand Prix,3.0,STR,13.33
Dutch Grand Prix,3.0,TSU,8.907
Dutch Grand Prix,3.0,ALB,8.395
Dutch Grand Prix,3.0,HUL,11.556000000000001
Dutch Grand Prix,3.0,LAW,7.057
Dutch Grand Prix,3.0,OCO,12.159
Dutch Grand Prix,3.0,NOR,3.307
Dutch Grand Prix,3.0,COL,11.039
Dutch Grand Prix,3.0,HAM,6.101
Dutch Grand Prix,3.0,BOR,13.691
Dutch Grand Prix,3.0,SAI,7.739
Dutch Grand Prix,3.0,HAD,4.57
Dutch Grand Prix,3.0,RUS,5.548
Dutch Grand Prix,3.0,PIA,0.0
Dutch Grand Prix,3.0,BEA,15.359
Dutch Grand Prix,4.0,VER,2.278
Dutch Grand Prix,4.0,GAS,12.643
Dutch Grand Prix,4.0,ANT,11.023
Dutch Grand Prix,4.0,ALO,11.677
Dutch Grand Prix,4.0,LEC,5.851
Dutch Grand Prix,4.0,STR,14.361
Dutch Grand Prix,4.0,TSU,10.475
Dutch Grand Prix,4.0,ALB,9.825
Dutch Grand Prix,4.0,HUL,13.346
Dutch Grand Prix,4.0,LAW,7.969
Dutch Grand Prix,4.0,OCO,13.891
Dutch Grand Prix,4.0,NOR,3.887
Dutch Grand Prix,4.0,COL,12.7
Dutch Grand Prix,4.0,HAM,7.211
Dutch Grand Prix,4.0,BOR,15.37
Dutch Grand Prix,4.0,SAI,9.092
Dutch Grand Prix,4.0,HAD,5.187
Dutch Grand Prix,4.0,RUS,6.559
Dutch Grand Prix,4.0,PIA,0.0
Dutch Grand Prix,4.0,BEA,16.925
Dutch Grand Prix,5.0,VER,2.85
Dutch Grand Prix,5.0,GAS,14.811
Dutch Grand Prix,5.0,ANT,12.709
Dutch Grand Prix,5.0,ALO,13.322
Dutch Grand Prix,5.0,LEC,6.515
Dutch Grand Prix,5.0,STR,16.387
Dutch Grand Prix,5.0,TSU,12.019
Dutch Grand Prix,5.0,ALB,11.534
Dutch Grand Prix,5.0,HUL,15.323
Dutch Grand Prix,5.0,LAW,9.003
Dutch Grand Prix,5.0,OCO,16.058
Dutch Grand Prix,5.0,NOR,4.358
Dutch Grand Prix,5.0,COL,13.932
Dutch Grand Prix,5.0,HAM,8.269
Dutch Grand Prix,5.0,BOR,17.391
Dutch Grand Prix,5.0,SAI,10.522
Dutch Grand Prix,5.0,HAD,5.813
Dutch Grand Prix,5.0,RUS,7.279
Dutch Grand Prix,5.0,PIA,0.0
Dutch Grand Prix,5.0,BEA,18.492
Dutch Grand Prix,6.0,VER,3.347
Dutch Grand Prix,6.0,GAS,16.25
Dutch Grand Prix,6.0,ANT,14.129
Dutch Grand Prix,6.0,ALO,14.818999999999999
Dutch Grand Prix,6.0,LEC,7.133
Dutch Grand Prix,6.0,STR,18.07
Dutch Grand Prix,6.0,TSU,13.464
Dutch Grand Prix,6.0,ALB,12.916
Dutch Grand Prix,6.0,HUL,16.67
Dutch Grand Prix,6.0,LAW,10.185
Dutch Grand Prix,6.0,OCO,17.501
Dutch Grand Prix,6.0,NOR,4.659
Dutch Grand Prix,6.0,COL,15.581
Dutch Grand Prix,6.0,HAM,8.702
Dutch Grand Prix,6.0,BOR,18.915
Dutch Grand Prix,6.0,SAI,11.786
Dutch Grand Prix,6.0,HAD,6.467
Dutch Grand Prix,6.0,RUS,7.99
Dutch Grand Prix,6.0,PIA,0.0
Dutch Grand Prix,6.0,BEA,20.391
Dutch Grand Prix,7.0,VER,3.787
Dutch Grand Prix,7.0,GAS,17.776
Dutch Grand Prix,7.0,ANT,15.622
Dutch Grand Prix,7.0,ALO,16.4
Dutch Grand Prix,7.0,LEC,7.287
Dutch Grand Prix,7.0,STR,19.942
Dutch Grand Prix,7.0,TSU,14.892
Dutch Grand Prix,7.0,ALB,14.278
Dutch Grand Prix,7.0,HUL,18.542
Dutch Grand Prix,7.0,LAW,11.214
Dutch Grand Prix,7.0,OCO,19.357
Dutch Grand Prix,7.0,NOR,4.687
Dutch Grand Prix,7.0,COL,17.069
Dutch Grand Prix,7.0,HAM,9.53
Dutch Grand Prix,7.0,BOR,20.717
Dutch Grand Prix,7.0,SAI,12.923
Dutch Grand Prix,7.0,HAD,6.848
Dutch Grand Prix,7.0,RUS,8.789
Dutch Grand Prix,7.0,PIA,0.0
Dutch Grand Prix,7.0,BEA,22.144
Dutch Grand Prix,8.0,VER,4.269
Dutch Grand Prix,8.0,GAS,19.271
Dutch Grand Prix,8.0,ANT,17.09
Dutch Grand Prix,8.0,ALO,17.855
Dutch Grand Prix,8.0,LEC,7.8
Dutch Grand Prix,8.0,STR,24.434
Dutch Grand Prix,8.0,TSU,16.655
Dutch Grand Prix,8.0,ALB,15.648
Dutch Grand Prix,8.0,HUL,20.019
Dutch Grand Prix,8.0,LAW,12.146
Dutch Grand Prix,8.0,OCO,20.759
Dutch Grand Prix,8.0,NOR,4.546
Dutch Grand Prix,8.0,COL,18.54
Dutch Grand Prix,8.0,HAM,10.221
Dutch Grand Prix,8.0,BOR,22.13
Dutch Grand Prix,8.0,SAI,13.856
Dutch Grand Prix,8.0,HAD,7.116
Dutch Grand Prix,8.0,RUS,9.475
Dutch Grand Prix,8.0,PIA,0.0
Dutch Grand Prix,8.0,BEA,23.692
Dutch Grand Prix,9.0,VER,5.854
Dutch Grand Prix,9.0,GAS,21.093
Dutch Grand Prix,9.0,ANT,18.72
Dutch Grand Prix,9.0,ALO,19.567
Dutch Grand Prix,9.0,LEC,8.749
Dutch Grand Prix,9.0,STR,40.955
Dutch Grand Prix,9.0,TSU,18.37
Dutch Grand Prix,9.0,ALB,17.138
Dutch Grand Prix,9.0,HUL,21.898
Dutch Grand Prix,9.0,LAW,13.278
Dutch Grand Prix,9.0,OCO,22.823
Dutch Grand Prix,9.0,NOR,4.586
Dutch Grand Prix,9.0,COL,20.307
Dutch Grand Prix,9.0,HAM,11.056
Dutch Grand Prix,9.0,BOR,23.701999999999998
Dutch Grand Prix,9.0,SAI,15.127
Dutch Grand Prix,9.0,HAD,7.695
Dutch Grand Prix,9.0,RUS,10.439
Dutch Grand Prix,9.0,PIA,0.0
Dutch Grand Prix,9.0,BEA,25.472
Dutch Grand Prix,10.0,VER,6.537
Dutch Grand Prix,10.0,GAS,23.002
Dutch Grand Prix,10.0,ANT,20.296
Dutch Grand Prix,10.0,ALO,21.293
Dutch Grand Prix,10.0,LEC,9.178
Dutch Grand Prix,10.0,STR,41.08
Dutch Grand Prix,10.0,TSU,20.044
Dutch Grand Prix,10.0,ALB,18.656
Dutch Grand Prix,10.0,HUL,23.846
Dutch Grand Prix,10.0,LAW,14.514
Dutch Grand Prix,10.0,OCO,24.778
Dutch Grand Prix,10.0,NOR,4.246
Dutch Grand Prix,10.0,COL,22.171
Dutch Grand Prix,10.0,HAM,12.053
Dutch Grand Prix,10.0,BOR,25.918
Dutch Grand Prix,10.0,SAI,16.195
Dutch Grand Prix,10.0,HAD,8.653
Dutch Grand Prix,10.0,RUS,11.418
Dutch Grand Prix,10.0,PIA,0.0
Dutch Grand Prix,10.0,BEA,27.085
Dutch Grand Prix,11.0,VER,7.563
Dutch Grand Prix,11.0,GAS,25.113
Dutch Grand Prix,11.0,ANT,22.388
Dutch Grand Prix,11.0,ALO,23.186
Dutch Grand Prix,11.0,LEC,10.049
Dutch Grand Prix,11.0,STR,41.895
Dutch Grand Prix,11.0,TSU,21.951999999999998
Dutch Grand Prix,11.0,ALB,20.365
Dutch Grand Prix,11.0,HUL,26.093
Dutch Grand Prix,11.0,LAW,15.909
Dutch Grand Prix,11.0,OCO,27.048
Dutch Grand Prix,11.0,NOR,4.053
Dutch Grand Prix,11.0,COL,24.09
Dutch Grand Prix,11.0,HAM,13.71
Dutch Grand Prix,11.0,BOR,28.598
Dutch Grand Prix,11.0,SAI,17.756
Dutch Grand Prix,11.0,HAD,9.629
Dutch Grand Prix,11.0,RUS,12.715
Dutch Grand Prix,11.0,PIA,0.0
Dutch Grand Prix,11.0,BEA,29.411
Dutch Grand Prix,12.0,VER,8.393
Dutch Grand Prix,12.0,GAS,26.794
Dutch Grand Prix,12.0,ANT,24.025
Dutch Grand Prix,12.0,ALO,24.684
Dutch Grand Prix,12.0,LEC,10.949
Dutch Grand Prix,12.0,STR,42.525
Dutch Grand Prix,12.0,TSU,23.669
Dutch Grand Prix,12.0,ALB,21.729
Dutch Grand Prix,12.0,HUL,27.915
Dutch Grand Prix,12.0,LAW,17.186
Dutch Grand Prix,12.0,OCO,29.101
Dutch Grand Prix,12.0,NOR,3.748
Dutch Grand Prix,12.0,COL,25.907
Dutch Grand Prix,12.0,HAM,14.631
Dutch Grand Prix,12.0,BOR,30.612
Dutch Grand Prix,12.0,SAI,19.101
Dutch Grand Prix,12.0,HAD,10.445
Dutch Grand Prix,12.0,RUS,13.805
Dutch Grand Prix,12.0,PIA,0.0
Dutch Grand Prix,12.0,BEA,31.274
Dutch Grand Prix,13.0,VER,9.463
Dutch Grand Prix,13.0,GAS,28.508
Dutch Grand Prix,13.0,ANT,25.792
Dutch Grand Prix,13.0,ALO,26.679
Dutch Grand Prix,13.0,LEC,12.063
Dutch Grand Prix,13.0,STR,42.932
Dutch Grand Prix,13.0,TSU,25.402
Dutch Grand Prix,13.0,ALB,23.26
Dutch Grand Prix,13.0,HUL,30.319
Dutch Grand Prix,13.0,LAW,18.453
Dutch Grand Prix,13.0,OCO,31.416
Dutch Grand Prix,13.0,NOR,3.683
Dutch Grand Prix,13.0,COL,28.079
Dutch Grand Prix,13.0,HAM,16.05
Dutch Grand Prix,13.0,BOR,32.835
Dutch Grand Prix,13.0,SAI,20.661
Dutch Grand Prix,13.0,HAD,11.382
Dutch Grand Prix,13.0,RUS,14.972
Dutch Grand Prix,13.0,PIA,0.0
Dutch Grand Prix,13.0,BEA,33.44
Dutch Grand Prix,14.0,VER,10.058
Dutch Grand Prix,14.0,GAS,30.386
Dutch Grand Prix,14.0,ANT,27.454
Dutch Grand Prix,14.0,ALO,28.253
Dutch Grand Prix,14.0,LEC,12.832
Dutch Grand Prix,14.0,STR,43.145
Dutch Grand Prix,14.0,TSU,26.976
Dutch Grand Prix,14.0,ALB,24.754
Dutch Grand Prix,14.0,HUL,32.053
Dutch Grand Prix,14.0,LAW,19.574
Dutch Grand Prix,14.0,OCO,33.342
Dutch Grand Prix,14.0,NOR,3.312
Dutch Grand Prix,14.0,COL,29.714
Dutch Grand Prix,14.0,HAM,17.195
Dutch Grand Prix,14.0,BOR,34.734
Dutch Grand Prix,14.0,SAI,21.871
Dutch Grand Prix,14.0,HAD,12.018
Dutch Grand Prix,14.0,RUS,16.038
Dutch Grand Prix,14.0,PIA,0.0
Dutch Grand Prix,14.0,BEA,35.406
Dutch Grand Prix,15.0,VER,11.119
Dutch Grand Prix,15.0,GAS,32.05
Dutch Grand Prix,15.0,ANT,29.088
Dutch Grand Prix,15.0,ALO,29.742
Dutch Grand Prix,15.0,LEC,14.016
Dutch Grand Prix,15.0,STR,43.748
Dutch Grand Prix,15.0,TSU,28.601
Dutch Grand Prix,15.0,ALB,26.161
Dutch Grand Prix,15.0,HUL,33.964
Dutch Grand Prix,15.0,LAW,20.989
Dutch Grand Prix,15.0,OCO,35.532
Dutch Grand Prix,15.0,NOR,3.129
Dutch Grand Prix,15.0,COL,31.514
Dutch Grand Prix,15.0,HAM,18.217
Dutch Grand Prix,15.0,BOR,36.75
Dutch Grand Prix,15.0,SAI,23.25
Dutch Grand Prix,15.0,HAD,13.104
Dutch Grand Prix,15.0,RUS,16.862
Dutch Grand Prix,15.0,PIA,0.0
Dutch Grand Prix,15.0,BEA,37.402
Dutch Grand Prix,16.0,VER,12.102
Dutch Grand Prix,16.0,GAS,34.088
Dutch Grand Prix,16.0,ANT,31.098
Dutch Grand Prix,16.0,ALO,31.846
Dutch Grand Prix,16.0,LEC,15.544
Dutch Grand Prix,16.0,STR,44.735
Dutch Grand Prix,16.0,TSU,30.745
Dutch Grand Prix,16.0,ALB,27.5
Dutch Grand Prix,16.0,HUL,36.394
Dutch Grand Prix,16.0,LAW,22.654
Dutch Grand Prix,16.0,OCO,37.877
Dutch Grand Prix,16.0,NOR,3.141
Dutch Grand Prix,16.0,COL,35.051
Dutch Grand Prix,16.0,HAM,19.128
Dutch Grand Prix,16.0,BOR,39.236
Dutch Grand Prix,16.0,SAI,24.756
Dutch Grand Prix,16.0,HAD,14.157
Dutch Grand Prix,16.0,RUS,17.815
Dutch Grand Prix,16.0,PIA,0.0
Dutch Grand Prix,16.0,BEA,39.542
Dutch Grand Prix,17.0,VER,12.769
Dutch Grand Prix,17.0,GAS,35.801
Dutch Grand Prix,17.0,ANT,32.538
Dutch Grand Prix,17.0,ALO,33.34
Dutch Grand Prix,17.0,LEC,16.603
Dutch Grand Prix,17.0,STR,45.359
Dutch Grand Prix,17.0,TSU,32.172
Dutch Grand Prix,17.0,ALB,28.558
Dutch Grand Prix,17.0,HUL,37.809
Dutch Grand Prix,17.0,LAW,23.799
Dutch Grand Prix,17.0,OCO,39.592
Dutch Grand Prix,17.0,NOR,3.085
Dutch Grand Prix,17.0,COL,36.32
Dutch Grand Prix,17.0,HAM,19.777
Dutch Grand Prix,17.0,BOR,40.961
Dutch Grand Prix,17.0,SAI,25.96
Dutch Grand Prix,17.0,HAD,15.142
Dutch Grand Prix,17.0,RUS,18.704
Dutch Grand Prix,17.0,PIA,0.0
Dutch Grand Prix,17.0,BEA,41.335
Dutch Grand Prix,18.0,VER,13.636
Dutch Grand Prix,18.0,GAS,37.291
Dutch Grand Prix,18.0,ANT,34.286
Dutch Grand Prix,18.0,ALO,37.687
Dutch Grand Prix,18.0,LEC,17.579
Dutch Grand Prix,18.0,STR,46.384
Dutch Grand Prix,18.0,TSU,33.993
Dutch Grand Prix,18.0,ALB,29.797
Dutch Grand Prix,18.0,HUL,39.682
Dutch Grand Prix,18.0,LAW,25.014
Dutch Grand Prix,18.0,OCO,41.733
Dutch Grand Prix,18.0,NOR,3.217
Dutch Grand Prix,18.0,COL,38.468
Dutch Grand Prix,18.0,HAM,20.516
Dutch Grand Prix,18.0,BOR,42.88
Dutch Grand Prix,18.0,SAI,27.285
Dutch Grand Prix,18.0,HAD,16.231
Dutch Grand Prix,18.0,RUS,19.81
Dutch Grand Prix,18.0,PIA,0.0
Dutch Grand Prix,18.0,BEA,43.427
Dutch Grand Prix,19.0,VER,14.584
Dutch Grand Prix,19.0,GAS,39.287
Dutch Grand Prix,19.0,ANT,36.288
Dutch Grand Prix,19.0,ALO,52.637
Dutch Grand Prix,19.0,LEC,18.272
Dutch Grand Prix,19.0,STR,47.347
Dutch Grand Prix,19.0,TSU,38.525
Dutch Grand Prix,19.0,ALB,30.975
Dutch Grand Prix,19.0,HUL,43.452
Dutch Grand Prix,19.0,LAW,26.548000000000002
Dutch Grand Prix,19.0,OCO,43.435
Dutch Grand Prix,19.0,NOR,3.277
Dutch Grand Prix,19.0,COL,42.478
Dutch Grand Prix,19.0,HAM,21.2
Dutch Grand Prix,19.0,BOR,44.777
Dutch Grand Prix,19.0,SAI,28.428
Dutch Grand Prix,19.0,HAD,17.102
Dutch Grand Prix,19.0,RUS,20.546
Dutch Grand Prix,19.0,PIA,0.0
Dutch Grand Prix,19.0,BEA,45.58
Dutch Grand Prix,20.0,VER,15.692
Dutch Grand Prix,20.0,GAS,41.258
Dutch Grand Prix,20.0,ANT,37.327
Dutch Grand Prix,20.0,ALO,52.088
Dutch Grand Prix,20.0,LEC,19.281
Dutch Grand Prix,20.0,STR,49.066
Dutch Grand Prix,20.0,TSU,56.356
Dutch Grand Prix,20.0,ALB,32.077
Dutch Grand Prix,20.0,HUL,61.876
Dutch Grand Prix,20.0,LAW,28.437
Dutch Grand Prix,20.0,OCO,45.464
Dutch Grand Prix,20.0,NOR,3.319
Dutch Grand Prix,20.0,COL,59.272
Dutch Grand Prix,20.0,HAM,22.159
Dutch Grand Prix,20.0,BOR,46.727
Dutch Grand Prix,20.0,SAI,29.759
Dutch Grand Prix,20.0,HAD,18.084
Dutch Grand Prix,20.0,RUS,21.517
Dutch Grand Prix,20.0,PIA,0.0
Dutch Grand Prix,20.0,BEA,47.335
Dutch Grand Prix,21.0,VER,16.825
Dutch Grand Prix,21.0,GAS,42.947
Dutch Grand Prix,21.0,ANT,38.437
Dutch Grand Prix,21.0,ALO,52.095
Dutch Grand Prix,21.0,LEC,20.195
Dutch Grand Prix,21.0,STR,50.296
Dutch Grand Prix,21.0,TSU,56.102
Dutch Grand Prix,21.0,ALB,33.204
Dutch Grand Prix,21.0,HUL,63.167
Dutch Grand Prix,21.0,LAW,29.564
Dutch Grand Prix,21.0,OCO,47.161
Dutch Grand Prix,21.0,NOR,3.55
Dutch Grand Prix,21.0,COL,59.806
Dutch Grand Prix,21.0,HAM,23.054
Dutch Grand Prix,21.0,BOR,48.663
Dutch Grand Prix,21.0,SAI,30.983
Dutch Grand Prix,21.0,HAD,19.043
Dutch Grand Prix,21.0,RUS,22.417
Dutch Grand Prix,21.0,PIA,0.0
Dutch Grand Prix,21.0,BEA,49.161
Dutch Grand Prix,22.0,VER,17.802
Dutch Grand Prix,22.0,GAS,44.337
Dutch Grand Prix,22.0,ANT,39.252
Dutch Grand Prix,22.0,ALO,52.401
Dutch Grand Prix,22.0,LEC,24.104
Dutch Grand Prix,22.0,STR,51.568
Dutch Grand Prix,22.0,TSU,56.027
Dutch Grand Prix,22.0,ALB,34.296
Dutch Grand Prix,22.0,HUL,66.167
Dutch Grand Prix,22.0,LAW,30.972
Dutch Grand Prix,22.0,OCO,48.563
Dutch Grand Prix,22.0,NOR,3.476
Dutch Grand Prix,22.0,COL,59.725
Dutch Grand Prix,22.0,HAM,24.559
Dutch Grand Prix,22.0,BOR,53.003
Dutch Grand Prix,22.0,SAI,32.173
Dutch Grand Prix,22.0,HAD,20.192
Dutch Grand Prix,22.0,RUS,23.447
Dutch Grand Prix,22.0,PIA,0.0
Dutch Grand Prix,22.0,BEA,51.361
Dutch Grand Prix,23.0,VER,24.551
Dutch Grand Prix,23.0,GAS,61.716
Dutch Grand Prix,23.0,ANT,55.278
Dutch Grand Prix,23.0,ALO,70.076
Dutch Grand Prix,23.0,LEC,52.7
Dutch Grand Prix,23.0,STR,68.466
Dutch Grand Prix,23.0,TSU,74.466
Dutch Grand Prix,23.0,ALB,51.817
Dutch Grand Prix,23.0,HUL,87.245
Dutch Grand Prix,23.0,LAW,43.613
Dutch Grand Prix,23.0,OCO,65.006
Dutch Grand Prix,23.0,NOR,5.334
Dutch Grand Prix,23.0,COL,79.498
Dutch Grand Prix,23.0,HAM,90.379
Dutch Grand Prix,23.0,BOR,87.006
Dutch Grand Prix,23.0,SAI,44.926
Dutch Grand Prix,23.0,HAD,28.022
Dutch Grand Prix,23.0,RUS,31.345
Dutch Grand Prix,23.0,PIA,0.0
Dutch Grand Prix,23.0,BEA,69.623
Dutch Grand Prix,24.0,VER,18.356
Dutch Grand Prix,24.0,GAS,57.306
Dutch Grand Prix,24.0,ANT,47.637
Dutch Grand Prix,24.0,ALO,51.405
Dutch Grand Prix,24.0,LEC,33.349
Dutch Grand Prix,24.0,STR,49.111
Dutch Grand Prix,24.0,TSU,55.439
Dutch Grand Prix,24.0,ALB,44.285
Dutch Grand Prix,24.0,HUL,66.746
Dutch Grand Prix,24.0,LAW,37.141
Dutch Grand Prix,24.0,OCO,43.746
Dutch Grand Prix,24.0,NOR,4.537
Dutch Grand Prix,24.0,COL,58.955
Dutch Grand Prix,24.0,BOR,65.875
Dutch Grand Prix,24.0,SAI,37.593
Dutch Grand Prix,24.0,HAD,20.864
Dutch Grand Prix,24.0,RUS,25.062
Dutch Grand Prix,24.0,PIA,0.0
Dutch Grand Prix,24.0,BEA,50.087
Dutch Grand Prix,25.0,VER,2.374
Dutch Grand Prix,25.0,GAS,22.863
Dutch Grand Prix,25.0,ANT,13.003
Dutch Grand Prix,25.0,ALO,17.822
Dutch Grand Prix,25.0,LEC,5.7379999999999995
Dutch Grand Prix,25.0,STR,14.324
Dutch Grand Prix,25.0,TSU,21.776
Dutch Grand Prix,25.0,ALB,11.886
Dutch Grand Prix,25.0,HUL,27.447
Dutch Grand Prix,25.0,LAW,7.918
Dutch Grand Prix,25.0,OCO,10.883
Dutch Grand Prix,25.0,NOR,1.205
Dutch Grand Prix,25.0,COL,24.379
Dutch Grand Prix,25.0,BOR,25.612
Dutch Grand Prix,25.0,SAI,8.929
Dutch Grand Prix,25.0,HAD,3.286
Dutch Grand Prix,25.0,RUS,4.717
Dutch Grand Prix,25.0,PIA,0.0
Dutch Grand Prix,25.0,BEA,15.634
Dutch Grand Prix,26.0,VER,0.885
Dutch Grand Prix,26.0,GAS,7.138
Dutch Grand Prix,26.0,ANT,4.239
Dutch Grand Prix,26.0,ALO,5.948
Dutch Grand Prix,26.0,LEC,2.099
Dutch Grand Prix,26.0,STR,5.171
Dutch Grand Prix,26.0,TSU,6.631
Dutch Grand Prix,26.0,ALB,3.5620000000000003
Dutch Grand Prix,26.0,HUL,8.441
Dutch Grand Prix,26.0,LAW,2.585
Dutch Grand Prix,26.0,OCO,3.517
Dutch Grand Prix,26.0,NOR,0.511
Dutch Grand Prix,26.0,COL,7.6129999999999995
Dutch Grand Prix,26.0,BOR,7.946
Dutch Grand Prix,26.0,SAI,2.735
Dutch Grand Prix,26.0,HAD,1.474
Dutch Grand Prix,26.0,RUS,1.627
Dutch Grand Prix,26.0,PIA,0.0
Dutch Grand Prix,26.0,BEA,5.307
Dutch Grand Prix,27.0,VER,1.891
Dutch Grand Prix,27.0,GAS,10.916
Dutch Grand Prix,27.0,ANT,6.913
Dutch Grand Prix,27.0,ALO,10.49
Dutch Grand Prix,27.0,LEC,3.8890000000000002
Dutch Grand Prix,27.0,STR,8.554
Dutch Grand Prix,27.0,TSU,9.956
Dutch Grand Prix,27.0,ALB,5.5809999999999995
Dutch Grand Prix,27.0,HUL,12.372
Dutch Grand Prix,27.0,LAW,52.519
Dutch Grand Prix,27.0,OCO,7.918
Dutch Grand Prix,27.0,NOR,0.79
Dutch Grand Prix,27.0,COL,11.39
Dutch Grand Prix,27.0,BOR,11.583
Dutch Grand Prix,27.0,SAI,51.5
Dutch Grand Prix,27.0,HAD,2.74
Dutch Grand Prix,27.0,RUS,3.287
Dutch Grand Prix,27.0,PIA,0.0
Dutch Grand Prix,27.0,BEA,9.371
Dutch Grand Prix,28.0,VER,3.154
Dutch Grand Prix,28.0,GAS,13.258
Dutch Grand Prix,28.0,ANT,7.894
Dutch Grand Prix,28.0,ALO,12.68
Dutch Grand Prix,28.0,LEC,5.58
Dutch Grand Prix,28.0,STR,10.814
Dutch Grand Prix,28.0,TSU,12.011
Dutch Grand Prix,28.0,ALB,7.374
Dutch Grand Prix,28.0,HUL,16.398
Dutch Grand Prix,28.0,LAW,84.207
Dutch Grand Prix,28.0,OCO,10.572
Dutch Grand Prix,28.0,NOR,1.601
Dutch Grand Prix,28.0,COL,13.816
Dutch Grand Prix,28.0,BOR,14.408
Dutch Grand Prix,28.0,SAI,84.299
Dutch Grand Prix,28.0,HAD,4.281
Dutch Grand Prix,28.0,RUS,4.728
Dutch Grand Prix,28.0,PIA,0.0
Dutch Grand Prix,28.0,BEA,11.528
Dutch Grand Prix,29.0,VER,3.524
Dutch Grand Prix,29.0,GAS,14.719
Dutch Grand Prix,29.0,ANT,8.345
Dutch Grand Prix,29.0,ALO,13.965
Dutch Grand Prix,29.0,LEC,6.051
Dutch Grand Prix,29.0,STR,11.763
Dutch Grand Prix,29.0,TSU,13.334
Dutch Grand Prix,29.0,ALB,7.861
Dutch Grand Prix,29.0,HUL,18.371
Dutch Grand Prix,29.0,LAW,85.684
Dutch Grand Prix,29.0,OCO,12.342
Dutch Grand Prix,29.0,NOR,2.104
Dutch Grand Prix,29.0,COL,15.281
Dutch Grand Prix,29.0,BOR,15.826
Dutch Grand Prix,29.0,SAI,84.25
Dutch Grand Prix,29.0,HAD,4.194
Dutch Grand Prix,29.0,RUS,4.986
Dutch Grand Prix,29.0,PIA,0.0
Dutch Grand Prix,29.0,BEA,12.895
Dutch Grand Prix,30.0,VER,3.594
Dutch Grand Prix,30.0,GAS,15.845
Dutch Grand Prix,30.0,ANT,8.097
Dutch Grand Prix,30.0,ALO,15.206
Dutch Grand Prix,30.0,LEC,5.745
Dutch Grand Prix,30.0,STR,12.516
Dutch Grand Prix,30.0,TSU,14.411
Dutch Grand Prix,30.0,ALB,7.846
Dutch Grand Prix,30.0,HUL,19.853
Dutch Grand Prix,30.0,LAW,98.956
Dutch Grand Prix,30.0,OCO,13.609
Dutch Grand Prix,30.0,NOR,1.8010000000000002
Dutch Grand Prix,30.0,COL,16.395
Dutch Grand Prix,30.0,BOR,17.147
Dutch Grand Prix,30.0,SAI,97.502
Dutch Grand Prix,30.0,HAD,4.221
Dutch Grand Prix,30.0,RUS,5.029
Dutch Grand Prix,30.0,PIA,0.0
Dutch Grand Prix,30.0,BEA,14.032
Dutch Grand Prix,31.0,VER,4.132
Dutch Grand Prix,31.0,GAS,22.924
Dutch Grand Prix,31.0,ANT,12.43
Dutch Grand Prix,31.0,ALO,21.808
Dutch Grand Prix,31.0,LEC,9.132
Dutch Grand Prix,31.0,STR,17.461
Dutch Grand Prix,31.0,TSU,21.412
Dutch Grand Prix,31.0,ALB,11.24
Dutch Grand Prix,31.0,HUL,26.537
Dutch Grand Prix,31.0,LAW,100.585
Dutch Grand Prix,31.0,OCO,19.031
Dutch Grand Prix,31.0,NOR,3.118
Dutch Grand Prix,31.0,COL,23.964
Dutch Grand Prix,31.0,BOR,24.398
Dutch Grand Prix,31.0,SAI,99.129
Dutch Grand Prix,31.0,HAD,5.812
Dutch Grand Prix,31.0,RUS,7.128
Dutch Grand Prix,31.0,PIA,0.0
Dutch Grand Prix,31.0,BEA,20.96
Dutch Grand Prix,32.0,VER,3.68
Dutch Grand Prix,32.0,GAS,17.905
Dutch Grand Prix,32.0,ANT,8.639
Dutch Grand Prix,32.0,ALO,17.368
Dutch Grand Prix,32.0,LEC,6.17
Dutch Grand Prix,32.0,STR,13.862
Dutch Grand Prix,32.0,TSU,16.916
Dutch Grand Prix,32.0,ALB,7.918
Dutch Grand Prix,32.0,HUL,22.877
Dutch Grand Prix,32.0,LAW,86.171
Dutch Grand Prix,32.0,OCO,15.713
Dutch Grand Prix,32.0,NOR,2.116
Dutch Grand Prix,32.0,COL,18.509
Dutch Grand Prix,32.0,BOR,19.77
Dutch Grand Prix,32.0,SAI,84.44
Dutch Grand Prix,32.0,HAD,4.798
Dutch Grand Prix,32.0,RUS,6.3
Dutch Grand Prix,32.0,PIA,0.0
Dutch Grand Prix,32.0,BEA,16.257
Dutch Grand Prix,33.0,VER,3.568
Dutch Grand Prix,33.0,GAS,19.017
Dutch Grand Prix,33.0,ANT,8.5
Dutch Grand Prix,33.0,ALO,18.246
Dutch Grand Prix,33.0,LEC,5.586
Dutch Grand Prix,33.0,STR,14.488
Dutch Grand Prix,33.0,TSU,17.382
Dutch Grand Prix,33.0,ALB,8.201
Dutch Grand Prix,33.0,HUL,23.336
Dutch Grand Prix,33.0,LAW,86.901
Dutch Grand Prix,33.0,OCO,16.206
Dutch Grand Prix,33.0,NOR,1.897
Dutch Grand Prix,33.0,COL,19.756
Dutch Grand Prix,33.0,BOR,21.075
Dutch Grand Prix,33.0,SAI,85.466
Dutch Grand Prix,33.0,HAD,4.878
Dutch Grand Prix,33.0,RUS,7.022
Dutch Grand Prix,33.0,PIA,0.0
Dutch Grand Prix,33.0,BEA,16.86
Dutch Grand Prix,34.0,VER,3.624
Dutch Grand Prix,34.0,GAS,20.083
Dutch Grand Prix,34.0,ANT,8.788
Dutch Grand Prix,34.0,ALO,19.304
Dutch Grand Prix,34.0,LEC,5.359
Dutch Grand Prix,34.0,STR,15.391
Dutch Grand Prix,34.0,TSU,18.513
Dutch Grand Prix,34.0,ALB,10.056
Dutch Grand Prix,34.0,HUL,24.807
Dutch Grand Prix,34.0,LAW,88.023
Dutch Grand Prix,34.0,OCO,17.219
Dutch Grand Prix,34.0,NOR,1.709
Dutch Grand Prix,34.0,COL,21.102
Dutch Grand Prix,34.0,BOR,22.46
Dutch Grand Prix,34.0,SAI,86.415
Dutch Grand Prix,34.0,HAD,4.8870000000000005
Dutch Grand Prix,34.0,RUS,7.218
Dutch Grand Prix,34.0,PIA,0.0
Dutch Grand Prix,34.0,BEA,17.873
Dutch Grand Prix,35.0,VER,3.674
Dutch Grand Prix,35.0,GAS,21.123
Dutch Grand Prix,35.0,ANT,9.088
Dutch Grand Prix,35.0,ALO,20.164
Dutch Grand Prix,35.0,LEC,5.367
Dutch Grand Prix,35.0,STR,16.387
Dutch Grand Prix,35.0,TSU,19.49
Dutch Grand Prix,35.0,ALB,11.057
Dutch Grand Prix,35.0,HUL,26.578
Dutch Grand Prix,35.0,LAW,88.894
Dutch Grand Prix,35.0,OCO,18.424
Dutch Grand Prix,35.0,NOR,1.492
Dutch Grand Prix,35.0,COL,22.036
Dutch Grand Prix,35.0,BOR,23.678
Dutch Grand Prix,35.0,SAI,87.24
Dutch Grand Prix,35.0,HAD,4.832
Dutch Grand Prix,35.0,RUS,7.426
Dutch Grand Prix,35.0,PIA,0.0
Dutch Grand Prix,35.0,BEA,18.865
Dutch Grand Prix,36.0,VER,4.05
Dutch Grand Prix,36.0,GAS,22.367
Dutch Grand Prix,36.0,ANT,9.739
Dutch Grand Prix,36.0,ALO,21.596
Dutch Grand Prix,36.0,LEC,5.721
Dutch Grand Prix,36.0,STR,17.802
Dutch Grand Prix,36.0,TSU,20.934
Dutch Grand Prix,36.0,ALB,11.973
Dutch Grand Prix,36.0,HUL,28.263
Dutch Grand Prix,36.0,LAW,90.174
Dutch Grand Prix,36.0,OCO,19.769
Dutch Grand Prix,36.0,NOR,1.782
Dutch Grand Prix,36.0,COL,23.186
Dutch Grand Prix,36.0,BOR,25.162
Dutch Grand Prix,36.0,SAI,88.234
Dutch Grand Prix,36.0,HAD,4.809
Dutch Grand Prix,36.0,RUS,8.29
Dutch Grand Prix,36.0,PIA,0.0
Dutch Grand Prix,36.0,BEA,20.357
Dutch Grand Prix,37.0,VER,3.9699999999999998
Dutch Grand Prix,37.0,GAS,23.602
Dutch Grand Prix,37.0,ANT,10.251
Dutch Grand Prix,37.0,ALO,23.015
Dutch Grand Prix,37.0,LEC,6.13
Dutch Grand Prix,37.0,STR,19.01
Dutch Grand Prix,37.0,TSU,22.368
Dutch Grand Prix,37.0,ALB,12.869
Dutch Grand Prix,37.0,HUL,29.061
Dutch Grand Prix,37.0,LAW,91.265
Dutch Grand Prix,37.0,OCO,20.801
Dutch Grand Prix,37.0,NOR,1.881
Dutch Grand Prix,37.0,COL,24.213
Dutch Grand Prix,37.0,BOR,26.399
Dutch Grand Prix,37.0,SAI,89.213
Dutch Grand Prix,37.0,HAD,5.0
Dutch Grand Prix,37.0,RUS,8.754
Dutch Grand Prix,37.0,PIA,0.0
Dutch Grand Prix,37.0,BEA,21.886
Dutch Grand Prix,38.0,VER,4.077
Dutch Grand Prix,38.0,GAS,25.133
Dutch Grand Prix,38.0,ANT,10.751
Dutch Grand Prix,38.0,ALO,24.445
Dutch Grand Prix,38.0,LEC,6.505
Dutch Grand Prix,38.0,STR,20.347
Dutch Grand Prix,38.0,TSU,23.723
Dutch Grand Prix,38.0,ALB,13.76
Dutch Grand Prix,38.0,HUL,29.951
Dutch Grand Prix,38.0,LAW,92.272
Dutch Grand Prix,38.0,OCO,22.222
Dutch Grand Prix,38.0,NOR,1.538
Dutch Grand Prix,38.0,COL,26.061
Dutch Grand Prix,38.0,BOR,27.791
Dutch Grand Prix,38.0,SAI,90.247
Dutch Grand Prix,38.0,HAD,5.503
Dutch Grand Prix,38.0,RUS,9.405
Dutch Grand Prix,38.0,PIA,0.0
Dutch Grand Prix,38.0,BEA,23.508
Dutch Grand Prix,39.0,VER,4.651
Dutch Grand Prix,39.0,GAS,27.274
Dutch Grand Prix,39.0,ANT,11.853
Dutch Grand Prix,39.0,ALO,26.46
Dutch Grand Prix,39.0,LEC,7.35
Dutch Grand Prix,39.0,STR,22.321
Dutch Grand Prix,39.0,TSU,26.068
Dutch Grand Prix,39.0,ALB,15.214
Dutch Grand Prix,39.0,HUL,31.346
Dutch Grand Prix,39.0,LAW,93.547
Dutch Grand Prix,39.0,OCO,24.201
Dutch Grand Prix,39.0,NOR,1.435
Dutch Grand Prix,39.0,COL,28.045
Dutch Grand Prix,39.0,BOR,29.578
Dutch Grand Prix,39.0,SAI,91.344
Dutch Grand Prix,39.0,HAD,6.251
Dutch Grand Prix,39.0,RUS,10.702
Dutch Grand Prix,39.0,PIA,0.0
Dutch Grand Prix,39.0,BEA,25.615
Dutch Grand Prix,40.0,VER,5.354
Dutch Grand Prix,40.0,GAS,29.537
Dutch Grand Prix,40.0,ANT,12.809
Dutch Grand Prix,40.0,ALO,31.445
Dutch Grand Prix,40.0,LEC,8.412
Dutch Grand Prix,40.0,STR,24.427
Dutch Grand Prix,40.0,TSU,28.351
Dutch Grand Prix,40.0,ALB,16.377
Dutch Grand Prix,40.0,HUL,32.821
Dutch Grand Prix,40.0,LAW,95.304
Dutch Grand Prix,40.0,OCO,27.04
Dutch Grand Prix,40.0,NOR,1.367
Dutch Grand Prix,40.0,COL,30.23
Dutch Grand Prix,40.0,BOR,31.114
Dutch Grand Prix,40.0,SAI,93.009
Dutch Grand Prix,40.0,HAD,6.865
Dutch Grand Prix,40.0,RUS,11.73
Dutch Grand Prix,40.0,PIA,0.0
Dutch Grand Prix,40.0,BEA,27.718
Dutch Grand Prix,41.0,VER,6.336
Dutch Grand Prix,41.0,GAS,31.557
Dutch Grand Prix,41.0,ANT,13.744
Dutch Grand Prix,41.0,ALO,46.74
Dutch Grand Prix,41.0,LEC,9.835
Dutch Grand Prix,41.0,STR,26.505
Dutch Grand Prix,41.0,TSU,30.858
Dutch Grand Prix,41.0,ALB,18.145
Dutch Grand Prix,41.0,HUL,34.413
Dutch Grand Prix,41.0,LAW,97.021
Dutch Grand Prix,41.0,OCO,29.467
Dutch Grand Prix,41.0,NOR,1.264
Dutch Grand Prix,41.0,COL,32.248
Dutch Grand Prix,41.0,BOR,33.443
Dutch Grand Prix,41.0,SAI,94.886
Dutch Grand Prix,41.0,HAD,7.799
Dutch Grand Prix,41.0,RUS,15.174
Dutch Grand Prix,41.0,PIA,0.0
Dutch Grand Prix,41.0,BEA,29.919
Dutch Grand Prix,42.0,VER,7.415
Dutch Grand Prix,42.0,GAS,34.016
Dutch Grand Prix,42.0,ANT,14.471
Dutch Grand Prix,42.0,ALO,46.494
Dutch Grand Prix,42.0,LEC,11.138
Dutch Grand Prix,42.0,STR,28.801
Dutch Grand Prix,42.0,TSU,33.408
Dutch Grand Prix,42.0,ALB,19.877
Dutch Grand Prix,42.0,HUL,35.783
Dutch Grand Prix,42.0,LAW,99.117
Dutch Grand Prix,42.0,OCO,31.97
Dutch Grand Prix,42.0,NOR,1.457
Dutch Grand Prix,42.0,COL,34.65
Dutch Grand Prix,42.0,BOR,35.336
Dutch Grand Prix,42.0,SAI,96.626
Dutch Grand Prix,42.0,HAD,8.925
Dutch Grand Prix,42.0,RUS,16.529
Dutch Grand Prix,42.0,PIA,0.0
Dutch Grand Prix,42.0,BEA,32.628
Dutch Grand Prix,43.0,VER,8.24
Dutch Grand Prix,43.0,GAS,36.433
Dutch Grand Prix,43.0,ANT,15.143
Dutch Grand Prix,43.0,ALO,46.636
Dutch Grand Prix,43.0,LEC,12.001
Dutch Grand Prix,43.0,STR,31.061
Dutch Grand Prix,43.0,TSU,35.694
Dutch Grand Prix,43.0,ALB,21.36
Dutch Grand Prix,43.0,HUL,40.218
Dutch Grand Prix,43.0,LAW,100.8
Dutch Grand Prix,43.0,OCO,34.082
Dutch Grand Prix,43.0,NOR,1.508
Dutch Grand Prix,43.0,COL,37.008
Dutch Grand Prix,43.0,BOR,37.831
Dutch Grand Prix,43.0,SAI,98.202
Dutch Grand Prix,43.0,HAD,9.869
Dutch Grand Prix,43.0,RUS,18.193
Dutch Grand Prix,43.0,PIA,0.0
Dutch Grand Prix,43.0,BEA,35.102
Dutch Grand Prix,44.0,VER,8.89
Dutch Grand Prix,44.0,GAS,38.587
Dutch Grand Prix,44.0,ANT,15.949
Dutch Grand Prix,44.0,ALO,46.718
Dutch Grand Prix,44.0,LEC,12.884
Dutch Grand Prix,44.0,STR,33.336
Dutch Grand Prix,44.0,TSU,37.944
Dutch Grand Prix,44.0,ALB,22.903
Dutch Grand Prix,44.0,HUL,42.709
Dutch Grand Prix,44.0,LAW,102.419
Dutch Grand Prix,44.0,OCO,36.607
Dutch Grand Prix,44.0,NOR,1.2570000000000001
Dutch Grand Prix,44.0,COL,39.334
Dutch Grand Prix,44.0,BOR,40.202
Dutch Grand Prix,44.0,SAI,99.902
Dutch Grand Prix,44.0,HAD,10.747
Dutch Grand Prix,44.0,RUS,19.649
Dutch Grand Prix,44.0,PIA,0.0
Dutch Grand Prix,44.0,BEA,37.158
Dutch Grand Prix,45.0,VER,9.613
Dutch Grand Prix,45.0,GAS,41.027
Dutch Grand Prix,45.0,ANT,16.824
Dutch Grand Prix,45.0,ALO,47.19
Dutch Grand Prix,45.0,LEC,13.839
Dutch Grand Prix,45.0,STR,35.713
Dutch Grand Prix,45.0,TSU,40.172
Dutch Grand Prix,45.0,ALB,24.519
Dutch Grand Prix,45.0,HUL,44.973
Dutch Grand Prix,45.0,LAW,104.124
Dutch Grand Prix,45.0,OCO,38.913
Dutch Grand Prix,45.0,NOR,1.23
Dutch Grand Prix,45.0,COL,41.828
Dutch Grand Prix,45.0,BOR,43.071
Dutch Grand Prix,45.0,SAI,101.531
Dutch Grand Prix,45.0,HAD,11.56
Dutch Grand Prix,45.0,RUS,21.446
Dutch Grand Prix,45.0,PIA,0.0
Dutch Grand Prix,45.0,BEA,39.491
Dutch Grand Prix,46.0,VER,10.206
Dutch Grand Prix,46.0,GAS,43.23
Dutch Grand Prix,46.0,ANT,17.561
Dutch Grand Prix,46.0,ALO,47.955
Dutch Grand Prix,46.0,LEC,14.754
Dutch Grand Prix,46.0,STR,38.053
Dutch Grand Prix,46.0,TSU,42.668
Dutch Grand Prix,46.0,ALB,25.974
Dutch Grand Prix,46.0,HUL,46.409
Dutch Grand Prix,46.0,LAW,105.859
Dutch Grand Prix,46.0,OCO,41.074
Dutch Grand Prix,46.0,NOR,1.232
Dutch Grand Prix,46.0,COL,44.103
Dutch Grand Prix,46.0,BOR,45.545
Dutch Grand Prix,46.0,SAI,103.307
Dutch Grand Prix,46.0,HAD,12.344
Dutch Grand Prix,46.0,RUS,22.867
Dutch Grand Prix,46.0,PIA,0.0
Dutch Grand Prix,46.0,BEA,41.814
Dutch Grand Prix,47.0,VER,10.778
Dutch Grand Prix,47.0,GAS,45.419
Dutch Grand Prix,47.0,ANT,18.21
Dutch Grand Prix,47.0,ALO,48.397
Dutch Grand Prix,47.0,LEC,15.465
Dutch Grand Prix,47.0,STR,40.472
Dutch Grand Prix,47.0,TSU,44.852
Dutch Grand Prix,47.0,ALB,27.18
Dutch Grand Prix,47.0,HUL,47.506
Dutch Grand Prix,47.0,LAW,107.786
Dutch Grand Prix,47.0,OCO,43.24
Dutch Grand Prix,47.0,NOR,1.314
Dutch Grand Prix,47.0,COL,46.634
Dutch Grand Prix,47.0,BOR,47.243
Dutch Grand Prix,47.0,SAI,105.008
Dutch Grand Prix,47.0,HAD,12.949
Dutch Grand Prix,47.0,RUS,24.09
Dutch Grand Prix,47.0,PIA,0.0
Dutch Grand Prix,47.0,BEA,43.941
Dutch Grand Prix,48.0,VER,11.147
Dutch Grand Prix,48.0,GAS,47.519
Dutch Grand Prix,48.0,ANT,18.574
Dutch Grand Prix,48.0,ALO,49.977
Dutch Grand Prix,48.0,LEC,16.178
Dutch Grand Prix,48.0,STR,42.69
Dutch Grand Prix,48.0,TSU,46.845
Dutch Grand Prix,48.0,ALB,28.258
Dutch Grand Prix,48.0,HUL,49.55
Dutch Grand Prix,48.0,LAW,109.154
Dutch Grand Prix,48.0,OCO,45.216
Dutch Grand Prix,48.0,NOR,1.604
Dutch Grand Prix,48.0,COL,48.242
Dutch Grand Prix,48.0,BOR,49.102
Dutch Grand Prix,48.0,SAI,106.729
Dutch Grand Prix,48.0,HAD,13.566
Dutch Grand Prix,48.0,RUS,25.221
Dutch Grand Prix,48.0,PIA,0.0
Dutch Grand Prix,48.0,BEA,45.915
Dutch Grand Prix,49.0,VER,11.249
Dutch Grand Prix,49.0,GAS,49.26
Dutch Grand Prix,49.0,ANT,18.857
Dutch Grand Prix,49.0,ALO,51.364
Dutch Grand Prix,49.0,LEC,16.77
Dutch Grand Prix,49.0,STR,44.614
Dutch Grand Prix,49.0,TSU,48.52
Dutch Grand Prix,49.0,ALB,29.309
Dutch Grand Prix,49.0,HUL,51.0
Dutch Grand Prix,49.0,LAW,110.275
Dutch Grand Prix,49.0,OCO,47.294
Dutch Grand Prix,49.0,NOR,1.579
Dutch Grand Prix,49.0,COL,50.07
Dutch Grand Prix,49.0,BOR,50.637
Dutch Grand Prix,49.0,SAI,107.976
Dutch Grand Prix,49.0,HAD,13.919
Dutch Grand Prix,49.0,RUS,26.017
Dutch Grand Prix,49.0,PIA,0.0
Dutch Grand Prix,49.0,BEA,47.779
Dutch Grand Prix,50.0,VER,11.567
Dutch Grand Prix,50.0,GAS,51.285
Dutch Grand Prix,50.0,ANT,19.189
Dutch Grand Prix,50.0,ALO,53.053
Dutch Grand Prix,50.0,LEC,17.014
Dutch Grand Prix,50.0,STR,46.885
Dutch Grand Prix,50.0,TSU,50.618
Dutch Grand Prix,50.0,ALB,30.06
Dutch Grand Prix,50.0,HUL,53.526
Dutch Grand Prix,50.0,LAW,111.442
Dutch Grand Prix,50.0,OCO,49.332
Dutch Grand Prix,50.0,NOR,1.558
Dutch Grand Prix,50.0,COL,51.833
Dutch Grand Prix,50.0,BOR,52.392
Dutch Grand Prix,50.0,SAI,109.398
Dutch Grand Prix,50.0,HAD,14.038
Dutch Grand Prix,50.0,RUS,27.003
Dutch Grand Prix,50.0,PIA,0.0
Dutch Grand Prix,50.0,BEA,49.941
Dutch Grand Prix,51.0,VER,11.847
Dutch Grand Prix,51.0,GAS,53.521
Dutch Grand Prix,51.0,ANT,21.741
Dutch Grand Prix,51.0,ALO,54.607
Dutch Grand Prix,51.0,LEC,17.489
Dutch Grand Prix,51.0,STR,49.202
Dutch Grand Prix,51.0,TSU,52.839
Dutch Grand Prix,51.0,ALB,30.948
Dutch Grand Prix,51.0,HUL,55.351
Dutch Grand Prix,51.0,LAW,114.129
Dutch Grand Prix,51.0,OCO,51.351
Dutch Grand Prix,51.0,NOR,1.295
Dutch Grand Prix,51.0,COL,54.047
Dutch Grand Prix,51.0,BOR,55.007
Dutch Grand Prix,51.0,SAI,114.989
Dutch Grand Prix,51.0,HAD,14.479
Dutch Grand Prix,51.0,RUS,28.286
Dutch Grand Prix,51.0,PIA,0.0
Dutch Grand Prix,51.0,BEA,52.1
Dutch Grand Prix,52.0,VER,12.622
Dutch Grand Prix,52.0,GAS,56.346
Dutch Grand Prix,52.0,ANT,36.651
Dutch Grand Prix,52.0,ALO,56.984
Dutch Grand Prix,52.0,LEC,20.991
Dutch Grand Prix,52.0,STR,54.747
Dutch Grand Prix,52.0,TSU,55.549
Dutch Grand Prix,52.0,ALB,32.175
Dutch Grand Prix,52.0,HUL,57.978
Dutch Grand Prix,52.0,LAW,142.627
Dutch Grand Prix,52.0,OCO,56.875
Dutch Grand Prix,52.0,NOR,1.343
Dutch Grand Prix,52.0,COL,57.467
Dutch Grand Prix,52.0,BOR,58.743
Dutch Grand Prix,52.0,SAI,170.891
Dutch Grand Prix,52.0,HAD,15.395
Dutch Grand Prix,52.0,RUS,29.703
Dutch Grand Prix,52.0,PIA,0.0
Dutch Grand Prix,52.0,BEA,54.736
Dutch Grand Prix,53.0,VER,17.19
Dutch Grand Prix,53.0,GAS,76.064
Dutch Grand Prix,53.0,ANT,59.007
Dutch Grand Prix,53.0,ALO,76.772
Dutch Grand Prix,53.0,STR,89.19
Dutch Grand Prix,53.0,TSU,76.449
Dutch Grand Prix,53.0,ALB,43.999
Dutch Grand Prix,53.0,HUL,86.585
Dutch Grand Prix,53.0,LAW,176.94
Dutch Grand Prix,53.0,OCO,92.666
Dutch Grand Prix,53.0,NOR,4.447
Dutch Grand Prix,53.0,COL,86.083
Dutch Grand Prix,53.0,BOR,85.661
Dutch Grand Prix,53.0,SAI,193.202
Dutch Grand Prix,53.0,HAD,21.314
Dutch Grand Prix,53.0,RUS,40.44
Dutch Grand Prix,53.0,PIA,0.0
Dutch Grand Prix,53.0,BEA,75.435
Dutch Grand Prix,54.0,VER,4.74
Dutch Grand Prix,54.0,GAS,48.436
Dutch Grand Prix,54.0,ANT,46.433
Dutch Grand Prix,54.0,ALO,49.243
Dutch Grand Prix,54.0,STR,63.298
Dutch Grand Prix,54.0,TSU,70.37
Dutch Grand Prix,54.0,ALB,29.607
Dutch Grand Prix,54.0,HUL,73.835
Dutch Grand Prix,54.0,LAW,135.382
Dutch Grand Prix,54.0,OCO,70.59
Dutch Grand Prix,54.0,NOR,2.248
Dutch Grand Prix,54.0,COL,71.569
Dutch Grand Prix,54.0,BOR,51.326
Dutch Grand Prix,54.0,SAI,148.702
Dutch Grand Prix,54.0,HAD,9.632
Dutch Grand Prix,54.0,RUS,26.546
Dutch Grand Prix,54.0,PIA,0.0
Dutch Grand Prix,54.0,BEA,61.921
Dutch Grand Prix,55.0,VER,2.934
Dutch Grand Prix,55.0,GAS,14.742
Dutch Grand Prix,55.0,ANT,8.498
Dutch Grand Prix,55.0,ALO,16.467
Dutch Grand Prix,55.0,STR,22.896
Dutch Grand Prix,55.0,TSU,25.844
Dutch Grand Prix,55.0,ALB,5.952
Dutch Grand Prix,55.0,HUL,33.96
Dutch Grand Prix,55.0,LAW,121.071
Dutch Grand Prix,55.0,OCO,28.132
Dutch Grand Prix,55.0,NOR,1.798
Dutch Grand Prix,55.0,COL,31.597
Dutch Grand Prix,55.0,BOR,19.61
Dutch Grand Prix,55.0,SAI,121.639
Dutch Grand Prix,55.0,HAD,4.194
Dutch Grand Prix,55.0,RUS,5.185
Dutch Grand Prix,55.0,PIA,0.0
Dutch Grand Prix,55.0,BEA,20.241
Dutch Grand Prix,56.0,VER,3.549
Dutch Grand Prix,56.0,GAS,9.765
Dutch Grand Prix,56.0,ANT,8.58
Dutch Grand Prix,56.0,ALO,11.219
Dutch Grand Prix,56.0,STR,14.49
Dutch Grand Prix,56.0,TSU,15.432
Dutch Grand Prix,56.0,ALB,7.39
Dutch Grand Prix,56.0,HUL,18.643
Dutch Grand Prix,56.0,LAW,73.896
Dutch Grand Prix,56.0,OCO,16.282
Dutch Grand Prix,56.0,NOR,2.096
Dutch Grand Prix,56.0,COL,17.298
Dutch Grand Prix,56.0,BOR,11.803
Dutch Grand Prix,56.0,SAI,75.228
Dutch Grand Prix,56.0,HAD,4.881
Dutch Grand Prix,56.0,RUS,6.171
Dutch Grand Prix,56.0,PIA,0.0
Dutch Grand Prix,56.0,BEA,12.958
Dutch Grand Prix,57.0,VER,0.593
Dutch Grand Prix,57.0,GAS,3.093
Dutch Grand Prix,57.0,ANT,2.237
Dutch Grand Prix,57.0,ALO,3.319
Dutch Grand Prix,57.0,STR,4.564
Dutch Grand Prix,57.0,TSU,4.966
Dutch Grand Prix,57.0,ALB,1.831
Dutch Grand Prix,57.0,HUL,6.107
Dutch Grand Prix,57.0,LAW,31.197
Dutch Grand Prix,57.0,OCO,5.265
Dutch Grand Prix,57.0,NOR,0.346
Dutch Grand Prix,57.0,COL,5.6690000000000005
Dutch Grand Prix,57.0,BOR,4.005
Dutch Grand Prix,57.0,SAI,32.311
Dutch Grand Prix,57.0,HAD,1.2429999999999999
Dutch Grand Prix,57.0,RUS,1.6480000000000001
Dutch Grand Prix,57.0,PIA,0.0
Dutch Grand Prix,57.0,BEA,4.083
Dutch Grand Prix,58.0,VER,1.99
Dutch Grand Prix,58.0,GAS,6.7059999999999995
Dutch Grand Prix,58.0,ANT,4.771
Dutch Grand Prix,58.0,ALO,7.092
Dutch Grand Prix,58.0,STR,7.878
Dutch Grand Prix,58.0,TSU,8.908
Dutch Grand Prix,58.0,ALB,4.119
Dutch Grand Prix,58.0,HUL,9.938
Dutch Grand Prix,58.0,LAW,32.168
Dutch Grand Prix,58.0,OCO,9.375
Dutch Grand Prix,58.0,NOR,1.219
Dutch Grand Prix,58.0,COL,9.672
Dutch Grand Prix,58.0,BOR,8.537
Dutch Grand Prix,58.0,SAI,33.0
Dutch Grand Prix,58.0,HAD,2.833
Dutch Grand Prix,58.0,RUS,3.558
Dutch Grand Prix,58.0,PIA,0.0
Dutch Grand Prix,58.0,BEA,7.454
Dutch Grand Prix,59.0,VER,2.59
Dutch Grand Prix,59.0,GAS,9.015
Dutch Grand Prix,59.0,ANT,6.053
Dutch Grand Prix,59.0,ALO,9.349
Dutch Grand Prix,59.0,STR,10.181
Dutch Grand Prix,59.0,TSU,12.016
Dutch Grand Prix,59.0,ALB,5.175
Dutch Grand Prix,59.0,HUL,13.415
Dutch Grand Prix,59.0,LAW,33.232
Dutch Grand Prix,59.0,OCO,12.736
Dutch Grand Prix,59.0,NOR,0.659
Dutch Grand Prix,59.0,COL,13.116
Dutch Grand Prix,59.0,BOR,12.577
Dutch Grand Prix,59.0,SAI,33.946
Dutch Grand Prix,59.0,HAD,3.66
Dutch Grand Prix,59.0,RUS,4.681
Dutch Grand Prix,59.0,PIA,0.0
Dutch Grand Prix,59.0,BEA,9.704
Dutch Grand Prix,60.0,VER,3.7640000000000002
Dutch Grand Prix,60.0,GAS,12.147
Dutch Grand Prix,60.0,ANT,7.554
Dutch Grand Prix,60.0,ALO,13.026
Dutch Grand Prix,60.0,STR,13.151
Dutch Grand Prix,60.0,TSU,14.583
Dutch Grand Prix,60.0,ALB,6.816
Dutch Grand Prix,60.0,HUL,16.305
Dutch Grand Prix,60.0,LAW,34.84
Dutch Grand Prix,60.0,OCO,15.079
Dutch Grand Prix,60.0,NOR,1.306
Dutch Grand Prix,60.0,COL,15.605
Dutch Grand Prix,60.0,BOR,21.366
Dutch Grand Prix,60.0,SAI,35.842
Dutch Grand Prix,60.0,HAD,5.008
Dutch Grand Prix,60.0,RUS,6.314
Dutch Grand Prix,60.0,PIA,0.0
Dutch Grand Prix,60.0,BEA,12.464
Dutch Grand Prix,61.0,VER,4.48
Dutch Grand Prix,61.0,GAS,15.144
Dutch Grand Prix,61.0,ANT,8.796
Dutch Grand Prix,61.0,ALO,15.95
Dutch Grand Prix,61.0,STR,16.235
Dutch Grand Prix,61.0,TSU,17.256
Dutch Grand Prix,61.0,ALB,8.108
Dutch Grand Prix,61.0,HUL,18.496
Dutch Grand Prix,61.0,LAW,36.206
Dutch Grand Prix,61.0,OCO,17.595
Dutch Grand Prix,61.0,NOR,1.4929999999999999
Dutch Grand Prix,61.0,COL,18.06
Dutch Grand Prix,61.0,BOR,39.495
Dutch Grand Prix,61.0,SAI,37.481
Dutch Grand Prix,61.0,HAD,5.711
Dutch Grand Prix,61.0,RUS,7.57
Dutch Grand Prix,61.0,PIA,0.0
Dutch Grand Prix,61.0,BEA,15.372
Dutch Grand Prix,62.0,VER,5.103
Dutch Grand Prix,62.0,GAS,18.471
Dutch Grand Prix,62.0,ANT,10.129
Dutch Grand Prix,62.0,ALO,19.641
Dutch Grand Prix,62.0,STR,18.936
Dutch Grand Prix,62.0,TSU,20.238
Dutch Grand Prix,62.0,ALB,9.438
Dutch Grand Prix,62.0,HUL,21.783
Dutch Grand Prix,62.0,LAW,38.041
Dutch Grand Prix,62.0,OCO,20.887
Dutch Grand Prix,62.0,NOR,1.634
Dutch Grand Prix,62.0,COL,21.364
Dutch Grand Prix,62.0,BOR,41.334
Dutch Grand Prix,62.0,SAI,39.488
Dutch Grand Prix,62.0,HAD,6.514
Dutch Grand Prix,62.0,RUS,8.894
Dutch Grand Prix,62.0,PIA,0.0
Dutch Grand Prix,62.0,BEA,18.521
Dutch Grand Prix,63.0,VER,5.57
Dutch Grand Prix,63.0,GAS,22.116
Dutch Grand Prix,63.0,ANT,11.57
Dutch Grand Prix,63.0,ALO,22.75
Dutch Grand Prix,63.0,STR,22.109
Dutch Grand Prix,63.0,TSU,23.177
Dutch Grand Prix,63.0,ALB,10.428
Dutch Grand Prix,63.0,HUL,24.591
Dutch Grand Prix,63.0,LAW,39.338
Dutch Grand Prix,63.0,OCO,23.716
Dutch Grand Prix,63.0,NOR,1.634
Dutch Grand Prix,63.0,COL,24.171
Dutch Grand Prix,63.0,BOR,42.86
Dutch Grand Prix,63.0,SAI,41.482
Dutch Grand Prix,63.0,HAD,7.4879999999999995
Dutch Grand Prix,63.0,RUS,9.843
Dutch Grand Prix,63.0,PIA,0.0
Dutch Grand Prix,63.0,BEA,20.213
Dutch Grand Prix,64.0,VER,6.2
Dutch Grand Prix,64.0,GAS,25.798000000000002
Dutch Grand Prix,64.0,ANT,12.411
Dutch Grand Prix,64.0,ALO,25.865
Dutch Grand Prix,64.0,STR,23.55
Dutch Grand Prix,64.0,TSU,26.338
Dutch Grand Prix,64.0,ALB,11.597
Dutch Grand Prix,64.0,HUL,27.672
Dutch Grand Prix,64.0,LAW,40.713
Dutch Grand Prix,64.0,OCO,26.742
Dutch Grand Prix,64.0,NOR,1.7309999999999999
Dutch Grand Prix,64.0,COL,27.254
Dutch Grand Prix,64.0,BOR,45.142
Dutch Grand Prix,64.0,SAI,43.633
Dutch Grand Prix,64.0,HAD,8.519
Dutch Grand Prix,64.0,RUS,10.966
Dutch Grand Prix,64.0,PIA,0.0
Dutch Grand Prix,64.0,BEA,21.63
Dutch Grand Prix,65.0,VER,10.659
Dutch Grand Prix,65.0,GAS,39.208
Dutch Grand Prix,65.0,ANT,20.144
Dutch Grand Prix,65.0,ALO,37.942
Dutch Grand Prix,65.0,STR,35.862
Dutch Grand Prix,65.0,TSU,40.559
Dutch Grand Prix,65.0,ALB,18.126
Dutch Grand Prix,65.0,HUL,42.93
Dutch Grand Prix,65.0,LAW,57.441
Dutch Grand Prix,65.0,OCO,41.378
Dutch Grand Prix,65.0,NOR,70.949
Dutch Grand Prix,65.0,COL,43.347
Dutch Grand Prix,65.0,BOR,63.424
Dutch Grand Prix,65.0,SAI,62.586
Dutch Grand Prix,65.0,HAD,12.467
Dutch Grand Prix,65.0,RUS,16.472
Dutch Grand Prix,65.0,PIA,0.0
Dutch Grand Prix,65.0,BEA,34.144
Dutch Grand Prix,66.0,VER,1.8599999999999999
Dutch Grand Prix,66.0,GAS,18.588
Dutch Grand Prix,66.0,ANT,6.129
Dutch Grand Prix,66.0,ALO,17.583
Dutch Grand Prix,66.0,STR,13.875
Dutch Grand Prix,66.0,TSU,19.871
Dutch Grand Prix,66.0,ALB,4.885
Dutch Grand Prix,66.0,HUL,21.694
Dutch Grand Prix,66.0,LAW,36.323
Dutch Grand Prix,66.0,OCO,20.439
Dutch Grand Prix,66.0,COL,32.697
Dutch Grand Prix,66.0,BOR,43.253
Dutch Grand Prix,66.0,SAI,56.174
Dutch Grand Prix,66.0,HAD,3.368
Dutch Grand Prix,66.0,RUS,4.111
Dutch Grand Prix,66.0,PIA,0.0
Dutch Grand Prix,66.0,BEA,10.943999999999999
Dutch Grand Prix,67.0,VER,1.182
Dutch Grand Prix,67.0,GAS,11.901
Dutch Grand Prix,67.0,ANT,4.892
Dutch Grand Prix,67.0,ALO,11.098
Dutch Grand Prix,67.0,STR,7.88
Dutch Grand Prix,67.0,TSU,13.133
Dutch Grand Prix,67.0,ALB,3.805
Dutch Grand Prix,67.0,HUL,15.559
Dutch Grand Prix,67.0,LAW,17.769
Dutch Grand Prix,67.0,OCO,14.162
Dutch Grand Prix,67.0,COL,16.175
Dutch Grand Prix,67.0,BOR,18.73
Dutch Grand Prix,67.0,SAI,21.187
Dutch Grand Prix,67.0,HAD,2.299
Dutch Grand Prix,67.0,RUS,2.903
Dutch Grand Prix,67.0,PIA,0.0
Dutch Grand Prix,67.0,BEA,6.211
Dutch Grand Prix,68.0,VER,0.373
Dutch Grand Prix,68.0,GAS,3.9539999999999997
Dutch Grand Prix,68.0,ANT,1.9
Dutch Grand Prix,68.0,ALO,3.112
Dutch Grand Prix,68.0,STR,2.719
Dutch Grand Prix,68.0,TSU,4.253
Dutch Grand Prix,68.0,ALB,1.533
Dutch Grand Prix,68.0,HUL,4.694
Dutch Grand Prix,68.0,LAW,5.451
Dutch Grand Prix,68.0,OCO,4.6690000000000005
Dutch Grand Prix,68.0,COL,5.163
Dutch Grand Prix,68.0,BOR,5.821
Dutch Grand Prix,68.0,SAI,6.019
Dutch Grand Prix,68.0,HAD,0.84
Dutch Grand Prix,68.0,RUS,1.079
Dutch Grand Prix,68.0,PIA,0.0
Dutch Grand Prix,68.0,BEA,2.269
Dutch Grand Prix,69.0,VER,0.969
Dutch Grand Prix,69.0,GAS,8.847
Dutch Grand Prix,69.0,ANT,4.155
Dutch Grand Prix,69.0,ALO,6.6899999999999995
Dutch Grand Prix,69.0,STR,5.752
Dutch Grand Prix,69.0,TSU,8.323
Dutch Grand Prix,69.0,ALB,3.509
Dutch Grand Prix,69.0,HUL,10.333
Dutch Grand Prix,69.0,LAW,9.729
Dutch Grand Prix,69.0,OCO,9.13
Dutch Grand Prix,69.0,COL,9.189
Dutch Grand Prix,69.0,BOR,10.494
Dutch Grand Prix,69.0,SAI,10.736
Dutch Grand Prix,69.0,HAD,2.027
Dutch Grand Prix,69.0,RUS,2.767
Dutch Grand Prix,69.0,PIA,0.0
Dutch Grand Prix,69.0,BEA,5.285
Dutch Grand Prix,70.0,VER,1.466
Dutch Grand Prix,70.0,GAS,14.171
Dutch Grand Prix,70.0,ANT,5.211
Dutch Grand Prix,70.0,ALO,8.617
Dutch Grand Prix,70.0,STR,7.15
Dutch Grand Prix,70.0,TSU,10.746
Dutch Grand Prix,70.0,ALB,4.772
Dutch Grand Prix,70.0,HUL,14.716
Dutch Grand Prix,70.0,LAW,14.328
Dutch Grand Prix,70.0,OCO,11.537
Dutch Grand Prix,70.0,COL,14.199
Dutch Grand Prix,70.0,BOR,15.361
Dutch Grand Prix,70.0,SAI,14.863
Dutch Grand Prix,70.0,HAD,2.93
Dutch Grand Prix,70.0,RUS,4.071
Dutch Grand Prix,70.0,PIA,0.0
Dutch Grand Prix,70.0,BEA,6.811
Dutch Grand Prix,71.0,VER,1.5939999999999999
Dutch Grand Prix,71.0,GAS,19.85
Dutch Grand Prix,71.0,ANT,6.26
Dutch Grand Prix,71.0,ALO,10.642
Dutch Grand Prix,71.0,STR,8.413
Dutch Grand Prix,71.0,TSU,12.209
Dutch Grand Prix,71.0,ALB,5.805
Dutch Grand Prix,71.0,HUL,18.451
Dutch Grand Prix,71.0,LAW,16.523
Dutch Grand Prix,71.0,OCO,12.632
Dutch Grand Prix,71.0,COL,15.162
Dutch Grand Prix,71.0,BOR,19.863
Dutch Grand Prix,71.0,SAI,17.235
Dutch Grand Prix,71.0,HAD,3.386
Dutch Grand Prix,71.0,RUS,5.18
Dutch Grand Prix,71.0,PIA,0.0
Dutch Grand Prix,71.0,BEA,8.042
Dutch Grand Prix,72.0,VER,1.271
Dutch Grand Prix,72.0,GAS,23.629
Dutch Grand Prix,72.0,ANT,7.029
Dutch Grand Prix,72.0,ALO,11.709
Dutch Grand Prix,72.0,STR,9.497
Dutch Grand Prix,72.0,TSU,13.597
Dutch Grand Prix,72.0,ALB,6.327
Dutch Grand Prix,72.0,HUL,19.725
Dutch Grand Prix,72.0,LAW,17.063
Dutch Grand Prix,72.0,OCO,14.063
Dutch Grand Prix,72.0,COL,14.511
Dutch Grand Prix,72.0,BOR,21.565
Dutch Grand Prix,72.0,SAI,17.376
Dutch Grand Prix,72.0,HAD,3.233
Dutch Grand Prix,72.0,RUS,5.654
Dutch Grand Prix,72.0,PIA,0.0
Dutch Grand Prix,72.0,BEA,9.044
Italian Grand Prix,1.0,VER,0.0
Italian Grand Prix,1.0,NOR,0.271
Italian Grand Prix,1.0,PIA,0.833
Italian Grand Prix,1.0,LEC,1.121
Italian Grand Prix,1.0,RUS,1.748
Italian Grand Prix,1.0,HAM,3.331
Italian Grand Prix,1.0,ALB,5.692
Italian Grand Prix,1.0,BOR,2.99
Italian Grand Prix,1.0,ANT,4.527
Italian Grand Prix,1.0,HAD,7.719
Italian Grand Prix,1.0,SAI,5.265
Italian Grand Prix,1.0,BEA,4.755
Italian Grand Prix,1.0,TSU,4.119
Italian Grand Prix,1.0,LAW,6.395
Italian Grand Prix,1.0,OCO,6.025
Italian Grand Prix,1.0,GAS,8.517
Italian Grand Prix,1.0,COL,7.163
Italian Grand Prix,1.0,STR,6.777
Italian Grand Prix,1.0,ALO,2.4859999999999998
Italian Grand Prix,2.0,VER,0.699
Italian Grand Prix,2.0,NOR,0.0
Italian Grand Prix,2.0,PIA,2.432
Italian Grand Prix,2.0,LEC,2.1390000000000002
Italian Grand Prix,2.0,RUS,2.8970000000000002
Italian Grand Prix,2.0,HAM,4.673
Italian Grand Prix,2.0,ALB,7.294
Italian Grand Prix,2.0,BOR,3.653
Italian Grand Prix,2.0,ANT,5.82
Italian Grand Prix,2.0,HAD,10.291
Italian Grand Prix,2.0,SAI,6.733
Italian Grand Prix,2.0,BEA,6.266
Italian Grand Prix,2.0,TSU,5.308
Italian Grand Prix,2.0,LAW,8.486
Italian Grand Prix,2.0,OCO,7.7620000000000005
Italian Grand Prix,2.0,GAS,10.92
Italian Grand Prix,2.0,COL,9.778
Italian Grand Prix,2.0,STR,9.123
Italian Grand Prix,2.0,ALO,4.252
Italian Grand Prix,3.0,VER,0.537
Italian Grand Prix,3.0,NOR,0.0
Italian Grand Prix,3.0,PIA,3.875
Italian Grand Prix,3.0,LEC,3.43
Italian Grand Prix,3.0,RUS,4.569
Italian Grand Prix,3.0,HAM,6.485
Italian Grand Prix,3.0,ALB,8.858
Italian Grand Prix,3.0,BOR,5.333
Italian Grand Prix,3.0,ANT,7.607
Italian Grand Prix,3.0,HAD,12.084
Italian Grand Prix,3.0,SAI,8.473
Italian Grand Prix,3.0,BEA,8.012
Italian Grand Prix,3.0,TSU,7.16
Italian Grand Prix,3.0,LAW,9.754
Italian Grand Prix,3.0,OCO,9.243
Italian Grand Prix,3.0,GAS,12.752
Italian Grand Prix,3.0,COL,11.45
Italian Grand Prix,3.0,STR,10.513
Italian Grand Prix,3.0,ALO,5.981
Italian Grand Prix,4.0,VER,0.0
Italian Grand Prix,4.0,NOR,1.02
Italian Grand Prix,4.0,PIA,4.643
Italian Grand Prix,4.0,LEC,4.156
Italian Grand Prix,4.0,RUS,5.283
Italian Grand Prix,4.0,HAM,7.43
Italian Grand Prix,4.0,ALB,10.486
Italian Grand Prix,4.0,BOR,6.2780000000000005
Italian Grand Prix,4.0,ANT,8.649000000000001
Italian Grand Prix,4.0,HAD,13.503
Italian Grand Prix,4.0,SAI,9.878
Italian Grand Prix,4.0,BEA,9.098
Italian Grand Prix,4.0,TSU,8.232
Italian Grand Prix,4.0,LAW,11.359
Italian Grand Prix,4.0,OCO,10.879
Italian Grand Prix,4.0,GAS,14.273
Italian Grand Prix,4.0,COL,12.691
Italian Grand Prix,4.0,STR,11.923
Italian Grand Prix,4.0,ALO,7.043
Italian Grand Prix,5.0,VER,0.0
Italian Grand Prix,5.0,NOR,1.67
Italian Grand Prix,5.0,PIA,5.413
Italian Grand Prix,5.0,LEC,5.009
Italian Grand Prix,5.0,RUS,6.039
Italian Grand Prix,5.0,HAM,7.784
Italian Grand Prix,5.0,ALB,11.496
Italian Grand Prix,5.0,BOR,7.019
Italian Grand Prix,5.0,ANT,9.711
Italian Grand Prix,5.0,HAD,14.802
Italian Grand Prix,5.0,SAI,11.017
Italian Grand Prix,5.0,BEA,10.339
Italian Grand Prix,5.0,TSU,9.238
Italian Grand Prix,5.0,LAW,12.599
Italian Grand Prix,5.0,OCO,11.975999999999999
Italian Grand Prix,5.0,GAS,16.676
Italian Grand Prix,5.0,COL,14.048
Italian Grand Prix,5.0,STR,13.25
Italian Grand Prix,5.0,ALO,8.584
Italian Grand Prix,6.0,VER,0.0
Italian Grand Prix,6.0,NOR,1.9809999999999999
Italian Grand Prix,6.0,PIA,5.516
Italian Grand Prix,6.0,LEC,6.291
Italian Grand Prix,6.0,RUS,6.92
Italian Grand Prix,6.0,HAM,8.383
Italian Grand Prix,6.0,ALB,12.663
Italian Grand Prix,6.0,BOR,8.045
Italian Grand Prix,6.0,ANT,11.215
Italian Grand Prix,6.0,HAD,16.15
Italian Grand Prix,6.0,SAI,12.145
Italian Grand Prix,6.0,BEA,11.508
Italian Grand Prix,6.0,TSU,10.559
Italian Grand Prix,6.0,LAW,13.679
Italian Grand Prix,6.0,OCO,13.05
Italian Grand Prix,6.0,GAS,18.087
Italian Grand Prix,6.0,COL,15.416
Italian Grand Prix,6.0,STR,14.487
Italian Grand Prix,6.0,ALO,9.204
Italian Grand Prix,7.0,VER,0.0
Italian Grand Prix,7.0,NOR,2.209
Italian Grand Prix,7.0,PIA,5.944
Italian Grand Prix,7.0,LEC,6.955
Italian Grand Prix,7.0,RUS,7.55
Italian Grand Prix,7.0,HAM,9.13
Italian Grand Prix,7.0,ALB,14.089
Italian Grand Prix,7.0,BOR,9.776
Italian Grand Prix,7.0,ANT,12.406
Italian Grand Prix,7.0,HAD,17.446
Italian Grand Prix,7.0,SAI,13.511
Italian Grand Prix,7.0,BEA,12.823
Italian Grand Prix,7.0,TSU,11.905
Italian Grand Prix,7.0,LAW,15.219
Italian Grand Prix,7.0,OCO,14.59
Italian Grand Prix,7.0,GAS,19.549
Italian Grand Prix,7.0,COL,16.992
Italian Grand Prix,7.0,STR,15.855
Italian Grand Prix,7.0,ALO,10.517
Italian Grand Prix,8.0,VER,0.0
Italian Grand Prix,8.0,NOR,2.588
Italian Grand Prix,8.0,PIA,6.754
Italian Grand Prix,8.0,LEC,7.857
Italian Grand Prix,8.0,RUS,8.291
Italian Grand Prix,8.0,HAM,10.637
Italian Grand Prix,8.0,ALB,15.503
Italian Grand Prix,8.0,BOR,11.366
Italian Grand Prix,8.0,ANT,13.665
Italian Grand Prix,8.0,HAD,20.035
Italian Grand Prix,8.0,SAI,15.076
Italian Grand Prix,8.0,BEA,14.178
Italian Grand Prix,8.0,TSU,13.219
Italian Grand Prix,8.0,LAW,16.805
Italian Grand Prix,8.0,OCO,16.059
Italian Grand Prix,8.0,GAS,21.568
Italian Grand Prix,8.0,COL,18.957
Italian Grand Prix,8.0,STR,17.551
Italian Grand Prix,8.0,ALO,12.102
Italian Grand Prix,9.0,VER,0.0
Italian Grand Prix,9.0,NOR,2.964
Italian Grand Prix,9.0,PIA,7.338
Italian Grand Prix,9.0,LEC,8.808
Italian Grand Prix,9.0,RUS,9.258
Italian Grand Prix,9.0,HAM,11.43
Italian Grand Prix,9.0,ALB,17.049
Italian Grand Prix,9.0,BOR,12.696
Italian Grand Prix,9.0,ANT,15.13
Italian Grand Prix,9.0,HAD,21.101
Italian Grand Prix,9.0,SAI,16.364
Italian Grand Prix,9.0,BEA,15.597
Italian Grand Prix,9.0,TSU,14.648
Italian Grand Prix,9.0,LAW,22.528
Italian Grand Prix,9.0,OCO,17.615
Italian Grand Prix,9.0,GAS,23.335
Italian Grand Prix,9.0,COL,20.672
Italian Grand Prix,9.0,STR,18.991
Italian Grand Prix,9.0,ALO,13.486
Italian Grand Prix,10.0,VER,0.0
Italian Grand Prix,10.0,NOR,3.292
Italian Grand Prix,10.0,PIA,7.711
Italian Grand Prix,10.0,LEC,9.86
Italian Grand Prix,10.0,RUS,10.517
Italian Grand Prix,10.0,HAM,12.166
Italian Grand Prix,10.0,ALB,18.414
Italian Grand Prix,10.0,BOR,14.125
Italian Grand Prix,10.0,ANT,16.613
Italian Grand Prix,10.0,HAD,22.877
Italian Grand Prix,10.0,SAI,17.759
Italian Grand Prix,10.0,BEA,17.043
Italian Grand Prix,10.0,TSU,16.009
Italian Grand Prix,10.0,LAW,44.588
Italian Grand Prix,10.0,OCO,18.993
Italian Grand Prix,10.0,GAS,24.807
Italian Grand Prix,10.0,COL,22.312
Italian Grand Prix,10.0,STR,20.112
Italian Grand Prix,10.0,ALO,14.904
Italian Grand Prix,11.0,VER,0.0
Italian Grand Prix,11.0,NOR,3.586
Italian Grand Prix,11.0,PIA,8.542
Italian Grand Prix,11.0,LEC,10.83
Italian Grand Prix,11.0,RUS,11.575
Italian Grand Prix,11.0,HAM,12.975999999999999
Italian Grand Prix,11.0,ALB,19.862
Italian Grand Prix,11.0,BOR,15.608
Italian Grand Prix,11.0,ANT,18.057
Italian Grand Prix,11.0,HAD,24.46
Italian Grand Prix,11.0,SAI,19.285
Italian Grand Prix,11.0,BEA,18.639
Italian Grand Prix,11.0,TSU,17.357
Italian Grand Prix,11.0,LAW,45.401
Italian Grand Prix,11.0,OCO,20.416
Italian Grand Prix,11.0,GAS,26.408
Italian Grand Prix,11.0,COL,24.014
Italian Grand Prix,11.0,STR,21.408
Italian Grand Prix,11.0,ALO,16.298
Italian Grand Prix,12.0,VER,0.0
Italian Grand Prix,12.0,NOR,3.866
Italian Grand Prix,12.0,PIA,9.014
Italian Grand Prix,12.0,LEC,11.709
Italian Grand Prix,12.0,RUS,12.391
Italian Grand Prix,12.0,HAM,14.298
Italian Grand Prix,12.0,ALB,21.407
Italian Grand Prix,12.0,BOR,17.123
Italian Grand Prix,12.0,ANT,19.49
Italian Grand Prix,12.0,HAD,26.041
Italian Grand Prix,12.0,SAI,20.828
Italian Grand Prix,12.0,BEA,20.184
Italian Grand Prix,12.0,TSU,18.826
Italian Grand Prix,12.0,LAW,46.601
Italian Grand Prix,12.0,OCO,21.911
Italian Grand Prix,12.0,GAS,28.257
Italian Grand Prix,12.0,COL,25.706
Italian Grand Prix,12.0,STR,22.922
Italian Grand Prix,12.0,ALO,17.908
Italian Grand Prix,13.0,VER,0.0
Italian Grand Prix,13.0,NOR,3.9050000000000002
Italian Grand Prix,13.0,PIA,9.358
Italian Grand Prix,13.0,LEC,12.138
Italian Grand Prix,13.0,RUS,12.706
Italian Grand Prix,13.0,HAM,15.635
Italian Grand Prix,13.0,ALB,22.566
Italian Grand Prix,13.0,BOR,18.507
Italian Grand Prix,13.0,ANT,20.771
Italian Grand Prix,13.0,HAD,26.868
Italian Grand Prix,13.0,SAI,22.023
Italian Grand Prix,13.0,BEA,21.353
Italian Grand Prix,13.0,TSU,20.078
Italian Grand Prix,13.0,LAW,47.297
Italian Grand Prix,13.0,OCO,23.131
Italian Grand Prix,13.0,GAS,29.787
Italian Grand Prix,13.0,COL,28.265
Italian Grand Prix,13.0,STR,23.921
Italian Grand Prix,13.0,ALO,19.231
Italian Grand Prix,14.0,VER,0.0
Italian Grand Prix,14.0,NOR,4.296
Italian Grand Prix,14.0,PIA,9.902
Italian Grand Prix,14.0,LEC,12.657
Italian Grand Prix,14.0,RUS,13.52
Italian Grand Prix,14.0,HAM,16.396
Italian Grand Prix,14.0,ALB,23.66
Italian Grand Prix,14.0,BOR,19.716
Italian Grand Prix,14.0,ANT,22.035
Italian Grand Prix,14.0,HAD,27.932
Italian Grand Prix,14.0,SAI,23.232
Italian Grand Prix,14.0,BEA,22.531
Italian Grand Prix,14.0,TSU,21.453
Italian Grand Prix,14.0,LAW,48.028
Italian Grand Prix,14.0,OCO,24.216
Italian Grand Prix,14.0,GAS,31.783
Italian Grand Prix,14.0,COL,30.099
Italian Grand Prix,14.0,STR,25.104
Italian Grand Prix,14.0,ALO,20.509
Italian Grand Prix,15.0,VER,0.0
Italian Grand Prix,15.0,NOR,4.2780000000000005
Italian Grand Prix,15.0,PIA,10.21
Italian Grand Prix,15.0,LEC,13.215
Italian Grand Prix,15.0,RUS,14.28
Italian Grand Prix,15.0,HAM,16.859
Italian Grand Prix,15.0,ALB,25.014
Italian Grand Prix,15.0,BOR,21.024
Italian Grand Prix,15.0,ANT,23.414
Italian Grand Prix,15.0,HAD,28.891
Italian Grand Prix,15.0,SAI,24.55
Italian Grand Prix,15.0,BEA,23.968
Italian Grand Prix,15.0,TSU,22.771
Italian Grand Prix,15.0,LAW,48.9
Italian Grand Prix,15.0,OCO,25.633
Italian Grand Prix,15.0,GAS,34.154
Italian Grand Prix,15.0,COL,31.795
Italian Grand Prix,15.0,STR,26.432
Italian Grand Prix,15.0,ALO,21.708
Italian Grand Prix,16.0,VER,0.0
Italian Grand Prix,16.0,NOR,4.366
Italian Grand Prix,16.0,PIA,10.346
Italian Grand Prix,16.0,LEC,13.809
Italian Grand Prix,16.0,RUS,15.155
Italian Grand Prix,16.0,HAM,17.601
Italian Grand Prix,16.0,ALB,26.512
Italian Grand Prix,16.0,BOR,22.15
Italian Grand Prix,16.0,ANT,24.929
Italian Grand Prix,16.0,HAD,30.177
Italian Grand Prix,16.0,SAI,26.027
Italian Grand Prix,16.0,BEA,25.352
Italian Grand Prix,16.0,TSU,24.296
Italian Grand Prix,16.0,LAW,49.652
Italian Grand Prix,16.0,OCO,27.113
Italian Grand Prix,16.0,GAS,35.677
Italian Grand Prix,16.0,COL,33.813
Italian Grand Prix,16.0,STR,27.86
Italian Grand Prix,16.0,ALO,22.913
Italian Grand Prix,17.0,VER,0.0
Italian Grand Prix,17.0,NOR,4.708
Italian Grand Prix,17.0,PIA,10.792
Italian Grand Prix,17.0,LEC,14.589
Italian Grand Prix,17.0,RUS,16.051
Italian Grand Prix,17.0,HAM,18.4
Italian Grand Prix,17.0,ALB,28.044
Italian Grand Prix,17.0,BOR,23.462
Italian Grand Prix,17.0,ANT,26.266
Italian Grand Prix,17.0,HAD,31.734
Italian Grand Prix,17.0,SAI,27.479
Italian Grand Prix,17.0,BEA,26.763
Italian Grand Prix,17.0,TSU,25.756
Italian Grand Prix,17.0,LAW,50.583
Italian Grand Prix,17.0,OCO,28.617
Italian Grand Prix,17.0,GAS,37.16
Italian Grand Prix,17.0,COL,35.357
Italian Grand Prix,17.0,STR,29.335
Italian Grand Prix,17.0,ALO,24.247
Italian Grand Prix,18.0,VER,0.0
Italian Grand Prix,18.0,NOR,5.17
Italian Grand Prix,18.0,PIA,11.324
Italian Grand Prix,18.0,LEC,15.311
Italian Grand Prix,18.0,RUS,16.98
Italian Grand Prix,18.0,HAM,19.375
Italian Grand Prix,18.0,ALB,30.055
Italian Grand Prix,18.0,BOR,24.976
Italian Grand Prix,18.0,ANT,27.518
Italian Grand Prix,18.0,HAD,33.039
Italian Grand Prix,18.0,SAI,29.54
Italian Grand Prix,18.0,BEA,33.469
Italian Grand Prix,18.0,TSU,28.316
Italian Grand Prix,18.0,LAW,51.9
Italian Grand Prix,18.0,OCO,30.529
Italian Grand Prix,18.0,GAS,39.274
Italian Grand Prix,18.0,COL,37.044
Italian Grand Prix,18.0,STR,31.13
Italian Grand Prix,18.0,ALO,25.666
Italian Grand Prix,19.0,VER,0.0
Italian Grand Prix,19.0,NOR,5.621
Italian Grand Prix,19.0,PIA,11.845
Italian Grand Prix,19.0,LEC,15.964
Italian Grand Prix,19.0,RUS,17.898
Italian Grand Prix,19.0,HAM,20.05
Italian Grand Prix,19.0,ALB,31.468
Italian Grand Prix,19.0,BOR,26.37
Italian Grand Prix,19.0,ANT,28.62
Italian Grand Prix,19.0,HAD,34.443
Italian Grand Prix,19.0,SAI,30.864
Italian Grand Prix,19.0,BEA,55.4
Italian Grand Prix,19.0,TSU,34.421
Italian Grand Prix,19.0,LAW,52.939
Italian Grand Prix,19.0,OCO,32.116
Italian Grand Prix,19.0,GAS,40.73
Italian Grand Prix,19.0,COL,38.633
Italian Grand Prix,19.0,STR,32.907
Italian Grand Prix,19.0,ALO,27.013
Italian Grand Prix,20.0,VER,0.0
Italian Grand Prix,20.0,NOR,5.813
Italian Grand Prix,20.0,PIA,12.213
Italian Grand Prix,20.0,LEC,16.597
Italian Grand Prix,20.0,RUS,18.629
Italian Grand Prix,20.0,HAM,20.601
Italian Grand Prix,20.0,ALB,32.85
Italian Grand Prix,20.0,BOR,32.272
Italian Grand Prix,20.0,ANT,29.509
Italian Grand Prix,20.0,HAD,35.726
Italian Grand Prix,20.0,SAI,32.22
Italian Grand Prix,20.0,BEA,55.571
Italian Grand Prix,20.0,TSU,56.691
Italian Grand Prix,20.0,LAW,53.846
Italian Grand Prix,20.0,OCO,33.469
Italian Grand Prix,20.0,GAS,42.122
Italian Grand Prix,20.0,COL,40.068
Italian Grand Prix,20.0,STR,34.247
Italian Grand Prix,20.0,ALO,32.622
Italian Grand Prix,21.0,VER,0.0
Italian Grand Prix,21.0,NOR,5.892
Italian Grand Prix,21.0,PIA,12.25
Italian Grand Prix,21.0,LEC,17.172
Italian Grand Prix,21.0,RUS,19.142
Italian Grand Prix,21.0,HAM,21.154
Italian Grand Prix,21.0,ALB,33.746
Italian Grand Prix,21.0,BOR,56.06
Italian Grand Prix,21.0,ANT,30.278
Italian Grand Prix,21.0,HAD,36.929
Italian Grand Prix,21.0,SAI,33.115
Italian Grand Prix,21.0,BEA,56.77
Italian Grand Prix,21.0,TSU,57.656
Italian Grand Prix,21.0,LAW,55.662
Italian Grand Prix,21.0,OCO,34.556
Italian Grand Prix,21.0,GAS,43.328
Italian Grand Prix,21.0,COL,41.548
Italian Grand Prix,21.0,STR,35.444
Italian Grand Prix,21.0,ALO,54.893
Italian Grand Prix,22.0,VER,0.0
Italian Grand Prix,22.0,NOR,6.124
Italian Grand Prix,22.0,PIA,12.4
Italian Grand Prix,22.0,LEC,17.752
Italian Grand Prix,22.0,RUS,19.888
Italian Grand Prix,22.0,HAM,21.867
Italian Grand Prix,22.0,ALB,34.751
Italian Grand Prix,22.0,BOR,57.244
Italian Grand Prix,22.0,ANT,30.84
Italian Grand Prix,22.0,HAD,38.04
Italian Grand Prix,22.0,SAI,34.084
Italian Grand Prix,22.0,BEA,58.511
Italian Grand Prix,22.0,TSU,59.022
Italian Grand Prix,22.0,LAW,58.129
Italian Grand Prix,22.0,OCO,35.536
Italian Grand Prix,22.0,GAS,44.698
Italian Grand Prix,22.0,COL,42.926
Italian Grand Prix,22.0,STR,36.638
Italian Grand Prix,22.0,ALO,56.238
Italian Grand Prix,23.0,VER,0.0
Italian Grand Prix,23.0,NOR,6.234
Italian Grand Prix,23.0,PIA,12.575
Italian Grand Prix,23.0,LEC,18.122
Italian Grand Prix,23.0,RUS,20.747
Italian Grand Prix,23.0,HAM,22.491
Italian Grand Prix,23.0,ALB,35.75
Italian Grand Prix,23.0,BOR,58.277
Italian Grand Prix,23.0,ANT,31.729
Italian Grand Prix,23.0,HAD,39.231
Italian Grand Prix,23.0,SAI,35.129
Italian Grand Prix,23.0,BEA,59.99
Italian Grand Prix,23.0,TSU,60.496
Italian Grand Prix,23.0,LAW,59.512
Italian Grand Prix,23.0,OCO,36.544
Italian Grand Prix,23.0,GAS,46.335
Italian Grand Prix,23.0,COL,44.602
Italian Grand Prix,23.0,STR,37.847
Italian Grand Prix,23.0,ALO,57.213
Italian Grand Prix,24.0,VER,0.0
Italian Grand Prix,24.0,NOR,6.384
Italian Grand Prix,24.0,PIA,12.502
Italian Grand Prix,24.0,LEC,18.568
Italian Grand Prix,24.0,RUS,21.568
Italian Grand Prix,24.0,HAM,23.349
Italian Grand Prix,24.0,ALB,36.8
Italian Grand Prix,24.0,BOR,59.344
Italian Grand Prix,24.0,ANT,32.427
Italian Grand Prix,24.0,HAD,40.215
Italian Grand Prix,24.0,SAI,36.149
Italian Grand Prix,24.0,BEA,61.291
Italian Grand Prix,24.0,TSU,61.917
Italian Grand Prix,24.0,LAW,60.88
Italian Grand Prix,24.0,OCO,37.725
Italian Grand Prix,24.0,GAS,47.81
Italian Grand Prix,24.0,COL,46.119
Italian Grand Prix,24.0,STR,38.908
Italian Grand Prix,24.0,ALO,81.815
Italian Grand Prix,25.0,VER,0.0
Italian Grand Prix,25.0,NOR,6.496
Italian Grand Prix,25.0,PIA,12.802
Italian Grand Prix,25.0,LEC,18.709
Italian Grand Prix,25.0,RUS,22.363
Italian Grand Prix,25.0,HAM,23.897
Italian Grand Prix,25.0,ALB,37.556
Italian Grand Prix,25.0,BOR,60.444
Italian Grand Prix,25.0,ANT,32.906
Italian Grand Prix,25.0,HAD,41.127
Italian Grand Prix,25.0,SAI,38.261
Italian Grand Prix,25.0,BEA,62.273
Italian Grand Prix,25.0,TSU,63.669
Italian Grand Prix,25.0,LAW,63.242
Italian Grand Prix,25.0,OCO,39.004
Italian Grand Prix,25.0,GAS,48.946
Italian Grand Prix,25.0,COL,47.317
Italian Grand Prix,25.0,STR,39.809
Italian Grand Prix,26.0,VER,0.0
Italian Grand Prix,26.0,NOR,6.4
Italian Grand Prix,26.0,PIA,12.912
Italian Grand Prix,26.0,LEC,19.146
Italian Grand Prix,26.0,RUS,23.406
Italian Grand Prix,26.0,HAM,24.921
Italian Grand Prix,26.0,ALB,37.865
Italian Grand Prix,26.0,BOR,61.48
Italian Grand Prix,26.0,ANT,34.668
Italian Grand Prix,26.0,HAD,42.216
Italian Grand Prix,26.0,SAI,39.21
Italian Grand Prix,26.0,BEA,63.215
Italian Grand Prix,26.0,TSU,65.116
Italian Grand Prix,26.0,LAW,64.507
Italian Grand Prix,26.0,OCO,40.041
Italian Grand Prix,26.0,GAS,50.122
Italian Grand Prix,26.0,COL,48.595
Italian Grand Prix,26.0,STR,41.059
Italian Grand Prix,27.0,VER,0.0
Italian Grand Prix,27.0,NOR,6.22
Italian Grand Prix,27.0,PIA,12.693
Italian Grand Prix,27.0,LEC,19.111
Italian Grand Prix,27.0,RUS,28.369
Italian Grand Prix,27.0,HAM,25.318
Italian Grand Prix,27.0,ALB,38.573
Italian Grand Prix,27.0,BOR,61.657
Italian Grand Prix,27.0,ANT,35.353
Italian Grand Prix,27.0,HAD,43.086
Italian Grand Prix,27.0,SAI,40.163
Italian Grand Prix,27.0,BEA,63.714
Italian Grand Prix,27.0,TSU,68.283
Italian Grand Prix,27.0,LAW,68.94
Italian Grand Prix,27.0,OCO,40.971
Italian Grand Prix,27.0,GAS,51.104
Italian Grand Prix,27.0,COL,49.529
Italian Grand Prix,27.0,STR,41.812
Italian Grand Prix,28.0,VER,0.0
Italian Grand Prix,28.0,NOR,6.261
Italian Grand Prix,28.0,PIA,12.507
Italian Grand Prix,28.0,LEC,19.173
Italian Grand Prix,28.0,RUS,49.501
Italian Grand Prix,28.0,HAM,25.685
Italian Grand Prix,28.0,ALB,38.891
Italian Grand Prix,28.0,BOR,61.607
Italian Grand Prix,28.0,ANT,40.072
Italian Grand Prix,28.0,HAD,43.741
Italian Grand Prix,28.0,SAI,40.684
Italian Grand Prix,28.0,BEA,64.017
Italian Grand Prix,28.0,TSU,69.51
Italian Grand Prix,28.0,LAW,70.409
Italian Grand Prix,28.0,OCO,41.68
Italian Grand Prix,28.0,GAS,52.206
Italian Grand Prix,28.0,COL,51.342
Italian Grand Prix,28.0,STR,42.642
Italian Grand Prix,29.0,VER,0.0
Italian Grand Prix,29.0,NOR,6.207
Italian Grand Prix,29.0,PIA,12.396
Italian Grand Prix,29.0,LEC,19.098
Italian Grand Prix,29.0,RUS,49.111
Italian Grand Prix,29.0,HAM,25.918
Italian Grand Prix,29.0,ALB,39.309
Italian Grand Prix,29.0,BOR,62.513
Italian Grand Prix,29.0,ANT,61.206
Italian Grand Prix,29.0,HAD,44.319
Italian Grand Prix,29.0,SAI,41.73
Italian Grand Prix,29.0,BEA,64.574
Italian Grand Prix,29.0,TSU,70.583
Italian Grand Prix,29.0,LAW,71.537
Italian Grand Prix,29.0,OCO,42.518
Italian Grand Prix,29.0,GAS,53.322
Italian Grand Prix,29.0,COL,52.324
Italian Grand Prix,29.0,STR,43.504
Italian Grand Prix,30.0,VER,0.0
Italian Grand Prix,30.0,NOR,5.918
Italian Grand Prix,30.0,PIA,12.388
Italian Grand Prix,30.0,LEC,19.142
Italian Grand Prix,30.0,RUS,48.784
Italian Grand Prix,30.0,HAM,26.453
Italian Grand Prix,30.0,ALB,39.51
Italian Grand Prix,30.0,BOR,62.928
Italian Grand Prix,30.0,ANT,61.053
Italian Grand Prix,30.0,HAD,45.092
Italian Grand Prix,30.0,SAI,46.627
Italian Grand Prix,30.0,BEA,64.866
Italian Grand Prix,30.0,TSU,71.387
Italian Grand Prix,30.0,LAW,72.299
Italian Grand Prix,30.0,OCO,43.222
Italian Grand Prix,30.0,GAS,54.145
Italian Grand Prix,30.0,COL,55.149
Italian Grand Prix,30.0,STR,44.161
Italian Grand Prix,31.0,VER,0.0
Italian Grand Prix,31.0,NOR,6.166
Italian Grand Prix,31.0,PIA,12.263
Italian Grand Prix,31.0,LEC,19.058
Italian Grand Prix,31.0,RUS,48.502
Italian Grand Prix,31.0,HAM,27.148
Italian Grand Prix,31.0,ALB,39.574
Italian Grand Prix,31.0,BOR,62.995
Italian Grand Prix,31.0,ANT,60.775
Italian Grand Prix,31.0,HAD,45.582
Italian Grand Prix,31.0,SAI,67.518
Italian Grand Prix,31.0,BEA,65.107
Italian Grand Prix,31.0,TSU,72.178
Italian Grand Prix,31.0,LAW,73.01
Italian Grand Prix,31.0,OCO,44.13
Italian Grand Prix,31.0,GAS,55.097
Italian Grand Prix,31.0,COL,56.424
Italian Grand Prix,31.0,STR,44.791
Italian Grand Prix,32.0,VER,0.0
Italian Grand Prix,32.0,NOR,6.052
Italian Grand Prix,32.0,PIA,11.949
Italian Grand Prix,32.0,LEC,19.143
Italian Grand Prix,32.0,RUS,48.313
Italian Grand Prix,32.0,HAM,27.466
Italian Grand Prix,32.0,ALB,39.833
Italian Grand Prix,32.0,BOR,63.145
Italian Grand Prix,32.0,ANT,60.737
Italian Grand Prix,32.0,HAD,51.034
Italian Grand Prix,32.0,SAI,67.253
Italian Grand Prix,32.0,BEA,65.399
Italian Grand Prix,32.0,TSU,72.97
Italian Grand Prix,32.0,LAW,73.777
Italian Grand Prix,32.0,OCO,45.156
Italian Grand Prix,32.0,GAS,55.968
Italian Grand Prix,32.0,COL,57.853
Italian Grand Prix,32.0,STR,45.982
Italian Grand Prix,33.0,VER,0.0
Italian Grand Prix,33.0,NOR,5.764
Italian Grand Prix,33.0,PIA,12.277
Italian Grand Prix,33.0,LEC,23.219
Italian Grand Prix,33.0,RUS,47.843
Italian Grand Prix,33.0,HAM,27.533
Italian Grand Prix,33.0,ALB,39.885
Italian Grand Prix,33.0,BOR,63.445
Italian Grand Prix,33.0,ANT,60.499
Italian Grand Prix,33.0,HAD,71.083
Italian Grand Prix,33.0,SAI,66.825
Italian Grand Prix,33.0,BEA,65.511
Italian Grand Prix,33.0,TSU,73.532
Italian Grand Prix,33.0,LAW,74.49
Italian Grand Prix,33.0,OCO,45.924
Italian Grand Prix,33.0,GAS,57.462
Italian Grand Prix,33.0,COL,63.389
Italian Grand Prix,33.0,STR,46.758
Italian Grand Prix,34.0,VER,0.0
Italian Grand Prix,34.0,NOR,5.523
Italian Grand Prix,34.0,PIA,12.151
Italian Grand Prix,34.0,LEC,43.397
Italian Grand Prix,34.0,RUS,47.538
Italian Grand Prix,34.0,HAM,28.029
Italian Grand Prix,34.0,ALB,39.996
Italian Grand Prix,34.0,BOR,63.469
Italian Grand Prix,34.0,ANT,60.353
Italian Grand Prix,34.0,HAD,70.945
Italian Grand Prix,34.0,SAI,66.495
Italian Grand Prix,34.0,BEA,65.627
Italian Grand Prix,34.0,TSU,74.384
Italian Grand Prix,34.0,LAW,75.269
Italian Grand Prix,34.0,OCO,46.721
Italian Grand Prix,34.0,GAS,58.339
Italian Grand Prix,34.0,COL,85.413
Italian Grand Prix,34.0,STR,47.422
Italian Grand Prix,35.0,VER,0.0
Italian Grand Prix,35.0,NOR,5.519
Italian Grand Prix,35.0,PIA,12.088
Italian Grand Prix,35.0,LEC,42.916
Italian Grand Prix,35.0,RUS,47.734
Italian Grand Prix,35.0,HAM,28.37
Italian Grand Prix,35.0,ALB,39.842
Italian Grand Prix,35.0,BOR,63.696
Italian Grand Prix,35.0,ANT,60.355
Italian Grand Prix,35.0,HAD,70.875
Italian Grand Prix,35.0,SAI,66.524
Italian Grand Prix,35.0,BEA,65.912
Italian Grand Prix,35.0,TSU,75.234
Italian Grand Prix,35.0,LAW,76.033
Italian Grand Prix,35.0,OCO,47.478
Italian Grand Prix,35.0,GAS,59.008
Italian Grand Prix,35.0,COL,85.851
Italian Grand Prix,35.0,STR,49.104
Italian Grand Prix,36.0,VER,0.0
Italian Grand Prix,36.0,NOR,5.458
Italian Grand Prix,36.0,PIA,11.621
Italian Grand Prix,36.0,LEC,42.578
Italian Grand Prix,36.0,RUS,47.283
Italian Grand Prix,36.0,HAM,28.661
Italian Grand Prix,36.0,ALB,39.752
Italian Grand Prix,36.0,BOR,63.487
Italian Grand Prix,36.0,ANT,60.609
Italian Grand Prix,36.0,HAD,70.878
Italian Grand Prix,36.0,SAI,66.46
Italian Grand Prix,36.0,BEA,65.858
Italian Grand Prix,36.0,TSU,76.154
Italian Grand Prix,36.0,LAW,76.949
Italian Grand Prix,36.0,OCO,48.482
Italian Grand Prix,36.0,GAS,59.502
Italian Grand Prix,36.0,COL,86.071
Italian Grand Prix,36.0,STR,49.994
Italian Grand Prix,37.0,VER,0.0
Italian Grand Prix,37.0,NOR,0.506
Italian Grand Prix,37.0,PIA,6.614
Italian Grand Prix,37.0,LEC,37.52
Italian Grand Prix,37.0,RUS,42.413
Italian Grand Prix,37.0,HAM,24.107
Italian Grand Prix,37.0,ALB,35.049
Italian Grand Prix,37.0,BOR,58.87
Italian Grand Prix,37.0,ANT,56.159
Italian Grand Prix,37.0,HAD,66.444
Italian Grand Prix,37.0,SAI,61.849
Italian Grand Prix,37.0,BEA,61.007
Italian Grand Prix,37.0,TSU,72.062
Italian Grand Prix,37.0,LAW,72.864
Italian Grand Prix,37.0,OCO,44.507
Italian Grand Prix,37.0,GAS,55.464
Italian Grand Prix,37.0,COL,81.697
Italian Grand Prix,37.0,STR,46.131
Italian Grand Prix,38.0,VER,19.034
Italian Grand Prix,38.0,NOR,0.0
Italian Grand Prix,38.0,PIA,5.857
Italian Grand Prix,38.0,LEC,36.33
Italian Grand Prix,38.0,RUS,41.528
Italian Grand Prix,38.0,HAM,27.973
Italian Grand Prix,38.0,ALB,34.392
Italian Grand Prix,38.0,BOR,58.092
Italian Grand Prix,38.0,ANT,55.854
Italian Grand Prix,38.0,HAD,66.211
Italian Grand Prix,38.0,SAI,61.098
Italian Grand Prix,38.0,BEA,60.495
Italian Grand Prix,38.0,TSU,72.54
Italian Grand Prix,38.0,LAW,73.351
Italian Grand Prix,38.0,OCO,44.576
Italian Grand Prix,38.0,GAS,55.315
Italian Grand Prix,38.0,COL,81.276
Italian Grand Prix,38.0,STR,46.04
Italian Grand Prix,39.0,VER,17.745
Italian Grand Prix,39.0,NOR,0.0
Italian Grand Prix,39.0,PIA,5.568
Italian Grand Prix,39.0,LEC,36.07
Italian Grand Prix,39.0,RUS,41.178
Italian Grand Prix,39.0,HAM,48.057
Italian Grand Prix,39.0,ALB,34.374
Italian Grand Prix,39.0,BOR,58.339
Italian Grand Prix,39.0,ANT,57.317
Italian Grand Prix,39.0,HAD,66.265
Italian Grand Prix,39.0,SAI,61.398
Italian Grand Prix,39.0,BEA,60.99
Italian Grand Prix,39.0,TSU,73.252
Italian Grand Prix,39.0,LAW,74.046
Italian Grand Prix,39.0,OCO,45.262
Italian Grand Prix,39.0,GAS,57.897
Italian Grand Prix,39.0,COL,83.632
Italian Grand Prix,39.0,STR,46.697
Italian Grand Prix,40.0,VER,16.749
Italian Grand Prix,40.0,NOR,0.0
Italian Grand Prix,40.0,PIA,5.243
Italian Grand Prix,40.0,LEC,35.747
Italian Grand Prix,40.0,RUS,40.669
Italian Grand Prix,40.0,HAM,47.63
Italian Grand Prix,40.0,ALB,34.327
Italian Grand Prix,40.0,BOR,59.393
Italian Grand Prix,40.0,ANT,57.803
Italian Grand Prix,40.0,HAD,67.396
Italian Grand Prix,40.0,SAI,68.48
Italian Grand Prix,40.0,BEA,71.883
Italian Grand Prix,40.0,TSU,75.279
Italian Grand Prix,40.0,LAW,75.929
Italian Grand Prix,40.0,OCO,45.987
Italian Grand Prix,40.0,GAS,59.058
Italian Grand Prix,40.0,COL,84.182
Italian Grand Prix,40.0,STR,47.259
Italian Grand Prix,41.0,VER,14.658
Italian Grand Prix,41.0,NOR,0.0
Italian Grand Prix,41.0,PIA,4.413
Italian Grand Prix,41.0,LEC,34.57
Italian Grand Prix,41.0,RUS,39.228
Italian Grand Prix,41.0,HAM,46.489
Italian Grand Prix,41.0,ALB,37.206
Italian Grand Prix,41.0,BOR,58.682
Italian Grand Prix,41.0,ANT,56.857
Italian Grand Prix,41.0,HAD,66.472
Italian Grand Prix,41.0,SAI,67.769
Italian Grand Prix,41.0,BEA,71.36
Italian Grand Prix,41.0,TSU,75.09
Italian Grand Prix,41.0,LAW,75.967
Italian Grand Prix,41.0,OCO,46.029
Italian Grand Prix,41.0,GAS,59.486
Italian Grand Prix,41.0,COL,83.933
Italian Grand Prix,41.0,STR,47.736
Italian Grand Prix,42.0,VER,13.513
Italian Grand Prix,42.0,NOR,0.0
Italian Grand Prix,42.0,PIA,4.242
Italian Grand Prix,42.0,LEC,34.015
Italian Grand Prix,42.0,RUS,38.55
Italian Grand Prix,42.0,HAM,45.797
Italian Grand Prix,42.0,ALB,57.383
Italian Grand Prix,42.0,BOR,59.264
Italian Grand Prix,42.0,ANT,56.522
Italian Grand Prix,42.0,HAD,66.477
Italian Grand Prix,42.0,SAI,67.661
Italian Grand Prix,42.0,BEA,71.59
Italian Grand Prix,42.0,TSU,75.777
Italian Grand Prix,42.0,LAW,76.711
Italian Grand Prix,42.0,OCO,46.98
Italian Grand Prix,42.0,GAS,60.343
Italian Grand Prix,42.0,COL,84.413
Italian Grand Prix,42.0,STR,48.57
Italian Grand Prix,43.0,VER,11.929
Italian Grand Prix,43.0,NOR,0.0
Italian Grand Prix,43.0,PIA,3.707
Italian Grand Prix,43.0,LEC,32.929
Italian Grand Prix,43.0,RUS,37.63
Italian Grand Prix,43.0,HAM,44.81
Italian Grand Prix,43.0,ALB,56.378
Italian Grand Prix,43.0,BOR,59.185
Italian Grand Prix,43.0,ANT,55.94
Italian Grand Prix,43.0,HAD,66.021
Italian Grand Prix,43.0,SAI,67.281
Italian Grand Prix,43.0,BEA,71.204
Italian Grand Prix,43.0,TSU,75.921
Italian Grand Prix,43.0,LAW,76.792
Italian Grand Prix,43.0,OCO,47.263
Italian Grand Prix,43.0,GAS,60.802
Italian Grand Prix,43.0,COL,84.131
Italian Grand Prix,43.0,STR,49.083
Italian Grand Prix,44.0,VER,10.83
Italian Grand Prix,44.0,NOR,0.0
Italian Grand Prix,44.0,PIA,3.723
Italian Grand Prix,44.0,LEC,32.279
Italian Grand Prix,44.0,RUS,37.29
Italian Grand Prix,44.0,HAM,44.459
Italian Grand Prix,44.0,ALB,56.116
Italian Grand Prix,44.0,BOR,59.633
Italian Grand Prix,44.0,ANT,57.4
Italian Grand Prix,44.0,HAD,66.06
Italian Grand Prix,44.0,SAI,67.416
Italian Grand Prix,44.0,BEA,71.525
Italian Grand Prix,44.0,TSU,76.624
Italian Grand Prix,44.0,LAW,77.494
Italian Grand Prix,44.0,OCO,47.999
Italian Grand Prix,44.0,GAS,61.599
Italian Grand Prix,44.0,COL,84.383
Italian Grand Prix,44.0,STR,50.009
Italian Grand Prix,45.0,VER,9.402
Italian Grand Prix,45.0,NOR,0.0
Italian Grand Prix,45.0,PIA,7.551
Italian Grand Prix,45.0,LEC,31.171
Italian Grand Prix,45.0,RUS,36.309
Italian Grand Prix,45.0,HAM,43.508
Italian Grand Prix,45.0,ALB,55.369
Italian Grand Prix,45.0,BOR,59.462
Italian Grand Prix,45.0,ANT,57.27
Italian Grand Prix,45.0,HAD,65.609
Italian Grand Prix,45.0,SAI,66.958
Italian Grand Prix,45.0,BEA,71.36
Italian Grand Prix,45.0,TSU,76.88
Italian Grand Prix,45.0,LAW,77.793
Italian Grand Prix,45.0,OCO,48.354
Italian Grand Prix,45.0,GAS,61.718
Italian Grand Prix,45.0,COL,84.175
Italian Grand Prix,45.0,STR,50.338
Italian Grand Prix,46.0,VER,3.44
Italian Grand Prix,46.0,NOR,0.0
Italian Grand Prix,46.0,PIA,21.666
Italian Grand Prix,46.0,LEC,25.859
Italian Grand Prix,46.0,RUS,30.944
Italian Grand Prix,46.0,HAM,37.996
Italian Grand Prix,46.0,ALB,49.827
Italian Grand Prix,46.0,BOR,54.593
Italian Grand Prix,46.0,ANT,52.349
Italian Grand Prix,46.0,HAD,60.455
Italian Grand Prix,46.0,SAI,61.772
Italian Grand Prix,46.0,BEA,66.392
Italian Grand Prix,46.0,TSU,72.829
Italian Grand Prix,46.0,LAW,73.695
Italian Grand Prix,46.0,OCO,44.064
Italian Grand Prix,46.0,GAS,57.228
Italian Grand Prix,46.0,COL,79.706
Italian Grand Prix,46.0,STR,46.217
Italian Grand Prix,47.0,VER,0.0
Italian Grand Prix,47.0,NOR,20.21
Italian Grand Prix,47.0,PIA,18.135
Italian Grand Prix,47.0,LEC,22.929
Italian Grand Prix,47.0,RUS,27.981
Italian Grand Prix,47.0,HAM,34.877
Italian Grand Prix,47.0,ALB,46.681
Italian Grand Prix,47.0,BOR,52.284
Italian Grand Prix,47.0,ANT,49.9
Italian Grand Prix,47.0,HAD,57.888
Italian Grand Prix,47.0,SAI,58.736
Italian Grand Prix,47.0,BEA,64.019
Italian Grand Prix,47.0,TSU,71.084
Italian Grand Prix,47.0,LAW,71.922
Italian Grand Prix,47.0,OCO,42.409
Italian Grand Prix,47.0,GAS,55.403
Italian Grand Prix,47.0,COL,77.763
Italian Grand Prix,47.0,STR,44.444
Italian Grand Prix,48.0,VER,0.0
Italian Grand Prix,48.0,NOR,19.932
Italian Grand Prix,48.0,PIA,18.602
Italian Grand Prix,48.0,LEC,23.199
Italian Grand Prix,48.0,RUS,29.161
Italian Grand Prix,48.0,HAM,35.173
Italian Grand Prix,48.0,ALB,47.325
Italian Grand Prix,48.0,BOR,53.318
Italian Grand Prix,48.0,ANT,50.785
Italian Grand Prix,48.0,HAD,58.811
Italian Grand Prix,48.0,SAI,59.784
Italian Grand Prix,48.0,BEA,65.081
Italian Grand Prix,48.0,TSU,72.568
Italian Grand Prix,48.0,LAW,73.404
Italian Grand Prix,48.0,OCO,43.985
Italian Grand Prix,48.0,GAS,56.897
Italian Grand Prix,48.0,COL,78.686
Italian Grand Prix,48.0,STR,46.251
Italian Grand Prix,49.0,VER,0.0
Italian Grand Prix,49.0,NOR,19.758
Italian Grand Prix,49.0,PIA,20.758
Italian Grand Prix,49.0,LEC,24.09
Italian Grand Prix,49.0,RUS,29.798000000000002
Italian Grand Prix,49.0,HAM,35.546
Italian Grand Prix,49.0,ALB,48.69
Italian Grand Prix,49.0,BOR,54.404
Italian Grand Prix,49.0,ANT,51.631
Italian Grand Prix,49.0,HAD,59.752
Italian Grand Prix,49.0,SAI,60.611
Italian Grand Prix,49.0,BEA,66.264
Italian Grand Prix,49.0,TSU,74.186
Italian Grand Prix,49.0,LAW,74.853
Italian Grand Prix,49.0,OCO,45.721
Italian Grand Prix,49.0,GAS,62.904
Italian Grand Prix,49.0,COL,80.578
Italian Grand Prix,49.0,STR,52.976
Italian Grand Prix,50.0,VER,0.0
Italian Grand Prix,50.0,NOR,19.584
Italian Grand Prix,50.0,PIA,20.969
Italian Grand Prix,50.0,LEC,24.368
Italian Grand Prix,50.0,RUS,30.462
Italian Grand Prix,50.0,HAM,35.795
Italian Grand Prix,50.0,ALB,49.12
Italian Grand Prix,50.0,BOR,55.258
Italian Grand Prix,50.0,ANT,52.331
Italian Grand Prix,50.0,HAD,60.766
Italian Grand Prix,50.0,SAI,61.693
Italian Grand Prix,50.0,BEA,67.033
Italian Grand Prix,50.0,TSU,75.719
Italian Grand Prix,50.0,LAW,76.607
Italian Grand Prix,50.0,OCO,47.575
Italian Grand Prix,50.0,GAS,85.18
Italian Grand Prix,50.0,COL,84.316
Italian Grand Prix,50.0,STR,88.707
Italian Grand Prix,51.0,VER,0.0
Italian Grand Prix,51.0,NOR,19.15
Italian Grand Prix,51.0,PIA,20.697
Italian Grand Prix,51.0,LEC,24.52
Italian Grand Prix,51.0,RUS,31.024
Italian Grand Prix,51.0,HAM,35.952
Italian Grand Prix,51.0,ALB,49.424
Italian Grand Prix,51.0,BOR,55.648
Italian Grand Prix,51.0,ANT,52.789
Italian Grand Prix,51.0,HAD,61.243
Italian Grand Prix,51.0,SAI,62.142
Italian Grand Prix,51.0,BEA,67.412
Italian Grand Prix,51.0,TSU,76.967
Italian Grand Prix,51.0,LAW,77.917
Italian Grand Prix,51.0,OCO,53.513
Italian Grand Prix,51.0,GAS,85.755
Italian Grand Prix,51.0,COL,86.827
Italian Grand Prix,51.0,STR,89.122
Italian Grand Prix,52.0,VER,0.0
Italian Grand Prix,52.0,NOR,19.406
Italian Grand Prix,52.0,PIA,21.08
Italian Grand Prix,52.0,LEC,25.43
Italian Grand Prix,52.0,RUS,32.093
Italian Grand Prix,52.0,HAM,36.692
Italian Grand Prix,52.0,ALB,50.269
Italian Grand Prix,52.0,BOR,57.264
Italian Grand Prix,52.0,ANT,53.894
Italian Grand Prix,52.0,HAD,62.455
Italian Grand Prix,52.0,SAI,63.187
Italian Grand Prix,52.0,BEA,68.568
Italian Grand Prix,52.0,TSU,78.676
Italian Grand Prix,52.0,LAW,79.828
Italian Grand Prix,52.0,OCO,83.235
Italian Grand Prix,52.0,GAS,86.937
Italian Grand Prix,52.0,COL,88.548
Italian Grand Prix,52.0,STR,90.401
Italian Grand Prix,53.0,VER,0.0
Italian Grand Prix,53.0,NOR,19.207
Italian Grand Prix,53.0,PIA,21.351
Italian Grand Prix,53.0,LEC,25.624
Italian Grand Prix,53.0,RUS,32.881
Italian Grand Prix,53.0,HAM,37.449
Italian Grand Prix,53.0,ALB,50.537
Italian Grand Prix,53.0,BOR,58.484
Italian Grand Prix,53.0,ANT,54.762
Italian Grand Prix,53.0,HAD,63.891
Italian Grand Prix,53.0,SAI,64.469
Italian Grand Prix,53.0,BEA,69.288
Italian Grand Prix,53.0,TSU,80.701
Italian Grand Prix,53.0,LAW,82.351
Azerbaijan Grand Prix,1.0,VER,0.0
Azerbaijan Grand Prix,1.0,RUS,5.813
Azerbaijan Grand Prix,1.0,SAI,0.659
Azerbaijan Grand Prix,1.0,ANT,3.916
Azerbaijan Grand Prix,1.0,LAW,2.4779999999999998
Azerbaijan Grand Prix,1.0,TSU,8.926
Azerbaijan Grand Prix,1.0,NOR,12.159
Azerbaijan Grand Prix,1.0,HAM,15.924
Azerbaijan Grand Prix,1.0,LEC,14.546
Azerbaijan Grand Prix,1.0,HAD,11.326
Azerbaijan Grand Prix,1.0,BOR,17.599
Azerbaijan Grand Prix,1.0,BEA,21.221
Azerbaijan Grand Prix,1.0,ALB,27.718
Azerbaijan Grand Prix,1.0,OCO,24.371
Azerbaijan Grand Prix,1.0,ALO,17.155
Azerbaijan Grand Prix,1.0,HUL,24.218
Azerbaijan Grand Prix,1.0,STR,18.818
Azerbaijan Grand Prix,1.0,GAS,23.05
Azerbaijan Grand Prix,1.0,COL,20.281
Azerbaijan Grand Prix,1.0,PIA,0.0
Azerbaijan Grand Prix,2.0,VER,0.0
Azerbaijan Grand Prix,2.0,RUS,4.658
Azerbaijan Grand Prix,2.0,SAI,0.829
Azerbaijan Grand Prix,2.0,ANT,3.572
Azerbaijan Grand Prix,2.0,LAW,2.278
Azerbaijan Grand Prix,2.0,TSU,7.026
Azerbaijan Grand Prix,2.0,NOR,9.358
Azerbaijan Grand Prix,2.0,HAM,13.939
Azerbaijan Grand Prix,2.0,LEC,11.571
Azerbaijan Grand Prix,2.0,HAD,8.054
Azerbaijan Grand Prix,2.0,BOR,17.188
Azerbaijan Grand Prix,2.0,BEA,21.395
Azerbaijan Grand Prix,2.0,ALB,25.257
Azerbaijan Grand Prix,2.0,OCO,26.938
Azerbaijan Grand Prix,2.0,ALO,15.889
Azerbaijan Grand Prix,2.0,HUL,24.008
Azerbaijan Grand Prix,2.0,STR,18.031
Azerbaijan Grand Prix,2.0,GAS,22.924
Azerbaijan Grand Prix,2.0,COL,20.066
Azerbaijan Grand Prix,3.0,VER,0.0
Azerbaijan Grand Prix,3.0,RUS,4.541
Azerbaijan Grand Prix,3.0,SAI,0.707
Azerbaijan Grand Prix,3.0,ANT,3.115
Azerbaijan Grand Prix,3.0,LAW,2.737
Azerbaijan Grand Prix,3.0,TSU,6.496
Azerbaijan Grand Prix,3.0,NOR,9.535
Azerbaijan Grand Prix,3.0,HAM,12.246
Azerbaijan Grand Prix,3.0,LEC,10.861
Azerbaijan Grand Prix,3.0,HAD,8.058
Azerbaijan Grand Prix,3.0,BOR,14.885
Azerbaijan Grand Prix,3.0,BEA,18.846
Azerbaijan Grand Prix,3.0,ALB,22.418
Azerbaijan Grand Prix,3.0,OCO,23.902
Azerbaijan Grand Prix,3.0,ALO,13.731
Azerbaijan Grand Prix,3.0,HUL,21.216
Azerbaijan Grand Prix,3.0,STR,16.082
Azerbaijan Grand Prix,3.0,GAS,20.569
Azerbaijan Grand Prix,3.0,COL,17.704
Azerbaijan Grand Prix,4.0,VER,0.0
Azerbaijan Grand Prix,4.0,RUS,1.18
Azerbaijan Grand Prix,4.0,SAI,0.567
Azerbaijan Grand Prix,4.0,ANT,1.144
Azerbaijan Grand Prix,4.0,LAW,0.728
Azerbaijan Grand Prix,4.0,TSU,1.289
Azerbaijan Grand Prix,4.0,NOR,2.438
Azerbaijan Grand Prix,4.0,HAM,2.537
Azerbaijan Grand Prix,4.0,LEC,2.493
Azerbaijan Grand Prix,4.0,HAD,1.216
Azerbaijan Grand Prix,4.0,BOR,2.984
Azerbaijan Grand Prix,4.0,BEA,3.864
Azerbaijan Grand Prix,4.0,ALB,4.55
Azerbaijan Grand Prix,4.0,OCO,4.969
Azerbaijan Grand Prix,4.0,ALO,2.831
Azerbaijan Grand Prix,4.0,HUL,4.428
Azerbaijan Grand Prix,4.0,STR,3.761
Azerbaijan Grand Prix,4.0,GAS,3.943
Azerbaijan Grand Prix,4.0,COL,3.8
Azerbaijan Grand Prix,5.0,VER,0.0
Azerbaijan Grand Prix,5.0,RUS,4.527
Azerbaijan Grand Prix,5.0,SAI,1.498
Azerbaijan Grand Prix,5.0,ANT,3.155
Azerbaijan Grand Prix,5.0,LAW,2.069
Azerbaijan Grand Prix,5.0,TSU,3.977
Azerbaijan Grand Prix,5.0,NOR,6.354
Azerbaijan Grand Prix,5.0,HAM,6.552
Azerbaijan Grand Prix,5.0,LEC,6.012
Azerbaijan Grand Prix,5.0,HAD,6.321
Azerbaijan Grand Prix,5.0,BOR,8.171
Azerbaijan Grand Prix,5.0,BEA,11.118
Azerbaijan Grand Prix,5.0,ALB,11.37
Azerbaijan Grand Prix,5.0,OCO,12.13
Azerbaijan Grand Prix,5.0,ALO,7.571
Azerbaijan Grand Prix,5.0,HUL,10.125
Azerbaijan Grand Prix,5.0,STR,9.368
Azerbaijan Grand Prix,5.0,GAS,10.603
Azerbaijan Grand Prix,5.0,COL,8.904
Azerbaijan Grand Prix,6.0,VER,0.0
Azerbaijan Grand Prix,6.0,RUS,4.574
Azerbaijan Grand Prix,6.0,SAI,1.638
Azerbaijan Grand Prix,6.0,ANT,3.066
Azerbaijan Grand Prix,6.0,LAW,2.027
Azerbaijan Grand Prix,6.0,TSU,4.394
Azerbaijan Grand Prix,6.0,NOR,7.1
Azerbaijan Grand Prix,6.0,HAM,8.268
Azerbaijan Grand Prix,6.0,LEC,6.612
Azerbaijan Grand Prix,6.0,HAD,8.035
Azerbaijan Grand Prix,6.0,BOR,10.716
Azerbaijan Grand Prix,6.0,BEA,13.677
Azerbaijan Grand Prix,6.0,ALB,13.958
Azerbaijan Grand Prix,6.0,OCO,15.137
Azerbaijan Grand Prix,6.0,ALO,10.234
Azerbaijan Grand Prix,6.0,HUL,12.629
Azerbaijan Grand Prix,6.0,STR,12.11
Azerbaijan Grand Prix,6.0,GAS,13.162
Azerbaijan Grand Prix,6.0,COL,11.312
Azerbaijan Grand Prix,7.0,VER,0.0
Azerbaijan Grand Prix,7.0,RUS,5.9350000000000005
Azerbaijan Grand Prix,7.0,SAI,1.4
Azerbaijan Grand Prix,7.0,ANT,3.25
Azerbaijan Grand Prix,7.0,LAW,2.635
Azerbaijan Grand Prix,7.0,TSU,5.498
Azerbaijan Grand Prix,7.0,NOR,7.639
Azerbaijan Grand Prix,7.0,HAM,9.098
Azerbaijan Grand Prix,7.0,LEC,7.437
Azerbaijan Grand Prix,7.0,HAD,8.969
Azerbaijan Grand Prix,7.0,BOR,12.313
Azerbaijan Grand Prix,7.0,BEA,15.614
Azerbaijan Grand Prix,7.0,ALB,16.555
Azerbaijan Grand Prix,7.0,OCO,17.469
Azerbaijan Grand Prix,7.0,ALO,12.451
Azerbaijan Grand Prix,7.0,HUL,14.814
Azerbaijan Grand Prix,7.0,STR,14.376
Azerbaijan Grand Prix,7.0,GAS,15.518
Azerbaijan Grand Prix,7.0,COL,13.671
Azerbaijan Grand Prix,8.0,VER,0.0
Azerbaijan Grand Prix,8.0,RUS,6.346
Azerbaijan Grand Prix,8.0,SAI,1.701
Azerbaijan Grand Prix,8.0,ANT,4.317
Azerbaijan Grand Prix,8.0,LAW,3.453
Azerbaijan Grand Prix,8.0,TSU,6.187
Azerbaijan Grand Prix,8.0,NOR,8.75
Azerbaijan Grand Prix,8.0,HAM,9.888
Azerbaijan Grand Prix,8.0,LEC,8.138
Azerbaijan Grand Prix,8.0,HAD,11.171
Azerbaijan Grand Prix,8.0,BOR,13.624
Azerbaijan Grand Prix,8.0,BEA,18.316
Azerbaijan Grand Prix,8.0,ALB,18.717
Azerbaijan Grand Prix,8.0,OCO,19.695
Azerbaijan Grand Prix,8.0,ALO,14.316
Azerbaijan Grand Prix,8.0,HUL,17.072
Azerbaijan Grand Prix,8.0,STR,16.407
Azerbaijan Grand Prix,8.0,GAS,17.866
Azerbaijan Grand Prix,8.0,COL,15.209
Azerbaijan Grand Prix,9.0,VER,0.0
Azerbaijan Grand Prix,9.0,RUS,7.078
Azerbaijan Grand Prix,9.0,SAI,2.128
Azerbaijan Grand Prix,9.0,ANT,4.826
Azerbaijan Grand Prix,9.0,LAW,3.761
Azerbaijan Grand Prix,9.0,TSU,6.877
Azerbaijan Grand Prix,9.0,NOR,9.09
Azerbaijan Grand Prix,9.0,HAM,10.278
Azerbaijan Grand Prix,9.0,LEC,8.535
Azerbaijan Grand Prix,9.0,HAD,12.279
Azerbaijan Grand Prix,9.0,BOR,14.52
Azerbaijan Grand Prix,9.0,BEA,19.68
Azerbaijan Grand Prix,9.0,ALB,20.321
Azerbaijan Grand Prix,9.0,OCO,21.18
Azerbaijan Grand Prix,9.0,ALO,15.426
Azerbaijan Grand Prix,9.0,HUL,18.491
Azerbaijan Grand Prix,9.0,STR,17.651
Azerbaijan Grand Prix,9.0,GAS,19.265
Azerbaijan Grand Prix,9.0,COL,16.831
Azerbaijan Grand Prix,10.0,VER,0.0
Azerbaijan Grand Prix,10.0,RUS,7.801
Azerbaijan Grand Prix,10.0,SAI,2.74
Azerbaijan Grand Prix,10.0,ANT,5.5440000000000005
Azerbaijan Grand Prix,10.0,LAW,4.577
Azerbaijan Grand Prix,10.0,TSU,9.097
Azerbaijan Grand Prix,10.0,NOR,10.3
Azerbaijan Grand Prix,10.0,HAM,10.921
Azerbaijan Grand Prix,10.0,LEC,9.751
Azerbaijan Grand Prix,10.0,HAD,13.055
Azerbaijan Grand Prix,10.0,BOR,15.299
Azerbaijan Grand Prix,10.0,BEA,20.651
Azerbaijan Grand Prix,10.0,ALB,21.797
Azerbaijan Grand Prix,10.0,OCO,22.569
Azerbaijan Grand Prix,10.0,ALO,16.309
Azerbaijan Grand Prix,10.0,HUL,19.552
Azerbaijan Grand Prix,10.0,STR,19.356
Azerbaijan Grand Prix,10.0,GAS,20.474
Azerbaijan Grand Prix,10.0,COL,18.599
Azerbaijan Grand Prix,11.0,VER,0.0
Azerbaijan Grand Prix,11.0,RUS,7.833
Azerbaijan Grand Prix,11.0,SAI,3.076
Azerbaijan Grand Prix,11.0,ANT,5.874
Azerbaijan Grand Prix,11.0,LAW,5.256
Azerbaijan Grand Prix,11.0,TSU,9.52
Azerbaijan Grand Prix,11.0,NOR,11.042
Azerbaijan Grand Prix,11.0,HAM,11.777
Azerbaijan Grand Prix,11.0,LEC,10.307
Azerbaijan Grand Prix,11.0,HAD,13.633
Azerbaijan Grand Prix,11.0,BOR,15.978
Azerbaijan Grand Prix,11.0,BEA,22.625
Azerbaijan Grand Prix,11.0,ALB,23.385
Azerbaijan Grand Prix,11.0,OCO,24.196
Azerbaijan Grand Prix,11.0,ALO,16.685
Azerbaijan Grand Prix,11.0,HUL,21.595
Azerbaijan Grand Prix,11.0,STR,20.69
Azerbaijan Grand Prix,11.0,GAS,22.224
Azerbaijan Grand Prix,11.0,COL,20.084
Azerbaijan Grand Prix,12.0,VER,0.0
Azerbaijan Grand Prix,12.0,RUS,7.818
Azerbaijan Grand Prix,12.0,SAI,3.496
Azerbaijan Grand Prix,12.0,ANT,6.667
Azerbaijan Grand Prix,12.0,LAW,5.821
Azerbaijan Grand Prix,12.0,TSU,9.841
Azerbaijan Grand Prix,12.0,NOR,11.697
Azerbaijan Grand Prix,12.0,HAM,12.282
Azerbaijan Grand Prix,12.0,LEC,10.654
Azerbaijan Grand Prix,12.0,HAD,14.722
Azerbaijan Grand Prix,12.0,BOR,17.097
Azerbaijan Grand Prix,12.0,BEA,24.38
Azerbaijan Grand Prix,12.0,ALB,25.176
Azerbaijan Grand Prix,12.0,OCO,26.04
Azerbaijan Grand Prix,12.0,ALO,17.826
Azerbaijan Grand Prix,12.0,HUL,23.003
Azerbaijan Grand Prix,12.0,STR,22.498
Azerbaijan Grand Prix,12.0,GAS,24.169
Azerbaijan Grand Prix,12.0,COL,22.091
Azerbaijan Grand Prix,13.0,VER,0.0
Azerbaijan Grand Prix,13.0,RUS,7.721
Azerbaijan Grand Prix,13.0,SAI,3.695
Azerbaijan Grand Prix,13.0,ANT,7.134
Azerbaijan Grand Prix,13.0,LAW,6.2379999999999995
Azerbaijan Grand Prix,13.0,TSU,10.256
Azerbaijan Grand Prix,13.0,NOR,11.871
Azerbaijan Grand Prix,13.0,HAM,13.2
Azerbaijan Grand Prix,13.0,LEC,10.994
Azerbaijan Grand Prix,13.0,HAD,15.689
Azerbaijan Grand Prix,13.0,BOR,17.907
Azerbaijan Grand Prix,13.0,BEA,25.568
Azerbaijan Grand Prix,13.0,ALB,27.132
Azerbaijan Grand Prix,13.0,OCO,28.008
Azerbaijan Grand Prix,13.0,ALO,18.896
Azerbaijan Grand Prix,13.0,HUL,24.805
Azerbaijan Grand Prix,13.0,STR,24.337
Azerbaijan Grand Prix,13.0,GAS,26.813
Azerbaijan Grand Prix,13.0,COL,23.862
Azerbaijan Grand Prix,14.0,VER,0.0
Azerbaijan Grand Prix,14.0,RUS,8.24
Azerbaijan Grand Prix,14.0,SAI,3.983
Azerbaijan Grand Prix,14.0,ANT,7.601
Azerbaijan Grand Prix,14.0,LAW,7.162
Azerbaijan Grand Prix,14.0,TSU,10.9
Azerbaijan Grand Prix,14.0,NOR,12.324
Azerbaijan Grand Prix,14.0,HAM,13.985
Azerbaijan Grand Prix,14.0,LEC,11.309
Azerbaijan Grand Prix,14.0,HAD,17.045
Azerbaijan Grand Prix,14.0,BOR,19.043
Azerbaijan Grand Prix,14.0,BEA,27.232
Azerbaijan Grand Prix,14.0,ALB,28.881
Azerbaijan Grand Prix,14.0,OCO,29.894
Azerbaijan Grand Prix,14.0,ALO,20.114
Azerbaijan Grand Prix,14.0,HUL,26.584
Azerbaijan Grand Prix,14.0,STR,26.015
Azerbaijan Grand Prix,14.0,GAS,28.828
Azerbaijan Grand Prix,14.0,COL,25.651
Azerbaijan Grand Prix,15.0,VER,0.0
Azerbaijan Grand Prix,15.0,RUS,8.779
Azerbaijan Grand Prix,15.0,SAI,4.521
Azerbaijan Grand Prix,15.0,ANT,8.424
Azerbaijan Grand Prix,15.0,LAW,7.803
Azerbaijan Grand Prix,15.0,TSU,11.765
Azerbaijan Grand Prix,15.0,NOR,13.19
Azerbaijan Grand Prix,15.0,HAM,16.248
Azerbaijan Grand Prix,15.0,LEC,12.535
Azerbaijan Grand Prix,15.0,HAD,18.309
Azerbaijan Grand Prix,15.0,BOR,20.388
Azerbaijan Grand Prix,15.0,BEA,30.06
Azerbaijan Grand Prix,15.0,ALB,34.183
Azerbaijan Grand Prix,15.0,OCO,32.38
Azerbaijan Grand Prix,15.0,ALO,21.582
Azerbaijan Grand Prix,15.0,HUL,29.361
Azerbaijan Grand Prix,15.0,STR,28.985
Azerbaijan Grand Prix,15.0,GAS,32.139
Azerbaijan Grand Prix,15.0,COL,28.712
Azerbaijan Grand Prix,16.0,VER,0.0
Azerbaijan Grand Prix,16.0,RUS,9.769
Azerbaijan Grand Prix,16.0,SAI,5.029
Azerbaijan Grand Prix,16.0,ANT,9.048
Azerbaijan Grand Prix,16.0,LAW,8.524000000000001
Azerbaijan Grand Prix,16.0,TSU,12.258
Azerbaijan Grand Prix,16.0,NOR,14.019
Azerbaijan Grand Prix,16.0,HAM,17.131
Azerbaijan Grand Prix,16.0,LEC,13.454
Azerbaijan Grand Prix,16.0,HAD,19.526
Azerbaijan Grand Prix,16.0,BOR,21.826
Azerbaijan Grand Prix,16.0,BEA,32.562
Azerbaijan Grand Prix,16.0,ALB,51.531
Azerbaijan Grand Prix,16.0,OCO,34.623
Azerbaijan Grand Prix,16.0,ALO,23.373
Azerbaijan Grand Prix,16.0,HUL,31.932
Azerbaijan Grand Prix,16.0,STR,31.337
Azerbaijan Grand Prix,16.0,GAS,35.753
Azerbaijan Grand Prix,16.0,COL,34.051
Azerbaijan Grand Prix,17.0,VER,0.0
Azerbaijan Grand Prix,17.0,RUS,10.421
Azerbaijan Grand Prix,17.0,SAI,5.307
Azerbaijan Grand Prix,17.0,ANT,9.592
Azerbaijan Grand Prix,17.0,LAW,9.129
Azerbaijan Grand Prix,17.0,TSU,12.7
Azerbaijan Grand Prix,17.0,NOR,14.76
Azerbaijan Grand Prix,17.0,HAM,17.723
Azerbaijan Grand Prix,17.0,LEC,13.771
Azerbaijan Grand Prix,17.0,HAD,20.622
Azerbaijan Grand Prix,17.0,BOR,22.989
Azerbaijan Grand Prix,17.0,BEA,33.934
Azerbaijan Grand Prix,17.0,ALB,54.281
Azerbaijan Grand Prix,17.0,OCO,35.958
Azerbaijan Grand Prix,17.0,ALO,24.477
Azerbaijan Grand Prix,17.0,HUL,33.231
Azerbaijan Grand Prix,17.0,STR,32.981
Azerbaijan Grand Prix,17.0,GAS,37.902
Azerbaijan Grand Prix,17.0,COL,64.98
Azerbaijan Grand Prix,18.0,VER,0.0
Azerbaijan Grand Prix,18.0,RUS,10.652
Azerbaijan Grand Prix,18.0,SAI,4.941
Azerbaijan Grand Prix,18.0,ANT,13.039
Azerbaijan Grand Prix,18.0,LAW,9.396
Azerbaijan Grand Prix,18.0,TSU,12.79
Azerbaijan Grand Prix,18.0,NOR,14.939
Azerbaijan Grand Prix,18.0,HAM,17.62
Azerbaijan Grand Prix,18.0,LEC,13.588
Azerbaijan Grand Prix,18.0,HAD,21.162
Azerbaijan Grand Prix,18.0,BOR,23.293
Azerbaijan Grand Prix,18.0,BEA,34.99
Azerbaijan Grand Prix,18.0,ALB,54.278
Azerbaijan Grand Prix,18.0,OCO,36.921
Azerbaijan Grand Prix,18.0,ALO,25.063
Azerbaijan Grand Prix,18.0,HUL,34.37
Azerbaijan Grand Prix,18.0,STR,33.97
Azerbaijan Grand Prix,18.0,GAS,39.23
Azerbaijan Grand Prix,18.0,COL,66.324
Azerbaijan Grand Prix,19.0,VER,0.0
Azerbaijan Grand Prix,19.0,RUS,10.783
Azerbaijan Grand Prix,19.0,SAI,5.318
Azerbaijan Grand Prix,19.0,ANT,31.259
Azerbaijan Grand Prix,19.0,LAW,10.259
Azerbaijan Grand Prix,19.0,TSU,13.456
Azerbaijan Grand Prix,19.0,NOR,15.543
Azerbaijan Grand Prix,19.0,HAM,18.452
Azerbaijan Grand Prix,19.0,LEC,17.862
Azerbaijan Grand Prix,19.0,HAD,22.591
Azerbaijan Grand Prix,19.0,BOR,24.9
Azerbaijan Grand Prix,19.0,BEA,37.101
Azerbaijan Grand Prix,19.0,ALB,54.725
Azerbaijan Grand Prix,19.0,OCO,38.95
Azerbaijan Grand Prix,19.0,ALO,26.699
Azerbaijan Grand Prix,19.0,HUL,36.307
Azerbaijan Grand Prix,19.0,STR,35.89
Azerbaijan Grand Prix,19.0,GAS,41.514
Azerbaijan Grand Prix,19.0,COL,67.851
Azerbaijan Grand Prix,20.0,VER,0.0
Azerbaijan Grand Prix,20.0,RUS,11.318
Azerbaijan Grand Prix,20.0,SAI,5.676
Azerbaijan Grand Prix,20.0,ANT,30.972
Azerbaijan Grand Prix,20.0,LAW,14.431
Azerbaijan Grand Prix,20.0,TSU,13.888
Azerbaijan Grand Prix,20.0,NOR,15.57
Azerbaijan Grand Prix,20.0,HAM,18.925
Azerbaijan Grand Prix,20.0,LEC,35.461
Azerbaijan Grand Prix,20.0,HAD,23.411
Azerbaijan Grand Prix,20.0,BOR,25.923000000000002
Azerbaijan Grand Prix,20.0,BEA,38.925
Azerbaijan Grand Prix,20.0,ALB,54.819
Azerbaijan Grand Prix,20.0,OCO,40.472
Azerbaijan Grand Prix,20.0,ALO,27.849
Azerbaijan Grand Prix,20.0,HUL,38.23
Azerbaijan Grand Prix,20.0,STR,37.669
Azerbaijan Grand Prix,20.0,GAS,43.282
Azerbaijan Grand Prix,20.0,COL,69.455
Azerbaijan Grand Prix,21.0,VER,0.0
Azerbaijan Grand Prix,21.0,RUS,11.137
Azerbaijan Grand Prix,21.0,SAI,6.276
Azerbaijan Grand Prix,21.0,ANT,32.291
Azerbaijan Grand Prix,21.0,LAW,32.485
Azerbaijan Grand Prix,21.0,TSU,14.132
Azerbaijan Grand Prix,21.0,NOR,15.626
Azerbaijan Grand Prix,21.0,HAM,19.293
Azerbaijan Grand Prix,21.0,LEC,35.644
Azerbaijan Grand Prix,21.0,HAD,24.533
Azerbaijan Grand Prix,21.0,BOR,27.277
Azerbaijan Grand Prix,21.0,BEA,40.344
Azerbaijan Grand Prix,21.0,ALB,54.633
Azerbaijan Grand Prix,21.0,OCO,41.958
Azerbaijan Grand Prix,21.0,ALO,33.058
Azerbaijan Grand Prix,21.0,HUL,39.637
Azerbaijan Grand Prix,21.0,STR,39.058
Azerbaijan Grand Prix,21.0,GAS,45.221
Azerbaijan Grand Prix,21.0,COL,71.063
Azerbaijan Grand Prix,22.0,VER,0.0
Azerbaijan Grand Prix,22.0,RUS,11.061
Azerbaijan Grand Prix,22.0,SAI,6.848
Azerbaijan Grand Prix,22.0,ANT,32.564
Azerbaijan Grand Prix,22.0,LAW,33.731
Azerbaijan Grand Prix,22.0,TSU,14.555
Azerbaijan Grand Prix,22.0,NOR,16.043
Azerbaijan Grand Prix,22.0,HAM,19.915
Azerbaijan Grand Prix,22.0,LEC,35.526
Azerbaijan Grand Prix,22.0,HAD,25.616
Azerbaijan Grand Prix,22.0,BOR,28.595
Azerbaijan Grand Prix,22.0,BEA,41.978
Azerbaijan Grand Prix,22.0,ALB,56.749
Azerbaijan Grand Prix,22.0,OCO,43.365
Azerbaijan Grand Prix,22.0,ALO,56.904
Azerbaijan Grand Prix,22.0,HUL,41.372
Azerbaijan Grand Prix,22.0,STR,40.979
Azerbaijan Grand Prix,22.0,GAS,47.253
Azerbaijan Grand Prix,22.0,COL,72.506
Azerbaijan Grand Prix,23.0,VER,0.0
Azerbaijan Grand Prix,23.0,RUS,10.982
Azerbaijan Grand Prix,23.0,SAI,7.196
Azerbaijan Grand Prix,23.0,ANT,32.662
Azerbaijan Grand Prix,23.0,LAW,34.339
Azerbaijan Grand Prix,23.0,TSU,15.026
Azerbaijan Grand Prix,23.0,NOR,16.566
Azerbaijan Grand Prix,23.0,HAM,20.675
Azerbaijan Grand Prix,23.0,LEC,35.843
Azerbaijan Grand Prix,23.0,HAD,26.854
Azerbaijan Grand Prix,23.0,BOR,30.034
Azerbaijan Grand Prix,23.0,BEA,43.796
Azerbaijan Grand Prix,23.0,ALB,57.187
Azerbaijan Grand Prix,23.0,OCO,45.073
Azerbaijan Grand Prix,23.0,ALO,58.56
Azerbaijan Grand Prix,23.0,HUL,43.228
Azerbaijan Grand Prix,23.0,STR,42.852
Azerbaijan Grand Prix,23.0,GAS,48.987
Azerbaijan Grand Prix,23.0,COL,73.91
Azerbaijan Grand Prix,24.0,VER,0.0
Azerbaijan Grand Prix,24.0,RUS,10.95
Azerbaijan Grand Prix,24.0,SAI,7.602
Azerbaijan Grand Prix,24.0,ANT,32.538
Azerbaijan Grand Prix,24.0,LAW,34.725
Azerbaijan Grand Prix,24.0,TSU,15.487
Azerbaijan Grand Prix,24.0,NOR,17.393
Azerbaijan Grand Prix,24.0,HAM,21.642
Azerbaijan Grand Prix,24.0,LEC,35.843
Azerbaijan Grand Prix,24.0,HAD,27.863
Azerbaijan Grand Prix,24.0,BOR,31.307
Azerbaijan Grand Prix,24.0,BEA,45.43
Azerbaijan Grand Prix,24.0,ALB,57.286
Azerbaijan Grand Prix,24.0,OCO,46.745
Azerbaijan Grand Prix,24.0,ALO,59.949
Azerbaijan Grand Prix,24.0,HUL,44.899
Azerbaijan Grand Prix,24.0,STR,44.534
Azerbaijan Grand Prix,24.0,GAS,50.787
Azerbaijan Grand Prix,24.0,COL,75.624
Azerbaijan Grand Prix,25.0,VER,0.0
Azerbaijan Grand Prix,25.0,RUS,11.339
Azerbaijan Grand Prix,25.0,SAI,8.275
Azerbaijan Grand Prix,25.0,ANT,32.748
Azerbaijan Grand Prix,25.0,LAW,35.188
Azerbaijan Grand Prix,25.0,TSU,16.028
Azerbaijan Grand Prix,25.0,NOR,18.149
Azerbaijan Grand Prix,25.0,HAM,22.483
Azerbaijan Grand Prix,25.0,LEC,36.145
Azerbaijan Grand Prix,25.0,HAD,29.021
Azerbaijan Grand Prix,25.0,BOR,32.781
Azerbaijan Grand Prix,25.0,BEA,47.265
Azerbaijan Grand Prix,25.0,ALB,57.405
Azerbaijan Grand Prix,25.0,OCO,48.568
Azerbaijan Grand Prix,25.0,ALO,60.954
Azerbaijan Grand Prix,25.0,HUL,46.397
Azerbaijan Grand Prix,25.0,STR,46.292
Azerbaijan Grand Prix,25.0,GAS,52.474
Azerbaijan Grand Prix,25.0,COL,77.268
Azerbaijan Grand Prix,26.0,VER,0.0
Azerbaijan Grand Prix,26.0,RUS,11.821
Azerbaijan Grand Prix,26.0,SAI,9.131
Azerbaijan Grand Prix,26.0,ANT,32.978
Azerbaijan Grand Prix,26.0,LAW,35.704
Azerbaijan Grand Prix,26.0,TSU,16.494
Azerbaijan Grand Prix,26.0,NOR,18.641
Azerbaijan Grand Prix,26.0,HAM,23.372
Azerbaijan Grand Prix,26.0,LEC,36.877
Azerbaijan Grand Prix,26.0,HAD,30.414
Azerbaijan Grand Prix,26.0,BOR,38.412
Azerbaijan Grand Prix,26.0,BEA,49.752
Azerbaijan Grand Prix,26.0,ALB,57.85
Azerbaijan Grand Prix,26.0,OCO,51.009
Azerbaijan Grand Prix,26.0,ALO,62.308
Azerbaijan Grand Prix,26.0,HUL,49.133
Azerbaijan Grand Prix,26.0,STR,48.584
Azerbaijan Grand Prix,26.0,GAS,54.445
Azerbaijan Grand Prix,26.0,COL,79.076
Azerbaijan Grand Prix,27.0,VER,0.0
Azerbaijan Grand Prix,27.0,RUS,12.372
Azerbaijan Grand Prix,27.0,SAI,13.602
Azerbaijan Grand Prix,27.0,ANT,33.227
Azerbaijan Grand Prix,27.0,LAW,36.574
Azerbaijan Grand Prix,27.0,TSU,16.916
Azerbaijan Grand Prix,27.0,NOR,19.24
Azerbaijan Grand Prix,27.0,HAM,24.352
Azerbaijan Grand Prix,27.0,LEC,37.089
Azerbaijan Grand Prix,27.0,HAD,31.611
Azerbaijan Grand Prix,27.0,BOR,57.334
Azerbaijan Grand Prix,27.0,BEA,51.876
Azerbaijan Grand Prix,27.0,ALB,58.915
Azerbaijan Grand Prix,27.0,OCO,52.996
Azerbaijan Grand Prix,27.0,ALO,63.943
Azerbaijan Grand Prix,27.0,HUL,51.09
Azerbaijan Grand Prix,27.0,STR,50.585
Azerbaijan Grand Prix,27.0,GAS,56.906
Azerbaijan Grand Prix,27.0,COL,80.821
Azerbaijan Grand Prix,28.0,VER,0.0
Azerbaijan Grand Prix,28.0,RUS,12.749
Azerbaijan Grand Prix,28.0,SAI,31.709
Azerbaijan Grand Prix,28.0,ANT,33.711
Azerbaijan Grand Prix,28.0,LAW,37.422
Azerbaijan Grand Prix,28.0,TSU,17.551
Azerbaijan Grand Prix,28.0,NOR,19.732
Azerbaijan Grand Prix,28.0,HAM,25.26
Azerbaijan Grand Prix,28.0,LEC,38.492
Azerbaijan Grand Prix,28.0,HAD,33.35
Azerbaijan Grand Prix,28.0,BOR,59.409
Azerbaijan Grand Prix,28.0,BEA,57.568
Azerbaijan Grand Prix,28.0,ALB,60.278
Azerbaijan Grand Prix,28.0,OCO,55.299
Azerbaijan Grand Prix,28.0,ALO,65.626
Azerbaijan Grand Prix,28.0,HUL,53.277
Azerbaijan Grand Prix,28.0,STR,52.787
Azerbaijan Grand Prix,28.0,GAS,59.547
Azerbaijan Grand Prix,28.0,COL,82.952
Azerbaijan Grand Prix,29.0,VER,0.0
Azerbaijan Grand Prix,29.0,RUS,12.986
Azerbaijan Grand Prix,29.0,SAI,31.737
Azerbaijan Grand Prix,29.0,ANT,34.914
Azerbaijan Grand Prix,29.0,LAW,38.279
Azerbaijan Grand Prix,29.0,TSU,18.205
Azerbaijan Grand Prix,29.0,NOR,20.247
Azerbaijan Grand Prix,29.0,HAM,26.019
Azerbaijan Grand Prix,29.0,LEC,39.135
Azerbaijan Grand Prix,29.0,HAD,37.64
Azerbaijan Grand Prix,29.0,BOR,60.694
Azerbaijan Grand Prix,29.0,BEA,75.783
Azerbaijan Grand Prix,29.0,ALB,62.74
Azerbaijan Grand Prix,29.0,OCO,57.484
Azerbaijan Grand Prix,29.0,ALO,67.044
Azerbaijan Grand Prix,29.0,HUL,55.158
Azerbaijan Grand Prix,29.0,STR,54.813
Azerbaijan Grand Prix,29.0,GAS,62.776
Azerbaijan Grand Prix,29.0,COL,84.817
Azerbaijan Grand Prix,30.0,VER,0.0
Azerbaijan Grand Prix,30.0,RUS,13.189
Azerbaijan Grand Prix,30.0,SAI,31.925
Azerbaijan Grand Prix,30.0,ANT,35.496
Azerbaijan Grand Prix,30.0,LAW,39.156
Azerbaijan Grand Prix,30.0,TSU,19.183
Azerbaijan Grand Prix,30.0,NOR,20.82
Azerbaijan Grand Prix,30.0,HAM,26.671
Azerbaijan Grand Prix,30.0,LEC,39.757
Azerbaijan Grand Prix,30.0,HAD,55.863
Azerbaijan Grand Prix,30.0,BOR,61.577
Azerbaijan Grand Prix,30.0,BEA,75.594
Azerbaijan Grand Prix,30.0,ALB,63.762
Azerbaijan Grand Prix,30.0,OCO,59.639
Azerbaijan Grand Prix,30.0,ALO,68.772
Azerbaijan Grand Prix,30.0,HUL,57.599
Azerbaijan Grand Prix,30.0,STR,57.228
Azerbaijan Grand Prix,30.0,GAS,65.691
Azerbaijan Grand Prix,30.0,COL,86.541
Azerbaijan Grand Prix,31.0,VER,0.0
Azerbaijan Grand Prix,31.0,RUS,13.392
Azerbaijan Grand Prix,31.0,SAI,32.179
Azerbaijan Grand Prix,31.0,ANT,35.535
Azerbaijan Grand Prix,31.0,LAW,39.669
Azerbaijan Grand Prix,31.0,TSU,19.868
Azerbaijan Grand Prix,31.0,NOR,21.421
Azerbaijan Grand Prix,31.0,HAM,27.431
Azerbaijan Grand Prix,31.0,LEC,40.333
Azerbaijan Grand Prix,31.0,HAD,56.269
Azerbaijan Grand Prix,31.0,BOR,61.945
Azerbaijan Grand Prix,31.0,BEA,75.098
Azerbaijan Grand Prix,31.0,ALB,64.233
Azerbaijan Grand Prix,31.0,OCO,61.409
Azerbaijan Grand Prix,31.0,ALO,70.404
Azerbaijan Grand Prix,31.0,HUL,59.758
Azerbaijan Grand Prix,31.0,STR,59.353
Azerbaijan Grand Prix,31.0,GAS,68.036
Azerbaijan Grand Prix,31.0,COL,88.45
Azerbaijan Grand Prix,32.0,VER,0.0
Azerbaijan Grand Prix,32.0,RUS,13.758
Azerbaijan Grand Prix,32.0,SAI,32.643
Azerbaijan Grand Prix,32.0,ANT,35.83
Azerbaijan Grand Prix,32.0,LAW,40.476
Azerbaijan Grand Prix,32.0,TSU,20.759
Azerbaijan Grand Prix,32.0,NOR,22.194
Azerbaijan Grand Prix,32.0,HAM,28.59
Azerbaijan Grand Prix,32.0,LEC,41.105
Azerbaijan Grand Prix,32.0,HAD,56.378
Azerbaijan Grand Prix,32.0,BOR,62.755
Azerbaijan Grand Prix,32.0,BEA,75.206
Azerbaijan Grand Prix,32.0,ALB,64.712
Azerbaijan Grand Prix,32.0,OCO,62.479
Azerbaijan Grand Prix,32.0,ALO,71.572
Azerbaijan Grand Prix,32.0,HUL,61.63
Azerbaijan Grand Prix,32.0,STR,61.261
Azerbaijan Grand Prix,32.0,GAS,70.151
Azerbaijan Grand Prix,32.0,COL,90.027
Azerbaijan Grand Prix,33.0,VER,0.0
Azerbaijan Grand Prix,33.0,RUS,14.069
Azerbaijan Grand Prix,33.0,SAI,33.045
Azerbaijan Grand Prix,33.0,ANT,36.102
Azerbaijan Grand Prix,33.0,LAW,41.097
Azerbaijan Grand Prix,33.0,TSU,21.383
Azerbaijan Grand Prix,33.0,NOR,23.023
Azerbaijan Grand Prix,33.0,HAM,29.559
Azerbaijan Grand Prix,33.0,LEC,42.062
Azerbaijan Grand Prix,33.0,HAD,56.665
Azerbaijan Grand Prix,33.0,BOR,64.674
Azerbaijan Grand Prix,33.0,BEA,75.28
Azerbaijan Grand Prix,33.0,ALB,65.582
Azerbaijan Grand Prix,33.0,OCO,64.441
Azerbaijan Grand Prix,33.0,ALO,72.742
Azerbaijan Grand Prix,33.0,HUL,63.15
Azerbaijan Grand Prix,33.0,STR,63.05
Azerbaijan Grand Prix,33.0,GAS,72.217
Azerbaijan Grand Prix,33.0,COL,91.827
Azerbaijan Grand Prix,34.0,VER,0.0
Azerbaijan Grand Prix,34.0,RUS,14.166
Azerbaijan Grand Prix,34.0,SAI,33.247
Azerbaijan Grand Prix,34.0,ANT,36.203
Azerbaijan Grand Prix,34.0,LAW,41.914
Azerbaijan Grand Prix,34.0,TSU,21.752
Azerbaijan Grand Prix,34.0,NOR,23.473
Azerbaijan Grand Prix,34.0,HAM,29.982
Azerbaijan Grand Prix,34.0,LEC,42.615
Azerbaijan Grand Prix,34.0,HAD,56.796
Azerbaijan Grand Prix,34.0,BOR,66.613
Azerbaijan Grand Prix,34.0,BEA,75.712
Azerbaijan Grand Prix,34.0,ALB,67.548
Azerbaijan Grand Prix,34.0,OCO,67.451
Azerbaijan Grand Prix,34.0,ALO,74.439
Azerbaijan Grand Prix,34.0,HUL,66.473
Azerbaijan Grand Prix,34.0,STR,65.015
Azerbaijan Grand Prix,34.0,GAS,74.143
Azerbaijan Grand Prix,34.0,COL,93.33
Azerbaijan Grand Prix,35.0,VER,0.0
Azerbaijan Grand Prix,35.0,RUS,14.069
Azerbaijan Grand Prix,35.0,SAI,33.566
Azerbaijan Grand Prix,35.0,ANT,36.179
Azerbaijan Grand Prix,35.0,LAW,42.296
Azerbaijan Grand Prix,35.0,TSU,21.978
Azerbaijan Grand Prix,35.0,NOR,23.883
Azerbaijan Grand Prix,35.0,HAM,31.159
Azerbaijan Grand Prix,35.0,LEC,42.984
Azerbaijan Grand Prix,35.0,HAD,56.632
Azerbaijan Grand Prix,35.0,BOR,67.808
Azerbaijan Grand Prix,35.0,BEA,76.99
Azerbaijan Grand Prix,35.0,ALB,69.063
Azerbaijan Grand Prix,35.0,OCO,70.544
Azerbaijan Grand Prix,35.0,ALO,76.684
Azerbaijan Grand Prix,35.0,HUL,68.931
Azerbaijan Grand Prix,35.0,STR,66.854
Azerbaijan Grand Prix,35.0,GAS,79.942
Azerbaijan Grand Prix,35.0,COL,94.917
Azerbaijan Grand Prix,36.0,VER,0.0
Azerbaijan Grand Prix,36.0,RUS,14.114
Azerbaijan Grand Prix,36.0,SAI,34.148
Azerbaijan Grand Prix,36.0,ANT,36.328
Azerbaijan Grand Prix,36.0,LAW,42.697
Azerbaijan Grand Prix,36.0,TSU,22.339
Azerbaijan Grand Prix,36.0,NOR,24.274
Azerbaijan Grand Prix,36.0,HAM,34.929
Azerbaijan Grand Prix,36.0,LEC,43.642
Azerbaijan Grand Prix,36.0,HAD,56.697
Azerbaijan Grand Prix,36.0,BOR,68.747
Azerbaijan Grand Prix,36.0,BEA,77.873
Azerbaijan Grand Prix,36.0,ALB,70.302
Azerbaijan Grand Prix,36.0,OCO,72.799
Azerbaijan Grand Prix,36.0,ALO,77.966
Azerbaijan Grand Prix,36.0,HUL,75.764
Azerbaijan Grand Prix,36.0,STR,68.742
Azerbaijan Grand Prix,36.0,GAS,99.827
Azerbaijan Grand Prix,36.0,COL,96.795
Azerbaijan Grand Prix,37.0,VER,0.0
Azerbaijan Grand Prix,37.0,RUS,14.129
Azerbaijan Grand Prix,37.0,SAI,34.184
Azerbaijan Grand Prix,37.0,ANT,36.277
Azerbaijan Grand Prix,37.0,LAW,43.12
Azerbaijan Grand Prix,37.0,TSU,22.614
Azerbaijan Grand Prix,37.0,NOR,27.684
Azerbaijan Grand Prix,37.0,HAM,51.947
Azerbaijan Grand Prix,37.0,LEC,43.669
Azerbaijan Grand Prix,37.0,HAD,56.731
Azerbaijan Grand Prix,37.0,BOR,69.702
Azerbaijan Grand Prix,37.0,BEA,78.012
Azerbaijan Grand Prix,37.0,ALB,71.349
Azerbaijan Grand Prix,37.0,OCO,74.332
Azerbaijan Grand Prix,37.0,ALO,79.847
Azerbaijan Grand Prix,37.0,HUL,92.526
Azerbaijan Grand Prix,37.0,STR,75.033
Azerbaijan Grand Prix,37.0,GAS,100.642
Azerbaijan Grand Prix,37.0,COL,98.399
Azerbaijan Grand Prix,38.0,VER,0.0
Azerbaijan Grand Prix,38.0,RUS,14.183
Azerbaijan Grand Prix,38.0,SAI,34.195
Azerbaijan Grand Prix,38.0,ANT,36.293
Azerbaijan Grand Prix,38.0,LAW,43.141
Azerbaijan Grand Prix,38.0,TSU,26.602
Azerbaijan Grand Prix,38.0,NOR,45.764
Azerbaijan Grand Prix,38.0,HAM,51.333
Azerbaijan Grand Prix,38.0,LEC,44.071
Azerbaijan Grand Prix,38.0,HAD,56.592
Azerbaijan Grand Prix,38.0,BOR,70.886
Azerbaijan Grand Prix,38.0,BEA,78.045
Azerbaijan Grand Prix,38.0,ALB,71.623
Azerbaijan Grand Prix,38.0,OCO,75.469
Azerbaijan Grand Prix,38.0,ALO,80.895
Azerbaijan Grand Prix,38.0,HUL,93.063
Azerbaijan Grand Prix,38.0,STR,95.745
Azerbaijan Grand Prix,38.0,GAS,101.503
Azerbaijan Grand Prix,38.0,COL,100.305
Azerbaijan Grand Prix,39.0,VER,0.0
Azerbaijan Grand Prix,39.0,RUS,17.234
Azerbaijan Grand Prix,39.0,SAI,34.122
Azerbaijan Grand Prix,39.0,ANT,36.177
Azerbaijan Grand Prix,39.0,LAW,43.352
Azerbaijan Grand Prix,39.0,TSU,45.137
Azerbaijan Grand Prix,39.0,NOR,45.918
Azerbaijan Grand Prix,39.0,HAM,50.394
Azerbaijan Grand Prix,39.0,LEC,45.688
Azerbaijan Grand Prix,39.0,HAD,56.307
Azerbaijan Grand Prix,39.0,BOR,71.364
Azerbaijan Grand Prix,39.0,BEA,78.151
Azerbaijan Grand Prix,39.0,ALB,71.937
Azerbaijan Grand Prix,39.0,OCO,76.107
Azerbaijan Grand Prix,39.0,ALO,81.432
Azerbaijan Grand Prix,39.0,HUL,92.803
Azerbaijan Grand Prix,39.0,STR,96.35
Azerbaijan Grand Prix,39.0,GAS,102.344
Azerbaijan Grand Prix,39.0,COL,101.853
Azerbaijan Grand Prix,40.0,VER,0.0
Azerbaijan Grand Prix,40.0,RUS,29.058
Azerbaijan Grand Prix,40.0,SAI,30.898
Azerbaijan Grand Prix,40.0,ANT,32.34
Azerbaijan Grand Prix,40.0,LAW,39.895
Azerbaijan Grand Prix,40.0,TSU,41.26
Azerbaijan Grand Prix,40.0,NOR,42.211
Azerbaijan Grand Prix,40.0,HAM,45.617
Azerbaijan Grand Prix,40.0,LEC,42.36
Azerbaijan Grand Prix,40.0,HAD,52.036
Azerbaijan Grand Prix,40.0,BOR,67.783
Azerbaijan Grand Prix,40.0,BEA,74.518
Azerbaijan Grand Prix,40.0,ALB,68.742
Azerbaijan Grand Prix,40.0,OCO,73.92
Azerbaijan Grand Prix,40.0,ALO,78.101
Azerbaijan Grand Prix,40.0,HUL,88.772
Azerbaijan Grand Prix,40.0,STR,93.341
Azerbaijan Grand Prix,40.0,GAS,99.304
Azerbaijan Grand Prix,40.0,COL,99.154
Azerbaijan Grand Prix,41.0,VER,0.0
Azerbaijan Grand Prix,41.0,RUS,11.883
Azerbaijan Grand Prix,41.0,SAI,14.593
Azerbaijan Grand Prix,41.0,ANT,15.844
Azerbaijan Grand Prix,41.0,LAW,23.431
Azerbaijan Grand Prix,41.0,TSU,24.169
Azerbaijan Grand Prix,41.0,NOR,25.526
Azerbaijan Grand Prix,41.0,HAM,28.425
Azerbaijan Grand Prix,41.0,LEC,26.996
Azerbaijan Grand Prix,41.0,HAD,35.154
Azerbaijan Grand Prix,41.0,BOR,51.359
Azerbaijan Grand Prix,41.0,BEA,58.132
Azerbaijan Grand Prix,41.0,ALB,52.267
Azerbaijan Grand Prix,41.0,OCO,59.485
Azerbaijan Grand Prix,41.0,ALO,61.984
Azerbaijan Grand Prix,41.0,HUL,71.819
Azerbaijan Grand Prix,41.0,STR,77.614
Azerbaijan Grand Prix,41.0,GAS,84.687
Azerbaijan Grand Prix,41.0,COL,84.474
Azerbaijan Grand Prix,42.0,VER,0.0
Azerbaijan Grand Prix,42.0,RUS,11.935
Azerbaijan Grand Prix,42.0,SAI,15.757
Azerbaijan Grand Prix,42.0,ANT,17.03
Azerbaijan Grand Prix,42.0,LAW,24.662
Azerbaijan Grand Prix,42.0,TSU,25.04
Azerbaijan Grand Prix,42.0,NOR,25.979
Azerbaijan Grand Prix,42.0,HAM,29.084
Azerbaijan Grand Prix,42.0,LEC,28.294
Azerbaijan Grand Prix,42.0,HAD,36.057
Azerbaijan Grand Prix,42.0,BOR,52.796
Azerbaijan Grand Prix,42.0,BEA,59.495
Azerbaijan Grand Prix,42.0,ALB,53.601
Azerbaijan Grand Prix,42.0,OCO,61.675
Azerbaijan Grand Prix,42.0,ALO,64.18
Azerbaijan Grand Prix,42.0,HUL,73.166
Azerbaijan Grand Prix,42.0,STR,79.701
Azerbaijan Grand Prix,42.0,GAS,87.475
Azerbaijan Grand Prix,42.0,COL,87.147
Azerbaijan Grand Prix,43.0,VER,0.0
Azerbaijan Grand Prix,43.0,RUS,12.33
Azerbaijan Grand Prix,43.0,SAI,16.439
Azerbaijan Grand Prix,43.0,ANT,17.907
Azerbaijan Grand Prix,43.0,LAW,26.29
Azerbaijan Grand Prix,43.0,TSU,26.833
Azerbaijan Grand Prix,43.0,NOR,27.271
Azerbaijan Grand Prix,43.0,HAM,29.581
Azerbaijan Grand Prix,43.0,LEC,31.269
Azerbaijan Grand Prix,43.0,HAD,36.62
Azerbaijan Grand Prix,43.0,BOR,53.977
Azerbaijan Grand Prix,43.0,BEA,60.388
Azerbaijan Grand Prix,43.0,ALB,54.944
Azerbaijan Grand Prix,43.0,OCO,63.964
Azerbaijan Grand Prix,43.0,ALO,66.08
Azerbaijan Grand Prix,43.0,HUL,73.889
Azerbaijan Grand Prix,43.0,STR,81.569
Azerbaijan Grand Prix,43.0,GAS,89.97
Azerbaijan Grand Prix,43.0,COL,89.912
Azerbaijan Grand Prix,44.0,VER,0.0
Azerbaijan Grand Prix,44.0,RUS,12.616
Azerbaijan Grand Prix,44.0,SAI,17.229
Azerbaijan Grand Prix,44.0,ANT,18.777
Azerbaijan Grand Prix,44.0,LAW,27.869
Azerbaijan Grand Prix,44.0,TSU,28.178
Azerbaijan Grand Prix,44.0,NOR,28.703
Azerbaijan Grand Prix,44.0,HAM,30.346
Azerbaijan Grand Prix,44.0,LEC,32.505
Azerbaijan Grand Prix,44.0,HAD,37.501
Azerbaijan Grand Prix,44.0,BOR,55.651
Azerbaijan Grand Prix,44.0,BEA,61.436
Azerbaijan Grand Prix,44.0,ALB,56.513
Azerbaijan Grand Prix,44.0,OCO,66.319
Azerbaijan Grand Prix,44.0,ALO,68.529
Azerbaijan Grand Prix,44.0,HUL,75.287
Azerbaijan Grand Prix,44.0,STR,83.656
Azerbaijan Grand Prix,44.0,GAS,93.379
Azerbaijan Grand Prix,44.0,COL,92.887
Azerbaijan Grand Prix,45.0,VER,0.0
Azerbaijan Grand Prix,45.0,RUS,13.485
Azerbaijan Grand Prix,45.0,SAI,17.819
Azerbaijan Grand Prix,45.0,ANT,19.526
Azerbaijan Grand Prix,45.0,LAW,29.358
Azerbaijan Grand Prix,45.0,TSU,29.874
Azerbaijan Grand Prix,45.0,NOR,30.234
Azerbaijan Grand Prix,45.0,HAM,31.418
Azerbaijan Grand Prix,45.0,LEC,33.713
Azerbaijan Grand Prix,45.0,HAD,38.254
Azerbaijan Grand Prix,45.0,BOR,57.158
Azerbaijan Grand Prix,45.0,BEA,62.422
Azerbaijan Grand Prix,45.0,ALB,57.848
Azerbaijan Grand Prix,45.0,OCO,68.715
Azerbaijan Grand Prix,45.0,ALO,70.426
Azerbaijan Grand Prix,45.0,HUL,76.329
Azerbaijan Grand Prix,45.0,STR,85.589
Azerbaijan Grand Prix,45.0,GAS,96.53
Azerbaijan Grand Prix,45.0,COL,96.238
Azerbaijan Grand Prix,46.0,VER,0.0
Azerbaijan Grand Prix,46.0,RUS,14.224
Azerbaijan Grand Prix,46.0,SAI,18.898
Azerbaijan Grand Prix,46.0,ANT,20.408
Azerbaijan Grand Prix,46.0,LAW,30.826
Azerbaijan Grand Prix,46.0,TSU,31.487
Azerbaijan Grand Prix,46.0,NOR,31.719
Azerbaijan Grand Prix,46.0,HAM,32.49
Azerbaijan Grand Prix,46.0,LEC,35.026
Azerbaijan Grand Prix,46.0,HAD,39.057
Azerbaijan Grand Prix,46.0,BOR,58.862
Azerbaijan Grand Prix,46.0,BEA,63.645
Azerbaijan Grand Prix,46.0,ALB,59.651
Azerbaijan Grand Prix,46.0,OCO,70.938
Azerbaijan Grand Prix,46.0,ALO,72.409
Azerbaijan Grand Prix,46.0,HUL,77.557
Azerbaijan Grand Prix,46.0,STR,87.623
Azerbaijan Grand Prix,46.0,GAS,99.217
Azerbaijan Grand Prix,46.0,COL,98.916
Azerbaijan Grand Prix,47.0,VER,0.0
Azerbaijan Grand Prix,47.0,RUS,14.564
Azerbaijan Grand Prix,47.0,SAI,19.291
Azerbaijan Grand Prix,47.0,ANT,20.92
Azerbaijan Grand Prix,47.0,LAW,32.012
Azerbaijan Grand Prix,47.0,TSU,32.667
Azerbaijan Grand Prix,47.0,NOR,32.899
Azerbaijan Grand Prix,47.0,HAM,33.847
Azerbaijan Grand Prix,47.0,LEC,36.173
Azerbaijan Grand Prix,47.0,HAD,39.835
Azerbaijan Grand Prix,47.0,BOR,60.479
Azerbaijan Grand Prix,47.0,BEA,65.163
Azerbaijan Grand Prix,47.0,ALB,61.245
Azerbaijan Grand Prix,47.0,OCO,72.927
Azerbaijan Grand Prix,47.0,ALO,74.265
Azerbaijan Grand Prix,47.0,HUL,78.348
Azerbaijan Grand Prix,47.0,STR,89.438
Azerbaijan Grand Prix,47.0,GAS,101.975
Azerbaijan Grand Prix,47.0,COL,101.675
Azerbaijan Grand Prix,48.0,VER,0.0
Azerbaijan Grand Prix,48.0,RUS,14.868
Azerbaijan Grand Prix,48.0,SAI,19.507
Azerbaijan Grand Prix,48.0,ANT,21.224
Azerbaijan Grand Prix,48.0,LAW,32.833
Azerbaijan Grand Prix,48.0,TSU,33.266
Azerbaijan Grand Prix,48.0,NOR,33.727
Azerbaijan Grand Prix,48.0,HAM,34.619
Azerbaijan Grand Prix,48.0,LEC,36.684
Azerbaijan Grand Prix,48.0,HAD,40.06
Azerbaijan Grand Prix,48.0,BOR,64.382
Azerbaijan Grand Prix,48.0,BEA,66.7
Azerbaijan Grand Prix,48.0,ALB,63.017
Azerbaijan Grand Prix,48.0,OCO,74.523
Azerbaijan Grand Prix,48.0,ALO,76.669
Azerbaijan Grand Prix,48.0,HUL,79.88
Azerbaijan Grand Prix,48.0,STR,90.996
Azerbaijan Grand Prix,48.0,GAS,106.084
Azerbaijan Grand Prix,48.0,COL,106.169
Azerbaijan Grand Prix,49.0,VER,0.0
Azerbaijan Grand Prix,49.0,RUS,13.549
Azerbaijan Grand Prix,49.0,SAI,18.299
Azerbaijan Grand Prix,49.0,ANT,19.85
Azerbaijan Grand Prix,49.0,LAW,31.829
Azerbaijan Grand Prix,49.0,TSU,32.426
Azerbaijan Grand Prix,49.0,NOR,32.736
Azerbaijan Grand Prix,49.0,HAM,33.519
Azerbaijan Grand Prix,49.0,LEC,35.871
Azerbaijan Grand Prix,49.0,HAD,38.793
Azerbaijan Grand Prix,49.0,BOR,64.699
Azerbaijan Grand Prix,49.0,BEA,66.21
Azerbaijan Grand Prix,49.0,ALB,62.082
Azerbaijan Grand Prix,49.0,OCO,74.573
Azerbaijan Grand Prix,49.0,ALO,76.624
Azerbaijan Grand Prix,49.0,HUL,79.086
Azerbaijan Grand Prix,49.0,STR,91.137
Azerbaijan Grand Prix,49.0,GAS,106.172
Azerbaijan Grand Prix,49.0,COL,108.184
Azerbaijan Grand Prix,50.0,VER,0.0
Azerbaijan Grand Prix,50.0,RUS,14.643
Azerbaijan Grand Prix,50.0,SAI,19.387
Azerbaijan Grand Prix,50.0,ANT,20.885
Azerbaijan Grand Prix,50.0,LAW,32.998
Azerbaijan Grand Prix,50.0,TSU,33.75
Azerbaijan Grand Prix,50.0,NOR,33.886
Azerbaijan Grand Prix,50.0,HAM,34.81
Azerbaijan Grand Prix,50.0,LEC,36.757
Azerbaijan Grand Prix,50.0,HAD,39.289
Azerbaijan Grand Prix,50.0,BOR,66.82
Azerbaijan Grand Prix,50.0,BEA,67.976
Azerbaijan Grand Prix,50.0,ALB,63.296
Azerbaijan Grand Prix,50.0,OCO,76.573
Azerbaijan Grand Prix,50.0,ALO,78.238
Azerbaijan Grand Prix,50.0,HUL,80.28
Azerbaijan Grand Prix,50.0,STR,92.832
Azerbaijan Grand Prix,50.0,GAS,108.412
Azerbaijan Grand Prix,50.0,COL,110.954
Azerbaijan Grand Prix,51.0,VER,0.0
Azerbaijan Grand Prix,51.0,RUS,14.714
Azerbaijan Grand Prix,51.0,SAI,19.28
Azerbaijan Grand Prix,51.0,ANT,21.861
Azerbaijan Grand Prix,51.0,LAW,33.341
Azerbaijan Grand Prix,51.0,TSU,33.942
Azerbaijan Grand Prix,51.0,NOR,34.301
Azerbaijan Grand Prix,51.0,HAM,36.333
Azerbaijan Grand Prix,51.0,LEC,36.877
Azerbaijan Grand Prix,51.0,HAD,38.979
Azerbaijan Grand Prix,51.0,BOR,67.644
Azerbaijan Grand Prix,51.0,BEA,68.297
Azerbaijan Grand Prix,51.0,ALB,62.892
Azerbaijan Grand Prix,51.0,OCO,77.58
Azerbaijan Grand Prix,51.0,ALO,78.778
Azerbaijan Grand Prix,51.0,HUL,80.253
Azerbaijan Grand Prix,51.0,STR,96.48
Singapore Grand Prix,1.0,RUS,0.0
Singapore Grand Prix,1.0,VER,0.982
Singapore Grand Prix,1.0,NOR,1.661
Singapore Grand Prix,1.0,PIA,3.077
Singapore Grand Prix,1.0,ANT,3.957
Singapore Grand Prix,1.0,LEC,3.659
Singapore Grand Prix,1.0,ALO,6.264
Singapore Grand Prix,1.0,HAM,4.698
Singapore Grand Prix,1.0,BEA,6.739
Singapore Grand Prix,1.0,SAI,12.167
Singapore Grand Prix,1.0,HAD,5.5120000000000005
Singapore Grand Prix,1.0,TSU,11.262
Singapore Grand Prix,1.0,STR,9.917
Singapore Grand Prix,1.0,ALB,12.855
Singapore Grand Prix,1.0,LAW,8.036
Singapore Grand Prix,1.0,COL,8.522
Singapore Grand Prix,1.0,BOR,10.152
Singapore Grand Prix,1.0,OCO,11.558
Singapore Grand Prix,1.0,GAS,12.436
Singapore Grand Prix,1.0,HUL,7.568
Singapore Grand Prix,2.0,RUS,0.0
Singapore Grand Prix,2.0,VER,1.5310000000000001
Singapore Grand Prix,2.0,NOR,2.151
Singapore Grand Prix,2.0,PIA,4.212
Singapore Grand Prix,2.0,ANT,6.2
Singapore Grand Prix,2.0,LEC,5.587
Singapore Grand Prix,2.0,ALO,8.474
Singapore Grand Prix,2.0,HAM,6.899
Singapore Grand Prix,2.0,BEA,9.091
Singapore Grand Prix,2.0,SAI,15.201
Singapore Grand Prix,2.0,HAD,7.892
Singapore Grand Prix,2.0,TSU,14.323
Singapore Grand Prix,2.0,STR,11.91
Singapore Grand Prix,2.0,ALB,16.08
Singapore Grand Prix,2.0,LAW,10.558
Singapore Grand Prix,2.0,COL,11.296
Singapore Grand Prix,2.0,BOR,12.229
Singapore Grand Prix,2.0,OCO,13.541
Singapore Grand Prix,2.0,GAS,15.741
Singapore Grand Prix,2.0,HUL,9.779
Singapore Grand Prix,3.0,RUS,0.0
Singapore Grand Prix,3.0,VER,1.9769999999999999
Singapore Grand Prix,3.0,NOR,2.8689999999999998
Singapore Grand Prix,3.0,PIA,5.145
Singapore Grand Prix,3.0,ANT,7.426
Singapore Grand Prix,3.0,LEC,6.594
Singapore Grand Prix,3.0,ALO,9.422
Singapore Grand Prix,3.0,HAM,8.183
Singapore Grand Prix,3.0,BEA,11.089
Singapore Grand Prix,3.0,SAI,17.162
Singapore Grand Prix,3.0,HAD,10.114
Singapore Grand Prix,3.0,TSU,16.476
Singapore Grand Prix,3.0,STR,13.838
Singapore Grand Prix,3.0,ALB,18.216
Singapore Grand Prix,3.0,LAW,12.355
Singapore Grand Prix,3.0,COL,13.05
Singapore Grand Prix,3.0,BOR,14.275
Singapore Grand Prix,3.0,OCO,15.848
Singapore Grand Prix,3.0,GAS,17.724
Singapore Grand Prix,3.0,HUL,11.485
Singapore Grand Prix,4.0,RUS,0.0
Singapore Grand Prix,4.0,VER,2.484
Singapore Grand Prix,4.0,NOR,3.51
Singapore Grand Prix,4.0,PIA,5.993
Singapore Grand Prix,4.0,ANT,8.062
Singapore Grand Prix,4.0,LEC,7.289
Singapore Grand Prix,4.0,ALO,11.133
Singapore Grand Prix,4.0,HAM,9.303
Singapore Grand Prix,4.0,BEA,12.481
Singapore Grand Prix,4.0,SAI,19.217
Singapore Grand Prix,4.0,HAD,11.87
Singapore Grand Prix,4.0,TSU,18.501
Singapore Grand Prix,4.0,STR,15.857
Singapore Grand Prix,4.0,ALB,20.737
Singapore Grand Prix,4.0,LAW,14.321
Singapore Grand Prix,4.0,COL,15.084
Singapore Grand Prix,4.0,BOR,16.382
Singapore Grand Prix,4.0,OCO,17.703
Singapore Grand Prix,4.0,GAS,19.907
Singapore Grand Prix,4.0,HUL,13.457
Singapore Grand Prix,5.0,RUS,0.0
Singapore Grand Prix,5.0,VER,2.8040000000000003
Singapore Grand Prix,5.0,NOR,4.392
Singapore Grand Prix,5.0,PIA,6.758
Singapore Grand Prix,5.0,ANT,8.922
Singapore Grand Prix,5.0,LEC,8.166
Singapore Grand Prix,5.0,ALO,12.566
Singapore Grand Prix,5.0,HAM,9.904
Singapore Grand Prix,5.0,BEA,13.97
Singapore Grand Prix,5.0,SAI,21.464
Singapore Grand Prix,5.0,HAD,13.425
Singapore Grand Prix,5.0,TSU,20.479
Singapore Grand Prix,5.0,STR,17.913
Singapore Grand Prix,5.0,ALB,22.695
Singapore Grand Prix,5.0,LAW,15.909
Singapore Grand Prix,5.0,COL,16.807
Singapore Grand Prix,5.0,BOR,18.65
Singapore Grand Prix,5.0,OCO,19.728
Singapore Grand Prix,5.0,GAS,22.271
Singapore Grand Prix,5.0,HUL,15.128
Singapore Grand Prix,6.0,RUS,0.0
Singapore Grand Prix,6.0,VER,3.276
Singapore Grand Prix,6.0,NOR,5.135
Singapore Grand Prix,6.0,PIA,7.828
Singapore Grand Prix,6.0,ANT,9.801
Singapore Grand Prix,6.0,LEC,9.139
Singapore Grand Prix,6.0,ALO,14.115
Singapore Grand Prix,6.0,HAM,10.886
Singapore Grand Prix,6.0,BEA,15.712
Singapore Grand Prix,6.0,SAI,24.61
Singapore Grand Prix,6.0,HAD,15.125
Singapore Grand Prix,6.0,TSU,22.918
Singapore Grand Prix,6.0,STR,20.191
Singapore Grand Prix,6.0,ALB,26.511
Singapore Grand Prix,6.0,LAW,17.893
Singapore Grand Prix,6.0,COL,18.992
Singapore Grand Prix,6.0,BOR,21.453
Singapore Grand Prix,6.0,OCO,22.198
Singapore Grand Prix,6.0,GAS,25.287
Singapore Grand Prix,6.0,HUL,17.41
Singapore Grand Prix,7.0,RUS,0.0
Singapore Grand Prix,7.0,VER,3.657
Singapore Grand Prix,7.0,NOR,5.566
Singapore Grand Prix,7.0,PIA,8.309
Singapore Grand Prix,7.0,ANT,10.939
Singapore Grand Prix,7.0,LEC,10.217
Singapore Grand Prix,7.0,ALO,15.718
Singapore Grand Prix,7.0,HAM,11.875
Singapore Grand Prix,7.0,BEA,17.964
Singapore Grand Prix,7.0,SAI,27.142
Singapore Grand Prix,7.0,HAD,16.45
Singapore Grand Prix,7.0,TSU,25.349
Singapore Grand Prix,7.0,STR,22.374
Singapore Grand Prix,7.0,ALB,29.226
Singapore Grand Prix,7.0,LAW,19.951999999999998
Singapore Grand Prix,7.0,COL,21.068
Singapore Grand Prix,7.0,BOR,23.757
Singapore Grand Prix,7.0,OCO,24.583
Singapore Grand Prix,7.0,GAS,27.769
Singapore Grand Prix,7.0,HUL,19.079
Singapore Grand Prix,8.0,RUS,0.0
Singapore Grand Prix,8.0,VER,4.138
Singapore Grand Prix,8.0,NOR,5.943
Singapore Grand Prix,8.0,PIA,8.866
Singapore Grand Prix,8.0,ANT,11.872
Singapore Grand Prix,8.0,LEC,10.984
Singapore Grand Prix,8.0,ALO,17.586
Singapore Grand Prix,8.0,HAM,13.119
Singapore Grand Prix,8.0,BEA,19.786
Singapore Grand Prix,8.0,SAI,29.784
Singapore Grand Prix,8.0,HAD,18.372
Singapore Grand Prix,8.0,TSU,27.651
Singapore Grand Prix,8.0,STR,24.389
Singapore Grand Prix,8.0,ALB,32.051
Singapore Grand Prix,8.0,LAW,22.263
Singapore Grand Prix,8.0,COL,23.133
Singapore Grand Prix,8.0,BOR,25.878
Singapore Grand Prix,8.0,OCO,26.815
Singapore Grand Prix,8.0,GAS,30.599
Singapore Grand Prix,8.0,HUL,21.551
Singapore Grand Prix,9.0,RUS,0.0
Singapore Grand Prix,9.0,VER,4.577
Singapore Grand Prix,9.0,NOR,6.342
Singapore Grand Prix,9.0,PIA,9.352
Singapore Grand Prix,9.0,ANT,12.882
Singapore Grand Prix,9.0,LEC,11.442
Singapore Grand Prix,9.0,ALO,19.22
Singapore Grand Prix,9.0,HAM,14.189
Singapore Grand Prix,9.0,BEA,21.728
Singapore Grand Prix,9.0,SAI,31.916
Singapore Grand Prix,9.0,HAD,20.111
Singapore Grand Prix,9.0,TSU,29.906
Singapore Grand Prix,9.0,STR,26.453
Singapore Grand Prix,9.0,ALB,34.51
Singapore Grand Prix,9.0,LAW,24.096
Singapore Grand Prix,9.0,COL,25.167
Singapore Grand Prix,9.0,BOR,28.305
Singapore Grand Prix,9.0,OCO,29.204
Singapore Grand Prix,9.0,GAS,33.128
Singapore Grand Prix,9.0,HUL,23.179
Singapore Grand Prix,10.0,RUS,0.0
Singapore Grand Prix,10.0,VER,5.151
Singapore Grand Prix,10.0,NOR,6.936
Singapore Grand Prix,10.0,PIA,10.423
Singapore Grand Prix,10.0,ANT,14.122
Singapore Grand Prix,10.0,LEC,12.507
Singapore Grand Prix,10.0,ALO,20.83
Singapore Grand Prix,10.0,HAM,15.267
Singapore Grand Prix,10.0,BEA,23.293
Singapore Grand Prix,10.0,SAI,34.131
Singapore Grand Prix,10.0,HAD,21.726
Singapore Grand Prix,10.0,TSU,32.39
Singapore Grand Prix,10.0,STR,28.598
Singapore Grand Prix,10.0,ALB,36.786
Singapore Grand Prix,10.0,LAW,25.81
Singapore Grand Prix,10.0,COL,27.151
Singapore Grand Prix,10.0,BOR,30.475
Singapore Grand Prix,10.0,OCO,31.618
Singapore Grand Prix,10.0,GAS,36.196
Singapore Grand Prix,10.0,HUL,24.818
Singapore Grand Prix,11.0,RUS,0.0
Singapore Grand Prix,11.0,VER,5.662
Singapore Grand Prix,11.0,NOR,7.354
Singapore Grand Prix,11.0,PIA,11.139
Singapore Grand Prix,11.0,ANT,15.025
Singapore Grand Prix,11.0,LEC,13.666
Singapore Grand Prix,11.0,ALO,22.443
Singapore Grand Prix,11.0,HAM,16.016
Singapore Grand Prix,11.0,BEA,25.075
Singapore Grand Prix,11.0,SAI,36.471
Singapore Grand Prix,11.0,HAD,23.441
Singapore Grand Prix,11.0,TSU,34.685
Singapore Grand Prix,11.0,STR,30.533
Singapore Grand Prix,11.0,ALB,38.832
Singapore Grand Prix,11.0,LAW,27.712
Singapore Grand Prix,11.0,COL,29.109
Singapore Grand Prix,11.0,BOR,32.579
Singapore Grand Prix,11.0,OCO,33.851
Singapore Grand Prix,11.0,GAS,38.211
Singapore Grand Prix,11.0,HUL,26.346
Singapore Grand Prix,12.0,RUS,0.0
Singapore Grand Prix,12.0,VER,6.364
Singapore Grand Prix,12.0,NOR,8.026
Singapore Grand Prix,12.0,PIA,12.339
Singapore Grand Prix,12.0,ANT,16.155
Singapore Grand Prix,12.0,LEC,14.799
Singapore Grand Prix,12.0,ALO,24.378
Singapore Grand Prix,12.0,HAM,16.84
Singapore Grand Prix,12.0,BEA,26.772
Singapore Grand Prix,12.0,SAI,39.102
Singapore Grand Prix,12.0,HAD,25.291
Singapore Grand Prix,12.0,TSU,37.149
Singapore Grand Prix,12.0,STR,33.113
Singapore Grand Prix,12.0,ALB,41.95
Singapore Grand Prix,12.0,LAW,30.449
Singapore Grand Prix,12.0,COL,31.612
Singapore Grand Prix,12.0,BOR,35.016
Singapore Grand Prix,12.0,OCO,36.255
Singapore Grand Prix,12.0,GAS,40.574
Singapore Grand Prix,12.0,HUL,28.269
Singapore Grand Prix,13.0,RUS,0.0
Singapore Grand Prix,13.0,VER,7.066
Singapore Grand Prix,13.0,NOR,8.436
Singapore Grand Prix,13.0,PIA,13.043
Singapore Grand Prix,13.0,ANT,17.146
Singapore Grand Prix,13.0,LEC,15.6
Singapore Grand Prix,13.0,ALO,26.179
Singapore Grand Prix,13.0,HAM,18.558
Singapore Grand Prix,13.0,BEA,28.561
Singapore Grand Prix,13.0,SAI,41.527
Singapore Grand Prix,13.0,HAD,27.04
Singapore Grand Prix,13.0,TSU,45.661
Singapore Grand Prix,13.0,STR,35.437
Singapore Grand Prix,13.0,ALB,45.535
Singapore Grand Prix,13.0,LAW,32.705
Singapore Grand Prix,13.0,COL,33.851
Singapore Grand Prix,13.0,BOR,42.779
Singapore Grand Prix,13.0,OCO,38.397
Singapore Grand Prix,13.0,GAS,43.282
Singapore Grand Prix,13.0,HUL,30.092
Singapore Grand Prix,14.0,RUS,0.0
Singapore Grand Prix,14.0,VER,7.716
Singapore Grand Prix,14.0,NOR,8.947
Singapore Grand Prix,14.0,PIA,13.699
Singapore Grand Prix,14.0,ANT,18.035
Singapore Grand Prix,14.0,LEC,16.271
Singapore Grand Prix,14.0,ALO,27.13
Singapore Grand Prix,14.0,HAM,19.385
Singapore Grand Prix,14.0,BEA,30.265
Singapore Grand Prix,14.0,SAI,42.929
Singapore Grand Prix,14.0,HAD,28.707
Singapore Grand Prix,14.0,TSU,65.834
Singapore Grand Prix,14.0,STR,37.592
Singapore Grand Prix,14.0,ALB,47.532
Singapore Grand Prix,14.0,LAW,34.67
Singapore Grand Prix,14.0,COL,41.482
Singapore Grand Prix,14.0,BOR,69.92
Singapore Grand Prix,14.0,OCO,40.46
Singapore Grand Prix,14.0,GAS,45.477
Singapore Grand Prix,14.0,HUL,32.044
Singapore Grand Prix,15.0,RUS,0.0
Singapore Grand Prix,15.0,VER,7.856
Singapore Grand Prix,15.0,NOR,8.993
Singapore Grand Prix,15.0,PIA,13.959
Singapore Grand Prix,15.0,ANT,18.734
Singapore Grand Prix,15.0,LEC,16.767
Singapore Grand Prix,15.0,ALO,27.876
Singapore Grand Prix,15.0,HAM,20.046
Singapore Grand Prix,15.0,BEA,32.06
Singapore Grand Prix,15.0,SAI,43.739
Singapore Grand Prix,15.0,HAD,30.143
Singapore Grand Prix,15.0,TSU,65.72
Singapore Grand Prix,15.0,STR,38.682
Singapore Grand Prix,15.0,ALB,49.408
Singapore Grand Prix,15.0,LAW,36.79
Singapore Grand Prix,15.0,COL,58.646
Singapore Grand Prix,15.0,BOR,69.92
Singapore Grand Prix,15.0,OCO,41.64
Singapore Grand Prix,15.0,GAS,47.171
Singapore Grand Prix,15.0,HUL,33.526
Singapore Grand Prix,16.0,RUS,0.0
Singapore Grand Prix,16.0,VER,8.271
Singapore Grand Prix,16.0,NOR,9.419
Singapore Grand Prix,16.0,PIA,14.403
Singapore Grand Prix,16.0,ANT,19.536
Singapore Grand Prix,16.0,LEC,17.389
Singapore Grand Prix,16.0,ALO,29.139
Singapore Grand Prix,16.0,HAM,21.184
Singapore Grand Prix,16.0,BEA,33.693
Singapore Grand Prix,16.0,SAI,45.445
Singapore Grand Prix,16.0,HAD,31.766
Singapore Grand Prix,16.0,TSU,65.751
Singapore Grand Prix,16.0,STR,40.813
Singapore Grand Prix,16.0,ALB,51.012
Singapore Grand Prix,16.0,LAW,38.83
Singapore Grand Prix,16.0,COL,59.3
Singapore Grand Prix,16.0,BOR,70.143
Singapore Grand Prix,16.0,OCO,43.436
Singapore Grand Prix,16.0,GAS,48.981
Singapore Grand Prix,16.0,HUL,35.264
Singapore Grand Prix,17.0,RUS,0.0
Singapore Grand Prix,17.0,VER,8.529
Singapore Grand Prix,17.0,NOR,9.623
Singapore Grand Prix,17.0,PIA,14.818
Singapore Grand Prix,17.0,ANT,20.092
Singapore Grand Prix,17.0,LEC,18.411
Singapore Grand Prix,17.0,ALO,30.248
Singapore Grand Prix,17.0,HAM,21.708
Singapore Grand Prix,17.0,BEA,35.056
Singapore Grand Prix,17.0,SAI,47.079
Singapore Grand Prix,17.0,HAD,33.311
Singapore Grand Prix,17.0,TSU,65.854
Singapore Grand Prix,17.0,STR,42.515
Singapore Grand Prix,17.0,ALB,52.466
Singapore Grand Prix,17.0,LAW,40.553
Singapore Grand Prix,17.0,COL,59.509
Singapore Grand Prix,17.0,BOR,70.51
Singapore Grand Prix,17.0,OCO,44.888
Singapore Grand Prix,17.0,GAS,50.915
Singapore Grand Prix,17.0,HUL,37.397
Singapore Grand Prix,18.0,RUS,0.0
Singapore Grand Prix,18.0,VER,8.939
Singapore Grand Prix,18.0,NOR,10.028
Singapore Grand Prix,18.0,PIA,14.702
Singapore Grand Prix,18.0,ANT,20.783
Singapore Grand Prix,18.0,LEC,19.503
Singapore Grand Prix,18.0,ALO,31.362
Singapore Grand Prix,18.0,HAM,22.34
Singapore Grand Prix,18.0,BEA,36.421
Singapore Grand Prix,18.0,SAI,48.371
Singapore Grand Prix,18.0,HAD,34.841
Singapore Grand Prix,18.0,TSU,65.813
Singapore Grand Prix,18.0,STR,44.065
Singapore Grand Prix,18.0,ALB,54.074
Singapore Grand Prix,18.0,LAW,42.062
Singapore Grand Prix,18.0,COL,60.116
Singapore Grand Prix,18.0,BOR,70.848
Singapore Grand Prix,18.0,OCO,46.333
Singapore Grand Prix,18.0,GAS,52.428
Singapore Grand Prix,18.0,HUL,38.765
Singapore Grand Prix,19.0,RUS,0.0
Singapore Grand Prix,19.0,VER,15.31
Singapore Grand Prix,19.0,NOR,10.671
Singapore Grand Prix,19.0,PIA,14.903
Singapore Grand Prix,19.0,ANT,21.571
Singapore Grand Prix,19.0,LEC,20.423
Singapore Grand Prix,19.0,ALO,32.285
Singapore Grand Prix,19.0,HAM,23.019
Singapore Grand Prix,19.0,BEA,38.014
Singapore Grand Prix,19.0,SAI,50.105
Singapore Grand Prix,19.0,HAD,36.839
Singapore Grand Prix,19.0,TSU,65.964
Singapore Grand Prix,19.0,STR,45.757
Singapore Grand Prix,19.0,ALB,55.547
Singapore Grand Prix,19.0,LAW,43.526
Singapore Grand Prix,19.0,COL,61.016
Singapore Grand Prix,19.0,BOR,71.22
Singapore Grand Prix,19.0,OCO,47.78
Singapore Grand Prix,19.0,GAS,54.135
Singapore Grand Prix,19.0,HUL,40.504
Singapore Grand Prix,20.0,RUS,0.0
Singapore Grand Prix,20.0,VER,31.087
Singapore Grand Prix,20.0,NOR,10.428
Singapore Grand Prix,20.0,PIA,14.636
Singapore Grand Prix,20.0,ANT,22.056
Singapore Grand Prix,20.0,LEC,20.498
Singapore Grand Prix,20.0,ALO,33.61
Singapore Grand Prix,20.0,HAM,23.531
Singapore Grand Prix,20.0,BEA,39.835
Singapore Grand Prix,20.0,SAI,51.155
Singapore Grand Prix,20.0,HAD,44.392
Singapore Grand Prix,20.0,TSU,65.877
Singapore Grand Prix,20.0,STR,46.79
Singapore Grand Prix,20.0,ALB,56.757
Singapore Grand Prix,20.0,LAW,44.767
Singapore Grand Prix,20.0,COL,61.121
Singapore Grand Prix,20.0,BOR,71.152
Singapore Grand Prix,20.0,OCO,48.795
Singapore Grand Prix,20.0,GAS,55.77
Singapore Grand Prix,20.0,HUL,41.843
Singapore Grand Prix,21.0,RUS,0.0
Singapore Grand Prix,21.0,VER,30.764
Singapore Grand Prix,21.0,NOR,9.957
Singapore Grand Prix,21.0,PIA,14.323
Singapore Grand Prix,21.0,ANT,22.413
Singapore Grand Prix,21.0,LEC,26.761
Singapore Grand Prix,21.0,ALO,34.228
Singapore Grand Prix,21.0,HAM,24.461
Singapore Grand Prix,21.0,BEA,40.712
Singapore Grand Prix,21.0,SAI,52.276
Singapore Grand Prix,21.0,HAD,63.309
Singapore Grand Prix,21.0,TSU,66.614
Singapore Grand Prix,21.0,STR,48.158
Singapore Grand Prix,21.0,ALB,58.316
Singapore Grand Prix,21.0,LAW,46.212
Singapore Grand Prix,21.0,COL,64.953
Singapore Grand Prix,21.0,BOR,71.28
Singapore Grand Prix,21.0,OCO,50.197
Singapore Grand Prix,21.0,GAS,57.487
Singapore Grand Prix,21.0,HUL,42.948
Singapore Grand Prix,22.0,RUS,0.0
Singapore Grand Prix,22.0,VER,29.868
Singapore Grand Prix,22.0,NOR,9.419
Singapore Grand Prix,22.0,PIA,13.706
Singapore Grand Prix,22.0,ANT,22.029
Singapore Grand Prix,22.0,LEC,43.724
Singapore Grand Prix,22.0,ALO,34.831
Singapore Grand Prix,22.0,HAM,25.495
Singapore Grand Prix,22.0,BEA,41.072
Singapore Grand Prix,22.0,SAI,53.649
Singapore Grand Prix,22.0,HAD,64.486
Singapore Grand Prix,22.0,TSU,67.341
Singapore Grand Prix,22.0,STR,49.431
Singapore Grand Prix,22.0,ALB,59.536
Singapore Grand Prix,22.0,LAW,47.828
Singapore Grand Prix,22.0,COL,66.372
Singapore Grand Prix,22.0,BOR,71.585
Singapore Grand Prix,22.0,OCO,51.497
Singapore Grand Prix,22.0,GAS,58.847
Singapore Grand Prix,22.0,HUL,45.905
Singapore Grand Prix,23.0,RUS,0.0
Singapore Grand Prix,23.0,VER,28.794
Singapore Grand Prix,23.0,NOR,9.071
Singapore Grand Prix,23.0,PIA,13.394
Singapore Grand Prix,23.0,ANT,22.047
Singapore Grand Prix,23.0,LEC,42.944
Singapore Grand Prix,23.0,ALO,35.82
Singapore Grand Prix,23.0,HAM,26.221
Singapore Grand Prix,23.0,BEA,47.332
Singapore Grand Prix,23.0,SAI,54.93
Singapore Grand Prix,23.0,HAD,65.081
Singapore Grand Prix,23.0,TSU,68.299
Singapore Grand Prix,23.0,STR,50.799
Singapore Grand Prix,23.0,ALB,60.823
Singapore Grand Prix,23.0,LAW,49.394
Singapore Grand Prix,23.0,COL,67.138
Singapore Grand Prix,23.0,BOR,72.049
Singapore Grand Prix,23.0,OCO,52.832
Singapore Grand Prix,23.0,GAS,60.161
Singapore Grand Prix,23.0,HUL,47.167
Singapore Grand Prix,24.0,RUS,0.0
Singapore Grand Prix,24.0,VER,27.954
Singapore Grand Prix,24.0,NOR,8.831
Singapore Grand Prix,24.0,PIA,13.741
Singapore Grand Prix,24.0,ANT,21.819
Singapore Grand Prix,24.0,LEC,42.152
Singapore Grand Prix,24.0,ALO,36.586
Singapore Grand Prix,24.0,HAM,32.581
Singapore Grand Prix,24.0,BEA,64.209
Singapore Grand Prix,24.0,SAI,56.078
Singapore Grand Prix,24.0,HAD,66.234
Singapore Grand Prix,24.0,TSU,69.239
Singapore Grand Prix,24.0,STR,52.098
Singapore Grand Prix,24.0,ALB,62.264
Singapore Grand Prix,24.0,LAW,50.581
Singapore Grand Prix,24.0,COL,67.878
Singapore Grand Prix,24.0,BOR,72.496
Singapore Grand Prix,24.0,OCO,53.977
Singapore Grand Prix,24.0,GAS,67.058
Singapore Grand Prix,24.0,HUL,47.903
Singapore Grand Prix,25.0,RUS,0.0
Singapore Grand Prix,25.0,VER,20.646
Singapore Grand Prix,25.0,NOR,2.806
Singapore Grand Prix,25.0,PIA,7.264
Singapore Grand Prix,25.0,ANT,20.988
Singapore Grand Prix,25.0,LEC,35.27
Singapore Grand Prix,25.0,ALO,31.639
Singapore Grand Prix,25.0,HAM,44.061
Singapore Grand Prix,25.0,BEA,58.023
Singapore Grand Prix,25.0,SAI,50.952
Singapore Grand Prix,25.0,HAD,60.971
Singapore Grand Prix,25.0,TSU,64.35
Singapore Grand Prix,25.0,STR,47.728
Singapore Grand Prix,25.0,ALB,57.061
Singapore Grand Prix,25.0,LAW,46.455
Singapore Grand Prix,25.0,COL,62.913
Singapore Grand Prix,25.0,BOR,67.133
Singapore Grand Prix,25.0,OCO,49.311
Singapore Grand Prix,25.0,GAS,79.057
Singapore Grand Prix,25.0,HUL,48.534
Singapore Grand Prix,26.0,RUS,8.994
Singapore Grand Prix,26.0,VER,12.48
Singapore Grand Prix,26.0,NOR,1.407
Singapore Grand Prix,26.0,PIA,0.0
Singapore Grand Prix,26.0,ANT,31.394
Singapore Grand Prix,26.0,LEC,27.735
Singapore Grand Prix,26.0,ALO,26.022
Singapore Grand Prix,26.0,HAM,36.764
Singapore Grand Prix,26.0,BEA,51.836
Singapore Grand Prix,26.0,SAI,45.249
Singapore Grand Prix,26.0,HAD,55.239
Singapore Grand Prix,26.0,TSU,58.68
Singapore Grand Prix,26.0,STR,42.229
Singapore Grand Prix,26.0,ALB,52.32
Singapore Grand Prix,26.0,LAW,40.713
Singapore Grand Prix,26.0,COL,57.227
Singapore Grand Prix,26.0,BOR,61.357
Singapore Grand Prix,26.0,OCO,43.839
Singapore Grand Prix,26.0,GAS,71.164
Singapore Grand Prix,26.0,HUL,59.402
Singapore Grand Prix,27.0,RUS,1.8399999999999999
Singapore Grand Prix,27.0,VER,5.652
Singapore Grand Prix,27.0,NOR,10.523
Singapore Grand Prix,27.0,PIA,0.0
Singapore Grand Prix,27.0,ANT,23.867
Singapore Grand Prix,27.0,LEC,22.638
Singapore Grand Prix,27.0,ALO,28.695
Singapore Grand Prix,27.0,HAM,30.394
Singapore Grand Prix,27.0,BEA,45.724
Singapore Grand Prix,27.0,SAI,40.722
Singapore Grand Prix,27.0,HAD,50.387
Singapore Grand Prix,27.0,TSU,53.899
Singapore Grand Prix,27.0,STR,38.189
Singapore Grand Prix,27.0,ALB,47.7
Singapore Grand Prix,27.0,LAW,36.429
Singapore Grand Prix,27.0,COL,52.735
Singapore Grand Prix,27.0,BOR,56.698
Singapore Grand Prix,27.0,OCO,39.574
Singapore Grand Prix,27.0,GAS,65.252
Singapore Grand Prix,27.0,HUL,54.431
Singapore Grand Prix,28.0,RUS,0.0
Singapore Grand Prix,28.0,VER,3.701
Singapore Grand Prix,28.0,NOR,8.463
Singapore Grand Prix,28.0,PIA,18.36
Singapore Grand Prix,28.0,ANT,22.523
Singapore Grand Prix,28.0,LEC,21.769
Singapore Grand Prix,28.0,ALO,53.368
Singapore Grand Prix,28.0,HAM,28.843
Singapore Grand Prix,28.0,BEA,44.699
Singapore Grand Prix,28.0,SAI,41.516
Singapore Grand Prix,28.0,HAD,51.07
Singapore Grand Prix,28.0,TSU,54.974
Singapore Grand Prix,28.0,STR,38.816
Singapore Grand Prix,28.0,ALB,47.711
Singapore Grand Prix,28.0,LAW,36.849
Singapore Grand Prix,28.0,COL,54.221
Singapore Grand Prix,28.0,BOR,57.611
Singapore Grand Prix,28.0,OCO,40.47
Singapore Grand Prix,28.0,GAS,64.447
Singapore Grand Prix,28.0,HUL,56.237
Singapore Grand Prix,29.0,RUS,0.0
Singapore Grand Prix,29.0,VER,4.056
Singapore Grand Prix,29.0,NOR,8.365
Singapore Grand Prix,29.0,PIA,18.214
Singapore Grand Prix,29.0,ANT,23.404
Singapore Grand Prix,29.0,LEC,22.676
Singapore Grand Prix,29.0,ALO,55.806
Singapore Grand Prix,29.0,HAM,29.181
Singapore Grand Prix,29.0,BEA,45.909
Singapore Grand Prix,29.0,SAI,44.08
Singapore Grand Prix,29.0,HAD,53.36
Singapore Grand Prix,29.0,TSU,57.715
Singapore Grand Prix,29.0,STR,41.428
Singapore Grand Prix,29.0,ALB,49.756
Singapore Grand Prix,29.0,LAW,39.534
Singapore Grand Prix,29.0,COL,56.94
Singapore Grand Prix,29.0,BOR,60.454
Singapore Grand Prix,29.0,OCO,43.123
Singapore Grand Prix,29.0,GAS,65.81
Singapore Grand Prix,29.0,HUL,58.964
Singapore Grand Prix,30.0,RUS,0.0
Singapore Grand Prix,30.0,VER,3.678
Singapore Grand Prix,30.0,NOR,8.103
Singapore Grand Prix,30.0,PIA,17.722
Singapore Grand Prix,30.0,ANT,23.728
Singapore Grand Prix,30.0,LEC,23.05
Singapore Grand Prix,30.0,ALO,57.988
Singapore Grand Prix,30.0,HAM,29.365
Singapore Grand Prix,30.0,BEA,47.455
Singapore Grand Prix,30.0,SAI,46.282
Singapore Grand Prix,30.0,HAD,55.388
Singapore Grand Prix,30.0,TSU,60.488
Singapore Grand Prix,30.0,STR,44.084
Singapore Grand Prix,30.0,ALB,51.462
Singapore Grand Prix,30.0,LAW,41.848
Singapore Grand Prix,30.0,COL,59.485
Singapore Grand Prix,30.0,BOR,62.956
Singapore Grand Prix,30.0,OCO,51.395
Singapore Grand Prix,30.0,GAS,66.775
Singapore Grand Prix,30.0,HUL,61.792
Singapore Grand Prix,31.0,RUS,0.0
Singapore Grand Prix,31.0,VER,3.517
Singapore Grand Prix,31.0,NOR,7.912
Singapore Grand Prix,31.0,PIA,17.218
Singapore Grand Prix,31.0,ANT,24.624
Singapore Grand Prix,31.0,LEC,23.656
Singapore Grand Prix,31.0,ALO,59.55
Singapore Grand Prix,31.0,HAM,29.701
Singapore Grand Prix,31.0,BEA,48.831
Singapore Grand Prix,31.0,SAI,48.167
Singapore Grand Prix,31.0,HAD,57.212
Singapore Grand Prix,31.0,TSU,62.992
Singapore Grand Prix,31.0,STR,46.817
Singapore Grand Prix,31.0,ALB,53.381
Singapore Grand Prix,31.0,LAW,44.248
Singapore Grand Prix,31.0,COL,62.001
Singapore Grand Prix,31.0,BOR,65.368
Singapore Grand Prix,31.0,OCO,70.68
Singapore Grand Prix,31.0,GAS,68.254
Singapore Grand Prix,31.0,HUL,63.945
Singapore Grand Prix,32.0,RUS,0.0
Singapore Grand Prix,32.0,VER,3.365
Singapore Grand Prix,32.0,NOR,7.712
Singapore Grand Prix,32.0,PIA,16.947
Singapore Grand Prix,32.0,ANT,26.127
Singapore Grand Prix,32.0,LEC,24.359
Singapore Grand Prix,32.0,ALO,61.09
Singapore Grand Prix,32.0,HAM,29.914
Singapore Grand Prix,32.0,BEA,51.174
Singapore Grand Prix,32.0,SAI,50.66
Singapore Grand Prix,32.0,HAD,59.218
Singapore Grand Prix,32.0,TSU,65.521
Singapore Grand Prix,32.0,STR,50.006
Singapore Grand Prix,32.0,ALB,55.634
Singapore Grand Prix,32.0,LAW,46.749
Singapore Grand Prix,32.0,COL,64.782
Singapore Grand Prix,32.0,BOR,67.75
Singapore Grand Prix,32.0,OCO,71.49
Singapore Grand Prix,32.0,GAS,69.736
Singapore Grand Prix,32.0,HUL,66.396
Singapore Grand Prix,33.0,RUS,0.0
Singapore Grand Prix,33.0,VER,2.918
Singapore Grand Prix,33.0,NOR,7.298
Singapore Grand Prix,33.0,PIA,16.492
Singapore Grand Prix,33.0,ANT,26.328
Singapore Grand Prix,33.0,LEC,24.717
Singapore Grand Prix,33.0,ALO,62.538
Singapore Grand Prix,33.0,HAM,30.158
Singapore Grand Prix,33.0,BEA,54.193
Singapore Grand Prix,33.0,SAI,53.595
Singapore Grand Prix,33.0,HAD,60.872
Singapore Grand Prix,33.0,TSU,67.894
Singapore Grand Prix,33.0,STR,52.761
Singapore Grand Prix,33.0,ALB,57.871
Singapore Grand Prix,33.0,LAW,48.886
Singapore Grand Prix,33.0,COL,66.863
Singapore Grand Prix,33.0,BOR,70.14
Singapore Grand Prix,33.0,OCO,72.384
Singapore Grand Prix,33.0,GAS,71.434
Singapore Grand Prix,33.0,HUL,68.322
Singapore Grand Prix,34.0,RUS,0.0
Singapore Grand Prix,34.0,VER,2.8289999999999997
Singapore Grand Prix,34.0,NOR,7.241
Singapore Grand Prix,34.0,PIA,16.325
Singapore Grand Prix,34.0,ANT,27.064
Singapore Grand Prix,34.0,LEC,25.099
Singapore Grand Prix,34.0,ALO,63.984
Singapore Grand Prix,34.0,HAM,30.403
Singapore Grand Prix,34.0,BEA,57.548
Singapore Grand Prix,34.0,SAI,56.749
Singapore Grand Prix,34.0,HAD,62.828
Singapore Grand Prix,34.0,TSU,70.046
Singapore Grand Prix,34.0,STR,56.121
Singapore Grand Prix,34.0,ALB,60.253
Singapore Grand Prix,34.0,LAW,51.344
Singapore Grand Prix,34.0,COL,69.231
Singapore Grand Prix,34.0,BOR,72.36
Singapore Grand Prix,34.0,OCO,73.896
Singapore Grand Prix,34.0,GAS,73.343
Singapore Grand Prix,34.0,HUL,71.189
Singapore Grand Prix,35.0,RUS,0.0
Singapore Grand Prix,35.0,VER,2.848
Singapore Grand Prix,35.0,NOR,7.349
Singapore Grand Prix,35.0,PIA,16.366
Singapore Grand Prix,35.0,ANT,27.169
Singapore Grand Prix,35.0,LEC,25.728
Singapore Grand Prix,35.0,ALO,65.483
Singapore Grand Prix,35.0,HAM,30.683
Singapore Grand Prix,35.0,BEA,60.847
Singapore Grand Prix,35.0,SAI,60.344
Singapore Grand Prix,35.0,HAD,64.876
Singapore Grand Prix,35.0,TSU,72.372
Singapore Grand Prix,35.0,STR,59.327
Singapore Grand Prix,35.0,ALB,62.975
Singapore Grand Prix,35.0,LAW,53.951
Singapore Grand Prix,35.0,COL,71.055
Singapore Grand Prix,35.0,BOR,75.322
Singapore Grand Prix,35.0,OCO,76.626
Singapore Grand Prix,35.0,GAS,76.318
Singapore Grand Prix,35.0,HUL,74.047
Singapore Grand Prix,36.0,RUS,0.0
Singapore Grand Prix,36.0,VER,4.712
Singapore Grand Prix,36.0,NOR,6.994
Singapore Grand Prix,36.0,PIA,15.905
Singapore Grand Prix,36.0,ANT,27.685
Singapore Grand Prix,36.0,LEC,26.394
Singapore Grand Prix,36.0,ALO,70.957
Singapore Grand Prix,36.0,HAM,30.859
Singapore Grand Prix,36.0,BEA,63.703
Singapore Grand Prix,36.0,SAI,63.124
Singapore Grand Prix,36.0,HAD,70.572
Singapore Grand Prix,36.0,TSU,74.743
Singapore Grand Prix,36.0,STR,62.465
Singapore Grand Prix,36.0,ALB,65.644
Singapore Grand Prix,36.0,LAW,56.719
Singapore Grand Prix,36.0,COL,73.458
Singapore Grand Prix,36.0,BOR,77.993
Singapore Grand Prix,36.0,OCO,79.188
Singapore Grand Prix,36.0,GAS,78.671
Singapore Grand Prix,36.0,HUL,76.16
Singapore Grand Prix,37.0,RUS,0.0
Singapore Grand Prix,37.0,VER,5.013
Singapore Grand Prix,37.0,NOR,6.871
Singapore Grand Prix,37.0,PIA,15.446
Singapore Grand Prix,37.0,ANT,27.997
Singapore Grand Prix,37.0,LEC,26.443
Singapore Grand Prix,37.0,ALO,73.716
Singapore Grand Prix,37.0,HAM,31.188
Singapore Grand Prix,37.0,BEA,67.126
Singapore Grand Prix,37.0,SAI,66.705
Singapore Grand Prix,37.0,HAD,75.497
Singapore Grand Prix,37.0,TSU,77.84
Singapore Grand Prix,37.0,STR,66.073
Singapore Grand Prix,37.0,ALB,68.476
Singapore Grand Prix,37.0,LAW,59.395
Singapore Grand Prix,37.0,COL,76.824
Singapore Grand Prix,37.0,BOR,80.301
Singapore Grand Prix,37.0,OCO,81.686
Singapore Grand Prix,37.0,GAS,81.073
Singapore Grand Prix,37.0,HUL,78.852
Singapore Grand Prix,38.0,RUS,0.0
Singapore Grand Prix,38.0,VER,4.888
Singapore Grand Prix,38.0,NOR,6.682
Singapore Grand Prix,38.0,PIA,14.842
Singapore Grand Prix,38.0,ANT,28.538
Singapore Grand Prix,38.0,LEC,26.975
Singapore Grand Prix,38.0,ALO,75.365
Singapore Grand Prix,38.0,HAM,31.381
Singapore Grand Prix,38.0,BEA,70.7
Singapore Grand Prix,38.0,SAI,69.999
Singapore Grand Prix,38.0,HAD,77.97
Singapore Grand Prix,38.0,TSU,80.408
Singapore Grand Prix,38.0,STR,75.502
Singapore Grand Prix,38.0,ALB,71.59
Singapore Grand Prix,38.0,LAW,62.22
Singapore Grand Prix,38.0,COL,79.534
Singapore Grand Prix,38.0,BOR,82.724
Singapore Grand Prix,38.0,OCO,84.027
Singapore Grand Prix,38.0,GAS,83.47
Singapore Grand Prix,38.0,HUL,81.064
Singapore Grand Prix,39.0,RUS,0.0
Singapore Grand Prix,39.0,VER,4.938
Singapore Grand Prix,39.0,NOR,6.36
Singapore Grand Prix,39.0,PIA,14.282
Singapore Grand Prix,39.0,ANT,28.78
Singapore Grand Prix,39.0,LEC,27.041
Singapore Grand Prix,39.0,ALO,76.875
Singapore Grand Prix,39.0,HAM,31.596
Singapore Grand Prix,39.0,BEA,72.302
Singapore Grand Prix,39.0,SAI,71.557
Singapore Grand Prix,39.0,HAD,79.735
Singapore Grand Prix,39.0,TSU,82.582
Singapore Grand Prix,39.0,STR,93.778
Singapore Grand Prix,39.0,ALB,74.228
Singapore Grand Prix,39.0,LAW,64.802
Singapore Grand Prix,39.0,COL,81.81
Singapore Grand Prix,39.0,BOR,84.908
Singapore Grand Prix,39.0,OCO,85.927
Singapore Grand Prix,39.0,GAS,85.594
Singapore Grand Prix,39.0,HUL,83.346
Singapore Grand Prix,40.0,RUS,0.0
Singapore Grand Prix,40.0,VER,4.711
Singapore Grand Prix,40.0,NOR,6.264
Singapore Grand Prix,40.0,PIA,14.097
Singapore Grand Prix,40.0,ANT,28.612
Singapore Grand Prix,40.0,LEC,26.991
Singapore Grand Prix,40.0,ALO,78.138
Singapore Grand Prix,40.0,HAM,31.668
Singapore Grand Prix,40.0,BEA,73.824
Singapore Grand Prix,40.0,SAI,73.14
Singapore Grand Prix,40.0,HAD,81.148
Singapore Grand Prix,40.0,TSU,84.245
Singapore Grand Prix,40.0,STR,94.631
Singapore Grand Prix,40.0,ALB,76.495
Singapore Grand Prix,40.0,LAW,67.758
Singapore Grand Prix,40.0,COL,83.522
Singapore Grand Prix,40.0,BOR,86.555
Singapore Grand Prix,40.0,OCO,88.007
Singapore Grand Prix,40.0,GAS,87.542
Singapore Grand Prix,40.0,HUL,85.179
Singapore Grand Prix,41.0,RUS,0.0
Singapore Grand Prix,41.0,VER,4.846
Singapore Grand Prix,41.0,NOR,7.196
Singapore Grand Prix,41.0,PIA,13.713
Singapore Grand Prix,41.0,ANT,28.481
Singapore Grand Prix,41.0,LEC,26.846
Singapore Grand Prix,41.0,ALO,79.426
Singapore Grand Prix,41.0,HAM,31.61
Singapore Grand Prix,41.0,BEA,75.589
Singapore Grand Prix,41.0,SAI,74.896
Singapore Grand Prix,41.0,HAD,82.634
Singapore Grand Prix,41.0,TSU,88.138
Singapore Grand Prix,41.0,STR,98.192
Singapore Grand Prix,41.0,ALB,79.024
Singapore Grand Prix,41.0,LAW,70.635
Singapore Grand Prix,41.0,COL,87.664
Singapore Grand Prix,41.0,BOR,89.276
Singapore Grand Prix,41.0,OCO,90.29
Singapore Grand Prix,41.0,GAS,89.804
Singapore Grand Prix,41.0,HUL,88.426
Singapore Grand Prix,42.0,RUS,0.0
Singapore Grand Prix,42.0,VER,4.294
Singapore Grand Prix,42.0,NOR,6.827
Singapore Grand Prix,42.0,PIA,12.643
Singapore Grand Prix,42.0,ANT,27.503
Singapore Grand Prix,42.0,LEC,26.134
Singapore Grand Prix,42.0,ALO,80.46
Singapore Grand Prix,42.0,HAM,30.878
Singapore Grand Prix,42.0,BEA,76.516
Singapore Grand Prix,42.0,SAI,75.866
Singapore Grand Prix,42.0,HAD,84.666
Singapore Grand Prix,42.0,TSU,90.394
Singapore Grand Prix,42.0,STR,98.984
Singapore Grand Prix,42.0,ALB,90.044
Singapore Grand Prix,42.0,LAW,72.453
Singapore Grand Prix,42.0,COL,92.21
Singapore Grand Prix,42.0,BOR,94.103
Singapore Grand Prix,42.0,OCO,95.111
Singapore Grand Prix,42.0,GAS,94.725
Singapore Grand Prix,42.0,HUL,92.712
Singapore Grand Prix,43.0,RUS,0.0
Singapore Grand Prix,43.0,VER,4.319
Singapore Grand Prix,43.0,NOR,6.395
Singapore Grand Prix,43.0,PIA,12.027
Singapore Grand Prix,43.0,ANT,26.844
Singapore Grand Prix,43.0,LEC,25.466
Singapore Grand Prix,43.0,ALO,80.196
Singapore Grand Prix,43.0,HAM,29.823
Singapore Grand Prix,43.0,BEA,77.731
Singapore Grand Prix,43.0,SAI,77.34
Singapore Grand Prix,43.0,HAD,85.252
Singapore Grand Prix,43.0,TSU,90.83
Singapore Grand Prix,43.0,STR,99.489
Singapore Grand Prix,43.0,ALB,109.976
Singapore Grand Prix,43.0,LAW,74.568
Singapore Grand Prix,43.0,COL,93.65
Singapore Grand Prix,43.0,BOR,95.831
Singapore Grand Prix,43.0,OCO,98.565
Singapore Grand Prix,43.0,GAS,96.38
Singapore Grand Prix,43.0,HUL,94.051
Singapore Grand Prix,44.0,RUS,0.0
Singapore Grand Prix,44.0,VER,3.301
Singapore Grand Prix,44.0,NOR,4.886
Singapore Grand Prix,44.0,PIA,10.875
Singapore Grand Prix,44.0,ANT,25.285
Singapore Grand Prix,44.0,LEC,23.832
Singapore Grand Prix,44.0,ALO,79.971
Singapore Grand Prix,44.0,HAM,27.82
Singapore Grand Prix,44.0,BEA,79.462
Singapore Grand Prix,44.0,SAI,77.909
Singapore Grand Prix,44.0,HAD,85.102
Singapore Grand Prix,44.0,TSU,90.025
Singapore Grand Prix,44.0,STR,102.926
Singapore Grand Prix,44.0,ALB,108.642
Singapore Grand Prix,44.0,LAW,76.176
Singapore Grand Prix,44.0,COL,94.717
Singapore Grand Prix,44.0,BOR,96.39
Singapore Grand Prix,44.0,OCO,98.632
Singapore Grand Prix,44.0,GAS,98.163
Singapore Grand Prix,44.0,HUL,119.084
Singapore Grand Prix,45.0,RUS,0.0
Singapore Grand Prix,45.0,VER,3.705
Singapore Grand Prix,45.0,NOR,4.9350000000000005
Singapore Grand Prix,45.0,PIA,10.577
Singapore Grand Prix,45.0,ANT,24.47
Singapore Grand Prix,45.0,LEC,23.02
Singapore Grand Prix,45.0,ALO,80.847
Singapore Grand Prix,45.0,HAM,26.343
Singapore Grand Prix,45.0,BEA,82.611
Singapore Grand Prix,45.0,SAI,78.946
Singapore Grand Prix,45.0,HAD,85.514
Singapore Grand Prix,45.0,TSU,89.455
Singapore Grand Prix,45.0,STR,103.186
Singapore Grand Prix,45.0,ALB,107.202
Singapore Grand Prix,45.0,LAW,77.778
Singapore Grand Prix,45.0,COL,95.458
Singapore Grand Prix,45.0,BOR,98.671
Singapore Grand Prix,45.0,OCO,99.998
Singapore Grand Prix,45.0,GAS,99.422
Singapore Grand Prix,45.0,HUL,143.174
Singapore Grand Prix,46.0,RUS,0.0
Singapore Grand Prix,46.0,VER,4.219
Singapore Grand Prix,46.0,NOR,4.921
Singapore Grand Prix,46.0,PIA,9.531
Singapore Grand Prix,46.0,ANT,24.188
Singapore Grand Prix,46.0,LEC,22.032
Singapore Grand Prix,46.0,ALO,81.371
Singapore Grand Prix,46.0,HAM,31.138
Singapore Grand Prix,46.0,BEA,83.433
Singapore Grand Prix,46.0,SAI,81.059
Singapore Grand Prix,46.0,HAD,86.23
Singapore Grand Prix,46.0,TSU,89.633
Singapore Grand Prix,46.0,STR,104.921
Singapore Grand Prix,46.0,ALB,106.782
Singapore Grand Prix,46.0,LAW,80.104
Singapore Grand Prix,46.0,COL,99.249
Singapore Grand Prix,46.0,BOR,100.295
Singapore Grand Prix,46.0,OCO,104.347
Singapore Grand Prix,46.0,GAS,100.932
Singapore Grand Prix,46.0,HUL,144.34
Singapore Grand Prix,47.0,RUS,0.0
Singapore Grand Prix,47.0,VER,4.968
Singapore Grand Prix,47.0,NOR,5.478
Singapore Grand Prix,47.0,PIA,9.183
Singapore Grand Prix,47.0,ANT,23.913
Singapore Grand Prix,47.0,LEC,21.867
Singapore Grand Prix,47.0,ALO,83.358
Singapore Grand Prix,47.0,HAM,44.88
Singapore Grand Prix,47.0,BEA,85.531
Singapore Grand Prix,47.0,SAI,85.019
Singapore Grand Prix,47.0,HAD,87.226
Singapore Grand Prix,47.0,TSU,90.059
Singapore Grand Prix,47.0,STR,108.526
Singapore Grand Prix,47.0,ALB,108.334
Singapore Grand Prix,47.0,LAW,84.133
Singapore Grand Prix,47.0,COL,101.084
Singapore Grand Prix,47.0,BOR,103.754
Singapore Grand Prix,47.0,OCO,105.136
Singapore Grand Prix,47.0,GAS,104.485
Singapore Grand Prix,47.0,HUL,142.983
Singapore Grand Prix,48.0,RUS,0.0
Singapore Grand Prix,48.0,VER,5.904
Singapore Grand Prix,48.0,NOR,6.671
Singapore Grand Prix,48.0,PIA,10.661
Singapore Grand Prix,48.0,ANT,23.866
Singapore Grand Prix,48.0,LEC,22.231
Singapore Grand Prix,48.0,ALO,84.663
Singapore Grand Prix,48.0,HAM,42.505
Singapore Grand Prix,48.0,BEA,89.867
Singapore Grand Prix,48.0,SAI,89.375
Singapore Grand Prix,48.0,HAD,90.672
Singapore Grand Prix,48.0,TSU,91.988
Singapore Grand Prix,48.0,STR,110.455
Singapore Grand Prix,48.0,ALB,111.653
Singapore Grand Prix,48.0,LAW,94.819
Singapore Grand Prix,48.0,COL,105.929
Singapore Grand Prix,48.0,BOR,106.618
Singapore Grand Prix,48.0,OCO,108.74
Singapore Grand Prix,48.0,GAS,107.253
Singapore Grand Prix,48.0,HUL,142.344
Singapore Grand Prix,49.0,RUS,0.0
Singapore Grand Prix,49.0,VER,6.038
Singapore Grand Prix,49.0,NOR,6.844
Singapore Grand Prix,49.0,PIA,11.87
Singapore Grand Prix,49.0,ANT,25.202
Singapore Grand Prix,49.0,LEC,23.197
Singapore Grand Prix,49.0,ALO,85.214
Singapore Grand Prix,49.0,HAM,40.74
Singapore Grand Prix,49.0,BEA,92.389
Singapore Grand Prix,49.0,SAI,91.799
Singapore Grand Prix,49.0,HAD,93.283
Singapore Grand Prix,49.0,TSU,94.264
Singapore Grand Prix,49.0,STR,111.617
Singapore Grand Prix,49.0,ALB,113.73
Singapore Grand Prix,49.0,LAW,114.398
Singapore Grand Prix,49.0,COL,108.531
Singapore Grand Prix,49.0,BOR,110.231
Singapore Grand Prix,49.0,OCO,111.199
Singapore Grand Prix,49.0,GAS,110.79
Singapore Grand Prix,49.0,HUL,141.797
Singapore Grand Prix,50.0,RUS,0.0
Singapore Grand Prix,50.0,VER,5.895
Singapore Grand Prix,50.0,NOR,6.579
Singapore Grand Prix,50.0,PIA,13.015
Singapore Grand Prix,50.0,ANT,25.266
Singapore Grand Prix,50.0,LEC,23.783
Singapore Grand Prix,50.0,ALO,84.953
Singapore Grand Prix,50.0,HAM,38.878
Singapore Grand Prix,50.0,BEA,94.602
Singapore Grand Prix,50.0,SAI,99.534
Singapore Grand Prix,50.0,HAD,95.844
Singapore Grand Prix,50.0,TSU,98.131
Singapore Grand Prix,50.0,STR,115.487
Singapore Grand Prix,50.0,ALB,118.258
Singapore Grand Prix,50.0,LAW,119.464
Singapore Grand Prix,50.0,COL,111.831
Singapore Grand Prix,50.0,BOR,112.954
Singapore Grand Prix,50.0,OCO,115.627
Singapore Grand Prix,50.0,GAS,115.872
Singapore Grand Prix,50.0,HUL,141.11
Singapore Grand Prix,51.0,RUS,0.0
Singapore Grand Prix,51.0,VER,4.835
Singapore Grand Prix,51.0,NOR,5.537
Singapore Grand Prix,51.0,PIA,11.872
Singapore Grand Prix,51.0,ANT,24.985
Singapore Grand Prix,51.0,LEC,23.566
Singapore Grand Prix,51.0,ALO,83.692
Singapore Grand Prix,51.0,HAM,36.22
Singapore Grand Prix,51.0,BEA,93.514
Singapore Grand Prix,51.0,SAI,115.515
Singapore Grand Prix,51.0,HAD,98.809
Singapore Grand Prix,51.0,TSU,99.493
Singapore Grand Prix,51.0,STR,116.453
Singapore Grand Prix,51.0,ALB,119.287
Singapore Grand Prix,51.0,LAW,120.287
Singapore Grand Prix,51.0,COL,112.348
Singapore Grand Prix,51.0,BOR,113.848
Singapore Grand Prix,51.0,OCO,118.65
Singapore Grand Prix,51.0,GAS,126.037
Singapore Grand Prix,51.0,HUL,139.368
Singapore Grand Prix,52.0,RUS,0.0
Singapore Grand Prix,52.0,VER,4.134
Singapore Grand Prix,52.0,NOR,4.839
Singapore Grand Prix,52.0,PIA,10.366
Singapore Grand Prix,52.0,ANT,25.385
Singapore Grand Prix,52.0,LEC,24.455
Singapore Grand Prix,52.0,ALO,82.166
Singapore Grand Prix,52.0,HAM,33.637
Singapore Grand Prix,52.0,BEA,92.575
Singapore Grand Prix,52.0,SAI,114.299
Singapore Grand Prix,52.0,HAD,98.962
Singapore Grand Prix,52.0,TSU,103.69
Singapore Grand Prix,52.0,STR,116.457
Singapore Grand Prix,52.0,ALB,118.547
Singapore Grand Prix,52.0,LAW,120.728
Singapore Grand Prix,52.0,COL,113.013
Singapore Grand Prix,52.0,BOR,115.45
Singapore Grand Prix,52.0,OCO,121.299
Singapore Grand Prix,52.0,GAS,141.698
Singapore Grand Prix,52.0,HUL,137.501
Singapore Grand Prix,53.0,RUS,0.0
Singapore Grand Prix,53.0,VER,5.484
Singapore Grand Prix,53.0,NOR,6.392
Singapore Grand Prix,53.0,PIA,9.661
Singapore Grand Prix,53.0,ANT,26.999
Singapore Grand Prix,53.0,LEC,27.406
Singapore Grand Prix,53.0,ALO,81.919
Singapore Grand Prix,53.0,HAM,32.695
Singapore Grand Prix,53.0,BEA,93.011
Singapore Grand Prix,53.0,SAI,113.726
Singapore Grand Prix,53.0,HAD,99.885
Singapore Grand Prix,53.0,TSU,107.421
Singapore Grand Prix,53.0,STR,117.503
Singapore Grand Prix,53.0,ALB,118.168
Singapore Grand Prix,53.0,LAW,120.427
Singapore Grand Prix,53.0,COL,115.106
Singapore Grand Prix,53.0,BOR,119.241
Singapore Grand Prix,53.0,OCO,122.681
Singapore Grand Prix,53.0,GAS,140.01
Singapore Grand Prix,53.0,HUL,136.697
Singapore Grand Prix,54.0,RUS,0.0
Singapore Grand Prix,54.0,VER,5.811
Singapore Grand Prix,54.0,NOR,6.808
Singapore Grand Prix,54.0,PIA,10.385
Singapore Grand Prix,54.0,ANT,27.714
Singapore Grand Prix,54.0,LEC,29.039
Singapore Grand Prix,54.0,ALO,81.701
Singapore Grand Prix,54.0,HAM,31.328
Singapore Grand Prix,54.0,BEA,93.034
Singapore Grand Prix,54.0,SAI,112.544
Singapore Grand Prix,54.0,HAD,100.569
Singapore Grand Prix,54.0,TSU,108.637
Singapore Grand Prix,54.0,STR,118.372
Singapore Grand Prix,54.0,ALB,118.762
Singapore Grand Prix,54.0,LAW,121.498
Singapore Grand Prix,54.0,COL,116.787
Singapore Grand Prix,54.0,BOR,122.946
Singapore Grand Prix,54.0,OCO,128.461
Singapore Grand Prix,54.0,GAS,138.404
Singapore Grand Prix,54.0,HUL,135.948
Singapore Grand Prix,55.0,RUS,0.0
Singapore Grand Prix,55.0,VER,5.984
Singapore Grand Prix,55.0,NOR,7.045
Singapore Grand Prix,55.0,PIA,10.113
Singapore Grand Prix,55.0,ANT,28.119
Singapore Grand Prix,55.0,LEC,30.584
Singapore Grand Prix,55.0,ALO,82.316
Singapore Grand Prix,55.0,HAM,31.235
Singapore Grand Prix,55.0,BEA,93.096
Singapore Grand Prix,55.0,SAI,111.598
Singapore Grand Prix,55.0,HAD,104.816
Singapore Grand Prix,55.0,TSU,109.486
Singapore Grand Prix,55.0,STR,120.156
Singapore Grand Prix,55.0,ALB,120.792
Singapore Grand Prix,55.0,LAW,121.544
Singapore Grand Prix,55.0,COL,118.718
Singapore Grand Prix,55.0,BOR,128.495
Singapore Grand Prix,55.0,OCO,130.181
Singapore Grand Prix,55.0,GAS,137.564
Singapore Grand Prix,55.0,HUL,135.256
Singapore Grand Prix,56.0,RUS,0.0
Singapore Grand Prix,56.0,VER,6.317
Singapore Grand Prix,56.0,NOR,7.036
Singapore Grand Prix,56.0,PIA,9.858
Singapore Grand Prix,56.0,ANT,28.415
Singapore Grand Prix,56.0,LEC,33.093
Singapore Grand Prix,56.0,ALO,82.136
Singapore Grand Prix,56.0,HAM,31.096
Singapore Grand Prix,56.0,BEA,92.964
Singapore Grand Prix,56.0,SAI,110.64
Singapore Grand Prix,56.0,HAD,107.682
Singapore Grand Prix,56.0,TSU,110.005
Singapore Grand Prix,56.0,STR,120.69
Singapore Grand Prix,56.0,ALB,121.165
Singapore Grand Prix,56.0,LAW,122.085
Singapore Grand Prix,56.0,COL,119.818
Singapore Grand Prix,56.0,BOR,132.258
Singapore Grand Prix,56.0,OCO,132.707
Singapore Grand Prix,56.0,GAS,136.247
Singapore Grand Prix,56.0,HUL,134.65
Singapore Grand Prix,57.0,RUS,0.0
Singapore Grand Prix,57.0,VER,6.326
Singapore Grand Prix,57.0,NOR,7.018
Singapore Grand Prix,57.0,PIA,10.125
Singapore Grand Prix,57.0,ANT,28.585
Singapore Grand Prix,57.0,LEC,34.619
Singapore Grand Prix,57.0,ALO,81.923
Singapore Grand Prix,57.0,HAM,30.204
Singapore Grand Prix,57.0,BEA,93.093
Singapore Grand Prix,57.0,SAI,110.588
Singapore Grand Prix,57.0,HAD,108.642
Singapore Grand Prix,57.0,TSU,112.882
Singapore Grand Prix,57.0,STR,121.848
Singapore Grand Prix,57.0,ALB,122.751
Singapore Grand Prix,57.0,LAW,123.274
Singapore Grand Prix,57.0,COL,122.416
Singapore Grand Prix,57.0,BOR,134.19
Singapore Grand Prix,57.0,OCO,134.636
Singapore Grand Prix,57.0,GAS,136.019
Singapore Grand Prix,57.0,HUL,135.061
Singapore Grand Prix,58.0,RUS,0.0
Singapore Grand Prix,58.0,VER,6.22
Singapore Grand Prix,58.0,NOR,7.141
Singapore Grand Prix,58.0,PIA,9.904
Singapore Grand Prix,58.0,ANT,28.804
Singapore Grand Prix,58.0,LEC,35.571
Singapore Grand Prix,58.0,ALO,81.777
Singapore Grand Prix,58.0,HAM,29.735
Singapore Grand Prix,58.0,BEA,93.602
Singapore Grand Prix,58.0,SAI,110.235
Singapore Grand Prix,58.0,HAD,109.622
Singapore Grand Prix,58.0,TSU,113.746
Singapore Grand Prix,58.0,STR,122.084
Singapore Grand Prix,58.0,ALB,123.485
Singapore Grand Prix,58.0,LAW,125.077
Singapore Grand Prix,58.0,COL,129.729
Singapore Grand Prix,58.0,BOR,136.003
Singapore Grand Prix,58.0,OCO,136.52
Singapore Grand Prix,58.0,GAS,137.401
Singapore Grand Prix,58.0,HUL,136.987
Singapore Grand Prix,59.0,RUS,0.0
Singapore Grand Prix,59.0,VER,5.814
Singapore Grand Prix,59.0,NOR,6.555
Singapore Grand Prix,59.0,PIA,9.105
Singapore Grand Prix,59.0,ANT,30.3
Singapore Grand Prix,59.0,LEC,36.57
Singapore Grand Prix,59.0,ALO,81.376
Singapore Grand Prix,59.0,HAM,32.497
Singapore Grand Prix,59.0,BEA,93.425
Singapore Grand Prix,59.0,SAI,109.558
Singapore Grand Prix,59.0,HAD,111.781
Singapore Grand Prix,59.0,TSU,114.275
Singapore Grand Prix,59.0,STR,121.732
Singapore Grand Prix,59.0,ALB,122.872
Singapore Grand Prix,59.0,LAW,124.737
Singapore Grand Prix,59.0,COL,132.98
Singapore Grand Prix,59.0,BOR,137.71
Singapore Grand Prix,59.0,OCO,138.269
Singapore Grand Prix,59.0,GAS,139.095
Singapore Grand Prix,59.0,HUL,138.759
Singapore Grand Prix,60.0,RUS,0.0
Singapore Grand Prix,60.0,VER,5.627
Singapore Grand Prix,60.0,NOR,6.406
Singapore Grand Prix,60.0,PIA,8.582
Singapore Grand Prix,60.0,ANT,30.676
Singapore Grand Prix,60.0,LEC,37.817
Singapore Grand Prix,60.0,ALO,80.938
Singapore Grand Prix,60.0,HAM,36.582
Singapore Grand Prix,60.0,BEA,93.48
Singapore Grand Prix,60.0,SAI,108.503
Singapore Grand Prix,60.0,HAD,112.385
Singapore Grand Prix,60.0,TSU,114.738
Singapore Grand Prix,60.0,STR,121.202
Singapore Grand Prix,60.0,ALB,122.139
Singapore Grand Prix,60.0,LAW,124.216
Singapore Grand Prix,60.0,COL,136.812
Singapore Grand Prix,60.0,BOR,140.518
Singapore Grand Prix,60.0,OCO,141.031
Singapore Grand Prix,60.0,GAS,142.027
Singapore Grand Prix,60.0,HUL,141.557
Singapore Grand Prix,61.0,RUS,0.0
Singapore Grand Prix,61.0,VER,5.406
Singapore Grand Prix,61.0,NOR,6.271
Singapore Grand Prix,61.0,PIA,8.215
Singapore Grand Prix,61.0,ANT,30.813
Singapore Grand Prix,61.0,LEC,42.887
Singapore Grand Prix,61.0,ALO,80.911
Singapore Grand Prix,61.0,HAM,68.993
Singapore Grand Prix,61.0,BEA,93.754
Singapore Grand Prix,61.0,SAI,107.209
Singapore Grand Prix,61.0,HAD,113.79
Singapore Grand Prix,61.0,TSU,115.724
Singapore Grand Prix,61.0,STR,120.945
Singapore Grand Prix,61.0,ALB,121.775
Singapore Grand Prix,61.0,LAW,123.6
Singapore Grand Prix,61.0,COL,139.345
Singapore Grand Prix,61.0,BOR,143.208
Singapore Grand Prix,61.0,OCO,143.588
Singapore Grand Prix,61.0,GAS,143.916
Singapore Grand Prix,61.0,HUL,145.495
Singapore Grand Prix,62.0,RUS,0.0
Singapore Grand Prix,62.0,VER,5.43
Singapore Grand Prix,62.0,NOR,6.066
Singapore Grand Prix,62.0,PIA,8.146
Singapore Grand Prix,62.0,ANT,33.681
Singapore Grand Prix,62.0,LEC,45.996
Singapore Grand Prix,62.0,ALO,80.667
Singapore Grand Prix,62.0,HAM,80.251
Singapore Grand Prix,62.0,BEA,93.527
United States Grand Prix,1.0,VER,0.0
United States Grand Prix,1.0,GAS,8.521
United States Grand Prix,1.0,ANT,5.057
United States Grand Prix,1.0,ALO,7.489
United States Grand Prix,1.0,LEC,1.465
United States Grand Prix,1.0,STR,10.149
United States Grand Prix,1.0,TSU,6.527
United States Grand Prix,1.0,ALB,16.728
United States Grand Prix,1.0,HUL,7.103
United States Grand Prix,1.0,LAW,8.007
United States Grand Prix,1.0,OCO,9.068
United States Grand Prix,1.0,NOR,2.235
United States Grand Prix,1.0,COL,9.855
United States Grand Prix,1.0,HAM,2.969
United States Grand Prix,1.0,BOR,9.249
United States Grand Prix,1.0,SAI,6.159
United States Grand Prix,1.0,HAD,10.835
United States Grand Prix,1.0,RUS,4.165
United States Grand Prix,1.0,PIA,3.868
United States Grand Prix,1.0,BEA,5.73
United States Grand Prix,2.0,VER,0.0
United States Grand Prix,2.0,GAS,11.328
United States Grand Prix,2.0,ANT,6.246
United States Grand Prix,2.0,ALO,9.674
United States Grand Prix,2.0,LEC,1.7269999999999999
United States Grand Prix,2.0,STR,13.557
United States Grand Prix,2.0,TSU,8.33
United States Grand Prix,2.0,ALB,19.045
United States Grand Prix,2.0,HUL,8.929
United States Grand Prix,2.0,LAW,10.499
United States Grand Prix,2.0,OCO,13.286
United States Grand Prix,2.0,NOR,2.644
United States Grand Prix,2.0,COL,12.655
United States Grand Prix,2.0,HAM,3.556
United States Grand Prix,2.0,BOR,11.792
United States Grand Prix,2.0,SAI,7.229
United States Grand Prix,2.0,HAD,14.783
United States Grand Prix,2.0,RUS,4.835
United States Grand Prix,2.0,PIA,4.314
United States Grand Prix,2.0,BEA,7.968
United States Grand Prix,3.0,VER,0.0
United States Grand Prix,3.0,GAS,13.208
United States Grand Prix,3.0,ANT,6.5600000000000005
United States Grand Prix,3.0,ALO,11.192
United States Grand Prix,3.0,LEC,2.443
United States Grand Prix,3.0,STR,15.669
United States Grand Prix,3.0,TSU,8.358
United States Grand Prix,3.0,ALB,20.699
United States Grand Prix,3.0,HUL,10.411
United States Grand Prix,3.0,LAW,12.012
United States Grand Prix,3.0,OCO,16.255
United States Grand Prix,3.0,NOR,3.088
United States Grand Prix,3.0,COL,14.827
United States Grand Prix,3.0,HAM,3.782
United States Grand Prix,3.0,BOR,13.756
United States Grand Prix,3.0,SAI,7.487
United States Grand Prix,3.0,HAD,17.785
United States Grand Prix,3.0,RUS,5.493
United States Grand Prix,3.0,PIA,4.616
United States Grand Prix,3.0,BEA,9.631
United States Grand Prix,4.0,VER,0.0
United States Grand Prix,4.0,GAS,14.888
United States Grand Prix,4.0,ANT,7.586
United States Grand Prix,4.0,ALO,12.78
United States Grand Prix,4.0,LEC,3.263
United States Grand Prix,4.0,STR,17.504
United States Grand Prix,4.0,TSU,9.345
United States Grand Prix,4.0,ALB,22.845
United States Grand Prix,4.0,HUL,11.849
United States Grand Prix,4.0,LAW,13.918
United States Grand Prix,4.0,OCO,18.584
United States Grand Prix,4.0,NOR,3.779
United States Grand Prix,4.0,COL,16.912
United States Grand Prix,4.0,HAM,4.476
United States Grand Prix,4.0,BOR,15.673
United States Grand Prix,4.0,SAI,8.367
United States Grand Prix,4.0,HAD,20.106
United States Grand Prix,4.0,RUS,6.611
United States Grand Prix,4.0,PIA,5.618
United States Grand Prix,4.0,BEA,10.984
United States Grand Prix,5.0,VER,0.0
United States Grand Prix,5.0,GAS,16.212
United States Grand Prix,5.0,ANT,8.101
United States Grand Prix,5.0,ALO,14.039
United States Grand Prix,5.0,LEC,3.029
United States Grand Prix,5.0,STR,18.937
United States Grand Prix,5.0,TSU,10.029
United States Grand Prix,5.0,ALB,24.434
United States Grand Prix,5.0,HUL,12.614
United States Grand Prix,5.0,LAW,15.168
United States Grand Prix,5.0,OCO,20.135
United States Grand Prix,5.0,NOR,3.857
United States Grand Prix,5.0,COL,18.434
United States Grand Prix,5.0,HAM,4.991
United States Grand Prix,5.0,BOR,17.013
United States Grand Prix,5.0,SAI,8.85
United States Grand Prix,5.0,HAD,21.657
United States Grand Prix,5.0,RUS,7.192
United States Grand Prix,5.0,PIA,5.989
United States Grand Prix,5.0,BEA,11.606
United States Grand Prix,6.0,VER,0.0
United States Grand Prix,6.0,GAS,18.285
United States Grand Prix,6.0,ANT,35.342
United States Grand Prix,6.0,ALO,16.441
United States Grand Prix,6.0,LEC,3.017
United States Grand Prix,6.0,STR,21.804
United States Grand Prix,6.0,TSU,10.714
United States Grand Prix,6.0,ALB,26.212
United States Grand Prix,6.0,HUL,14.805
United States Grand Prix,6.0,LAW,17.436
United States Grand Prix,6.0,OCO,23.093
United States Grand Prix,6.0,NOR,4.476
United States Grand Prix,6.0,COL,21.027
United States Grand Prix,6.0,HAM,5.584
United States Grand Prix,6.0,BOR,18.986
United States Grand Prix,6.0,SAI,58.709
United States Grand Prix,6.0,HAD,24.176
United States Grand Prix,6.0,RUS,7.871
United States Grand Prix,6.0,PIA,6.711
United States Grand Prix,6.0,BEA,13.207
United States Grand Prix,7.0,VER,0.0
United States Grand Prix,7.0,GAS,26.944
United States Grand Prix,7.0,ANT,51.1
United States Grand Prix,7.0,ALO,23.258
United States Grand Prix,7.0,LEC,5.02
United States Grand Prix,7.0,STR,35.059
United States Grand Prix,7.0,TSU,15.699
United States Grand Prix,7.0,ALB,37.873
United States Grand Prix,7.0,HUL,21.099
United States Grand Prix,7.0,LAW,25.344
United States Grand Prix,7.0,OCO,36.522
United States Grand Prix,7.0,NOR,9.359
United States Grand Prix,7.0,COL,33.351
United States Grand Prix,7.0,HAM,10.446
United States Grand Prix,7.0,BOR,27.31
United States Grand Prix,7.0,HAD,38.371
United States Grand Prix,7.0,RUS,13.063
United States Grand Prix,7.0,PIA,12.61
United States Grand Prix,7.0,BEA,18.357
United States Grand Prix,8.0,VER,0.0
United States Grand Prix,8.0,GAS,21.194
United States Grand Prix,8.0,ANT,37.931
United States Grand Prix,8.0,ALO,19.791
United States Grand Prix,8.0,LEC,3.185
United States Grand Prix,8.0,STR,24.544
United States Grand Prix,8.0,TSU,13.291
United States Grand Prix,8.0,ALB,39.498
United States Grand Prix,8.0,HUL,18.459
United States Grand Prix,8.0,LAW,20.527
United States Grand Prix,8.0,OCO,26.281
United States Grand Prix,8.0,NOR,5.789
United States Grand Prix,8.0,COL,23.863
United States Grand Prix,8.0,HAM,6.862
United States Grand Prix,8.0,BOR,21.849
United States Grand Prix,8.0,HAD,27.639
United States Grand Prix,8.0,RUS,10.286
United States Grand Prix,8.0,PIA,9.465
United States Grand Prix,8.0,BEA,15.285
United States Grand Prix,9.0,VER,0.0
United States Grand Prix,9.0,GAS,19.399
United States Grand Prix,9.0,ANT,34.067
United States Grand Prix,9.0,ALO,17.472
United States Grand Prix,9.0,LEC,2.832
United States Grand Prix,9.0,STR,22.066
United States Grand Prix,9.0,TSU,10.908
United States Grand Prix,9.0,ALB,36.102
United States Grand Prix,9.0,HUL,15.773
United States Grand Prix,9.0,LAW,18.6
United States Grand Prix,9.0,OCO,24.027
United States Grand Prix,9.0,NOR,4.699
United States Grand Prix,9.0,COL,21.426
United States Grand Prix,9.0,HAM,6.038
United States Grand Prix,9.0,BOR,20.1
United States Grand Prix,9.0,HAD,26.185
United States Grand Prix,9.0,RUS,8.72
United States Grand Prix,9.0,PIA,7.38
United States Grand Prix,9.0,BEA,12.753
United States Grand Prix,10.0,VER,0.0
United States Grand Prix,10.0,GAS,21.224
United States Grand Prix,10.0,ANT,34.213
United States Grand Prix,10.0,ALO,19.01
United States Grand Prix,10.0,LEC,3.007
United States Grand Prix,10.0,STR,23.724
United States Grand Prix,10.0,TSU,11.762
United States Grand Prix,10.0,ALB,36.468
United States Grand Prix,10.0,HUL,17.199
United States Grand Prix,10.0,LAW,20.278
United States Grand Prix,10.0,OCO,25.799
United States Grand Prix,10.0,NOR,4.829
United States Grand Prix,10.0,COL,23.211
United States Grand Prix,10.0,HAM,6.447
United States Grand Prix,10.0,BOR,22.04
United States Grand Prix,10.0,HAD,28.013
United States Grand Prix,10.0,RUS,9.563
United States Grand Prix,10.0,PIA,8.535
United States Grand Prix,10.0,BEA,13.762
United States Grand Prix,11.0,VER,0.0
United States Grand Prix,11.0,GAS,22.7
United States Grand Prix,11.0,ANT,34.483
United States Grand Prix,11.0,ALO,20.312
United States Grand Prix,11.0,LEC,3.3890000000000002
United States Grand Prix,11.0,STR,25.767
United States Grand Prix,11.0,TSU,12.793
United States Grand Prix,11.0,ALB,36.871
United States Grand Prix,11.0,HUL,17.704
United States Grand Prix,11.0,LAW,21.854
United States Grand Prix,11.0,OCO,27.411
United States Grand Prix,11.0,NOR,4.877
United States Grand Prix,11.0,COL,25.197
United States Grand Prix,11.0,HAM,6.837
United States Grand Prix,11.0,BOR,23.591
United States Grand Prix,11.0,HAD,29.73
United States Grand Prix,11.0,RUS,10.377
United States Grand Prix,11.0,PIA,9.011
United States Grand Prix,11.0,BEA,14.659
United States Grand Prix,12.0,VER,0.0
United States Grand Prix,12.0,GAS,24.882
United States Grand Prix,12.0,ANT,34.882
United States Grand Prix,12.0,ALO,21.771
United States Grand Prix,12.0,LEC,4.125
United States Grand Prix,12.0,STR,27.602
United States Grand Prix,12.0,TSU,13.894
United States Grand Prix,12.0,ALB,37.435
United States Grand Prix,12.0,HUL,18.628
United States Grand Prix,12.0,LAW,23.924
United States Grand Prix,12.0,OCO,29.659
United States Grand Prix,12.0,NOR,5.215
United States Grand Prix,12.0,COL,28.993
United States Grand Prix,12.0,HAM,7.121
United States Grand Prix,12.0,BOR,25.762
United States Grand Prix,12.0,HAD,31.547
United States Grand Prix,12.0,RUS,11.402
United States Grand Prix,12.0,PIA,10.255
United States Grand Prix,12.0,BEA,15.859
United States Grand Prix,13.0,VER,0.0
United States Grand Prix,13.0,GAS,26.73
United States Grand Prix,13.0,ANT,35.433
United States Grand Prix,13.0,ALO,23.29
United States Grand Prix,13.0,LEC,4.337
United States Grand Prix,13.0,STR,29.392
United States Grand Prix,13.0,TSU,14.862
United States Grand Prix,13.0,ALB,38.248
United States Grand Prix,13.0,HUL,20.19
United States Grand Prix,13.0,LAW,25.603
United States Grand Prix,13.0,OCO,32.03
United States Grand Prix,13.0,NOR,5.342
United States Grand Prix,13.0,COL,31.13
United States Grand Prix,13.0,HAM,7.465
United States Grand Prix,13.0,BOR,27.514
United States Grand Prix,13.0,HAD,33.585
United States Grand Prix,13.0,RUS,12.412
United States Grand Prix,13.0,PIA,10.95
United States Grand Prix,13.0,BEA,16.909
United States Grand Prix,14.0,VER,0.0
United States Grand Prix,14.0,GAS,28.739
United States Grand Prix,14.0,ANT,36.773
United States Grand Prix,14.0,ALO,24.756
United States Grand Prix,14.0,LEC,5.054
United States Grand Prix,14.0,STR,31.23
United States Grand Prix,14.0,TSU,15.95
United States Grand Prix,14.0,ALB,39.417
United States Grand Prix,14.0,HUL,21.096
United States Grand Prix,14.0,LAW,27.527
United States Grand Prix,14.0,OCO,34.176
United States Grand Prix,14.0,NOR,5.713
United States Grand Prix,14.0,COL,33.466
United States Grand Prix,14.0,HAM,7.864
United States Grand Prix,14.0,BOR,29.933
United States Grand Prix,14.0,HAD,35.677
United States Grand Prix,14.0,RUS,13.326
United States Grand Prix,14.0,PIA,11.875
United States Grand Prix,14.0,BEA,18.043
United States Grand Prix,15.0,VER,0.0
United States Grand Prix,15.0,GAS,30.672
United States Grand Prix,15.0,ANT,37.856
United States Grand Prix,15.0,ALO,25.908
United States Grand Prix,15.0,LEC,6.3
United States Grand Prix,15.0,STR,32.316
United States Grand Prix,15.0,TSU,16.737
United States Grand Prix,15.0,ALB,39.892
United States Grand Prix,15.0,HUL,21.906
United States Grand Prix,15.0,LAW,28.971
United States Grand Prix,15.0,OCO,35.903
United States Grand Prix,15.0,NOR,6.894
United States Grand Prix,15.0,COL,34.92
United States Grand Prix,15.0,HAM,8.272
United States Grand Prix,15.0,BOR,51.725
United States Grand Prix,15.0,HAD,37.369
United States Grand Prix,15.0,RUS,13.926
United States Grand Prix,15.0,PIA,12.367
United States Grand Prix,15.0,BEA,18.916
United States Grand Prix,16.0,VER,0.0
United States Grand Prix,16.0,GAS,32.584
United States Grand Prix,16.0,ANT,39.828
United States Grand Prix,16.0,ALO,27.093
United States Grand Prix,16.0,LEC,6.888
United States Grand Prix,16.0,STR,33.706
United States Grand Prix,16.0,TSU,17.768
United States Grand Prix,16.0,ALB,41.01
United States Grand Prix,16.0,HUL,22.734
United States Grand Prix,16.0,LAW,30.674
United States Grand Prix,16.0,OCO,37.797
United States Grand Prix,16.0,NOR,7.737
United States Grand Prix,16.0,COL,36.873
United States Grand Prix,16.0,HAM,9.044
United States Grand Prix,16.0,BOR,52.464
United States Grand Prix,16.0,HAD,39.335
United States Grand Prix,16.0,RUS,14.914
United States Grand Prix,16.0,PIA,13.202
United States Grand Prix,16.0,BEA,19.875
United States Grand Prix,17.0,VER,0.0
United States Grand Prix,17.0,GAS,34.108
United States Grand Prix,17.0,ANT,41.3
United States Grand Prix,17.0,ALO,28.288
United States Grand Prix,17.0,LEC,7.334
United States Grand Prix,17.0,STR,35.097
United States Grand Prix,17.0,TSU,18.824
United States Grand Prix,17.0,ALB,42.874
United States Grand Prix,17.0,HUL,23.623
United States Grand Prix,17.0,LAW,31.888
United States Grand Prix,17.0,OCO,40.082
United States Grand Prix,17.0,NOR,7.911
United States Grand Prix,17.0,COL,38.973
United States Grand Prix,17.0,HAM,9.639
United States Grand Prix,17.0,BOR,52.897
United States Grand Prix,17.0,HAD,42.364
United States Grand Prix,17.0,RUS,15.649000000000001
United States Grand Prix,17.0,PIA,13.776
United States Grand Prix,17.0,BEA,20.776
United States Grand Prix,18.0,VER,0.0
United States Grand Prix,18.0,GAS,35.956
United States Grand Prix,18.0,ANT,42.767
United States Grand Prix,18.0,ALO,29.445
United States Grand Prix,18.0,LEC,7.808
United States Grand Prix,18.0,STR,36.535
United States Grand Prix,18.0,TSU,19.83
United States Grand Prix,18.0,ALB,45.351
United States Grand Prix,18.0,HUL,24.498
United States Grand Prix,18.0,LAW,33.294
United States Grand Prix,18.0,OCO,42.158
United States Grand Prix,18.0,NOR,8.598
United States Grand Prix,18.0,COL,41.203
United States Grand Prix,18.0,HAM,10.216
United States Grand Prix,18.0,BOR,53.55
United States Grand Prix,18.0,HAD,44.756
United States Grand Prix,18.0,RUS,16.516
United States Grand Prix,18.0,PIA,14.363
United States Grand Prix,18.0,BEA,21.891
United States Grand Prix,19.0,VER,0.0
United States Grand Prix,19.0,GAS,38.247
United States Grand Prix,19.0,ANT,44.906
United States Grand Prix,19.0,ALO,30.595
United States Grand Prix,19.0,LEC,9.044
United States Grand Prix,19.0,STR,38.711
United States Grand Prix,19.0,TSU,20.828
United States Grand Prix,19.0,ALB,47.67
United States Grand Prix,19.0,HUL,25.457
United States Grand Prix,19.0,LAW,34.668
United States Grand Prix,19.0,OCO,44.48
United States Grand Prix,19.0,NOR,9.747
United States Grand Prix,19.0,COL,43.474
United States Grand Prix,19.0,HAM,10.867
United States Grand Prix,19.0,BOR,54.341
United States Grand Prix,19.0,HAD,46.995
United States Grand Prix,19.0,RUS,17.2
United States Grand Prix,19.0,PIA,14.693999999999999
United States Grand Prix,19.0,BEA,23.014
United States Grand Prix,20.0,VER,0.0
United States Grand Prix,20.0,GAS,41.424
United States Grand Prix,20.0,ANT,46.611
United States Grand Prix,20.0,ALO,32.53
United States Grand Prix,20.0,LEC,9.579
United States Grand Prix,20.0,STR,40.341
United States Grand Prix,20.0,TSU,22.047
United States Grand Prix,20.0,ALB,49.519
United States Grand Prix,20.0,HUL,26.75
United States Grand Prix,20.0,LAW,36.243
United States Grand Prix,20.0,OCO,47.7
United States Grand Prix,20.0,NOR,10.288
United States Grand Prix,20.0,COL,45.338
United States Grand Prix,20.0,HAM,11.538
United States Grand Prix,20.0,BOR,55.156
United States Grand Prix,20.0,HAD,48.929
United States Grand Prix,20.0,RUS,17.839
United States Grand Prix,20.0,PIA,15.503
United States Grand Prix,20.0,BEA,24.007
United States Grand Prix,21.0,VER,0.0
United States Grand Prix,21.0,GAS,43.178
United States Grand Prix,21.0,ANT,48.086
United States Grand Prix,21.0,ALO,33.937
United States Grand Prix,21.0,LEC,11.629
United States Grand Prix,21.0,STR,41.672
United States Grand Prix,21.0,TSU,23.278
United States Grand Prix,21.0,ALB,51.576
United States Grand Prix,21.0,HUL,27.966
United States Grand Prix,21.0,LAW,37.893
United States Grand Prix,21.0,OCO,49.577
United States Grand Prix,21.0,NOR,10.818999999999999
United States Grand Prix,21.0,COL,46.914
United States Grand Prix,21.0,HAM,12.625
United States Grand Prix,21.0,BOR,56.437
United States Grand Prix,21.0,HAD,51.11
United States Grand Prix,21.0,RUS,18.878
United States Grand Prix,21.0,PIA,16.129
United States Grand Prix,21.0,BEA,25.225
United States Grand Prix,22.0,VER,0.0
United States Grand Prix,22.0,GAS,44.621
United States Grand Prix,22.0,ANT,49.17
United States Grand Prix,22.0,ALO,34.703
United States Grand Prix,22.0,LEC,14.301
United States Grand Prix,22.0,STR,42.704
United States Grand Prix,22.0,TSU,24.12
United States Grand Prix,22.0,ALB,53.131
United States Grand Prix,22.0,HUL,28.888
United States Grand Prix,22.0,LAW,38.909
United States Grand Prix,22.0,OCO,51.274
United States Grand Prix,22.0,NOR,11.035
United States Grand Prix,22.0,COL,48.334
United States Grand Prix,22.0,HAM,14.208
United States Grand Prix,22.0,BOR,57.613
United States Grand Prix,22.0,HAD,54.686
United States Grand Prix,22.0,RUS,19.125
United States Grand Prix,22.0,PIA,16.808
United States Grand Prix,22.0,BEA,26.043
United States Grand Prix,23.0,VER,0.0
United States Grand Prix,23.0,GAS,46.426
United States Grand Prix,23.0,ANT,50.161
United States Grand Prix,23.0,ALO,36.549
United States Grand Prix,23.0,LEC,34.406
United States Grand Prix,23.0,STR,43.884
United States Grand Prix,23.0,TSU,25.131
United States Grand Prix,23.0,ALB,54.224
United States Grand Prix,23.0,HUL,29.758
United States Grand Prix,23.0,LAW,40.326
United States Grand Prix,23.0,OCO,53.042
United States Grand Prix,23.0,NOR,10.863
United States Grand Prix,23.0,COL,51.503
United States Grand Prix,23.0,HAM,14.055
United States Grand Prix,23.0,BOR,58.752
United States Grand Prix,23.0,HAD,56.472
United States Grand Prix,23.0,RUS,19.818
United States Grand Prix,23.0,PIA,17.255
United States Grand Prix,23.0,BEA,27.297
United States Grand Prix,24.0,VER,0.0
United States Grand Prix,24.0,GAS,48.091
United States Grand Prix,24.0,ANT,51.345
United States Grand Prix,24.0,ALO,38.001
United States Grand Prix,24.0,LEC,34.306
United States Grand Prix,24.0,STR,45.36
United States Grand Prix,24.0,TSU,26.229
United States Grand Prix,24.0,ALB,55.599
United States Grand Prix,24.0,HUL,31.132
United States Grand Prix,24.0,LAW,41.892
United States Grand Prix,24.0,OCO,55.739
United States Grand Prix,24.0,NOR,11.086
United States Grand Prix,24.0,COL,53.784
United States Grand Prix,24.0,HAM,14.957
United States Grand Prix,24.0,BOR,60.173
United States Grand Prix,24.0,HAD,58.022
United States Grand Prix,24.0,RUS,20.454
United States Grand Prix,24.0,PIA,18.131
United States Grand Prix,24.0,BEA,28.398
United States Grand Prix,25.0,VER,0.0
United States Grand Prix,25.0,GAS,50.125
United States Grand Prix,25.0,ANT,52.819
United States Grand Prix,25.0,ALO,39.362
United States Grand Prix,25.0,LEC,33.969
United States Grand Prix,25.0,STR,47.156
United States Grand Prix,25.0,TSU,27.56
United States Grand Prix,25.0,ALB,56.815
United States Grand Prix,25.0,HUL,32.535
United States Grand Prix,25.0,LAW,43.59
United States Grand Prix,25.0,OCO,76.685
United States Grand Prix,25.0,NOR,11.18
United States Grand Prix,25.0,COL,55.959
United States Grand Prix,25.0,HAM,16.135
United States Grand Prix,25.0,BOR,61.527
United States Grand Prix,25.0,HAD,59.843
United States Grand Prix,25.0,RUS,21.48
United States Grand Prix,25.0,PIA,19.307
United States Grand Prix,25.0,BEA,29.667
United States Grand Prix,26.0,VER,0.0
United States Grand Prix,26.0,GAS,51.84
United States Grand Prix,26.0,ANT,53.513
United States Grand Prix,26.0,ALO,40.836
United States Grand Prix,26.0,LEC,33.286
United States Grand Prix,26.0,STR,48.632
United States Grand Prix,26.0,TSU,28.618
United States Grand Prix,26.0,ALB,57.953
United States Grand Prix,26.0,HUL,34.712
United States Grand Prix,26.0,LAW,44.736
United States Grand Prix,26.0,OCO,76.525
United States Grand Prix,26.0,NOR,11.154
United States Grand Prix,26.0,COL,58.656
United States Grand Prix,26.0,HAM,16.681
United States Grand Prix,26.0,BOR,62.816
United States Grand Prix,26.0,HAD,61.353
United States Grand Prix,26.0,RUS,22.098
United States Grand Prix,26.0,PIA,20.119
United States Grand Prix,26.0,BEA,30.613
United States Grand Prix,27.0,VER,0.0
United States Grand Prix,27.0,GAS,53.912
United States Grand Prix,27.0,ANT,54.415
United States Grand Prix,27.0,ALO,41.862
United States Grand Prix,27.0,LEC,32.585
United States Grand Prix,27.0,STR,50.004
United States Grand Prix,27.0,TSU,29.45
United States Grand Prix,27.0,ALB,58.26
United States Grand Prix,27.0,HUL,35.169
United States Grand Prix,27.0,LAW,45.704
United States Grand Prix,27.0,OCO,76.129
United States Grand Prix,27.0,NOR,10.81
United States Grand Prix,27.0,COL,60.208
United States Grand Prix,27.0,HAM,16.807
United States Grand Prix,27.0,BOR,63.557
United States Grand Prix,27.0,HAD,62.797
United States Grand Prix,27.0,RUS,22.429
United States Grand Prix,27.0,PIA,20.807
United States Grand Prix,27.0,BEA,31.34
United States Grand Prix,28.0,VER,0.0
United States Grand Prix,28.0,GAS,76.196
United States Grand Prix,28.0,ANT,54.67
United States Grand Prix,28.0,ALO,42.992
United States Grand Prix,28.0,LEC,31.596
United States Grand Prix,28.0,STR,51.861
United States Grand Prix,28.0,TSU,30.623
United States Grand Prix,28.0,ALB,58.51
United States Grand Prix,28.0,HUL,35.486
United States Grand Prix,28.0,LAW,46.779
United States Grand Prix,28.0,OCO,75.549
United States Grand Prix,28.0,NOR,10.454
United States Grand Prix,28.0,COL,61.605
United States Grand Prix,28.0,HAM,17.085
United States Grand Prix,28.0,BOR,64.479
United States Grand Prix,28.0,HAD,64.458
United States Grand Prix,28.0,RUS,22.915
United States Grand Prix,28.0,PIA,21.462
United States Grand Prix,28.0,BEA,33.044
United States Grand Prix,29.0,VER,0.0
United States Grand Prix,29.0,GAS,76.67
United States Grand Prix,29.0,ANT,54.944
United States Grand Prix,29.0,ALO,44.227
United States Grand Prix,29.0,LEC,31.543
United States Grand Prix,29.0,STR,71.159
United States Grand Prix,29.0,TSU,33.149
United States Grand Prix,29.0,ALB,58.801
United States Grand Prix,29.0,HUL,35.939
United States Grand Prix,29.0,LAW,47.982
United States Grand Prix,29.0,OCO,75.261
United States Grand Prix,29.0,NOR,10.127
United States Grand Prix,29.0,COL,62.783
United States Grand Prix,29.0,HAM,17.241
United States Grand Prix,29.0,BOR,64.933
United States Grand Prix,29.0,HAD,83.989
United States Grand Prix,29.0,RUS,23.67
United States Grand Prix,29.0,PIA,22.346
United States Grand Prix,29.0,BEA,34.254
United States Grand Prix,30.0,VER,0.0
United States Grand Prix,30.0,GAS,75.927
United States Grand Prix,30.0,ANT,55.421
United States Grand Prix,30.0,ALO,46.806
United States Grand Prix,30.0,LEC,30.173
United States Grand Prix,30.0,STR,71.005
United States Grand Prix,30.0,TSU,53.232
United States Grand Prix,30.0,ALB,58.874
United States Grand Prix,30.0,HUL,35.736
United States Grand Prix,30.0,LAW,49.556
United States Grand Prix,30.0,OCO,74.692
United States Grand Prix,30.0,NOR,9.738
United States Grand Prix,30.0,COL,63.926
United States Grand Prix,30.0,HAM,17.891
United States Grand Prix,30.0,BOR,65.434
United States Grand Prix,30.0,HAD,84.294
United States Grand Prix,30.0,RUS,24.645
United States Grand Prix,30.0,PIA,23.625
United States Grand Prix,30.0,BEA,35.338
United States Grand Prix,31.0,VER,0.0
United States Grand Prix,31.0,GAS,75.617
United States Grand Prix,31.0,ANT,57.518
United States Grand Prix,31.0,ALO,66.793
United States Grand Prix,31.0,LEC,29.263
United States Grand Prix,31.0,STR,70.306
United States Grand Prix,31.0,TSU,52.782
United States Grand Prix,31.0,ALB,59.331
United States Grand Prix,31.0,HUL,35.992
United States Grand Prix,31.0,LAW,69.274
United States Grand Prix,31.0,OCO,73.901
United States Grand Prix,31.0,NOR,9.805
United States Grand Prix,31.0,COL,65.297
United States Grand Prix,31.0,HAM,19.462
United States Grand Prix,31.0,BOR,66.132
United States Grand Prix,31.0,HAD,83.921
United States Grand Prix,31.0,RUS,25.274
United States Grand Prix,31.0,PIA,42.669
United States Grand Prix,31.0,BEA,53.981
United States Grand Prix,32.0,VER,0.0
United States Grand Prix,32.0,GAS,75.078
United States Grand Prix,32.0,ANT,79.716
United States Grand Prix,32.0,ALO,67.29
United States Grand Prix,32.0,LEC,27.818
United States Grand Prix,32.0,STR,69.684
United States Grand Prix,32.0,TSU,51.673
United States Grand Prix,32.0,ALB,59.025
United States Grand Prix,32.0,HUL,35.945
United States Grand Prix,32.0,LAW,68.432
United States Grand Prix,32.0,OCO,73.01
United States Grand Prix,32.0,NOR,11.071
United States Grand Prix,32.0,COL,66.89
United States Grand Prix,32.0,HAM,38.463
United States Grand Prix,32.0,BOR,66.988
United States Grand Prix,32.0,HAD,83.444
United States Grand Prix,32.0,RUS,25.353
United States Grand Prix,32.0,PIA,42.142
United States Grand Prix,32.0,BEA,52.639
United States Grand Prix,33.0,VER,0.0
United States Grand Prix,33.0,GAS,73.671
United States Grand Prix,33.0,ANT,75.885
United States Grand Prix,33.0,ALO,66.312
United States Grand Prix,33.0,LEC,25.695
United States Grand Prix,33.0,STR,68.818
United States Grand Prix,33.0,TSU,50.057
United States Grand Prix,33.0,ALB,57.872
United States Grand Prix,33.0,HUL,35.601
United States Grand Prix,33.0,LAW,67.409
United States Grand Prix,33.0,OCO,71.3
United States Grand Prix,33.0,NOR,28.924
United States Grand Prix,33.0,COL,86.641
United States Grand Prix,33.0,HAM,35.893
United States Grand Prix,33.0,BOR,68.436
United States Grand Prix,33.0,HAD,81.377
United States Grand Prix,33.0,RUS,25.597
United States Grand Prix,33.0,PIA,39.97
United States Grand Prix,33.0,BEA,50.785
United States Grand Prix,34.0,VER,0.0
United States Grand Prix,34.0,GAS,55.125
United States Grand Prix,34.0,ANT,56.884
United States Grand Prix,34.0,ALO,47.792
United States Grand Prix,34.0,LEC,6.401
United States Grand Prix,34.0,STR,50.153
United States Grand Prix,34.0,TSU,32.19
United States Grand Prix,34.0,ALB,39.815
United States Grand Prix,34.0,HUL,36.87
United States Grand Prix,34.0,LAW,48.952
United States Grand Prix,34.0,OCO,52.809
United States Grand Prix,34.0,NOR,8.831
United States Grand Prix,34.0,COL,67.689
United States Grand Prix,34.0,HAM,16.255
United States Grand Prix,34.0,BOR,52.025
United States Grand Prix,34.0,HAD,61.925
United States Grand Prix,34.0,RUS,25.11
United States Grand Prix,34.0,PIA,21.094
United States Grand Prix,34.0,BEA,36.483
United States Grand Prix,35.0,VER,0.0
United States Grand Prix,35.0,GAS,57.398
United States Grand Prix,35.0,ANT,58.503
United States Grand Prix,35.0,ALO,49.765
United States Grand Prix,35.0,LEC,6.755
United States Grand Prix,35.0,STR,52.055
United States Grand Prix,35.0,TSU,33.582
United States Grand Prix,35.0,ALB,42.655
United States Grand Prix,35.0,HUL,37.882
United States Grand Prix,35.0,LAW,51.074
United States Grand Prix,35.0,OCO,54.804
United States Grand Prix,35.0,NOR,8.46
United States Grand Prix,35.0,COL,69.477
United States Grand Prix,35.0,HAM,16.731
United States Grand Prix,35.0,BOR,55.679
United States Grand Prix,35.0,HAD,63.4
United States Grand Prix,35.0,RUS,25.343
United States Grand Prix,35.0,PIA,21.718
United States Grand Prix,35.0,BEA,39.324
United States Grand Prix,36.0,VER,0.0
United States Grand Prix,36.0,GAS,59.157
United States Grand Prix,36.0,ANT,59.65
United States Grand Prix,36.0,ALO,50.632
United States Grand Prix,36.0,LEC,6.705
United States Grand Prix,36.0,STR,53.149
United States Grand Prix,36.0,TSU,34.186
United States Grand Prix,36.0,ALB,45.423
United States Grand Prix,36.0,HUL,39.162
United States Grand Prix,36.0,LAW,52.113
United States Grand Prix,36.0,OCO,56.189
United States Grand Prix,36.0,NOR,8.034
United States Grand Prix,36.0,COL,70.636
United States Grand Prix,36.0,HAM,16.627
United States Grand Prix,36.0,BOR,58.106
United States Grand Prix,36.0,HAD,64.23
United States Grand Prix,36.0,RUS,25.047
United States Grand Prix,36.0,PIA,22.116
United States Grand Prix,36.0,BEA,40.49
United States Grand Prix,37.0,VER,0.0
United States Grand Prix,37.0,GAS,61.602
United States Grand Prix,37.0,ANT,60.057
United States Grand Prix,37.0,ALO,51.606
United States Grand Prix,37.0,LEC,6.693
United States Grand Prix,37.0,STR,53.95
United States Grand Prix,37.0,TSU,35.033
United States Grand Prix,37.0,ALB,65.839
United States Grand Prix,37.0,HUL,40.125
United States Grand Prix,37.0,LAW,53.051
United States Grand Prix,37.0,OCO,57.241
United States Grand Prix,37.0,NOR,7.862
United States Grand Prix,37.0,COL,72.159
United States Grand Prix,37.0,HAM,16.364
United States Grand Prix,37.0,BOR,78.302
United States Grand Prix,37.0,HAD,65.283
United States Grand Prix,37.0,RUS,24.914
United States Grand Prix,37.0,PIA,22.188
United States Grand Prix,37.0,BEA,41.737
United States Grand Prix,38.0,VER,0.0
United States Grand Prix,38.0,GAS,63.526
United States Grand Prix,38.0,ANT,60.485
United States Grand Prix,38.0,ALO,52.965
United States Grand Prix,38.0,LEC,6.85
United States Grand Prix,38.0,STR,54.953
United States Grand Prix,38.0,TSU,36.467
United States Grand Prix,38.0,ALB,65.656
United States Grand Prix,38.0,HUL,41.515
United States Grand Prix,38.0,LAW,54.38
United States Grand Prix,38.0,OCO,58.358
United States Grand Prix,38.0,NOR,7.508
United States Grand Prix,38.0,COL,73.5
United States Grand Prix,38.0,HAM,16.676
United States Grand Prix,38.0,BOR,78.543
United States Grand Prix,38.0,HAD,67.679
United States Grand Prix,38.0,RUS,25.33
United States Grand Prix,38.0,PIA,22.611
United States Grand Prix,38.0,BEA,43.037
United States Grand Prix,39.0,VER,0.0
United States Grand Prix,39.0,GAS,65.171
United States Grand Prix,39.0,ANT,61.129
United States Grand Prix,39.0,ALO,54.604
United States Grand Prix,39.0,LEC,6.851
United States Grand Prix,39.0,STR,56.192
United States Grand Prix,39.0,TSU,37.681
United States Grand Prix,39.0,ALB,65.826
United States Grand Prix,39.0,HUL,42.685
United States Grand Prix,39.0,LAW,55.499
United States Grand Prix,39.0,OCO,59.589
United States Grand Prix,39.0,NOR,7.632
United States Grand Prix,39.0,COL,75.004
United States Grand Prix,39.0,HAM,17.082
United States Grand Prix,39.0,BOR,78.438
United States Grand Prix,39.0,HAD,68.959
United States Grand Prix,39.0,RUS,25.645
United States Grand Prix,39.0,PIA,23.205
United States Grand Prix,39.0,BEA,44.413
United States Grand Prix,40.0,VER,0.0
United States Grand Prix,40.0,GAS,68.602
United States Grand Prix,40.0,ANT,62.605
United States Grand Prix,40.0,ALO,55.832
United States Grand Prix,40.0,LEC,6.8
United States Grand Prix,40.0,STR,57.661
United States Grand Prix,40.0,TSU,38.9
United States Grand Prix,40.0,ALB,66.141
United States Grand Prix,40.0,HUL,44.244
United States Grand Prix,40.0,LAW,57.048
United States Grand Prix,40.0,OCO,61.158
United States Grand Prix,40.0,NOR,7.691
United States Grand Prix,40.0,COL,76.679
United States Grand Prix,40.0,HAM,17.589
United States Grand Prix,40.0,BOR,79.151
United States Grand Prix,40.0,HAD,70.507
United States Grand Prix,40.0,RUS,26.441
United States Grand Prix,40.0,PIA,23.857
United States Grand Prix,40.0,BEA,46.267
United States Grand Prix,41.0,VER,0.0
United States Grand Prix,41.0,GAS,71.078
United States Grand Prix,41.0,ANT,64.282
United States Grand Prix,41.0,ALO,57.272
United States Grand Prix,41.0,LEC,6.93
United States Grand Prix,41.0,STR,59.552
United States Grand Prix,41.0,TSU,40.406
United States Grand Prix,41.0,ALB,66.995
United States Grand Prix,41.0,HUL,46.379
United States Grand Prix,41.0,LAW,58.758
United States Grand Prix,41.0,OCO,62.709
United States Grand Prix,41.0,NOR,8.269
United States Grand Prix,41.0,COL,78.519
United States Grand Prix,41.0,HAM,18.225
United States Grand Prix,41.0,BOR,80.467
United States Grand Prix,41.0,HAD,72.61
United States Grand Prix,41.0,RUS,27.427
United States Grand Prix,41.0,PIA,24.806
United States Grand Prix,41.0,BEA,48.074
United States Grand Prix,42.0,VER,0.0
United States Grand Prix,42.0,GAS,73.03
United States Grand Prix,42.0,ANT,65.28
United States Grand Prix,42.0,ALO,58.319
United States Grand Prix,42.0,LEC,6.996
United States Grand Prix,42.0,STR,60.716
United States Grand Prix,42.0,TSU,41.376
United States Grand Prix,42.0,ALB,67.499
United States Grand Prix,42.0,HUL,47.374
United States Grand Prix,42.0,LAW,59.731
United States Grand Prix,42.0,OCO,63.842
United States Grand Prix,42.0,NOR,9.218
United States Grand Prix,42.0,COL,79.431
United States Grand Prix,42.0,HAM,18.161
United States Grand Prix,42.0,BOR,81.056
United States Grand Prix,42.0,HAD,74.058
United States Grand Prix,42.0,RUS,28.03
United States Grand Prix,42.0,PIA,25.153
United States Grand Prix,42.0,BEA,49.286
United States Grand Prix,43.0,VER,0.0
United States Grand Prix,43.0,GAS,74.532
United States Grand Prix,43.0,ANT,66.507
United States Grand Prix,43.0,ALO,59.852
United States Grand Prix,43.0,LEC,7.057
United States Grand Prix,43.0,STR,61.923
United States Grand Prix,43.0,TSU,42.641
United States Grand Prix,43.0,ALB,68.027
United States Grand Prix,43.0,HUL,47.988
United States Grand Prix,43.0,LAW,61.078
United States Grand Prix,43.0,OCO,65.167
United States Grand Prix,43.0,NOR,9.507
United States Grand Prix,43.0,COL,80.665
United States Grand Prix,43.0,HAM,18.244
United States Grand Prix,43.0,BOR,82.156
United States Grand Prix,43.0,HAD,75.543
United States Grand Prix,43.0,RUS,28.683
United States Grand Prix,43.0,PIA,25.563
United States Grand Prix,43.0,BEA,50.831
United States Grand Prix,44.0,VER,0.0
United States Grand Prix,44.0,GAS,76.453
United States Grand Prix,44.0,ANT,67.392
United States Grand Prix,44.0,ALO,60.869
United States Grand Prix,44.0,LEC,6.912
United States Grand Prix,44.0,STR,62.767
United States Grand Prix,44.0,TSU,43.418
United States Grand Prix,44.0,ALB,68.564
United States Grand Prix,44.0,HUL,48.767
United States Grand Prix,44.0,LAW,62.065
United States Grand Prix,44.0,OCO,66.24
United States Grand Prix,44.0,NOR,9.533
United States Grand Prix,44.0,COL,81.825
United States Grand Prix,44.0,HAM,18.563
United States Grand Prix,44.0,BOR,83.11
United States Grand Prix,44.0,HAD,77.023
United States Grand Prix,44.0,RUS,28.832
United States Grand Prix,44.0,PIA,25.673000000000002
United States Grand Prix,44.0,BEA,51.548
United States Grand Prix,45.0,VER,0.0
United States Grand Prix,45.0,GAS,78.684
United States Grand Prix,45.0,ANT,68.729
United States Grand Prix,45.0,ALO,61.875
United States Grand Prix,45.0,LEC,6.751
United States Grand Prix,45.0,STR,63.572
United States Grand Prix,45.0,TSU,44.228
United States Grand Prix,45.0,ALB,69.658
United States Grand Prix,45.0,HUL,49.902
United States Grand Prix,45.0,LAW,62.828
United States Grand Prix,45.0,OCO,67.305
United States Grand Prix,45.0,NOR,9.46
United States Grand Prix,45.0,COL,83.356
United States Grand Prix,45.0,HAM,18.57
United States Grand Prix,45.0,BOR,84.465
United States Grand Prix,45.0,HAD,79.295
United States Grand Prix,45.0,RUS,29.211
United States Grand Prix,45.0,PIA,25.819
United States Grand Prix,45.0,BEA,52.473
United States Grand Prix,46.0,VER,0.0
United States Grand Prix,46.0,GAS,80.013
United States Grand Prix,46.0,ANT,69.25
United States Grand Prix,46.0,ALO,62.816
United States Grand Prix,46.0,LEC,6.88
United States Grand Prix,46.0,STR,64.802
United States Grand Prix,46.0,TSU,45.342
United States Grand Prix,46.0,ALB,70.465
United States Grand Prix,46.0,HUL,51.114
United States Grand Prix,46.0,LAW,64.104
United States Grand Prix,46.0,OCO,68.405
United States Grand Prix,46.0,NOR,9.19
United States Grand Prix,46.0,COL,84.565
United States Grand Prix,46.0,HAM,18.726
United States Grand Prix,46.0,BOR,85.503
United States Grand Prix,46.0,HAD,80.673
United States Grand Prix,46.0,RUS,29.53
United States Grand Prix,46.0,PIA,26.234
United States Grand Prix,46.0,BEA,53.492
United States Grand Prix,47.0,VER,0.0
United States Grand Prix,47.0,GAS,82.345
United States Grand Prix,47.0,ANT,70.022
United States Grand Prix,47.0,ALO,64.208
United States Grand Prix,47.0,LEC,6.944
United States Grand Prix,47.0,STR,66.209
United States Grand Prix,47.0,TSU,46.35
United States Grand Prix,47.0,ALB,71.816
United States Grand Prix,47.0,HUL,52.461
United States Grand Prix,47.0,LAW,65.264
United States Grand Prix,47.0,OCO,70.906
United States Grand Prix,47.0,NOR,8.758
United States Grand Prix,47.0,COL,85.843
United States Grand Prix,47.0,HAM,19.036
United States Grand Prix,47.0,BOR,86.819
United States Grand Prix,47.0,HAD,82.835
United States Grand Prix,47.0,RUS,30.073
United States Grand Prix,47.0,PIA,26.825
United States Grand Prix,47.0,BEA,54.788
United States Grand Prix,48.0,VER,0.0
United States Grand Prix,48.0,GAS,84.622
United States Grand Prix,48.0,ANT,71.039
United States Grand Prix,48.0,ALO,65.196
United States Grand Prix,48.0,LEC,7.173
United States Grand Prix,48.0,STR,67.322
United States Grand Prix,48.0,TSU,47.6
United States Grand Prix,48.0,ALB,73.224
United States Grand Prix,48.0,HUL,53.189
United States Grand Prix,48.0,LAW,66.546
United States Grand Prix,48.0,OCO,72.189
United States Grand Prix,48.0,NOR,8.325
United States Grand Prix,48.0,COL,87.683
United States Grand Prix,48.0,HAM,19.886
United States Grand Prix,48.0,BOR,88.483
United States Grand Prix,48.0,HAD,85.275
United States Grand Prix,48.0,RUS,30.278
United States Grand Prix,48.0,PIA,27.292
United States Grand Prix,48.0,BEA,55.704
United States Grand Prix,49.0,VER,0.0
United States Grand Prix,49.0,GAS,86.325
United States Grand Prix,49.0,ANT,71.409
United States Grand Prix,49.0,ALO,65.697
United States Grand Prix,49.0,LEC,7.283
United States Grand Prix,49.0,STR,68.4
United States Grand Prix,49.0,TSU,48.672
United States Grand Prix,49.0,ALB,74.363
United States Grand Prix,49.0,HUL,53.584
United States Grand Prix,49.0,LAW,67.273
United States Grand Prix,49.0,OCO,73.43
United States Grand Prix,49.0,NOR,8.13
United States Grand Prix,49.0,COL,88.755
United States Grand Prix,49.0,HAM,20.808
United States Grand Prix,49.0,BOR,89.566
United States Grand Prix,49.0,HAD,86.829
United States Grand Prix,49.0,RUS,30.583
United States Grand Prix,49.0,PIA,27.626
United States Grand Prix,49.0,BEA,56.561
United States Grand Prix,50.0,VER,0.0
United States Grand Prix,50.0,GAS,88.369
United States Grand Prix,50.0,ANT,72.137
United States Grand Prix,50.0,ALO,66.625
United States Grand Prix,50.0,LEC,7.518
United States Grand Prix,50.0,STR,69.545
United States Grand Prix,50.0,TSU,49.573
United States Grand Prix,50.0,ALB,75.115
United States Grand Prix,50.0,HUL,53.999
United States Grand Prix,50.0,LAW,68.275
United States Grand Prix,50.0,OCO,74.323
United States Grand Prix,50.0,NOR,8.04
United States Grand Prix,50.0,COL,90.143
United States Grand Prix,50.0,HAM,21.516
United States Grand Prix,50.0,BOR,91.066
United States Grand Prix,50.0,HAD,88.885
United States Grand Prix,50.0,RUS,30.78
United States Grand Prix,50.0,PIA,27.824
United States Grand Prix,50.0,BEA,57.569
United States Grand Prix,51.0,VER,0.0
United States Grand Prix,51.0,GAS,91.475
United States Grand Prix,51.0,ANT,72.85
United States Grand Prix,51.0,ALO,67.601
United States Grand Prix,51.0,LEC,9.762
United States Grand Prix,51.0,STR,70.755
United States Grand Prix,51.0,TSU,50.573
United States Grand Prix,51.0,ALB,76.463
United States Grand Prix,51.0,HUL,54.745
United States Grand Prix,51.0,LAW,69.466
United States Grand Prix,51.0,OCO,75.912
United States Grand Prix,51.0,NOR,8.965
United States Grand Prix,51.0,COL,92.323
United States Grand Prix,51.0,HAM,22.472
United States Grand Prix,51.0,BOR,92.987
United States Grand Prix,51.0,HAD,90.433
United States Grand Prix,51.0,RUS,31.439
United States Grand Prix,51.0,PIA,28.415
United States Grand Prix,51.0,BEA,59.043
United States Grand Prix,52.0,VER,0.0
United States Grand Prix,52.0,GAS,94.213
United States Grand Prix,52.0,ANT,73.507
United States Grand Prix,52.0,ALO,68.3
United States Grand Prix,52.0,LEC,11.06
United States Grand Prix,52.0,STR,71.967
United States Grand Prix,52.0,TSU,51.253
United States Grand Prix,52.0,ALB,78.139
United States Grand Prix,52.0,HUL,55.575
United States Grand Prix,52.0,LAW,70.719
United States Grand Prix,52.0,OCO,77.432
United States Grand Prix,52.0,NOR,8.6
United States Grand Prix,52.0,COL,94.678
United States Grand Prix,52.0,HAM,23.088
United States Grand Prix,52.0,BOR,95.321
United States Grand Prix,52.0,HAD,91.198
United States Grand Prix,52.0,RUS,31.809
United States Grand Prix,52.0,PIA,28.95
United States Grand Prix,52.0,BEA,60.046
United States Grand Prix,53.0,VER,0.0
United States Grand Prix,53.0,GAS,97.062
United States Grand Prix,53.0,ANT,74.599
United States Grand Prix,53.0,ALO,69.186
United States Grand Prix,53.0,LEC,12.654
United States Grand Prix,53.0,STR,73.19
United States Grand Prix,53.0,TSU,52.31
United States Grand Prix,53.0,ALB,79.659
United States Grand Prix,53.0,HUL,56.325
United States Grand Prix,53.0,LAW,71.595
United States Grand Prix,53.0,OCO,79.118
United States Grand Prix,53.0,NOR,8.613
United States Grand Prix,53.0,COL,97.459
United States Grand Prix,53.0,HAM,23.639
United States Grand Prix,53.0,BOR,98.101
United States Grand Prix,53.0,HAD,91.917
United States Grand Prix,53.0,RUS,32.548
United States Grand Prix,53.0,PIA,29.546
United States Grand Prix,53.0,BEA,61.669
United States Grand Prix,54.0,VER,0.0
United States Grand Prix,54.0,GAS,100.546
United States Grand Prix,54.0,ANT,74.688
United States Grand Prix,54.0,ALO,69.076
United States Grand Prix,54.0,LEC,13.01
United States Grand Prix,54.0,STR,73.362
United States Grand Prix,54.0,TSU,52.214
United States Grand Prix,54.0,ALB,80.091
United States Grand Prix,54.0,HUL,55.798
United States Grand Prix,54.0,LAW,71.72
United States Grand Prix,54.0,OCO,80.671
United States Grand Prix,54.0,NOR,7.879
United States Grand Prix,54.0,COL,97.733
United States Grand Prix,54.0,HAM,24.199
United States Grand Prix,54.0,BOR,100.975
United States Grand Prix,54.0,HAD,91.742
United States Grand Prix,54.0,RUS,32.587
United States Grand Prix,54.0,PIA,29.29
United States Grand Prix,54.0,BEA,62.179
United States Grand Prix,55.0,VER,0.0
United States Grand Prix,55.0,GAS,104.415
United States Grand Prix,55.0,ANT,74.922
United States Grand Prix,55.0,ALO,69.012
United States Grand Prix,55.0,LEC,13.633
United States Grand Prix,55.0,STR,73.588
United States Grand Prix,55.0,TSU,52.101
United States Grand Prix,55.0,ALB,79.783
United States Grand Prix,55.0,HUL,55.396
United States Grand Prix,55.0,LAW,71.902
United States Grand Prix,55.0,OCO,81.616
United States Grand Prix,55.0,NOR,7.168
United States Grand Prix,55.0,COL,100.567
United States Grand Prix,55.0,HAM,23.602
United States Grand Prix,55.0,BOR,101.817
United States Grand Prix,55.0,HAD,91.938
United States Grand Prix,55.0,RUS,32.535
United States Grand Prix,55.0,PIA,28.896
United States Grand Prix,55.0,BEA,63.193
United States Grand Prix,56.0,VER,0.0
United States Grand Prix,56.0,ANT,75.746
United States Grand Prix,56.0,ALO,70.001
United States Grand Prix,56.0,LEC,15.373
United States Grand Prix,56.0,STR,74.778
United States Grand Prix,56.0,TSU,52.714
United States Grand Prix,56.0,ALB,80.0
United States Grand Prix,56.0,HUL,57.249
United States Grand Prix,56.0,LAW,73.209
United States Grand Prix,56.0,OCO,83.043
United States Grand Prix,56.0,NOR,7.959
United States Grand Prix,56.0,HAM,28.536
United States Grand Prix,56.0,HAD,92.807
United States Grand Prix,56.0,RUS,33.456
United States Grand Prix,56.0,PIA,29.678
United States Grand Prix,56.0,BEA,64.722
Mexico City Grand Prix,1.0,VER,3.082
Mexico City Grand Prix,1.0,GAS,9.565
Mexico City Grand Prix,1.0,ANT,4.837
Mexico City Grand Prix,1.0,ALO,9.914
Mexico City Grand Prix,1.0,LEC,1.6680000000000001
Mexico City Grand Prix,1.0,STR,13.701
Mexico City Grand Prix,1.0,TSU,5.453
Mexico City Grand Prix,1.0,ALB,10.549
Mexico City Grand Prix,1.0,HUL,10.233
Mexico City Grand Prix,1.0,LAW,9.039
Mexico City Grand Prix,1.0,OCO,6.333
Mexico City Grand Prix,1.0,NOR,0.0
Mexico City Grand Prix,1.0,COL,15.218
Mexico City Grand Prix,1.0,HAM,2.452
Mexico City Grand Prix,1.0,BOR,7.866
Mexico City Grand Prix,1.0,SAI,7.383
Mexico City Grand Prix,1.0,HAD,6.884
Mexico City Grand Prix,1.0,RUS,3.694
Mexico City Grand Prix,1.0,PIA,5.914
Mexico City Grand Prix,1.0,BEA,4.249
Mexico City Grand Prix,2.0,VER,3.348
Mexico City Grand Prix,2.0,GAS,14.075
Mexico City Grand Prix,2.0,ANT,5.349
Mexico City Grand Prix,2.0,ALO,13.023
Mexico City Grand Prix,2.0,LEC,1.663
Mexico City Grand Prix,2.0,STR,15.523
Mexico City Grand Prix,2.0,TSU,6.145
Mexico City Grand Prix,2.0,ALB,14.675
Mexico City Grand Prix,2.0,HUL,14.354
Mexico City Grand Prix,2.0,LAW,16.969
Mexico City Grand Prix,2.0,OCO,7.235
Mexico City Grand Prix,2.0,NOR,0.0
Mexico City Grand Prix,2.0,COL,17.516
Mexico City Grand Prix,2.0,HAM,2.672
Mexico City Grand Prix,2.0,BOR,9.31
Mexico City Grand Prix,2.0,SAI,8.522
Mexico City Grand Prix,2.0,HAD,7.78
Mexico City Grand Prix,2.0,RUS,3.955
Mexico City Grand Prix,2.0,PIA,6.671
Mexico City Grand Prix,2.0,BEA,4.7
Mexico City Grand Prix,3.0,VER,3.462
Mexico City Grand Prix,3.0,GAS,15.767
Mexico City Grand Prix,3.0,ANT,5.763
Mexico City Grand Prix,3.0,ALO,13.546
Mexico City Grand Prix,3.0,LEC,1.9
Mexico City Grand Prix,3.0,STR,17.709
Mexico City Grand Prix,3.0,TSU,6.616
Mexico City Grand Prix,3.0,ALB,16.615
Mexico City Grand Prix,3.0,HUL,18.634
Mexico City Grand Prix,3.0,LAW,52.838
Mexico City Grand Prix,3.0,OCO,7.612
Mexico City Grand Prix,3.0,NOR,0.0
Mexico City Grand Prix,3.0,COL,19.828
Mexico City Grand Prix,3.0,HAM,2.877
Mexico City Grand Prix,3.0,BOR,10.839
Mexico City Grand Prix,3.0,SAI,9.34
Mexico City Grand Prix,3.0,HAD,8.345
Mexico City Grand Prix,3.0,RUS,4.3
Mexico City Grand Prix,3.0,PIA,6.992
Mexico City Grand Prix,3.0,BEA,5.033
Mexico City Grand Prix,4.0,VER,3.799
Mexico City Grand Prix,4.0,GAS,17.148
Mexico City Grand Prix,4.0,ANT,6.332
Mexico City Grand Prix,4.0,ALO,14.061
Mexico City Grand Prix,4.0,LEC,1.9260000000000002
Mexico City Grand Prix,4.0,STR,18.775
Mexico City Grand Prix,4.0,TSU,7.2620000000000005
Mexico City Grand Prix,4.0,ALB,17.805
Mexico City Grand Prix,4.0,HUL,19.556
Mexico City Grand Prix,4.0,LAW,55.512
Mexico City Grand Prix,4.0,OCO,8.432
Mexico City Grand Prix,4.0,NOR,0.0
Mexico City Grand Prix,4.0,COL,21.946
Mexico City Grand Prix,4.0,HAM,2.973
Mexico City Grand Prix,4.0,BOR,11.844
Mexico City Grand Prix,4.0,SAI,10.212
Mexico City Grand Prix,4.0,HAD,9.075
Mexico City Grand Prix,4.0,RUS,4.672
Mexico City Grand Prix,4.0,PIA,7.761
Mexico City Grand Prix,4.0,BEA,5.593
Mexico City Grand Prix,5.0,VER,3.933
Mexico City Grand Prix,5.0,GAS,20.596
Mexico City Grand Prix,5.0,ANT,6.702
Mexico City Grand Prix,5.0,ALO,14.541
Mexico City Grand Prix,5.0,LEC,2.144
Mexico City Grand Prix,5.0,STR,20.852
Mexico City Grand Prix,5.0,TSU,7.6899999999999995
Mexico City Grand Prix,5.0,ALB,19.539
Mexico City Grand Prix,5.0,HUL,21.479
Mexico City Grand Prix,5.0,LAW,66.599
Mexico City Grand Prix,5.0,OCO,8.936
Mexico City Grand Prix,5.0,NOR,0.0
Mexico City Grand Prix,5.0,COL,24.447
Mexico City Grand Prix,5.0,HAM,3.35
Mexico City Grand Prix,5.0,BOR,12.671
Mexico City Grand Prix,5.0,SAI,11.18
Mexico City Grand Prix,5.0,HAD,9.645
Mexico City Grand Prix,5.0,RUS,4.89
Mexico City Grand Prix,5.0,PIA,8.249
Mexico City Grand Prix,5.0,BEA,5.885
Mexico City Grand Prix,6.0,VER,9.754
Mexico City Grand Prix,6.0,GAS,22.715
Mexico City Grand Prix,6.0,ANT,10.319
Mexico City Grand Prix,6.0,ALO,15.558
Mexico City Grand Prix,6.0,LEC,2.232
Mexico City Grand Prix,6.0,STR,21.242
Mexico City Grand Prix,6.0,TSU,11.488
Mexico City Grand Prix,6.0,ALB,20.494
Mexico City Grand Prix,6.0,HUL,23.075
Mexico City Grand Prix,6.0,OCO,12.505
Mexico City Grand Prix,6.0,NOR,0.0
Mexico City Grand Prix,6.0,COL,26.636
Mexico City Grand Prix,6.0,HAM,6.702
Mexico City Grand Prix,6.0,BOR,14.415
Mexico City Grand Prix,6.0,SAI,13.335
Mexico City Grand Prix,6.0,HAD,12.88
Mexico City Grand Prix,6.0,RUS,10.971
Mexico City Grand Prix,6.0,PIA,12.072
Mexico City Grand Prix,6.0,BEA,8.94
Mexico City Grand Prix,7.0,VER,10.175
Mexico City Grand Prix,7.0,GAS,25.242
Mexico City Grand Prix,7.0,ANT,10.818
Mexico City Grand Prix,7.0,ALO,16.73
Mexico City Grand Prix,7.0,LEC,2.292
Mexico City Grand Prix,7.0,STR,22.067
Mexico City Grand Prix,7.0,TSU,12.626
Mexico City Grand Prix,7.0,ALB,21.507
Mexico City Grand Prix,7.0,HUL,24.373
Mexico City Grand Prix,7.0,OCO,13.779
Mexico City Grand Prix,7.0,NOR,0.0
Mexico City Grand Prix,7.0,COL,28.844
Mexico City Grand Prix,7.0,HAM,7.28
Mexico City Grand Prix,7.0,BOR,16.073
Mexico City Grand Prix,7.0,SAI,15.266
Mexico City Grand Prix,7.0,HAD,14.535
Mexico City Grand Prix,7.0,RUS,11.637
Mexico City Grand Prix,7.0,PIA,13.11
Mexico City Grand Prix,7.0,BEA,9.383
Mexico City Grand Prix,8.0,VER,10.803
Mexico City Grand Prix,8.0,GAS,27.612
Mexico City Grand Prix,8.0,ANT,11.617
Mexico City Grand Prix,8.0,ALO,18.365
Mexico City Grand Prix,8.0,LEC,2.645
Mexico City Grand Prix,8.0,STR,23.365
Mexico City Grand Prix,8.0,TSU,13.618
Mexico City Grand Prix,8.0,ALB,24.413
Mexico City Grand Prix,8.0,HUL,27.987
Mexico City Grand Prix,8.0,OCO,15.068
Mexico City Grand Prix,8.0,NOR,0.0
Mexico City Grand Prix,8.0,COL,31.106
Mexico City Grand Prix,8.0,HAM,7.57
Mexico City Grand Prix,8.0,BOR,17.833
Mexico City Grand Prix,8.0,SAI,17.372
Mexico City Grand Prix,8.0,HAD,15.855
Mexico City Grand Prix,8.0,RUS,12.482
Mexico City Grand Prix,8.0,PIA,14.277
Mexico City Grand Prix,8.0,BEA,9.991
Mexico City Grand Prix,9.0,VER,11.762
Mexico City Grand Prix,9.0,GAS,30.172
Mexico City Grand Prix,9.0,ANT,12.405
Mexico City Grand Prix,9.0,ALO,20.619
Mexico City Grand Prix,9.0,LEC,2.783
Mexico City Grand Prix,9.0,STR,24.97
Mexico City Grand Prix,9.0,TSU,14.803
Mexico City Grand Prix,9.0,ALB,26.309
Mexico City Grand Prix,9.0,HUL,28.928
Mexico City Grand Prix,9.0,OCO,16.322
Mexico City Grand Prix,9.0,NOR,0.0
Mexico City Grand Prix,9.0,COL,33.166
Mexico City Grand Prix,9.0,HAM,8.053
Mexico City Grand Prix,9.0,BOR,19.112
Mexico City Grand Prix,9.0,SAI,20.028
Mexico City Grand Prix,9.0,HAD,17.36
Mexico City Grand Prix,9.0,RUS,13.32
Mexico City Grand Prix,9.0,PIA,15.518
Mexico City Grand Prix,9.0,BEA,10.589
Mexico City Grand Prix,10.0,VER,12.599
Mexico City Grand Prix,10.0,GAS,32.407
Mexico City Grand Prix,10.0,ANT,13.475
Mexico City Grand Prix,10.0,ALO,22.436
Mexico City Grand Prix,10.0,LEC,3.015
Mexico City Grand Prix,10.0,STR,26.183
Mexico City Grand Prix,10.0,TSU,16.179
Mexico City Grand Prix,10.0,ALB,28.176
Mexico City Grand Prix,10.0,HUL,30.766
Mexico City Grand Prix,10.0,OCO,17.605
Mexico City Grand Prix,10.0,NOR,0.0
Mexico City Grand Prix,10.0,COL,35.217
Mexico City Grand Prix,10.0,HAM,8.298
Mexico City Grand Prix,10.0,BOR,20.718
Mexico City Grand Prix,10.0,SAI,21.486
Mexico City Grand Prix,10.0,HAD,19.147
Mexico City Grand Prix,10.0,RUS,14.409
Mexico City Grand Prix,10.0,PIA,16.53
Mexico City Grand Prix,10.0,BEA,11.238
Mexico City Grand Prix,11.0,VER,13.396
Mexico City Grand Prix,11.0,GAS,34.691
Mexico City Grand Prix,11.0,ANT,14.376
Mexico City Grand Prix,11.0,ALO,24.063
Mexico City Grand Prix,11.0,LEC,3.455
Mexico City Grand Prix,11.0,STR,27.712
Mexico City Grand Prix,11.0,TSU,18.397
Mexico City Grand Prix,11.0,ALB,29.868
Mexico City Grand Prix,11.0,HUL,31.584
Mexico City Grand Prix,11.0,OCO,19.013
Mexico City Grand Prix,11.0,NOR,0.0
Mexico City Grand Prix,11.0,COL,37.122
Mexico City Grand Prix,11.0,HAM,9.076
Mexico City Grand Prix,11.0,BOR,22.235
Mexico City Grand Prix,11.0,SAI,23.373
Mexico City Grand Prix,11.0,HAD,20.704
Mexico City Grand Prix,11.0,RUS,15.393
Mexico City Grand Prix,11.0,PIA,17.137
Mexico City Grand Prix,11.0,BEA,12.002
Mexico City Grand Prix,12.0,VER,14.102
Mexico City Grand Prix,12.0,GAS,36.727
Mexico City Grand Prix,12.0,ANT,15.045
Mexico City Grand Prix,12.0,ALO,26.052
Mexico City Grand Prix,12.0,LEC,3.5629999999999997
Mexico City Grand Prix,12.0,STR,29.121
Mexico City Grand Prix,12.0,TSU,19.833
Mexico City Grand Prix,12.0,ALB,31.474
Mexico City Grand Prix,12.0,HUL,34.526
Mexico City Grand Prix,12.0,OCO,20.459
Mexico City Grand Prix,12.0,NOR,0.0
Mexico City Grand Prix,12.0,COL,39.04
Mexico City Grand Prix,12.0,HAM,9.207
Mexico City Grand Prix,12.0,BOR,23.423
Mexico City Grand Prix,12.0,SAI,25.177
Mexico City Grand Prix,12.0,HAD,22.129
Mexico City Grand Prix,12.0,RUS,15.876
Mexico City Grand Prix,12.0,PIA,17.996
Mexico City Grand Prix,12.0,BEA,12.703
Mexico City Grand Prix,13.0,VER,14.971
Mexico City Grand Prix,13.0,GAS,38.701
Mexico City Grand Prix,13.0,ANT,15.882
Mexico City Grand Prix,13.0,ALO,27.923000000000002
Mexico City Grand Prix,13.0,LEC,4.299
Mexico City Grand Prix,13.0,STR,30.776
Mexico City Grand Prix,13.0,TSU,21.593
Mexico City Grand Prix,13.0,ALB,33.262
Mexico City Grand Prix,13.0,HUL,36.496
Mexico City Grand Prix,13.0,OCO,22.543
Mexico City Grand Prix,13.0,NOR,0.0
Mexico City Grand Prix,13.0,COL,41.069
Mexico City Grand Prix,13.0,HAM,9.681000000000001
Mexico City Grand Prix,13.0,BOR,25.194
Mexico City Grand Prix,13.0,SAI,26.987
Mexico City Grand Prix,13.0,HAD,23.987
Mexico City Grand Prix,13.0,RUS,16.776
Mexico City Grand Prix,13.0,PIA,18.826999999999998
Mexico City Grand Prix,13.0,BEA,13.508
Mexico City Grand Prix,14.0,VER,15.725999999999999
Mexico City Grand Prix,14.0,GAS,40.778
Mexico City Grand Prix,14.0,ANT,16.711
Mexico City Grand Prix,14.0,ALO,29.59
Mexico City Grand Prix,14.0,LEC,4.986
Mexico City Grand Prix,14.0,STR,32.505
Mexico City Grand Prix,14.0,TSU,23.213
Mexico City Grand Prix,14.0,ALB,35.068
Mexico City Grand Prix,14.0,HUL,37.451
Mexico City Grand Prix,14.0,OCO,24.083
Mexico City Grand Prix,14.0,NOR,0.0
Mexico City Grand Prix,14.0,COL,43.332
Mexico City Grand Prix,14.0,HAM,10.094
Mexico City Grand Prix,14.0,BOR,27.178
Mexico City Grand Prix,14.0,SAI,28.936
Mexico City Grand Prix,14.0,HAD,25.909
Mexico City Grand Prix,14.0,RUS,17.937
Mexico City Grand Prix,14.0,PIA,19.589
Mexico City Grand Prix,14.0,BEA,14.226
Mexico City Grand Prix,15.0,VER,16.946
Mexico City Grand Prix,15.0,GAS,43.194
Mexico City Grand Prix,15.0,ANT,18.022
Mexico City Grand Prix,15.0,ALO,31.82
Mexico City Grand Prix,15.0,LEC,5.73
Mexico City Grand Prix,15.0,STR,33.77
Mexico City Grand Prix,15.0,TSU,24.83
Mexico City Grand Prix,15.0,ALB,36.711
Mexico City Grand Prix,15.0,HUL,39.451
Mexico City Grand Prix,15.0,OCO,25.534
Mexico City Grand Prix,15.0,NOR,0.0
Mexico City Grand Prix,15.0,COL,45.947
Mexico City Grand Prix,15.0,HAM,10.794
Mexico City Grand Prix,15.0,BOR,28.942
Mexico City Grand Prix,15.0,SAI,30.957
Mexico City Grand Prix,15.0,HAD,27.914
Mexico City Grand Prix,15.0,RUS,19.234
Mexico City Grand Prix,15.0,PIA,20.711
Mexico City Grand Prix,15.0,BEA,15.05
Mexico City Grand Prix,16.0,VER,18.181
Mexico City Grand Prix,16.0,GAS,45.165
Mexico City Grand Prix,16.0,ANT,19.47
Mexico City Grand Prix,16.0,ALO,33.65
Mexico City Grand Prix,16.0,LEC,6.601
Mexico City Grand Prix,16.0,STR,35.449
Mexico City Grand Prix,16.0,TSU,26.847
Mexico City Grand Prix,16.0,ALB,38.577
Mexico City Grand Prix,16.0,HUL,40.978
Mexico City Grand Prix,16.0,OCO,27.652
Mexico City Grand Prix,16.0,NOR,0.0
Mexico City Grand Prix,16.0,COL,48.209
Mexico City Grand Prix,16.0,HAM,11.775
Mexico City Grand Prix,16.0,BOR,30.69
Mexico City Grand Prix,16.0,SAI,32.977
Mexico City Grand Prix,16.0,HAD,29.789
Mexico City Grand Prix,16.0,RUS,20.54
Mexico City Grand Prix,16.0,PIA,21.595
Mexico City Grand Prix,16.0,BEA,16.225
Mexico City Grand Prix,17.0,VER,19.144
Mexico City Grand Prix,17.0,GAS,48.199
Mexico City Grand Prix,17.0,ANT,20.42
Mexico City Grand Prix,17.0,ALO,36.015
Mexico City Grand Prix,17.0,LEC,7.412
Mexico City Grand Prix,17.0,STR,37.104
Mexico City Grand Prix,17.0,TSU,28.515
Mexico City Grand Prix,17.0,ALB,40.539
Mexico City Grand Prix,17.0,HUL,42.489
Mexico City Grand Prix,17.0,OCO,29.223
Mexico City Grand Prix,17.0,NOR,0.0
Mexico City Grand Prix,17.0,COL,50.54
Mexico City Grand Prix,17.0,HAM,12.521
Mexico City Grand Prix,17.0,BOR,32.144
Mexico City Grand Prix,17.0,SAI,37.874
Mexico City Grand Prix,17.0,HAD,31.294
Mexico City Grand Prix,17.0,RUS,21.616
Mexico City Grand Prix,17.0,PIA,22.318
Mexico City Grand Prix,17.0,BEA,17.218
Mexico City Grand Prix,18.0,VER,19.984
Mexico City Grand Prix,18.0,GAS,49.781
Mexico City Grand Prix,18.0,ANT,21.124
Mexico City Grand Prix,18.0,ALO,37.494
Mexico City Grand Prix,18.0,LEC,8.069
Mexico City Grand Prix,18.0,STR,38.253
Mexico City Grand Prix,18.0,TSU,29.697
Mexico City Grand Prix,18.0,ALB,41.898
Mexico City Grand Prix,18.0,HUL,43.82
Mexico City Grand Prix,18.0,OCO,30.542
Mexico City Grand Prix,18.0,NOR,0.0
Mexico City Grand Prix,18.0,COL,52.312
Mexico City Grand Prix,18.0,HAM,13.811
Mexico City Grand Prix,18.0,BOR,33.829
Mexico City Grand Prix,18.0,SAI,57.746
Mexico City Grand Prix,18.0,HAD,32.582
Mexico City Grand Prix,18.0,RUS,22.313
Mexico City Grand Prix,18.0,PIA,22.974
Mexico City Grand Prix,18.0,BEA,18.078
Mexico City Grand Prix,19.0,VER,20.816
Mexico City Grand Prix,19.0,GAS,51.693
Mexico City Grand Prix,19.0,ANT,22.08
Mexico City Grand Prix,19.0,ALO,39.271
Mexico City Grand Prix,19.0,LEC,8.482
Mexico City Grand Prix,19.0,STR,39.836
Mexico City Grand Prix,19.0,TSU,30.83
Mexico City Grand Prix,19.0,ALB,43.147
Mexico City Grand Prix,19.0,HUL,45.82
Mexico City Grand Prix,19.0,OCO,31.882
Mexico City Grand Prix,19.0,NOR,0.0
Mexico City Grand Prix,19.0,COL,54.672
Mexico City Grand Prix,19.0,HAM,14.567
Mexico City Grand Prix,19.0,BOR,35.608
Mexico City Grand Prix,19.0,SAI,57.031
Mexico City Grand Prix,19.0,HAD,34.015
Mexico City Grand Prix,19.0,RUS,23.613
Mexico City Grand Prix,19.0,PIA,24.359
Mexico City Grand Prix,19.0,BEA,18.884
Mexico City Grand Prix,20.0,VER,21.854
Mexico City Grand Prix,20.0,GAS,53.786
Mexico City Grand Prix,20.0,ANT,23.195
Mexico City Grand Prix,20.0,ALO,45.506
Mexico City Grand Prix,20.0,LEC,9.013
Mexico City Grand Prix,20.0,STR,41.303
Mexico City Grand Prix,20.0,TSU,32.376
Mexico City Grand Prix,20.0,ALB,44.935
Mexico City Grand Prix,20.0,HUL,48.095
Mexico City Grand Prix,20.0,OCO,33.515
Mexico City Grand Prix,20.0,NOR,0.0
Mexico City Grand Prix,20.0,COL,56.869
Mexico City Grand Prix,20.0,HAM,15.941
Mexico City Grand Prix,20.0,BOR,37.387
Mexico City Grand Prix,20.0,SAI,57.305
Mexico City Grand Prix,20.0,HAD,35.65
Mexico City Grand Prix,20.0,RUS,24.729
Mexico City Grand Prix,20.0,PIA,25.473
Mexico City Grand Prix,20.0,BEA,19.904
Mexico City Grand Prix,21.0,VER,23.026
Mexico City Grand Prix,21.0,GAS,56.111
Mexico City Grand Prix,21.0,ANT,24.496
Mexico City Grand Prix,21.0,ALO,68.647
Mexico City Grand Prix,21.0,LEC,9.498
Mexico City Grand Prix,21.0,STR,42.751
Mexico City Grand Prix,21.0,TSU,33.691
Mexico City Grand Prix,21.0,ALB,46.455
Mexico City Grand Prix,21.0,HUL,50.495
Mexico City Grand Prix,21.0,OCO,34.665
Mexico City Grand Prix,21.0,NOR,0.0
Mexico City Grand Prix,21.0,COL,59.754
Mexico City Grand Prix,21.0,HAM,16.839
Mexico City Grand Prix,21.0,BOR,39.222
Mexico City Grand Prix,21.0,SAI,56.889
Mexico City Grand Prix,21.0,HAD,37.069
Mexico City Grand Prix,21.0,RUS,25.761
Mexico City Grand Prix,21.0,PIA,26.49
Mexico City Grand Prix,21.0,BEA,20.701
Mexico City Grand Prix,22.0,VER,23.875
Mexico City Grand Prix,22.0,GAS,59.332
Mexico City Grand Prix,22.0,ANT,28.258
Mexico City Grand Prix,22.0,ALO,67.983
Mexico City Grand Prix,22.0,LEC,10.185
Mexico City Grand Prix,22.0,STR,44.005
Mexico City Grand Prix,22.0,TSU,34.906
Mexico City Grand Prix,22.0,ALB,47.709
Mexico City Grand Prix,22.0,HUL,52.575
Mexico City Grand Prix,22.0,OCO,36.167
Mexico City Grand Prix,22.0,NOR,0.0
Mexico City Grand Prix,22.0,COL,61.812
Mexico City Grand Prix,22.0,HAM,17.84
Mexico City Grand Prix,22.0,BOR,40.518
Mexico City Grand Prix,22.0,SAI,57.23
Mexico City Grand Prix,22.0,HAD,38.351
Mexico City Grand Prix,22.0,RUS,26.928
Mexico City Grand Prix,22.0,PIA,27.779
Mexico City Grand Prix,22.0,BEA,21.44
Mexico City Grand Prix,23.0,VER,24.614
Mexico City Grand Prix,23.0,GAS,60.941
Mexico City Grand Prix,23.0,ANT,46.103
Mexico City Grand Prix,23.0,ALO,67.336
Mexico City Grand Prix,23.0,LEC,10.676
Mexico City Grand Prix,23.0,STR,44.995
Mexico City Grand Prix,23.0,TSU,35.835
Mexico City Grand Prix,23.0,ALB,48.922
Mexico City Grand Prix,23.0,HUL,54.087
Mexico City Grand Prix,23.0,OCO,37.162
Mexico City Grand Prix,23.0,NOR,0.0
Mexico City Grand Prix,23.0,COL,63.437
Mexico City Grand Prix,23.0,HAM,24.112
Mexico City Grand Prix,23.0,BOR,41.512
Mexico City Grand Prix,23.0,SAI,56.779
Mexico City Grand Prix,23.0,HAD,39.348
Mexico City Grand Prix,23.0,RUS,27.347
Mexico City Grand Prix,23.0,PIA,28.568
Mexico City Grand Prix,23.0,BEA,22.301
Mexico City Grand Prix,24.0,VER,25.306
Mexico City Grand Prix,24.0,GAS,62.744
Mexico City Grand Prix,24.0,ANT,46.473
Mexico City Grand Prix,24.0,ALO,67.118
Mexico City Grand Prix,24.0,LEC,11.578
Mexico City Grand Prix,24.0,STR,46.168
Mexico City Grand Prix,24.0,TSU,36.891
Mexico City Grand Prix,24.0,ALB,49.967
Mexico City Grand Prix,24.0,HUL,55.854
Mexico City Grand Prix,24.0,OCO,38.34
Mexico City Grand Prix,24.0,NOR,0.0
Mexico City Grand Prix,24.0,COL,65.182
Mexico City Grand Prix,24.0,HAM,53.427
Mexico City Grand Prix,24.0,BOR,42.978
Mexico City Grand Prix,24.0,SAI,56.783
Mexico City Grand Prix,24.0,HAD,40.598
Mexico City Grand Prix,24.0,RUS,28.081
Mexico City Grand Prix,24.0,PIA,32.622
Mexico City Grand Prix,24.0,BEA,25.893
Mexico City Grand Prix,25.0,VER,25.776
Mexico City Grand Prix,25.0,GAS,64.588
Mexico City Grand Prix,25.0,ANT,45.66
Mexico City Grand Prix,25.0,ALO,67.498
Mexico City Grand Prix,25.0,LEC,12.366
Mexico City Grand Prix,25.0,STR,48.367
Mexico City Grand Prix,25.0,TSU,37.657
Mexico City Grand Prix,25.0,ALB,51.306
Mexico City Grand Prix,25.0,HUL,61.992
Mexico City Grand Prix,25.0,OCO,39.572
Mexico City Grand Prix,25.0,NOR,0.0
Mexico City Grand Prix,25.0,COL,67.057
Mexico City Grand Prix,25.0,HAM,52.73
Mexico City Grand Prix,25.0,BOR,44.383
Mexico City Grand Prix,25.0,SAI,56.42
Mexico City Grand Prix,25.0,HAD,41.817
Mexico City Grand Prix,25.0,RUS,31.843
Mexico City Grand Prix,25.0,PIA,51.539
Mexico City Grand Prix,25.0,BEA,44.853
Mexico City Grand Prix,26.0,VER,26.473
Mexico City Grand Prix,26.0,GAS,66.331
Mexico City Grand Prix,26.0,ANT,45.284
Mexico City Grand Prix,26.0,ALO,67.348
Mexico City Grand Prix,26.0,LEC,13.236
Mexico City Grand Prix,26.0,STR,52.665
Mexico City Grand Prix,26.0,TSU,38.618
Mexico City Grand Prix,26.0,ALB,53.35
Mexico City Grand Prix,26.0,OCO,40.77
Mexico City Grand Prix,26.0,NOR,0.0
Mexico City Grand Prix,26.0,COL,69.626
Mexico City Grand Prix,26.0,HAM,53.562
Mexico City Grand Prix,26.0,BOR,46.982
Mexico City Grand Prix,26.0,SAI,56.52
Mexico City Grand Prix,26.0,HAD,43.03
Mexico City Grand Prix,26.0,RUS,49.948
Mexico City Grand Prix,26.0,PIA,51.225
Mexico City Grand Prix,26.0,BEA,43.954
Mexico City Grand Prix,27.0,VER,26.76
Mexico City Grand Prix,27.0,GAS,67.913
Mexico City Grand Prix,27.0,ANT,45.041
Mexico City Grand Prix,27.0,ALO,68.206
Mexico City Grand Prix,27.0,LEC,13.828
Mexico City Grand Prix,27.0,STR,71.258
Mexico City Grand Prix,27.0,TSU,39.193
Mexico City Grand Prix,27.0,ALB,55.119
Mexico City Grand Prix,27.0,OCO,45.105
Mexico City Grand Prix,27.0,NOR,0.0
Mexico City Grand Prix,27.0,COL,71.081
Mexico City Grand Prix,27.0,HAM,52.506
Mexico City Grand Prix,27.0,BOR,47.961
Mexico City Grand Prix,27.0,SAI,56.301
Mexico City Grand Prix,27.0,HAD,44.193
Mexico City Grand Prix,27.0,RUS,48.338
Mexico City Grand Prix,27.0,PIA,50.04
Mexico City Grand Prix,27.0,BEA,44.467
Mexico City Grand Prix,28.0,VER,27.19
Mexico City Grand Prix,28.0,GAS,70.266
Mexico City Grand Prix,28.0,ANT,44.819
Mexico City Grand Prix,28.0,ALO,67.848
Mexico City Grand Prix,28.0,LEC,14.674
Mexico City Grand Prix,28.0,STR,70.716
Mexico City Grand Prix,28.0,TSU,39.897
Mexico City Grand Prix,28.0,ALB,56.144
Mexico City Grand Prix,28.0,OCO,63.995
Mexico City Grand Prix,28.0,NOR,0.0
Mexico City Grand Prix,28.0,COL,72.99
Mexico City Grand Prix,28.0,HAM,51.455
Mexico City Grand Prix,28.0,BOR,49.446
Mexico City Grand Prix,28.0,SAI,56.592
Mexico City Grand Prix,28.0,HAD,46.321
Mexico City Grand Prix,28.0,RUS,47.092
Mexico City Grand Prix,28.0,PIA,49.876
Mexico City Grand Prix,28.0,BEA,43.514
Mexico City Grand Prix,29.0,VER,27.88
Mexico City Grand Prix,29.0,GAS,72.645
Mexico City Grand Prix,29.0,ANT,44.492
Mexico City Grand Prix,29.0,ALO,67.727
Mexico City Grand Prix,29.0,LEC,15.556000000000001
Mexico City Grand Prix,29.0,STR,70.091
Mexico City Grand Prix,29.0,TSU,40.623
Mexico City Grand Prix,29.0,ALB,57.925
Mexico City Grand Prix,29.0,OCO,63.541
Mexico City Grand Prix,29.0,NOR,0.0
Mexico City Grand Prix,29.0,COL,74.473
Mexico City Grand Prix,29.0,HAM,51.13
Mexico City Grand Prix,29.0,BOR,50.69
Mexico City Grand Prix,29.0,SAI,56.456
Mexico City Grand Prix,29.0,HAD,48.466
Mexico City Grand Prix,29.0,RUS,46.665
Mexico City Grand Prix,29.0,PIA,48.787
Mexico City Grand Prix,29.0,BEA,43.022
Mexico City Grand Prix,30.0,VER,28.435
Mexico City Grand Prix,30.0,GAS,74.616
Mexico City Grand Prix,30.0,ANT,44.256
Mexico City Grand Prix,30.0,ALO,67.72
Mexico City Grand Prix,30.0,LEC,16.96
Mexico City Grand Prix,30.0,STR,69.879
Mexico City Grand Prix,30.0,TSU,41.381
Mexico City Grand Prix,30.0,ALB,59.355
Mexico City Grand Prix,30.0,OCO,63.173
Mexico City Grand Prix,30.0,NOR,0.0
Mexico City Grand Prix,30.0,COL,76.044
Mexico City Grand Prix,30.0,HAM,50.471
Mexico City Grand Prix,30.0,BOR,52.225
Mexico City Grand Prix,30.0,SAI,56.556
Mexico City Grand Prix,30.0,HAD,49.994
Mexico City Grand Prix,30.0,RUS,46.291
Mexico City Grand Prix,30.0,PIA,47.693
Mexico City Grand Prix,30.0,BEA,42.789
Mexico City Grand Prix,31.0,VER,28.665
Mexico City Grand Prix,31.0,GAS,76.192
Mexico City Grand Prix,31.0,ANT,43.657
Mexico City Grand Prix,31.0,ALO,67.175
Mexico City Grand Prix,31.0,LEC,21.192
Mexico City Grand Prix,31.0,STR,69.105
Mexico City Grand Prix,31.0,TSU,41.851
Mexico City Grand Prix,31.0,ALB,59.901
Mexico City Grand Prix,31.0,OCO,62.665
Mexico City Grand Prix,31.0,NOR,0.0
Mexico City Grand Prix,31.0,COL,77.306
Mexico City Grand Prix,31.0,HAM,49.344
Mexico City Grand Prix,31.0,BOR,52.974
Mexico City Grand Prix,31.0,SAI,56.31
Mexico City Grand Prix,31.0,HAD,51.494
Mexico City Grand Prix,31.0,RUS,45.292
Mexico City Grand Prix,31.0,PIA,46.438
Mexico City Grand Prix,31.0,BEA,42.123
Mexico City Grand Prix,32.0,VER,28.82
Mexico City Grand Prix,32.0,GAS,77.853
Mexico City Grand Prix,32.0,ANT,43.669
Mexico City Grand Prix,32.0,ALO,66.608
Mexico City Grand Prix,32.0,LEC,39.456
Mexico City Grand Prix,32.0,STR,67.992
Mexico City Grand Prix,32.0,TSU,43.448
Mexico City Grand Prix,32.0,ALB,60.153
Mexico City Grand Prix,32.0,OCO,61.814
Mexico City Grand Prix,32.0,NOR,0.0
Mexico City Grand Prix,32.0,COL,78.684
Mexico City Grand Prix,32.0,HAM,48.383
Mexico City Grand Prix,32.0,BOR,53.772
Mexico City Grand Prix,32.0,SAI,55.704
Mexico City Grand Prix,32.0,HAD,52.353
Mexico City Grand Prix,32.0,RUS,44.465
Mexico City Grand Prix,32.0,PIA,45.174
Mexico City Grand Prix,32.0,BEA,41.534
Mexico City Grand Prix,33.0,VER,28.662
Mexico City Grand Prix,33.0,GAS,82.759
Mexico City Grand Prix,33.0,ANT,42.442
Mexico City Grand Prix,33.0,ALO,66.185
Mexico City Grand Prix,33.0,LEC,38.951
Mexico City Grand Prix,33.0,STR,67.017
Mexico City Grand Prix,33.0,TSU,45.334
Mexico City Grand Prix,33.0,ALB,60.181
Mexico City Grand Prix,33.0,OCO,60.979
Mexico City Grand Prix,33.0,NOR,0.0
Mexico City Grand Prix,33.0,COL,80.063
Mexico City Grand Prix,33.0,HAM,47.078
Mexico City Grand Prix,33.0,BOR,54.147
Mexico City Grand Prix,33.0,SAI,55.079
Mexico City Grand Prix,33.0,HAD,52.96
Mexico City Grand Prix,33.0,RUS,43.19
Mexico City Grand Prix,33.0,PIA,45.663
Mexico City Grand Prix,33.0,BEA,40.998
Mexico City Grand Prix,34.0,VER,26.231
Mexico City Grand Prix,34.0,GAS,98.772
Mexico City Grand Prix,34.0,ANT,38.742
Mexico City Grand Prix,34.0,ALO,73.848
Mexico City Grand Prix,34.0,LEC,35.513
Mexico City Grand Prix,34.0,STR,63.061
Mexico City Grand Prix,34.0,TSU,43.731
Mexico City Grand Prix,34.0,ALB,57.899
Mexico City Grand Prix,34.0,OCO,58.307
Mexico City Grand Prix,34.0,NOR,0.0
Mexico City Grand Prix,34.0,COL,77.618
Mexico City Grand Prix,34.0,HAM,44.246
Mexico City Grand Prix,34.0,BOR,52.191
Mexico City Grand Prix,34.0,SAI,52.796
Mexico City Grand Prix,34.0,HAD,54.348
Mexico City Grand Prix,34.0,RUS,39.4
Mexico City Grand Prix,34.0,PIA,41.161
Mexico City Grand Prix,34.0,BEA,37.591
Mexico City Grand Prix,35.0,VER,8.811
Mexico City Grand Prix,35.0,GAS,80.412
Mexico City Grand Prix,35.0,ANT,20.006
Mexico City Grand Prix,35.0,LEC,16.557
Mexico City Grand Prix,35.0,STR,44.89
Mexico City Grand Prix,35.0,TSU,27.841
Mexico City Grand Prix,35.0,ALB,43.368
Mexico City Grand Prix,35.0,OCO,41.973
Mexico City Grand Prix,35.0,NOR,0.0
Mexico City Grand Prix,35.0,COL,60.503
Mexico City Grand Prix,35.0,HAM,25.878
Mexico City Grand Prix,35.0,BOR,34.134
Mexico City Grand Prix,35.0,SAI,34.77
Mexico City Grand Prix,35.0,HAD,53.696
Mexico City Grand Prix,35.0,RUS,20.691
Mexico City Grand Prix,35.0,PIA,21.95
Mexico City Grand Prix,35.0,BEA,18.826999999999998
Mexico City Grand Prix,36.0,VER,10.632
Mexico City Grand Prix,36.0,GAS,81.435
Mexico City Grand Prix,36.0,ANT,20.369
Mexico City Grand Prix,36.0,LEC,16.347
Mexico City Grand Prix,36.0,STR,45.754
Mexico City Grand Prix,36.0,TSU,32.701
Mexico City Grand Prix,36.0,ALB,44.997
Mexico City Grand Prix,36.0,OCO,42.786
Mexico City Grand Prix,36.0,NOR,0.0
Mexico City Grand Prix,36.0,COL,62.38
Mexico City Grand Prix,36.0,HAM,26.161
Mexico City Grand Prix,36.0,BOR,37.083
Mexico City Grand Prix,36.0,SAI,35.438
Mexico City Grand Prix,36.0,HAD,53.207
Mexico City Grand Prix,36.0,RUS,21.301
Mexico City Grand Prix,36.0,PIA,21.947
Mexico City Grand Prix,36.0,BEA,19.084
Mexico City Grand Prix,37.0,VER,15.888
Mexico City Grand Prix,37.0,GAS,83.322
Mexico City Grand Prix,37.0,ANT,20.837
Mexico City Grand Prix,37.0,LEC,16.441
Mexico City Grand Prix,37.0,STR,46.909
Mexico City Grand Prix,37.0,TSU,61.036
Mexico City Grand Prix,37.0,ALB,46.516
Mexico City Grand Prix,37.0,OCO,43.52
Mexico City Grand Prix,37.0,NOR,0.0
Mexico City Grand Prix,37.0,COL,64.704
Mexico City Grand Prix,37.0,HAM,26.462
Mexico City Grand Prix,37.0,BOR,41.891
Mexico City Grand Prix,37.0,SAI,36.269
Mexico City Grand Prix,37.0,HAD,53.113
Mexico City Grand Prix,37.0,RUS,21.599
Mexico City Grand Prix,37.0,PIA,22.327
Mexico City Grand Prix,37.0,BEA,19.537
Mexico City Grand Prix,38.0,VER,35.923
Mexico City Grand Prix,38.0,GAS,85.185
Mexico City Grand Prix,38.0,ANT,22.45
Mexico City Grand Prix,38.0,LEC,17.529
Mexico City Grand Prix,38.0,STR,48.41
Mexico City Grand Prix,38.0,TSU,62.526
Mexico City Grand Prix,38.0,ALB,50.291
Mexico City Grand Prix,38.0,OCO,45.32
Mexico City Grand Prix,38.0,NOR,0.0
Mexico City Grand Prix,38.0,COL,67.989
Mexico City Grand Prix,38.0,HAM,28.301
Mexico City Grand Prix,38.0,BOR,60.59
Mexico City Grand Prix,38.0,SAI,38.567
Mexico City Grand Prix,38.0,HAD,54.386
Mexico City Grand Prix,38.0,RUS,23.491
Mexico City Grand Prix,38.0,PIA,23.911
Mexico City Grand Prix,38.0,BEA,21.173
Mexico City Grand Prix,39.0,VER,35.619
Mexico City Grand Prix,39.0,GAS,86.072
Mexico City Grand Prix,39.0,ANT,23.283
Mexico City Grand Prix,39.0,LEC,17.981
Mexico City Grand Prix,39.0,STR,49.28
Mexico City Grand Prix,39.0,TSU,62.791
Mexico City Grand Prix,39.0,ALB,52.109
Mexico City Grand Prix,39.0,OCO,46.19
Mexico City Grand Prix,39.0,NOR,0.0
Mexico City Grand Prix,39.0,COL,70.153
Mexico City Grand Prix,39.0,HAM,29.16
Mexico City Grand Prix,39.0,BOR,60.123
Mexico City Grand Prix,39.0,SAI,39.848
Mexico City Grand Prix,39.0,HAD,55.027
Mexico City Grand Prix,39.0,RUS,24.284
Mexico City Grand Prix,39.0,PIA,24.987
Mexico City Grand Prix,39.0,BEA,21.987
Mexico City Grand Prix,40.0,VER,35.521
Mexico City Grand Prix,40.0,GAS,87.214
Mexico City Grand Prix,40.0,ANT,24.17
Mexico City Grand Prix,40.0,LEC,18.693
Mexico City Grand Prix,40.0,STR,50.363
Mexico City Grand Prix,40.0,TSU,63.153
Mexico City Grand Prix,40.0,ALB,54.194
Mexico City Grand Prix,40.0,OCO,47.206
Mexico City Grand Prix,40.0,NOR,0.0
Mexico City Grand Prix,40.0,COL,72.624
Mexico City Grand Prix,40.0,HAM,29.89
Mexico City Grand Prix,40.0,BOR,60.007
Mexico City Grand Prix,40.0,SAI,41.121
Mexico City Grand Prix,40.0,HAD,55.659
Mexico City Grand Prix,40.0,RUS,25.103
Mexico City Grand Prix,40.0,PIA,25.677
Mexico City Grand Prix,40.0,BEA,22.667
Mexico City Grand Prix,41.0,VER,35.274
Mexico City Grand Prix,41.0,GAS,87.987
Mexico City Grand Prix,41.0,ANT,26.548000000000002
Mexico City Grand Prix,41.0,LEC,19.114
Mexico City Grand Prix,41.0,STR,51.42
Mexico City Grand Prix,41.0,TSU,63.312
Mexico City Grand Prix,41.0,ALB,59.235
Mexico City Grand Prix,41.0,OCO,47.861
Mexico City Grand Prix,41.0,NOR,0.0
Mexico City Grand Prix,41.0,COL,75.132
Mexico City Grand Prix,41.0,HAM,30.655
Mexico City Grand Prix,41.0,BOR,59.765
Mexico City Grand Prix,41.0,SAI,42.334
Mexico City Grand Prix,41.0,HAD,56.657
Mexico City Grand Prix,41.0,RUS,25.557
Mexico City Grand Prix,41.0,PIA,27.156
Mexico City Grand Prix,41.0,BEA,23.472
Mexico City Grand Prix,42.0,VER,35.136
Mexico City Grand Prix,42.0,GAS,89.163
Mexico City Grand Prix,42.0,ANT,27.414
Mexico City Grand Prix,42.0,LEC,19.44
Mexico City Grand Prix,42.0,STR,52.772
Mexico City Grand Prix,42.0,TSU,63.57
Mexico City Grand Prix,42.0,ALB,77.724
Mexico City Grand Prix,42.0,OCO,48.755
Mexico City Grand Prix,42.0,NOR,0.0
Mexico City Grand Prix,42.0,COL,77.711
Mexico City Grand Prix,42.0,HAM,31.456
Mexico City Grand Prix,42.0,BOR,59.749
Mexico City Grand Prix,42.0,SAI,43.259
Mexico City Grand Prix,42.0,HAD,57.185
Mexico City Grand Prix,42.0,RUS,26.479
Mexico City Grand Prix,42.0,PIA,27.998
Mexico City Grand Prix,42.0,BEA,24.317
Mexico City Grand Prix,43.0,VER,34.953
Mexico City Grand Prix,43.0,GAS,89.903
Mexico City Grand Prix,43.0,ANT,28.154
Mexico City Grand Prix,43.0,LEC,19.766
Mexico City Grand Prix,43.0,STR,56.685
Mexico City Grand Prix,43.0,TSU,63.672
Mexico City Grand Prix,43.0,ALB,76.741
Mexico City Grand Prix,43.0,OCO,49.685
Mexico City Grand Prix,43.0,NOR,0.0
Mexico City Grand Prix,43.0,COL,81.098
Mexico City Grand Prix,43.0,HAM,32.057
Mexico City Grand Prix,43.0,BOR,59.672
Mexico City Grand Prix,43.0,SAI,43.914
Mexico City Grand Prix,43.0,HAD,57.444
Mexico City Grand Prix,43.0,RUS,27.198
Mexico City Grand Prix,43.0,PIA,28.818
Mexico City Grand Prix,43.0,BEA,25.179
Mexico City Grand Prix,44.0,VER,34.804
Mexico City Grand Prix,44.0,GAS,91.058
Mexico City Grand Prix,44.0,ANT,28.849
Mexico City Grand Prix,44.0,LEC,19.897
Mexico City Grand Prix,44.0,STR,77.594
Mexico City Grand Prix,44.0,TSU,63.605
Mexico City Grand Prix,44.0,ALB,76.767
Mexico City Grand Prix,44.0,OCO,50.257
Mexico City Grand Prix,44.0,NOR,0.0
Mexico City Grand Prix,44.0,COL,84.304
Mexico City Grand Prix,44.0,HAM,32.683
Mexico City Grand Prix,44.0,BOR,59.478
Mexico City Grand Prix,44.0,SAI,44.321
Mexico City Grand Prix,44.0,HAD,57.605
Mexico City Grand Prix,44.0,RUS,27.836
Mexico City Grand Prix,44.0,PIA,29.558
Mexico City Grand Prix,44.0,BEA,25.805
Mexico City Grand Prix,45.0,VER,35.331
Mexico City Grand Prix,45.0,GAS,92.832
Mexico City Grand Prix,45.0,ANT,30.598
Mexico City Grand Prix,45.0,LEC,20.721
Mexico City Grand Prix,45.0,STR,77.423
Mexico City Grand Prix,45.0,TSU,64.721
Mexico City Grand Prix,45.0,ALB,76.483
Mexico City Grand Prix,45.0,OCO,51.634
Mexico City Grand Prix,45.0,NOR,0.0
Mexico City Grand Prix,45.0,COL,87.523
Mexico City Grand Prix,45.0,HAM,34.269
Mexico City Grand Prix,45.0,BOR,60.205
Mexico City Grand Prix,45.0,SAI,46.268
Mexico City Grand Prix,45.0,HAD,58.96
Mexico City Grand Prix,45.0,RUS,29.457
Mexico City Grand Prix,45.0,PIA,31.213
Mexico City Grand Prix,45.0,BEA,27.333
Mexico City Grand Prix,46.0,VER,35.752
Mexico City Grand Prix,46.0,GAS,94.202
Mexico City Grand Prix,46.0,ANT,31.894
Mexico City Grand Prix,46.0,LEC,21.144
Mexico City Grand Prix,46.0,STR,77.708
Mexico City Grand Prix,46.0,TSU,65.225
Mexico City Grand Prix,46.0,ALB,75.978
Mexico City Grand Prix,46.0,OCO,52.501
Mexico City Grand Prix,46.0,NOR,0.0
Mexico City Grand Prix,46.0,COL,90.176
Mexico City Grand Prix,46.0,HAM,35.372
Mexico City Grand Prix,46.0,BOR,61.002
Mexico City Grand Prix,46.0,SAI,51.01
Mexico City Grand Prix,46.0,HAD,59.654
Mexico City Grand Prix,46.0,RUS,30.635
Mexico City Grand Prix,46.0,PIA,32.497
Mexico City Grand Prix,46.0,BEA,28.199
Mexico City Grand Prix,47.0,VER,35.74
Mexico City Grand Prix,47.0,GAS,95.698
Mexico City Grand Prix,47.0,ANT,36.83
Mexico City Grand Prix,47.0,LEC,21.714
Mexico City Grand Prix,47.0,STR,79.108
Mexico City Grand Prix,47.0,TSU,66.371
Mexico City Grand Prix,47.0,ALB,75.822
Mexico City Grand Prix,47.0,OCO,53.589
Mexico City Grand Prix,47.0,NOR,0.0
Mexico City Grand Prix,47.0,COL,93.06
Mexico City Grand Prix,47.0,HAM,40.76
Mexico City Grand Prix,47.0,BOR,61.583
Mexico City Grand Prix,47.0,SAI,77.561
Mexico City Grand Prix,47.0,HAD,60.419
Mexico City Grand Prix,47.0,RUS,31.643
Mexico City Grand Prix,47.0,PIA,37.511
Mexico City Grand Prix,47.0,BEA,29.319
Mexico City Grand Prix,48.0,VER,35.607
Mexico City Grand Prix,48.0,GAS,96.815
Mexico City Grand Prix,48.0,ANT,57.72
Mexico City Grand Prix,48.0,LEC,22.121
Mexico City Grand Prix,48.0,STR,79.245
Mexico City Grand Prix,48.0,TSU,66.958
Mexico City Grand Prix,48.0,ALB,75.19
Mexico City Grand Prix,48.0,OCO,54.136
Mexico City Grand Prix,48.0,NOR,0.0
Mexico City Grand Prix,48.0,COL,98.818
Mexico City Grand Prix,48.0,HAM,60.35
Mexico City Grand Prix,48.0,BOR,62.608
Mexico City Grand Prix,48.0,SAI,76.091
Mexico City Grand Prix,48.0,HAD,61.828
Mexico City Grand Prix,48.0,RUS,35.283
Mexico City Grand Prix,48.0,PIA,55.387
Mexico City Grand Prix,48.0,BEA,32.866
Mexico City Grand Prix,49.0,VER,35.644
Mexico City Grand Prix,49.0,GAS,98.326
Mexico City Grand Prix,49.0,ANT,58.012
Mexico City Grand Prix,49.0,LEC,22.712
Mexico City Grand Prix,49.0,STR,80.14
Mexico City Grand Prix,49.0,TSU,68.034
Mexico City Grand Prix,49.0,ALB,75.107
Mexico City Grand Prix,49.0,OCO,59.574
Mexico City Grand Prix,49.0,NOR,0.0
Mexico City Grand Prix,49.0,COL,119.554
Mexico City Grand Prix,49.0,HAM,59.894
Mexico City Grand Prix,49.0,BOR,65.306
Mexico City Grand Prix,49.0,SAI,75.76
Mexico City Grand Prix,49.0,HAD,63.702
Mexico City Grand Prix,49.0,RUS,53.909
Mexico City Grand Prix,49.0,PIA,56.819
Mexico City Grand Prix,49.0,BEA,51.73
Mexico City Grand Prix,50.0,VER,35.304
Mexico City Grand Prix,50.0,GAS,99.515
Mexico City Grand Prix,50.0,ANT,57.571
Mexico City Grand Prix,50.0,LEC,23.275
Mexico City Grand Prix,50.0,STR,82.842
Mexico City Grand Prix,50.0,TSU,68.654
Mexico City Grand Prix,50.0,ALB,75.354
Mexico City Grand Prix,50.0,OCO,61.792
Mexico City Grand Prix,50.0,NOR,0.0
Mexico City Grand Prix,50.0,COL,119.448
Mexico City Grand Prix,50.0,HAM,59.047
Mexico City Grand Prix,50.0,BOR,66.012
Mexico City Grand Prix,50.0,SAI,75.942
Mexico City Grand Prix,50.0,HAD,64.81
Mexico City Grand Prix,50.0,RUS,52.513
Mexico City Grand Prix,50.0,PIA,55.992
Mexico City Grand Prix,50.0,BEA,51.215
Mexico City Grand Prix,51.0,VER,35.19
Mexico City Grand Prix,51.0,GAS,100.736
Mexico City Grand Prix,51.0,ANT,57.091
Mexico City Grand Prix,51.0,LEC,23.882
Mexico City Grand Prix,51.0,STR,83.676
Mexico City Grand Prix,51.0,TSU,69.302
Mexico City Grand Prix,51.0,ALB,76.997
Mexico City Grand Prix,51.0,OCO,62.925
Mexico City Grand Prix,51.0,NOR,0.0
Mexico City Grand Prix,51.0,COL,119.633
Mexico City Grand Prix,51.0,HAM,58.597
Mexico City Grand Prix,51.0,BOR,66.669
Mexico City Grand Prix,51.0,SAI,75.712
Mexico City Grand Prix,51.0,HAD,65.592
Mexico City Grand Prix,51.0,RUS,51.51
Mexico City Grand Prix,51.0,PIA,55.078
Mexico City Grand Prix,51.0,BEA,50.54
Mexico City Grand Prix,52.0,VER,35.318
Mexico City Grand Prix,52.0,GAS,102.28
Mexico City Grand Prix,52.0,ANT,56.919
Mexico City Grand Prix,52.0,LEC,24.7
Mexico City Grand Prix,52.0,STR,84.748
Mexico City Grand Prix,52.0,TSU,70.219
Mexico City Grand Prix,52.0,ALB,77.836
Mexico City Grand Prix,52.0,OCO,63.957
Mexico City Grand Prix,52.0,NOR,0.0
Mexico City Grand Prix,52.0,COL,120.187
Mexico City Grand Prix,52.0,HAM,58.314
Mexico City Grand Prix,52.0,BOR,67.656
Mexico City Grand Prix,52.0,SAI,75.527
Mexico City Grand Prix,52.0,HAD,66.549
Mexico City Grand Prix,52.0,RUS,51.038
Mexico City Grand Prix,52.0,PIA,54.489
Mexico City Grand Prix,52.0,BEA,50.224
Mexico City Grand Prix,53.0,VER,35.286
Mexico City Grand Prix,53.0,GAS,103.377
Mexico City Grand Prix,53.0,ANT,56.529
Mexico City Grand Prix,53.0,LEC,25.392
Mexico City Grand Prix,53.0,STR,85.273
Mexico City Grand Prix,53.0,TSU,70.932
Mexico City Grand Prix,53.0,ALB,78.244
Mexico City Grand Prix,53.0,OCO,64.882
Mexico City Grand Prix,53.0,NOR,0.0
Mexico City Grand Prix,53.0,COL,120.752
Mexico City Grand Prix,53.0,HAM,57.991
Mexico City Grand Prix,53.0,BOR,68.604
Mexico City Grand Prix,53.0,SAI,75.247
Mexico City Grand Prix,53.0,HAD,67.465
Mexico City Grand Prix,53.0,RUS,50.957
Mexico City Grand Prix,53.0,PIA,53.647
Mexico City Grand Prix,53.0,BEA,49.907
Mexico City Grand Prix,54.0,VER,35.275
Mexico City Grand Prix,54.0,GAS,104.598
Mexico City Grand Prix,54.0,ANT,56.104
Mexico City Grand Prix,54.0,LEC,25.965
Mexico City Grand Prix,54.0,STR,85.607
Mexico City Grand Prix,54.0,TSU,71.711
Mexico City Grand Prix,54.0,ALB,78.76
Mexico City Grand Prix,54.0,OCO,65.892
Mexico City Grand Prix,54.0,NOR,0.0
Mexico City Grand Prix,54.0,COL,121.204
Mexico City Grand Prix,54.0,HAM,57.768
Mexico City Grand Prix,54.0,BOR,69.249
Mexico City Grand Prix,54.0,SAI,74.903
Mexico City Grand Prix,54.0,HAD,68.469
Mexico City Grand Prix,54.0,RUS,50.891
Mexico City Grand Prix,54.0,PIA,52.819
Mexico City Grand Prix,54.0,BEA,49.434
Mexico City Grand Prix,55.0,VER,34.81
Mexico City Grand Prix,55.0,GAS,105.563
Mexico City Grand Prix,55.0,ANT,55.364
Mexico City Grand Prix,55.0,LEC,26.395
Mexico City Grand Prix,55.0,STR,86.031
Mexico City Grand Prix,55.0,TSU,72.463
Mexico City Grand Prix,55.0,ALB,78.933
Mexico City Grand Prix,55.0,OCO,66.672
Mexico City Grand Prix,55.0,NOR,0.0
Mexico City Grand Prix,55.0,COL,121.25
Mexico City Grand Prix,55.0,HAM,57.47
Mexico City Grand Prix,55.0,BOR,70.368
Mexico City Grand Prix,55.0,SAI,74.627
Mexico City Grand Prix,55.0,HAD,69.487
Mexico City Grand Prix,55.0,RUS,50.567
Mexico City Grand Prix,55.0,PIA,51.871
Mexico City Grand Prix,55.0,BEA,49.095
Mexico City Grand Prix,56.0,VER,34.387
Mexico City Grand Prix,56.0,GAS,106.455
Mexico City Grand Prix,56.0,ANT,54.543
Mexico City Grand Prix,56.0,LEC,26.593
Mexico City Grand Prix,56.0,STR,86.392
Mexico City Grand Prix,56.0,TSU,73.061
Mexico City Grand Prix,56.0,ALB,78.837
Mexico City Grand Prix,56.0,OCO,67.357
Mexico City Grand Prix,56.0,NOR,0.0
Mexico City Grand Prix,56.0,COL,121.479
Mexico City Grand Prix,56.0,HAM,57.924
Mexico City Grand Prix,56.0,BOR,71.035
Mexico City Grand Prix,56.0,SAI,78.053
Mexico City Grand Prix,56.0,HAD,70.008
Mexico City Grand Prix,56.0,RUS,49.987
Mexico City Grand Prix,56.0,PIA,50.91
Mexico City Grand Prix,56.0,BEA,48.687
Mexico City Grand Prix,57.0,VER,34.548
Mexico City Grand Prix,57.0,GAS,107.771
Mexico City Grand Prix,57.0,ANT,54.304
Mexico City Grand Prix,57.0,LEC,27.46
Mexico City Grand Prix,57.0,STR,87.098
Mexico City Grand Prix,57.0,TSU,73.908
Mexico City Grand Prix,57.0,ALB,79.095
Mexico City Grand Prix,57.0,OCO,68.14
Mexico City Grand Prix,57.0,NOR,0.0
Mexico City Grand Prix,57.0,COL,121.67
Mexico City Grand Prix,57.0,HAM,57.616
Mexico City Grand Prix,57.0,BOR,71.779
Mexico City Grand Prix,57.0,SAI,92.723
Mexico City Grand Prix,57.0,HAD,70.745
Mexico City Grand Prix,57.0,RUS,49.691
Mexico City Grand Prix,57.0,PIA,50.59
Mexico City Grand Prix,57.0,BEA,48.49
Mexico City Grand Prix,58.0,VER,33.95
Mexico City Grand Prix,58.0,GAS,110.783
Mexico City Grand Prix,58.0,ANT,53.349
Mexico City Grand Prix,58.0,LEC,27.582
Mexico City Grand Prix,58.0,STR,86.99
Mexico City Grand Prix,58.0,TSU,74.219
Mexico City Grand Prix,58.0,ALB,78.63
Mexico City Grand Prix,58.0,OCO,68.407
Mexico City Grand Prix,58.0,NOR,0.0
Mexico City Grand Prix,58.0,COL,121.713
Mexico City Grand Prix,58.0,HAM,56.88
Mexico City Grand Prix,58.0,BOR,72.004
Mexico City Grand Prix,58.0,SAI,92.185
Mexico City Grand Prix,58.0,HAD,70.999
Mexico City Grand Prix,58.0,RUS,48.86
Mexico City Grand Prix,58.0,PIA,49.582
Mexico City Grand Prix,58.0,BEA,47.59
Mexico City Grand Prix,59.0,VER,33.702
Mexico City Grand Prix,59.0,GAS,112.282
Mexico City Grand Prix,59.0,ANT,52.938
Mexico City Grand Prix,59.0,LEC,28.105
Mexico City Grand Prix,59.0,STR,87.124
Mexico City Grand Prix,59.0,TSU,74.811
Mexico City Grand Prix,59.0,ALB,78.775
Mexico City Grand Prix,59.0,OCO,69.024
Mexico City Grand Prix,59.0,NOR,0.0
Mexico City Grand Prix,59.0,COL,121.815
Mexico City Grand Prix,59.0,HAM,56.432
Mexico City Grand Prix,59.0,BOR,72.637
Mexico City Grand Prix,59.0,SAI,91.815
Mexico City Grand Prix,59.0,HAD,71.546
Mexico City Grand Prix,59.0,RUS,48.887
Mexico City Grand Prix,59.0,PIA,49.519
Mexico City Grand Prix,59.0,BEA,47.341
Mexico City Grand Prix,60.0,VER,33.288
Mexico City Grand Prix,60.0,GAS,113.407
Mexico City Grand Prix,60.0,ANT,52.822
Mexico City Grand Prix,60.0,LEC,28.13
Mexico City Grand Prix,60.0,STR,87.633
Mexico City Grand Prix,60.0,TSU,75.618
Mexico City Grand Prix,60.0,ALB,79.202
Mexico City Grand Prix,60.0,OCO,69.686
Mexico City Grand Prix,60.0,NOR,0.0
Mexico City Grand Prix,60.0,COL,121.984
Mexico City Grand Prix,60.0,HAM,56.27
Mexico City Grand Prix,60.0,BOR,73.742
Mexico City Grand Prix,60.0,SAI,91.803
Mexico City Grand Prix,60.0,HAD,72.811
Mexico City Grand Prix,60.0,RUS,51.036
Mexico City Grand Prix,60.0,PIA,49.643
Mexico City Grand Prix,60.0,BEA,46.841
Mexico City Grand Prix,61.0,VER,32.868
Mexico City Grand Prix,61.0,GAS,116.044
Mexico City Grand Prix,61.0,ANT,52.429
Mexico City Grand Prix,61.0,LEC,28.466
Mexico City Grand Prix,61.0,STR,87.989
Mexico City Grand Prix,61.0,TSU,76.023
Mexico City Grand Prix,61.0,ALB,79.181
Mexico City Grand Prix,61.0,OCO,70.559
Mexico City Grand Prix,61.0,NOR,0.0
Mexico City Grand Prix,61.0,COL,121.937
Mexico City Grand Prix,61.0,HAM,55.526
Mexico City Grand Prix,61.0,BOR,74.3
Mexico City Grand Prix,61.0,SAI,91.535
Mexico City Grand Prix,61.0,HAD,73.624
Mexico City Grand Prix,61.0,RUS,51.078
Mexico City Grand Prix,61.0,PIA,49.331
Mexico City Grand Prix,61.0,BEA,46.277
Mexico City Grand Prix,62.0,VER,32.391
Mexico City Grand Prix,62.0,GAS,116.962
Mexico City Grand Prix,62.0,ANT,51.615
Mexico City Grand Prix,62.0,LEC,28.44
Mexico City Grand Prix,62.0,STR,88.359
Mexico City Grand Prix,62.0,TSU,77.896
Mexico City Grand Prix,62.0,ALB,79.403
Mexico City Grand Prix,62.0,OCO,71.554
Mexico City Grand Prix,62.0,NOR,0.0
Mexico City Grand Prix,62.0,COL,122.015
Mexico City Grand Prix,62.0,HAM,56.951
Mexico City Grand Prix,62.0,BOR,75.912
Mexico City Grand Prix,62.0,SAI,91.454
Mexico City Grand Prix,62.0,HAD,77.25
Mexico City Grand Prix,62.0,RUS,52.607
Mexico City Grand Prix,62.0,PIA,48.277
Mexico City Grand Prix,62.0,BEA,45.526
Mexico City Grand Prix,63.0,VER,31.964
Mexico City Grand Prix,63.0,GAS,118.045
Mexico City Grand Prix,63.0,ANT,51.498
Mexico City Grand Prix,63.0,LEC,28.674
Mexico City Grand Prix,63.0,STR,89.093
Mexico City Grand Prix,63.0,TSU,78.888
Mexico City Grand Prix,63.0,ALB,81.056
Mexico City Grand Prix,63.0,OCO,72.382
Mexico City Grand Prix,63.0,NOR,0.0
Mexico City Grand Prix,63.0,COL,122.076
Mexico City Grand Prix,63.0,HAM,56.727
Mexico City Grand Prix,63.0,BOR,76.52
Mexico City Grand Prix,63.0,SAI,91.029
Mexico City Grand Prix,63.0,HAD,80.303
Mexico City Grand Prix,63.0,RUS,52.578
Mexico City Grand Prix,63.0,PIA,47.204
Mexico City Grand Prix,63.0,BEA,44.925
Mexico City Grand Prix,64.0,VER,31.336
Mexico City Grand Prix,64.0,GAS,118.664
Mexico City Grand Prix,64.0,ANT,51.147
Mexico City Grand Prix,64.0,LEC,28.463
Mexico City Grand Prix,64.0,STR,89.339
Mexico City Grand Prix,64.0,TSU,78.958
Mexico City Grand Prix,64.0,ALB,82.966
Mexico City Grand Prix,64.0,OCO,73.0
Mexico City Grand Prix,64.0,NOR,0.0
Mexico City Grand Prix,64.0,COL,121.696
Mexico City Grand Prix,64.0,HAM,56.771
Mexico City Grand Prix,64.0,BOR,76.462
Mexico City Grand Prix,64.0,SAI,90.563
Mexico City Grand Prix,64.0,HAD,84.004
Mexico City Grand Prix,64.0,RUS,52.176
Mexico City Grand Prix,64.0,PIA,45.922
Mexico City Grand Prix,64.0,BEA,44.093
Mexico City Grand Prix,65.0,VER,30.744
Mexico City Grand Prix,65.0,GAS,119.316
Mexico City Grand Prix,65.0,ANT,50.312
Mexico City Grand Prix,65.0,LEC,28.237
Mexico City Grand Prix,65.0,STR,89.065
Mexico City Grand Prix,65.0,TSU,78.512
Mexico City Grand Prix,65.0,ALB,82.897
Mexico City Grand Prix,65.0,OCO,72.719
Mexico City Grand Prix,65.0,NOR,0.0
Mexico City Grand Prix,65.0,COL,121.337
Mexico City Grand Prix,65.0,HAM,56.494
Mexico City Grand Prix,65.0,BOR,75.931
Mexico City Grand Prix,65.0,SAI,89.991
Mexico City Grand Prix,65.0,HAD,84.071
Mexico City Grand Prix,65.0,RUS,51.404
Mexico City Grand Prix,65.0,PIA,44.743
Mexico City Grand Prix,65.0,BEA,43.218
Mexico City Grand Prix,66.0,VER,30.681
Mexico City Grand Prix,66.0,GAS,121.085
Mexico City Grand Prix,66.0,ANT,50.261
Mexico City Grand Prix,66.0,LEC,28.718
Mexico City Grand Prix,66.0,STR,89.733
Mexico City Grand Prix,66.0,TSU,79.118
Mexico City Grand Prix,66.0,ALB,83.706
Mexico City Grand Prix,66.0,OCO,73.621
Mexico City Grand Prix,66.0,NOR,0.0
Mexico City Grand Prix,66.0,COL,122.206
Mexico City Grand Prix,66.0,HAM,56.683
Mexico City Grand Prix,66.0,BOR,76.508
Mexico City Grand Prix,66.0,SAI,90.849
Mexico City Grand Prix,66.0,HAD,85.426
Mexico City Grand Prix,66.0,RUS,51.538
Mexico City Grand Prix,66.0,PIA,44.319
Mexico City Grand Prix,66.0,BEA,42.871
Mexico City Grand Prix,67.0,VER,30.644
Mexico City Grand Prix,67.0,GAS,122.285
Mexico City Grand Prix,67.0,ANT,49.708
Mexico City Grand Prix,67.0,LEC,29.355
Mexico City Grand Prix,67.0,STR,90.04
Mexico City Grand Prix,67.0,TSU,79.198
Mexico City Grand Prix,67.0,ALB,84.13
Mexico City Grand Prix,67.0,OCO,74.337
Mexico City Grand Prix,67.0,NOR,0.0
Mexico City Grand Prix,67.0,COL,123.107
Mexico City Grand Prix,67.0,HAM,56.918
Mexico City Grand Prix,67.0,BOR,76.829
Mexico City Grand Prix,67.0,SAI,90.889
Mexico City Grand Prix,67.0,HAD,86.265
Mexico City Grand Prix,67.0,RUS,51.576
Mexico City Grand Prix,67.0,PIA,43.98
Mexico City Grand Prix,67.0,BEA,42.767
Mexico City Grand Prix,68.0,VER,30.8
Mexico City Grand Prix,68.0,GAS,125.079
Mexico City Grand Prix,68.0,ANT,49.225
Mexico City Grand Prix,68.0,LEC,29.776
Mexico City Grand Prix,68.0,STR,90.278
Mexico City Grand Prix,68.0,TSU,79.363
Mexico City Grand Prix,68.0,ALB,84.386
Mexico City Grand Prix,68.0,OCO,74.94
Mexico City Grand Prix,68.0,NOR,0.0
Mexico City Grand Prix,68.0,COL,127.06
Mexico City Grand Prix,68.0,HAM,56.864
Mexico City Grand Prix,68.0,BOR,77.356
Mexico City Grand Prix,68.0,SAI,159.382
Mexico City Grand Prix,68.0,HAD,86.878
Mexico City Grand Prix,68.0,RUS,51.402
Mexico City Grand Prix,68.0,PIA,43.627
Mexico City Grand Prix,68.0,BEA,42.637
Mexico City Grand Prix,69.0,VER,31.187
Mexico City Grand Prix,69.0,GAS,148.478
Mexico City Grand Prix,69.0,ANT,50.649
Mexico City Grand Prix,69.0,LEC,30.574
Mexico City Grand Prix,69.0,STR,97.722
Mexico City Grand Prix,69.0,TSU,84.482
Mexico City Grand Prix,69.0,ALB,91.261
Mexico City Grand Prix,69.0,OCO,77.189
Mexico City Grand Prix,69.0,NOR,0.0
Mexico City Grand Prix,69.0,COL,148.813
Mexico City Grand Prix,69.0,HAM,57.246
Mexico City Grand Prix,69.0,BOR,80.415
Mexico City Grand Prix,69.0,HAD,94.882
Mexico City Grand Prix,69.0,RUS,52.299
Mexico City Grand Prix,69.0,PIA,44.888
Mexico City Grand Prix,69.0,BEA,43.75
Mexico City Grand Prix,70.0,VER,39.008
Mexico City Grand Prix,70.0,GAS,147.053
Mexico City Grand Prix,70.0,ANT,63.158
Mexico City Grand Prix,70.0,LEC,38.592
Mexico City Grand Prix,70.0,STR,110.003
Mexico City Grand Prix,70.0,TSU,100.129
Mexico City Grand Prix,70.0,ALB,105.426
Mexico City Grand Prix,70.0,OCO,95.781
Mexico City Grand Prix,70.0,NOR,0.0
Mexico City Grand Prix,70.0,COL,147.356
Mexico City Grand Prix,70.0,HAM,72.609
Mexico City Grand Prix,70.0,BOR,97.503
Mexico City Grand Prix,70.0,HAD,109.636
Mexico City Grand Prix,70.0,RUS,65.629
Mexico City Grand Prix,70.0,PIA,54.657
Mexico City Grand Prix,70.0,BEA,54.071
Mexico City Grand Prix,71.0,VER,31.049
Mexico City Grand Prix,71.0,ANT,47.837
Mexico City Grand Prix,71.0,LEC,30.324
Mexico City Grand Prix,71.0,TSU,79.048
Mexico City Grand Prix,71.0,OCO,75.464
Mexico City Grand Prix,71.0,NOR,0.0
Mexico City Grand Prix,71.0,HAM,56.446
Mexico City Grand Prix,71.0,BOR,76.863
Mexico City Grand Prix,71.0,RUS,50.287
Mexico City Grand Prix,71.0,PIA,42.065
Mexico City Grand Prix,71.0,BEA,40.955
São Paulo Grand Prix,1.0,VER,9.124
São Paulo Grand Prix,1.0,GAS,5.149
São Paulo Grand Prix,1.0,ANT,1.002
São Paulo Grand Prix,1.0,ALO,6.01
São Paulo Grand Prix,1.0,LEC,1.4889999999999999
São Paulo Grand Prix,1.0,STR,8.297
São Paulo Grand Prix,1.0,TSU,7.439
São Paulo Grand Prix,1.0,ALB,6.3629999999999995
São Paulo Grand Prix,1.0,HUL,6.6690000000000005
São Paulo Grand Prix,1.0,LAW,3.763
São Paulo Grand Prix,1.0,OCO,10.314
São Paulo Grand Prix,1.0,NOR,0.0
São Paulo Grand Prix,1.0,COL,8.508
São Paulo Grand Prix,1.0,HAM,8.802
São Paulo Grand Prix,1.0,BOR,0.0
São Paulo Grand Prix,1.0,SAI,6.891
São Paulo Grand Prix,1.0,HAD,3.253
São Paulo Grand Prix,1.0,RUS,4.106
São Paulo Grand Prix,1.0,PIA,2.464
São Paulo Grand Prix,1.0,BEA,5.295
São Paulo Grand Prix,2.0,VER,27.541
São Paulo Grand Prix,2.0,GAS,14.368
São Paulo Grand Prix,2.0,ANT,1.53
São Paulo Grand Prix,2.0,ALO,15.137
São Paulo Grand Prix,2.0,LEC,3.053
São Paulo Grand Prix,2.0,STR,22.365
São Paulo Grand Prix,2.0,TSU,25.023
São Paulo Grand Prix,2.0,ALB,16.07
São Paulo Grand Prix,2.0,HUL,19.409
São Paulo Grand Prix,2.0,LAW,9.437
São Paulo Grand Prix,2.0,OCO,28.654
São Paulo Grand Prix,2.0,NOR,0.0
São Paulo Grand Prix,2.0,COL,24.697
São Paulo Grand Prix,2.0,HAM,32.642
São Paulo Grand Prix,2.0,SAI,17.366
São Paulo Grand Prix,2.0,HAD,7.596
São Paulo Grand Prix,2.0,RUS,11.607
São Paulo Grand Prix,2.0,PIA,5.59
São Paulo Grand Prix,2.0,BEA,12.711
São Paulo Grand Prix,3.0,VER,21.948
São Paulo Grand Prix,3.0,GAS,11.831
São Paulo Grand Prix,3.0,ANT,0.703
São Paulo Grand Prix,3.0,ALO,13.008
São Paulo Grand Prix,3.0,LEC,1.796
São Paulo Grand Prix,3.0,STR,18.571
São Paulo Grand Prix,3.0,TSU,25.16
São Paulo Grand Prix,3.0,ALB,13.949
São Paulo Grand Prix,3.0,HUL,17.396
São Paulo Grand Prix,3.0,LAW,8.451
São Paulo Grand Prix,3.0,OCO,22.78
São Paulo Grand Prix,3.0,NOR,0.0
São Paulo Grand Prix,3.0,COL,20.054
São Paulo Grand Prix,3.0,HAM,38.539
São Paulo Grand Prix,3.0,SAI,15.521
São Paulo Grand Prix,3.0,HAD,6.004
São Paulo Grand Prix,3.0,RUS,9.281
São Paulo Grand Prix,3.0,PIA,2.833
São Paulo Grand Prix,3.0,BEA,10.645
São Paulo Grand Prix,4.0,VER,18.799
São Paulo Grand Prix,4.0,GAS,10.681000000000001
São Paulo Grand Prix,4.0,ANT,0.736
São Paulo Grand Prix,4.0,ALO,11.753
São Paulo Grand Prix,4.0,LEC,2.089
São Paulo Grand Prix,4.0,STR,15.703
São Paulo Grand Prix,4.0,TSU,22.077
São Paulo Grand Prix,4.0,ALB,12.554
São Paulo Grand Prix,4.0,HUL,14.69
São Paulo Grand Prix,4.0,LAW,7.486
São Paulo Grand Prix,4.0,OCO,19.795
São Paulo Grand Prix,4.0,NOR,0.0
São Paulo Grand Prix,4.0,COL,16.883
São Paulo Grand Prix,4.0,HAM,22.743
São Paulo Grand Prix,4.0,SAI,13.495
São Paulo Grand Prix,4.0,HAD,5.383
São Paulo Grand Prix,4.0,RUS,8.695
São Paulo Grand Prix,4.0,PIA,3.359
São Paulo Grand Prix,4.0,BEA,9.414
São Paulo Grand Prix,5.0,VER,3.098
São Paulo Grand Prix,5.0,GAS,1.43
São Paulo Grand Prix,5.0,ANT,0.344
São Paulo Grand Prix,5.0,ALO,1.924
São Paulo Grand Prix,5.0,LEC,0.398
São Paulo Grand Prix,5.0,STR,3.017
São Paulo Grand Prix,5.0,TSU,3.644
São Paulo Grand Prix,5.0,ALB,1.987
São Paulo Grand Prix,5.0,HUL,2.495
São Paulo Grand Prix,5.0,LAW,0.815
São Paulo Grand Prix,5.0,OCO,3.607
São Paulo Grand Prix,5.0,NOR,0.0
São Paulo Grand Prix,5.0,COL,2.98
São Paulo Grand Prix,5.0,HAM,3.7640000000000002
São Paulo Grand Prix,5.0,SAI,2.32
São Paulo Grand Prix,5.0,HAD,0.646
São Paulo Grand Prix,5.0,RUS,1.101
São Paulo Grand Prix,5.0,PIA,0.462
São Paulo Grand Prix,5.0,BEA,1.2530000000000001
São Paulo Grand Prix,6.0,VER,7.054
São Paulo Grand Prix,6.0,GAS,4.997
São Paulo Grand Prix,6.0,ANT,2.352
São Paulo Grand Prix,6.0,ALO,5.917
São Paulo Grand Prix,6.0,LEC,75.859
São Paulo Grand Prix,6.0,STR,17.244
São Paulo Grand Prix,6.0,TSU,8.166
São Paulo Grand Prix,6.0,ALB,5.398
São Paulo Grand Prix,6.0,HUL,6.382
São Paulo Grand Prix,6.0,LAW,3.605
São Paulo Grand Prix,6.0,OCO,8.276
São Paulo Grand Prix,6.0,NOR,0.0
São Paulo Grand Prix,6.0,COL,7.904
São Paulo Grand Prix,6.0,HAM,8.798
São Paulo Grand Prix,6.0,SAI,6.245
São Paulo Grand Prix,6.0,HAD,3.162
São Paulo Grand Prix,6.0,RUS,4.127
São Paulo Grand Prix,6.0,PIA,1.199
São Paulo Grand Prix,6.0,BEA,4.785
São Paulo Grand Prix,7.0,VER,14.282
São Paulo Grand Prix,7.0,GAS,7.806
São Paulo Grand Prix,7.0,ANT,2.953
São Paulo Grand Prix,7.0,ALO,9.905
São Paulo Grand Prix,7.0,STR,22.988
São Paulo Grand Prix,7.0,TSU,12.678
São Paulo Grand Prix,7.0,ALB,8.561
São Paulo Grand Prix,7.0,HUL,10.848
São Paulo Grand Prix,7.0,LAW,5.7059999999999995
São Paulo Grand Prix,7.0,OCO,13.19
São Paulo Grand Prix,7.0,NOR,0.0
São Paulo Grand Prix,7.0,COL,11.796
São Paulo Grand Prix,7.0,HAM,13.745
São Paulo Grand Prix,7.0,SAI,10.409
São Paulo Grand Prix,7.0,HAD,4.015
São Paulo Grand Prix,7.0,RUS,6.372
São Paulo Grand Prix,7.0,PIA,1.655
São Paulo Grand Prix,7.0,BEA,7.224
São Paulo Grand Prix,8.0,VER,15.949
São Paulo Grand Prix,8.0,GAS,4.372
São Paulo Grand Prix,8.0,ANT,1.706
São Paulo Grand Prix,8.0,ALO,6.118
São Paulo Grand Prix,8.0,STR,15.863
São Paulo Grand Prix,8.0,TSU,7.946
São Paulo Grand Prix,8.0,ALB,5.043
São Paulo Grand Prix,8.0,HUL,7.052
São Paulo Grand Prix,8.0,LAW,3.535
São Paulo Grand Prix,8.0,OCO,12.421
São Paulo Grand Prix,8.0,NOR,0.0
São Paulo Grand Prix,8.0,COL,7.96
São Paulo Grand Prix,8.0,HAM,8.931000000000001
São Paulo Grand Prix,8.0,SAI,6.207
São Paulo Grand Prix,8.0,HAD,2.697
São Paulo Grand Prix,8.0,RUS,3.89
São Paulo Grand Prix,8.0,PIA,0.216
São Paulo Grand Prix,8.0,BEA,4.255
São Paulo Grand Prix,9.0,VER,15.600999999999999
São Paulo Grand Prix,9.0,GAS,6.536
São Paulo Grand Prix,9.0,ANT,2.485
São Paulo Grand Prix,9.0,ALO,8.350999999999999
São Paulo Grand Prix,9.0,STR,17.895
São Paulo Grand Prix,9.0,TSU,9.368
São Paulo Grand Prix,9.0,ALB,7.077
São Paulo Grand Prix,9.0,HUL,8.542
São Paulo Grand Prix,9.0,LAW,5.593
São Paulo Grand Prix,9.0,OCO,32.284
São Paulo Grand Prix,9.0,NOR,0.0
São Paulo Grand Prix,9.0,COL,9.981
São Paulo Grand Prix,9.0,HAM,10.424
São Paulo Grand Prix,9.0,SAI,7.703
São Paulo Grand Prix,9.0,HAD,3.933
São Paulo Grand Prix,9.0,RUS,4.884
São Paulo Grand Prix,9.0,PIA,1.046
São Paulo Grand Prix,9.0,BEA,6.146
São Paulo Grand Prix,10.0,VER,14.877
São Paulo Grand Prix,10.0,GAS,7.47
São Paulo Grand Prix,10.0,ANT,2.839
São Paulo Grand Prix,10.0,ALO,9.502
São Paulo Grand Prix,10.0,STR,18.658
São Paulo Grand Prix,10.0,TSU,10.622
São Paulo Grand Prix,10.0,ALB,7.829
São Paulo Grand Prix,10.0,HUL,9.904
São Paulo Grand Prix,10.0,LAW,6.138
São Paulo Grand Prix,10.0,OCO,31.992
São Paulo Grand Prix,10.0,NOR,0.0
São Paulo Grand Prix,10.0,COL,11.55
São Paulo Grand Prix,10.0,HAM,11.67
São Paulo Grand Prix,10.0,SAI,8.827
São Paulo Grand Prix,10.0,HAD,4.734
São Paulo Grand Prix,10.0,RUS,5.23
São Paulo Grand Prix,10.0,PIA,1.4060000000000001
São Paulo Grand Prix,10.0,BEA,6.6850000000000005
São Paulo Grand Prix,11.0,VER,14.255
São Paulo Grand Prix,11.0,GAS,7.785
São Paulo Grand Prix,11.0,ANT,3.068
São Paulo Grand Prix,11.0,ALO,10.311
São Paulo Grand Prix,11.0,STR,18.956
São Paulo Grand Prix,11.0,TSU,11.585
São Paulo Grand Prix,11.0,ALB,8.511
São Paulo Grand Prix,11.0,HUL,10.736
São Paulo Grand Prix,11.0,LAW,6.719
São Paulo Grand Prix,11.0,OCO,31.839
São Paulo Grand Prix,11.0,NOR,0.0
São Paulo Grand Prix,11.0,COL,12.632
São Paulo Grand Prix,11.0,HAM,13.387
São Paulo Grand Prix,11.0,SAI,9.408
São Paulo Grand Prix,11.0,HAD,4.93
São Paulo Grand Prix,11.0,RUS,5.2379999999999995
São Paulo Grand Prix,11.0,PIA,1.6640000000000001
São Paulo Grand Prix,11.0,BEA,7.045
São Paulo Grand Prix,12.0,VER,14.711
São Paulo Grand Prix,12.0,GAS,9.099
São Paulo Grand Prix,12.0,ANT,3.354
São Paulo Grand Prix,12.0,ALO,11.282
São Paulo Grand Prix,12.0,STR,19.932
São Paulo Grand Prix,12.0,TSU,12.653
São Paulo Grand Prix,12.0,ALB,9.639
São Paulo Grand Prix,12.0,HUL,11.906
São Paulo Grand Prix,12.0,LAW,8.042
São Paulo Grand Prix,12.0,OCO,31.991
São Paulo Grand Prix,12.0,NOR,0.0
São Paulo Grand Prix,12.0,COL,13.761
São Paulo Grand Prix,12.0,HAM,14.633
São Paulo Grand Prix,12.0,SAI,10.388
São Paulo Grand Prix,12.0,HAD,6.854
São Paulo Grand Prix,12.0,RUS,5.71
São Paulo Grand Prix,12.0,PIA,1.95
São Paulo Grand Prix,12.0,BEA,8.349
São Paulo Grand Prix,13.0,VER,15.145
São Paulo Grand Prix,13.0,GAS,10.676
São Paulo Grand Prix,13.0,ANT,3.783
São Paulo Grand Prix,13.0,ALO,12.539
São Paulo Grand Prix,13.0,STR,20.559
São Paulo Grand Prix,13.0,TSU,13.727
São Paulo Grand Prix,13.0,ALB,11.06
São Paulo Grand Prix,13.0,HUL,13.043
São Paulo Grand Prix,13.0,LAW,10.133
São Paulo Grand Prix,13.0,OCO,32.032
São Paulo Grand Prix,13.0,NOR,0.0
São Paulo Grand Prix,13.0,COL,15.199
São Paulo Grand Prix,13.0,HAM,16.57
São Paulo Grand Prix,13.0,SAI,11.827
São Paulo Grand Prix,13.0,HAD,7.993
São Paulo Grand Prix,13.0,RUS,6.331
São Paulo Grand Prix,13.0,PIA,2.023
São Paulo Grand Prix,13.0,BEA,9.228
São Paulo Grand Prix,14.0,VER,15.486
São Paulo Grand Prix,14.0,GAS,11.855
São Paulo Grand Prix,14.0,ANT,4.144
São Paulo Grand Prix,14.0,ALO,13.972
São Paulo Grand Prix,14.0,STR,21.395
São Paulo Grand Prix,14.0,TSU,15.207
São Paulo Grand Prix,14.0,ALB,12.36
São Paulo Grand Prix,14.0,HUL,14.149
São Paulo Grand Prix,14.0,LAW,11.349
São Paulo Grand Prix,14.0,OCO,32.309
São Paulo Grand Prix,14.0,NOR,0.0
São Paulo Grand Prix,14.0,COL,16.932
São Paulo Grand Prix,14.0,HAM,21.931
São Paulo Grand Prix,14.0,SAI,13.312
São Paulo Grand Prix,14.0,HAD,8.799
São Paulo Grand Prix,14.0,RUS,6.6129999999999995
São Paulo Grand Prix,14.0,PIA,2.328
São Paulo Grand Prix,14.0,BEA,10.132
São Paulo Grand Prix,15.0,VER,16.268
São Paulo Grand Prix,15.0,GAS,13.16
São Paulo Grand Prix,15.0,ANT,4.736
São Paulo Grand Prix,15.0,ALO,15.383
São Paulo Grand Prix,15.0,STR,22.432
São Paulo Grand Prix,15.0,TSU,17.114
São Paulo Grand Prix,15.0,ALB,13.784
São Paulo Grand Prix,15.0,HUL,15.861
São Paulo Grand Prix,15.0,LAW,12.6
São Paulo Grand Prix,15.0,OCO,32.971
São Paulo Grand Prix,15.0,NOR,0.0
São Paulo Grand Prix,15.0,COL,19.064
São Paulo Grand Prix,15.0,HAM,40.207
São Paulo Grand Prix,15.0,SAI,14.795
São Paulo Grand Prix,15.0,HAD,10.094
São Paulo Grand Prix,15.0,RUS,7.266
São Paulo Grand Prix,15.0,PIA,2.724
São Paulo Grand Prix,15.0,BEA,11.283
São Paulo Grand Prix,16.0,VER,17.162
São Paulo Grand Prix,16.0,GAS,14.284
São Paulo Grand Prix,16.0,ANT,4.994
São Paulo Grand Prix,16.0,ALO,16.452
São Paulo Grand Prix,16.0,STR,23.013
São Paulo Grand Prix,16.0,TSU,18.122
São Paulo Grand Prix,16.0,ALB,14.797
São Paulo Grand Prix,16.0,HUL,16.858
São Paulo Grand Prix,16.0,LAW,13.785
São Paulo Grand Prix,16.0,OCO,33.284
São Paulo Grand Prix,16.0,NOR,0.0
São Paulo Grand Prix,16.0,COL,20.478
São Paulo Grand Prix,16.0,HAM,39.649
São Paulo Grand Prix,16.0,SAI,16.087
São Paulo Grand Prix,16.0,HAD,11.143
São Paulo Grand Prix,16.0,RUS,7.772
São Paulo Grand Prix,16.0,PIA,3.012
São Paulo Grand Prix,16.0,BEA,12.43
São Paulo Grand Prix,17.0,VER,18.2
São Paulo Grand Prix,17.0,GAS,15.661
São Paulo Grand Prix,17.0,ANT,5.61
São Paulo Grand Prix,17.0,ALO,18.237
São Paulo Grand Prix,17.0,STR,23.884
São Paulo Grand Prix,17.0,TSU,19.6
São Paulo Grand Prix,17.0,ALB,16.271
São Paulo Grand Prix,17.0,HUL,19.007
São Paulo Grand Prix,17.0,LAW,15.01
São Paulo Grand Prix,17.0,OCO,34.096
São Paulo Grand Prix,17.0,NOR,0.0
São Paulo Grand Prix,17.0,COL,21.81
São Paulo Grand Prix,17.0,HAM,39.351
São Paulo Grand Prix,17.0,SAI,21.382
São Paulo Grand Prix,17.0,HAD,12.682
São Paulo Grand Prix,17.0,RUS,8.496
São Paulo Grand Prix,17.0,PIA,3.465
São Paulo Grand Prix,17.0,BEA,17.822
São Paulo Grand Prix,18.0,VER,18.475
São Paulo Grand Prix,18.0,GAS,20.628
São Paulo Grand Prix,18.0,ANT,6.124
São Paulo Grand Prix,18.0,ALO,19.717
São Paulo Grand Prix,18.0,STR,24.725
São Paulo Grand Prix,18.0,TSU,20.998
São Paulo Grand Prix,18.0,ALB,17.357
São Paulo Grand Prix,18.0,HUL,20.251
São Paulo Grand Prix,18.0,LAW,16.167
São Paulo Grand Prix,18.0,OCO,34.841
São Paulo Grand Prix,18.0,NOR,0.0
São Paulo Grand Prix,18.0,COL,22.789
São Paulo Grand Prix,18.0,HAM,39.325
São Paulo Grand Prix,18.0,SAI,41.032
São Paulo Grand Prix,18.0,HAD,17.635
São Paulo Grand Prix,18.0,RUS,8.872
São Paulo Grand Prix,18.0,PIA,3.834
São Paulo Grand Prix,18.0,BEA,34.826
São Paulo Grand Prix,19.0,VER,18.838
São Paulo Grand Prix,19.0,GAS,37.968
São Paulo Grand Prix,19.0,ANT,6.611
São Paulo Grand Prix,19.0,ALO,20.718
São Paulo Grand Prix,19.0,STR,25.588
São Paulo Grand Prix,19.0,TSU,21.938
São Paulo Grand Prix,19.0,ALB,18.176
São Paulo Grand Prix,19.0,HUL,21.083
São Paulo Grand Prix,19.0,LAW,21.192
São Paulo Grand Prix,19.0,OCO,35.837
São Paulo Grand Prix,19.0,NOR,0.0
São Paulo Grand Prix,19.0,COL,23.849
São Paulo Grand Prix,19.0,HAM,39.758
São Paulo Grand Prix,19.0,SAI,39.908
São Paulo Grand Prix,19.0,HAD,37.35
São Paulo Grand Prix,19.0,RUS,9.247
São Paulo Grand Prix,19.0,PIA,4.131
São Paulo Grand Prix,19.0,BEA,33.842
São Paulo Grand Prix,20.0,VER,19.101
São Paulo Grand Prix,20.0,GAS,37.096
São Paulo Grand Prix,20.0,ANT,7.213
São Paulo Grand Prix,20.0,ALO,21.903
São Paulo Grand Prix,20.0,STR,26.5
São Paulo Grand Prix,20.0,TSU,22.883
São Paulo Grand Prix,20.0,ALB,18.984
São Paulo Grand Prix,20.0,HUL,22.126
São Paulo Grand Prix,20.0,LAW,38.687
São Paulo Grand Prix,20.0,OCO,36.115
São Paulo Grand Prix,20.0,NOR,0.0
São Paulo Grand Prix,20.0,COL,24.89
São Paulo Grand Prix,20.0,HAM,40.954
São Paulo Grand Prix,20.0,SAI,39.481
São Paulo Grand Prix,20.0,HAD,36.705
São Paulo Grand Prix,20.0,RUS,9.564
São Paulo Grand Prix,20.0,PIA,4.382
São Paulo Grand Prix,20.0,BEA,33.156
São Paulo Grand Prix,21.0,VER,19.288
São Paulo Grand Prix,21.0,GAS,37.324
São Paulo Grand Prix,21.0,ANT,11.899000000000001
São Paulo Grand Prix,21.0,ALO,23.851
São Paulo Grand Prix,21.0,STR,27.734
São Paulo Grand Prix,21.0,TSU,24.393
São Paulo Grand Prix,21.0,ALB,20.588
São Paulo Grand Prix,21.0,HUL,22.548000000000002
São Paulo Grand Prix,21.0,LAW,38.074
São Paulo Grand Prix,21.0,OCO,36.567
São Paulo Grand Prix,21.0,NOR,0.0
São Paulo Grand Prix,21.0,COL,26.191
São Paulo Grand Prix,21.0,HAM,41.764
São Paulo Grand Prix,21.0,SAI,39.298
São Paulo Grand Prix,21.0,HAD,36.829
São Paulo Grand Prix,21.0,RUS,10.215
São Paulo Grand Prix,21.0,PIA,4.543
São Paulo Grand Prix,21.0,BEA,32.864
São Paulo Grand Prix,22.0,VER,19.494
São Paulo Grand Prix,22.0,GAS,37.239
São Paulo Grand Prix,22.0,ANT,29.907
São Paulo Grand Prix,22.0,ALO,25.402
São Paulo Grand Prix,22.0,STR,29.259
São Paulo Grand Prix,22.0,TSU,26.092
São Paulo Grand Prix,22.0,ALB,21.699
São Paulo Grand Prix,22.0,HUL,23.409
São Paulo Grand Prix,22.0,LAW,38.092
São Paulo Grand Prix,22.0,OCO,38.999
São Paulo Grand Prix,22.0,NOR,0.0
São Paulo Grand Prix,22.0,COL,27.61
São Paulo Grand Prix,22.0,HAM,42.431
São Paulo Grand Prix,22.0,SAI,39.146
São Paulo Grand Prix,22.0,HAD,36.488
São Paulo Grand Prix,22.0,RUS,10.908
São Paulo Grand Prix,22.0,PIA,4.969
São Paulo Grand Prix,22.0,BEA,32.824
São Paulo Grand Prix,23.0,VER,19.371
São Paulo Grand Prix,23.0,GAS,36.618
São Paulo Grand Prix,23.0,ANT,28.729
São Paulo Grand Prix,23.0,ALO,26.478
São Paulo Grand Prix,23.0,STR,30.853
São Paulo Grand Prix,23.0,TSU,27.617
São Paulo Grand Prix,23.0,ALB,22.581
São Paulo Grand Prix,23.0,HUL,24.018
São Paulo Grand Prix,23.0,LAW,37.777
São Paulo Grand Prix,23.0,OCO,40.038
São Paulo Grand Prix,23.0,NOR,0.0
São Paulo Grand Prix,23.0,COL,28.826
São Paulo Grand Prix,23.0,HAM,44.057
São Paulo Grand Prix,23.0,SAI,39.091
São Paulo Grand Prix,23.0,HAD,36.178
São Paulo Grand Prix,23.0,RUS,11.383
São Paulo Grand Prix,23.0,PIA,5.128
São Paulo Grand Prix,23.0,BEA,32.426
São Paulo Grand Prix,24.0,VER,19.381
São Paulo Grand Prix,24.0,GAS,36.639
São Paulo Grand Prix,24.0,ANT,28.694
São Paulo Grand Prix,24.0,ALO,27.849
São Paulo Grand Prix,24.0,STR,31.749
São Paulo Grand Prix,24.0,TSU,32.667
São Paulo Grand Prix,24.0,ALB,23.625
São Paulo Grand Prix,24.0,HUL,24.412
São Paulo Grand Prix,24.0,LAW,37.928
São Paulo Grand Prix,24.0,OCO,40.654
São Paulo Grand Prix,24.0,NOR,0.0
São Paulo Grand Prix,24.0,COL,30.51
São Paulo Grand Prix,24.0,HAM,45.019
São Paulo Grand Prix,24.0,SAI,39.365
São Paulo Grand Prix,24.0,HAD,36.161
São Paulo Grand Prix,24.0,RUS,11.943
São Paulo Grand Prix,24.0,PIA,5.377
São Paulo Grand Prix,24.0,BEA,32.307
São Paulo Grand Prix,25.0,VER,19.232
São Paulo Grand Prix,25.0,GAS,36.461
São Paulo Grand Prix,25.0,ANT,29.085
São Paulo Grand Prix,25.0,ALO,29.207
São Paulo Grand Prix,25.0,STR,32.652
São Paulo Grand Prix,25.0,TSU,61.862
São Paulo Grand Prix,25.0,ALB,24.3
São Paulo Grand Prix,25.0,HUL,24.919
São Paulo Grand Prix,25.0,LAW,37.613
São Paulo Grand Prix,25.0,OCO,41.162
São Paulo Grand Prix,25.0,NOR,0.0
São Paulo Grand Prix,25.0,COL,31.52
São Paulo Grand Prix,25.0,HAM,46.135
São Paulo Grand Prix,25.0,SAI,39.29
São Paulo Grand Prix,25.0,HAD,35.957
São Paulo Grand Prix,25.0,RUS,12.38
São Paulo Grand Prix,25.0,PIA,5.681
São Paulo Grand Prix,25.0,BEA,32.488
São Paulo Grand Prix,26.0,VER,19.394
São Paulo Grand Prix,26.0,GAS,36.169
São Paulo Grand Prix,26.0,ANT,28.014
São Paulo Grand Prix,26.0,ALO,30.55
São Paulo Grand Prix,26.0,STR,34.072
São Paulo Grand Prix,26.0,TSU,60.87
São Paulo Grand Prix,26.0,ALB,25.225
São Paulo Grand Prix,26.0,HUL,25.774
São Paulo Grand Prix,26.0,LAW,37.528
São Paulo Grand Prix,26.0,OCO,41.628
São Paulo Grand Prix,26.0,NOR,0.0
São Paulo Grand Prix,26.0,COL,32.495
São Paulo Grand Prix,26.0,HAM,46.754
São Paulo Grand Prix,26.0,SAI,39.412
São Paulo Grand Prix,26.0,HAD,36.036
São Paulo Grand Prix,26.0,RUS,12.825
São Paulo Grand Prix,26.0,PIA,5.732
São Paulo Grand Prix,26.0,BEA,32.555
São Paulo Grand Prix,27.0,VER,19.505
São Paulo Grand Prix,27.0,GAS,37.567
São Paulo Grand Prix,27.0,ANT,27.261
São Paulo Grand Prix,27.0,ALO,31.872
São Paulo Grand Prix,27.0,STR,34.921
São Paulo Grand Prix,27.0,TSU,60.088
São Paulo Grand Prix,27.0,ALB,26.111
São Paulo Grand Prix,27.0,HUL,26.664
São Paulo Grand Prix,27.0,LAW,38.097
São Paulo Grand Prix,27.0,OCO,42.31
São Paulo Grand Prix,27.0,NOR,0.0
São Paulo Grand Prix,27.0,COL,34.275
São Paulo Grand Prix,27.0,HAM,47.931
São Paulo Grand Prix,27.0,SAI,39.771
São Paulo Grand Prix,27.0,HAD,37.011
São Paulo Grand Prix,27.0,RUS,13.465
São Paulo Grand Prix,27.0,PIA,5.9399999999999995
São Paulo Grand Prix,27.0,BEA,32.853
São Paulo Grand Prix,28.0,VER,19.924
São Paulo Grand Prix,28.0,GAS,37.944
São Paulo Grand Prix,28.0,ANT,27.416
São Paulo Grand Prix,28.0,ALO,36.924
São Paulo Grand Prix,28.0,STR,36.093
São Paulo Grand Prix,28.0,TSU,59.474
São Paulo Grand Prix,28.0,ALB,26.975
São Paulo Grand Prix,28.0,HUL,27.329
São Paulo Grand Prix,28.0,LAW,38.622
São Paulo Grand Prix,28.0,OCO,42.925
São Paulo Grand Prix,28.0,NOR,0.0
São Paulo Grand Prix,28.0,COL,35.447
São Paulo Grand Prix,28.0,HAM,48.656
São Paulo Grand Prix,28.0,SAI,40.3
São Paulo Grand Prix,28.0,HAD,37.523
São Paulo Grand Prix,28.0,RUS,14.0
São Paulo Grand Prix,28.0,PIA,6.298
São Paulo Grand Prix,28.0,BEA,33.269
São Paulo Grand Prix,29.0,VER,20.404
São Paulo Grand Prix,29.0,GAS,38.378
São Paulo Grand Prix,29.0,ANT,27.97
São Paulo Grand Prix,29.0,ALO,55.943
São Paulo Grand Prix,29.0,STR,41.07
São Paulo Grand Prix,29.0,TSU,59.27
São Paulo Grand Prix,29.0,ALB,27.92
São Paulo Grand Prix,29.0,HUL,28.873
São Paulo Grand Prix,29.0,LAW,39.103
São Paulo Grand Prix,29.0,OCO,43.876
São Paulo Grand Prix,29.0,NOR,0.0
São Paulo Grand Prix,29.0,COL,40.448
São Paulo Grand Prix,29.0,HAM,49.551
São Paulo Grand Prix,29.0,SAI,40.794
São Paulo Grand Prix,29.0,HAD,38.026
São Paulo Grand Prix,29.0,RUS,14.519
São Paulo Grand Prix,29.0,PIA,6.728
São Paulo Grand Prix,29.0,BEA,33.674
São Paulo Grand Prix,30.0,VER,16.649
São Paulo Grand Prix,30.0,GAS,34.828
São Paulo Grand Prix,30.0,ANT,23.262
São Paulo Grand Prix,30.0,ALO,51.814
São Paulo Grand Prix,30.0,STR,55.848
São Paulo Grand Prix,30.0,TSU,55.469
São Paulo Grand Prix,30.0,ALB,25.268
São Paulo Grand Prix,30.0,HUL,25.858
São Paulo Grand Prix,30.0,LAW,35.586
São Paulo Grand Prix,30.0,OCO,40.511
São Paulo Grand Prix,30.0,NOR,0.0
São Paulo Grand Prix,30.0,COL,54.407
São Paulo Grand Prix,30.0,HAM,46.516
São Paulo Grand Prix,30.0,SAI,37.355
São Paulo Grand Prix,30.0,HAD,34.399
São Paulo Grand Prix,30.0,RUS,10.939
São Paulo Grand Prix,30.0,PIA,3.046
São Paulo Grand Prix,30.0,BEA,29.86
São Paulo Grand Prix,31.0,VER,13.775
São Paulo Grand Prix,31.0,GAS,31.927
São Paulo Grand Prix,31.0,ANT,19.542
São Paulo Grand Prix,31.0,ALO,48.119
São Paulo Grand Prix,31.0,STR,52.204
São Paulo Grand Prix,31.0,TSU,53.245
São Paulo Grand Prix,31.0,ALB,22.903
São Paulo Grand Prix,31.0,HUL,23.239
São Paulo Grand Prix,31.0,LAW,32.389
São Paulo Grand Prix,31.0,OCO,37.808
São Paulo Grand Prix,31.0,NOR,14.838
São Paulo Grand Prix,31.0,COL,50.798
São Paulo Grand Prix,31.0,HAM,44.024
São Paulo Grand Prix,31.0,SAI,34.431
São Paulo Grand Prix,31.0,HAD,31.359
São Paulo Grand Prix,31.0,RUS,8.249
São Paulo Grand Prix,31.0,PIA,0.0
São Paulo Grand Prix,31.0,BEA,26.578
São Paulo Grand Prix,32.0,VER,13.97
São Paulo Grand Prix,32.0,GAS,31.894
São Paulo Grand Prix,32.0,ANT,19.008
São Paulo Grand Prix,32.0,ALO,47.358
São Paulo Grand Prix,32.0,STR,51.444
São Paulo Grand Prix,32.0,TSU,52.993
São Paulo Grand Prix,32.0,ALB,24.146
São Paulo Grand Prix,32.0,HUL,24.448
São Paulo Grand Prix,32.0,LAW,32.946
São Paulo Grand Prix,32.0,OCO,38.044
São Paulo Grand Prix,32.0,NOR,13.936
São Paulo Grand Prix,32.0,COL,49.964
São Paulo Grand Prix,32.0,HAM,49.183
São Paulo Grand Prix,32.0,SAI,34.719
São Paulo Grand Prix,32.0,HAD,31.372
São Paulo Grand Prix,32.0,RUS,8.49
São Paulo Grand Prix,32.0,PIA,0.0
São Paulo Grand Prix,32.0,BEA,26.753
São Paulo Grand Prix,33.0,VER,15.245
São Paulo Grand Prix,33.0,GAS,31.761
São Paulo Grand Prix,33.0,ANT,18.643
São Paulo Grand Prix,33.0,ALO,47.167
São Paulo Grand Prix,33.0,STR,51.29
São Paulo Grand Prix,33.0,TSU,53.059
São Paulo Grand Prix,33.0,ALB,25.688
São Paulo Grand Prix,33.0,HUL,25.956
São Paulo Grand Prix,33.0,LAW,33.169
São Paulo Grand Prix,33.0,OCO,38.318
São Paulo Grand Prix,33.0,NOR,13.253
São Paulo Grand Prix,33.0,COL,49.716
São Paulo Grand Prix,33.0,HAM,75.575
São Paulo Grand Prix,33.0,SAI,35.121
São Paulo Grand Prix,33.0,HAD,31.354
São Paulo Grand Prix,33.0,RUS,8.935
São Paulo Grand Prix,33.0,PIA,0.0
São Paulo Grand Prix,33.0,BEA,26.743
São Paulo Grand Prix,34.0,VER,19.17
São Paulo Grand Prix,34.0,GAS,32.111
São Paulo Grand Prix,34.0,ANT,17.976
São Paulo Grand Prix,34.0,ALO,46.402
São Paulo Grand Prix,34.0,STR,50.417
São Paulo Grand Prix,34.0,TSU,52.676
São Paulo Grand Prix,34.0,ALB,27.314
São Paulo Grand Prix,34.0,HUL,26.011
São Paulo Grand Prix,34.0,LAW,32.974
São Paulo Grand Prix,34.0,OCO,38.422
São Paulo Grand Prix,34.0,NOR,12.051
São Paulo Grand Prix,34.0,COL,48.87
São Paulo Grand Prix,34.0,HAM,74.988
São Paulo Grand Prix,34.0,SAI,35.072
São Paulo Grand Prix,34.0,HAD,31.518
São Paulo Grand Prix,34.0,RUS,12.736
São Paulo Grand Prix,34.0,PIA,0.0
São Paulo Grand Prix,34.0,BEA,27.367
São Paulo Grand Prix,35.0,VER,35.459
São Paulo Grand Prix,35.0,GAS,32.735
São Paulo Grand Prix,35.0,ANT,17.533
São Paulo Grand Prix,35.0,ALO,45.907
São Paulo Grand Prix,35.0,STR,49.918
São Paulo Grand Prix,35.0,TSU,52.557
São Paulo Grand Prix,35.0,ALB,33.038
São Paulo Grand Prix,35.0,HUL,26.581
São Paulo Grand Prix,35.0,LAW,33.348
São Paulo Grand Prix,35.0,OCO,38.969
São Paulo Grand Prix,35.0,NOR,11.15
São Paulo Grand Prix,35.0,COL,48.326
São Paulo Grand Prix,35.0,HAM,73.784
São Paulo Grand Prix,35.0,SAI,35.485
São Paulo Grand Prix,35.0,HAD,32.155
São Paulo Grand Prix,35.0,RUS,29.085
São Paulo Grand Prix,35.0,PIA,0.0
São Paulo Grand Prix,35.0,BEA,27.22
São Paulo Grand Prix,36.0,VER,32.799
São Paulo Grand Prix,36.0,GAS,31.79
São Paulo Grand Prix,36.0,ANT,16.141
São Paulo Grand Prix,36.0,ALO,44.458
São Paulo Grand Prix,36.0,STR,48.365
São Paulo Grand Prix,36.0,TSU,51.649
São Paulo Grand Prix,36.0,ALB,48.691
São Paulo Grand Prix,36.0,HUL,29.61
São Paulo Grand Prix,36.0,LAW,32.927
São Paulo Grand Prix,36.0,OCO,38.279
São Paulo Grand Prix,36.0,NOR,9.151
São Paulo Grand Prix,36.0,COL,47.11
São Paulo Grand Prix,36.0,HAM,72.096
São Paulo Grand Prix,36.0,SAI,35.126
São Paulo Grand Prix,36.0,HAD,31.093
São Paulo Grand Prix,36.0,RUS,26.336
São Paulo Grand Prix,36.0,PIA,0.0
São Paulo Grand Prix,36.0,BEA,26.021
São Paulo Grand Prix,37.0,VER,31.709
São Paulo Grand Prix,37.0,GAS,31.748
São Paulo Grand Prix,37.0,ANT,15.299
São Paulo Grand Prix,37.0,ALO,43.811
São Paulo Grand Prix,37.0,STR,48.802
São Paulo Grand Prix,37.0,TSU,51.362
São Paulo Grand Prix,37.0,ALB,47.09
São Paulo Grand Prix,37.0,HUL,46.568
São Paulo Grand Prix,37.0,LAW,33.624
São Paulo Grand Prix,37.0,OCO,38.472
São Paulo Grand Prix,37.0,NOR,8.242
São Paulo Grand Prix,37.0,COL,46.431
São Paulo Grand Prix,37.0,HAM,81.144
São Paulo Grand Prix,37.0,SAI,35.295
São Paulo Grand Prix,37.0,HAD,34.783
São Paulo Grand Prix,37.0,RUS,24.659
São Paulo Grand Prix,37.0,PIA,0.0
São Paulo Grand Prix,37.0,BEA,26.02
São Paulo Grand Prix,38.0,VER,24.973
São Paulo Grand Prix,38.0,GAS,26.871
São Paulo Grand Prix,38.0,ANT,9.58
São Paulo Grand Prix,38.0,ALO,38.293
São Paulo Grand Prix,38.0,STR,43.374
São Paulo Grand Prix,38.0,TSU,46.14
São Paulo Grand Prix,38.0,ALB,40.701
São Paulo Grand Prix,38.0,HUL,40.077
São Paulo Grand Prix,38.0,LAW,28.197
São Paulo Grand Prix,38.0,OCO,33.373
São Paulo Grand Prix,38.0,NOR,2.253
São Paulo Grand Prix,38.0,COL,42.213
São Paulo Grand Prix,38.0,SAI,33.848
São Paulo Grand Prix,38.0,HAD,46.577
São Paulo Grand Prix,38.0,RUS,17.955
São Paulo Grand Prix,38.0,PIA,0.0
São Paulo Grand Prix,38.0,BEA,20.494
São Paulo Grand Prix,39.0,VER,22.002
São Paulo Grand Prix,39.0,GAS,28.777
São Paulo Grand Prix,39.0,ANT,7.431
São Paulo Grand Prix,39.0,ALO,36.594
São Paulo Grand Prix,39.0,STR,41.096
São Paulo Grand Prix,39.0,TSU,45.059
São Paulo Grand Prix,39.0,ALB,37.827
São Paulo Grand Prix,39.0,HUL,36.994
São Paulo Grand Prix,39.0,LAW,26.269
São Paulo Grand Prix,39.0,OCO,32.136
São Paulo Grand Prix,39.0,NOR,0.0
São Paulo Grand Prix,39.0,COL,40.401
São Paulo Grand Prix,39.0,SAI,47.791
São Paulo Grand Prix,39.0,HAD,45.035
São Paulo Grand Prix,39.0,RUS,15.153
São Paulo Grand Prix,39.0,PIA,26.739
São Paulo Grand Prix,39.0,BEA,18.545
São Paulo Grand Prix,40.0,VER,21.325
São Paulo Grand Prix,40.0,GAS,46.829
São Paulo Grand Prix,40.0,ANT,7.735
São Paulo Grand Prix,40.0,ALO,37.346
São Paulo Grand Prix,40.0,STR,41.304
São Paulo Grand Prix,40.0,TSU,46.381
São Paulo Grand Prix,40.0,ALB,37.974
São Paulo Grand Prix,40.0,HUL,37.405
São Paulo Grand Prix,40.0,LAW,26.588
São Paulo Grand Prix,40.0,OCO,33.169
São Paulo Grand Prix,40.0,NOR,0.0
São Paulo Grand Prix,40.0,COL,40.709
São Paulo Grand Prix,40.0,SAI,47.288
São Paulo Grand Prix,40.0,HAD,44.374
São Paulo Grand Prix,40.0,RUS,14.401
São Paulo Grand Prix,40.0,PIA,26.548000000000002
São Paulo Grand Prix,40.0,BEA,18.677
São Paulo Grand Prix,41.0,VER,20.489
São Paulo Grand Prix,41.0,GAS,47.108
São Paulo Grand Prix,41.0,ANT,7.792
São Paulo Grand Prix,41.0,ALO,38.32
São Paulo Grand Prix,41.0,STR,41.707
São Paulo Grand Prix,41.0,TSU,47.158
São Paulo Grand Prix,41.0,ALB,38.403
São Paulo Grand Prix,41.0,HUL,36.82
São Paulo Grand Prix,41.0,LAW,27.398
São Paulo Grand Prix,41.0,OCO,33.784
São Paulo Grand Prix,41.0,NOR,0.0
São Paulo Grand Prix,41.0,COL,41.184
São Paulo Grand Prix,41.0,SAI,47.334
São Paulo Grand Prix,41.0,HAD,43.919
São Paulo Grand Prix,41.0,RUS,13.748
São Paulo Grand Prix,41.0,PIA,25.53
São Paulo Grand Prix,41.0,BEA,18.572
São Paulo Grand Prix,42.0,VER,19.685
São Paulo Grand Prix,42.0,GAS,46.351
São Paulo Grand Prix,42.0,ANT,7.658
São Paulo Grand Prix,42.0,ALO,39.613
São Paulo Grand Prix,42.0,STR,42.144
São Paulo Grand Prix,42.0,TSU,48.962
São Paulo Grand Prix,42.0,ALB,38.427
São Paulo Grand Prix,42.0,HUL,36.664
São Paulo Grand Prix,42.0,LAW,27.638
São Paulo Grand Prix,42.0,OCO,34.456
São Paulo Grand Prix,42.0,NOR,0.0
São Paulo Grand Prix,42.0,COL,43.071
São Paulo Grand Prix,42.0,SAI,47.044
São Paulo Grand Prix,42.0,HAD,43.409
São Paulo Grand Prix,42.0,RUS,13.093
São Paulo Grand Prix,42.0,PIA,24.336
São Paulo Grand Prix,42.0,BEA,22.152
São Paulo Grand Prix,43.0,VER,18.666
São Paulo Grand Prix,43.0,GAS,45.946
São Paulo Grand Prix,43.0,ANT,7.599
São Paulo Grand Prix,43.0,ALO,40.392
São Paulo Grand Prix,43.0,STR,42.882
São Paulo Grand Prix,43.0,TSU,49.913
São Paulo Grand Prix,43.0,ALB,38.865
São Paulo Grand Prix,43.0,HUL,36.778
São Paulo Grand Prix,43.0,LAW,27.644
São Paulo Grand Prix,43.0,OCO,35.031
São Paulo Grand Prix,43.0,NOR,0.0
São Paulo Grand Prix,43.0,COL,48.235
São Paulo Grand Prix,43.0,SAI,46.591
São Paulo Grand Prix,43.0,HAD,44.443
São Paulo Grand Prix,43.0,RUS,12.575
São Paulo Grand Prix,43.0,PIA,23.058
São Paulo Grand Prix,43.0,BEA,41.467
São Paulo Grand Prix,44.0,VER,17.847
São Paulo Grand Prix,44.0,GAS,45.856
São Paulo Grand Prix,44.0,ANT,7.611
São Paulo Grand Prix,44.0,ALO,41.075
São Paulo Grand Prix,44.0,STR,43.343
São Paulo Grand Prix,44.0,TSU,50.811
São Paulo Grand Prix,44.0,ALB,39.262
São Paulo Grand Prix,44.0,HUL,37.09
São Paulo Grand Prix,44.0,LAW,27.872
São Paulo Grand Prix,44.0,OCO,35.85
São Paulo Grand Prix,44.0,NOR,0.0
São Paulo Grand Prix,44.0,COL,68.54
São Paulo Grand Prix,44.0,SAI,46.451
São Paulo Grand Prix,44.0,HAD,44.413
São Paulo Grand Prix,44.0,RUS,12.412
São Paulo Grand Prix,44.0,PIA,21.905
São Paulo Grand Prix,44.0,BEA,41.083
São Paulo Grand Prix,45.0,VER,17.26
São Paulo Grand Prix,45.0,GAS,45.553
São Paulo Grand Prix,45.0,ANT,7.71
São Paulo Grand Prix,45.0,ALO,42.626
São Paulo Grand Prix,45.0,STR,43.466
São Paulo Grand Prix,45.0,TSU,51.356
São Paulo Grand Prix,45.0,ALB,39.514
São Paulo Grand Prix,45.0,HUL,37.193
São Paulo Grand Prix,45.0,LAW,27.983
São Paulo Grand Prix,45.0,OCO,36.486
São Paulo Grand Prix,45.0,NOR,0.0
São Paulo Grand Prix,45.0,COL,66.925
São Paulo Grand Prix,45.0,SAI,46.258
São Paulo Grand Prix,45.0,HAD,44.262
São Paulo Grand Prix,45.0,RUS,12.364
São Paulo Grand Prix,45.0,PIA,21.004
São Paulo Grand Prix,45.0,BEA,40.562
São Paulo Grand Prix,46.0,VER,16.651
São Paulo Grand Prix,46.0,GAS,45.214
São Paulo Grand Prix,46.0,ANT,7.8629999999999995
São Paulo Grand Prix,46.0,ALO,47.046
São Paulo Grand Prix,46.0,STR,43.574
São Paulo Grand Prix,46.0,TSU,52.046
São Paulo Grand Prix,46.0,ALB,39.665
São Paulo Grand Prix,46.0,HUL,37.241
São Paulo Grand Prix,46.0,LAW,28.482
São Paulo Grand Prix,46.0,OCO,37.131
São Paulo Grand Prix,46.0,NOR,0.0
São Paulo Grand Prix,46.0,COL,65.836
São Paulo Grand Prix,46.0,SAI,45.813
São Paulo Grand Prix,46.0,HAD,44.267
São Paulo Grand Prix,46.0,RUS,12.308
São Paulo Grand Prix,46.0,PIA,20.129
São Paulo Grand Prix,46.0,BEA,39.71
São Paulo Grand Prix,47.0,VER,16.163
São Paulo Grand Prix,47.0,GAS,45.151
São Paulo Grand Prix,47.0,ANT,12.391
São Paulo Grand Prix,47.0,ALO,64.383
São Paulo Grand Prix,47.0,STR,44.068
São Paulo Grand Prix,47.0,TSU,56.233
São Paulo Grand Prix,47.0,ALB,40.769
São Paulo Grand Prix,47.0,HUL,37.867
São Paulo Grand Prix,47.0,LAW,29.034
São Paulo Grand Prix,47.0,OCO,43.204
São Paulo Grand Prix,47.0,NOR,0.0
São Paulo Grand Prix,47.0,COL,65.507
São Paulo Grand Prix,47.0,SAI,45.619
São Paulo Grand Prix,47.0,HAD,44.41
São Paulo Grand Prix,47.0,RUS,12.331
São Paulo Grand Prix,47.0,PIA,19.607
São Paulo Grand Prix,47.0,BEA,39.301
São Paulo Grand Prix,48.0,VER,15.587
São Paulo Grand Prix,48.0,GAS,45.372
São Paulo Grand Prix,48.0,ANT,31.009
São Paulo Grand Prix,48.0,ALO,63.309
São Paulo Grand Prix,48.0,STR,44.528
São Paulo Grand Prix,48.0,TSU,85.303
São Paulo Grand Prix,48.0,ALB,41.259
São Paulo Grand Prix,48.0,HUL,38.165
São Paulo Grand Prix,48.0,LAW,29.573
São Paulo Grand Prix,48.0,OCO,61.387
São Paulo Grand Prix,48.0,NOR,0.0
São Paulo Grand Prix,48.0,COL,65.155
São Paulo Grand Prix,48.0,SAI,45.889
São Paulo Grand Prix,48.0,HAD,44.777
São Paulo Grand Prix,48.0,RUS,15.788
São Paulo Grand Prix,48.0,PIA,18.96
São Paulo Grand Prix,48.0,BEA,38.398
São Paulo Grand Prix,49.0,VER,14.925
São Paulo Grand Prix,49.0,GAS,46.079
São Paulo Grand Prix,49.0,ANT,30.158
São Paulo Grand Prix,49.0,ALO,62.598
São Paulo Grand Prix,49.0,STR,44.992
São Paulo Grand Prix,49.0,TSU,83.698
São Paulo Grand Prix,49.0,ALB,41.776
São Paulo Grand Prix,49.0,HUL,40.024
São Paulo Grand Prix,49.0,LAW,30.102
São Paulo Grand Prix,49.0,OCO,60.696
São Paulo Grand Prix,49.0,NOR,0.0
São Paulo Grand Prix,49.0,COL,64.571
São Paulo Grand Prix,49.0,SAI,46.436
São Paulo Grand Prix,49.0,HAD,45.435
São Paulo Grand Prix,49.0,RUS,32.487
São Paulo Grand Prix,49.0,PIA,18.387
São Paulo Grand Prix,49.0,BEA,38.793
São Paulo Grand Prix,50.0,VER,10.81
São Paulo Grand Prix,50.0,GAS,42.692
São Paulo Grand Prix,50.0,ANT,25.668
São Paulo Grand Prix,50.0,ALO,58.469
São Paulo Grand Prix,50.0,STR,41.793
São Paulo Grand Prix,50.0,TSU,78.582
São Paulo Grand Prix,50.0,ALB,38.774
São Paulo Grand Prix,50.0,HUL,36.852
São Paulo Grand Prix,50.0,LAW,27.787
São Paulo Grand Prix,50.0,OCO,56.304
São Paulo Grand Prix,50.0,NOR,0.0
São Paulo Grand Prix,50.0,COL,60.402
São Paulo Grand Prix,50.0,SAI,43.499
São Paulo Grand Prix,50.0,HAD,42.135
São Paulo Grand Prix,50.0,RUS,27.873
São Paulo Grand Prix,50.0,PIA,14.315
São Paulo Grand Prix,50.0,BEA,34.913
São Paulo Grand Prix,51.0,VER,0.0
São Paulo Grand Prix,51.0,GAS,33.102
São Paulo Grand Prix,51.0,ANT,14.507
São Paulo Grand Prix,51.0,ALO,47.955
São Paulo Grand Prix,51.0,STR,32.193
São Paulo Grand Prix,51.0,TSU,67.572
São Paulo Grand Prix,51.0,ALB,29.283
São Paulo Grand Prix,51.0,HUL,26.962
São Paulo Grand Prix,51.0,LAW,18.909
São Paulo Grand Prix,51.0,OCO,45.581
São Paulo Grand Prix,51.0,NOR,7.913
São Paulo Grand Prix,51.0,COL,49.971
São Paulo Grand Prix,51.0,SAI,33.706
São Paulo Grand Prix,51.0,HAD,32.422
São Paulo Grand Prix,51.0,RUS,16.82
São Paulo Grand Prix,51.0,PIA,7.812
São Paulo Grand Prix,51.0,BEA,24.437
São Paulo Grand Prix,52.0,VER,0.0
São Paulo Grand Prix,52.0,GAS,34.068
São Paulo Grand Prix,52.0,ANT,13.638
São Paulo Grand Prix,52.0,ALO,48.034
São Paulo Grand Prix,52.0,STR,34.953
São Paulo Grand Prix,52.0,TSU,67.394
São Paulo Grand Prix,52.0,ALB,30.251
São Paulo Grand Prix,52.0,HUL,27.818
São Paulo Grand Prix,52.0,LAW,19.788
São Paulo Grand Prix,52.0,OCO,45.199
São Paulo Grand Prix,52.0,NOR,7.553
São Paulo Grand Prix,52.0,COL,50.113
São Paulo Grand Prix,52.0,SAI,35.144
São Paulo Grand Prix,52.0,HAD,33.579
São Paulo Grand Prix,52.0,RUS,15.925
São Paulo Grand Prix,52.0,PIA,25.391
São Paulo Grand Prix,52.0,BEA,24.406
São Paulo Grand Prix,53.0,VER,0.0
São Paulo Grand Prix,53.0,GAS,34.72
São Paulo Grand Prix,53.0,ANT,12.864
São Paulo Grand Prix,53.0,ALO,47.916
São Paulo Grand Prix,53.0,STR,36.069
São Paulo Grand Prix,53.0,TSU,66.638
São Paulo Grand Prix,53.0,ALB,31.144
São Paulo Grand Prix,53.0,HUL,28.69
São Paulo Grand Prix,53.0,LAW,20.614
São Paulo Grand Prix,53.0,OCO,44.838
São Paulo Grand Prix,53.0,NOR,7.036
São Paulo Grand Prix,53.0,COL,50.109
São Paulo Grand Prix,53.0,SAI,36.334
São Paulo Grand Prix,53.0,HAD,34.106
São Paulo Grand Prix,53.0,RUS,15.08
São Paulo Grand Prix,53.0,PIA,24.233
São Paulo Grand Prix,53.0,BEA,24.296
São Paulo Grand Prix,54.0,VER,0.0
São Paulo Grand Prix,54.0,GAS,31.759
São Paulo Grand Prix,54.0,ANT,8.649000000000001
São Paulo Grand Prix,54.0,ALO,44.604
São Paulo Grand Prix,54.0,STR,38.002
São Paulo Grand Prix,54.0,TSU,62.755
São Paulo Grand Prix,54.0,ALB,28.915
São Paulo Grand Prix,54.0,HUL,25.78
São Paulo Grand Prix,54.0,LAW,18.48
São Paulo Grand Prix,54.0,OCO,41.14
São Paulo Grand Prix,54.0,NOR,2.993
São Paulo Grand Prix,54.0,COL,46.639
São Paulo Grand Prix,54.0,SAI,34.349
São Paulo Grand Prix,54.0,HAD,31.279
São Paulo Grand Prix,54.0,RUS,11.167
São Paulo Grand Prix,54.0,PIA,19.461
São Paulo Grand Prix,54.0,BEA,21.466
São Paulo Grand Prix,55.0,VER,13.516
São Paulo Grand Prix,55.0,GAS,29.492
São Paulo Grand Prix,55.0,ANT,5.391
São Paulo Grand Prix,55.0,ALO,41.856
São Paulo Grand Prix,55.0,STR,52.428
São Paulo Grand Prix,55.0,TSU,59.728
São Paulo Grand Prix,55.0,ALB,30.551
São Paulo Grand Prix,55.0,HUL,23.588
São Paulo Grand Prix,55.0,LAW,17.59
São Paulo Grand Prix,55.0,OCO,38.313
São Paulo Grand Prix,55.0,NOR,0.0
São Paulo Grand Prix,55.0,COL,43.95
São Paulo Grand Prix,55.0,SAI,32.121
São Paulo Grand Prix,55.0,HAD,29.073
São Paulo Grand Prix,55.0,RUS,7.886
São Paulo Grand Prix,55.0,PIA,16.819
São Paulo Grand Prix,55.0,BEA,18.908
São Paulo Grand Prix,56.0,VER,12.592
São Paulo Grand Prix,56.0,GAS,30.639
São Paulo Grand Prix,56.0,ANT,5.57
São Paulo Grand Prix,56.0,ALO,42.682
São Paulo Grand Prix,56.0,STR,52.151
São Paulo Grand Prix,56.0,TSU,60.118
São Paulo Grand Prix,56.0,ALB,48.242
São Paulo Grand Prix,56.0,HUL,25.068
São Paulo Grand Prix,56.0,LAW,19.582
São Paulo Grand Prix,56.0,OCO,38.691
São Paulo Grand Prix,56.0,NOR,0.0
São Paulo Grand Prix,56.0,COL,44.599
São Paulo Grand Prix,56.0,SAI,33.082
São Paulo Grand Prix,56.0,HAD,29.922
São Paulo Grand Prix,56.0,RUS,7.981
São Paulo Grand Prix,56.0,PIA,16.301
São Paulo Grand Prix,56.0,BEA,19.74
São Paulo Grand Prix,57.0,VER,11.818
São Paulo Grand Prix,57.0,GAS,31.641
São Paulo Grand Prix,57.0,ANT,5.813
São Paulo Grand Prix,57.0,ALO,43.567
São Paulo Grand Prix,57.0,STR,52.215
São Paulo Grand Prix,57.0,TSU,60.608
São Paulo Grand Prix,57.0,ALB,47.395
São Paulo Grand Prix,57.0,HUL,26.395
São Paulo Grand Prix,57.0,LAW,22.357
São Paulo Grand Prix,57.0,OCO,39.258
São Paulo Grand Prix,57.0,NOR,0.0
São Paulo Grand Prix,57.0,COL,45.37
São Paulo Grand Prix,57.0,SAI,34.23
São Paulo Grand Prix,57.0,HAD,30.894
São Paulo Grand Prix,57.0,RUS,8.213
São Paulo Grand Prix,57.0,PIA,15.923
São Paulo Grand Prix,57.0,BEA,20.446
São Paulo Grand Prix,58.0,VER,11.434
São Paulo Grand Prix,58.0,GAS,32.702
São Paulo Grand Prix,58.0,ANT,6.072
São Paulo Grand Prix,58.0,ALO,44.487
São Paulo Grand Prix,58.0,STR,52.116
São Paulo Grand Prix,58.0,TSU,61.181
São Paulo Grand Prix,58.0,ALB,46.7
São Paulo Grand Prix,58.0,HUL,27.571
São Paulo Grand Prix,58.0,LAW,24.266
São Paulo Grand Prix,58.0,OCO,39.895
São Paulo Grand Prix,58.0,NOR,0.0
São Paulo Grand Prix,58.0,COL,45.987
São Paulo Grand Prix,58.0,SAI,35.45
São Paulo Grand Prix,58.0,HAD,32.058
São Paulo Grand Prix,58.0,RUS,8.61
São Paulo Grand Prix,58.0,PIA,15.662
São Paulo Grand Prix,58.0,BEA,21.459
São Paulo Grand Prix,59.0,VER,10.671
São Paulo Grand Prix,59.0,GAS,33.635
São Paulo Grand Prix,59.0,ANT,6.156
São Paulo Grand Prix,59.0,ALO,45.206
São Paulo Grand Prix,59.0,STR,51.945
São Paulo Grand Prix,59.0,TSU,61.555
São Paulo Grand Prix,59.0,ALB,45.504
São Paulo Grand Prix,59.0,HUL,28.653
São Paulo Grand Prix,59.0,LAW,25.865
São Paulo Grand Prix,59.0,OCO,40.174
São Paulo Grand Prix,59.0,NOR,0.0
São Paulo Grand Prix,59.0,COL,47.299
São Paulo Grand Prix,59.0,SAI,36.343
São Paulo Grand Prix,59.0,HAD,33.038
São Paulo Grand Prix,59.0,RUS,8.787
São Paulo Grand Prix,59.0,PIA,15.081
São Paulo Grand Prix,59.0,BEA,22.06
São Paulo Grand Prix,60.0,VER,10.357
São Paulo Grand Prix,60.0,GAS,34.82
São Paulo Grand Prix,60.0,ANT,6.465
São Paulo Grand Prix,60.0,ALO,46.719
São Paulo Grand Prix,60.0,STR,52.275
São Paulo Grand Prix,60.0,TSU,61.82
São Paulo Grand Prix,60.0,ALB,45.227
São Paulo Grand Prix,60.0,HUL,30.05
São Paulo Grand Prix,60.0,LAW,27.756
São Paulo Grand Prix,60.0,OCO,40.688
São Paulo Grand Prix,60.0,NOR,0.0
São Paulo Grand Prix,60.0,COL,48.27
São Paulo Grand Prix,60.0,SAI,37.308
São Paulo Grand Prix,60.0,HAD,34.227
São Paulo Grand Prix,60.0,RUS,8.998
São Paulo Grand Prix,60.0,PIA,14.818999999999999
São Paulo Grand Prix,60.0,BEA,22.614
São Paulo Grand Prix,61.0,VER,10.046
São Paulo Grand Prix,61.0,GAS,35.914
São Paulo Grand Prix,61.0,ANT,6.885
São Paulo Grand Prix,61.0,ALO,47.755
São Paulo Grand Prix,61.0,STR,52.319
São Paulo Grand Prix,61.0,TSU,62.369
São Paulo Grand Prix,61.0,ALB,45.109
São Paulo Grand Prix,61.0,HUL,31.384
São Paulo Grand Prix,61.0,LAW,29.812
São Paulo Grand Prix,61.0,OCO,41.019
São Paulo Grand Prix,61.0,NOR,0.0
São Paulo Grand Prix,61.0,COL,49.123
São Paulo Grand Prix,61.0,SAI,38.28
São Paulo Grand Prix,61.0,HAD,35.186
São Paulo Grand Prix,61.0,RUS,9.362
São Paulo Grand Prix,61.0,PIA,14.472
São Paulo Grand Prix,61.0,BEA,22.944
São Paulo Grand Prix,62.0,VER,9.653
São Paulo Grand Prix,62.0,GAS,36.534
São Paulo Grand Prix,62.0,ANT,7.051
São Paulo Grand Prix,62.0,ALO,47.933
São Paulo Grand Prix,62.0,STR,52.004
São Paulo Grand Prix,62.0,TSU,62.533
São Paulo Grand Prix,62.0,ALB,44.431
São Paulo Grand Prix,62.0,HUL,32.64
São Paulo Grand Prix,62.0,LAW,31.389
São Paulo Grand Prix,62.0,OCO,41.254
São Paulo Grand Prix,62.0,NOR,0.0
São Paulo Grand Prix,62.0,COL,49.467
São Paulo Grand Prix,62.0,SAI,38.899
São Paulo Grand Prix,62.0,HAD,35.813
São Paulo Grand Prix,62.0,RUS,9.435
São Paulo Grand Prix,62.0,PIA,13.858
São Paulo Grand Prix,62.0,BEA,23.23
São Paulo Grand Prix,63.0,VER,9.843
São Paulo Grand Prix,63.0,GAS,37.728
São Paulo Grand Prix,63.0,ANT,7.462
São Paulo Grand Prix,63.0,ALO,48.86
São Paulo Grand Prix,63.0,STR,52.308
São Paulo Grand Prix,63.0,TSU,63.143
São Paulo Grand Prix,63.0,ALB,44.565
São Paulo Grand Prix,63.0,HUL,34.006
São Paulo Grand Prix,63.0,LAW,33.332
São Paulo Grand Prix,63.0,OCO,42.094
São Paulo Grand Prix,63.0,NOR,0.0
São Paulo Grand Prix,63.0,COL,50.209
São Paulo Grand Prix,63.0,SAI,40.367
São Paulo Grand Prix,63.0,HAD,37.013
São Paulo Grand Prix,63.0,RUS,11.167
São Paulo Grand Prix,63.0,PIA,13.843
São Paulo Grand Prix,63.0,BEA,24.033
São Paulo Grand Prix,64.0,VER,9.882
São Paulo Grand Prix,64.0,GAS,38.722
São Paulo Grand Prix,64.0,ANT,7.725
São Paulo Grand Prix,64.0,ALO,49.774
São Paulo Grand Prix,64.0,STR,52.7
São Paulo Grand Prix,64.0,TSU,64.013
São Paulo Grand Prix,64.0,ALB,44.702
São Paulo Grand Prix,64.0,HUL,35.713
São Paulo Grand Prix,64.0,LAW,35.136
São Paulo Grand Prix,64.0,OCO,42.829
São Paulo Grand Prix,64.0,NOR,0.0
São Paulo Grand Prix,64.0,COL,51.004
São Paulo Grand Prix,64.0,SAI,41.606
São Paulo Grand Prix,64.0,HAD,38.134
São Paulo Grand Prix,64.0,RUS,11.95
São Paulo Grand Prix,64.0,PIA,13.76
São Paulo Grand Prix,64.0,BEA,24.376
São Paulo Grand Prix,65.0,VER,9.66
São Paulo Grand Prix,65.0,GAS,39.936
São Paulo Grand Prix,65.0,ANT,8.11
São Paulo Grand Prix,65.0,ALO,50.627
São Paulo Grand Prix,65.0,STR,52.757
São Paulo Grand Prix,65.0,TSU,64.766
São Paulo Grand Prix,65.0,ALB,45.205
São Paulo Grand Prix,65.0,HUL,37.48
São Paulo Grand Prix,65.0,LAW,37.175
São Paulo Grand Prix,65.0,OCO,43.39
São Paulo Grand Prix,65.0,NOR,0.0
São Paulo Grand Prix,65.0,COL,51.845
São Paulo Grand Prix,65.0,SAI,42.971
São Paulo Grand Prix,65.0,HAD,39.286
São Paulo Grand Prix,65.0,RUS,12.606
São Paulo Grand Prix,65.0,PIA,13.99
São Paulo Grand Prix,65.0,BEA,25.017
São Paulo Grand Prix,66.0,VER,10.089
São Paulo Grand Prix,66.0,GAS,41.958
São Paulo Grand Prix,66.0,ANT,8.856
São Paulo Grand Prix,66.0,ALO,52.096
São Paulo Grand Prix,66.0,STR,53.326
São Paulo Grand Prix,66.0,TSU,65.802
São Paulo Grand Prix,66.0,ALB,46.06
São Paulo Grand Prix,66.0,HUL,40.993
São Paulo Grand Prix,66.0,LAW,40.57
São Paulo Grand Prix,66.0,OCO,45.0
São Paulo Grand Prix,66.0,NOR,0.0
São Paulo Grand Prix,66.0,COL,52.808
São Paulo Grand Prix,66.0,SAI,44.739
São Paulo Grand Prix,66.0,HAD,41.469
São Paulo Grand Prix,66.0,RUS,13.541
São Paulo Grand Prix,66.0,PIA,14.743
São Paulo Grand Prix,66.0,BEA,25.951
São Paulo Grand Prix,67.0,VER,9.915
São Paulo Grand Prix,67.0,GAS,43.933
São Paulo Grand Prix,67.0,ANT,9.262
São Paulo Grand Prix,67.0,ALO,52.884
São Paulo Grand Prix,67.0,STR,53.864
São Paulo Grand Prix,67.0,TSU,66.185
São Paulo Grand Prix,67.0,ALB,46.889
São Paulo Grand Prix,67.0,HUL,42.901
São Paulo Grand Prix,67.0,LAW,42.488
São Paulo Grand Prix,67.0,OCO,45.85
São Paulo Grand Prix,67.0,NOR,0.0
São Paulo Grand Prix,67.0,COL,53.456
São Paulo Grand Prix,67.0,SAI,47.99
São Paulo Grand Prix,67.0,HAD,43.407
São Paulo Grand Prix,67.0,RUS,13.753
São Paulo Grand Prix,67.0,PIA,14.84
São Paulo Grand Prix,67.0,BEA,26.008
São Paulo Grand Prix,68.0,VER,10.04
São Paulo Grand Prix,68.0,GAS,45.925
São Paulo Grand Prix,68.0,ANT,9.365
São Paulo Grand Prix,68.0,ALO,53.379
São Paulo Grand Prix,68.0,STR,54.616
São Paulo Grand Prix,68.0,TSU,66.665
São Paulo Grand Prix,68.0,ALB,47.48
São Paulo Grand Prix,68.0,HUL,44.949
São Paulo Grand Prix,68.0,LAW,44.441
São Paulo Grand Prix,68.0,OCO,46.432
São Paulo Grand Prix,68.0,NOR,0.0
São Paulo Grand Prix,68.0,COL,54.155
São Paulo Grand Prix,68.0,SAI,49.697
São Paulo Grand Prix,68.0,HAD,45.274
São Paulo Grand Prix,68.0,RUS,14.391
São Paulo Grand Prix,68.0,PIA,15.09
São Paulo Grand Prix,68.0,BEA,26.549
São Paulo Grand Prix,69.0,VER,10.215
São Paulo Grand Prix,69.0,GAS,47.946
São Paulo Grand Prix,69.0,ANT,9.682
São Paulo Grand Prix,69.0,ALO,54.149
São Paulo Grand Prix,69.0,STR,55.591
São Paulo Grand Prix,69.0,TSU,67.501
São Paulo Grand Prix,69.0,ALB,48.623
São Paulo Grand Prix,69.0,HUL,47.185
São Paulo Grand Prix,69.0,LAW,46.728
São Paulo Grand Prix,69.0,OCO,48.249
São Paulo Grand Prix,69.0,NOR,0.0
São Paulo Grand Prix,69.0,COL,55.145
São Paulo Grand Prix,69.0,SAI,51.687
São Paulo Grand Prix,69.0,HAD,47.341
São Paulo Grand Prix,69.0,RUS,14.611
São Paulo Grand Prix,69.0,PIA,15.135
São Paulo Grand Prix,69.0,BEA,27.065
São Paulo Grand Prix,70.0,VER,10.488
São Paulo Grand Prix,70.0,GAS,50.322
São Paulo Grand Prix,70.0,ANT,9.848
São Paulo Grand Prix,70.0,ALO,54.749
São Paulo Grand Prix,70.0,STR,56.778
São Paulo Grand Prix,70.0,TSU,68.199
São Paulo Grand Prix,70.0,ALB,50.638
São Paulo Grand Prix,70.0,HUL,50.007
São Paulo Grand Prix,70.0,LAW,48.976
São Paulo Grand Prix,70.0,OCO,51.069
São Paulo Grand Prix,70.0,NOR,0.0
São Paulo Grand Prix,70.0,COL,56.357
São Paulo Grand Prix,70.0,SAI,53.165
São Paulo Grand Prix,70.0,HAD,49.192
São Paulo Grand Prix,70.0,RUS,14.803
São Paulo Grand Prix,70.0,PIA,15.27
São Paulo Grand Prix,70.0,BEA,27.815
São Paulo Grand Prix,71.0,VER,10.75
São Paulo Grand Prix,71.0,GAS,53.914
São Paulo Grand Prix,71.0,ANT,10.388
São Paulo Grand Prix,71.0,ALO,55.766
São Paulo Grand Prix,71.0,STR,58.337
São Paulo Grand Prix,71.0,TSU,69.176
São Paulo Grand Prix,71.0,ALB,54.184
São Paulo Grand Prix,71.0,HUL,53.324
São Paulo Grand Prix,71.0,LAW,52.642
São Paulo Grand Prix,71.0,OCO,54.696
São Paulo Grand Prix,71.0,NOR,0.0
São Paulo Grand Prix,71.0,COL,57.777
São Paulo Grand Prix,71.0,SAI,55.42
São Paulo Grand Prix,71.0,HAD,52.873
São Paulo Grand Prix,71.0,RUS,15.267
São Paulo Grand Prix,71.0,PIA,15.749
São Paulo Grand Prix,71.0,BEA,29.63
Las Vegas Grand Prix,1.0,VER,0.0
Las Vegas Grand Prix,1.0,RUS,1.013
Las Vegas Grand Prix,1.0,ANT,8.986
Las Vegas Grand Prix,1.0,LEC,6.29
Las Vegas Grand Prix,1.0,SAI,2.762
Las Vegas Grand Prix,1.0,HAD,3.398
Las Vegas Grand Prix,1.0,HUL,6.9399999999999995
Las Vegas Grand Prix,1.0,HAM,8.062
Las Vegas Grand Prix,1.0,OCO,7.7379999999999995
Las Vegas Grand Prix,1.0,BEA,5.445
Las Vegas Grand Prix,1.0,ALO,6.649
Las Vegas Grand Prix,1.0,TSU,15.636
Las Vegas Grand Prix,1.0,GAS,13.47
Las Vegas Grand Prix,1.0,LAW,4.082
Las Vegas Grand Prix,1.0,COL,10.655
Las Vegas Grand Prix,1.0,ALB,9.907
Las Vegas Grand Prix,1.0,BOR,28.484
Las Vegas Grand Prix,1.0,STR,0.0
Las Vegas Grand Prix,1.0,NOR,2.103
Las Vegas Grand Prix,1.0,PIA,4.715
Las Vegas Grand Prix,2.0,VER,0.0
Las Vegas Grand Prix,2.0,RUS,2.642
Las Vegas Grand Prix,2.0,ANT,23.937
Las Vegas Grand Prix,2.0,LEC,13.104
Las Vegas Grand Prix,2.0,SAI,5.564
Las Vegas Grand Prix,2.0,HAD,7.449
Las Vegas Grand Prix,2.0,HUL,16.554
Las Vegas Grand Prix,2.0,HAM,19.016
Las Vegas Grand Prix,2.0,OCO,18.169
Las Vegas Grand Prix,2.0,BEA,11.374
Las Vegas Grand Prix,2.0,ALO,16.171
Las Vegas Grand Prix,2.0,TSU,45.711
Las Vegas Grand Prix,2.0,GAS,34.334
Las Vegas Grand Prix,2.0,LAW,33.837
Las Vegas Grand Prix,2.0,COL,25.643
Las Vegas Grand Prix,2.0,ALB,21.589
Las Vegas Grand Prix,2.0,BOR,82.472
Las Vegas Grand Prix,2.0,NOR,4.537
Las Vegas Grand Prix,2.0,PIA,8.238
Las Vegas Grand Prix,3.0,VER,0.0
Las Vegas Grand Prix,3.0,RUS,1.63
Las Vegas Grand Prix,3.0,ANT,28.508
Las Vegas Grand Prix,3.0,LEC,11.083
Las Vegas Grand Prix,3.0,SAI,4.604
Las Vegas Grand Prix,3.0,HAD,5.858
Las Vegas Grand Prix,3.0,HUL,12.693999999999999
Las Vegas Grand Prix,3.0,HAM,14.663
Las Vegas Grand Prix,3.0,OCO,13.83
Las Vegas Grand Prix,3.0,BEA,10.463
Las Vegas Grand Prix,3.0,ALO,12.132
Las Vegas Grand Prix,3.0,TSU,38.559
Las Vegas Grand Prix,3.0,GAS,39.257
Las Vegas Grand Prix,3.0,LAW,40.632
Las Vegas Grand Prix,3.0,COL,17.735
Las Vegas Grand Prix,3.0,ALB,15.558
Las Vegas Grand Prix,3.0,NOR,3.7199999999999998
Las Vegas Grand Prix,3.0,PIA,8.267
Las Vegas Grand Prix,4.0,VER,0.0
Las Vegas Grand Prix,4.0,RUS,1.091
Las Vegas Grand Prix,4.0,ANT,25.346
Las Vegas Grand Prix,4.0,LEC,8.226
Las Vegas Grand Prix,4.0,SAI,3.675
Las Vegas Grand Prix,4.0,HAD,4.726
Las Vegas Grand Prix,4.0,HUL,9.88
Las Vegas Grand Prix,4.0,HAM,13.518
Las Vegas Grand Prix,4.0,OCO,11.578
Las Vegas Grand Prix,4.0,BEA,7.55
Las Vegas Grand Prix,4.0,ALO,9.138
Las Vegas Grand Prix,4.0,TSU,35.187
Las Vegas Grand Prix,4.0,GAS,36.131
Las Vegas Grand Prix,4.0,LAW,37.7
Las Vegas Grand Prix,4.0,COL,16.473
Las Vegas Grand Prix,4.0,ALB,13.737
Las Vegas Grand Prix,4.0,NOR,2.622
Las Vegas Grand Prix,4.0,PIA,6.377
Las Vegas Grand Prix,5.0,VER,0.0
Las Vegas Grand Prix,5.0,RUS,0.579
Las Vegas Grand Prix,5.0,ANT,25.866
Las Vegas Grand Prix,5.0,LEC,8.882
Las Vegas Grand Prix,5.0,SAI,4.045
Las Vegas Grand Prix,5.0,HAD,4.951
Las Vegas Grand Prix,5.0,HUL,10.741
Las Vegas Grand Prix,5.0,HAM,13.765
Las Vegas Grand Prix,5.0,OCO,12.292
Las Vegas Grand Prix,5.0,BEA,9.489
Las Vegas Grand Prix,5.0,ALO,10.025
Las Vegas Grand Prix,5.0,TSU,35.664
Las Vegas Grand Prix,5.0,GAS,36.908
Las Vegas Grand Prix,5.0,LAW,38.417
Las Vegas Grand Prix,5.0,COL,18.3
Las Vegas Grand Prix,5.0,ALB,15.013
Las Vegas Grand Prix,5.0,NOR,2.692
Las Vegas Grand Prix,5.0,PIA,6.584
Las Vegas Grand Prix,6.0,VER,0.0
Las Vegas Grand Prix,6.0,RUS,0.448
Las Vegas Grand Prix,6.0,ANT,26.485
Las Vegas Grand Prix,6.0,LEC,10.012
Las Vegas Grand Prix,6.0,SAI,5.028
Las Vegas Grand Prix,6.0,HAD,5.922
Las Vegas Grand Prix,6.0,HUL,12.879
Las Vegas Grand Prix,6.0,HAM,14.697
Las Vegas Grand Prix,6.0,OCO,14.052
Las Vegas Grand Prix,6.0,BEA,11.224
Las Vegas Grand Prix,6.0,ALO,12.048
Las Vegas Grand Prix,6.0,TSU,37.06
Las Vegas Grand Prix,6.0,GAS,38.397
Las Vegas Grand Prix,6.0,LAW,39.905
Las Vegas Grand Prix,6.0,COL,20.727
Las Vegas Grand Prix,6.0,ALB,16.033
Las Vegas Grand Prix,6.0,NOR,3.063
Las Vegas Grand Prix,6.0,PIA,7.614
Las Vegas Grand Prix,7.0,VER,0.0
Las Vegas Grand Prix,7.0,RUS,0.59
Las Vegas Grand Prix,7.0,ANT,27.043
Las Vegas Grand Prix,7.0,LEC,10.557
Las Vegas Grand Prix,7.0,SAI,5.811
Las Vegas Grand Prix,7.0,HAD,6.671
Las Vegas Grand Prix,7.0,HUL,14.881
Las Vegas Grand Prix,7.0,HAM,15.877
Las Vegas Grand Prix,7.0,OCO,15.577
Las Vegas Grand Prix,7.0,BEA,13.111
Las Vegas Grand Prix,7.0,ALO,13.469
Las Vegas Grand Prix,7.0,TSU,38.163
Las Vegas Grand Prix,7.0,GAS,39.677
Las Vegas Grand Prix,7.0,LAW,41.258
Las Vegas Grand Prix,7.0,COL,22.901
Las Vegas Grand Prix,7.0,ALB,16.919
Las Vegas Grand Prix,7.0,NOR,3.457
Las Vegas Grand Prix,7.0,PIA,8.329
Las Vegas Grand Prix,8.0,VER,0.0
Las Vegas Grand Prix,8.0,RUS,0.914
Las Vegas Grand Prix,8.0,ANT,26.855
Las Vegas Grand Prix,8.0,LEC,10.583
Las Vegas Grand Prix,8.0,SAI,6.31
Las Vegas Grand Prix,8.0,HAD,7.081
Las Vegas Grand Prix,8.0,HUL,15.795
Las Vegas Grand Prix,8.0,HAM,17.209
Las Vegas Grand Prix,8.0,OCO,16.725
Las Vegas Grand Prix,8.0,BEA,14.229
Las Vegas Grand Prix,8.0,ALO,15.127
Las Vegas Grand Prix,8.0,TSU,38.864
Las Vegas Grand Prix,8.0,GAS,41.008
Las Vegas Grand Prix,8.0,LAW,42.482
Las Vegas Grand Prix,8.0,COL,25.142
Las Vegas Grand Prix,8.0,ALB,18.074
Las Vegas Grand Prix,8.0,NOR,3.8209999999999997
Las Vegas Grand Prix,8.0,PIA,8.468
Las Vegas Grand Prix,9.0,VER,0.0
Las Vegas Grand Prix,9.0,RUS,1.355
Las Vegas Grand Prix,9.0,ANT,27.855
Las Vegas Grand Prix,9.0,LEC,10.859
Las Vegas Grand Prix,9.0,SAI,7.079
Las Vegas Grand Prix,9.0,HAD,7.964
Las Vegas Grand Prix,9.0,HUL,17.46
Las Vegas Grand Prix,9.0,HAM,19.146
Las Vegas Grand Prix,9.0,OCO,18.439
Las Vegas Grand Prix,9.0,BEA,15.623
Las Vegas Grand Prix,9.0,ALO,16.433
Las Vegas Grand Prix,9.0,TSU,39.495
Las Vegas Grand Prix,9.0,GAS,42.135
Las Vegas Grand Prix,9.0,LAW,43.753
Las Vegas Grand Prix,9.0,COL,27.285
Las Vegas Grand Prix,9.0,ALB,19.331
Las Vegas Grand Prix,9.0,NOR,4.358
Las Vegas Grand Prix,9.0,PIA,9.702
Las Vegas Grand Prix,10.0,VER,0.0
Las Vegas Grand Prix,10.0,RUS,1.259
Las Vegas Grand Prix,10.0,ANT,28.648
Las Vegas Grand Prix,10.0,LEC,10.684
Las Vegas Grand Prix,10.0,SAI,7.545
Las Vegas Grand Prix,10.0,HAD,8.317
Las Vegas Grand Prix,10.0,HUL,17.995
Las Vegas Grand Prix,10.0,HAM,19.619
Las Vegas Grand Prix,10.0,OCO,18.864
Las Vegas Grand Prix,10.0,BEA,16.202
Las Vegas Grand Prix,10.0,ALO,17.1
Las Vegas Grand Prix,10.0,TSU,39.557
Las Vegas Grand Prix,10.0,GAS,42.701
Las Vegas Grand Prix,10.0,LAW,44.023
Las Vegas Grand Prix,10.0,COL,29.249
Las Vegas Grand Prix,10.0,ALB,20.432
Las Vegas Grand Prix,10.0,NOR,3.898
Las Vegas Grand Prix,10.0,PIA,9.637
Las Vegas Grand Prix,11.0,VER,0.0
Las Vegas Grand Prix,11.0,RUS,1.641
Las Vegas Grand Prix,11.0,ANT,29.116
Las Vegas Grand Prix,11.0,LEC,11.09
Las Vegas Grand Prix,11.0,SAI,8.152
Las Vegas Grand Prix,11.0,HAD,9.336
Las Vegas Grand Prix,11.0,HUL,18.955
Las Vegas Grand Prix,11.0,HAM,20.412
Las Vegas Grand Prix,11.0,OCO,20.23
Las Vegas Grand Prix,11.0,BEA,16.971
Las Vegas Grand Prix,11.0,ALO,18.061
Las Vegas Grand Prix,11.0,TSU,40.045
Las Vegas Grand Prix,11.0,GAS,43.637
Las Vegas Grand Prix,11.0,LAW,44.705
Las Vegas Grand Prix,11.0,COL,31.347
Las Vegas Grand Prix,11.0,ALB,21.365
Las Vegas Grand Prix,11.0,NOR,3.823
Las Vegas Grand Prix,11.0,PIA,9.922
Las Vegas Grand Prix,12.0,VER,0.0
Las Vegas Grand Prix,12.0,RUS,1.552
Las Vegas Grand Prix,12.0,ANT,28.956
Las Vegas Grand Prix,12.0,LEC,11.154
Las Vegas Grand Prix,12.0,SAI,8.683
Las Vegas Grand Prix,12.0,HAD,10.733
Las Vegas Grand Prix,12.0,HUL,19.753
Las Vegas Grand Prix,12.0,HAM,21.332
Las Vegas Grand Prix,12.0,OCO,21.142
Las Vegas Grand Prix,12.0,BEA,17.715
Las Vegas Grand Prix,12.0,ALO,18.98
Las Vegas Grand Prix,12.0,TSU,40.026
Las Vegas Grand Prix,12.0,GAS,44.344
Las Vegas Grand Prix,12.0,LAW,45.349
Las Vegas Grand Prix,12.0,COL,33.296
Las Vegas Grand Prix,12.0,ALB,22.24
Las Vegas Grand Prix,12.0,NOR,3.634
Las Vegas Grand Prix,12.0,PIA,11.916
Las Vegas Grand Prix,13.0,VER,0.0
Las Vegas Grand Prix,13.0,RUS,1.634
Las Vegas Grand Prix,13.0,ANT,28.723
Las Vegas Grand Prix,13.0,LEC,12.326
Las Vegas Grand Prix,13.0,SAI,9.663
Las Vegas Grand Prix,13.0,HAD,12.813
Las Vegas Grand Prix,13.0,HUL,21.084
Las Vegas Grand Prix,13.0,HAM,24.664
Las Vegas Grand Prix,13.0,OCO,22.541
Las Vegas Grand Prix,13.0,BEA,19.016
Las Vegas Grand Prix,13.0,ALO,20.469
Las Vegas Grand Prix,13.0,TSU,40.567
Las Vegas Grand Prix,13.0,GAS,45.725
Las Vegas Grand Prix,13.0,LAW,46.321
Las Vegas Grand Prix,13.0,COL,35.491
Las Vegas Grand Prix,13.0,ALB,29.931
Las Vegas Grand Prix,13.0,NOR,3.831
Las Vegas Grand Prix,13.0,PIA,13.105
Las Vegas Grand Prix,14.0,VER,0.0
Las Vegas Grand Prix,14.0,RUS,1.698
Las Vegas Grand Prix,14.0,ANT,28.785
Las Vegas Grand Prix,14.0,LEC,12.951
Las Vegas Grand Prix,14.0,SAI,10.451
Las Vegas Grand Prix,14.0,HAD,14.085
Las Vegas Grand Prix,14.0,HUL,22.383
Las Vegas Grand Prix,14.0,HAM,25.586
Las Vegas Grand Prix,14.0,OCO,24.01
Las Vegas Grand Prix,14.0,BEA,20.372
Las Vegas Grand Prix,14.0,ALO,21.887
Las Vegas Grand Prix,14.0,TSU,41.107
Las Vegas Grand Prix,14.0,GAS,46.794
Las Vegas Grand Prix,14.0,LAW,47.323
Las Vegas Grand Prix,14.0,COL,37.333
Las Vegas Grand Prix,14.0,ALB,56.326
Las Vegas Grand Prix,14.0,NOR,3.584
Las Vegas Grand Prix,14.0,PIA,14.475
Las Vegas Grand Prix,15.0,VER,0.0
Las Vegas Grand Prix,15.0,RUS,1.7349999999999999
Las Vegas Grand Prix,15.0,ANT,29.636
Las Vegas Grand Prix,15.0,LEC,12.998
Las Vegas Grand Prix,15.0,SAI,10.96
Las Vegas Grand Prix,15.0,HAD,15.044
Las Vegas Grand Prix,15.0,HUL,23.765
Las Vegas Grand Prix,15.0,HAM,26.194
Las Vegas Grand Prix,15.0,OCO,25.255
Las Vegas Grand Prix,15.0,BEA,21.46
Las Vegas Grand Prix,15.0,ALO,23.292
Las Vegas Grand Prix,15.0,TSU,48.843
Las Vegas Grand Prix,15.0,GAS,56.59
Las Vegas Grand Prix,15.0,LAW,59.176
Las Vegas Grand Prix,15.0,COL,45.261
Las Vegas Grand Prix,15.0,ALB,103.504
Las Vegas Grand Prix,15.0,NOR,3.3449999999999998
Las Vegas Grand Prix,15.0,PIA,15.248
Las Vegas Grand Prix,16.0,VER,0.0
Las Vegas Grand Prix,16.0,RUS,2.372
Las Vegas Grand Prix,16.0,ANT,30.094
Las Vegas Grand Prix,16.0,LEC,14.431
Las Vegas Grand Prix,16.0,SAI,11.716
Las Vegas Grand Prix,16.0,HAD,16.548000000000002
Las Vegas Grand Prix,16.0,HUL,24.12
Las Vegas Grand Prix,16.0,HAM,26.061
Las Vegas Grand Prix,16.0,OCO,25.027
Las Vegas Grand Prix,16.0,BEA,23.05
Las Vegas Grand Prix,16.0,ALO,28.538
Las Vegas Grand Prix,16.0,TSU,42.127
Las Vegas Grand Prix,16.0,GAS,47.504
Las Vegas Grand Prix,16.0,LAW,49.327
Las Vegas Grand Prix,16.0,COL,39.567
Las Vegas Grand Prix,16.0,ALB,82.645
Las Vegas Grand Prix,16.0,NOR,3.5460000000000003
Las Vegas Grand Prix,16.0,PIA,16.085
Las Vegas Grand Prix,17.0,VER,0.0
Las Vegas Grand Prix,17.0,RUS,6.264
Las Vegas Grand Prix,17.0,ANT,30.557
Las Vegas Grand Prix,17.0,LEC,14.703
Las Vegas Grand Prix,17.0,SAI,11.927
Las Vegas Grand Prix,17.0,HAD,17.846
Las Vegas Grand Prix,17.0,HUL,24.362
Las Vegas Grand Prix,17.0,HAM,26.353
Las Vegas Grand Prix,17.0,OCO,25.598
Las Vegas Grand Prix,17.0,BEA,29.725
Las Vegas Grand Prix,17.0,ALO,44.338
Las Vegas Grand Prix,17.0,TSU,42.628
Las Vegas Grand Prix,17.0,GAS,48.239
Las Vegas Grand Prix,17.0,LAW,50.071
Las Vegas Grand Prix,17.0,COL,41.37
Las Vegas Grand Prix,17.0,ALB,82.914
Las Vegas Grand Prix,17.0,NOR,3.113
Las Vegas Grand Prix,17.0,PIA,16.285
Las Vegas Grand Prix,18.0,VER,0.0
Las Vegas Grand Prix,18.0,RUS,21.959
Las Vegas Grand Prix,18.0,ANT,30.668
Las Vegas Grand Prix,18.0,LEC,15.071
Las Vegas Grand Prix,18.0,SAI,12.787
Las Vegas Grand Prix,18.0,HAD,19.37
Las Vegas Grand Prix,18.0,HUL,25.03
Las Vegas Grand Prix,18.0,HAM,27.137
Las Vegas Grand Prix,18.0,OCO,26.731
Las Vegas Grand Prix,18.0,BEA,47.572
Las Vegas Grand Prix,18.0,ALO,45.401
Las Vegas Grand Prix,18.0,TSU,43.826
Las Vegas Grand Prix,18.0,GAS,49.24
Las Vegas Grand Prix,18.0,LAW,51.034
Las Vegas Grand Prix,18.0,COL,42.916
Las Vegas Grand Prix,18.0,ALB,83.13
Las Vegas Grand Prix,18.0,NOR,2.847
Las Vegas Grand Prix,18.0,PIA,16.71
Las Vegas Grand Prix,19.0,VER,0.0
Las Vegas Grand Prix,19.0,RUS,21.968
Las Vegas Grand Prix,19.0,ANT,30.49
Las Vegas Grand Prix,19.0,LEC,15.734
Las Vegas Grand Prix,19.0,SAI,13.68
Las Vegas Grand Prix,19.0,HAD,20.609
Las Vegas Grand Prix,19.0,HUL,25.968
Las Vegas Grand Prix,19.0,HAM,28.033
Las Vegas Grand Prix,19.0,OCO,27.836
Las Vegas Grand Prix,19.0,BEA,48.358
Las Vegas Grand Prix,19.0,ALO,46.369
Las Vegas Grand Prix,19.0,TSU,45.244
Las Vegas Grand Prix,19.0,GAS,50.341
Las Vegas Grand Prix,19.0,LAW,52.284
Las Vegas Grand Prix,19.0,COL,44.328
Las Vegas Grand Prix,19.0,ALB,83.217
Las Vegas Grand Prix,19.0,NOR,2.7560000000000002
Las Vegas Grand Prix,19.0,PIA,17.276
Las Vegas Grand Prix,20.0,VER,0.0
Las Vegas Grand Prix,20.0,RUS,21.943
Las Vegas Grand Prix,20.0,ANT,30.92
Las Vegas Grand Prix,20.0,LEC,16.605
Las Vegas Grand Prix,20.0,SAI,15.113
Las Vegas Grand Prix,20.0,HAD,27.27
Las Vegas Grand Prix,20.0,HUL,26.626
Las Vegas Grand Prix,20.0,HAM,28.985
Las Vegas Grand Prix,20.0,OCO,29.562
Las Vegas Grand Prix,20.0,BEA,49.452
Las Vegas Grand Prix,20.0,ALO,47.569
Las Vegas Grand Prix,20.0,TSU,46.134
Las Vegas Grand Prix,20.0,GAS,51.423
Las Vegas Grand Prix,20.0,LAW,53.241
Las Vegas Grand Prix,20.0,COL,45.518
Las Vegas Grand Prix,20.0,ALB,83.124
Las Vegas Grand Prix,20.0,NOR,2.68
Las Vegas Grand Prix,20.0,PIA,18.227
Las Vegas Grand Prix,21.0,VER,0.0
Las Vegas Grand Prix,21.0,RUS,22.109
Las Vegas Grand Prix,21.0,ANT,31.776
Las Vegas Grand Prix,21.0,LEC,17.285
Las Vegas Grand Prix,21.0,SAI,16.722
Las Vegas Grand Prix,21.0,HAD,44.265
Las Vegas Grand Prix,21.0,HUL,27.746
Las Vegas Grand Prix,21.0,HAM,29.548000000000002
Las Vegas Grand Prix,21.0,OCO,31.158
Las Vegas Grand Prix,21.0,BEA,50.539
Las Vegas Grand Prix,21.0,ALO,49.041
Las Vegas Grand Prix,21.0,TSU,48.108
Las Vegas Grand Prix,21.0,GAS,53.019
Las Vegas Grand Prix,21.0,LAW,54.513
Las Vegas Grand Prix,21.0,COL,47.923
Las Vegas Grand Prix,21.0,ALB,83.184
Las Vegas Grand Prix,21.0,NOR,3.426
Las Vegas Grand Prix,21.0,PIA,23.335
Las Vegas Grand Prix,22.0,VER,0.0
Las Vegas Grand Prix,22.0,RUS,22.365
Las Vegas Grand Prix,22.0,ANT,32.424
Las Vegas Grand Prix,22.0,LEC,19.503
Las Vegas Grand Prix,22.0,SAI,23.353
Las Vegas Grand Prix,22.0,HAD,44.883
Las Vegas Grand Prix,22.0,HUL,28.137
Las Vegas Grand Prix,22.0,HAM,29.85
Las Vegas Grand Prix,22.0,OCO,31.906
Las Vegas Grand Prix,22.0,BEA,51.642
Las Vegas Grand Prix,22.0,ALO,49.86
Las Vegas Grand Prix,22.0,TSU,51.053
Las Vegas Grand Prix,22.0,GAS,54.15
Las Vegas Grand Prix,22.0,LAW,55.772
Las Vegas Grand Prix,22.0,COL,50.355
Las Vegas Grand Prix,22.0,ALB,83.07
Las Vegas Grand Prix,22.0,NOR,8.778
Las Vegas Grand Prix,22.0,PIA,38.838
Las Vegas Grand Prix,23.0,VER,0.0
Las Vegas Grand Prix,23.0,RUS,22.046
Las Vegas Grand Prix,23.0,ANT,32.747
Las Vegas Grand Prix,23.0,LEC,20.245
Las Vegas Grand Prix,23.0,SAI,40.577
Las Vegas Grand Prix,23.0,HAD,45.031
Las Vegas Grand Prix,23.0,HUL,28.287
Las Vegas Grand Prix,23.0,HAM,29.772
Las Vegas Grand Prix,23.0,OCO,32.182
Las Vegas Grand Prix,23.0,BEA,52.903
Las Vegas Grand Prix,23.0,ALO,51.142
Las Vegas Grand Prix,23.0,TSU,53.309
Las Vegas Grand Prix,23.0,GAS,55.333
Las Vegas Grand Prix,23.0,LAW,56.811
Las Vegas Grand Prix,23.0,COL,52.146
Las Vegas Grand Prix,23.0,ALB,82.596
Las Vegas Grand Prix,23.0,NOR,24.724
Las Vegas Grand Prix,23.0,PIA,38.801
Las Vegas Grand Prix,24.0,VER,0.0
Las Vegas Grand Prix,24.0,RUS,21.966
Las Vegas Grand Prix,24.0,ANT,33.121
Las Vegas Grand Prix,24.0,LEC,25.253
Las Vegas Grand Prix,24.0,SAI,40.692
Las Vegas Grand Prix,24.0,HAD,45.349
Las Vegas Grand Prix,24.0,HUL,28.372
Las Vegas Grand Prix,24.0,HAM,29.951999999999998
Las Vegas Grand Prix,24.0,OCO,33.646
Las Vegas Grand Prix,24.0,BEA,54.034
Las Vegas Grand Prix,24.0,ALO,52.021
Las Vegas Grand Prix,24.0,TSU,54.936
Las Vegas Grand Prix,24.0,GAS,56.788
Las Vegas Grand Prix,24.0,LAW,58.146
Las Vegas Grand Prix,24.0,COL,54.4
Las Vegas Grand Prix,24.0,ALB,82.242
Las Vegas Grand Prix,24.0,NOR,24.777
Las Vegas Grand Prix,24.0,PIA,39.112
Las Vegas Grand Prix,25.0,VER,0.0
Las Vegas Grand Prix,25.0,RUS,16.996
Las Vegas Grand Prix,25.0,ANT,28.376
Las Vegas Grand Prix,25.0,LEC,36.503
Las Vegas Grand Prix,25.0,SAI,37.315
Las Vegas Grand Prix,25.0,HAD,41.182
Las Vegas Grand Prix,25.0,HUL,23.971
Las Vegas Grand Prix,25.0,HAM,25.421
Las Vegas Grand Prix,25.0,OCO,30.602
Las Vegas Grand Prix,25.0,BEA,50.078
Las Vegas Grand Prix,25.0,ALO,48.15
Las Vegas Grand Prix,25.0,TSU,52.125
Las Vegas Grand Prix,25.0,GAS,53.564
Las Vegas Grand Prix,25.0,LAW,54.948
Las Vegas Grand Prix,25.0,COL,56.222
Las Vegas Grand Prix,25.0,ALB,77.234
Las Vegas Grand Prix,25.0,NOR,20.226
Las Vegas Grand Prix,25.0,PIA,34.246
Las Vegas Grand Prix,26.0,VER,0.0
Las Vegas Grand Prix,26.0,RUS,1.28
Las Vegas Grand Prix,26.0,ANT,12.523
Las Vegas Grand Prix,26.0,LEC,20.871
Las Vegas Grand Prix,26.0,SAI,21.768
Las Vegas Grand Prix,26.0,HAD,25.781
Las Vegas Grand Prix,26.0,HUL,8.984
Las Vegas Grand Prix,26.0,HAM,10.151
Las Vegas Grand Prix,26.0,OCO,16.329
Las Vegas Grand Prix,26.0,BEA,34.798
Las Vegas Grand Prix,26.0,ALO,33.268
Las Vegas Grand Prix,26.0,TSU,37.917
Las Vegas Grand Prix,26.0,GAS,39.612
Las Vegas Grand Prix,26.0,LAW,40.706
Las Vegas Grand Prix,26.0,COL,60.047
Las Vegas Grand Prix,26.0,ALB,61.245
Las Vegas Grand Prix,26.0,NOR,4.656
Las Vegas Grand Prix,26.0,PIA,18.299
Las Vegas Grand Prix,27.0,VER,0.0
Las Vegas Grand Prix,27.0,RUS,1.619
Las Vegas Grand Prix,27.0,ANT,12.796
Las Vegas Grand Prix,27.0,LEC,21.138
Las Vegas Grand Prix,27.0,SAI,22.242
Las Vegas Grand Prix,27.0,HAD,26.465
Las Vegas Grand Prix,27.0,HUL,10.187
Las Vegas Grand Prix,27.0,HAM,11.31
Las Vegas Grand Prix,27.0,OCO,23.278
Las Vegas Grand Prix,27.0,BEA,35.801
Las Vegas Grand Prix,27.0,ALO,34.493
Las Vegas Grand Prix,27.0,TSU,44.244
Las Vegas Grand Prix,27.0,GAS,41.631
Las Vegas Grand Prix,27.0,LAW,43.303
Las Vegas Grand Prix,27.0,COL,61.287
Las Vegas Grand Prix,27.0,ALB,61.551
Las Vegas Grand Prix,27.0,NOR,5.264
Las Vegas Grand Prix,27.0,PIA,18.804
Las Vegas Grand Prix,28.0,VER,0.0
Las Vegas Grand Prix,28.0,RUS,1.7730000000000001
Las Vegas Grand Prix,28.0,ANT,13.262
Las Vegas Grand Prix,28.0,LEC,21.313
Las Vegas Grand Prix,28.0,SAI,22.465
Las Vegas Grand Prix,28.0,HAD,27.01
Las Vegas Grand Prix,28.0,HUL,11.274000000000001
Las Vegas Grand Prix,28.0,HAM,12.075
Las Vegas Grand Prix,28.0,OCO,41.32
Las Vegas Grand Prix,28.0,BEA,36.534
Las Vegas Grand Prix,28.0,ALO,35.61
Las Vegas Grand Prix,28.0,TSU,60.59
Las Vegas Grand Prix,28.0,GAS,43.246
Las Vegas Grand Prix,28.0,LAW,50.305
Las Vegas Grand Prix,28.0,COL,62.137
Las Vegas Grand Prix,28.0,ALB,62.504
Las Vegas Grand Prix,28.0,NOR,5.41
Las Vegas Grand Prix,28.0,PIA,18.649
Las Vegas Grand Prix,29.0,VER,0.0
Las Vegas Grand Prix,29.0,RUS,2.334
Las Vegas Grand Prix,29.0,ANT,14.64
Las Vegas Grand Prix,29.0,LEC,21.241
Las Vegas Grand Prix,29.0,SAI,22.98
Las Vegas Grand Prix,29.0,HAD,27.467
Las Vegas Grand Prix,29.0,HUL,12.668
Las Vegas Grand Prix,29.0,HAM,17.575
Las Vegas Grand Prix,29.0,OCO,41.61
Las Vegas Grand Prix,29.0,BEA,37.296
Las Vegas Grand Prix,29.0,ALO,36.783
Las Vegas Grand Prix,29.0,TSU,60.944
Las Vegas Grand Prix,29.0,GAS,45.228
Las Vegas Grand Prix,29.0,LAW,69.288
Las Vegas Grand Prix,29.0,COL,63.558
Las Vegas Grand Prix,29.0,ALB,63.879
Las Vegas Grand Prix,29.0,NOR,5.339
Las Vegas Grand Prix,29.0,PIA,18.765
Las Vegas Grand Prix,30.0,VER,0.0
Las Vegas Grand Prix,30.0,RUS,2.683
Las Vegas Grand Prix,30.0,ANT,15.157
Las Vegas Grand Prix,30.0,LEC,21.145
Las Vegas Grand Prix,30.0,SAI,23.021
Las Vegas Grand Prix,30.0,HAD,27.729
Las Vegas Grand Prix,30.0,HUL,18.353
Las Vegas Grand Prix,30.0,HAM,38.563
Las Vegas Grand Prix,30.0,OCO,41.765
Las Vegas Grand Prix,30.0,BEA,39.223
Las Vegas Grand Prix,30.0,ALO,38.764
Las Vegas Grand Prix,30.0,TSU,61.726
Las Vegas Grand Prix,30.0,GAS,47.127
Las Vegas Grand Prix,30.0,LAW,70.468
Las Vegas Grand Prix,30.0,COL,64.838
Las Vegas Grand Prix,30.0,ALB,65.212
Las Vegas Grand Prix,30.0,NOR,5.315
Las Vegas Grand Prix,30.0,PIA,18.562
Las Vegas Grand Prix,31.0,VER,0.0
Las Vegas Grand Prix,31.0,RUS,3.129
Las Vegas Grand Prix,31.0,ANT,16.004
Las Vegas Grand Prix,31.0,LEC,21.014
Las Vegas Grand Prix,31.0,SAI,23.46
Las Vegas Grand Prix,31.0,HAD,28.412
Las Vegas Grand Prix,31.0,HUL,36.688
Las Vegas Grand Prix,31.0,HAM,39.744
Las Vegas Grand Prix,31.0,OCO,42.223
Las Vegas Grand Prix,31.0,BEA,41.116
Las Vegas Grand Prix,31.0,ALO,41.51
Las Vegas Grand Prix,31.0,TSU,62.205
Las Vegas Grand Prix,31.0,GAS,49.338
Las Vegas Grand Prix,31.0,LAW,71.413
Las Vegas Grand Prix,31.0,COL,67.336
Las Vegas Grand Prix,31.0,ALB,66.814
Las Vegas Grand Prix,31.0,NOR,5.115
Las Vegas Grand Prix,31.0,PIA,18.807
Las Vegas Grand Prix,32.0,VER,0.0
Las Vegas Grand Prix,32.0,RUS,3.298
Las Vegas Grand Prix,32.0,ANT,16.404
Las Vegas Grand Prix,32.0,LEC,20.641
Las Vegas Grand Prix,32.0,SAI,23.486
Las Vegas Grand Prix,32.0,HAD,28.576
Las Vegas Grand Prix,32.0,HUL,36.889
Las Vegas Grand Prix,32.0,HAM,40.316
Las Vegas Grand Prix,32.0,OCO,43.073
Las Vegas Grand Prix,32.0,BEA,42.453
Las Vegas Grand Prix,32.0,ALO,43.516
Las Vegas Grand Prix,32.0,TSU,62.835
Las Vegas Grand Prix,32.0,GAS,51.283
Las Vegas Grand Prix,32.0,LAW,71.944
Las Vegas Grand Prix,32.0,COL,68.908
Las Vegas Grand Prix,32.0,ALB,67.275
Las Vegas Grand Prix,32.0,NOR,4.43
Las Vegas Grand Prix,32.0,PIA,19.113
Las Vegas Grand Prix,33.0,VER,0.0
Las Vegas Grand Prix,33.0,RUS,3.964
Las Vegas Grand Prix,33.0,ANT,17.199
Las Vegas Grand Prix,33.0,LEC,20.905
Las Vegas Grand Prix,33.0,SAI,23.835
Las Vegas Grand Prix,33.0,HAD,29.448
Las Vegas Grand Prix,33.0,HUL,37.417
Las Vegas Grand Prix,33.0,HAM,40.755
Las Vegas Grand Prix,33.0,OCO,44.146
Las Vegas Grand Prix,33.0,BEA,44.297
Las Vegas Grand Prix,33.0,ALO,45.358
Las Vegas Grand Prix,33.0,TSU,64.006
Las Vegas Grand Prix,33.0,GAS,53.909
Las Vegas Grand Prix,33.0,LAW,72.778
Las Vegas Grand Prix,33.0,COL,70.744
Las Vegas Grand Prix,33.0,ALB,68.167
Las Vegas Grand Prix,33.0,NOR,4.574
Las Vegas Grand Prix,33.0,PIA,19.285
Las Vegas Grand Prix,34.0,VER,0.0
Las Vegas Grand Prix,34.0,RUS,5.508
Las Vegas Grand Prix,34.0,ANT,17.869
Las Vegas Grand Prix,34.0,LEC,21.119
Las Vegas Grand Prix,34.0,SAI,24.678
Las Vegas Grand Prix,34.0,HAD,30.344
Las Vegas Grand Prix,34.0,HUL,38.199
Las Vegas Grand Prix,34.0,HAM,42.002
Las Vegas Grand Prix,34.0,OCO,45.265
Las Vegas Grand Prix,34.0,BEA,46.381
Las Vegas Grand Prix,34.0,ALO,47.134
Las Vegas Grand Prix,34.0,TSU,65.201
Las Vegas Grand Prix,34.0,GAS,56.482
Las Vegas Grand Prix,34.0,LAW,73.983
Las Vegas Grand Prix,34.0,COL,72.726
Las Vegas Grand Prix,34.0,ALB,74.419
Las Vegas Grand Prix,34.0,NOR,4.962
Las Vegas Grand Prix,34.0,PIA,19.523
Las Vegas Grand Prix,35.0,VER,0.0
Las Vegas Grand Prix,35.0,RUS,6.289
Las Vegas Grand Prix,35.0,ANT,18.374
Las Vegas Grand Prix,35.0,LEC,21.247
Las Vegas Grand Prix,35.0,SAI,24.853
Las Vegas Grand Prix,35.0,HAD,31.11
Las Vegas Grand Prix,35.0,HUL,38.614
Las Vegas Grand Prix,35.0,HAM,42.862
Las Vegas Grand Prix,35.0,OCO,45.97
Las Vegas Grand Prix,35.0,BEA,47.741
Las Vegas Grand Prix,35.0,ALO,48.546
Las Vegas Grand Prix,35.0,TSU,66.015
Las Vegas Grand Prix,35.0,GAS,58.63
Las Vegas Grand Prix,35.0,LAW,75.137
Las Vegas Grand Prix,35.0,COL,74.205
Las Vegas Grand Prix,35.0,ALB,110.964
Las Vegas Grand Prix,35.0,NOR,4.765
Las Vegas Grand Prix,35.0,PIA,19.737
Las Vegas Grand Prix,36.0,VER,0.0
Las Vegas Grand Prix,36.0,RUS,7.546
Las Vegas Grand Prix,36.0,ANT,19.337
Las Vegas Grand Prix,36.0,LEC,21.639
Las Vegas Grand Prix,36.0,SAI,25.469
Las Vegas Grand Prix,36.0,HAD,32.239
Las Vegas Grand Prix,36.0,HUL,39.451
Las Vegas Grand Prix,36.0,HAM,43.957
Las Vegas Grand Prix,36.0,OCO,47.229
Las Vegas Grand Prix,36.0,BEA,49.354
Las Vegas Grand Prix,36.0,ALO,50.09
Las Vegas Grand Prix,36.0,TSU,67.422
Las Vegas Grand Prix,36.0,GAS,61.359
Las Vegas Grand Prix,36.0,LAW,76.447
Las Vegas Grand Prix,36.0,COL,75.969
Las Vegas Grand Prix,36.0,NOR,5.529
Las Vegas Grand Prix,36.0,PIA,20.158
Las Vegas Grand Prix,37.0,VER,0.0
Las Vegas Grand Prix,37.0,RUS,8.416
Las Vegas Grand Prix,37.0,ANT,20.296
Las Vegas Grand Prix,37.0,LEC,22.113
Las Vegas Grand Prix,37.0,SAI,26.015
Las Vegas Grand Prix,37.0,HAD,33.398
Las Vegas Grand Prix,37.0,HUL,40.613
Las Vegas Grand Prix,37.0,HAM,45.326
Las Vegas Grand Prix,37.0,OCO,48.368
Las Vegas Grand Prix,37.0,BEA,51.009
Las Vegas Grand Prix,37.0,ALO,51.783
Las Vegas Grand Prix,37.0,TSU,68.834
Las Vegas Grand Prix,37.0,GAS,63.857
Las Vegas Grand Prix,37.0,LAW,78.115
Las Vegas Grand Prix,37.0,COL,77.743
Las Vegas Grand Prix,37.0,NOR,5.545
Las Vegas Grand Prix,37.0,PIA,20.701
Las Vegas Grand Prix,38.0,VER,0.0
Las Vegas Grand Prix,38.0,RUS,9.242
Las Vegas Grand Prix,38.0,ANT,21.358
Las Vegas Grand Prix,38.0,LEC,22.146
Las Vegas Grand Prix,38.0,SAI,26.336
Las Vegas Grand Prix,38.0,HAD,33.958
Las Vegas Grand Prix,38.0,HUL,41.667
Las Vegas Grand Prix,38.0,HAM,46.3
Las Vegas Grand Prix,38.0,OCO,49.258
Las Vegas Grand Prix,38.0,BEA,52.758
Las Vegas Grand Prix,38.0,ALO,53.286
Las Vegas Grand Prix,38.0,TSU,70.031
Las Vegas Grand Prix,38.0,GAS,66.21
Las Vegas Grand Prix,38.0,LAW,79.599
Las Vegas Grand Prix,38.0,COL,79.152
Las Vegas Grand Prix,38.0,NOR,5.383
Las Vegas Grand Prix,38.0,PIA,21.911
Las Vegas Grand Prix,39.0,VER,0.0
Las Vegas Grand Prix,39.0,RUS,10.377
Las Vegas Grand Prix,39.0,ANT,22.192
Las Vegas Grand Prix,39.0,LEC,23.347
Las Vegas Grand Prix,39.0,SAI,26.781
Las Vegas Grand Prix,39.0,HAD,35.142
Las Vegas Grand Prix,39.0,HUL,42.553
Las Vegas Grand Prix,39.0,HAM,47.294
Las Vegas Grand Prix,39.0,OCO,50.409
Las Vegas Grand Prix,39.0,BEA,54.44
Las Vegas Grand Prix,39.0,ALO,55.232
Las Vegas Grand Prix,39.0,TSU,71.275
Las Vegas Grand Prix,39.0,GAS,68.493
Las Vegas Grand Prix,39.0,LAW,81.377
Las Vegas Grand Prix,39.0,COL,81.306
Las Vegas Grand Prix,39.0,NOR,5.539
Las Vegas Grand Prix,39.0,PIA,22.684
Las Vegas Grand Prix,40.0,VER,0.0
Las Vegas Grand Prix,40.0,RUS,12.028
Las Vegas Grand Prix,40.0,ANT,22.576999999999998
Las Vegas Grand Prix,40.0,LEC,24.08
Las Vegas Grand Prix,40.0,SAI,27.546
Las Vegas Grand Prix,40.0,HAD,36.355
Las Vegas Grand Prix,40.0,HUL,43.307
Las Vegas Grand Prix,40.0,HAM,48.442
Las Vegas Grand Prix,40.0,OCO,51.711
Las Vegas Grand Prix,40.0,BEA,56.327
Las Vegas Grand Prix,40.0,ALO,57.052
Las Vegas Grand Prix,40.0,TSU,72.75
Las Vegas Grand Prix,40.0,GAS,70.801
Las Vegas Grand Prix,40.0,LAW,83.767
Las Vegas Grand Prix,40.0,COL,85.225
Las Vegas Grand Prix,40.0,NOR,5.908
Las Vegas Grand Prix,40.0,PIA,23.224
Las Vegas Grand Prix,41.0,VER,0.0
Las Vegas Grand Prix,41.0,RUS,13.377
Las Vegas Grand Prix,41.0,ANT,23.24
Las Vegas Grand Prix,41.0,LEC,24.417
Las Vegas Grand Prix,41.0,SAI,28.16
Las Vegas Grand Prix,41.0,HAD,37.344
Las Vegas Grand Prix,41.0,HUL,44.041
Las Vegas Grand Prix,41.0,HAM,49.476
Las Vegas Grand Prix,41.0,OCO,53.102
Las Vegas Grand Prix,41.0,BEA,57.954
Las Vegas Grand Prix,41.0,ALO,58.588
Las Vegas Grand Prix,41.0,TSU,74.129
Las Vegas Grand Prix,41.0,GAS,72.747
Las Vegas Grand Prix,41.0,LAW,85.498
Las Vegas Grand Prix,41.0,COL,87.523
Las Vegas Grand Prix,41.0,NOR,5.78
Las Vegas Grand Prix,41.0,PIA,23.774
Las Vegas Grand Prix,42.0,VER,0.0
Las Vegas Grand Prix,42.0,RUS,14.306
Las Vegas Grand Prix,42.0,ANT,23.638
Las Vegas Grand Prix,42.0,LEC,24.945
Las Vegas Grand Prix,42.0,SAI,28.523
Las Vegas Grand Prix,42.0,HAD,38.28
Las Vegas Grand Prix,42.0,HUL,44.768
Las Vegas Grand Prix,42.0,HAM,50.492
Las Vegas Grand Prix,42.0,OCO,54.31
Las Vegas Grand Prix,42.0,BEA,59.331
Las Vegas Grand Prix,42.0,ALO,60.258
Las Vegas Grand Prix,42.0,TSU,75.569
Las Vegas Grand Prix,42.0,GAS,74.667
Las Vegas Grand Prix,42.0,LAW,87.06
Las Vegas Grand Prix,42.0,COL,89.251
Las Vegas Grand Prix,42.0,NOR,5.728
Las Vegas Grand Prix,42.0,PIA,24.282
Las Vegas Grand Prix,43.0,VER,0.0
Las Vegas Grand Prix,43.0,RUS,15.529
Las Vegas Grand Prix,43.0,ANT,24.241
Las Vegas Grand Prix,43.0,LEC,25.223
Las Vegas Grand Prix,43.0,SAI,29.008
Las Vegas Grand Prix,43.0,HAD,39.356
Las Vegas Grand Prix,43.0,HUL,45.667
Las Vegas Grand Prix,43.0,HAM,51.903
Las Vegas Grand Prix,43.0,OCO,55.566
Las Vegas Grand Prix,43.0,BEA,60.806
Las Vegas Grand Prix,43.0,ALO,62.508
Las Vegas Grand Prix,43.0,TSU,77.148
Las Vegas Grand Prix,43.0,GAS,76.575
Las Vegas Grand Prix,43.0,LAW,88.678
Las Vegas Grand Prix,43.0,COL,91.546
Las Vegas Grand Prix,43.0,NOR,5.973
Las Vegas Grand Prix,43.0,PIA,24.755
Las Vegas Grand Prix,44.0,VER,0.0
Las Vegas Grand Prix,44.0,RUS,16.315
Las Vegas Grand Prix,44.0,ANT,24.153
Las Vegas Grand Prix,44.0,LEC,25.718
Las Vegas Grand Prix,44.0,SAI,29.26
Las Vegas Grand Prix,44.0,HAD,39.769
Las Vegas Grand Prix,44.0,HUL,46.02
Las Vegas Grand Prix,44.0,HAM,53.184
Las Vegas Grand Prix,44.0,OCO,56.113
Las Vegas Grand Prix,44.0,BEA,61.733
Las Vegas Grand Prix,44.0,ALO,64.764
Las Vegas Grand Prix,44.0,TSU,78.406
Las Vegas Grand Prix,44.0,GAS,77.779
Las Vegas Grand Prix,44.0,LAW,89.666
Las Vegas Grand Prix,44.0,COL,93.1
Las Vegas Grand Prix,44.0,NOR,5.938
Las Vegas Grand Prix,44.0,PIA,24.797
Las Vegas Grand Prix,45.0,VER,0.0
Las Vegas Grand Prix,45.0,RUS,17.491
Las Vegas Grand Prix,45.0,ANT,24.212
Las Vegas Grand Prix,45.0,LEC,26.007
Las Vegas Grand Prix,45.0,SAI,29.83
Las Vegas Grand Prix,45.0,HAD,40.645
Las Vegas Grand Prix,45.0,HUL,46.656
Las Vegas Grand Prix,45.0,HAM,55.01
Las Vegas Grand Prix,45.0,OCO,56.777
Las Vegas Grand Prix,45.0,BEA,62.897
Las Vegas Grand Prix,45.0,ALO,67.77
Las Vegas Grand Prix,45.0,TSU,79.854
Las Vegas Grand Prix,45.0,GAS,80.04
Las Vegas Grand Prix,45.0,LAW,90.727
Las Vegas Grand Prix,45.0,COL,96.148
Las Vegas Grand Prix,45.0,NOR,5.948
Las Vegas Grand Prix,45.0,PIA,25.176
Las Vegas Grand Prix,46.0,VER,0.0
Las Vegas Grand Prix,46.0,RUS,18.956
Las Vegas Grand Prix,46.0,ANT,24.524
Las Vegas Grand Prix,46.0,LEC,26.626
Las Vegas Grand Prix,46.0,SAI,30.53
Las Vegas Grand Prix,46.0,HAD,41.525
Las Vegas Grand Prix,46.0,HUL,47.456
Las Vegas Grand Prix,46.0,HAM,55.766
Las Vegas Grand Prix,46.0,OCO,57.607
Las Vegas Grand Prix,46.0,BEA,64.485
Las Vegas Grand Prix,46.0,ALO,70.691
Las Vegas Grand Prix,46.0,TSU,82.135
Las Vegas Grand Prix,46.0,GAS,83.016
Las Vegas Grand Prix,46.0,LAW,91.787
Las Vegas Grand Prix,46.0,COL,98.211
Las Vegas Grand Prix,46.0,NOR,7.465
Las Vegas Grand Prix,46.0,PIA,25.747
Las Vegas Grand Prix,47.0,VER,0.0
Las Vegas Grand Prix,47.0,RUS,20.205
Las Vegas Grand Prix,47.0,ANT,24.96
Las Vegas Grand Prix,47.0,LEC,27.509
Las Vegas Grand Prix,47.0,SAI,31.508
Las Vegas Grand Prix,47.0,HAD,42.534
Las Vegas Grand Prix,47.0,HUL,48.274
Las Vegas Grand Prix,47.0,HAM,56.811
Las Vegas Grand Prix,47.0,OCO,58.316
Las Vegas Grand Prix,47.0,BEA,66.063
Las Vegas Grand Prix,47.0,ALO,74.163
Las Vegas Grand Prix,47.0,TSU,83.427
Las Vegas Grand Prix,47.0,GAS,85.623
Las Vegas Grand Prix,47.0,LAW,92.729
Las Vegas Grand Prix,47.0,COL,100.301
Las Vegas Grand Prix,47.0,NOR,9.698
Las Vegas Grand Prix,47.0,PIA,25.938
Las Vegas Grand Prix,48.0,VER,0.0
Las Vegas Grand Prix,48.0,RUS,21.421
Las Vegas Grand Prix,48.0,ANT,24.836
Las Vegas Grand Prix,48.0,LEC,28.477
Las Vegas Grand Prix,48.0,SAI,32.294
Las Vegas Grand Prix,48.0,HAD,43.288
Las Vegas Grand Prix,48.0,HUL,48.828
Las Vegas Grand Prix,48.0,HAM,57.574
Las Vegas Grand Prix,48.0,OCO,58.751
Las Vegas Grand Prix,48.0,BEA,67.035
Las Vegas Grand Prix,48.0,ALO,77.549
Las Vegas Grand Prix,48.0,TSU,84.289
Las Vegas Grand Prix,48.0,GAS,87.48
Las Vegas Grand Prix,48.0,LAW,95.847
Las Vegas Grand Prix,48.0,COL,102.081
Las Vegas Grand Prix,48.0,NOR,13.278
Las Vegas Grand Prix,48.0,PIA,25.981
Las Vegas Grand Prix,49.0,VER,0.0
Las Vegas Grand Prix,49.0,RUS,22.319
Las Vegas Grand Prix,49.0,ANT,24.785
Las Vegas Grand Prix,49.0,LEC,29.374
Las Vegas Grand Prix,49.0,SAI,33.413
Las Vegas Grand Prix,49.0,HAD,44.002
Las Vegas Grand Prix,49.0,HUL,49.327
Las Vegas Grand Prix,49.0,HAM,58.034
Las Vegas Grand Prix,49.0,OCO,59.266
Las Vegas Grand Prix,49.0,BEA,69.395
Las Vegas Grand Prix,49.0,ALO,80.608
Las Vegas Grand Prix,49.0,TSU,85.163
Las Vegas Grand Prix,49.0,GAS,89.337
Las Vegas Grand Prix,49.0,LAW,96.656
Las Vegas Grand Prix,49.0,COL,103.824
Las Vegas Grand Prix,49.0,NOR,16.919
Las Vegas Grand Prix,49.0,PIA,26.354
Las Vegas Grand Prix,50.0,VER,0.0
Las Vegas Grand Prix,50.0,RUS,23.546
Las Vegas Grand Prix,50.0,ANT,25.488
Las Vegas Grand Prix,50.0,LEC,30.678
Las Vegas Grand Prix,50.0,SAI,34.924
Las Vegas Grand Prix,50.0,HAD,45.257
Las Vegas Grand Prix,50.0,HUL,51.134
Las Vegas Grand Prix,50.0,HAM,59.369
Las Vegas Grand Prix,50.0,OCO,60.635
Las Vegas Grand Prix,50.0,BEA,70.549
Las Vegas Grand Prix,50.0,ALO,85.308
Las Vegas Grand Prix,50.0,TSU,86.974
Las Vegas Grand Prix,50.0,GAS,91.702
Las Vegas Grand Prix,50.0,NOR,20.741
Las Vegas Grand Prix,50.0,PIA,27.65
Qatar Grand Prix,1.0,VER,1.325
Qatar Grand Prix,1.0,GAS,6.058
Qatar Grand Prix,1.0,ANT,3.101
Qatar Grand Prix,1.0,ALO,4.438
Qatar Grand Prix,1.0,LEC,6.707
Qatar Grand Prix,1.0,STR,10.539
Qatar Grand Prix,1.0,TSU,9.366
Qatar Grand Prix,1.0,ALB,9.43
Qatar Grand Prix,1.0,HUL,6.853
Qatar Grand Prix,1.0,LAW,7.82
Qatar Grand Prix,1.0,OCO,8.683
Qatar Grand Prix,1.0,NOR,2.435
Qatar Grand Prix,1.0,COL,11.159
Qatar Grand Prix,1.0,HAM,8.253
Qatar Grand Prix,1.0,BOR,10.537
Qatar Grand Prix,1.0,SAI,3.7560000000000002
Qatar Grand Prix,1.0,HAD,5.504
Qatar Grand Prix,1.0,RUS,4.971
Qatar Grand Prix,1.0,PIA,0.0
Qatar Grand Prix,1.0,BEA,7.371
Qatar Grand Prix,2.0,VER,1.524
Qatar Grand Prix,2.0,GAS,8.199
Qatar Grand Prix,2.0,ANT,3.904
Qatar Grand Prix,2.0,ALO,5.534
Qatar Grand Prix,2.0,LEC,8.962
Qatar Grand Prix,2.0,STR,12.941
Qatar Grand Prix,2.0,TSU,11.467
Qatar Grand Prix,2.0,ALB,12.108
Qatar Grand Prix,2.0,HUL,8.614
Qatar Grand Prix,2.0,LAW,10.013
Qatar Grand Prix,2.0,OCO,11.02
Qatar Grand Prix,2.0,NOR,2.998
Qatar Grand Prix,2.0,COL,14.403
Qatar Grand Prix,2.0,HAM,10.513
Qatar Grand Prix,2.0,BOR,13.268
Qatar Grand Prix,2.0,SAI,4.729
Qatar Grand Prix,2.0,HAD,6.986
Qatar Grand Prix,2.0,RUS,6.131
Qatar Grand Prix,2.0,PIA,0.0
Qatar Grand Prix,2.0,BEA,9.448
Qatar Grand Prix,3.0,VER,2.105
Qatar Grand Prix,3.0,GAS,9.657
Qatar Grand Prix,3.0,ANT,4.711
Qatar Grand Prix,3.0,ALO,6.6850000000000005
Qatar Grand Prix,3.0,LEC,11.014
Qatar Grand Prix,3.0,STR,14.861
Qatar Grand Prix,3.0,TSU,13.653
Qatar Grand Prix,3.0,ALB,14.07
Qatar Grand Prix,3.0,HUL,10.046
Qatar Grand Prix,3.0,LAW,12.012
Qatar Grand Prix,3.0,OCO,13.129
Qatar Grand Prix,3.0,NOR,3.741
Qatar Grand Prix,3.0,COL,16.156
Qatar Grand Prix,3.0,HAM,12.482
Qatar Grand Prix,3.0,BOR,15.259
Qatar Grand Prix,3.0,SAI,5.829
Qatar Grand Prix,3.0,HAD,8.402
Qatar Grand Prix,3.0,RUS,7.26
Qatar Grand Prix,3.0,PIA,0.0
Qatar Grand Prix,3.0,BEA,11.468
Qatar Grand Prix,4.0,VER,2.212
Qatar Grand Prix,4.0,GAS,10.773
Qatar Grand Prix,4.0,ANT,4.974
Qatar Grand Prix,4.0,ALO,7.396
Qatar Grand Prix,4.0,LEC,12.078
Qatar Grand Prix,4.0,STR,16.495
Qatar Grand Prix,4.0,TSU,15.074
Qatar Grand Prix,4.0,ALB,15.769
Qatar Grand Prix,4.0,HUL,11.231
Qatar Grand Prix,4.0,LAW,13.445
Qatar Grand Prix,4.0,OCO,14.76
Qatar Grand Prix,4.0,NOR,4.029
Qatar Grand Prix,4.0,COL,17.697
Qatar Grand Prix,4.0,HAM,14.279
Qatar Grand Prix,4.0,BOR,16.911
Qatar Grand Prix,4.0,SAI,6.416
Qatar Grand Prix,4.0,HAD,9.195
Qatar Grand Prix,4.0,RUS,7.987
Qatar Grand Prix,4.0,PIA,0.0
Qatar Grand Prix,4.0,BEA,12.823
Qatar Grand Prix,5.0,VER,2.156
Qatar Grand Prix,5.0,GAS,11.962
Qatar Grand Prix,5.0,ANT,5.58
Qatar Grand Prix,5.0,ALO,8.364
Qatar Grand Prix,5.0,LEC,13.436
Qatar Grand Prix,5.0,STR,18.374
Qatar Grand Prix,5.0,TSU,16.779
Qatar Grand Prix,5.0,ALB,17.453
Qatar Grand Prix,5.0,HUL,12.471
Qatar Grand Prix,5.0,LAW,14.97
Qatar Grand Prix,5.0,OCO,16.264
Qatar Grand Prix,5.0,NOR,4.076
Qatar Grand Prix,5.0,COL,19.688
Qatar Grand Prix,5.0,HAM,15.646
Qatar Grand Prix,5.0,BOR,18.681
Qatar Grand Prix,5.0,SAI,7.216
Qatar Grand Prix,5.0,HAD,10.411
Qatar Grand Prix,5.0,RUS,9.237
Qatar Grand Prix,5.0,PIA,0.0
Qatar Grand Prix,5.0,BEA,14.287
Qatar Grand Prix,6.0,VER,2.559
Qatar Grand Prix,6.0,GAS,13.502
Qatar Grand Prix,6.0,ANT,6.165
Qatar Grand Prix,6.0,ALO,9.37
Qatar Grand Prix,6.0,LEC,14.758
Qatar Grand Prix,6.0,STR,19.919
Qatar Grand Prix,6.0,TSU,18.382
Qatar Grand Prix,6.0,ALB,19.114
Qatar Grand Prix,6.0,HUL,13.957
Qatar Grand Prix,6.0,LAW,16.256
Qatar Grand Prix,6.0,OCO,17.872
Qatar Grand Prix,6.0,NOR,4.313
Qatar Grand Prix,6.0,COL,21.834
Qatar Grand Prix,6.0,HAM,17.198
Qatar Grand Prix,6.0,BOR,20.566
Qatar Grand Prix,6.0,SAI,7.89
Qatar Grand Prix,6.0,HAD,11.608
Qatar Grand Prix,6.0,RUS,10.289
Qatar Grand Prix,6.0,PIA,0.0
Qatar Grand Prix,6.0,BEA,15.353
Qatar Grand Prix,7.0,VER,6.304
Qatar Grand Prix,7.0,GAS,57.058
Qatar Grand Prix,7.0,ANT,11.641
Qatar Grand Prix,7.0,ALO,16.717
Qatar Grand Prix,7.0,LEC,23.743
Qatar Grand Prix,7.0,STR,33.157
Qatar Grand Prix,7.0,TSU,29.131
Qatar Grand Prix,7.0,ALB,30.333
Qatar Grand Prix,7.0,HUL,65.491
Qatar Grand Prix,7.0,LAW,27.187
Qatar Grand Prix,7.0,OCO,24.683
Qatar Grand Prix,7.0,NOR,6.001
Qatar Grand Prix,7.0,COL,33.74
Qatar Grand Prix,7.0,HAM,27.937
Qatar Grand Prix,7.0,BOR,32.652
Qatar Grand Prix,7.0,SAI,14.135
Qatar Grand Prix,7.0,HAD,19.579
Qatar Grand Prix,7.0,RUS,17.374
Qatar Grand Prix,7.0,PIA,0.0
Qatar Grand Prix,7.0,BEA,25.791
Qatar Grand Prix,8.0,VER,4.698
Qatar Grand Prix,8.0,GAS,30.545
Qatar Grand Prix,8.0,ANT,6.623
Qatar Grand Prix,8.0,ALO,8.045
Qatar Grand Prix,8.0,LEC,12.191
Qatar Grand Prix,8.0,STR,19.749
Qatar Grand Prix,8.0,TSU,16.137
Qatar Grand Prix,8.0,ALB,17.396
Qatar Grand Prix,8.0,LAW,14.548
Qatar Grand Prix,8.0,OCO,4.925
Qatar Grand Prix,8.0,NOR,3.751
Qatar Grand Prix,8.0,COL,21.004
Qatar Grand Prix,8.0,HAM,18.395
Qatar Grand Prix,8.0,BOR,19.161
Qatar Grand Prix,8.0,SAI,6.193
Qatar Grand Prix,8.0,HAD,9.672
Qatar Grand Prix,8.0,RUS,11.291
Qatar Grand Prix,8.0,PIA,0.0
Qatar Grand Prix,8.0,BEA,13.795
Qatar Grand Prix,9.0,VER,3.48
Qatar Grand Prix,9.0,GAS,20.65
Qatar Grand Prix,9.0,ANT,4.873
Qatar Grand Prix,9.0,ALO,6.435
Qatar Grand Prix,9.0,LEC,10.639
Qatar Grand Prix,9.0,STR,19.1
Qatar Grand Prix,9.0,TSU,15.45
Qatar Grand Prix,9.0,ALB,16.107
Qatar Grand Prix,9.0,LAW,13.657
Qatar Grand Prix,9.0,OCO,22.964
Qatar Grand Prix,9.0,NOR,2.197
Qatar Grand Prix,9.0,COL,19.576999999999998
Qatar Grand Prix,9.0,HAM,17.163
Qatar Grand Prix,9.0,BOR,17.982
Qatar Grand Prix,9.0,SAI,4.432
Qatar Grand Prix,9.0,HAD,7.666
Qatar Grand Prix,9.0,RUS,9.007
Qatar Grand Prix,9.0,PIA,0.0
Qatar Grand Prix,9.0,BEA,11.852
Qatar Grand Prix,10.0,VER,1.204
Qatar Grand Prix,10.0,GAS,7.801
Qatar Grand Prix,10.0,ANT,2.394
Qatar Grand Prix,10.0,ALO,3.016
Qatar Grand Prix,10.0,LEC,4.394
Qatar Grand Prix,10.0,STR,6.8
Qatar Grand Prix,10.0,TSU,5.596
Qatar Grand Prix,10.0,ALB,6.117
Qatar Grand Prix,10.0,LAW,5.251
Qatar Grand Prix,10.0,OCO,7.886
Qatar Grand Prix,10.0,NOR,0.685
Qatar Grand Prix,10.0,COL,7.212
Qatar Grand Prix,10.0,HAM,6.161
Qatar Grand Prix,10.0,BOR,6.485
Qatar Grand Prix,10.0,SAI,1.858
Qatar Grand Prix,10.0,HAD,3.66
Qatar Grand Prix,10.0,RUS,4.162
Qatar Grand Prix,10.0,PIA,0.0
Qatar Grand Prix,10.0,BEA,4.833
Qatar Grand Prix,11.0,VER,3.245
Qatar Grand Prix,11.0,GAS,12.582
Qatar Grand Prix,11.0,ANT,4.811
Qatar Grand Prix,11.0,ALO,5.745
Qatar Grand Prix,11.0,LEC,7.506
Qatar Grand Prix,11.0,STR,11.042
Qatar Grand Prix,11.0,TSU,8.766
Qatar Grand Prix,11.0,ALB,9.296
Qatar Grand Prix,11.0,LAW,8.387
Qatar Grand Prix,11.0,OCO,11.934
Qatar Grand Prix,11.0,NOR,1.256
Qatar Grand Prix,11.0,COL,11.426
Qatar Grand Prix,11.0,HAM,10.099
Qatar Grand Prix,11.0,BOR,10.342
Qatar Grand Prix,11.0,SAI,4.214
Qatar Grand Prix,11.0,HAD,6.361
Qatar Grand Prix,11.0,RUS,6.917
Qatar Grand Prix,11.0,PIA,0.0
Qatar Grand Prix,11.0,BEA,7.939
Qatar Grand Prix,12.0,VER,4.676
Qatar Grand Prix,12.0,GAS,16.032
Qatar Grand Prix,12.0,ANT,6.913
Qatar Grand Prix,12.0,ALO,8.003
Qatar Grand Prix,12.0,LEC,10.269
Qatar Grand Prix,12.0,STR,14.264
Qatar Grand Prix,12.0,TSU,11.845
Qatar Grand Prix,12.0,ALB,12.373
Qatar Grand Prix,12.0,LAW,11.349
Qatar Grand Prix,12.0,OCO,15.42
Qatar Grand Prix,12.0,NOR,1.643
Qatar Grand Prix,12.0,COL,14.748
Qatar Grand Prix,12.0,HAM,13.022
Qatar Grand Prix,12.0,BOR,13.487
Qatar Grand Prix,12.0,SAI,5.914
Qatar Grand Prix,12.0,HAD,8.885
Qatar Grand Prix,12.0,RUS,9.617
Qatar Grand Prix,12.0,PIA,0.0
Qatar Grand Prix,12.0,BEA,10.669
Qatar Grand Prix,13.0,VER,5.846
Qatar Grand Prix,13.0,GAS,19.467
Qatar Grand Prix,13.0,ANT,8.538
Qatar Grand Prix,13.0,ALO,10.347
Qatar Grand Prix,13.0,LEC,12.307
Qatar Grand Prix,13.0,STR,17.02
Qatar Grand Prix,13.0,TSU,14.338
Qatar Grand Prix,13.0,ALB,15.146
Qatar Grand Prix,13.0,LAW,13.61
Qatar Grand Prix,13.0,OCO,18.471
Qatar Grand Prix,13.0,NOR,1.9649999999999999
Qatar Grand Prix,13.0,COL,17.748
Qatar Grand Prix,13.0,HAM,15.824
Qatar Grand Prix,13.0,BOR,16.354
Qatar Grand Prix,13.0,SAI,7.384
Qatar Grand Prix,13.0,HAD,11.219
Qatar Grand Prix,13.0,RUS,11.856
Qatar Grand Prix,13.0,PIA,0.0
Qatar Grand Prix,13.0,BEA,12.949
Qatar Grand Prix,14.0,VER,6.342
Qatar Grand Prix,14.0,GAS,22.077
Qatar Grand Prix,14.0,ANT,9.764
Qatar Grand Prix,14.0,ALO,12.323
Qatar Grand Prix,14.0,LEC,14.499
Qatar Grand Prix,14.0,STR,19.435
Qatar Grand Prix,14.0,TSU,16.375
Qatar Grand Prix,14.0,ALB,17.165
Qatar Grand Prix,14.0,LAW,15.779
Qatar Grand Prix,14.0,OCO,21.074
Qatar Grand Prix,14.0,NOR,2.156
Qatar Grand Prix,14.0,COL,20.263
Qatar Grand Prix,14.0,HAM,17.912
Qatar Grand Prix,14.0,BOR,18.616
Qatar Grand Prix,14.0,SAI,8.443
Qatar Grand Prix,14.0,HAD,13.31
Qatar Grand Prix,14.0,RUS,13.939
Qatar Grand Prix,14.0,PIA,0.0
Qatar Grand Prix,14.0,BEA,14.938
Qatar Grand Prix,15.0,VER,6.993
Qatar Grand Prix,15.0,GAS,24.633
Qatar Grand Prix,15.0,ANT,11.478
Qatar Grand Prix,15.0,ALO,14.28
Qatar Grand Prix,15.0,LEC,16.553
Qatar Grand Prix,15.0,STR,21.566
Qatar Grand Prix,15.0,TSU,18.594
Qatar Grand Prix,15.0,ALB,19.359
Qatar Grand Prix,15.0,LAW,17.92
Qatar Grand Prix,15.0,OCO,23.496
Qatar Grand Prix,15.0,NOR,2.295
Qatar Grand Prix,15.0,COL,22.643
Qatar Grand Prix,15.0,HAM,20.087
Qatar Grand Prix,15.0,BOR,20.774
Qatar Grand Prix,15.0,SAI,9.68
Qatar Grand Prix,15.0,HAD,15.294
Qatar Grand Prix,15.0,RUS,15.967
Qatar Grand Prix,15.0,PIA,0.0
Qatar Grand Prix,15.0,BEA,17.162
Qatar Grand Prix,16.0,VER,7.542
Qatar Grand Prix,16.0,GAS,26.985
Qatar Grand Prix,16.0,ANT,13.018
Qatar Grand Prix,16.0,ALO,16.173
Qatar Grand Prix,16.0,LEC,18.601
Qatar Grand Prix,16.0,STR,23.855
Qatar Grand Prix,16.0,TSU,20.645
Qatar Grand Prix,16.0,ALB,21.514
Qatar Grand Prix,16.0,LAW,20.056
Qatar Grand Prix,16.0,OCO,25.954
Qatar Grand Prix,16.0,NOR,2.742
Qatar Grand Prix,16.0,COL,25.029
Qatar Grand Prix,16.0,HAM,22.24
Qatar Grand Prix,16.0,BOR,23.01
Qatar Grand Prix,16.0,SAI,10.897
Qatar Grand Prix,16.0,HAD,17.211
Qatar Grand Prix,16.0,RUS,17.811
Qatar Grand Prix,16.0,PIA,0.0
Qatar Grand Prix,16.0,BEA,19.242
Qatar Grand Prix,17.0,VER,7.917
Qatar Grand Prix,17.0,GAS,29.377
Qatar Grand Prix,17.0,ANT,14.41
Qatar Grand Prix,17.0,ALO,18.142
Qatar Grand Prix,17.0,LEC,20.616
Qatar Grand Prix,17.0,STR,25.937
Qatar Grand Prix,17.0,TSU,22.9
Qatar Grand Prix,17.0,ALB,23.595
Qatar Grand Prix,17.0,LAW,22.052
Qatar Grand Prix,17.0,OCO,27.758
Qatar Grand Prix,17.0,NOR,3.183
Qatar Grand Prix,17.0,COL,27.173
Qatar Grand Prix,17.0,HAM,24.333
Qatar Grand Prix,17.0,BOR,25.152
Qatar Grand Prix,17.0,SAI,12.127
Qatar Grand Prix,17.0,HAD,19.085
Qatar Grand Prix,17.0,RUS,19.832
Qatar Grand Prix,17.0,PIA,0.0
Qatar Grand Prix,17.0,BEA,21.191
Qatar Grand Prix,18.0,VER,7.892
Qatar Grand Prix,18.0,GAS,31.674
Qatar Grand Prix,18.0,ANT,15.647
Qatar Grand Prix,18.0,ALO,19.738
Qatar Grand Prix,18.0,LEC,22.236
Qatar Grand Prix,18.0,STR,27.682
Qatar Grand Prix,18.0,TSU,24.701999999999998
Qatar Grand Prix,18.0,ALB,25.42
Qatar Grand Prix,18.0,LAW,23.865
Qatar Grand Prix,18.0,OCO,30.1
Qatar Grand Prix,18.0,NOR,3.334
Qatar Grand Prix,18.0,COL,29.08
Qatar Grand Prix,18.0,HAM,26.313
Qatar Grand Prix,18.0,BOR,26.833
Qatar Grand Prix,18.0,SAI,13.217
Qatar Grand Prix,18.0,HAD,20.728
Qatar Grand Prix,18.0,RUS,21.525
Qatar Grand Prix,18.0,PIA,0.0
Qatar Grand Prix,18.0,BEA,23.024
Qatar Grand Prix,19.0,VER,7.969
Qatar Grand Prix,19.0,GAS,33.707
Qatar Grand Prix,19.0,ANT,16.614
Qatar Grand Prix,19.0,ALO,21.545
Qatar Grand Prix,19.0,LEC,24.042
Qatar Grand Prix,19.0,STR,29.717
Qatar Grand Prix,19.0,TSU,26.529
Qatar Grand Prix,19.0,ALB,27.322
Qatar Grand Prix,19.0,LAW,25.76
Qatar Grand Prix,19.0,OCO,32.305
Qatar Grand Prix,19.0,NOR,3.481
Qatar Grand Prix,19.0,COL,31.255
Qatar Grand Prix,19.0,HAM,28.215
Qatar Grand Prix,19.0,BOR,28.956
Qatar Grand Prix,19.0,SAI,14.305
Qatar Grand Prix,19.0,HAD,22.474
Qatar Grand Prix,19.0,RUS,23.411
Qatar Grand Prix,19.0,PIA,0.0
Qatar Grand Prix,19.0,BEA,24.863
Qatar Grand Prix,20.0,VER,8.027
Qatar Grand Prix,20.0,GAS,35.593
Qatar Grand Prix,20.0,ANT,17.317
Qatar Grand Prix,20.0,ALO,23.064
Qatar Grand Prix,20.0,LEC,25.638
Qatar Grand Prix,20.0,STR,31.611
Qatar Grand Prix,20.0,TSU,28.26
Qatar Grand Prix,20.0,ALB,29.102
Qatar Grand Prix,20.0,LAW,27.328
Qatar Grand Prix,20.0,OCO,33.95
Qatar Grand Prix,20.0,NOR,3.578
Qatar Grand Prix,20.0,COL,33.095
Qatar Grand Prix,20.0,HAM,30.085
Qatar Grand Prix,20.0,BOR,30.854
Qatar Grand Prix,20.0,SAI,15.474
Qatar Grand Prix,20.0,HAD,24.068
Qatar Grand Prix,20.0,RUS,24.874
Qatar Grand Prix,20.0,PIA,0.0
Qatar Grand Prix,20.0,BEA,26.315
Qatar Grand Prix,21.0,VER,7.872
Qatar Grand Prix,21.0,GAS,37.336
Qatar Grand Prix,21.0,ANT,17.881
Qatar Grand Prix,21.0,ALO,24.473
Qatar Grand Prix,21.0,LEC,27.024
Qatar Grand Prix,21.0,STR,33.29
Qatar Grand Prix,21.0,TSU,29.745
Qatar Grand Prix,21.0,ALB,30.761
Qatar Grand Prix,21.0,LAW,28.725
Qatar Grand Prix,21.0,OCO,35.524
Qatar Grand Prix,21.0,NOR,3.473
Qatar Grand Prix,21.0,COL,34.727
Qatar Grand Prix,21.0,HAM,31.701
Qatar Grand Prix,21.0,BOR,32.458
Qatar Grand Prix,21.0,SAI,16.209
Qatar Grand Prix,21.0,HAD,25.465
Qatar Grand Prix,21.0,RUS,26.329
Qatar Grand Prix,21.0,PIA,0.0
Qatar Grand Prix,21.0,BEA,27.905
Qatar Grand Prix,22.0,VER,7.923
Qatar Grand Prix,22.0,GAS,39.197
Qatar Grand Prix,22.0,ANT,18.759
Qatar Grand Prix,22.0,ALO,25.916
Qatar Grand Prix,22.0,LEC,28.635
Qatar Grand Prix,22.0,STR,35.171
Qatar Grand Prix,22.0,TSU,31.302
Qatar Grand Prix,22.0,ALB,32.631
Qatar Grand Prix,22.0,LAW,30.325
Qatar Grand Prix,22.0,OCO,37.431
Qatar Grand Prix,22.0,NOR,3.7640000000000002
Qatar Grand Prix,22.0,COL,36.469
Qatar Grand Prix,22.0,HAM,33.644
Qatar Grand Prix,22.0,BOR,34.452
Qatar Grand Prix,22.0,SAI,16.986
Qatar Grand Prix,22.0,HAD,26.933
Qatar Grand Prix,22.0,RUS,27.765
Qatar Grand Prix,22.0,PIA,0.0
Qatar Grand Prix,22.0,BEA,29.13
Qatar Grand Prix,23.0,VER,7.943
Qatar Grand Prix,23.0,GAS,40.867
Qatar Grand Prix,23.0,ANT,19.637
Qatar Grand Prix,23.0,ALO,27.25
Qatar Grand Prix,23.0,LEC,30.166
Qatar Grand Prix,23.0,STR,37.003
Qatar Grand Prix,23.0,TSU,32.847
Qatar Grand Prix,23.0,ALB,34.344
Qatar Grand Prix,23.0,LAW,32.078
Qatar Grand Prix,23.0,OCO,39.29
Qatar Grand Prix,23.0,NOR,3.86
Qatar Grand Prix,23.0,COL,38.389
Qatar Grand Prix,23.0,HAM,35.52
Qatar Grand Prix,23.0,BOR,36.172
Qatar Grand Prix,23.0,SAI,17.775
Qatar Grand Prix,23.0,HAD,28.204
Qatar Grand Prix,23.0,RUS,29.127
Qatar Grand Prix,23.0,PIA,0.0
Qatar Grand Prix,23.0,BEA,30.911
Qatar Grand Prix,24.0,VER,3.8529999999999998
Qatar Grand Prix,24.0,GAS,38.881
Qatar Grand Prix,24.0,ANT,16.433
Qatar Grand Prix,24.0,ALO,24.359
Qatar Grand Prix,24.0,LEC,27.574
Qatar Grand Prix,24.0,STR,39.511
Qatar Grand Prix,24.0,TSU,30.56
Qatar Grand Prix,24.0,ALB,32.048
Qatar Grand Prix,24.0,LAW,29.56
Qatar Grand Prix,24.0,OCO,37.236
Qatar Grand Prix,24.0,NOR,0.0
Qatar Grand Prix,24.0,COL,36.264
Qatar Grand Prix,24.0,HAM,33.398
Qatar Grand Prix,24.0,BOR,34.357
Qatar Grand Prix,24.0,SAI,14.595
Qatar Grand Prix,24.0,HAD,25.404
Qatar Grand Prix,24.0,RUS,26.251
Qatar Grand Prix,24.0,PIA,0.683
Qatar Grand Prix,24.0,BEA,28.277
Qatar Grand Prix,25.0,VER,0.0
Qatar Grand Prix,25.0,GAS,36.782
Qatar Grand Prix,25.0,ANT,13.57
Qatar Grand Prix,25.0,ALO,22.038
Qatar Grand Prix,25.0,LEC,25.461
Qatar Grand Prix,25.0,STR,57.531
Qatar Grand Prix,25.0,TSU,28.755
Qatar Grand Prix,25.0,ALB,29.957
Qatar Grand Prix,25.0,LAW,27.386
Qatar Grand Prix,25.0,OCO,35.09
Qatar Grand Prix,25.0,NOR,0.613
Qatar Grand Prix,25.0,COL,34.213
Qatar Grand Prix,25.0,HAM,31.562
Qatar Grand Prix,25.0,BOR,32.468
Qatar Grand Prix,25.0,SAI,11.823
Qatar Grand Prix,25.0,HAD,23.085
Qatar Grand Prix,25.0,RUS,24.023
Qatar Grand Prix,25.0,PIA,19.136
Qatar Grand Prix,25.0,BEA,26.312
Qatar Grand Prix,26.0,VER,0.0
Qatar Grand Prix,26.0,GAS,39.368
Qatar Grand Prix,26.0,ANT,14.713
Qatar Grand Prix,26.0,ALO,24.345
Qatar Grand Prix,26.0,LEC,27.361
Qatar Grand Prix,26.0,STR,58.251
Qatar Grand Prix,26.0,TSU,30.623
Qatar Grand Prix,26.0,ALB,31.957
Qatar Grand Prix,26.0,LAW,29.163
Qatar Grand Prix,26.0,OCO,37.814
Qatar Grand Prix,26.0,NOR,22.771
Qatar Grand Prix,26.0,COL,37.195
Qatar Grand Prix,26.0,HAM,33.506
Qatar Grand Prix,26.0,BOR,34.933
Qatar Grand Prix,26.0,SAI,13.168
Qatar Grand Prix,26.0,HAD,25.349
Qatar Grand Prix,26.0,RUS,26.161
Qatar Grand Prix,26.0,PIA,18.65
Qatar Grand Prix,26.0,BEA,28.172
Qatar Grand Prix,27.0,VER,0.0
Qatar Grand Prix,27.0,GAS,41.371
Qatar Grand Prix,27.0,ANT,15.532
Qatar Grand Prix,27.0,ALO,25.198
Qatar Grand Prix,27.0,LEC,28.988
Qatar Grand Prix,27.0,STR,59.269
Qatar Grand Prix,27.0,TSU,32.423
Qatar Grand Prix,27.0,ALB,33.694
Qatar Grand Prix,27.0,LAW,31.149
Qatar Grand Prix,27.0,OCO,39.999
Qatar Grand Prix,27.0,NOR,22.469
Qatar Grand Prix,27.0,COL,38.985
Qatar Grand Prix,27.0,HAM,35.06
Qatar Grand Prix,27.0,BOR,36.725
Qatar Grand Prix,27.0,SAI,14.122
Qatar Grand Prix,27.0,HAD,26.495
Qatar Grand Prix,27.0,RUS,27.779
Qatar Grand Prix,27.0,PIA,17.995
Qatar Grand Prix,27.0,BEA,30.003
Qatar Grand Prix,28.0,VER,0.0
Qatar Grand Prix,28.0,GAS,43.417
Qatar Grand Prix,28.0,ANT,16.609
Qatar Grand Prix,28.0,ALO,25.969
Qatar Grand Prix,28.0,LEC,30.666
Qatar Grand Prix,28.0,STR,60.271
Qatar Grand Prix,28.0,TSU,34.57
Qatar Grand Prix,28.0,ALB,35.728
Qatar Grand Prix,28.0,LAW,33.149
Qatar Grand Prix,28.0,OCO,42.038
Qatar Grand Prix,28.0,NOR,22.057
Qatar Grand Prix,28.0,COL,40.91
Qatar Grand Prix,28.0,HAM,37.032
Qatar Grand Prix,28.0,BOR,38.87
Qatar Grand Prix,28.0,SAI,14.84
Qatar Grand Prix,28.0,HAD,27.732
Qatar Grand Prix,28.0,RUS,29.3
Qatar Grand Prix,28.0,PIA,17.787
Qatar Grand Prix,28.0,BEA,32.224
Qatar Grand Prix,29.0,VER,0.0
Qatar Grand Prix,29.0,GAS,45.356
Qatar Grand Prix,29.0,ANT,17.493
Qatar Grand Prix,29.0,ALO,26.461
Qatar Grand Prix,29.0,LEC,32.355
Qatar Grand Prix,29.0,STR,61.067
Qatar Grand Prix,29.0,TSU,36.495
Qatar Grand Prix,29.0,ALB,37.657
Qatar Grand Prix,29.0,LAW,35.27
Qatar Grand Prix,29.0,OCO,43.874
Qatar Grand Prix,29.0,NOR,21.596
Qatar Grand Prix,29.0,COL,42.827
Qatar Grand Prix,29.0,HAM,38.833
Qatar Grand Prix,29.0,BOR,41.183
Qatar Grand Prix,29.0,SAI,15.777
Qatar Grand Prix,29.0,HAD,28.892
Qatar Grand Prix,29.0,RUS,30.674
Qatar Grand Prix,29.0,PIA,18.002
Qatar Grand Prix,29.0,BEA,33.998
Qatar Grand Prix,30.0,VER,0.0
Qatar Grand Prix,30.0,GAS,47.195
Qatar Grand Prix,30.0,ANT,20.396
Qatar Grand Prix,30.0,ALO,26.953
Qatar Grand Prix,30.0,LEC,33.911
Qatar Grand Prix,30.0,STR,62.033
Qatar Grand Prix,30.0,TSU,38.429
Qatar Grand Prix,30.0,ALB,39.671
Qatar Grand Prix,30.0,LAW,36.918
Qatar Grand Prix,30.0,OCO,46.099
Qatar Grand Prix,30.0,NOR,21.404
Qatar Grand Prix,30.0,COL,44.826
Qatar Grand Prix,30.0,HAM,40.663
Qatar Grand Prix,30.0,BOR,43.506
Qatar Grand Prix,30.0,SAI,16.68
Qatar Grand Prix,30.0,HAD,30.043
Qatar Grand Prix,30.0,RUS,31.951999999999998
Qatar Grand Prix,30.0,PIA,18.203
Qatar Grand Prix,30.0,BEA,35.679
Qatar Grand Prix,31.0,VER,0.0
Qatar Grand Prix,31.0,GAS,49.199
Qatar Grand Prix,31.0,ANT,21.241
Qatar Grand Prix,31.0,ALO,27.417
Qatar Grand Prix,31.0,LEC,35.496
Qatar Grand Prix,31.0,STR,63.02
Qatar Grand Prix,31.0,TSU,39.998
Qatar Grand Prix,31.0,ALB,41.389
Qatar Grand Prix,31.0,LAW,38.329
Qatar Grand Prix,31.0,OCO,48.207
Qatar Grand Prix,31.0,NOR,21.785
Qatar Grand Prix,31.0,COL,46.678
Qatar Grand Prix,31.0,HAM,42.356
Qatar Grand Prix,31.0,BOR,45.28
Qatar Grand Prix,31.0,SAI,17.44
Qatar Grand Prix,31.0,HAD,31.063
Qatar Grand Prix,31.0,RUS,33.18
Qatar Grand Prix,31.0,PIA,18.335
Qatar Grand Prix,31.0,BEA,37.091
Qatar Grand Prix,32.0,VER,0.0
Qatar Grand Prix,32.0,GAS,54.064
Qatar Grand Prix,32.0,ANT,22.648
Qatar Grand Prix,32.0,ALO,28.687
Qatar Grand Prix,32.0,LEC,37.559
Qatar Grand Prix,32.0,STR,59.814
Qatar Grand Prix,32.0,TSU,41.77
Qatar Grand Prix,32.0,ALB,43.261
Qatar Grand Prix,32.0,LAW,40.411
Qatar Grand Prix,32.0,OCO,45.981
Qatar Grand Prix,32.0,NOR,18.921
Qatar Grand Prix,32.0,COL,48.664
Qatar Grand Prix,32.0,HAM,44.646
Qatar Grand Prix,32.0,BOR,47.513
Qatar Grand Prix,32.0,SAI,18.493
Qatar Grand Prix,32.0,HAD,32.243
Qatar Grand Prix,32.0,RUS,34.574
Qatar Grand Prix,32.0,PIA,15.028
Qatar Grand Prix,32.0,BEA,38.816
Qatar Grand Prix,33.0,VER,7.699
Qatar Grand Prix,33.0,GAS,66.189
Qatar Grand Prix,33.0,ANT,32.398
Qatar Grand Prix,33.0,ALO,38.705
Qatar Grand Prix,33.0,LEC,46.712
Qatar Grand Prix,33.0,STR,48.043
Qatar Grand Prix,33.0,TSU,51.078
Qatar Grand Prix,33.0,ALB,52.257
Qatar Grand Prix,33.0,LAW,49.925
Qatar Grand Prix,33.0,OCO,34.232
Qatar Grand Prix,33.0,NOR,4.357
Qatar Grand Prix,33.0,COL,58.212
Qatar Grand Prix,33.0,HAM,53.171
Qatar Grand Prix,33.0,BOR,56.372
Qatar Grand Prix,33.0,SAI,27.043
Qatar Grand Prix,33.0,HAD,40.743
Qatar Grand Prix,33.0,RUS,43.762
Qatar Grand Prix,33.0,PIA,0.0
Qatar Grand Prix,33.0,BEA,64.67
Qatar Grand Prix,34.0,VER,8.047
Qatar Grand Prix,34.0,GAS,67.538
Qatar Grand Prix,34.0,ANT,33.074
Qatar Grand Prix,34.0,ALO,40.848
Qatar Grand Prix,34.0,LEC,47.721
Qatar Grand Prix,34.0,STR,49.557
Qatar Grand Prix,34.0,TSU,52.085
Qatar Grand Prix,34.0,ALB,53.181
Qatar Grand Prix,34.0,LAW,51.021
Qatar Grand Prix,34.0,OCO,40.623
Qatar Grand Prix,34.0,NOR,4.564
Qatar Grand Prix,34.0,COL,59.54
Qatar Grand Prix,34.0,HAM,54.042
Qatar Grand Prix,34.0,BOR,57.466
Qatar Grand Prix,34.0,SAI,27.813
Qatar Grand Prix,34.0,HAD,42.214
Qatar Grand Prix,34.0,RUS,44.379
Qatar Grand Prix,34.0,PIA,0.0
Qatar Grand Prix,34.0,BEA,65.103
Qatar Grand Prix,35.0,VER,8.496
Qatar Grand Prix,35.0,GAS,68.997
Qatar Grand Prix,35.0,ANT,33.482
Qatar Grand Prix,35.0,ALO,42.561
Qatar Grand Prix,35.0,LEC,48.636
Qatar Grand Prix,35.0,STR,50.942
Qatar Grand Prix,35.0,TSU,53.413
Qatar Grand Prix,35.0,ALB,54.509
Qatar Grand Prix,35.0,LAW,52.2
Qatar Grand Prix,35.0,OCO,65.548
Qatar Grand Prix,35.0,NOR,4.865
Qatar Grand Prix,35.0,COL,61.712
Qatar Grand Prix,35.0,HAM,55.539
Qatar Grand Prix,35.0,BOR,58.867
Qatar Grand Prix,35.0,SAI,28.65
Qatar Grand Prix,35.0,HAD,43.574
Qatar Grand Prix,35.0,RUS,45.322
Qatar Grand Prix,35.0,PIA,0.0
Qatar Grand Prix,35.0,BEA,66.306
Qatar Grand Prix,36.0,VER,8.696
Qatar Grand Prix,36.0,GAS,70.164
Qatar Grand Prix,36.0,ANT,33.693
Qatar Grand Prix,36.0,ALO,43.68
Qatar Grand Prix,36.0,LEC,49.32
Qatar Grand Prix,36.0,STR,53.361
Qatar Grand Prix,36.0,TSU,54.723
Qatar Grand Prix,36.0,ALB,55.856
Qatar Grand Prix,36.0,LAW,54.02
Qatar Grand Prix,36.0,OCO,66.06
Qatar Grand Prix,36.0,NOR,6.067
Qatar Grand Prix,36.0,COL,62.999
Qatar Grand Prix,36.0,HAM,57.198
Qatar Grand Prix,36.0,BOR,60.045
Qatar Grand Prix,36.0,SAI,28.838
Qatar Grand Prix,36.0,HAD,44.802
Qatar Grand Prix,36.0,RUS,46.075
Qatar Grand Prix,36.0,PIA,0.0
Qatar Grand Prix,36.0,BEA,67.343
Qatar Grand Prix,37.0,VER,8.74
Qatar Grand Prix,37.0,GAS,71.285
Qatar Grand Prix,37.0,ANT,33.508
Qatar Grand Prix,37.0,ALO,45.126
Qatar Grand Prix,37.0,LEC,49.949
Qatar Grand Prix,37.0,STR,54.456
Qatar Grand Prix,37.0,TSU,56.333
Qatar Grand Prix,37.0,ALB,57.379
Qatar Grand Prix,37.0,LAW,55.442
Qatar Grand Prix,37.0,OCO,67.056
Qatar Grand Prix,37.0,NOR,6.474
Qatar Grand Prix,37.0,COL,64.17
Qatar Grand Prix,37.0,HAM,58.697
Qatar Grand Prix,37.0,BOR,61.699
Qatar Grand Prix,37.0,SAI,29.177
Qatar Grand Prix,37.0,HAD,46.25
Qatar Grand Prix,37.0,RUS,46.786
Qatar Grand Prix,37.0,PIA,0.0
Qatar Grand Prix,37.0,BEA,68.22
Qatar Grand Prix,38.0,VER,9.081
Qatar Grand Prix,38.0,GAS,72.439
Qatar Grand Prix,38.0,ANT,33.371
Qatar Grand Prix,38.0,ALO,46.272
Qatar Grand Prix,38.0,LEC,50.579
Qatar Grand Prix,38.0,STR,55.517
Qatar Grand Prix,38.0,TSU,57.49
Qatar Grand Prix,38.0,ALB,58.654
Qatar Grand Prix,38.0,LAW,56.5
Qatar Grand Prix,38.0,OCO,68.034
Qatar Grand Prix,38.0,NOR,6.821
Qatar Grand Prix,38.0,COL,65.503
Qatar Grand Prix,38.0,HAM,60.236
Qatar Grand Prix,38.0,BOR,63.379
Qatar Grand Prix,38.0,SAI,29.465
Qatar Grand Prix,38.0,HAD,47.46
Qatar Grand Prix,38.0,RUS,48.361
Qatar Grand Prix,38.0,PIA,0.0
Qatar Grand Prix,38.0,BEA,69.231
Qatar Grand Prix,39.0,VER,9.233
Qatar Grand Prix,39.0,GAS,73.901
Qatar Grand Prix,39.0,ANT,33.582
Qatar Grand Prix,39.0,ALO,47.718
Qatar Grand Prix,39.0,LEC,51.413
Qatar Grand Prix,39.0,STR,56.587
Qatar Grand Prix,39.0,TSU,58.75
Qatar Grand Prix,39.0,ALB,60.157
Qatar Grand Prix,39.0,LAW,57.678
Qatar Grand Prix,39.0,OCO,69.142
Qatar Grand Prix,39.0,NOR,7.275
Qatar Grand Prix,39.0,COL,67.011
Qatar Grand Prix,39.0,HAM,61.652
Qatar Grand Prix,39.0,BOR,65.065
Qatar Grand Prix,39.0,SAI,29.819
Qatar Grand Prix,39.0,HAD,48.813
Qatar Grand Prix,39.0,RUS,49.541
Qatar Grand Prix,39.0,PIA,0.0
Qatar Grand Prix,39.0,BEA,70.128
Qatar Grand Prix,40.0,VER,8.997
Qatar Grand Prix,40.0,GAS,74.801
Qatar Grand Prix,40.0,ANT,33.269
Qatar Grand Prix,40.0,ALO,48.485
Qatar Grand Prix,40.0,LEC,52.007
Qatar Grand Prix,40.0,STR,57.038
Qatar Grand Prix,40.0,TSU,59.556
Qatar Grand Prix,40.0,ALB,61.255
Qatar Grand Prix,40.0,LAW,58.41
Qatar Grand Prix,40.0,OCO,69.907
Qatar Grand Prix,40.0,NOR,7.422
Qatar Grand Prix,40.0,COL,68.387
Qatar Grand Prix,40.0,HAM,62.712
Qatar Grand Prix,40.0,BOR,66.316
Qatar Grand Prix,40.0,SAI,29.639
Qatar Grand Prix,40.0,HAD,49.587
Qatar Grand Prix,40.0,RUS,50.652
Qatar Grand Prix,40.0,PIA,0.0
Qatar Grand Prix,40.0,BEA,75.504
Qatar Grand Prix,41.0,VER,8.779
Qatar Grand Prix,41.0,GAS,75.645
Qatar Grand Prix,41.0,ANT,32.899
Qatar Grand Prix,41.0,ALO,52.373
Qatar Grand Prix,41.0,LEC,53.416
Qatar Grand Prix,41.0,STR,57.884
Qatar Grand Prix,41.0,TSU,60.454
Qatar Grand Prix,41.0,ALB,62.226
Qatar Grand Prix,41.0,LAW,59.277
Qatar Grand Prix,41.0,OCO,71.018
Qatar Grand Prix,41.0,NOR,7.681
Qatar Grand Prix,41.0,COL,69.802
Qatar Grand Prix,41.0,HAM,63.741
Qatar Grand Prix,41.0,BOR,67.669
Qatar Grand Prix,41.0,SAI,29.414
Qatar Grand Prix,41.0,HAD,50.667
Qatar Grand Prix,41.0,RUS,51.306
Qatar Grand Prix,41.0,PIA,0.0
Qatar Grand Prix,41.0,BEA,111.852
Qatar Grand Prix,42.0,VER,4.431
Qatar Grand Prix,42.0,GAS,72.051
Qatar Grand Prix,42.0,ANT,28.217
Qatar Grand Prix,42.0,ALO,49.348
Qatar Grand Prix,42.0,LEC,50.303
Qatar Grand Prix,42.0,STR,54.554
Qatar Grand Prix,42.0,TSU,56.83
Qatar Grand Prix,42.0,ALB,58.759
Qatar Grand Prix,42.0,LAW,55.831
Qatar Grand Prix,42.0,OCO,67.806
Qatar Grand Prix,42.0,NOR,3.5949999999999998
Qatar Grand Prix,42.0,COL,66.58
Qatar Grand Prix,42.0,HAM,60.216
Qatar Grand Prix,42.0,BOR,64.445
Qatar Grand Prix,42.0,SAI,24.985
Qatar Grand Prix,42.0,HAD,47.021
Qatar Grand Prix,42.0,RUS,48.299
Qatar Grand Prix,42.0,PIA,0.0
Qatar Grand Prix,43.0,VER,0.762
Qatar Grand Prix,43.0,GAS,69.094
Qatar Grand Prix,43.0,ANT,24.109
Qatar Grand Prix,43.0,ALO,46.507
Qatar Grand Prix,43.0,LEC,47.407
Qatar Grand Prix,43.0,STR,51.613
Qatar Grand Prix,43.0,TSU,53.831
Qatar Grand Prix,43.0,ALB,55.96
Qatar Grand Prix,43.0,LAW,52.883
Qatar Grand Prix,43.0,OCO,65.189
Qatar Grand Prix,43.0,NOR,0.0
Qatar Grand Prix,43.0,COL,63.961
Qatar Grand Prix,43.0,HAM,57.786
Qatar Grand Prix,43.0,BOR,61.975
Qatar Grand Prix,43.0,SAI,21.295
Qatar Grand Prix,43.0,HAD,43.801
Qatar Grand Prix,43.0,RUS,44.996
Qatar Grand Prix,43.0,PIA,17.862
Qatar Grand Prix,44.0,VER,0.0
Qatar Grand Prix,44.0,GAS,69.188
Qatar Grand Prix,44.0,ANT,23.057
Qatar Grand Prix,44.0,ALO,46.38
Qatar Grand Prix,44.0,LEC,47.369
Qatar Grand Prix,44.0,STR,51.848
Qatar Grand Prix,44.0,TSU,53.961
Qatar Grand Prix,44.0,ALB,56.079
Qatar Grand Prix,44.0,LAW,52.797
Qatar Grand Prix,44.0,OCO,65.851
Qatar Grand Prix,44.0,NOR,3.791
Qatar Grand Prix,44.0,COL,64.847
Qatar Grand Prix,44.0,HAM,58.168
Qatar Grand Prix,44.0,BOR,62.423
Qatar Grand Prix,44.0,SAI,20.138
Qatar Grand Prix,44.0,HAD,43.406
Qatar Grand Prix,44.0,RUS,44.687
Qatar Grand Prix,44.0,PIA,15.395
Qatar Grand Prix,45.0,VER,0.0
Qatar Grand Prix,45.0,GAS,71.43
Qatar Grand Prix,45.0,ANT,23.857
Qatar Grand Prix,45.0,ALO,48.04
Qatar Grand Prix,45.0,LEC,48.957
Qatar Grand Prix,45.0,STR,53.823
Qatar Grand Prix,45.0,TSU,55.805
Qatar Grand Prix,45.0,ALB,57.991
Qatar Grand Prix,45.0,LAW,54.82
Qatar Grand Prix,45.0,OCO,68.273
Qatar Grand Prix,45.0,NOR,27.436
Qatar Grand Prix,45.0,COL,67.197
Qatar Grand Prix,45.0,HAM,60.173
Qatar Grand Prix,45.0,BOR,64.644
Qatar Grand Prix,45.0,SAI,21.143
Qatar Grand Prix,45.0,HAD,44.699
Qatar Grand Prix,45.0,RUS,45.863
Qatar Grand Prix,45.0,PIA,15.204
Qatar Grand Prix,46.0,VER,0.0
Qatar Grand Prix,46.0,GAS,73.184
Qatar Grand Prix,46.0,ANT,24.117
Qatar Grand Prix,46.0,ALO,48.94
Qatar Grand Prix,46.0,LEC,49.85
Qatar Grand Prix,46.0,STR,55.418
Qatar Grand Prix,46.0,TSU,57.328
Qatar Grand Prix,46.0,ALB,59.784
Qatar Grand Prix,46.0,LAW,56.237
Qatar Grand Prix,46.0,OCO,70.147
Qatar Grand Prix,46.0,NOR,27.182
Qatar Grand Prix,46.0,COL,69.202
Qatar Grand Prix,46.0,HAM,61.963
Qatar Grand Prix,46.0,BOR,66.433
Qatar Grand Prix,46.0,SAI,21.529
Qatar Grand Prix,46.0,HAD,45.47
Qatar Grand Prix,46.0,RUS,46.709
Qatar Grand Prix,46.0,PIA,14.65
Qatar Grand Prix,47.0,VER,0.0
Qatar Grand Prix,47.0,GAS,74.898
Qatar Grand Prix,47.0,ANT,24.488
Qatar Grand Prix,47.0,ALO,49.826
Qatar Grand Prix,47.0,LEC,50.923
Qatar Grand Prix,47.0,STR,56.986
Qatar Grand Prix,47.0,TSU,58.95
Qatar Grand Prix,47.0,ALB,61.215
Qatar Grand Prix,47.0,LAW,57.895
Qatar Grand Prix,47.0,OCO,72.36
Qatar Grand Prix,47.0,NOR,26.574
Qatar Grand Prix,47.0,COL,71.382
Qatar Grand Prix,47.0,HAM,64.155
Qatar Grand Prix,47.0,BOR,68.568
Qatar Grand Prix,47.0,SAI,21.906
Qatar Grand Prix,47.0,HAD,46.389
Qatar Grand Prix,47.0,RUS,47.399
Qatar Grand Prix,47.0,PIA,14.256
Qatar Grand Prix,48.0,VER,0.0
Qatar Grand Prix,48.0,GAS,76.673
Qatar Grand Prix,48.0,ANT,24.721
Qatar Grand Prix,48.0,ALO,51.017
Qatar Grand Prix,48.0,LEC,51.911
Qatar Grand Prix,48.0,STR,58.615
Qatar Grand Prix,48.0,TSU,60.332
Qatar Grand Prix,48.0,ALB,62.744
Qatar Grand Prix,48.0,LAW,59.401
Qatar Grand Prix,48.0,OCO,74.322
Qatar Grand Prix,48.0,NOR,26.08
Qatar Grand Prix,48.0,COL,73.422
Qatar Grand Prix,48.0,HAM,65.965
Qatar Grand Prix,48.0,BOR,70.534
Qatar Grand Prix,48.0,SAI,21.966
Qatar Grand Prix,48.0,HAD,47.091
Qatar Grand Prix,48.0,RUS,47.969
Qatar Grand Prix,48.0,PIA,13.519
Qatar Grand Prix,49.0,VER,0.0
Qatar Grand Prix,49.0,GAS,78.602
Qatar Grand Prix,49.0,ANT,25.509
Qatar Grand Prix,49.0,ALO,51.858
Qatar Grand Prix,49.0,LEC,52.853
Qatar Grand Prix,49.0,STR,64.643
Qatar Grand Prix,49.0,TSU,61.994
Qatar Grand Prix,49.0,ALB,64.263
Qatar Grand Prix,49.0,LAW,61.132
Qatar Grand Prix,49.0,OCO,76.29
Qatar Grand Prix,49.0,NOR,26.089
Qatar Grand Prix,49.0,COL,75.483
Qatar Grand Prix,49.0,HAM,67.768
Qatar Grand Prix,49.0,BOR,72.684
Qatar Grand Prix,49.0,SAI,22.236
Qatar Grand Prix,49.0,HAD,47.751
Qatar Grand Prix,49.0,RUS,48.941
Qatar Grand Prix,49.0,PIA,13.026
Qatar Grand Prix,50.0,VER,0.0
Qatar Grand Prix,50.0,GAS,80.558
Qatar Grand Prix,50.0,ANT,26.087
Qatar Grand Prix,50.0,ALO,53.077
Qatar Grand Prix,50.0,LEC,54.125
Qatar Grand Prix,50.0,STR,94.279
Qatar Grand Prix,50.0,TSU,62.752
Qatar Grand Prix,50.0,ALB,65.795
Qatar Grand Prix,50.0,LAW,61.783
Qatar Grand Prix,50.0,OCO,78.459
Qatar Grand Prix,50.0,NOR,26.728
Qatar Grand Prix,50.0,COL,77.668
Qatar Grand Prix,50.0,HAM,69.493
Qatar Grand Prix,50.0,BOR,75.247
Qatar Grand Prix,50.0,SAI,23.223
Qatar Grand Prix,50.0,HAD,48.676
Qatar Grand Prix,50.0,RUS,49.853
Qatar Grand Prix,50.0,PIA,12.776
Qatar Grand Prix,51.0,VER,0.0
Qatar Grand Prix,51.0,GAS,81.991
Qatar Grand Prix,51.0,ANT,26.22
Qatar Grand Prix,51.0,ALO,53.903
Qatar Grand Prix,51.0,LEC,54.954
Qatar Grand Prix,51.0,STR,93.774
Qatar Grand Prix,51.0,TSU,63.285
Qatar Grand Prix,51.0,ALB,66.598
Qatar Grand Prix,51.0,LAW,62.095
Qatar Grand Prix,51.0,OCO,80.235
Qatar Grand Prix,51.0,NOR,26.866
Qatar Grand Prix,51.0,COL,79.45
Qatar Grand Prix,51.0,HAM,70.828
Qatar Grand Prix,51.0,BOR,77.286
Qatar Grand Prix,51.0,SAI,23.76
Qatar Grand Prix,51.0,HAD,49.187
Qatar Grand Prix,51.0,RUS,50.494
Qatar Grand Prix,51.0,PIA,12.62
Qatar Grand Prix,52.0,VER,0.0
Qatar Grand Prix,52.0,GAS,83.271
Qatar Grand Prix,52.0,ANT,26.054
Qatar Grand Prix,52.0,ALO,54.03
Qatar Grand Prix,52.0,LEC,55.434
Qatar Grand Prix,52.0,STR,93.428
Qatar Grand Prix,52.0,TSU,63.586
Qatar Grand Prix,52.0,ALB,67.323
Qatar Grand Prix,52.0,LAW,62.082
Qatar Grand Prix,52.0,OCO,81.893
Qatar Grand Prix,52.0,NOR,26.866
Qatar Grand Prix,52.0,COL,80.953
Qatar Grand Prix,52.0,HAM,71.535
Qatar Grand Prix,52.0,BOR,79.125
Qatar Grand Prix,52.0,SAI,24.121
Qatar Grand Prix,52.0,HAD,49.363
Qatar Grand Prix,52.0,RUS,50.651
Qatar Grand Prix,52.0,PIA,12.379
Qatar Grand Prix,53.0,VER,0.0
Qatar Grand Prix,53.0,GAS,86.012
Qatar Grand Prix,53.0,ANT,25.599
Qatar Grand Prix,53.0,ALO,53.689
Qatar Grand Prix,53.0,LEC,56.051
Qatar Grand Prix,53.0,STR,94.068
Qatar Grand Prix,53.0,TSU,63.384
Qatar Grand Prix,53.0,ALB,67.424
Qatar Grand Prix,53.0,LAW,61.72
Qatar Grand Prix,53.0,OCO,83.382
Qatar Grand Prix,53.0,NOR,26.357
Qatar Grand Prix,53.0,COL,82.428
Qatar Grand Prix,53.0,HAM,72.783
Qatar Grand Prix,53.0,BOR,80.421
Qatar Grand Prix,53.0,SAI,23.985
Qatar Grand Prix,53.0,HAD,49.205
Qatar Grand Prix,53.0,RUS,50.46
Qatar Grand Prix,53.0,PIA,11.600999999999999
Qatar Grand Prix,54.0,VER,0.0
Qatar Grand Prix,54.0,GAS,86.71
Qatar Grand Prix,54.0,ANT,24.995
Qatar Grand Prix,54.0,ALO,53.081
Qatar Grand Prix,54.0,LEC,56.26
Qatar Grand Prix,54.0,STR,97.787
Qatar Grand Prix,54.0,TSU,62.85
Qatar Grand Prix,54.0,ALB,67.33
Qatar Grand Prix,54.0,LAW,61.013
Qatar Grand Prix,54.0,OCO,85.675
Qatar Grand Prix,54.0,NOR,25.752
Qatar Grand Prix,54.0,COL,83.661
Qatar Grand Prix,54.0,HAM,73.182
Qatar Grand Prix,54.0,BOR,80.976
Qatar Grand Prix,54.0,SAI,23.562
Qatar Grand Prix,54.0,HAD,48.932
Qatar Grand Prix,54.0,RUS,50.155
Qatar Grand Prix,54.0,PIA,10.812
Qatar Grand Prix,55.0,VER,0.0
Qatar Grand Prix,55.0,GAS,88.356
Qatar Grand Prix,55.0,ANT,24.545
Qatar Grand Prix,55.0,ALO,55.115
Qatar Grand Prix,55.0,LEC,56.794
Qatar Grand Prix,55.0,STR,106.333
Qatar Grand Prix,55.0,TSU,62.789
Qatar Grand Prix,55.0,ALB,67.629
Qatar Grand Prix,55.0,LAW,61.013
Qatar Grand Prix,55.0,OCO,87.588
Qatar Grand Prix,55.0,NOR,25.262
Qatar Grand Prix,55.0,COL,86.678
Qatar Grand Prix,55.0,HAM,74.983
Qatar Grand Prix,55.0,BOR,82.244
Qatar Grand Prix,55.0,SAI,23.242
Qatar Grand Prix,55.0,HAD,123.572
Qatar Grand Prix,55.0,RUS,51.476
Qatar Grand Prix,55.0,PIA,10.06
Qatar Grand Prix,56.0,VER,0.0
Qatar Grand Prix,56.0,GAS,89.909
Qatar Grand Prix,56.0,ANT,27.119
Qatar Grand Prix,56.0,ALO,55.073
Qatar Grand Prix,56.0,LEC,56.823
Qatar Grand Prix,56.0,TSU,62.599
Qatar Grand Prix,56.0,ALB,67.638
Qatar Grand Prix,56.0,LAW,60.986
Qatar Grand Prix,56.0,OCO,89.186
Qatar Grand Prix,56.0,NOR,24.784
Qatar Grand Prix,56.0,COL,88.251
Qatar Grand Prix,56.0,HAM,76.814
Qatar Grand Prix,56.0,BOR,83.16
Qatar Grand Prix,56.0,SAI,23.248
Qatar Grand Prix,56.0,RUS,50.271
Qatar Grand Prix,56.0,PIA,9.338
Qatar Grand Prix,57.0,VER,0.0
Qatar Grand Prix,57.0,ANT,28.317
Qatar Grand Prix,57.0,ALO,54.045
Qatar Grand Prix,57.0,LEC,56.785
Qatar Grand Prix,57.0,TSU,61.77
Qatar Grand Prix,57.0,ALB,66.931
Qatar Grand Prix,57.0,LAW,60.073
Qatar Grand Prix,57.0,NOR,23.315
Qatar Grand Prix,57.0,HAM,77.73
Qatar Grand Prix,57.0,BOR,84.812
Qatar Grand Prix,57.0,SAI,22.665
Qatar Grand Prix,57.0,RUS,48.599
Qatar Grand Prix,57.0,PIA,7.995
Abu Dhabi Grand Prix,1.0,VER,0.0
Abu Dhabi Grand Prix,1.0,PIA,1.229
Abu Dhabi Grand Prix,1.0,NOR,2.275
Abu Dhabi Grand Prix,1.0,LEC,2.947
Abu Dhabi Grand Prix,1.0,RUS,3.776
Abu Dhabi Grand Prix,1.0,ALO,3.303
Abu Dhabi Grand Prix,1.0,OCO,5.393
Abu Dhabi Grand Prix,1.0,HAM,7.658
Abu Dhabi Grand Prix,1.0,HUL,9.31
Abu Dhabi Grand Prix,1.0,STR,8.633
Abu Dhabi Grand Prix,1.0,BOR,4.264
Abu Dhabi Grand Prix,1.0,BEA,6.714
Abu Dhabi Grand Prix,1.0,SAI,7.333
Abu Dhabi Grand Prix,1.0,TSU,5.89
Abu Dhabi Grand Prix,1.0,ANT,9.049
Abu Dhabi Grand Prix,1.0,ALB,8.08
Abu Dhabi Grand Prix,1.0,HAD,4.984
Abu Dhabi Grand Prix,1.0,LAW,6.352
Abu Dhabi Grand Prix,1.0,GAS,9.604
Abu Dhabi Grand Prix,1.0,COL,10.0
Abu Dhabi Grand Prix,2.0,VER,0.0
Abu Dhabi Grand Prix,2.0,PIA,1.9260000000000002
Abu Dhabi Grand Prix,2.0,NOR,3.051
Abu Dhabi Grand Prix,2.0,LEC,3.917
Abu Dhabi Grand Prix,2.0,RUS,5.288
Abu Dhabi Grand Prix,2.0,ALO,4.582
Abu Dhabi Grand Prix,2.0,OCO,6.78
Abu Dhabi Grand Prix,2.0,HAM,9.394
Abu Dhabi Grand Prix,2.0,HUL,12.006
Abu Dhabi Grand Prix,2.0,STR,11.098
Abu Dhabi Grand Prix,2.0,BOR,5.803
Abu Dhabi Grand Prix,2.0,BEA,8.618
Abu Dhabi Grand Prix,2.0,SAI,10.2
Abu Dhabi Grand Prix,2.0,TSU,7.461
Abu Dhabi Grand Prix,2.0,ANT,11.647
Abu Dhabi Grand Prix,2.0,ALB,10.673
Abu Dhabi Grand Prix,2.0,HAD,6.307
Abu Dhabi Grand Prix,2.0,LAW,8.034
Abu Dhabi Grand Prix,2.0,GAS,12.497
Abu Dhabi Grand Prix,2.0,COL,12.953
Abu Dhabi Grand Prix,3.0,VER,0.0
Abu Dhabi Grand Prix,3.0,PIA,1.896
Abu Dhabi Grand Prix,3.0,NOR,3.356
Abu Dhabi Grand Prix,3.0,LEC,4.043
Abu Dhabi Grand Prix,3.0,RUS,5.8
Abu Dhabi Grand Prix,3.0,ALO,5.086
Abu Dhabi Grand Prix,3.0,OCO,7.531
Abu Dhabi Grand Prix,3.0,HAM,9.952
Abu Dhabi Grand Prix,3.0,HUL,12.966
Abu Dhabi Grand Prix,3.0,STR,11.862
Abu Dhabi Grand Prix,3.0,BOR,6.385
Abu Dhabi Grand Prix,3.0,BEA,9.53
Abu Dhabi Grand Prix,3.0,SAI,10.764
Abu Dhabi Grand Prix,3.0,TSU,8.289
Abu Dhabi Grand Prix,3.0,ANT,12.584
Abu Dhabi Grand Prix,3.0,ALB,11.342
Abu Dhabi Grand Prix,3.0,HAD,6.963
Abu Dhabi Grand Prix,3.0,LAW,8.945
Abu Dhabi Grand Prix,3.0,GAS,13.806000000000001
Abu Dhabi Grand Prix,3.0,COL,14.701
Abu Dhabi Grand Prix,4.0,VER,0.0
Abu Dhabi Grand Prix,4.0,PIA,2.259
Abu Dhabi Grand Prix,4.0,NOR,3.634
Abu Dhabi Grand Prix,4.0,LEC,4.423
Abu Dhabi Grand Prix,4.0,RUS,5.574
Abu Dhabi Grand Prix,4.0,ALO,6.419
Abu Dhabi Grand Prix,4.0,OCO,8.468
Abu Dhabi Grand Prix,4.0,HAM,11.272
Abu Dhabi Grand Prix,4.0,HUL,13.975999999999999
Abu Dhabi Grand Prix,4.0,STR,13.072
Abu Dhabi Grand Prix,4.0,BOR,7.044
Abu Dhabi Grand Prix,4.0,BEA,10.708
Abu Dhabi Grand Prix,4.0,SAI,12.03
Abu Dhabi Grand Prix,4.0,TSU,9.247
Abu Dhabi Grand Prix,4.0,ANT,13.545
Abu Dhabi Grand Prix,4.0,ALB,12.653
Abu Dhabi Grand Prix,4.0,HAD,7.6370000000000005
Abu Dhabi Grand Prix,4.0,LAW,10.043
Abu Dhabi Grand Prix,4.0,GAS,14.912
Abu Dhabi Grand Prix,4.0,COL,15.983
Abu Dhabi Grand Prix,5.0,VER,0.0
Abu Dhabi Grand Prix,5.0,PIA,2.322
Abu Dhabi Grand Prix,5.0,NOR,3.757
Abu Dhabi Grand Prix,5.0,LEC,4.79
Abu Dhabi Grand Prix,5.0,RUS,5.868
Abu Dhabi Grand Prix,5.0,ALO,6.92
Abu Dhabi Grand Prix,5.0,OCO,8.936
Abu Dhabi Grand Prix,5.0,HAM,11.806000000000001
Abu Dhabi Grand Prix,5.0,HUL,15.057
Abu Dhabi Grand Prix,5.0,STR,13.835
Abu Dhabi Grand Prix,5.0,BOR,7.535
Abu Dhabi Grand Prix,5.0,BEA,11.203
Abu Dhabi Grand Prix,5.0,SAI,12.559
Abu Dhabi Grand Prix,5.0,TSU,9.875
Abu Dhabi Grand Prix,5.0,ANT,14.557
Abu Dhabi Grand Prix,5.0,ALB,13.272
Abu Dhabi Grand Prix,5.0,HAD,8.203
Abu Dhabi Grand Prix,5.0,LAW,10.567
Abu Dhabi Grand Prix,5.0,GAS,16.125
Abu Dhabi Grand Prix,5.0,COL,17.278
Abu Dhabi Grand Prix,6.0,VER,0.0
Abu Dhabi Grand Prix,6.0,PIA,2.337
Abu Dhabi Grand Prix,6.0,NOR,3.805
Abu Dhabi Grand Prix,6.0,LEC,4.757
Abu Dhabi Grand Prix,6.0,RUS,6.025
Abu Dhabi Grand Prix,6.0,ALO,7.5600000000000005
Abu Dhabi Grand Prix,6.0,OCO,9.651
Abu Dhabi Grand Prix,6.0,HAM,12.288
Abu Dhabi Grand Prix,6.0,HUL,15.54
Abu Dhabi Grand Prix,6.0,STR,14.251
Abu Dhabi Grand Prix,6.0,BOR,8.207
Abu Dhabi Grand Prix,6.0,BEA,11.719
Abu Dhabi Grand Prix,6.0,SAI,13.061
Abu Dhabi Grand Prix,6.0,TSU,10.464
Abu Dhabi Grand Prix,6.0,ANT,15.045
Abu Dhabi Grand Prix,6.0,ALB,13.723
Abu Dhabi Grand Prix,6.0,HAD,8.986
Abu Dhabi Grand Prix,6.0,LAW,11.12
Abu Dhabi Grand Prix,6.0,GAS,17.244
Abu Dhabi Grand Prix,6.0,COL,18.73
Abu Dhabi Grand Prix,7.0,VER,0.0
Abu Dhabi Grand Prix,7.0,PIA,2.161
Abu Dhabi Grand Prix,7.0,NOR,3.878
Abu Dhabi Grand Prix,7.0,LEC,4.684
Abu Dhabi Grand Prix,7.0,RUS,6.04
Abu Dhabi Grand Prix,7.0,ALO,8.135
Abu Dhabi Grand Prix,7.0,OCO,10.302
Abu Dhabi Grand Prix,7.0,HAM,13.083
Abu Dhabi Grand Prix,7.0,HUL,17.768
Abu Dhabi Grand Prix,7.0,STR,14.899000000000001
Abu Dhabi Grand Prix,7.0,BOR,8.83
Abu Dhabi Grand Prix,7.0,BEA,12.521
Abu Dhabi Grand Prix,7.0,SAI,13.696
Abu Dhabi Grand Prix,7.0,TSU,11.188
Abu Dhabi Grand Prix,7.0,ANT,15.609
Abu Dhabi Grand Prix,7.0,ALB,14.399000000000001
Abu Dhabi Grand Prix,7.0,HAD,9.531
Abu Dhabi Grand Prix,7.0,LAW,11.913
Abu Dhabi Grand Prix,7.0,GAS,18.037
Abu Dhabi Grand Prix,7.0,COL,19.596
Abu Dhabi Grand Prix,8.0,VER,0.0
Abu Dhabi Grand Prix,8.0,PIA,2.056
Abu Dhabi Grand Prix,8.0,NOR,3.787
Abu Dhabi Grand Prix,8.0,LEC,4.689
Abu Dhabi Grand Prix,8.0,RUS,6.563
Abu Dhabi Grand Prix,8.0,ALO,8.633
Abu Dhabi Grand Prix,8.0,OCO,11.13
Abu Dhabi Grand Prix,8.0,HAM,15.731
Abu Dhabi Grand Prix,8.0,HUL,36.689
Abu Dhabi Grand Prix,8.0,STR,15.737
Abu Dhabi Grand Prix,8.0,BOR,9.495
Abu Dhabi Grand Prix,8.0,BEA,13.263
Abu Dhabi Grand Prix,8.0,SAI,14.653
Abu Dhabi Grand Prix,8.0,TSU,11.982
Abu Dhabi Grand Prix,8.0,ANT,16.449
Abu Dhabi Grand Prix,8.0,ALB,16.772
Abu Dhabi Grand Prix,8.0,HAD,10.346
Abu Dhabi Grand Prix,8.0,LAW,12.652
Abu Dhabi Grand Prix,8.0,GAS,19.048
Abu Dhabi Grand Prix,8.0,COL,20.696
Abu Dhabi Grand Prix,9.0,VER,0.0
Abu Dhabi Grand Prix,9.0,PIA,2.214
Abu Dhabi Grand Prix,9.0,NOR,3.901
Abu Dhabi Grand Prix,9.0,LEC,4.93
Abu Dhabi Grand Prix,9.0,RUS,7.355
Abu Dhabi Grand Prix,9.0,ALO,9.231
Abu Dhabi Grand Prix,9.0,OCO,11.862
Abu Dhabi Grand Prix,9.0,HAM,34.818
Abu Dhabi Grand Prix,9.0,HUL,35.718
Abu Dhabi Grand Prix,9.0,STR,16.043
Abu Dhabi Grand Prix,9.0,BOR,10.14
Abu Dhabi Grand Prix,9.0,BEA,14.135
Abu Dhabi Grand Prix,9.0,SAI,15.287
Abu Dhabi Grand Prix,9.0,TSU,12.753
Abu Dhabi Grand Prix,9.0,ANT,17.064
Abu Dhabi Grand Prix,9.0,ALB,36.719
Abu Dhabi Grand Prix,9.0,HAD,11.011
Abu Dhabi Grand Prix,9.0,LAW,13.592
Abu Dhabi Grand Prix,9.0,GAS,20.035
Abu Dhabi Grand Prix,9.0,COL,21.834
Abu Dhabi Grand Prix,10.0,VER,0.0
Abu Dhabi Grand Prix,10.0,PIA,2.217
Abu Dhabi Grand Prix,10.0,NOR,4.071
Abu Dhabi Grand Prix,10.0,LEC,5.095
Abu Dhabi Grand Prix,10.0,RUS,7.896
Abu Dhabi Grand Prix,10.0,ALO,9.791
Abu Dhabi Grand Prix,10.0,OCO,12.729
Abu Dhabi Grand Prix,10.0,HAM,33.87
Abu Dhabi Grand Prix,10.0,HUL,35.256
Abu Dhabi Grand Prix,10.0,STR,16.853
Abu Dhabi Grand Prix,10.0,BOR,10.761
Abu Dhabi Grand Prix,10.0,BEA,15.424
Abu Dhabi Grand Prix,10.0,SAI,16.279
Abu Dhabi Grand Prix,10.0,TSU,13.876
Abu Dhabi Grand Prix,10.0,ANT,17.687
Abu Dhabi Grand Prix,10.0,ALB,36.628
Abu Dhabi Grand Prix,10.0,HAD,11.892
Abu Dhabi Grand Prix,10.0,LAW,14.677
Abu Dhabi Grand Prix,10.0,GAS,21.156
Abu Dhabi Grand Prix,10.0,COL,23.206
Abu Dhabi Grand Prix,11.0,VER,0.0
Abu Dhabi Grand Prix,11.0,PIA,2.145
Abu Dhabi Grand Prix,11.0,NOR,4.354
Abu Dhabi Grand Prix,11.0,LEC,5.466
Abu Dhabi Grand Prix,11.0,RUS,8.402
Abu Dhabi Grand Prix,11.0,ALO,10.053
Abu Dhabi Grand Prix,11.0,OCO,14.049
Abu Dhabi Grand Prix,11.0,HAM,33.354
Abu Dhabi Grand Prix,11.0,HUL,35.136
Abu Dhabi Grand Prix,11.0,STR,18.014
Abu Dhabi Grand Prix,11.0,BOR,11.446
Abu Dhabi Grand Prix,11.0,BEA,16.789
Abu Dhabi Grand Prix,11.0,SAI,17.613
Abu Dhabi Grand Prix,11.0,TSU,14.99
Abu Dhabi Grand Prix,11.0,ANT,18.804
Abu Dhabi Grand Prix,11.0,ALB,36.897
Abu Dhabi Grand Prix,11.0,HAD,13.294
Abu Dhabi Grand Prix,11.0,LAW,15.808
Abu Dhabi Grand Prix,11.0,GAS,22.753
Abu Dhabi Grand Prix,11.0,COL,24.552
Abu Dhabi Grand Prix,12.0,VER,0.0
Abu Dhabi Grand Prix,12.0,PIA,2.094
Abu Dhabi Grand Prix,12.0,NOR,4.493
Abu Dhabi Grand Prix,12.0,LEC,5.98
Abu Dhabi Grand Prix,12.0,RUS,8.954
Abu Dhabi Grand Prix,12.0,ALO,10.479
Abu Dhabi Grand Prix,12.0,OCO,15.292
Abu Dhabi Grand Prix,12.0,HAM,33.409
Abu Dhabi Grand Prix,12.0,HUL,34.757
Abu Dhabi Grand Prix,12.0,STR,19.641
Abu Dhabi Grand Prix,12.0,BOR,12.054
Abu Dhabi Grand Prix,12.0,BEA,18.263
Abu Dhabi Grand Prix,12.0,SAI,19.025
Abu Dhabi Grand Prix,12.0,TSU,16.307
Abu Dhabi Grand Prix,12.0,ANT,20.327
Abu Dhabi Grand Prix,12.0,ALB,36.814
Abu Dhabi Grand Prix,12.0,HAD,14.384
Abu Dhabi Grand Prix,12.0,LAW,17.175
Abu Dhabi Grand Prix,12.0,GAS,25.0
Abu Dhabi Grand Prix,12.0,COL,26.472
Abu Dhabi Grand Prix,13.0,VER,0.0
Abu Dhabi Grand Prix,13.0,PIA,1.722
Abu Dhabi Grand Prix,13.0,NOR,4.605
Abu Dhabi Grand Prix,13.0,LEC,6.285
Abu Dhabi Grand Prix,13.0,RUS,9.381
Abu Dhabi Grand Prix,13.0,ALO,10.814
Abu Dhabi Grand Prix,13.0,OCO,16.735
Abu Dhabi Grand Prix,13.0,HAM,33.249
Abu Dhabi Grand Prix,13.0,HUL,34.56
Abu Dhabi Grand Prix,13.0,STR,21.161
Abu Dhabi Grand Prix,13.0,BOR,12.565
Abu Dhabi Grand Prix,13.0,BEA,19.69
Abu Dhabi Grand Prix,13.0,SAI,20.501
Abu Dhabi Grand Prix,13.0,TSU,17.575
Abu Dhabi Grand Prix,13.0,ANT,21.67
Abu Dhabi Grand Prix,13.0,ALB,36.873
Abu Dhabi Grand Prix,13.0,HAD,15.815
Abu Dhabi Grand Prix,13.0,LAW,18.587
Abu Dhabi Grand Prix,13.0,GAS,28.907
Abu Dhabi Grand Prix,13.0,COL,28.402
Abu Dhabi Grand Prix,14.0,VER,0.0
Abu Dhabi Grand Prix,14.0,PIA,1.821
Abu Dhabi Grand Prix,14.0,NOR,5.14
Abu Dhabi Grand Prix,14.0,LEC,6.813
Abu Dhabi Grand Prix,14.0,RUS,11.936
Abu Dhabi Grand Prix,14.0,ALO,11.555
Abu Dhabi Grand Prix,14.0,OCO,18.231
Abu Dhabi Grand Prix,14.0,HAM,32.999
Abu Dhabi Grand Prix,14.0,HUL,34.512
Abu Dhabi Grand Prix,14.0,STR,22.549
Abu Dhabi Grand Prix,14.0,BOR,13.398
Abu Dhabi Grand Prix,14.0,BEA,22.832
Abu Dhabi Grand Prix,14.0,SAI,22.034
Abu Dhabi Grand Prix,14.0,TSU,19.179
Abu Dhabi Grand Prix,14.0,ANT,23.253
Abu Dhabi Grand Prix,14.0,ALB,37.14
Abu Dhabi Grand Prix,14.0,HAD,19.048
Abu Dhabi Grand Prix,14.0,LAW,20.384
Abu Dhabi Grand Prix,14.0,GAS,50.923
Abu Dhabi Grand Prix,14.0,COL,30.075
Abu Dhabi Grand Prix,15.0,VER,0.0
Abu Dhabi Grand Prix,15.0,PIA,1.654
Abu Dhabi Grand Prix,15.0,NOR,5.027
Abu Dhabi Grand Prix,15.0,LEC,7.108
Abu Dhabi Grand Prix,15.0,RUS,31.686
Abu Dhabi Grand Prix,15.0,ALO,11.688
Abu Dhabi Grand Prix,15.0,OCO,18.774
Abu Dhabi Grand Prix,15.0,HAM,32.87
Abu Dhabi Grand Prix,15.0,HUL,34.297
Abu Dhabi Grand Prix,15.0,STR,23.777
Abu Dhabi Grand Prix,15.0,BOR,15.527
Abu Dhabi Grand Prix,15.0,BEA,43.378
Abu Dhabi Grand Prix,15.0,SAI,23.193
Abu Dhabi Grand Prix,15.0,TSU,20.032
Abu Dhabi Grand Prix,15.0,ANT,24.48
Abu Dhabi Grand Prix,15.0,ALB,37.256
Abu Dhabi Grand Prix,15.0,HAD,39.59
Abu Dhabi Grand Prix,15.0,LAW,21.73
Abu Dhabi Grand Prix,15.0,GAS,51.037
Abu Dhabi Grand Prix,15.0,COL,33.171
Abu Dhabi Grand Prix,16.0,VER,0.0
Abu Dhabi Grand Prix,16.0,PIA,1.875
Abu Dhabi Grand Prix,16.0,NOR,7.289
Abu Dhabi Grand Prix,16.0,LEC,9.638
Abu Dhabi Grand Prix,16.0,RUS,30.874
Abu Dhabi Grand Prix,16.0,ALO,14.156
Abu Dhabi Grand Prix,16.0,OCO,20.141
Abu Dhabi Grand Prix,16.0,HAM,32.871
Abu Dhabi Grand Prix,16.0,HUL,34.039
Abu Dhabi Grand Prix,16.0,STR,24.701
Abu Dhabi Grand Prix,16.0,BOR,35.749
Abu Dhabi Grand Prix,16.0,BEA,43.181
Abu Dhabi Grand Prix,16.0,SAI,25.588
Abu Dhabi Grand Prix,16.0,TSU,21.51
Abu Dhabi Grand Prix,16.0,ANT,26.14
Abu Dhabi Grand Prix,16.0,ALB,37.703
Abu Dhabi Grand Prix,16.0,HAD,39.969
Abu Dhabi Grand Prix,16.0,LAW,23.636
Abu Dhabi Grand Prix,16.0,GAS,51.148
Abu Dhabi Grand Prix,16.0,COL,55.105
Abu Dhabi Grand Prix,17.0,VER,0.0
Abu Dhabi Grand Prix,17.0,PIA,1.8319999999999999
Abu Dhabi Grand Prix,17.0,NOR,28.03
Abu Dhabi Grand Prix,17.0,LEC,30.276
Abu Dhabi Grand Prix,17.0,RUS,31.331
Abu Dhabi Grand Prix,17.0,ALO,35.826
Abu Dhabi Grand Prix,17.0,OCO,21.513
Abu Dhabi Grand Prix,17.0,HAM,32.592
Abu Dhabi Grand Prix,17.0,HUL,33.605
Abu Dhabi Grand Prix,17.0,STR,26.037
Abu Dhabi Grand Prix,17.0,BOR,36.548
Abu Dhabi Grand Prix,17.0,BEA,43.466
Abu Dhabi Grand Prix,17.0,SAI,27.18
Abu Dhabi Grand Prix,17.0,TSU,22.847
Abu Dhabi Grand Prix,17.0,ANT,27.682
Abu Dhabi Grand Prix,17.0,ALB,38.258
Abu Dhabi Grand Prix,17.0,HAD,40.533
Abu Dhabi Grand Prix,17.0,LAW,25.401
Abu Dhabi Grand Prix,17.0,GAS,51.063
Abu Dhabi Grand Prix,17.0,COL,55.374
Abu Dhabi Grand Prix,18.0,VER,0.0
Abu Dhabi Grand Prix,18.0,PIA,1.7930000000000001
Abu Dhabi Grand Prix,18.0,NOR,28.392
Abu Dhabi Grand Prix,18.0,LEC,30.552
Abu Dhabi Grand Prix,18.0,RUS,31.592
Abu Dhabi Grand Prix,18.0,ALO,36.223
Abu Dhabi Grand Prix,18.0,OCO,22.931
Abu Dhabi Grand Prix,18.0,HAM,32.696
Abu Dhabi Grand Prix,18.0,HUL,33.61
Abu Dhabi Grand Prix,18.0,STR,27.864
Abu Dhabi Grand Prix,18.0,BOR,37.068
Abu Dhabi Grand Prix,18.0,BEA,43.403
Abu Dhabi Grand Prix,18.0,SAI,31.115
Abu Dhabi Grand Prix,18.0,TSU,23.98
Abu Dhabi Grand Prix,18.0,ANT,29.891
Abu Dhabi Grand Prix,18.0,ALB,38.649
Abu Dhabi Grand Prix,18.0,HAD,40.806
Abu Dhabi Grand Prix,18.0,LAW,27.231
Abu Dhabi Grand Prix,18.0,GAS,50.954
Abu Dhabi Grand Prix,18.0,COL,55.601
Abu Dhabi Grand Prix,19.0,VER,0.0
Abu Dhabi Grand Prix,19.0,PIA,1.7770000000000001
Abu Dhabi Grand Prix,19.0,NOR,28.459
Abu Dhabi Grand Prix,19.0,LEC,30.467
Abu Dhabi Grand Prix,19.0,RUS,32.169
Abu Dhabi Grand Prix,19.0,ALO,36.721
Abu Dhabi Grand Prix,19.0,OCO,26.377
Abu Dhabi Grand Prix,19.0,HAM,32.923
Abu Dhabi Grand Prix,19.0,HUL,33.732
Abu Dhabi Grand Prix,19.0,STR,30.05
Abu Dhabi Grand Prix,19.0,BOR,37.49
Abu Dhabi Grand Prix,19.0,BEA,43.711
Abu Dhabi Grand Prix,19.0,SAI,50.778
Abu Dhabi Grand Prix,19.0,TSU,25.051
Abu Dhabi Grand Prix,19.0,ANT,31.396
Abu Dhabi Grand Prix,19.0,ALB,39.082
Abu Dhabi Grand Prix,19.0,HAD,41.67
Abu Dhabi Grand Prix,19.0,LAW,29.432
Abu Dhabi Grand Prix,19.0,GAS,51.942
Abu Dhabi Grand Prix,19.0,COL,55.699
Abu Dhabi Grand Prix,20.0,VER,0.0
Abu Dhabi Grand Prix,20.0,PIA,2.112
Abu Dhabi Grand Prix,20.0,NOR,28.43
Abu Dhabi Grand Prix,20.0,LEC,30.166
Abu Dhabi Grand Prix,20.0,RUS,32.898
Abu Dhabi Grand Prix,20.0,ALO,37.271
Abu Dhabi Grand Prix,20.0,OCO,46.621
Abu Dhabi Grand Prix,20.0,HAM,34.102
Abu Dhabi Grand Prix,20.0,HUL,34.66
Abu Dhabi Grand Prix,20.0,STR,32.272
Abu Dhabi Grand Prix,20.0,BOR,38.061
Abu Dhabi Grand Prix,20.0,BEA,43.941
Abu Dhabi Grand Prix,20.0,SAI,50.44
Abu Dhabi Grand Prix,20.0,TSU,25.587
Abu Dhabi Grand Prix,20.0,ANT,33.583
Abu Dhabi Grand Prix,20.0,ALB,39.634
Abu Dhabi Grand Prix,20.0,HAD,42.141
Abu Dhabi Grand Prix,20.0,LAW,31.759
Abu Dhabi Grand Prix,20.0,GAS,52.296
Abu Dhabi Grand Prix,20.0,COL,55.841
Abu Dhabi Grand Prix,21.0,VER,0.0
Abu Dhabi Grand Prix,21.0,PIA,2.255
Abu Dhabi Grand Prix,21.0,NOR,28.122
Abu Dhabi Grand Prix,21.0,LEC,29.78
Abu Dhabi Grand Prix,21.0,RUS,33.522
Abu Dhabi Grand Prix,21.0,ALO,37.861
Abu Dhabi Grand Prix,21.0,OCO,45.935
Abu Dhabi Grand Prix,21.0,HAM,36.454
Abu Dhabi Grand Prix,21.0,HUL,36.925
Abu Dhabi Grand Prix,21.0,STR,34.833
Abu Dhabi Grand Prix,21.0,BOR,38.676
Abu Dhabi Grand Prix,21.0,BEA,44.145
Abu Dhabi Grand Prix,21.0,SAI,50.219
Abu Dhabi Grand Prix,21.0,TSU,26.46
Abu Dhabi Grand Prix,21.0,ANT,35.949
Abu Dhabi Grand Prix,21.0,ALB,40.463
Abu Dhabi Grand Prix,21.0,HAD,43.005
Abu Dhabi Grand Prix,21.0,LAW,38.131
Abu Dhabi Grand Prix,21.0,GAS,52.297
Abu Dhabi Grand Prix,21.0,COL,55.83
Abu Dhabi Grand Prix,22.0,VER,0.0
Abu Dhabi Grand Prix,22.0,PIA,2.515
Abu Dhabi Grand Prix,22.0,NOR,27.862
Abu Dhabi Grand Prix,22.0,LEC,29.428
Abu Dhabi Grand Prix,22.0,RUS,33.678
Abu Dhabi Grand Prix,22.0,ALO,38.939
Abu Dhabi Grand Prix,22.0,OCO,45.432
Abu Dhabi Grand Prix,22.0,HAM,37.746
Abu Dhabi Grand Prix,22.0,HUL,38.414
Abu Dhabi Grand Prix,22.0,STR,36.258
Abu Dhabi Grand Prix,22.0,BOR,39.773
Abu Dhabi Grand Prix,22.0,BEA,44.375
Abu Dhabi Grand Prix,22.0,SAI,50.276
Abu Dhabi Grand Prix,22.0,TSU,27.221
Abu Dhabi Grand Prix,22.0,ANT,37.224
Abu Dhabi Grand Prix,22.0,ALB,41.518
Abu Dhabi Grand Prix,22.0,HAD,43.55
Abu Dhabi Grand Prix,22.0,LAW,66.646
Abu Dhabi Grand Prix,22.0,GAS,52.744
Abu Dhabi Grand Prix,22.0,COL,56.215
Abu Dhabi Grand Prix,23.0,VER,0.0
Abu Dhabi Grand Prix,23.0,PIA,0.665
Abu Dhabi Grand Prix,23.0,NOR,25.325
Abu Dhabi Grand Prix,23.0,LEC,27.658
Abu Dhabi Grand Prix,23.0,RUS,31.961
Abu Dhabi Grand Prix,23.0,ALO,36.994
Abu Dhabi Grand Prix,23.0,OCO,42.949
Abu Dhabi Grand Prix,23.0,HAM,36.457
Abu Dhabi Grand Prix,23.0,HUL,37.957
Abu Dhabi Grand Prix,23.0,STR,34.866
Abu Dhabi Grand Prix,23.0,BOR,38.405
Abu Dhabi Grand Prix,23.0,BEA,43.944
Abu Dhabi Grand Prix,23.0,SAI,48.351
Abu Dhabi Grand Prix,23.0,TSU,27.284
Abu Dhabi Grand Prix,23.0,ANT,35.988
Abu Dhabi Grand Prix,23.0,ALB,40.774
Abu Dhabi Grand Prix,23.0,HAD,42.263
Abu Dhabi Grand Prix,23.0,LAW,65.107
Abu Dhabi Grand Prix,23.0,GAS,51.108
Abu Dhabi Grand Prix,23.0,COL,54.567
Abu Dhabi Grand Prix,24.0,VER,18.823
Abu Dhabi Grand Prix,24.0,PIA,0.0
Abu Dhabi Grand Prix,24.0,NOR,24.1
Abu Dhabi Grand Prix,24.0,LEC,26.576999999999998
Abu Dhabi Grand Prix,24.0,RUS,31.45
Abu Dhabi Grand Prix,24.0,ALO,37.697
Abu Dhabi Grand Prix,24.0,OCO,41.87
Abu Dhabi Grand Prix,24.0,HAM,36.223
Abu Dhabi Grand Prix,24.0,HUL,39.13
Abu Dhabi Grand Prix,24.0,STR,34.738
Abu Dhabi Grand Prix,24.0,BOR,38.45
Abu Dhabi Grand Prix,24.0,BEA,43.954
Abu Dhabi Grand Prix,24.0,SAI,47.578
Abu Dhabi Grand Prix,24.0,TSU,28.646
Abu Dhabi Grand Prix,24.0,ANT,37.175
Abu Dhabi Grand Prix,24.0,ALB,41.062
Abu Dhabi Grand Prix,24.0,HAD,42.784
Abu Dhabi Grand Prix,24.0,LAW,64.267
Abu Dhabi Grand Prix,24.0,GAS,50.755
Abu Dhabi Grand Prix,24.0,COL,54.319
Abu Dhabi Grand Prix,25.0,VER,18.255
Abu Dhabi Grand Prix,25.0,PIA,0.0
Abu Dhabi Grand Prix,25.0,NOR,23.194
Abu Dhabi Grand Prix,25.0,LEC,25.487
Abu Dhabi Grand Prix,25.0,RUS,31.509
Abu Dhabi Grand Prix,25.0,ALO,38.696
Abu Dhabi Grand Prix,25.0,OCO,41.727
Abu Dhabi Grand Prix,25.0,HAM,36.772
Abu Dhabi Grand Prix,25.0,HUL,39.982
Abu Dhabi Grand Prix,25.0,STR,35.331
Abu Dhabi Grand Prix,25.0,BOR,39.28
Abu Dhabi Grand Prix,25.0,BEA,44.36
Abu Dhabi Grand Prix,25.0,SAI,47.974
Abu Dhabi Grand Prix,25.0,TSU,29.457
Abu Dhabi Grand Prix,25.0,ANT,38.114
Abu Dhabi Grand Prix,25.0,ALB,42.735
Abu Dhabi Grand Prix,25.0,HAD,45.701
Abu Dhabi Grand Prix,25.0,LAW,64.504
Abu Dhabi Grand Prix,25.0,GAS,51.209
Abu Dhabi Grand Prix,25.0,COL,55.196
Abu Dhabi Grand Prix,26.0,VER,17.075
Abu Dhabi Grand Prix,26.0,PIA,0.0
Abu Dhabi Grand Prix,26.0,NOR,22.188
Abu Dhabi Grand Prix,26.0,LEC,24.039
Abu Dhabi Grand Prix,26.0,RUS,31.448
Abu Dhabi Grand Prix,26.0,ALO,39.028
Abu Dhabi Grand Prix,26.0,OCO,41.702
Abu Dhabi Grand Prix,26.0,HAM,36.924
Abu Dhabi Grand Prix,26.0,HUL,40.469
Abu Dhabi Grand Prix,26.0,STR,35.627
Abu Dhabi Grand Prix,26.0,BOR,39.721
Abu Dhabi Grand Prix,26.0,BEA,44.751
Abu Dhabi Grand Prix,26.0,SAI,48.248
Abu Dhabi Grand Prix,26.0,TSU,30.078
Abu Dhabi Grand Prix,26.0,ANT,38.443
Abu Dhabi Grand Prix,26.0,ALB,43.537
Abu Dhabi Grand Prix,26.0,HAD,46.198
Abu Dhabi Grand Prix,26.0,LAW,64.349
Abu Dhabi Grand Prix,26.0,GAS,51.572
Abu Dhabi Grand Prix,26.0,COL,55.356
Abu Dhabi Grand Prix,27.0,VER,16.103
Abu Dhabi Grand Prix,27.0,PIA,0.0
Abu Dhabi Grand Prix,27.0,NOR,20.887
Abu Dhabi Grand Prix,27.0,LEC,22.838
Abu Dhabi Grand Prix,27.0,RUS,31.831
Abu Dhabi Grand Prix,27.0,ALO,39.479
Abu Dhabi Grand Prix,27.0,OCO,42.091
Abu Dhabi Grand Prix,27.0,HAM,37.769
Abu Dhabi Grand Prix,27.0,HUL,41.523
Abu Dhabi Grand Prix,27.0,STR,36.315
Abu Dhabi Grand Prix,27.0,BOR,40.901
Abu Dhabi Grand Prix,27.0,BEA,44.921
Abu Dhabi Grand Prix,27.0,SAI,48.774
Abu Dhabi Grand Prix,27.0,TSU,30.919
Abu Dhabi Grand Prix,27.0,ANT,40.416
Abu Dhabi Grand Prix,27.0,ALB,44.351
Abu Dhabi Grand Prix,27.0,HAD,46.899
Abu Dhabi Grand Prix,27.0,LAW,64.551
Abu Dhabi Grand Prix,27.0,GAS,52.245
Abu Dhabi Grand Prix,27.0,COL,55.6
Abu Dhabi Grand Prix,28.0,VER,15.47
Abu Dhabi Grand Prix,28.0,PIA,0.0
Abu Dhabi Grand Prix,28.0,NOR,20.085
Abu Dhabi Grand Prix,28.0,LEC,21.983
Abu Dhabi Grand Prix,28.0,RUS,32.577
Abu Dhabi Grand Prix,28.0,ALO,41.008
Abu Dhabi Grand Prix,28.0,OCO,43.555
Abu Dhabi Grand Prix,28.0,HAM,38.683
Abu Dhabi Grand Prix,28.0,HUL,43.094
Abu Dhabi Grand Prix,28.0,STR,37.171
Abu Dhabi Grand Prix,28.0,BOR,42.592
Abu Dhabi Grand Prix,28.0,BEA,45.408
Abu Dhabi Grand Prix,28.0,SAI,49.658
Abu Dhabi Grand Prix,28.0,TSU,31.864
Abu Dhabi Grand Prix,28.0,ANT,42.096
Abu Dhabi Grand Prix,28.0,ALB,46.361
Abu Dhabi Grand Prix,28.0,HAD,47.774
Abu Dhabi Grand Prix,28.0,LAW,65.101
Abu Dhabi Grand Prix,28.0,GAS,53.212
Abu Dhabi Grand Prix,28.0,COL,56.435
Abu Dhabi Grand Prix,29.0,VER,14.546
Abu Dhabi Grand Prix,29.0,PIA,0.0
Abu Dhabi Grand Prix,29.0,NOR,19.29
Abu Dhabi Grand Prix,29.0,LEC,21.447
Abu Dhabi Grand Prix,29.0,RUS,32.468
Abu Dhabi Grand Prix,29.0,ALO,42.478
Abu Dhabi Grand Prix,29.0,OCO,45.398
Abu Dhabi Grand Prix,29.0,HAM,39.541
Abu Dhabi Grand Prix,29.0,HUL,44.74
Abu Dhabi Grand Prix,29.0,STR,38.17
Abu Dhabi Grand Prix,29.0,BOR,43.977
Abu Dhabi Grand Prix,29.0,BEA,46.476
Abu Dhabi Grand Prix,29.0,SAI,50.677
Abu Dhabi Grand Prix,29.0,TSU,33.771
Abu Dhabi Grand Prix,29.0,ANT,43.503
Abu Dhabi Grand Prix,29.0,ALB,47.856
Abu Dhabi Grand Prix,29.0,HAD,49.203
Abu Dhabi Grand Prix,29.0,LAW,65.839
Abu Dhabi Grand Prix,29.0,GAS,54.265
Abu Dhabi Grand Prix,29.0,COL,57.423
Abu Dhabi Grand Prix,30.0,VER,13.475999999999999
Abu Dhabi Grand Prix,30.0,PIA,0.0
Abu Dhabi Grand Prix,30.0,NOR,18.237
Abu Dhabi Grand Prix,30.0,LEC,20.799
Abu Dhabi Grand Prix,30.0,RUS,32.359
Abu Dhabi Grand Prix,30.0,ALO,43.769
Abu Dhabi Grand Prix,30.0,OCO,46.56
Abu Dhabi Grand Prix,30.0,HAM,40.302
Abu Dhabi Grand Prix,30.0,HUL,46.14
Abu Dhabi Grand Prix,30.0,STR,39.226
Abu Dhabi Grand Prix,30.0,BOR,44.691
Abu Dhabi Grand Prix,30.0,BEA,47.12
Abu Dhabi Grand Prix,30.0,SAI,51.63
Abu Dhabi Grand Prix,30.0,TSU,35.424
Abu Dhabi Grand Prix,30.0,ANT,45.572
Abu Dhabi Grand Prix,30.0,ALB,48.952
Abu Dhabi Grand Prix,30.0,HAD,50.316
Abu Dhabi Grand Prix,30.0,LAW,66.32
Abu Dhabi Grand Prix,30.0,GAS,55.101
Abu Dhabi Grand Prix,30.0,COL,57.978
Abu Dhabi Grand Prix,31.0,VER,12.337
Abu Dhabi Grand Prix,31.0,PIA,0.0
Abu Dhabi Grand Prix,31.0,NOR,17.407
Abu Dhabi Grand Prix,31.0,LEC,20.364
Abu Dhabi Grand Prix,31.0,RUS,32.52
Abu Dhabi Grand Prix,31.0,ALO,44.494
Abu Dhabi Grand Prix,31.0,OCO,48.176
Abu Dhabi Grand Prix,31.0,HAM,42.716
Abu Dhabi Grand Prix,31.0,HUL,48.881
Abu Dhabi Grand Prix,31.0,STR,40.201
Abu Dhabi Grand Prix,31.0,BOR,45.689
Abu Dhabi Grand Prix,31.0,BEA,49.329
Abu Dhabi Grand Prix,31.0,SAI,52.571
Abu Dhabi Grand Prix,31.0,TSU,36.498
Abu Dhabi Grand Prix,31.0,ANT,47.606
Abu Dhabi Grand Prix,31.0,ALB,50.508
Abu Dhabi Grand Prix,31.0,HAD,51.758
Abu Dhabi Grand Prix,31.0,LAW,66.753
Abu Dhabi Grand Prix,31.0,GAS,56.255
Abu Dhabi Grand Prix,31.0,COL,58.844
Abu Dhabi Grand Prix,32.0,VER,11.137
Abu Dhabi Grand Prix,32.0,PIA,0.0
Abu Dhabi Grand Prix,32.0,NOR,16.78
Abu Dhabi Grand Prix,32.0,LEC,20.217
Abu Dhabi Grand Prix,32.0,RUS,32.685
Abu Dhabi Grand Prix,32.0,ALO,45.541
Abu Dhabi Grand Prix,32.0,OCO,48.31
Abu Dhabi Grand Prix,32.0,HAM,62.429
Abu Dhabi Grand Prix,32.0,HUL,50.032
Abu Dhabi Grand Prix,32.0,STR,41.439
Abu Dhabi Grand Prix,32.0,BOR,46.517
Abu Dhabi Grand Prix,32.0,BEA,50.542
Abu Dhabi Grand Prix,32.0,SAI,53.294
Abu Dhabi Grand Prix,32.0,TSU,39.278
Abu Dhabi Grand Prix,32.0,ANT,51.42
Abu Dhabi Grand Prix,32.0,ALB,51.992
Abu Dhabi Grand Prix,32.0,HAD,54.171
Abu Dhabi Grand Prix,32.0,LAW,66.91
Abu Dhabi Grand Prix,32.0,GAS,57.272
Abu Dhabi Grand Prix,32.0,COL,59.684
Abu Dhabi Grand Prix,33.0,VER,10.044
Abu Dhabi Grand Prix,33.0,PIA,0.0
Abu Dhabi Grand Prix,33.0,NOR,15.859
Abu Dhabi Grand Prix,33.0,LEC,19.879
Abu Dhabi Grand Prix,33.0,RUS,33.381
Abu Dhabi Grand Prix,33.0,ALO,46.521
Abu Dhabi Grand Prix,33.0,OCO,49.126
Abu Dhabi Grand Prix,33.0,HAM,62.478
Abu Dhabi Grand Prix,33.0,HUL,51.937
Abu Dhabi Grand Prix,33.0,STR,42.409
Abu Dhabi Grand Prix,33.0,BOR,47.469
Abu Dhabi Grand Prix,33.0,BEA,50.97
Abu Dhabi Grand Prix,33.0,SAI,54.257
Abu Dhabi Grand Prix,33.0,TSU,65.325
Abu Dhabi Grand Prix,33.0,ANT,73.142
Abu Dhabi Grand Prix,33.0,ALB,54.606
Abu Dhabi Grand Prix,33.0,HAD,55.731
Abu Dhabi Grand Prix,33.0,LAW,67.352
Abu Dhabi Grand Prix,33.0,GAS,58.609
Abu Dhabi Grand Prix,33.0,COL,60.735
Abu Dhabi Grand Prix,34.0,VER,8.655
Abu Dhabi Grand Prix,34.0,PIA,0.0
Abu Dhabi Grand Prix,34.0,NOR,14.654
Abu Dhabi Grand Prix,34.0,LEC,19.146
Abu Dhabi Grand Prix,34.0,RUS,33.553
Abu Dhabi Grand Prix,34.0,ALO,46.959
Abu Dhabi Grand Prix,34.0,OCO,49.161
Abu Dhabi Grand Prix,34.0,HAM,61.959
Abu Dhabi Grand Prix,34.0,HUL,52.687
Abu Dhabi Grand Prix,34.0,STR,42.922
Abu Dhabi Grand Prix,34.0,BOR,48.018
Abu Dhabi Grand Prix,34.0,BEA,51.148
Abu Dhabi Grand Prix,34.0,SAI,54.6
Abu Dhabi Grand Prix,34.0,TSU,64.584
Abu Dhabi Grand Prix,34.0,ANT,71.858
Abu Dhabi Grand Prix,34.0,ALB,74.17
Abu Dhabi Grand Prix,34.0,HAD,56.903
Abu Dhabi Grand Prix,34.0,LAW,67.538
Abu Dhabi Grand Prix,34.0,GAS,59.433
Abu Dhabi Grand Prix,34.0,COL,61.492
Abu Dhabi Grand Prix,35.0,VER,7.459
Abu Dhabi Grand Prix,35.0,PIA,0.0
Abu Dhabi Grand Prix,35.0,NOR,13.448
Abu Dhabi Grand Prix,35.0,LEC,18.422
Abu Dhabi Grand Prix,35.0,RUS,33.781
Abu Dhabi Grand Prix,35.0,ALO,47.546
Abu Dhabi Grand Prix,35.0,OCO,49.46
Abu Dhabi Grand Prix,35.0,HAM,61.296
Abu Dhabi Grand Prix,35.0,HUL,53.121
Abu Dhabi Grand Prix,35.0,STR,43.749
Abu Dhabi Grand Prix,35.0,BOR,48.549
Abu Dhabi Grand Prix,35.0,BEA,51.294
Abu Dhabi Grand Prix,35.0,SAI,54.999
Abu Dhabi Grand Prix,35.0,TSU,64.362
Abu Dhabi Grand Prix,35.0,ANT,71.0
Abu Dhabi Grand Prix,35.0,ALB,73.581
Abu Dhabi Grand Prix,35.0,HAD,57.923
Abu Dhabi Grand Prix,35.0,LAW,67.621
Abu Dhabi Grand Prix,35.0,GAS,60.371
Abu Dhabi Grand Prix,35.0,COL,62.945
Abu Dhabi Grand Prix,36.0,VER,6.26
Abu Dhabi Grand Prix,36.0,PIA,0.0
Abu Dhabi Grand Prix,36.0,NOR,12.28
Abu Dhabi Grand Prix,36.0,LEC,17.716
Abu Dhabi Grand Prix,36.0,RUS,34.149
Abu Dhabi Grand Prix,36.0,ALO,48.356
Abu Dhabi Grand Prix,36.0,OCO,49.983
Abu Dhabi Grand Prix,36.0,HAM,60.381
Abu Dhabi Grand Prix,36.0,HUL,53.495
Abu Dhabi Grand Prix,36.0,STR,44.743
Abu Dhabi Grand Prix,36.0,BOR,49.275
Abu Dhabi Grand Prix,36.0,BEA,51.74
Abu Dhabi Grand Prix,36.0,SAI,55.4
Abu Dhabi Grand Prix,36.0,TSU,64.781
Abu Dhabi Grand Prix,36.0,ANT,70.176
Abu Dhabi Grand Prix,36.0,ALB,73.011
Abu Dhabi Grand Prix,36.0,HAD,58.537
Abu Dhabi Grand Prix,36.0,LAW,67.965
Abu Dhabi Grand Prix,36.0,GAS,61.954
Abu Dhabi Grand Prix,36.0,COL,64.169
Abu Dhabi Grand Prix,37.0,VER,4.879
Abu Dhabi Grand Prix,37.0,PIA,0.0
Abu Dhabi Grand Prix,37.0,NOR,10.968
Abu Dhabi Grand Prix,37.0,LEC,16.94
Abu Dhabi Grand Prix,37.0,RUS,34.371
Abu Dhabi Grand Prix,37.0,ALO,49.53
Abu Dhabi Grand Prix,37.0,OCO,51.107
Abu Dhabi Grand Prix,37.0,HAM,59.804
Abu Dhabi Grand Prix,37.0,HUL,53.792
Abu Dhabi Grand Prix,37.0,STR,45.457
Abu Dhabi Grand Prix,37.0,BOR,50.516
Abu Dhabi Grand Prix,37.0,BEA,52.05
Abu Dhabi Grand Prix,37.0,SAI,55.486
Abu Dhabi Grand Prix,37.0,TSU,64.82
Abu Dhabi Grand Prix,37.0,ANT,69.727
Abu Dhabi Grand Prix,37.0,ALB,72.296
Abu Dhabi Grand Prix,37.0,HAD,58.859
Abu Dhabi Grand Prix,37.0,LAW,68.455
Abu Dhabi Grand Prix,37.0,GAS,62.736
Abu Dhabi Grand Prix,37.0,COL,65.905
Abu Dhabi Grand Prix,38.0,VER,3.524
Abu Dhabi Grand Prix,38.0,PIA,0.0
Abu Dhabi Grand Prix,38.0,NOR,9.86
Abu Dhabi Grand Prix,38.0,LEC,15.986
Abu Dhabi Grand Prix,38.0,RUS,34.329
Abu Dhabi Grand Prix,38.0,ALO,50.936
Abu Dhabi Grand Prix,38.0,OCO,51.731
Abu Dhabi Grand Prix,38.0,HAM,58.839
Abu Dhabi Grand Prix,38.0,HUL,54.379
Abu Dhabi Grand Prix,38.0,STR,46.336
Abu Dhabi Grand Prix,38.0,BOR,52.415
Abu Dhabi Grand Prix,38.0,BEA,52.916
Abu Dhabi Grand Prix,38.0,SAI,55.981
Abu Dhabi Grand Prix,38.0,TSU,64.879
Abu Dhabi Grand Prix,38.0,ANT,69.58
Abu Dhabi Grand Prix,38.0,ALB,71.759
Abu Dhabi Grand Prix,38.0,HAD,60.315
Abu Dhabi Grand Prix,38.0,LAW,68.845
Abu Dhabi Grand Prix,38.0,GAS,63.823
Abu Dhabi Grand Prix,38.0,COL,67.539
Abu Dhabi Grand Prix,39.0,VER,1.889
Abu Dhabi Grand Prix,39.0,PIA,0.0
Abu Dhabi Grand Prix,39.0,NOR,8.668
Abu Dhabi Grand Prix,39.0,LEC,16.965
Abu Dhabi Grand Prix,39.0,RUS,34.226
Abu Dhabi Grand Prix,39.0,ALO,51.777
Abu Dhabi Grand Prix,39.0,OCO,52.588
Abu Dhabi Grand Prix,39.0,HAM,58.107
Abu Dhabi Grand Prix,39.0,HUL,54.941
Abu Dhabi Grand Prix,39.0,STR,47.294
Abu Dhabi Grand Prix,39.0,BOR,53.27
Abu Dhabi Grand Prix,39.0,BEA,53.698
Abu Dhabi Grand Prix,39.0,SAI,56.659
Abu Dhabi Grand Prix,39.0,TSU,64.305
Abu Dhabi Grand Prix,39.0,ANT,69.667
Abu Dhabi Grand Prix,39.0,ALB,71.369
Abu Dhabi Grand Prix,39.0,HAD,61.121
Abu Dhabi Grand Prix,39.0,LAW,68.471
Abu Dhabi Grand Prix,39.0,GAS,65.52
Abu Dhabi Grand Prix,39.0,COL,70.875
Abu Dhabi Grand Prix,40.0,VER,0.643
Abu Dhabi Grand Prix,40.0,PIA,0.0
Abu Dhabi Grand Prix,40.0,NOR,9.349
Abu Dhabi Grand Prix,40.0,LEC,35.754
Abu Dhabi Grand Prix,40.0,RUS,34.116
Abu Dhabi Grand Prix,40.0,ALO,52.373
Abu Dhabi Grand Prix,40.0,OCO,53.309
Abu Dhabi Grand Prix,40.0,HAM,57.767
Abu Dhabi Grand Prix,40.0,HUL,55.513
Abu Dhabi Grand Prix,40.0,STR,48.184
Abu Dhabi Grand Prix,40.0,BOR,53.903
Abu Dhabi Grand Prix,40.0,BEA,54.366
Abu Dhabi Grand Prix,40.0,SAI,57.247
Abu Dhabi Grand Prix,40.0,TSU,63.744
Abu Dhabi Grand Prix,40.0,ANT,69.54
Abu Dhabi Grand Prix,40.0,ALB,71.703
Abu Dhabi Grand Prix,40.0,HAD,61.612
Abu Dhabi Grand Prix,40.0,LAW,68.897
Abu Dhabi Grand Prix,40.0,GAS,68.039
Abu Dhabi Grand Prix,40.0,COL,74.521
Abu Dhabi Grand Prix,41.0,VER,0.0
Abu Dhabi Grand Prix,41.0,PIA,4.107
Abu Dhabi Grand Prix,41.0,NOR,28.999
Abu Dhabi Grand Prix,41.0,LEC,35.263
Abu Dhabi Grand Prix,41.0,RUS,34.8
Abu Dhabi Grand Prix,41.0,ALO,53.284
Abu Dhabi Grand Prix,41.0,OCO,54.128
Abu Dhabi Grand Prix,41.0,HAM,57.844
Abu Dhabi Grand Prix,41.0,HUL,57.12
Abu Dhabi Grand Prix,41.0,STR,49.597
Abu Dhabi Grand Prix,41.0,BOR,56.338
Abu Dhabi Grand Prix,41.0,BEA,55.566
Abu Dhabi Grand Prix,41.0,SAI,59.133
Abu Dhabi Grand Prix,41.0,TSU,63.985
Abu Dhabi Grand Prix,41.0,ANT,69.054
Abu Dhabi Grand Prix,41.0,ALB,71.864
Abu Dhabi Grand Prix,41.0,HAD,62.377
Abu Dhabi Grand Prix,41.0,LAW,70.313
Abu Dhabi Grand Prix,41.0,GAS,89.769
Abu Dhabi Grand Prix,41.0,COL,96.146
Abu Dhabi Grand Prix,42.0,VER,0.0
Abu Dhabi Grand Prix,42.0,PIA,24.254
Abu Dhabi Grand Prix,42.0,NOR,28.97
Abu Dhabi Grand Prix,42.0,LEC,34.312
Abu Dhabi Grand Prix,42.0,RUS,36.561
Abu Dhabi Grand Prix,42.0,ALO,54.012
Abu Dhabi Grand Prix,42.0,OCO,55.152
Abu Dhabi Grand Prix,42.0,HAM,58.497
Abu Dhabi Grand Prix,42.0,HUL,61.059
Abu Dhabi Grand Prix,42.0,STR,53.7
Abu Dhabi Grand Prix,42.0,BOR,57.954
Abu Dhabi Grand Prix,42.0,BEA,56.686
Abu Dhabi Grand Prix,42.0,SAI,60.592
Abu Dhabi Grand Prix,42.0,TSU,64.781
Abu Dhabi Grand Prix,42.0,ANT,69.008
Abu Dhabi Grand Prix,42.0,ALB,72.489
Abu Dhabi Grand Prix,42.0,HAD,63.672
Abu Dhabi Grand Prix,42.0,LAW,71.702
Abu Dhabi Grand Prix,42.0,GAS,90.314
Abu Dhabi Grand Prix,42.0,COL,95.636
Abu Dhabi Grand Prix,43.0,VER,0.0
Abu Dhabi Grand Prix,43.0,PIA,23.688
Abu Dhabi Grand Prix,43.0,NOR,28.864
Abu Dhabi Grand Prix,43.0,LEC,33.296
Abu Dhabi Grand Prix,43.0,RUS,38.083
Abu Dhabi Grand Prix,43.0,ALO,55.715
Abu Dhabi Grand Prix,43.0,OCO,56.739
Abu Dhabi Grand Prix,43.0,HAM,59.026
Abu Dhabi Grand Prix,43.0,HUL,80.42
Abu Dhabi Grand Prix,43.0,STR,74.542
Abu Dhabi Grand Prix,43.0,BOR,60.318
Abu Dhabi Grand Prix,43.0,BEA,58.075
Abu Dhabi Grand Prix,43.0,SAI,62.142
Abu Dhabi Grand Prix,43.0,TSU,66.289
Abu Dhabi Grand Prix,43.0,ANT,69.471
Abu Dhabi Grand Prix,43.0,ALB,72.945
Abu Dhabi Grand Prix,43.0,HAD,65.362
Abu Dhabi Grand Prix,43.0,LAW,74.138
Abu Dhabi Grand Prix,43.0,GAS,90.43
Abu Dhabi Grand Prix,43.0,COL,95.776
Abu Dhabi Grand Prix,44.0,VER,0.0
Abu Dhabi Grand Prix,44.0,PIA,22.56
Abu Dhabi Grand Prix,44.0,NOR,27.805
Abu Dhabi Grand Prix,44.0,LEC,32.25
Abu Dhabi Grand Prix,44.0,RUS,39.008
Abu Dhabi Grand Prix,44.0,ALO,56.952
Abu Dhabi Grand Prix,44.0,OCO,58.09
Abu Dhabi Grand Prix,44.0,HAM,60.082
Abu Dhabi Grand Prix,44.0,HUL,79.699
Abu Dhabi Grand Prix,44.0,STR,74.567
Abu Dhabi Grand Prix,44.0,BOR,62.079
Abu Dhabi Grand Prix,44.0,BEA,59.489
Abu Dhabi Grand Prix,44.0,SAI,63.68
Abu Dhabi Grand Prix,44.0,TSU,66.953
Abu Dhabi Grand Prix,44.0,ANT,70.081
Abu Dhabi Grand Prix,44.0,ALB,73.559
Abu Dhabi Grand Prix,44.0,HAD,67.916
Abu Dhabi Grand Prix,44.0,LAW,76.368
Abu Dhabi Grand Prix,44.0,GAS,90.703
Abu Dhabi Grand Prix,44.0,COL,96.332
Abu Dhabi Grand Prix,45.0,VER,0.0
Abu Dhabi Grand Prix,45.0,PIA,22.2
Abu Dhabi Grand Prix,45.0,NOR,27.006
Abu Dhabi Grand Prix,45.0,LEC,31.223
Abu Dhabi Grand Prix,45.0,RUS,40.388
Abu Dhabi Grand Prix,45.0,ALO,58.555
Abu Dhabi Grand Prix,45.0,OCO,59.498
Abu Dhabi Grand Prix,45.0,HAM,61.088
Abu Dhabi Grand Prix,45.0,HUL,79.521
Abu Dhabi Grand Prix,45.0,STR,74.928
Abu Dhabi Grand Prix,45.0,BOR,63.69
Abu Dhabi Grand Prix,45.0,BEA,61.933
Abu Dhabi Grand Prix,45.0,SAI,65.264
Abu Dhabi Grand Prix,45.0,TSU,68.093
Abu Dhabi Grand Prix,45.0,ANT,71.33
Abu Dhabi Grand Prix,45.0,ALB,74.174
Abu Dhabi Grand Prix,45.0,HAD,69.997
Abu Dhabi Grand Prix,45.0,LAW,78.378
Abu Dhabi Grand Prix,45.0,GAS,90.998
Abu Dhabi Grand Prix,45.0,COL,97.044
Abu Dhabi Grand Prix,46.0,VER,0.0
Abu Dhabi Grand Prix,46.0,PIA,21.204
Abu Dhabi Grand Prix,46.0,NOR,26.119
Abu Dhabi Grand Prix,46.0,LEC,30.118
Abu Dhabi Grand Prix,46.0,RUS,41.371
Abu Dhabi Grand Prix,46.0,ALO,59.829
Abu Dhabi Grand Prix,46.0,OCO,60.727
Abu Dhabi Grand Prix,46.0,HAM,62.367
Abu Dhabi Grand Prix,46.0,HUL,78.61
Abu Dhabi Grand Prix,46.0,STR,75.255
Abu Dhabi Grand Prix,46.0,BOR,65.115
Abu Dhabi Grand Prix,46.0,BEA,63.441
Abu Dhabi Grand Prix,46.0,SAI,66.545
Abu Dhabi Grand Prix,46.0,TSU,68.975
Abu Dhabi Grand Prix,46.0,ANT,72.252
Abu Dhabi Grand Prix,46.0,ALB,74.73
Abu Dhabi Grand Prix,46.0,HAD,71.451
Abu Dhabi Grand Prix,46.0,LAW,80.404
Abu Dhabi Grand Prix,46.0,GAS,90.804
Abu Dhabi Grand Prix,46.0,COL,97.39
Abu Dhabi Grand Prix,47.0,VER,0.0
Abu Dhabi Grand Prix,47.0,PIA,20.327
Abu Dhabi Grand Prix,47.0,NOR,25.115
Abu Dhabi Grand Prix,47.0,LEC,29.221
Abu Dhabi Grand Prix,47.0,RUS,42.562
Abu Dhabi Grand Prix,47.0,ALO,61.078
Abu Dhabi Grand Prix,47.0,OCO,62.014
Abu Dhabi Grand Prix,47.0,HAM,63.493
Abu Dhabi Grand Prix,47.0,HUL,78.28
Abu Dhabi Grand Prix,47.0,STR,75.127
Abu Dhabi Grand Prix,47.0,BOR,66.358
Abu Dhabi Grand Prix,47.0,BEA,64.551
Abu Dhabi Grand Prix,47.0,SAI,68.047
Abu Dhabi Grand Prix,47.0,TSU,69.807
Abu Dhabi Grand Prix,47.0,ANT,72.485
Abu Dhabi Grand Prix,47.0,ALB,76.422
Abu Dhabi Grand Prix,47.0,HAD,73.471
Abu Dhabi Grand Prix,47.0,LAW,81.523
Abu Dhabi Grand Prix,47.0,GAS,91.076
Abu Dhabi Grand Prix,47.0,COL,97.622
Abu Dhabi Grand Prix,48.0,VER,0.0
Abu Dhabi Grand Prix,48.0,PIA,19.531
Abu Dhabi Grand Prix,48.0,NOR,24.115
Abu Dhabi Grand Prix,48.0,LEC,28.248
Abu Dhabi Grand Prix,48.0,RUS,43.666
Abu Dhabi Grand Prix,48.0,ALO,62.706
Abu Dhabi Grand Prix,48.0,OCO,63.857
Abu Dhabi Grand Prix,48.0,HAM,64.654
Abu Dhabi Grand Prix,48.0,HUL,78.293
Abu Dhabi Grand Prix,48.0,STR,75.736
Abu Dhabi Grand Prix,48.0,BOR,67.911
Abu Dhabi Grand Prix,48.0,BEA,66.039
Abu Dhabi Grand Prix,48.0,SAI,69.501
Abu Dhabi Grand Prix,48.0,TSU,70.949
Abu Dhabi Grand Prix,48.0,ANT,73.557
Abu Dhabi Grand Prix,48.0,ALB,77.551
Abu Dhabi Grand Prix,48.0,HAD,75.223
Abu Dhabi Grand Prix,48.0,LAW,83.024
Abu Dhabi Grand Prix,48.0,GAS,91.306
Abu Dhabi Grand Prix,48.0,COL,97.826
Abu Dhabi Grand Prix,49.0,VER,0.0
Abu Dhabi Grand Prix,49.0,PIA,18.893
Abu Dhabi Grand Prix,49.0,NOR,23.272
Abu Dhabi Grand Prix,49.0,LEC,27.434
Abu Dhabi Grand Prix,49.0,RUS,44.689
Abu Dhabi Grand Prix,49.0,ALO,64.276
Abu Dhabi Grand Prix,49.0,OCO,65.441
Abu Dhabi Grand Prix,49.0,HAM,66.09
Abu Dhabi Grand Prix,49.0,HUL,79.564
Abu Dhabi Grand Prix,49.0,STR,75.935
Abu Dhabi Grand Prix,49.0,BOR,69.62
Abu Dhabi Grand Prix,49.0,BEA,67.53
Abu Dhabi Grand Prix,49.0,SAI,70.919
Abu Dhabi Grand Prix,49.0,TSU,72.349
Abu Dhabi Grand Prix,49.0,ANT,74.669
Abu Dhabi Grand Prix,49.0,ALB,79.091
Abu Dhabi Grand Prix,49.0,HAD,77.532
Abu Dhabi Grand Prix,49.0,LAW,84.283
Abu Dhabi Grand Prix,49.0,GAS,91.956
Abu Dhabi Grand Prix,49.0,COL,98.459
Abu Dhabi Grand Prix,50.0,VER,0.0
Abu Dhabi Grand Prix,50.0,PIA,17.946
Abu Dhabi Grand Prix,50.0,NOR,22.254
Abu Dhabi Grand Prix,50.0,LEC,26.661
Abu Dhabi Grand Prix,50.0,RUS,45.791
Abu Dhabi Grand Prix,50.0,ALO,65.296
Abu Dhabi Grand Prix,50.0,OCO,66.39
Abu Dhabi Grand Prix,50.0,HAM,67.082
Abu Dhabi Grand Prix,50.0,HUL,79.555
Abu Dhabi Grand Prix,50.0,STR,76.014
Abu Dhabi Grand Prix,50.0,BOR,70.779
Abu Dhabi Grand Prix,50.0,BEA,68.52
Abu Dhabi Grand Prix,50.0,SAI,72.095
Abu Dhabi Grand Prix,50.0,TSU,73.641
Abu Dhabi Grand Prix,50.0,ANT,75.548
Abu Dhabi Grand Prix,50.0,ALB,80.631
Abu Dhabi Grand Prix,50.0,HAD,79.068
Abu Dhabi Grand Prix,50.0,LAW,85.287
Abu Dhabi Grand Prix,50.0,GAS,91.962
Abu Dhabi Grand Prix,50.0,COL,98.967
Abu Dhabi Grand Prix,51.0,VER,0.0
Abu Dhabi Grand Prix,51.0,PIA,17.275
Abu Dhabi Grand Prix,51.0,NOR,21.548000000000002
Abu Dhabi Grand Prix,51.0,LEC,26.054
Abu Dhabi Grand Prix,51.0,RUS,46.597
Abu Dhabi Grand Prix,51.0,ALO,65.827
Abu Dhabi Grand Prix,51.0,OCO,67.402
Abu Dhabi Grand Prix,51.0,HAM,68.036
Abu Dhabi Grand Prix,51.0,HUL,79.816
Abu Dhabi Grand Prix,51.0,STR,75.87
Abu Dhabi Grand Prix,51.0,BOR,72.049
Abu Dhabi Grand Prix,51.0,BEA,69.783
Abu Dhabi Grand Prix,51.0,SAI,73.164
Abu Dhabi Grand Prix,51.0,TSU,74.944
Abu Dhabi Grand Prix,51.0,ANT,77.263
Abu Dhabi Grand Prix,51.0,ALB,82.068
Abu Dhabi Grand Prix,51.0,HAD,81.167
Abu Dhabi Grand Prix,51.0,LAW,86.312
Abu Dhabi Grand Prix,51.0,GAS,92.343
Abu Dhabi Grand Prix,51.0,COL,99.515
Abu Dhabi Grand Prix,52.0,VER,0.0
Abu Dhabi Grand Prix,52.0,PIA,16.318
Abu Dhabi Grand Prix,52.0,NOR,19.988
Abu Dhabi Grand Prix,52.0,LEC,25.149
Abu Dhabi Grand Prix,52.0,RUS,47.183
Abu Dhabi Grand Prix,52.0,ALO,66.457
Abu Dhabi Grand Prix,52.0,OCO,68.352
Abu Dhabi Grand Prix,52.0,HAM,69.206
Abu Dhabi Grand Prix,52.0,HUL,79.103
Abu Dhabi Grand Prix,52.0,STR,75.041
Abu Dhabi Grand Prix,52.0,BOR,72.823
Abu Dhabi Grand Prix,52.0,BEA,70.398
Abu Dhabi Grand Prix,52.0,SAI,73.799
Abu Dhabi Grand Prix,52.0,TSU,76.467
Abu Dhabi Grand Prix,52.0,ANT,77.674
Abu Dhabi Grand Prix,52.0,ALB,83.006
Abu Dhabi Grand Prix,52.0,HAD,82.087
Abu Dhabi Grand Prix,52.0,LAW,86.978
Abu Dhabi Grand Prix,52.0,GAS,92.316
Abu Dhabi Grand Prix,52.0,COL,99.639
Abu Dhabi Grand Prix,53.0,VER,0.0
Abu Dhabi Grand Prix,53.0,PIA,15.45
Abu Dhabi Grand Prix,53.0,NOR,18.673000000000002
Abu Dhabi Grand Prix,53.0,LEC,25.759
Abu Dhabi Grand Prix,53.0,RUS,47.619
Abu Dhabi Grand Prix,53.0,ALO,66.619
Abu Dhabi Grand Prix,53.0,OCO,69.189
Abu Dhabi Grand Prix,53.0,HAM,69.855
Abu Dhabi Grand Prix,53.0,HUL,79.118
Abu Dhabi Grand Prix,53.0,STR,75.304
Abu Dhabi Grand Prix,53.0,BOR,74.037
Abu Dhabi Grand Prix,53.0,BEA,71.2
Abu Dhabi Grand Prix,53.0,SAI,74.9
Abu Dhabi Grand Prix,53.0,TSU,77.684
Abu Dhabi Grand Prix,53.0,ANT,78.674
Abu Dhabi Grand Prix,53.0,ALB,83.238
Abu Dhabi Grand Prix,53.0,HAD,84.167
Abu Dhabi Grand Prix,53.0,LAW,90.735
Abu Dhabi Grand Prix,53.0,GAS,92.641
Abu Dhabi Grand Prix,53.0,COL,99.967
Abu Dhabi Grand Prix,54.0,VER,0.0
Abu Dhabi Grand Prix,54.0,PIA,15.019
Abu Dhabi Grand Prix,54.0,NOR,17.642
Abu Dhabi Grand Prix,54.0,LEC,25.875
Abu Dhabi Grand Prix,54.0,RUS,48.145
Abu Dhabi Grand Prix,54.0,ALO,66.723
Abu Dhabi Grand Prix,54.0,OCO,69.676
Abu Dhabi Grand Prix,54.0,HAM,70.411
Abu Dhabi Grand Prix,54.0,HUL,79.322
Abu Dhabi Grand Prix,54.0,STR,76.08
Abu Dhabi Grand Prix,54.0,BOR,75.585
Abu Dhabi Grand Prix,54.0,BEA,72.301
Abu Dhabi Grand Prix,54.0,SAI,77.08
Abu Dhabi Grand Prix,54.0,TSU,78.983
Abu Dhabi Grand Prix,54.0,ANT,80.504
Abu Dhabi Grand Prix,54.0,ALB,83.815
Abu Dhabi Grand Prix,54.0,HAD,85.991
Abu Dhabi Grand Prix,54.0,LAW,91.935
Abu Dhabi Grand Prix,54.0,GAS,93.977
Abu Dhabi Grand Prix,54.0,COL,100.472
Abu Dhabi Grand Prix,55.0,VER,0.0
Abu Dhabi Grand Prix,55.0,PIA,13.992
Abu Dhabi Grand Prix,55.0,NOR,16.8
Abu Dhabi Grand Prix,55.0,LEC,25.253
Abu Dhabi Grand Prix,55.0,RUS,48.152
Abu Dhabi Grand Prix,55.0,ALO,66.299
Abu Dhabi Grand Prix,55.0,OCO,69.578
Abu Dhabi Grand Prix,55.0,HAM,70.39
Abu Dhabi Grand Prix,55.0,HUL,78.558
Abu Dhabi Grand Prix,55.0,STR,75.309
Abu Dhabi Grand Prix,55.0,BOR,76.806
Abu Dhabi Grand Prix,55.0,BEA,72.596
Abu Dhabi Grand Prix,55.0,SAI,77.819
Abu Dhabi Grand Prix,55.0,TSU,80.406
Abu Dhabi Grand Prix,55.0,ANT,81.199
Abu Dhabi Grand Prix,55.0,ALB,83.783
Abu Dhabi Grand Prix,55.0,HAD,86.773
Abu Dhabi Grand Prix,55.0,LAW,92.324
Abu Dhabi Grand Prix,55.0,GAS,94.393
Abu Dhabi Grand Prix,55.0,COL,100.225
Abu Dhabi Grand Prix,56.0,VER,0.0
Abu Dhabi Grand Prix,56.0,PIA,13.369
Abu Dhabi Grand Prix,56.0,NOR,16.405
Abu Dhabi Grand Prix,56.0,LEC,24.096
Abu Dhabi Grand Prix,56.0,RUS,48.366
Abu Dhabi Grand Prix,56.0,ALO,66.455
Abu Dhabi Grand Prix,56.0,OCO,69.612
Abu Dhabi Grand Prix,56.0,HAM,71.392
Abu Dhabi Grand Prix,56.0,HUL,78.991
Abu Dhabi Grand Prix,56.0,STR,74.64
Abu Dhabi Grand Prix,56.0,BOR,77.795
Abu Dhabi Grand Prix,56.0,BEA,73.15
Abu Dhabi Grand Prix,56.0,SAI,78.64
Abu Dhabi Grand Prix,56.0,TSU,81.788
Abu Dhabi Grand Prix,56.0,ANT,82.312
Abu Dhabi Grand Prix,56.0,ALB,84.223
Abu Dhabi Grand Prix,56.0,HAD,87.603
Abu Dhabi Grand Prix,56.0,LAW,92.892
Abu Dhabi Grand Prix,56.0,GAS,95.255
Abu Dhabi Grand Prix,56.0,COL,100.544
Abu Dhabi Grand Prix,57.0,VER,0.0
Abu Dhabi Grand Prix,57.0,PIA,12.993
Abu Dhabi Grand Prix,57.0,NOR,16.058
Abu Dhabi Grand Prix,57.0,LEC,23.479
Abu Dhabi Grand Prix,57.0,RUS,48.183
Abu Dhabi Grand Prix,57.0,ALO,66.789
Abu Dhabi Grand Prix,57.0,OCO,69.58
Abu Dhabi Grand Prix,57.0,HAM,71.632
Abu Dhabi Grand Prix,57.0,HUL,79.38
Abu Dhabi Grand Prix,57.0,STR,73.967
Abu Dhabi Grand Prix,57.0,BOR,78.849
Abu Dhabi Grand Prix,57.0,BEA,73.348
Abu Dhabi Grand Prix,57.0,SAI,80.585
Abu Dhabi Grand Prix,57.0,TSU,82.701
Abu Dhabi Grand Prix,57.0,ANT,83.242
Abu Dhabi Grand Prix,57.0,ALB,84.544
Abu Dhabi Grand Prix,57.0,HAD,89.8
Abu Dhabi Grand Prix,57.0,LAW,93.132
Abu Dhabi Grand Prix,57.0,GAS,95.381
Abu Dhabi Grand Prix,57.0,COL,102.476
Abu Dhabi Grand Prix,58.0,VER,0.0
Abu Dhabi Grand Prix,58.0,PIA,12.594
Abu Dhabi Grand Prix,58.0,NOR,16.572
Abu Dhabi Grand Prix,58.0,LEC,23.279
Abu Dhabi Grand Prix,58.0,RUS,48.563
Abu Dhabi Grand Prix,58.0,ALO,67.562
Abu Dhabi Grand Prix,58.0,OCO,69.876
Abu Dhabi Grand Prix,58.0,HAM,72.67
Abu Dhabi Grand Prix,58.0,HUL,79.014
Abu Dhabi Grand Prix,58.0,STR,74.523
Abu Dhabi Grand Prix,58.0,BOR,81.043
Abu Dhabi Grand Prix,58.0,BEA,76.166
Abu Dhabi Grand Prix,58.0,SAI,82.158
Abu Dhabi Grand Prix,58.0,TSU,83.794
Abu Dhabi Grand Prix,58.0,ANT,84.399
Abu Dhabi Grand Prix,58.0,ALB,85.327
